Store Name,Date,Bill No.,Tab Type,Source,Customer Name,Customer Number,Super Category,Category,SAC/HSN No.,SKU Code / Item No,SKU / Item Name,Item Rate,Item Qty,Item Subtotal,Offer,Discount Amount,Complimentary Amount,Total Discount,Net Sale Value,Tax Amount,Gross Sale Value,Purchase Rate,Purchase Value,Net Margin%,Gross Margin%
ABNAH Cafe Connaught Place,2026-03-01,BILL-OUT001-260301-0001,Delivery/Takeaway,Corporate Order,,,Beverage,Coffee Classics,996331,MENU0003,Americano - Regular,185.0,1.0,185.0,Synthetic promotion,10.32,0,10.32,174.68,8.73,183.41,23.21,23.21,86.71,87.35
ABNAH Cafe Connaught Place,2026-03-01,BILL-OUT001-260301-0002,Dine In,Dine In,,,Beverage,Coffee Classics,996331,MENU0004,Americano - Medium,210.0,3.0,630.0,Synthetic promotion,0.3,0,0.3,629.7,31.48,661.18,26.05,78.15,87.59,88.18
ABNAH Cafe Connaught Place,2026-03-01,BILL-OUT001-260301-0003,Delivery/Takeaway,Corporate Order,Guest 1989,9000001989,Beverage,Coffee Classics,996331,MENU0006,Latte - Regular,225.0,1.0,225.0,Synthetic promotion,7.85,0,7.85,217.15,10.86,228.01,36.17,36.17,83.34,84.14
ABNAH Cafe Connaught Place,2026-03-01,BILL-OUT001-260301-0004,Delivery/Takeaway,Takeaway,,,Beverage,Coffee Classics,996331,MENU0007,Latte - Medium,250.0,1.0,250.0,Synthetic promotion,10.12,0,10.12,239.88,11.99,251.87,40.96,40.96,82.92,83.74
ABNAH Cafe Connaught Place,2026-03-01,BILL-OUT001-260301-0005,Delivery/Takeaway,Takeaway,,,Beverage,Coffee Classics,996331,MENU0008,Latte - Large,275.0,2.0,550.0,Synthetic promotion,1.06,0,1.06,548.94,27.45,576.39,45.76,91.52,83.33,84.12
ABNAH Cafe Connaught Place,2026-03-01,BILL-OUT001-260301-0006,Delivery/Takeaway,Corporate Order,,,Beverage,Coffee Classics,996331,MENU0009,Cappuccino - Regular,225.67,3.0,677.01,,0.0,0,0.0,677.01,33.85,710.86,36.17,108.51,83.97,84.74
ABNAH Cafe Connaught Place,2026-03-01,BILL-OUT001-260301-0007,Dine In,Dine In,Guest 3381,9000003381,Beverage,Coffee Classics,996331,MENU0011,Cappuccino - Large,277.06,1.0,277.06,,0.0,0,0.0,277.06,13.85,290.91,45.76,45.76,83.48,84.27
ABNAH Cafe Connaught Place,2026-03-01,BILL-OUT001-260301-0008,Delivery/Takeaway,Takeaway,,,Beverage,Coffee Classics,996331,MENU0013,Flat White - Medium,260.0,2.0,520.0,Synthetic promotion,2.42,0,2.42,517.58,25.88,543.46,40.96,81.92,84.17,84.93
ABNAH Cafe Connaught Place,2026-03-01,BILL-OUT001-260301-0009,Dine In,Dine In,,,Beverage,Coffee Classics,996331,MENU0014,Flat White - Large,286.42,1.0,286.42,,0.0,0,0.0,286.42,14.32,300.74,45.76,45.76,84.02,84.78
ABNAH Cafe Connaught Place,2026-03-01,BILL-OUT001-260301-0010,Delivery/Takeaway,Corporate Order,,,Beverage,Coffee Classics,996331,MENU0015,Mocha - Regular,245.0,1.0,245.0,Synthetic promotion,10.03,0,10.03,234.97,11.75,246.72,42.67,42.67,81.84,82.71
ABNAH Cafe Connaught Place,2026-03-01,BILL-OUT001-260301-0011,Delivery/Takeaway,Takeaway,,,Beverage,Coffee Classics,996331,MENU0016,Mocha - Medium,270.0,3.0,810.0,Synthetic promotion,28.73,0,28.73,781.27,39.06,820.33,48.42,145.26,81.41,82.29
ABNAH Cafe Connaught Place,2026-03-01,BILL-OUT001-260301-0012,Delivery/Takeaway,Corporate Order,,,Beverage,Coffee Classics,996331,MENU0017,Mocha - Large,295.0,1.0,295.0,Synthetic promotion,7.25,0,7.25,287.75,14.39,302.14,54.21,54.21,81.16,82.06
ABNAH Cafe Connaught Place,2026-03-01,BILL-OUT001-260301-0013,Delivery/Takeaway,Corporate Order,,,Beverage,Signature Coffee,996331,MENU0019,Sea Salt Mocha - Medium,306.79,1.0,306.79,,0.0,0,0.0,306.79,15.34,322.13,48.42,48.42,84.22,84.97
ABNAH Cafe Connaught Place,2026-03-01,BILL-OUT001-260301-0014,Dine In,Dine In,,,Beverage,Signature Coffee,996331,MENU0023,Orange Zest Mocha - Large,330.7,1.0,330.7,,0.0,0,0.0,330.7,16.54,347.24,54.21,54.21,83.61,84.39
ABNAH Cafe Connaught Place,2026-03-01,BILL-OUT001-260301-0015,Dine In,Dine In,Guest 3716,9000003716,Beverage,Signature Coffee,996331,MENU0024,Caramel Macchiato - Regular,265.0,1.0,265.0,Synthetic promotion,14.72,0,14.72,250.28,12.51,262.79,42.42,42.42,83.05,83.86
ABNAH Cafe Connaught Place,2026-03-01,BILL-OUT001-260301-0016,Delivery/Takeaway,Takeaway,,,Beverage,Signature Coffee,996331,MENU0025,Caramel Macchiato - Medium,295.0,2.0,590.0,Synthetic promotion,28.25,0,28.25,561.75,28.09,589.84,48.13,96.26,82.86,83.68
ABNAH Cafe Connaught Place,2026-03-01,BILL-OUT001-260301-0017,Delivery/Takeaway,Takeaway,,,Beverage,Signature Coffee,996331,MENU0028,French Vanilla Latte - Medium,300.33,1.0,300.33,,0.0,0,0.0,300.33,15.02,315.35,47.85,47.85,84.07,84.83
ABNAH Cafe Connaught Place,2026-03-01,BILL-OUT001-260301-0018,Delivery/Takeaway,Takeaway,,,Beverage,Signature Coffee,996331,MENU0029,French Vanilla Latte - Large,325.0,2.0,650.0,Synthetic promotion,35.17,0,35.17,614.83,30.74,645.57,53.56,107.12,82.58,83.41
ABNAH Cafe Connaught Place,2026-03-01,BILL-OUT001-260301-0019,Delivery/Takeaway,Takeaway,,,Beverage,Signature Coffee,996331,MENU0030,Vegan Iced Latte - Regular,285.86,1.0,285.86,,0.0,0,0.0,285.86,14.29,300.15,58.9,58.9,79.4,80.38
ABNAH Cafe Connaught Place,2026-03-01,BILL-OUT001-260301-0020,Delivery/Takeaway,Takeaway,Guest 0625,9000000625,Beverage,Signature Coffee,996331,MENU0031,Vegan Iced Latte - Medium,310.0,1.0,310.0,Synthetic promotion,0.38,0,0.38,309.62,15.48,325.1,66.95,66.95,78.38,79.41
ABNAH Cafe Connaught Place,2026-03-01,BILL-OUT001-260301-0021,Delivery/Takeaway,Corporate Order,,,Beverage,Cold Brew,996331,MENU0034,Classic Cold Brew - Medium,252.19,1.0,252.19,,0.0,0,0.0,252.19,12.61,264.8,28.66,28.66,88.64,89.18
ABNAH Cafe Connaught Place,2026-03-01,BILL-OUT001-260301-0022,Delivery/Takeaway,Corporate Order,,,Beverage,Cold Brew,996331,MENU0036,Coffee Lemonade - Regular,235.0,1.0,235.0,Synthetic promotion,11.5,0,11.5,223.5,11.18,234.68,29.45,29.45,86.82,87.45
ABNAH Cafe Connaught Place,2026-03-01,BILL-OUT001-260301-0023,Delivery/Takeaway,Corporate Order,,,Beverage,Cold Brew,996331,MENU0037,Coffee Lemonade - Medium,260.0,2.0,520.0,Synthetic promotion,2.23,0,2.23,517.77,25.89,543.66,33.09,66.18,87.22,87.83
ABNAH Cafe Connaught Place,2026-03-01,BILL-OUT001-260301-0024,Dine In,Dine In,,,Beverage,Cold Brew,996331,MENU0039,Vietnamese Shakerato - Regular,255.0,1.0,255.0,Synthetic promotion,5.73,0,5.73,249.27,12.46,261.73,25.6,25.6,89.73,90.22
ABNAH Cafe Connaught Place,2026-03-01,BILL-OUT001-260301-0025,Delivery/Takeaway,Corporate Order,Guest 8569,9000008569,Beverage,Cold Coffee,996331,MENU0042,Classic Cold Coffee - Regular,255.0,1.0,255.0,Synthetic promotion,3.9,0,3.9,251.1,12.55,263.65,38.56,38.56,84.64,85.37
ABNAH Cafe Connaught Place,2026-03-01,BILL-OUT001-260301-0026,Delivery/Takeaway,Takeaway,,,Beverage,Cold Coffee,996331,MENU0043,Classic Cold Coffee - Medium,290.0,1.0,290.0,Synthetic promotion,9.92,0,9.92,280.08,14.0,294.08,43.56,43.56,84.45,85.19
ABNAH Cafe Connaught Place,2026-03-01,BILL-OUT001-260301-0027,Delivery/Takeaway,Corporate Order,,,Beverage,Cold Coffee,996331,MENU0046,Mocha Cold Coffee - Medium,322.89,1.0,322.89,,0.0,0,0.0,322.89,16.14,339.03,51.03,51.03,84.2,84.95
ABNAH Cafe Connaught Place,2026-03-01,BILL-OUT001-260301-0028,Dine In,Dine In,,,Beverage,Tea,996331,MENU0054,Himalayan Green Tea,210.0,1.0,210.0,Synthetic promotion,9.66,0,9.66,200.34,10.02,210.36,8.67,8.67,95.67,95.88
ABNAH Cafe Connaught Place,2026-03-01,BILL-OUT001-260301-0029,Dine In,Dine In,,,Beverage,Iced Tea,996331,MENU0058,Lemon Iced Tea - Regular,206.28,1.0,206.28,,0.0,0,0.0,206.28,10.31,216.59,14.29,14.29,93.07,93.4
ABNAH Cafe Connaught Place,2026-03-01,BILL-OUT001-260301-0030,Dine In,Dine In,,,Beverage,Kids Beverage,996331,MENU0065,Hot Chocolate - Medium,245.0,1.0,245.0,Synthetic promotion,7.27,0,7.27,237.73,11.89,249.62,40.27,40.27,83.06,83.87
ABNAH Cafe Connaught Place,2026-03-01,BILL-OUT001-260301-0031,Dine In,Dine In,Guest 4116,9000004116,Beverage,Shake,996331,MENU0069,Choco Chip Shake - Medium,330.0,1.0,330.0,Synthetic promotion,8.16,0,8.16,321.84,16.09,337.93,38.42,38.42,88.06,88.63
ABNAH Cafe Connaught Place,2026-03-01,BILL-OUT001-260301-0032,Delivery/Takeaway,Takeaway,,,Beverage,Smoothie,996331,MENU0075,Seasonal Smoothie - Medium,340.0,1.0,340.0,Synthetic promotion,3.64,0,3.64,336.36,16.82,353.18,37.59,37.59,88.82,89.36
ABNAH Cafe Connaught Place,2026-03-01,BILL-OUT001-260301-0033,Delivery/Takeaway,Corporate Order,,,Food,Wraps,996331,MENU0078,Shredded Chicken Wrap,295.0,1.0,295.0,Synthetic promotion,4.95,0,4.95,290.05,14.5,304.55,70.05,70.05,75.85,77.0
ABNAH Cafe Connaught Place,2026-03-01,BILL-OUT001-260301-0034,Delivery/Takeaway,Takeaway,,,Food,Breakfast,996331,MENU0087,Cream Cheese Bagel,250.0,1.0,250.0,Synthetic promotion,0.96,0,0.96,249.04,12.45,261.49,54.49,54.49,78.12,79.16
ABNAH Cafe Connaught Place,2026-03-01,BILL-OUT001-260301-0035,Delivery/Takeaway,Takeaway,,,Food,Breakfast,996331,MENU0088,Scallion Pepper Cream Cheese Bagel,266.79,2.0,533.58,Synthetic promotion,0.01,0,0.01,533.57,26.68,560.25,54.49,108.98,79.58,80.55
ABNAH Cafe Connaught Place,2026-03-01,BILL-OUT001-260301-0036,Delivery/Takeaway,Takeaway,,,Food,Baked Goods,996331,MENU0097,Mushroom Cheese Croissant,255.0,2.0,510.0,Synthetic promotion,1.42,0,1.42,508.58,25.43,534.01,74.84,149.68,70.57,71.97
ABNAH Cafe Connaught Place,2026-03-01,BILL-OUT001-260301-0037,Delivery/Takeaway,Takeaway,,,Food,Baked Goods,996331,MENU0098,Sriracha Chicken Croissant,278.8,1.0,278.8,,0.0,0,0.0,278.8,13.94,292.74,81.14,81.14,70.9,72.28
ABNAH Cafe Connaught Place,2026-03-01,BILL-OUT001-260301-0038,Dine In,Dine In,,,Dessert,Baked Goods,996331,MENU0101,Lemon Raspberry Tea Cake,218.68,1.0,218.68,,0.0,0,0.0,218.68,10.93,229.61,56.57,56.57,74.13,75.36
ABNAH Cafe Connaught Place,2026-03-01,BILL-OUT001-260301-0039,Dine In,Dine In,Guest 8634,9000008634,Dessert,Desserts,996331,MENU0104,Classic Chocolate Fudge Brownie,195.0,1.0,195.0,Synthetic promotion,8.02,0,8.02,186.98,9.35,196.33,51.02,51.02,72.71,74.01
ABNAH Cafe Connaught Place,2026-03-01,BILL-OUT001-260301-0040,Delivery/Takeaway,Corporate Order,,,Dessert,Desserts,996331,MENU0106,Death by Chocolate Cookie,190.44,1.0,190.44,,0.0,0,0.0,190.44,9.52,199.96,47.52,47.52,75.05,76.24
ABNAH Cafe Connaught Place,2026-03-01,BILL-OUT001-260301-0041,Dine In,Dine In,,,Dessert,Desserts,996331,MENU0108,Apple Pie,270.0,1.0,270.0,Synthetic promotion,6.45,0,6.45,263.55,13.18,276.73,56.57,56.57,78.54,79.56
ABNAH Cafe Connaught Place,2026-03-02,BILL-OUT001-260302-0001,Dine In,Dine In,,,Beverage,Coffee Classics,996331,MENU0003,Americano - Regular,185.0,2.0,370.0,Synthetic promotion,16.21,0,16.21,353.79,17.69,371.48,23.21,46.42,86.88,87.5
ABNAH Cafe Connaught Place,2026-03-02,BILL-OUT001-260302-0002,Delivery/Takeaway,Corporate Order,,,Beverage,Coffee Classics,996331,MENU0004,Americano - Medium,213.24,3.0,639.72,Synthetic promotion,0.01,0,0.01,639.71,31.99,671.7,26.05,78.15,87.78,88.37
ABNAH Cafe Connaught Place,2026-03-02,BILL-OUT001-260302-0003,Dine In,Dine In,Guest 0843,9000000843,Beverage,Coffee Classics,996331,MENU0005,Americano - Large,235.0,2.0,470.0,Synthetic promotion,12.47,0,12.47,457.53,22.88,480.41,28.91,57.82,87.36,87.96
ABNAH Cafe Connaught Place,2026-03-02,BILL-OUT001-260302-0004,Dine In,Dine In,,,Beverage,Coffee Classics,996331,MENU0006,Latte - Regular,226.55,3.0,679.65,,0.0,0,0.0,679.65,33.98,713.63,36.17,108.51,84.03,84.79
ABNAH Cafe Connaught Place,2026-03-02,BILL-OUT001-260302-0005,Delivery/Takeaway,Corporate Order,Guest 1674,9000001674,Beverage,Coffee Classics,996331,MENU0007,Latte - Medium,250.0,2.0,500.0,Synthetic promotion,3.33,0,3.33,496.67,24.83,521.5,40.96,81.92,83.51,84.29
ABNAH Cafe Connaught Place,2026-03-02,BILL-OUT001-260302-0006,Dine In,Dine In,Guest 6434,9000006434,Beverage,Coffee Classics,996331,MENU0008,Latte - Large,275.0,1.0,275.0,Synthetic promotion,9.96,0,9.96,265.04,13.25,278.29,45.76,45.76,82.73,83.56
ABNAH Cafe Connaught Place,2026-03-02,BILL-OUT001-260302-0007,Delivery/Takeaway,Takeaway,Guest 1945,9000001945,Beverage,Coffee Classics,996331,MENU0009,Cappuccino - Regular,225.0,3.0,675.0,Synthetic promotion,4.41,0,4.41,670.59,33.53,704.12,36.17,108.51,83.82,84.59
ABNAH Cafe Connaught Place,2026-03-02,BILL-OUT001-260302-0008,Delivery/Takeaway,Takeaway,,,Beverage,Coffee Classics,996331,MENU0010,Cappuccino - Medium,250.0,1.0,250.0,Synthetic promotion,8.17,0,8.17,241.83,12.09,253.92,40.96,40.96,83.06,83.87
ABNAH Cafe Connaught Place,2026-03-02,BILL-OUT001-260302-0009,Delivery/Takeaway,Takeaway,Guest 1956,9000001956,Beverage,Coffee Classics,996331,MENU0011,Cappuccino - Large,275.0,2.0,550.0,Synthetic promotion,17.22,0,17.22,532.78,26.64,559.42,45.76,91.52,82.82,83.64
ABNAH Cafe Connaught Place,2026-03-02,BILL-OUT001-260302-0010,Delivery/Takeaway,Takeaway,Guest 6207,9000006207,Beverage,Coffee Classics,996331,MENU0013,Flat White - Medium,262.94,6.0,1577.64,,0.0,0,0.0,1577.64,78.88,1656.52,40.96,245.76,84.42,85.16
ABNAH Cafe Connaught Place,2026-03-02,BILL-OUT001-260302-0011,Delivery/Takeaway,Corporate Order,,,Beverage,Coffee Classics,996331,MENU0014,Flat White - Large,285.0,1.0,285.0,Synthetic promotion,4.35,0,4.35,280.65,14.03,294.68,45.76,45.76,83.69,84.47
ABNAH Cafe Connaught Place,2026-03-02,BILL-OUT001-260302-0012,Delivery/Takeaway,Takeaway,,,Beverage,Coffee Classics,996331,MENU0015,Mocha - Regular,245.0,4.0,980.0,Synthetic promotion,55.38,0,55.38,924.62,46.23,970.85,42.67,170.68,81.54,82.42
ABNAH Cafe Connaught Place,2026-03-02,BILL-OUT001-260302-0013,Delivery/Takeaway,Takeaway,,,Beverage,Coffee Classics,996331,MENU0016,Mocha - Medium,270.0,2.0,540.0,Synthetic promotion,16.8,0,16.8,523.2,26.16,549.36,48.42,96.84,81.49,82.37
ABNAH Cafe Connaught Place,2026-03-02,BILL-OUT001-260302-0014,Delivery/Takeaway,Takeaway,,,Beverage,Coffee Classics,996331,MENU0017,Mocha - Large,295.0,3.0,885.0,Synthetic promotion,45.04,0,45.04,839.96,42.0,881.96,54.21,162.63,80.64,81.56
ABNAH Cafe Connaught Place,2026-03-02,BILL-OUT001-260302-0015,Dine In,Dine In,,,Beverage,Signature Coffee,996331,MENU0018,Sea Salt Mocha - Regular,275.0,5.0,1375.0,Synthetic promotion,3.39,0,3.39,1371.61,68.58,1440.19,42.67,213.35,84.45,85.19
ABNAH Cafe Connaught Place,2026-03-02,BILL-OUT001-260302-0016,Delivery/Takeaway,Corporate Order,,,Beverage,Signature Coffee,996331,MENU0020,Sea Salt Mocha - Large,341.29,2.0,682.58,,0.0,0,0.0,682.58,34.13,716.71,54.21,108.42,84.12,84.87
ABNAH Cafe Connaught Place,2026-03-02,BILL-OUT001-260302-0017,Delivery/Takeaway,Corporate Order,,,Beverage,Signature Coffee,996331,MENU0021,Orange Zest Mocha - Regular,270.0,1.0,270.0,Synthetic promotion,14.33,0,14.33,255.67,12.78,268.45,42.67,42.67,83.31,84.11
ABNAH Cafe Connaught Place,2026-03-02,BILL-OUT001-260302-0018,Delivery/Takeaway,Takeaway,,,Beverage,Signature Coffee,996331,MENU0022,Orange Zest Mocha - Medium,302.67,1.0,302.67,,0.0,0,0.0,302.67,15.13,317.8,48.42,48.42,84.0,84.76
ABNAH Cafe Connaught Place,2026-03-02,BILL-OUT001-260302-0019,Dine In,Dine In,,,Beverage,Signature Coffee,996331,MENU0026,Caramel Macchiato - Large,330.88,2.0,661.76,,0.0,0,0.0,661.76,33.09,694.85,53.88,107.76,83.72,84.49
ABNAH Cafe Connaught Place,2026-03-02,BILL-OUT001-260302-0020,Delivery/Takeaway,Takeaway,,,Beverage,Signature Coffee,996331,MENU0027,French Vanilla Latte - Regular,265.79,1.0,265.79,,0.0,0,0.0,265.79,13.29,279.08,42.17,42.17,84.13,84.89
ABNAH Cafe Connaught Place,2026-03-02,BILL-OUT001-260302-0021,Delivery/Takeaway,Corporate Order,Guest 7087,9000007087,Beverage,Signature Coffee,996331,MENU0030,Vegan Iced Latte - Regular,285.0,1.0,285.0,Synthetic promotion,11.73,0,11.73,273.27,13.66,286.93,58.9,58.9,78.45,79.47
ABNAH Cafe Connaught Place,2026-03-02,BILL-OUT001-260302-0022,Delivery/Takeaway,Takeaway,,,Beverage,Signature Coffee,996331,MENU0031,Vegan Iced Latte - Medium,310.0,1.0,310.0,Synthetic promotion,18.11,0,18.11,291.89,14.59,306.48,66.95,66.95,77.06,78.16
ABNAH Cafe Connaught Place,2026-03-02,BILL-OUT001-260302-0023,Delivery/Takeaway,Takeaway,,,Beverage,Signature Coffee,996331,MENU0032,Vegan Iced Latte - Large,335.0,1.0,335.0,Synthetic promotion,15.42,0,15.42,319.58,15.98,335.56,75.02,75.02,76.53,77.64
ABNAH Cafe Connaught Place,2026-03-02,BILL-OUT001-260302-0024,Dine In,Dine In,,,Beverage,Cold Brew,996331,MENU0034,Classic Cold Brew - Medium,250.0,1.0,250.0,Synthetic promotion,10.89,0,10.89,239.11,11.96,251.07,28.66,28.66,88.01,88.58
ABNAH Cafe Connaught Place,2026-03-02,BILL-OUT001-260302-0025,Dine In,Dine In,,,Beverage,Cold Brew,996331,MENU0036,Coffee Lemonade - Regular,235.0,3.0,705.0,Synthetic promotion,7.75,0,7.75,697.25,34.86,732.11,29.45,88.35,87.33,87.93
ABNAH Cafe Connaught Place,2026-03-02,BILL-OUT001-260302-0026,Dine In,Dine In,,,Beverage,Cold Brew,996331,MENU0039,Vietnamese Shakerato - Regular,255.0,1.0,255.0,Synthetic promotion,2.24,0,2.24,252.76,12.64,265.4,25.6,25.6,89.87,90.35
ABNAH Cafe Connaught Place,2026-03-02,BILL-OUT001-260302-0027,Delivery/Takeaway,Takeaway,,,Beverage,Cold Coffee,996331,MENU0042,Classic Cold Coffee - Regular,255.0,2.0,510.0,Synthetic promotion,8.57,0,8.57,501.43,25.07,526.5,38.56,77.12,84.62,85.35
ABNAH Cafe Connaught Place,2026-03-02,BILL-OUT001-260302-0028,Dine In,Dine In,,,Beverage,Cold Coffee,996331,MENU0044,Classic Cold Coffee - Large,325.0,1.0,325.0,Synthetic promotion,9.07,0,9.07,315.93,15.8,331.73,48.58,48.58,84.62,85.36
ABNAH Cafe Connaught Place,2026-03-02,BILL-OUT001-260302-0029,Delivery/Takeaway,Takeaway,,,Beverage,Cold Coffee,996331,MENU0049,Caramel Cold Coffee - Medium,320.0,3.0,960.0,Synthetic promotion,2.43,0,2.43,957.57,47.88,1005.45,50.74,152.22,84.1,84.86
ABNAH Cafe Connaught Place,2026-03-02,BILL-OUT001-260302-0030,Delivery/Takeaway,Takeaway,,,Beverage,Tea,996331,MENU0051,Masala Chai Latte - Regular,198.29,2.0,396.58,,0.0,0,0.0,396.59,19.83,416.42,36.17,72.34,81.76,82.63
ABNAH Cafe Connaught Place,2026-03-02,BILL-OUT001-260302-0031,Delivery/Takeaway,Corporate Order,,,Beverage,Tea,996331,MENU0052,Masala Chai Latte - Medium,220.0,1.0,220.0,Synthetic promotion,12.51,0,12.51,207.49,10.37,217.86,40.96,40.96,80.26,81.2
ABNAH Cafe Connaught Place,2026-03-02,BILL-OUT001-260302-0032,Dine In,Dine In,,,Beverage,Tea,996331,MENU0054,Himalayan Green Tea,210.0,2.0,420.0,Synthetic promotion,12.0,0,12.0,408.0,20.4,428.4,8.67,17.34,95.75,95.95
ABNAH Cafe Connaught Place,2026-03-02,BILL-OUT001-260302-0033,Dine In,Dine In,,,Beverage,Iced Tea,996331,MENU0058,Lemon Iced Tea - Regular,205.0,1.0,205.0,Synthetic promotion,5.05,0,5.05,199.95,10.0,209.95,14.29,14.29,92.85,93.19
ABNAH Cafe Connaught Place,2026-03-02,BILL-OUT001-260302-0034,Delivery/Takeaway,Corporate Order,,,Beverage,Iced Tea,996331,MENU0060,Lemon Iced Tea - Large,258.08,1.0,258.08,,0.0,0,0.0,258.08,12.9,270.98,17.03,17.03,93.4,93.72
ABNAH Cafe Connaught Place,2026-03-02,BILL-OUT001-260302-0035,Delivery/Takeaway,Corporate Order,Guest 6818,9000006818,Food,Wraps,996331,MENU0078,Shredded Chicken Wrap,298.42,2.0,596.84,Synthetic promotion,0.01,0,0.01,596.83,29.84,626.67,70.05,140.1,76.53,77.64
ABNAH Cafe Connaught Place,2026-03-02,BILL-OUT001-260302-0036,Delivery/Takeaway,Corporate Order,,,Food,Sandwiches,996331,MENU0079,Smoked Chipotle Paneer Sandwich,295.0,3.0,885.0,Synthetic promotion,48.68,0,48.68,836.32,41.82,878.14,90.66,271.98,67.48,69.03
ABNAH Cafe Connaught Place,2026-03-02,BILL-OUT001-260302-0037,Delivery/Takeaway,Takeaway,Guest 7300,9000007300,Food,Sandwiches,996331,MENU0080,Pesto Veg Sandwich,280.0,2.0,560.0,Synthetic promotion,6.45,0,6.45,553.55,27.68,581.23,91.86,183.72,66.81,68.39
ABNAH Cafe Connaught Place,2026-03-02,BILL-OUT001-260302-0038,Dine In,Dine In,,,Food,Toasts,996331,MENU0084,Chicken Pepperoni Avocado Toast,330.0,1.0,330.0,Synthetic promotion,6.71,0,6.71,323.29,16.16,339.45,68.54,68.54,78.8,79.81
ABNAH Cafe Connaught Place,2026-03-02,BILL-OUT001-260302-0039,Delivery/Takeaway,Corporate Order,,,Food,Breakfast,996331,MENU0086,Breakfast Pancakes,285.0,1.0,285.0,Synthetic promotion,10.97,0,10.97,274.03,13.7,287.73,66.89,66.89,75.59,76.75
ABNAH Cafe Connaught Place,2026-03-02,BILL-OUT001-260302-0040,Dine In,Dine In,,,Food,Breakfast,996331,MENU0087,Cream Cheese Bagel,251.29,1.0,251.29,,0.0,0,0.0,251.29,12.56,263.85,54.49,54.49,78.32,79.35
ABNAH Cafe Connaught Place,2026-03-02,BILL-OUT001-260302-0041,Dine In,Dine In,,,Food,Breakfast,996331,MENU0088,Scallion Pepper Cream Cheese Bagel,265.0,1.0,265.0,Synthetic promotion,14.03,0,14.03,250.97,12.55,263.52,54.49,54.49,78.29,79.32
ABNAH Cafe Connaught Place,2026-03-02,BILL-OUT001-260302-0042,Dine In,Dine In,Guest 3316,9000003316,Food,Breakfast,996331,MENU0089,Masala Egg Bun,225.48,2.0,450.96,,0.0,0,0.0,450.96,22.55,473.51,42.74,85.48,81.04,81.95
ABNAH Cafe Connaught Place,2026-03-02,BILL-OUT001-260302-0043,Delivery/Takeaway,Takeaway,,,Food,Snacks,996331,MENU0091,Pesto Sundried Tomato Pin Wheel,229.29,1.0,229.29,,0.0,0,0.0,229.29,11.46,240.75,42.04,42.04,81.67,82.54
ABNAH Cafe Connaught Place,2026-03-02,BILL-OUT001-260302-0044,Delivery/Takeaway,Takeaway,,,Food,Baked Goods,996331,MENU0094,Butter Croissant,195.0,1.0,195.0,Synthetic promotion,11.14,0,11.14,183.86,9.19,193.05,58.04,58.04,68.43,69.94
ABNAH Cafe Connaught Place,2026-03-02,BILL-OUT001-260302-0045,Delivery/Takeaway,Takeaway,,,Food,Baked Goods,996331,MENU0096,Chocolate Croissant,235.0,1.0,235.0,Synthetic promotion,6.27,0,6.27,228.73,11.44,240.17,64.54,64.54,71.78,73.13
ABNAH Cafe Connaught Place,2026-03-02,BILL-OUT001-260302-0046,Delivery/Takeaway,Takeaway,Guest 3495,9000003495,Food,Baked Goods,996331,MENU0097,Mushroom Cheese Croissant,255.0,1.0,255.0,Synthetic promotion,9.52,0,9.52,245.48,12.27,257.75,74.84,74.84,69.51,70.96
ABNAH Cafe Connaught Place,2026-03-02,BILL-OUT001-260302-0047,Delivery/Takeaway,Corporate Order,,,Food,Baked Goods,996331,MENU0098,Sriracha Chicken Croissant,275.0,2.0,550.0,Synthetic promotion,25.43,0,25.43,524.57,26.23,550.8,81.14,162.28,69.06,70.54
ABNAH Cafe Connaught Place,2026-03-02,BILL-OUT001-260302-0048,Delivery/Takeaway,Takeaway,,,Dessert,Baked Goods,996331,MENU0100,Banana Walnut Tea Cake,208.65,1.0,208.65,,0.0,0,0.0,208.65,10.43,219.08,61.61,61.61,70.47,71.88
ABNAH Cafe Connaught Place,2026-03-02,BILL-OUT001-260302-0049,Dine In,Dine In,,,Dessert,Baked Goods,996331,MENU0101,Lemon Raspberry Tea Cake,215.0,1.0,215.0,Synthetic promotion,6.92,0,6.92,208.08,10.4,218.48,56.57,56.57,72.81,74.11
ABNAH Cafe Connaught Place,2026-03-02,BILL-OUT001-260302-0050,Delivery/Takeaway,Corporate Order,,,Dessert,Desserts,996331,MENU0106,Death by Chocolate Cookie,190.0,1.0,190.0,Synthetic promotion,5.03,0,5.03,184.97,9.25,194.22,47.52,47.52,74.31,75.53
ABNAH Cafe Connaught Place,2026-03-02,BILL-OUT001-260302-0051,Delivery/Takeaway,Takeaway,,,Dessert,Desserts,996331,MENU0108,Apple Pie,270.0,2.0,540.0,Synthetic promotion,16.83,0,16.83,523.17,26.16,549.33,56.57,113.14,78.37,79.4
ABNAH Cafe Connaught Place,2026-03-03,BILL-OUT001-260303-0001,Delivery/Takeaway,Takeaway,,,Beverage,Coffee Classics,996331,MENU0003,Americano - Regular,185.0,1.0,185.0,Synthetic promotion,8.37,0,8.37,176.63,8.83,185.46,23.21,23.21,86.86,87.49
ABNAH Cafe Connaught Place,2026-03-03,BILL-OUT001-260303-0002,Delivery/Takeaway,Takeaway,,,Beverage,Coffee Classics,996331,MENU0004,Americano - Medium,210.0,2.0,420.0,Synthetic promotion,15.71,0,15.71,404.29,20.21,424.5,26.05,52.1,87.11,87.73
ABNAH Cafe Connaught Place,2026-03-03,BILL-OUT001-260303-0003,Delivery/Takeaway,Corporate Order,,,Beverage,Coffee Classics,996331,MENU0005,Americano - Large,235.0,1.0,235.0,Synthetic promotion,2.08,0,2.08,232.92,11.65,244.57,28.91,28.91,87.59,88.18
ABNAH Cafe Connaught Place,2026-03-03,BILL-OUT001-260303-0004,Dine In,Dine In,Guest 4401,9000004401,Beverage,Coffee Classics,996331,MENU0006,Latte - Regular,225.0,3.0,675.0,Synthetic promotion,12.31,0,12.31,662.69,33.13,695.82,36.17,108.51,83.63,84.41
ABNAH Cafe Connaught Place,2026-03-03,BILL-OUT001-260303-0005,Delivery/Takeaway,Corporate Order,,,Beverage,Coffee Classics,996331,MENU0007,Latte - Medium,250.0,4.0,1000.0,Synthetic promotion,53.19,0,53.19,946.81,47.34,994.15,40.96,163.84,82.7,83.52
ABNAH Cafe Connaught Place,2026-03-03,BILL-OUT001-260303-0006,Dine In,Dine In,,,Beverage,Coffee Classics,996331,MENU0008,Latte - Large,275.0,2.0,550.0,Synthetic promotion,24.19,0,24.19,525.81,26.29,552.1,45.76,91.52,82.59,83.42
ABNAH Cafe Connaught Place,2026-03-03,BILL-OUT001-260303-0007,Delivery/Takeaway,Corporate Order,,,Beverage,Coffee Classics,996331,MENU0009,Cappuccino - Regular,227.2,3.0,681.6,,0.0,0,0.0,681.6,34.08,715.68,36.17,108.51,84.08,84.84
ABNAH Cafe Connaught Place,2026-03-03,BILL-OUT001-260303-0008,Delivery/Takeaway,Corporate Order,,,Beverage,Coffee Classics,996331,MENU0010,Cappuccino - Medium,250.0,7.0,1750.0,Synthetic promotion,24.08,0,24.08,1725.92,86.3,1812.22,40.96,286.72,83.39,84.18
ABNAH Cafe Connaught Place,2026-03-03,BILL-OUT001-260303-0009,Dine In,Dine In,Guest 4766,9000004766,Beverage,Coffee Classics,996331,MENU0011,Cappuccino - Large,279.14,2.0,558.28,,0.0,0,0.0,558.29,27.91,586.2,45.76,91.52,83.61,84.39
ABNAH Cafe Connaught Place,2026-03-03,BILL-OUT001-260303-0010,Dine In,Dine In,,,Beverage,Coffee Classics,996331,MENU0015,Mocha - Regular,248.94,4.0,995.76,Synthetic promotion,0.01,0,0.01,995.75,49.79,1045.54,42.67,170.68,82.86,83.68
ABNAH Cafe Connaught Place,2026-03-03,BILL-OUT001-260303-0011,Dine In,Dine In,Guest 5036,9000005036,Beverage,Coffee Classics,996331,MENU0016,Mocha - Medium,270.0,1.0,270.0,Synthetic promotion,5.91,0,5.91,264.09,13.2,277.29,48.42,48.42,81.67,82.54
ABNAH Cafe Connaught Place,2026-03-03,BILL-OUT001-260303-0012,Delivery/Takeaway,Takeaway,Guest 8444,9000008444,Beverage,Signature Coffee,996331,MENU0018,Sea Salt Mocha - Regular,279.98,2.0,559.96,,0.0,0,0.0,559.96,28.0,587.96,42.67,85.34,84.76,85.49
ABNAH Cafe Connaught Place,2026-03-03,BILL-OUT001-260303-0013,Delivery/Takeaway,Corporate Order,Guest 6256,9000006256,Beverage,Signature Coffee,996331,MENU0021,Orange Zest Mocha - Regular,273.58,1.0,273.58,,0.0,0,0.0,273.58,13.68,287.26,42.67,42.67,84.4,85.15
ABNAH Cafe Connaught Place,2026-03-03,BILL-OUT001-260303-0014,Delivery/Takeaway,Takeaway,,,Beverage,Signature Coffee,996331,MENU0024,Caramel Macchiato - Regular,265.0,1.0,265.0,Synthetic promotion,14.71,0,14.71,250.29,12.51,262.8,42.42,42.42,83.05,83.86
ABNAH Cafe Connaught Place,2026-03-03,BILL-OUT001-260303-0015,Dine In,Dine In,,,Beverage,Signature Coffee,996331,MENU0025,Caramel Macchiato - Medium,295.41,1.0,295.41,,0.0,0,0.0,295.41,14.77,310.18,48.13,48.13,83.71,84.48
ABNAH Cafe Connaught Place,2026-03-03,BILL-OUT001-260303-0016,Dine In,Dine In,,,Beverage,Signature Coffee,996331,MENU0027,French Vanilla Latte - Regular,269.69,2.0,539.38,Synthetic promotion,0.01,0,0.01,539.37,26.97,566.34,42.17,84.34,84.36,85.11
ABNAH Cafe Connaught Place,2026-03-03,BILL-OUT001-260303-0017,Dine In,Dine In,,,Beverage,Signature Coffee,996331,MENU0028,French Vanilla Latte - Medium,295.0,2.0,590.0,Synthetic promotion,4.66,0,4.66,585.34,29.27,614.61,47.85,95.7,83.65,84.43
ABNAH Cafe Connaught Place,2026-03-03,BILL-OUT001-260303-0018,Delivery/Takeaway,Takeaway,Guest 5423,9000005423,Beverage,Signature Coffee,996331,MENU0029,French Vanilla Latte - Large,325.0,1.0,325.0,Synthetic promotion,6.92,0,6.92,318.08,15.9,333.98,53.56,53.56,83.16,83.96
ABNAH Cafe Connaught Place,2026-03-03,BILL-OUT001-260303-0019,Dine In,Dine In,,,Beverage,Signature Coffee,996331,MENU0030,Vegan Iced Latte - Regular,285.0,1.0,285.0,Synthetic promotion,13.28,0,13.28,271.72,13.59,285.31,58.9,58.9,78.32,79.36
ABNAH Cafe Connaught Place,2026-03-03,BILL-OUT001-260303-0020,Delivery/Takeaway,Takeaway,,,Beverage,Cold Brew,996331,MENU0034,Classic Cold Brew - Medium,250.0,2.0,500.0,Synthetic promotion,6.2,0,6.2,493.8,24.69,518.49,28.66,57.32,88.39,88.94
ABNAH Cafe Connaught Place,2026-03-03,BILL-OUT001-260303-0021,Dine In,Dine In,,,Beverage,Cold Brew,996331,MENU0038,Coffee Lemonade - Large,285.0,2.0,570.0,Synthetic promotion,21.53,0,21.53,548.47,27.42,575.89,36.73,73.46,86.61,87.24
ABNAH Cafe Connaught Place,2026-03-03,BILL-OUT001-260303-0022,Delivery/Takeaway,Corporate Order,Guest 1735,9000001735,Beverage,Cold Brew,996331,MENU0040,Vietnamese Shakerato - Medium,280.0,1.0,280.0,Synthetic promotion,12.94,0,12.94,267.06,13.35,280.41,28.66,28.66,89.27,89.78
ABNAH Cafe Connaught Place,2026-03-03,BILL-OUT001-260303-0023,Dine In,Dine In,,,Beverage,Cold Coffee,996331,MENU0043,Classic Cold Coffee - Medium,290.0,1.0,290.0,Synthetic promotion,10.29,0,10.29,279.71,13.99,293.7,43.56,43.56,84.43,85.17
ABNAH Cafe Connaught Place,2026-03-03,BILL-OUT001-260303-0024,Delivery/Takeaway,Takeaway,,,Beverage,Cold Coffee,996331,MENU0045,Mocha Cold Coffee - Regular,285.0,7.0,1995.0,Synthetic promotion,40.24,0,40.24,1954.76,97.74,2052.5,45.06,315.42,83.86,84.63
ABNAH Cafe Connaught Place,2026-03-03,BILL-OUT001-260303-0025,Delivery/Takeaway,Corporate Order,,,Beverage,Cold Coffee,996331,MENU0046,Mocha Cold Coffee - Medium,320.48,1.0,320.48,,0.0,0,0.0,320.48,16.02,336.5,51.03,51.03,84.08,84.84
ABNAH Cafe Connaught Place,2026-03-03,BILL-OUT001-260303-0026,Delivery/Takeaway,Corporate Order,,,Beverage,Cold Coffee,996331,MENU0050,Caramel Cold Coffee - Large,355.0,1.0,355.0,Synthetic promotion,4.13,0,4.13,350.87,17.54,368.41,56.7,56.7,83.84,84.61
ABNAH Cafe Connaught Place,2026-03-03,BILL-OUT001-260303-0027,Delivery/Takeaway,Takeaway,,,Beverage,Tea,996331,MENU0052,Masala Chai Latte - Medium,222.97,1.0,222.97,,0.0,0,0.0,222.97,11.15,234.12,40.96,40.96,81.63,82.5
ABNAH Cafe Connaught Place,2026-03-03,BILL-OUT001-260303-0028,Delivery/Takeaway,Corporate Order,,,Beverage,Tea,996331,MENU0055,Japanese Matcha Latte - Regular,268.0,1.0,268.0,,0.0,0,0.0,268.0,13.4,281.4,36.17,36.17,86.5,87.15
ABNAH Cafe Connaught Place,2026-03-03,BILL-OUT001-260303-0029,Delivery/Takeaway,Takeaway,,,Beverage,Iced Tea,996331,MENU0061,Hibiscus Lime Iced Tea - Regular,225.0,2.0,450.0,Synthetic promotion,11.75,0,11.75,438.25,21.91,460.16,24.09,48.18,89.01,89.53
ABNAH Cafe Connaught Place,2026-03-03,BILL-OUT001-260303-0030,Delivery/Takeaway,Corporate Order,Guest 5570,9000005570,Beverage,Iced Tea,996331,MENU0062,Hibiscus Lime Iced Tea - Medium,250.0,1.0,250.0,Synthetic promotion,4.9,0,4.9,245.1,12.26,257.36,26.94,26.94,89.01,89.53
ABNAH Cafe Connaught Place,2026-03-03,BILL-OUT001-260303-0031,Dine In,Dine In,,,Beverage,Shake,996331,MENU0068,Choco Chip Shake - Regular,295.16,1.0,295.16,,0.0,0,0.0,295.16,14.76,309.92,34.11,34.11,88.44,88.99
ABNAH Cafe Connaught Place,2026-03-03,BILL-OUT001-260303-0032,Delivery/Takeaway,Takeaway,,,Beverage,Smoothie,996331,MENU0076,Seasonal Smoothie - Large,380.14,1.0,380.14,,0.0,0,0.0,380.14,19.01,399.15,41.83,41.83,89.0,89.52
ABNAH Cafe Connaught Place,2026-03-03,BILL-OUT001-260303-0033,Dine In,Dine In,,,Food,Wraps,996331,MENU0077,Spicy Paneer Wrap,275.0,1.0,275.0,Synthetic promotion,3.61,0,3.61,271.39,13.57,284.96,73.36,73.36,72.97,74.26
ABNAH Cafe Connaught Place,2026-03-03,BILL-OUT001-260303-0034,Dine In,Dine In,,,Food,Sandwiches,996331,MENU0080,Pesto Veg Sandwich,282.38,2.0,564.76,,0.0,0,0.0,564.76,28.24,593.0,91.86,183.72,67.47,69.02
ABNAH Cafe Connaught Place,2026-03-03,BILL-OUT001-260303-0035,Delivery/Takeaway,Corporate Order,,,Food,Sandwiches,996331,MENU0081,Pepper Chicken Sandwich,315.0,5.0,1575.0,Synthetic promotion,63.93,0,63.93,1511.07,75.55,1586.62,87.66,438.3,70.99,72.38
ABNAH Cafe Connaught Place,2026-03-03,BILL-OUT001-260303-0036,Dine In,Dine In,,,Food,Sandwiches,996331,MENU0082,Tandoori Chicken Sandwich,320.0,2.0,640.0,Synthetic promotion,29.78,0,29.78,610.22,30.51,640.73,87.66,175.32,71.27,72.64
ABNAH Cafe Connaught Place,2026-03-03,BILL-OUT001-260303-0037,Delivery/Takeaway,Takeaway,,,Food,Toasts,996331,MENU0084,Chicken Pepperoni Avocado Toast,330.0,1.0,330.0,Synthetic promotion,9.22,0,9.22,320.78,16.04,336.82,68.54,68.54,78.63,79.65
ABNAH Cafe Connaught Place,2026-03-03,BILL-OUT001-260303-0038,Delivery/Takeaway,Corporate Order,,,Food,Breakfast,996331,MENU0087,Cream Cheese Bagel,250.0,1.0,250.0,Synthetic promotion,14.87,0,14.87,235.13,11.76,246.89,54.49,54.49,76.83,77.93
ABNAH Cafe Connaught Place,2026-03-03,BILL-OUT001-260303-0039,Delivery/Takeaway,Corporate Order,Guest 7916,9000007916,Food,Breakfast,996331,MENU0088,Scallion Pepper Cream Cheese Bagel,265.0,2.0,530.0,Synthetic promotion,28.2,0,28.2,501.8,25.09,526.89,54.49,108.98,78.28,79.32
ABNAH Cafe Connaught Place,2026-03-03,BILL-OUT001-260303-0040,Delivery/Takeaway,Takeaway,,,Food,Breakfast,996331,MENU0089,Masala Egg Bun,225.47,2.0,450.94,Synthetic promotion,0.01,0,0.01,450.93,22.55,473.48,42.74,85.48,81.04,81.95
ABNAH Cafe Connaught Place,2026-03-03,BILL-OUT001-260303-0041,Delivery/Takeaway,Takeaway,,,Food,Snacks,996331,MENU0090,Marinara Cheese Pin Wheels,216.79,1.0,216.79,,0.0,0,0.0,216.79,10.84,227.63,38.29,38.29,82.34,83.18
ABNAH Cafe Connaught Place,2026-03-03,BILL-OUT001-260303-0042,Delivery/Takeaway,Takeaway,,,Food,Baked Goods,996331,MENU0094,Butter Croissant,195.0,1.0,195.0,Synthetic promotion,4.58,0,4.58,190.42,9.52,199.94,58.04,58.04,69.52,70.97
ABNAH Cafe Connaught Place,2026-03-03,BILL-OUT001-260303-0043,Dine In,Dine In,Guest 6911,9000006911,Food,Baked Goods,996331,MENU0095,Almond Croissant,249.81,2.0,499.62,Synthetic promotion,0.01,0,0.01,499.61,24.98,524.59,58.04,116.08,76.77,77.87
ABNAH Cafe Connaught Place,2026-03-03,BILL-OUT001-260303-0044,Dine In,Dine In,,,Food,Baked Goods,996331,MENU0096,Chocolate Croissant,235.0,1.0,235.0,Synthetic promotion,13.9,0,13.9,221.1,11.05,232.15,64.54,64.54,70.81,72.2
ABNAH Cafe Connaught Place,2026-03-03,BILL-OUT001-260303-0045,Delivery/Takeaway,Takeaway,,,Food,Baked Goods,996331,MENU0098,Sriracha Chicken Croissant,275.0,2.0,550.0,Synthetic promotion,5.35,0,5.35,544.65,27.23,571.88,81.14,162.28,70.2,71.62
ABNAH Cafe Connaught Place,2026-03-03,BILL-OUT001-260303-0046,Delivery/Takeaway,Corporate Order,,,Dessert,Baked Goods,996331,MENU0100,Banana Walnut Tea Cake,206.65,1.0,206.65,,0.0,0,0.0,206.65,10.33,216.98,61.61,61.61,70.19,71.61
ABNAH Cafe Connaught Place,2026-03-03,BILL-OUT001-260303-0047,Delivery/Takeaway,Corporate Order,,,Dessert,Desserts,996331,MENU0103,Banoffee Pie,285.0,2.0,570.0,Synthetic promotion,14.16,0,14.16,555.84,27.79,583.63,56.57,113.14,79.65,80.61
ABNAH Cafe Connaught Place,2026-03-03,BILL-OUT001-260303-0048,Delivery/Takeaway,Corporate Order,,,Dessert,Desserts,996331,MENU0105,Soft-Centred Caramel Cookie,180.0,2.0,360.0,Synthetic promotion,20.28,0,20.28,339.72,16.99,356.71,46.02,92.04,72.91,74.2
ABNAH Cafe Connaught Place,2026-03-03,BILL-OUT001-260303-0049,Dine In,Dine In,Guest 1049,9000001049,Dessert,Desserts,996331,MENU0107,Jaggery Parmesan Cookie,170.0,1.0,170.0,Synthetic promotion,4.99,0,4.99,165.01,8.25,173.26,41.02,41.02,75.14,76.32
ABNAH Cafe Connaught Place,2026-03-04,BILL-OUT001-260304-0001,Delivery/Takeaway,Takeaway,,,Beverage,Coffee Classics,996331,MENU0003,Americano - Regular,185.0,6.0,1110.0,Synthetic promotion,2.47,0,2.47,1107.53,55.38,1162.91,23.21,139.26,87.43,88.02
ABNAH Cafe Connaught Place,2026-03-04,BILL-OUT001-260304-0002,Delivery/Takeaway,Takeaway,,,Beverage,Coffee Classics,996331,MENU0004,Americano - Medium,210.0,3.0,630.0,Synthetic promotion,2.25,0,2.25,627.75,31.39,659.14,26.05,78.15,87.55,88.14
ABNAH Cafe Connaught Place,2026-03-04,BILL-OUT001-260304-0003,Delivery/Takeaway,Corporate Order,,,Beverage,Coffee Classics,996331,MENU0005,Americano - Large,235.0,4.0,940.0,Synthetic promotion,5.49,0,5.49,934.51,46.73,981.24,28.91,115.64,87.63,88.21
ABNAH Cafe Connaught Place,2026-03-04,BILL-OUT001-260304-0004,Dine In,Dine In,,,Beverage,Coffee Classics,996331,MENU0006,Latte - Regular,225.0,3.0,675.0,Synthetic promotion,6.59,0,6.59,668.41,33.42,701.83,36.17,108.51,83.77,84.54
ABNAH Cafe Connaught Place,2026-03-04,BILL-OUT001-260304-0005,Delivery/Takeaway,Takeaway,,,Beverage,Coffee Classics,996331,MENU0007,Latte - Medium,250.0,1.0,250.0,Synthetic promotion,14.94,0,14.94,235.06,11.75,246.81,40.96,40.96,82.57,83.4
ABNAH Cafe Connaught Place,2026-03-04,BILL-OUT001-260304-0006,Delivery/Takeaway,Takeaway,,,Beverage,Coffee Classics,996331,MENU0008,Latte - Large,275.0,3.0,825.0,Synthetic promotion,35.77,0,35.77,789.23,39.46,828.69,45.76,137.28,82.61,83.43
ABNAH Cafe Connaught Place,2026-03-04,BILL-OUT001-260304-0007,Delivery/Takeaway,Corporate Order,,,Beverage,Coffee Classics,996331,MENU0009,Cappuccino - Regular,225.0,2.0,450.0,Synthetic promotion,10.35,0,10.35,439.65,21.98,461.63,36.17,72.34,83.55,84.33
ABNAH Cafe Connaught Place,2026-03-04,BILL-OUT001-260304-0008,Delivery/Takeaway,Takeaway,,,Beverage,Coffee Classics,996331,MENU0010,Cappuccino - Medium,250.0,1.0,250.0,Synthetic promotion,9.31,0,9.31,240.69,12.03,252.72,40.96,40.96,82.98,83.79
ABNAH Cafe Connaught Place,2026-03-04,BILL-OUT001-260304-0009,Dine In,Dine In,,,Beverage,Coffee Classics,996331,MENU0011,Cappuccino - Large,276.77,1.0,276.77,,0.0,0,0.0,276.77,13.84,290.61,45.76,45.76,83.47,84.25
ABNAH Cafe Connaught Place,2026-03-04,BILL-OUT001-260304-0010,Dine In,Dine In,Guest 7872,9000007872,Beverage,Coffee Classics,996331,MENU0013,Flat White - Medium,260.0,2.0,520.0,Synthetic promotion,23.0,0,23.0,497.0,24.85,521.85,40.96,81.92,83.52,84.3
ABNAH Cafe Connaught Place,2026-03-04,BILL-OUT001-260304-0011,Dine In,Dine In,,,Beverage,Coffee Classics,996331,MENU0014,Flat White - Large,285.0,1.0,285.0,Synthetic promotion,12.65,0,12.65,272.35,13.62,285.97,45.76,45.76,83.2,84.0
ABNAH Cafe Connaught Place,2026-03-04,BILL-OUT001-260304-0012,Delivery/Takeaway,Corporate Order,,,Beverage,Coffee Classics,996331,MENU0015,Mocha - Regular,245.0,3.0,735.0,Synthetic promotion,11.84,0,11.84,723.16,36.16,759.32,42.67,128.01,82.3,83.14
ABNAH Cafe Connaught Place,2026-03-04,BILL-OUT001-260304-0013,Delivery/Takeaway,Corporate Order,,,Beverage,Signature Coffee,996331,MENU0025,Caramel Macchiato - Medium,295.0,3.0,885.0,Synthetic promotion,49.12,0,49.12,835.88,41.79,877.67,48.13,144.39,82.73,83.55
ABNAH Cafe Connaught Place,2026-03-04,BILL-OUT001-260304-0014,Delivery/Takeaway,Corporate Order,,,Beverage,Signature Coffee,996331,MENU0026,Caramel Macchiato - Large,325.0,1.0,325.0,Synthetic promotion,1.68,0,1.68,323.32,16.17,339.49,53.88,53.88,83.34,84.13
ABNAH Cafe Connaught Place,2026-03-04,BILL-OUT001-260304-0015,Dine In,Dine In,Guest 5816,9000005816,Beverage,Signature Coffee,996331,MENU0027,French Vanilla Latte - Regular,267.01,1.0,267.01,,0.0,0,0.0,267.01,13.35,280.36,42.17,42.17,84.21,84.96
ABNAH Cafe Connaught Place,2026-03-04,BILL-OUT001-260304-0016,Delivery/Takeaway,Corporate Order,,,Beverage,Signature Coffee,996331,MENU0028,French Vanilla Latte - Medium,295.0,2.0,590.0,Synthetic promotion,16.03,0,16.03,573.97,28.7,602.67,47.85,95.7,83.33,84.12
ABNAH Cafe Connaught Place,2026-03-04,BILL-OUT001-260304-0017,Delivery/Takeaway,Corporate Order,,,Beverage,Signature Coffee,996331,MENU0031,Vegan Iced Latte - Medium,310.0,1.0,310.0,Synthetic promotion,9.77,0,9.77,300.23,15.01,315.24,66.95,66.95,77.7,78.76
ABNAH Cafe Connaught Place,2026-03-04,BILL-OUT001-260304-0018,Delivery/Takeaway,Takeaway,Guest 2541,9000002541,Beverage,Signature Coffee,996331,MENU0032,Vegan Iced Latte - Large,338.2,1.0,338.2,,0.0,0,0.0,338.2,16.91,355.11,75.02,75.02,77.82,78.87
ABNAH Cafe Connaught Place,2026-03-04,BILL-OUT001-260304-0019,Dine In,Dine In,,,Beverage,Cold Brew,996331,MENU0034,Classic Cold Brew - Medium,250.0,1.0,250.0,Synthetic promotion,2.38,0,2.38,247.62,12.38,260.0,28.66,28.66,88.43,88.98
ABNAH Cafe Connaught Place,2026-03-04,BILL-OUT001-260304-0020,Dine In,Dine In,Guest 3509,9000003509,Beverage,Cold Brew,996331,MENU0037,Coffee Lemonade - Medium,260.0,2.0,520.0,Synthetic promotion,8.82,0,8.82,511.18,25.56,536.74,33.09,66.18,87.05,87.67
ABNAH Cafe Connaught Place,2026-03-04,BILL-OUT001-260304-0021,Dine In,Dine In,,,Beverage,Cold Coffee,996331,MENU0044,Classic Cold Coffee - Large,325.0,1.0,325.0,Synthetic promotion,8.48,0,8.48,316.52,15.83,332.35,48.58,48.58,84.65,85.38
ABNAH Cafe Connaught Place,2026-03-04,BILL-OUT001-260304-0022,Dine In,Dine In,,,Beverage,Cold Coffee,996331,MENU0048,Caramel Cold Coffee - Regular,285.0,1.0,285.0,Synthetic promotion,13.85,0,13.85,271.15,13.56,284.71,44.81,44.81,83.47,84.26
ABNAH Cafe Connaught Place,2026-03-04,BILL-OUT001-260304-0023,Dine In,Dine In,Guest 2221,9000002221,Beverage,Cold Coffee,996331,MENU0049,Caramel Cold Coffee - Medium,321.82,1.0,321.82,,0.0,0,0.0,321.82,16.09,337.91,50.74,50.74,84.23,84.98
ABNAH Cafe Connaught Place,2026-03-04,BILL-OUT001-260304-0024,Dine In,Dine In,,,Beverage,Cold Coffee,996331,MENU0050,Caramel Cold Coffee - Large,355.0,1.0,355.0,Synthetic promotion,21.06,0,21.06,333.94,16.7,350.64,56.7,56.7,83.02,83.83
ABNAH Cafe Connaught Place,2026-03-04,BILL-OUT001-260304-0025,Dine In,Dine In,,,Beverage,Tea,996331,MENU0051,Masala Chai Latte - Regular,197.9,2.0,395.8,Synthetic promotion,0.01,0,0.01,395.79,19.79,415.58,36.17,72.34,81.72,82.59
ABNAH Cafe Connaught Place,2026-03-04,BILL-OUT001-260304-0026,Delivery/Takeaway,Corporate Order,,,Beverage,Tea,996331,MENU0052,Masala Chai Latte - Medium,220.0,1.0,220.0,Synthetic promotion,4.52,0,4.52,215.48,10.77,226.25,40.96,40.96,80.99,81.9
ABNAH Cafe Connaught Place,2026-03-04,BILL-OUT001-260304-0027,Delivery/Takeaway,Corporate Order,,,Beverage,Tea,996331,MENU0055,Japanese Matcha Latte - Regular,266.84,1.0,266.84,,0.0,0,0.0,266.84,13.34,280.18,36.17,36.17,86.45,87.09
ABNAH Cafe Connaught Place,2026-03-04,BILL-OUT001-260304-0028,Dine In,Dine In,,,Beverage,Iced Tea,996331,MENU0060,Lemon Iced Tea - Large,255.0,1.0,255.0,Synthetic promotion,12.09,0,12.09,242.91,12.15,255.06,17.03,17.03,92.99,93.32
ABNAH Cafe Connaught Place,2026-03-04,BILL-OUT001-260304-0029,Dine In,Dine In,,,Beverage,Iced Tea,996331,MENU0062,Hibiscus Lime Iced Tea - Medium,250.0,1.0,250.0,Synthetic promotion,7.04,0,7.04,242.96,12.15,255.11,26.94,26.94,88.91,89.44
ABNAH Cafe Connaught Place,2026-03-04,BILL-OUT001-260304-0030,Delivery/Takeaway,Corporate Order,,,Beverage,Shake,996331,MENU0068,Choco Chip Shake - Regular,297.33,2.0,594.66,,0.0,0,0.0,594.67,29.73,624.4,34.11,68.22,88.53,89.07
ABNAH Cafe Connaught Place,2026-03-04,BILL-OUT001-260304-0031,Dine In,Dine In,,,Beverage,Shake,996331,MENU0071,Mixed Berry Shake - Regular,315.0,2.0,630.0,Synthetic promotion,20.25,0,20.25,609.75,30.49,640.24,61.21,122.42,79.92,80.88
ABNAH Cafe Connaught Place,2026-03-04,BILL-OUT001-260304-0032,Dine In,Dine In,,,Beverage,Shake,996331,MENU0072,Mixed Berry Shake - Medium,350.0,1.0,350.0,Synthetic promotion,17.89,0,17.89,332.11,16.61,348.72,69.6,69.6,79.04,80.04
ABNAH Cafe Connaught Place,2026-03-04,BILL-OUT001-260304-0033,Dine In,Dine In,,,Beverage,Smoothie,996331,MENU0074,Seasonal Smoothie - Regular,305.0,2.0,610.0,Synthetic promotion,34.85,0,34.85,575.15,28.76,603.91,33.37,66.74,88.4,88.95
ABNAH Cafe Connaught Place,2026-03-04,BILL-OUT001-260304-0034,Delivery/Takeaway,Takeaway,Guest 2895,9000002895,Food,Wraps,996331,MENU0077,Spicy Paneer Wrap,275.82,1.0,275.82,,0.0,0,0.0,275.82,13.79,289.61,73.36,73.36,73.4,74.67
ABNAH Cafe Connaught Place,2026-03-04,BILL-OUT001-260304-0035,Delivery/Takeaway,Takeaway,,,Food,Sandwiches,996331,MENU0079,Smoked Chipotle Paneer Sandwich,295.0,1.0,295.0,Synthetic promotion,17.17,0,17.17,277.83,13.89,291.72,90.66,90.66,67.37,68.92
ABNAH Cafe Connaught Place,2026-03-04,BILL-OUT001-260304-0036,Dine In,Dine In,Guest 7064,9000007064,Food,Sandwiches,996331,MENU0080,Pesto Veg Sandwich,280.0,1.0,280.0,Synthetic promotion,4.19,0,4.19,275.81,13.79,289.6,91.86,91.86,66.69,68.28
ABNAH Cafe Connaught Place,2026-03-04,BILL-OUT001-260304-0037,Dine In,Dine In,,,Food,Sandwiches,996331,MENU0081,Pepper Chicken Sandwich,318.81,1.0,318.81,,0.0,0,0.0,318.81,15.94,334.75,87.66,87.66,72.5,73.81
ABNAH Cafe Connaught Place,2026-03-04,BILL-OUT001-260304-0038,Dine In,Dine In,,,Food,Sandwiches,996331,MENU0082,Tandoori Chicken Sandwich,320.0,2.0,640.0,Synthetic promotion,0.21,0,0.21,639.79,31.99,671.78,87.66,175.32,72.6,73.9
ABNAH Cafe Connaught Place,2026-03-04,BILL-OUT001-260304-0039,Delivery/Takeaway,Corporate Order,,,Food,Toasts,996331,MENU0084,Chicken Pepperoni Avocado Toast,330.0,1.0,330.0,Synthetic promotion,13.69,0,13.69,316.31,15.82,332.13,68.54,68.54,78.33,79.36
ABNAH Cafe Connaught Place,2026-03-04,BILL-OUT001-260304-0040,Delivery/Takeaway,Takeaway,,,Food,Breakfast,996331,MENU0087,Cream Cheese Bagel,250.0,1.0,250.0,Synthetic promotion,7.71,0,7.71,242.29,12.11,254.4,54.49,54.49,77.51,78.58
ABNAH Cafe Connaught Place,2026-03-04,BILL-OUT001-260304-0041,Delivery/Takeaway,Corporate Order,,,Food,Breakfast,996331,MENU0088,Scallion Pepper Cream Cheese Bagel,265.0,1.0,265.0,Synthetic promotion,15.4,0,15.4,249.6,12.48,262.08,54.49,54.49,78.17,79.21
ABNAH Cafe Connaught Place,2026-03-04,BILL-OUT001-260304-0042,Dine In,Dine In,,,Food,Snacks,996331,MENU0091,Pesto Sundried Tomato Pin Wheel,225.0,2.0,450.0,Synthetic promotion,9.17,0,9.17,440.83,22.04,462.87,42.04,84.08,80.93,81.84
ABNAH Cafe Connaught Place,2026-03-04,BILL-OUT001-260304-0043,Delivery/Takeaway,Takeaway,,,Food,Snacks,996331,MENU0092,Turnover with Brioche Dough Chicken,257.1,2.0,514.2,,0.0,0,0.0,514.2,25.71,539.91,87.54,175.08,65.95,67.57
ABNAH Cafe Connaught Place,2026-03-04,BILL-OUT001-260304-0044,Delivery/Takeaway,Takeaway,,,Food,Baked Goods,996331,MENU0094,Butter Croissant,198.11,1.0,198.11,,0.0,0,0.0,198.11,9.91,208.02,58.04,58.04,70.7,72.1
ABNAH Cafe Connaught Place,2026-03-04,BILL-OUT001-260304-0045,Dine In,Dine In,,,Food,Baked Goods,996331,MENU0096,Chocolate Croissant,235.0,2.0,470.0,Synthetic promotion,23.59,0,23.59,446.41,22.32,468.73,64.54,129.08,71.08,72.46
ABNAH Cafe Connaught Place,2026-03-04,BILL-OUT001-260304-0046,Dine In,Dine In,,,Food,Baked Goods,996331,MENU0098,Sriracha Chicken Croissant,276.34,1.0,276.34,,0.0,0,0.0,276.34,13.82,290.16,81.14,81.14,70.64,72.04
ABNAH Cafe Connaught Place,2026-03-04,BILL-OUT001-260304-0047,Dine In,Dine In,Guest 3122,9000003122,Dessert,Baked Goods,996331,MENU0099,Cinnamon Roll with Cream Cheese,223.34,1.0,223.34,,0.0,0,0.0,223.34,11.17,234.51,52.57,52.57,76.46,77.58
ABNAH Cafe Connaught Place,2026-03-04,BILL-OUT001-260304-0048,Dine In,Dine In,,,Dessert,Baked Goods,996331,MENU0100,Banana Walnut Tea Cake,205.0,1.0,205.0,Synthetic promotion,6.02,0,6.02,198.98,9.95,208.93,61.61,61.61,69.04,70.51
ABNAH Cafe Connaught Place,2026-03-04,BILL-OUT001-260304-0049,Delivery/Takeaway,Takeaway,,,Dessert,Baked Goods,996331,MENU0101,Lemon Raspberry Tea Cake,215.0,1.0,215.0,Synthetic promotion,7.88,0,7.88,207.12,10.36,217.48,56.57,56.57,72.69,73.99
ABNAH Cafe Connaught Place,2026-03-04,BILL-OUT001-260304-0050,Delivery/Takeaway,Corporate Order,Guest 5007,9000005007,Dessert,Desserts,996331,MENU0109,Basque Cheesecake,310.0,1.0,310.0,Synthetic promotion,18.54,0,18.54,291.46,14.57,306.03,82.57,82.57,71.67,73.02
ABNAH Cafe Connaught Place,2026-03-05,BILL-OUT001-260305-0001,Dine In,Dine In,,,Beverage,Coffee Classics,996331,MENU0003,Americano - Regular,185.0,6.0,1110.0,Synthetic promotion,60.35,0,60.35,1049.65,52.48,1102.13,23.21,139.26,86.73,87.36
ABNAH Cafe Connaught Place,2026-03-05,BILL-OUT001-260305-0002,Delivery/Takeaway,Takeaway,,,Beverage,Coffee Classics,996331,MENU0004,Americano - Medium,210.0,2.0,420.0,Synthetic promotion,9.9,0,9.9,410.1,20.5,430.6,26.05,52.1,87.3,87.9
ABNAH Cafe Connaught Place,2026-03-05,BILL-OUT001-260305-0003,Delivery/Takeaway,Takeaway,,,Beverage,Coffee Classics,996331,MENU0005,Americano - Large,235.0,1.0,235.0,Synthetic promotion,9.41,0,9.41,225.59,11.28,236.87,28.91,28.91,87.18,87.79
ABNAH Cafe Connaught Place,2026-03-05,BILL-OUT001-260305-0004,Delivery/Takeaway,Takeaway,,,Beverage,Coffee Classics,996331,MENU0007,Latte - Medium,250.49,1.0,250.49,,0.0,0,0.0,250.49,12.52,263.01,40.96,40.96,83.65,84.43
ABNAH Cafe Connaught Place,2026-03-05,BILL-OUT001-260305-0005,Delivery/Takeaway,Corporate Order,,,Beverage,Coffee Classics,996331,MENU0008,Latte - Large,275.0,2.0,550.0,Synthetic promotion,16.43,0,16.43,533.57,26.68,560.25,45.76,91.52,82.85,83.66
ABNAH Cafe Connaught Place,2026-03-05,BILL-OUT001-260305-0006,Delivery/Takeaway,Corporate Order,,,Beverage,Coffee Classics,996331,MENU0010,Cappuccino - Medium,250.0,3.0,750.0,Synthetic promotion,43.13,0,43.13,706.87,35.34,742.21,40.96,122.88,82.62,83.44
ABNAH Cafe Connaught Place,2026-03-05,BILL-OUT001-260305-0007,Dine In,Dine In,,,Beverage,Coffee Classics,996331,MENU0011,Cappuccino - Large,275.0,3.0,825.0,Synthetic promotion,17.0,0,17.0,808.0,40.4,848.4,45.76,137.28,83.01,83.82
ABNAH Cafe Connaught Place,2026-03-05,BILL-OUT001-260305-0008,Delivery/Takeaway,Takeaway,,,Beverage,Coffee Classics,996331,MENU0012,Flat White - Regular,236.5,2.0,473.0,,0.0,0,0.0,473.01,23.65,496.66,36.17,72.34,84.71,85.43
ABNAH Cafe Connaught Place,2026-03-05,BILL-OUT001-260305-0009,Delivery/Takeaway,Corporate Order,,,Beverage,Coffee Classics,996331,MENU0013,Flat White - Medium,261.66,4.0,1046.64,Synthetic promotion,0.01,0,0.01,1046.63,52.33,1098.96,40.96,163.84,84.35,85.09
ABNAH Cafe Connaught Place,2026-03-05,BILL-OUT001-260305-0010,Delivery/Takeaway,Corporate Order,,,Beverage,Coffee Classics,996331,MENU0014,Flat White - Large,285.0,2.0,570.0,Synthetic promotion,16.38,0,16.38,553.62,27.68,581.3,45.76,91.52,83.47,84.26
ABNAH Cafe Connaught Place,2026-03-05,BILL-OUT001-260305-0011,Delivery/Takeaway,Corporate Order,,,Beverage,Coffee Classics,996331,MENU0015,Mocha - Regular,245.0,2.0,490.0,Synthetic promotion,19.14,0,19.14,470.86,23.54,494.4,42.67,85.34,81.88,82.74
ABNAH Cafe Connaught Place,2026-03-05,BILL-OUT001-260305-0012,Delivery/Takeaway,Takeaway,,,Beverage,Coffee Classics,996331,MENU0016,Mocha - Medium,270.0,3.0,810.0,Synthetic promotion,7.61,0,7.61,802.39,40.12,842.51,48.42,145.26,81.9,82.76
ABNAH Cafe Connaught Place,2026-03-05,BILL-OUT001-260305-0013,Delivery/Takeaway,Takeaway,,,Beverage,Coffee Classics,996331,MENU0017,Mocha - Large,295.0,5.0,1475.0,Synthetic promotion,57.42,0,57.42,1417.58,70.88,1488.46,54.21,271.05,80.88,81.79
ABNAH Cafe Connaught Place,2026-03-05,BILL-OUT001-260305-0014,Delivery/Takeaway,Corporate Order,,,Beverage,Signature Coffee,996331,MENU0019,Sea Salt Mocha - Medium,305.0,1.0,305.0,Synthetic promotion,1.51,0,1.51,303.49,15.17,318.66,48.42,48.42,84.05,84.81
ABNAH Cafe Connaught Place,2026-03-05,BILL-OUT001-260305-0015,Delivery/Takeaway,Corporate Order,,,Beverage,Signature Coffee,996331,MENU0021,Orange Zest Mocha - Regular,270.0,1.0,270.0,Synthetic promotion,6.03,0,6.03,263.97,13.2,277.17,42.67,42.67,83.84,84.61
ABNAH Cafe Connaught Place,2026-03-05,BILL-OUT001-260305-0016,Delivery/Takeaway,Takeaway,,,Beverage,Signature Coffee,996331,MENU0022,Orange Zest Mocha - Medium,300.0,1.0,300.0,Synthetic promotion,0.13,0,0.13,299.87,14.99,314.86,48.42,48.42,83.85,84.62
ABNAH Cafe Connaught Place,2026-03-05,BILL-OUT001-260305-0017,Delivery/Takeaway,Takeaway,Guest 1357,9000001357,Beverage,Signature Coffee,996331,MENU0023,Orange Zest Mocha - Large,335.17,1.0,335.17,,0.0,0,0.0,335.17,16.76,351.93,54.21,54.21,83.83,84.6
ABNAH Cafe Connaught Place,2026-03-05,BILL-OUT001-260305-0018,Delivery/Takeaway,Corporate Order,,,Beverage,Signature Coffee,996331,MENU0024,Caramel Macchiato - Regular,265.0,1.0,265.0,Synthetic promotion,11.42,0,11.42,253.58,12.68,266.26,42.42,42.42,83.27,84.07
ABNAH Cafe Connaught Place,2026-03-05,BILL-OUT001-260305-0019,Delivery/Takeaway,Corporate Order,,,Beverage,Signature Coffee,996331,MENU0025,Caramel Macchiato - Medium,295.0,1.0,295.0,Synthetic promotion,3.03,0,3.03,291.97,14.6,306.57,48.13,48.13,83.52,84.3
ABNAH Cafe Connaught Place,2026-03-05,BILL-OUT001-260305-0020,Dine In,Dine In,,,Beverage,Signature Coffee,996331,MENU0029,French Vanilla Latte - Large,329.9,2.0,659.8,,0.0,0,0.0,659.8,32.99,692.79,53.56,107.12,83.76,84.54
ABNAH Cafe Connaught Place,2026-03-05,BILL-OUT001-260305-0021,Delivery/Takeaway,Corporate Order,,,Beverage,Signature Coffee,996331,MENU0030,Vegan Iced Latte - Regular,290.66,1.0,290.66,,0.0,0,0.0,290.66,14.53,305.19,58.9,58.9,79.74,80.7
ABNAH Cafe Connaught Place,2026-03-05,BILL-OUT001-260305-0022,Dine In,Dine In,,,Beverage,Signature Coffee,996331,MENU0032,Vegan Iced Latte - Large,335.0,2.0,670.0,Synthetic promotion,2.24,0,2.24,667.76,33.39,701.15,75.02,150.04,77.53,78.6
ABNAH Cafe Connaught Place,2026-03-05,BILL-OUT001-260305-0023,Delivery/Takeaway,Takeaway,Guest 5737,9000005737,Beverage,Cold Brew,996331,MENU0033,Classic Cold Brew - Regular,228.25,1.0,228.25,,0.0,0,0.0,228.25,11.41,239.66,25.6,25.6,88.78,89.32
ABNAH Cafe Connaught Place,2026-03-05,BILL-OUT001-260305-0024,Dine In,Dine In,,,Beverage,Cold Brew,996331,MENU0034,Classic Cold Brew - Medium,250.0,2.0,500.0,Synthetic promotion,17.77,0,17.77,482.23,24.11,506.34,28.66,57.32,88.11,88.68
ABNAH Cafe Connaught Place,2026-03-05,BILL-OUT001-260305-0025,Dine In,Dine In,Guest 4099,9000004099,Beverage,Cold Brew,996331,MENU0036,Coffee Lemonade - Regular,235.0,1.0,235.0,Synthetic promotion,7.68,0,7.68,227.32,11.37,238.69,29.45,29.45,87.04,87.66
ABNAH Cafe Connaught Place,2026-03-05,BILL-OUT001-260305-0026,Delivery/Takeaway,Takeaway,,,Beverage,Cold Brew,996331,MENU0037,Coffee Lemonade - Medium,260.0,3.0,780.0,Synthetic promotion,20.95,0,20.95,759.05,37.95,797.0,33.09,99.27,86.92,87.54
ABNAH Cafe Connaught Place,2026-03-05,BILL-OUT001-260305-0027,Delivery/Takeaway,Corporate Order,,,Beverage,Cold Brew,996331,MENU0040,Vietnamese Shakerato - Medium,283.93,1.0,283.93,,0.0,0,0.0,283.93,14.2,298.13,28.66,28.66,89.91,90.39
ABNAH Cafe Connaught Place,2026-03-05,BILL-OUT001-260305-0028,Delivery/Takeaway,Corporate Order,,,Beverage,Cold Brew,996331,MENU0041,Vietnamese Shakerato - Large,305.0,1.0,305.0,Synthetic promotion,1.71,0,1.71,303.29,15.16,318.45,31.73,31.73,89.54,90.04
ABNAH Cafe Connaught Place,2026-03-05,BILL-OUT001-260305-0029,Dine In,Dine In,,,Beverage,Cold Coffee,996331,MENU0042,Classic Cold Coffee - Regular,259.64,2.0,519.28,,0.0,0,0.0,519.28,25.96,545.24,38.56,77.12,85.15,85.86
ABNAH Cafe Connaught Place,2026-03-05,BILL-OUT001-260305-0030,Delivery/Takeaway,Takeaway,Guest 0621,9000000621,Beverage,Cold Coffee,996331,MENU0045,Mocha Cold Coffee - Regular,285.0,1.0,285.0,Synthetic promotion,11.52,0,11.52,273.48,13.67,287.15,45.06,45.06,83.52,84.31
ABNAH Cafe Connaught Place,2026-03-05,BILL-OUT001-260305-0031,Delivery/Takeaway,Takeaway,,,Beverage,Cold Coffee,996331,MENU0046,Mocha Cold Coffee - Medium,321.8,1.0,321.8,,0.0,0,0.0,321.8,16.09,337.89,51.03,51.03,84.14,84.9
ABNAH Cafe Connaught Place,2026-03-05,BILL-OUT001-260305-0032,Dine In,Dine In,,,Beverage,Cold Coffee,996331,MENU0047,Mocha Cold Coffee - Large,355.0,2.0,710.0,Synthetic promotion,17.72,0,17.72,692.28,34.61,726.89,57.03,114.06,83.52,84.31
ABNAH Cafe Connaught Place,2026-03-05,BILL-OUT001-260305-0033,Dine In,Dine In,,,Beverage,Tea,996331,MENU0053,Masala Chai Latte - Large,245.0,1.0,245.0,Synthetic promotion,13.52,0,13.52,231.48,11.57,243.05,45.76,45.76,80.23,81.17
ABNAH Cafe Connaught Place,2026-03-05,BILL-OUT001-260305-0034,Delivery/Takeaway,Corporate Order,,,Beverage,Tea,996331,MENU0054,Himalayan Green Tea,210.0,3.0,630.0,Synthetic promotion,17.64,0,17.64,612.36,30.62,642.98,8.67,26.01,95.75,95.95
ABNAH Cafe Connaught Place,2026-03-05,BILL-OUT001-260305-0035,Delivery/Takeaway,Corporate Order,,,Beverage,Tea,996331,MENU0055,Japanese Matcha Latte - Regular,269.88,1.0,269.88,,0.0,0,0.0,269.88,13.49,283.37,36.17,36.17,86.6,87.24
ABNAH Cafe Connaught Place,2026-03-05,BILL-OUT001-260305-0036,Dine In,Dine In,,,Beverage,Tea,996331,MENU0056,Japanese Matcha Latte - Medium,295.0,1.0,295.0,Synthetic promotion,9.51,0,9.51,285.49,14.27,299.76,40.96,40.96,85.65,86.34
ABNAH Cafe Connaught Place,2026-03-05,BILL-OUT001-260305-0037,Dine In,Dine In,,,Beverage,Iced Tea,996331,MENU0058,Lemon Iced Tea - Regular,208.7,1.0,208.7,,0.0,0,0.0,208.7,10.44,219.14,14.29,14.29,93.15,93.48
ABNAH Cafe Connaught Place,2026-03-05,BILL-OUT001-260305-0038,Delivery/Takeaway,Takeaway,,,Beverage,Iced Tea,996331,MENU0059,Lemon Iced Tea - Medium,232.99,1.0,232.99,,0.0,0,0.0,232.99,11.65,244.64,15.66,15.66,93.28,93.6
ABNAH Cafe Connaught Place,2026-03-05,BILL-OUT001-260305-0039,Dine In,Dine In,,,Beverage,Iced Tea,996331,MENU0060,Lemon Iced Tea - Large,255.0,1.0,255.0,Synthetic promotion,13.96,0,13.96,241.04,12.05,253.09,17.03,17.03,92.93,93.27
ABNAH Cafe Connaught Place,2026-03-05,BILL-OUT001-260305-0040,Delivery/Takeaway,Takeaway,Guest 4148,9000004148,Beverage,Shake,996331,MENU0070,Choco Chip Shake - Large,365.0,1.0,365.0,Synthetic promotion,11.29,0,11.29,353.71,17.69,371.4,42.79,42.79,87.9,88.48
ABNAH Cafe Connaught Place,2026-03-05,BILL-OUT001-260305-0041,Dine In,Dine In,Guest 5969,9000005969,Food,Wraps,996331,MENU0077,Spicy Paneer Wrap,278.48,1.0,278.48,,0.0,0,0.0,278.48,13.92,292.4,73.36,73.36,73.66,74.91
ABNAH Cafe Connaught Place,2026-03-05,BILL-OUT001-260305-0042,Delivery/Takeaway,Takeaway,,,Food,Sandwiches,996331,MENU0079,Smoked Chipotle Paneer Sandwich,295.0,1.0,295.0,Synthetic promotion,6.06,0,6.06,288.94,14.45,303.39,90.66,90.66,68.62,70.12
ABNAH Cafe Connaught Place,2026-03-05,BILL-OUT001-260305-0043,Dine In,Dine In,,,Food,Sandwiches,996331,MENU0080,Pesto Veg Sandwich,280.64,2.0,561.28,,0.0,0,0.0,561.29,28.06,589.35,91.86,183.72,67.27,68.83
ABNAH Cafe Connaught Place,2026-03-05,BILL-OUT001-260305-0044,Delivery/Takeaway,Takeaway,,,Food,Sandwiches,996331,MENU0081,Pepper Chicken Sandwich,315.0,3.0,945.0,Synthetic promotion,26.48,0,26.48,918.52,45.93,964.45,87.66,262.98,71.37,72.73
ABNAH Cafe Connaught Place,2026-03-05,BILL-OUT001-260305-0045,Dine In,Dine In,,,Food,Sandwiches,996331,MENU0082,Tandoori Chicken Sandwich,320.0,1.0,320.0,Synthetic promotion,8.16,0,8.16,311.84,15.59,327.43,87.66,87.66,71.89,73.23
ABNAH Cafe Connaught Place,2026-03-05,BILL-OUT001-260305-0046,Delivery/Takeaway,Takeaway,,,Food,Toasts,996331,MENU0084,Chicken Pepperoni Avocado Toast,330.0,1.0,330.0,Synthetic promotion,7.06,0,7.06,322.94,16.15,339.09,68.54,68.54,78.78,79.79
ABNAH Cafe Connaught Place,2026-03-05,BILL-OUT001-260305-0047,Dine In,Dine In,Guest 7475,9000007475,Food,Breakfast,996331,MENU0089,Masala Egg Bun,225.0,1.0,225.0,Synthetic promotion,7.83,0,7.83,217.17,10.86,228.03,42.74,42.74,80.32,81.26
ABNAH Cafe Connaught Place,2026-03-05,BILL-OUT001-260305-0048,Dine In,Dine In,Guest 2225,9000002225,Food,Snacks,996331,MENU0090,Marinara Cheese Pin Wheels,215.0,1.0,215.0,Synthetic promotion,4.19,0,4.19,210.81,10.54,221.35,38.29,38.29,81.84,82.7
ABNAH Cafe Connaught Place,2026-03-05,BILL-OUT001-260305-0049,Delivery/Takeaway,Corporate Order,Guest 2320,9000002320,Food,Baked Goods,996331,MENU0095,Almond Croissant,245.0,2.0,490.0,Synthetic promotion,8.31,0,8.31,481.69,24.08,505.77,58.04,116.08,75.9,77.05
ABNAH Cafe Connaught Place,2026-03-05,BILL-OUT001-260305-0050,Delivery/Takeaway,Takeaway,,,Food,Baked Goods,996331,MENU0097,Mushroom Cheese Croissant,255.0,1.0,255.0,Synthetic promotion,5.67,0,5.67,249.33,12.47,261.8,74.84,74.84,69.98,71.41
ABNAH Cafe Connaught Place,2026-03-05,BILL-OUT001-260305-0051,Delivery/Takeaway,Takeaway,,,Dessert,Baked Goods,996331,MENU0099,Cinnamon Roll with Cream Cheese,222.87,1.0,222.87,,0.0,0,0.0,222.87,11.14,234.01,52.57,52.57,76.41,77.54
ABNAH Cafe Connaught Place,2026-03-05,BILL-OUT001-260305-0052,Delivery/Takeaway,Corporate Order,,,Dessert,Baked Goods,996331,MENU0101,Lemon Raspberry Tea Cake,215.0,1.0,215.0,Synthetic promotion,3.29,0,3.29,211.71,10.59,222.3,56.57,56.57,73.28,74.55
ABNAH Cafe Connaught Place,2026-03-05,BILL-OUT001-260305-0053,Delivery/Takeaway,Takeaway,,,Dessert,Desserts,996331,MENU0109,Basque Cheesecake,310.0,1.0,310.0,Synthetic promotion,5.43,0,5.43,304.57,15.23,319.8,82.57,82.57,72.89,74.18
ABNAH Cafe Connaught Place,2026-03-06,BILL-OUT001-260306-0001,Dine In,Dine In,,,Beverage,Coffee Classics,996331,MENU0003,Americano - Regular,185.0,5.0,925.0,Synthetic promotion,32.73,0,32.73,892.27,44.61,936.88,23.21,116.05,86.99,87.61
ABNAH Cafe Connaught Place,2026-03-06,BILL-OUT001-260306-0002,Dine In,Dine In,,,Beverage,Coffee Classics,996331,MENU0004,Americano - Medium,210.0,4.0,840.0,Synthetic promotion,15.14,0,15.14,824.86,41.24,866.1,26.05,104.2,87.37,87.97
ABNAH Cafe Connaught Place,2026-03-06,BILL-OUT001-260306-0003,Delivery/Takeaway,Corporate Order,Guest 3118,9000003118,Beverage,Coffee Classics,996331,MENU0005,Americano - Large,235.0,1.0,235.0,Synthetic promotion,5.72,0,5.72,229.28,11.46,240.74,28.91,28.91,87.39,87.99
ABNAH Cafe Connaught Place,2026-03-06,BILL-OUT001-260306-0004,Delivery/Takeaway,Corporate Order,,,Beverage,Coffee Classics,996331,MENU0006,Latte - Regular,225.0,2.0,450.0,Synthetic promotion,19.22,0,19.22,430.78,21.54,452.32,36.17,72.34,83.21,84.01
ABNAH Cafe Connaught Place,2026-03-06,BILL-OUT001-260306-0005,Delivery/Takeaway,Corporate Order,Guest 2059,9000002059,Beverage,Coffee Classics,996331,MENU0008,Latte - Large,275.0,2.0,550.0,Synthetic promotion,4.23,0,4.23,545.77,27.29,573.06,45.76,91.52,83.23,84.03
ABNAH Cafe Connaught Place,2026-03-06,BILL-OUT001-260306-0006,Delivery/Takeaway,Corporate Order,,,Beverage,Coffee Classics,996331,MENU0009,Cappuccino - Regular,225.0,2.0,450.0,Synthetic promotion,12.61,0,12.61,437.39,21.87,459.26,36.17,72.34,83.46,84.25
ABNAH Cafe Connaught Place,2026-03-06,BILL-OUT001-260306-0007,Delivery/Takeaway,Takeaway,,,Beverage,Coffee Classics,996331,MENU0010,Cappuccino - Medium,250.0,4.0,1000.0,Synthetic promotion,35.16,0,35.16,964.84,48.24,1013.08,40.96,163.84,83.02,83.83
ABNAH Cafe Connaught Place,2026-03-06,BILL-OUT001-260306-0008,Delivery/Takeaway,Corporate Order,,,Beverage,Coffee Classics,996331,MENU0011,Cappuccino - Large,275.0,2.0,550.0,Synthetic promotion,0.2,0,0.2,549.8,27.49,577.29,45.76,91.52,83.35,84.15
ABNAH Cafe Connaught Place,2026-03-06,BILL-OUT001-260306-0009,Delivery/Takeaway,Corporate Order,,,Beverage,Coffee Classics,996331,MENU0012,Flat White - Regular,235.0,4.0,940.0,Synthetic promotion,5.15,0,5.15,934.85,46.74,981.59,36.17,144.68,84.52,85.26
ABNAH Cafe Connaught Place,2026-03-06,BILL-OUT001-260306-0010,Dine In,Dine In,,,Beverage,Coffee Classics,996331,MENU0013,Flat White - Medium,260.0,1.0,260.0,Synthetic promotion,9.13,0,9.13,250.87,12.54,263.41,40.96,40.96,83.67,84.45
ABNAH Cafe Connaught Place,2026-03-06,BILL-OUT001-260306-0011,Delivery/Takeaway,Corporate Order,,,Beverage,Coffee Classics,996331,MENU0015,Mocha - Regular,247.69,3.0,743.07,,0.0,0,0.0,743.07,37.15,780.22,42.67,128.01,82.77,83.59
ABNAH Cafe Connaught Place,2026-03-06,BILL-OUT001-260306-0012,Delivery/Takeaway,Takeaway,Guest 0771,9000000771,Beverage,Coffee Classics,996331,MENU0016,Mocha - Medium,270.0,3.0,810.0,Synthetic promotion,9.67,0,9.67,800.33,40.02,840.35,48.42,145.26,81.85,82.71
ABNAH Cafe Connaught Place,2026-03-06,BILL-OUT001-260306-0013,Delivery/Takeaway,Corporate Order,,,Beverage,Coffee Classics,996331,MENU0017,Mocha - Large,295.0,1.0,295.0,Synthetic promotion,14.61,0,14.61,280.39,14.02,294.41,54.21,54.21,80.67,81.59
ABNAH Cafe Connaught Place,2026-03-06,BILL-OUT001-260306-0014,Dine In,Dine In,,,Beverage,Signature Coffee,996331,MENU0018,Sea Salt Mocha - Regular,277.39,1.0,277.39,,0.0,0,0.0,277.39,13.87,291.26,42.67,42.67,84.62,85.35
ABNAH Cafe Connaught Place,2026-03-06,BILL-OUT001-260306-0015,Delivery/Takeaway,Takeaway,,,Beverage,Signature Coffee,996331,MENU0022,Orange Zest Mocha - Medium,300.0,3.0,900.0,Synthetic promotion,39.0,0,39.0,861.0,43.05,904.05,48.42,145.26,83.13,83.93
ABNAH Cafe Connaught Place,2026-03-06,BILL-OUT001-260306-0016,Dine In,Dine In,,,Beverage,Signature Coffee,996331,MENU0027,French Vanilla Latte - Regular,265.0,1.0,265.0,Synthetic promotion,14.86,0,14.86,250.14,12.51,262.65,42.17,42.17,83.14,83.94
ABNAH Cafe Connaught Place,2026-03-06,BILL-OUT001-260306-0017,Dine In,Dine In,Guest 5305,9000005305,Beverage,Signature Coffee,996331,MENU0028,French Vanilla Latte - Medium,295.0,1.0,295.0,Synthetic promotion,1.3,0,1.3,293.7,14.69,308.39,47.85,47.85,83.71,84.48
ABNAH Cafe Connaught Place,2026-03-06,BILL-OUT001-260306-0018,Delivery/Takeaway,Corporate Order,Guest 7673,9000007673,Beverage,Signature Coffee,996331,MENU0030,Vegan Iced Latte - Regular,285.0,1.0,285.0,Synthetic promotion,5.61,0,5.61,279.39,13.97,293.36,58.9,58.9,78.92,79.92
ABNAH Cafe Connaught Place,2026-03-06,BILL-OUT001-260306-0019,Delivery/Takeaway,Corporate Order,Guest 4471,9000004471,Beverage,Signature Coffee,996331,MENU0031,Vegan Iced Latte - Medium,310.0,2.0,620.0,Synthetic promotion,28.12,0,28.12,591.88,29.59,621.47,66.95,133.9,77.38,78.45
ABNAH Cafe Connaught Place,2026-03-06,BILL-OUT001-260306-0020,Dine In,Dine In,,,Beverage,Signature Coffee,996331,MENU0032,Vegan Iced Latte - Large,335.59,1.0,335.59,,0.0,0,0.0,335.59,16.78,352.37,75.02,75.02,77.65,78.71
ABNAH Cafe Connaught Place,2026-03-06,BILL-OUT001-260306-0021,Dine In,Dine In,,,Beverage,Cold Brew,996331,MENU0033,Classic Cold Brew - Regular,225.0,2.0,450.0,Synthetic promotion,3.47,0,3.47,446.53,22.33,468.86,25.6,51.2,88.53,89.08
ABNAH Cafe Connaught Place,2026-03-06,BILL-OUT001-260306-0022,Delivery/Takeaway,Takeaway,Guest 3119,9000003119,Beverage,Cold Brew,996331,MENU0034,Classic Cold Brew - Medium,250.0,1.0,250.0,Synthetic promotion,6.63,0,6.63,243.37,12.17,255.54,28.66,28.66,88.22,88.78
ABNAH Cafe Connaught Place,2026-03-06,BILL-OUT001-260306-0023,Delivery/Takeaway,Takeaway,,,Beverage,Cold Brew,996331,MENU0036,Coffee Lemonade - Regular,238.63,1.0,238.63,,0.0,0,0.0,238.63,11.93,250.56,29.45,29.45,87.66,88.25
ABNAH Cafe Connaught Place,2026-03-06,BILL-OUT001-260306-0024,Delivery/Takeaway,Takeaway,,,Beverage,Cold Brew,996331,MENU0037,Coffee Lemonade - Medium,260.0,2.0,520.0,Synthetic promotion,0.76,0,0.76,519.24,25.96,545.2,33.09,66.18,87.25,87.86
ABNAH Cafe Connaught Place,2026-03-06,BILL-OUT001-260306-0025,Dine In,Dine In,Guest 6125,9000006125,Beverage,Cold Brew,996331,MENU0039,Vietnamese Shakerato - Regular,255.0,2.0,510.0,Synthetic promotion,3.1,0,3.1,506.9,25.34,532.24,25.6,51.2,89.9,90.38
ABNAH Cafe Connaught Place,2026-03-06,BILL-OUT001-260306-0026,Delivery/Takeaway,Corporate Order,,,Beverage,Cold Brew,996331,MENU0040,Vietnamese Shakerato - Medium,280.0,1.0,280.0,Synthetic promotion,4.33,0,4.33,275.67,13.78,289.45,28.66,28.66,89.6,90.1
ABNAH Cafe Connaught Place,2026-03-06,BILL-OUT001-260306-0027,Delivery/Takeaway,Takeaway,Guest 4836,9000004836,Beverage,Cold Coffee,996331,MENU0042,Classic Cold Coffee - Regular,255.0,3.0,765.0,Synthetic promotion,23.65,0,23.65,741.35,37.07,778.42,38.56,115.68,84.4,85.14
ABNAH Cafe Connaught Place,2026-03-06,BILL-OUT001-260306-0028,Delivery/Takeaway,Corporate Order,,,Beverage,Cold Coffee,996331,MENU0043,Classic Cold Coffee - Medium,290.0,2.0,580.0,Synthetic promotion,31.41,0,31.41,548.59,27.43,576.02,43.56,87.12,84.12,84.88
ABNAH Cafe Connaught Place,2026-03-06,BILL-OUT001-260306-0029,Delivery/Takeaway,Corporate Order,,,Beverage,Cold Coffee,996331,MENU0044,Classic Cold Coffee - Large,325.0,1.0,325.0,Synthetic promotion,10.7,0,10.7,314.3,15.71,330.01,48.58,48.58,84.54,85.28
ABNAH Cafe Connaught Place,2026-03-06,BILL-OUT001-260306-0030,Delivery/Takeaway,Takeaway,Guest 5253,9000005253,Beverage,Cold Coffee,996331,MENU0047,Mocha Cold Coffee - Large,355.0,1.0,355.0,Synthetic promotion,8.15,0,8.15,346.85,17.34,364.19,57.03,57.03,83.56,84.34
ABNAH Cafe Connaught Place,2026-03-06,BILL-OUT001-260306-0031,Delivery/Takeaway,Corporate Order,,,Beverage,Cold Coffee,996331,MENU0048,Caramel Cold Coffee - Regular,285.0,2.0,570.0,Synthetic promotion,2.83,0,2.83,567.17,28.36,595.53,44.81,89.62,84.2,84.95
ABNAH Cafe Connaught Place,2026-03-06,BILL-OUT001-260306-0032,Delivery/Takeaway,Corporate Order,,,Beverage,Cold Coffee,996331,MENU0049,Caramel Cold Coffee - Medium,320.0,3.0,960.0,Synthetic promotion,16.32,0,16.32,943.68,47.18,990.86,50.74,152.22,83.87,84.64
ABNAH Cafe Connaught Place,2026-03-06,BILL-OUT001-260306-0033,Dine In,Dine In,,,Beverage,Tea,996331,MENU0051,Masala Chai Latte - Regular,195.0,1.0,195.0,Synthetic promotion,9.94,0,9.94,185.06,9.25,194.31,36.17,36.17,80.45,81.39
ABNAH Cafe Connaught Place,2026-03-06,BILL-OUT001-260306-0034,Delivery/Takeaway,Corporate Order,Guest 0053,9000000053,Beverage,Tea,996331,MENU0052,Masala Chai Latte - Medium,220.0,2.0,440.0,Synthetic promotion,14.15,0,14.15,425.85,21.29,447.14,40.96,81.92,80.76,81.68
ABNAH Cafe Connaught Place,2026-03-06,BILL-OUT001-260306-0035,Delivery/Takeaway,Corporate Order,,,Beverage,Tea,996331,MENU0054,Himalayan Green Tea,210.0,2.0,420.0,Synthetic promotion,6.38,0,6.38,413.62,20.68,434.3,8.67,17.34,95.81,96.01
ABNAH Cafe Connaught Place,2026-03-06,BILL-OUT001-260306-0036,Dine In,Dine In,,,Beverage,Tea,996331,MENU0056,Japanese Matcha Latte - Medium,296.8,1.0,296.8,,0.0,0,0.0,296.8,14.84,311.64,40.96,40.96,86.2,86.86
ABNAH Cafe Connaught Place,2026-03-06,BILL-OUT001-260306-0037,Dine In,Dine In,Guest 0278,9000000278,Beverage,Iced Tea,996331,MENU0058,Lemon Iced Tea - Regular,205.0,1.0,205.0,Synthetic promotion,5.77,0,5.77,199.23,9.96,209.19,14.29,14.29,92.83,93.17
ABNAH Cafe Connaught Place,2026-03-06,BILL-OUT001-260306-0038,Delivery/Takeaway,Takeaway,,,Beverage,Iced Tea,996331,MENU0062,Hibiscus Lime Iced Tea - Medium,250.0,1.0,250.0,Synthetic promotion,2.81,0,2.81,247.19,12.36,259.55,26.94,26.94,89.1,89.62
ABNAH Cafe Connaught Place,2026-03-06,BILL-OUT001-260306-0039,Delivery/Takeaway,Takeaway,,,Beverage,Shake,996331,MENU0068,Choco Chip Shake - Regular,295.0,1.0,295.0,Synthetic promotion,4.3,0,4.3,290.7,14.54,305.24,34.11,34.11,88.27,88.83
ABNAH Cafe Connaught Place,2026-03-06,BILL-OUT001-260306-0040,Delivery/Takeaway,Corporate Order,,,Beverage,Shake,996331,MENU0072,Mixed Berry Shake - Medium,356.14,1.0,356.14,,0.0,0,0.0,356.14,17.81,373.95,69.6,69.6,80.46,81.39
ABNAH Cafe Connaught Place,2026-03-06,BILL-OUT001-260306-0041,Dine In,Dine In,,,Beverage,Shake,996331,MENU0073,Mixed Berry Shake - Large,392.39,1.0,392.39,,0.0,0,0.0,392.39,19.62,412.01,78.02,78.02,80.12,81.06
ABNAH Cafe Connaught Place,2026-03-06,BILL-OUT001-260306-0042,Dine In,Dine In,,,Beverage,Smoothie,996331,MENU0074,Seasonal Smoothie - Regular,305.0,1.0,305.0,Synthetic promotion,2.13,0,2.13,302.87,15.14,318.01,33.37,33.37,88.98,89.51
ABNAH Cafe Connaught Place,2026-03-06,BILL-OUT001-260306-0043,Delivery/Takeaway,Corporate Order,Guest 7435,9000007435,Food,Wraps,996331,MENU0077,Spicy Paneer Wrap,279.72,1.0,279.72,,0.0,0,0.0,279.72,13.99,293.71,73.36,73.36,73.77,75.02
ABNAH Cafe Connaught Place,2026-03-06,BILL-OUT001-260306-0044,Delivery/Takeaway,Corporate Order,,,Food,Sandwiches,996331,MENU0079,Smoked Chipotle Paneer Sandwich,299.96,1.0,299.96,,0.0,0,0.0,299.96,15.0,314.96,90.66,90.66,69.78,71.22
ABNAH Cafe Connaught Place,2026-03-06,BILL-OUT001-260306-0045,Delivery/Takeaway,Corporate Order,,,Food,Sandwiches,996331,MENU0081,Pepper Chicken Sandwich,315.0,2.0,630.0,Synthetic promotion,17.57,0,17.57,612.43,30.62,643.05,87.66,175.32,71.37,72.74
ABNAH Cafe Connaught Place,2026-03-06,BILL-OUT001-260306-0046,Delivery/Takeaway,Takeaway,Guest 2604,9000002604,Food,Sandwiches,996331,MENU0082,Tandoori Chicken Sandwich,320.0,2.0,640.0,Synthetic promotion,14.78,0,14.78,625.22,31.26,656.48,87.66,175.32,71.96,73.29
ABNAH Cafe Connaught Place,2026-03-06,BILL-OUT001-260306-0047,Dine In,Dine In,,,Food,Breakfast,996331,MENU0086,Breakfast Pancakes,287.14,1.0,287.14,,0.0,0,0.0,287.14,14.36,301.5,66.89,66.89,76.7,77.81
ABNAH Cafe Connaught Place,2026-03-06,BILL-OUT001-260306-0048,Delivery/Takeaway,Takeaway,,,Food,Breakfast,996331,MENU0088,Scallion Pepper Cream Cheese Bagel,265.0,1.0,265.0,Synthetic promotion,0.64,0,0.64,264.36,13.22,277.58,54.49,54.49,79.39,80.37
ABNAH Cafe Connaught Place,2026-03-06,BILL-OUT001-260306-0049,Dine In,Dine In,,,Food,Breakfast,996331,MENU0089,Masala Egg Bun,226.71,1.0,226.71,,0.0,0,0.0,226.71,11.34,238.05,42.74,42.74,81.15,82.05
ABNAH Cafe Connaught Place,2026-03-06,BILL-OUT001-260306-0050,Delivery/Takeaway,Corporate Order,Guest 5438,9000005438,Food,Snacks,996331,MENU0090,Marinara Cheese Pin Wheels,215.0,1.0,215.0,Synthetic promotion,12.08,0,12.08,202.92,10.15,213.07,38.29,38.29,81.13,82.03
ABNAH Cafe Connaught Place,2026-03-06,BILL-OUT001-260306-0051,Dine In,Dine In,Guest 1011,9000001011,Food,Snacks,996331,MENU0091,Pesto Sundried Tomato Pin Wheel,228.43,1.0,228.43,,0.0,0,0.0,228.43,11.42,239.85,42.04,42.04,81.6,82.47
ABNAH Cafe Connaught Place,2026-03-06,BILL-OUT001-260306-0052,Delivery/Takeaway,Corporate Order,,,Food,Snacks,996331,MENU0093,Turnover with Brioche Dough Veg,235.0,1.0,235.0,Synthetic promotion,2.22,0,2.22,232.78,11.64,244.42,89.94,89.94,61.36,63.2
ABNAH Cafe Connaught Place,2026-03-06,BILL-OUT001-260306-0053,Delivery/Takeaway,Corporate Order,,,Food,Baked Goods,996331,MENU0094,Butter Croissant,195.0,1.0,195.0,Synthetic promotion,0.76,0,0.76,194.24,9.71,203.95,58.04,58.04,70.12,71.54
ABNAH Cafe Connaught Place,2026-03-06,BILL-OUT001-260306-0054,Dine In,Dine In,,,Food,Baked Goods,996331,MENU0097,Mushroom Cheese Croissant,255.0,1.0,255.0,Synthetic promotion,13.96,0,13.96,241.04,12.05,253.09,74.84,74.84,68.95,70.43
ABNAH Cafe Connaught Place,2026-03-06,BILL-OUT001-260306-0055,Delivery/Takeaway,Corporate Order,,,Dessert,Baked Goods,996331,MENU0099,Cinnamon Roll with Cream Cheese,221.02,1.0,221.02,,0.0,0,0.0,221.02,11.05,232.07,52.57,52.57,76.21,77.35
ABNAH Cafe Connaught Place,2026-03-06,BILL-OUT001-260306-0056,Delivery/Takeaway,Takeaway,,,Dessert,Desserts,996331,MENU0102,Double Chocolate Truffle Cake,296.04,1.0,296.04,,0.0,0,0.0,296.04,14.8,310.84,63.07,63.07,78.7,79.71
ABNAH Cafe Connaught Place,2026-03-06,BILL-OUT001-260306-0057,Delivery/Takeaway,Corporate Order,,,Dessert,Desserts,996331,MENU0109,Basque Cheesecake,312.17,1.0,312.17,,0.0,0,0.0,312.17,15.61,327.78,82.57,82.57,73.55,74.81
ABNAH Cafe Connaught Place,2026-03-06,BILL-OUT001-260306-0058,Dine In,Dine In,,,Dessert,Baked Goods,996331,MENU0110,Multigrain Walnut Tea Cake,225.0,1.0,225.0,Synthetic promotion,7.2,0,7.2,217.8,10.89,228.69,56.57,56.57,74.03,75.26
ABNAH Cafe Connaught Place,2026-03-07,BILL-OUT001-260307-0001,Delivery/Takeaway,Takeaway,,,Beverage,Coffee Classics,996331,MENU0003,Americano - Regular,186.15,3.0,558.45,Synthetic promotion,0.01,0,0.01,558.44,27.92,586.36,23.21,69.63,87.53,88.13
ABNAH Cafe Connaught Place,2026-03-07,BILL-OUT001-260307-0002,Delivery/Takeaway,Corporate Order,,,Beverage,Coffee Classics,996331,MENU0004,Americano - Medium,210.0,2.0,420.0,Synthetic promotion,13.28,0,13.28,406.72,20.34,427.06,26.05,52.1,87.19,87.8
ABNAH Cafe Connaught Place,2026-03-07,BILL-OUT001-260307-0003,Dine In,Dine In,,,Beverage,Coffee Classics,996331,MENU0006,Latte - Regular,225.0,2.0,450.0,Synthetic promotion,22.18,0,22.18,427.82,21.39,449.21,36.17,72.34,83.09,83.9
ABNAH Cafe Connaught Place,2026-03-07,BILL-OUT001-260307-0004,Delivery/Takeaway,Corporate Order,,,Beverage,Coffee Classics,996331,MENU0007,Latte - Medium,250.0,1.0,250.0,Synthetic promotion,8.77,0,8.77,241.23,12.06,253.29,40.96,40.96,83.02,83.83
ABNAH Cafe Connaught Place,2026-03-07,BILL-OUT001-260307-0005,Dine In,Dine In,,,Beverage,Coffee Classics,996331,MENU0009,Cappuccino - Regular,225.0,5.0,1125.0,Synthetic promotion,26.22,0,26.22,1098.78,54.94,1153.72,36.17,180.85,83.54,84.32
ABNAH Cafe Connaught Place,2026-03-07,BILL-OUT001-260307-0006,Delivery/Takeaway,Corporate Order,,,Beverage,Coffee Classics,996331,MENU0010,Cappuccino - Medium,251.53,2.0,503.06,,0.0,0,0.0,503.07,25.15,528.22,40.96,81.92,83.72,84.49
ABNAH Cafe Connaught Place,2026-03-07,BILL-OUT001-260307-0007,Delivery/Takeaway,Corporate Order,,,Beverage,Coffee Classics,996331,MENU0012,Flat White - Regular,235.0,1.0,235.0,Synthetic promotion,7.11,0,7.11,227.89,11.39,239.28,36.17,36.17,84.13,84.88
ABNAH Cafe Connaught Place,2026-03-07,BILL-OUT001-260307-0008,Delivery/Takeaway,Takeaway,Guest 6730,9000006730,Beverage,Coffee Classics,996331,MENU0015,Mocha - Regular,245.0,3.0,735.0,Synthetic promotion,3.6,0,3.6,731.4,36.57,767.97,42.67,128.01,82.5,83.33
ABNAH Cafe Connaught Place,2026-03-07,BILL-OUT001-260307-0009,Dine In,Dine In,,,Beverage,Coffee Classics,996331,MENU0016,Mocha - Medium,270.46,2.0,540.92,,0.0,0,0.0,540.92,27.05,567.97,48.42,96.84,82.1,82.95
ABNAH Cafe Connaught Place,2026-03-07,BILL-OUT001-260307-0010,Dine In,Dine In,Guest 5240,9000005240,Beverage,Coffee Classics,996331,MENU0017,Mocha - Large,295.0,2.0,590.0,Synthetic promotion,7.53,0,7.53,582.47,29.12,611.59,54.21,108.42,81.39,82.27
ABNAH Cafe Connaught Place,2026-03-07,BILL-OUT001-260307-0011,Delivery/Takeaway,Corporate Order,,,Beverage,Signature Coffee,996331,MENU0021,Orange Zest Mocha - Regular,270.0,1.0,270.0,Synthetic promotion,3.66,0,3.66,266.34,13.32,279.66,42.67,42.67,83.98,84.74
ABNAH Cafe Connaught Place,2026-03-07,BILL-OUT001-260307-0012,Delivery/Takeaway,Corporate Order,,,Beverage,Signature Coffee,996331,MENU0022,Orange Zest Mocha - Medium,300.0,1.0,300.0,Synthetic promotion,17.33,0,17.33,282.67,14.13,296.8,48.42,48.42,82.87,83.69
ABNAH Cafe Connaught Place,2026-03-07,BILL-OUT001-260307-0013,Delivery/Takeaway,Takeaway,Guest 7846,9000007846,Beverage,Signature Coffee,996331,MENU0025,Caramel Macchiato - Medium,295.0,1.0,295.0,Synthetic promotion,14.84,0,14.84,280.16,14.01,294.17,48.13,48.13,82.82,83.64
ABNAH Cafe Connaught Place,2026-03-07,BILL-OUT001-260307-0014,Delivery/Takeaway,Corporate Order,Guest 2475,9000002475,Beverage,Signature Coffee,996331,MENU0026,Caramel Macchiato - Large,325.0,2.0,650.0,Synthetic promotion,13.43,0,13.43,636.57,31.83,668.4,53.88,107.76,83.07,83.88
ABNAH Cafe Connaught Place,2026-03-07,BILL-OUT001-260307-0015,Delivery/Takeaway,Corporate Order,,,Beverage,Signature Coffee,996331,MENU0029,French Vanilla Latte - Large,330.42,1.0,330.42,,0.0,0,0.0,330.42,16.52,346.94,53.56,53.56,83.79,84.56
ABNAH Cafe Connaught Place,2026-03-07,BILL-OUT001-260307-0016,Delivery/Takeaway,Takeaway,,,Beverage,Signature Coffee,996331,MENU0030,Vegan Iced Latte - Regular,285.0,2.0,570.0,Synthetic promotion,31.87,0,31.87,538.13,26.91,565.04,58.9,117.8,78.11,79.15
ABNAH Cafe Connaught Place,2026-03-07,BILL-OUT001-260307-0017,Delivery/Takeaway,Corporate Order,Guest 2174,9000002174,Beverage,Signature Coffee,996331,MENU0031,Vegan Iced Latte - Medium,310.0,1.0,310.0,Synthetic promotion,0.09,0,0.09,309.91,15.5,325.41,66.95,66.95,78.4,79.43
ABNAH Cafe Connaught Place,2026-03-07,BILL-OUT001-260307-0018,Dine In,Dine In,,,Beverage,Cold Brew,996331,MENU0033,Classic Cold Brew - Regular,228.58,1.0,228.58,,0.0,0,0.0,228.58,11.43,240.01,25.6,25.6,88.8,89.33
ABNAH Cafe Connaught Place,2026-03-07,BILL-OUT001-260307-0019,Delivery/Takeaway,Corporate Order,,,Beverage,Cold Brew,996331,MENU0034,Classic Cold Brew - Medium,250.0,1.0,250.0,Synthetic promotion,1.04,0,1.04,248.96,12.45,261.41,28.66,28.66,88.49,89.04
ABNAH Cafe Connaught Place,2026-03-07,BILL-OUT001-260307-0020,Delivery/Takeaway,Takeaway,,,Beverage,Cold Brew,996331,MENU0036,Coffee Lemonade - Regular,235.0,4.0,940.0,Synthetic promotion,51.73,0,51.73,888.27,44.41,932.68,29.45,117.8,86.74,87.37
ABNAH Cafe Connaught Place,2026-03-07,BILL-OUT001-260307-0021,Delivery/Takeaway,Takeaway,,,Beverage,Cold Coffee,996331,MENU0044,Classic Cold Coffee - Large,327.88,2.0,655.76,,0.0,0,0.0,655.77,32.79,688.56,48.58,97.16,85.18,85.89
ABNAH Cafe Connaught Place,2026-03-07,BILL-OUT001-260307-0022,Delivery/Takeaway,Corporate Order,,,Beverage,Cold Coffee,996331,MENU0045,Mocha Cold Coffee - Regular,285.0,1.0,285.0,Synthetic promotion,16.76,0,16.76,268.24,13.41,281.65,45.06,45.06,83.2,84.0
ABNAH Cafe Connaught Place,2026-03-07,BILL-OUT001-260307-0023,Delivery/Takeaway,Takeaway,Guest 5916,9000005916,Beverage,Cold Coffee,996331,MENU0047,Mocha Cold Coffee - Large,355.0,1.0,355.0,Synthetic promotion,18.38,0,18.38,336.62,16.83,353.45,57.03,57.03,83.06,83.86
ABNAH Cafe Connaught Place,2026-03-07,BILL-OUT001-260307-0024,Dine In,Dine In,,,Beverage,Cold Coffee,996331,MENU0049,Caramel Cold Coffee - Medium,325.37,1.0,325.37,,0.0,0,0.0,325.37,16.27,341.64,50.74,50.74,84.41,85.15
ABNAH Cafe Connaught Place,2026-03-07,BILL-OUT001-260307-0025,Dine In,Dine In,Guest 3737,9000003737,Beverage,Cold Coffee,996331,MENU0050,Caramel Cold Coffee - Large,355.0,1.0,355.0,Synthetic promotion,8.49,0,8.49,346.51,17.33,363.84,56.7,56.7,83.64,84.42
ABNAH Cafe Connaught Place,2026-03-07,BILL-OUT001-260307-0026,Delivery/Takeaway,Takeaway,,,Beverage,Tea,996331,MENU0052,Masala Chai Latte - Medium,220.0,1.0,220.0,Synthetic promotion,4.19,0,4.19,215.81,10.79,226.6,40.96,40.96,81.02,81.92
ABNAH Cafe Connaught Place,2026-03-07,BILL-OUT001-260307-0027,Dine In,Dine In,,,Beverage,Tea,996331,MENU0053,Masala Chai Latte - Large,245.29,2.0,490.58,,0.0,0,0.0,490.59,24.53,515.12,45.76,91.52,81.34,82.23
ABNAH Cafe Connaught Place,2026-03-07,BILL-OUT001-260307-0028,Delivery/Takeaway,Takeaway,,,Beverage,Tea,996331,MENU0054,Himalayan Green Tea,210.0,1.0,210.0,Synthetic promotion,11.7,0,11.7,198.3,9.91,208.21,8.67,8.67,95.63,95.84
ABNAH Cafe Connaught Place,2026-03-07,BILL-OUT001-260307-0029,Delivery/Takeaway,Takeaway,,,Beverage,Iced Tea,996331,MENU0058,Lemon Iced Tea - Regular,205.0,1.0,205.0,Synthetic promotion,3.62,0,3.62,201.38,10.07,211.45,14.29,14.29,92.9,93.24
ABNAH Cafe Connaught Place,2026-03-07,BILL-OUT001-260307-0030,Dine In,Dine In,Guest 6504,9000006504,Beverage,Iced Tea,996331,MENU0059,Lemon Iced Tea - Medium,233.91,1.0,233.91,,0.0,0,0.0,233.91,11.7,245.61,15.66,15.66,93.31,93.62
ABNAH Cafe Connaught Place,2026-03-07,BILL-OUT001-260307-0031,Delivery/Takeaway,Corporate Order,Guest 5585,9000005585,Beverage,Iced Tea,996331,MENU0062,Hibiscus Lime Iced Tea - Medium,250.0,1.0,250.0,Synthetic promotion,5.11,0,5.11,244.89,12.24,257.13,26.94,26.94,89.0,89.52
ABNAH Cafe Connaught Place,2026-03-07,BILL-OUT001-260307-0032,Delivery/Takeaway,Corporate Order,,,Beverage,Shake,996331,MENU0069,Choco Chip Shake - Medium,330.0,1.0,330.0,Synthetic promotion,15.02,0,15.02,314.98,15.75,330.73,38.42,38.42,87.8,88.38
ABNAH Cafe Connaught Place,2026-03-07,BILL-OUT001-260307-0033,Delivery/Takeaway,Takeaway,,,Beverage,Shake,996331,MENU0070,Choco Chip Shake - Large,368.24,1.0,368.24,,0.0,0,0.0,368.24,18.41,386.65,42.79,42.79,88.38,88.93
ABNAH Cafe Connaught Place,2026-03-07,BILL-OUT001-260307-0034,Delivery/Takeaway,Corporate Order,,,Beverage,Shake,996331,MENU0071,Mixed Berry Shake - Regular,315.0,1.0,315.0,Synthetic promotion,13.05,0,13.05,301.95,15.1,317.05,61.21,61.21,79.73,80.69
ABNAH Cafe Connaught Place,2026-03-07,BILL-OUT001-260307-0035,Delivery/Takeaway,Corporate Order,,,Beverage,Smoothie,996331,MENU0074,Seasonal Smoothie - Regular,305.0,1.0,305.0,Synthetic promotion,5.14,0,5.14,299.86,14.99,314.85,33.37,33.37,88.87,89.4
ABNAH Cafe Connaught Place,2026-03-07,BILL-OUT001-260307-0036,Delivery/Takeaway,Corporate Order,Guest 3576,9000003576,Beverage,Smoothie,996331,MENU0076,Seasonal Smoothie - Large,375.0,1.0,375.0,Synthetic promotion,22.01,0,22.01,352.99,17.65,370.64,41.83,41.83,88.15,88.71
ABNAH Cafe Connaught Place,2026-03-07,BILL-OUT001-260307-0037,Dine In,Dine In,,,Food,Sandwiches,996331,MENU0079,Smoked Chipotle Paneer Sandwich,300.89,1.0,300.89,,0.0,0,0.0,300.89,15.04,315.93,90.66,90.66,69.87,71.3
ABNAH Cafe Connaught Place,2026-03-07,BILL-OUT001-260307-0038,Delivery/Takeaway,Corporate Order,,,Food,Sandwiches,996331,MENU0081,Pepper Chicken Sandwich,316.53,1.0,316.53,,0.0,0,0.0,316.53,15.83,332.36,87.66,87.66,72.31,73.62
ABNAH Cafe Connaught Place,2026-03-07,BILL-OUT001-260307-0039,Delivery/Takeaway,Takeaway,,,Food,Sandwiches,996331,MENU0082,Tandoori Chicken Sandwich,320.0,2.0,640.0,Synthetic promotion,35.5,0,35.5,604.5,30.23,634.73,87.66,175.32,71.0,72.38
ABNAH Cafe Connaught Place,2026-03-07,BILL-OUT001-260307-0040,Dine In,Dine In,,,Food,Platter,996331,MENU0085,Hummus and Pita Platter,310.0,1.0,310.0,Synthetic promotion,13.86,0,13.86,296.14,14.81,310.95,45.45,45.45,84.65,85.38
ABNAH Cafe Connaught Place,2026-03-07,BILL-OUT001-260307-0041,Dine In,Dine In,,,Food,Snacks,996331,MENU0093,Turnover with Brioche Dough Veg,235.0,1.0,235.0,Synthetic promotion,10.3,0,10.3,224.7,11.23,235.93,89.94,89.94,59.97,61.88
ABNAH Cafe Connaught Place,2026-03-07,BILL-OUT001-260307-0042,Delivery/Takeaway,Takeaway,,,Food,Baked Goods,996331,MENU0098,Sriracha Chicken Croissant,277.86,1.0,277.86,,0.0,0,0.0,277.86,13.89,291.75,81.14,81.14,70.8,72.19
ABNAH Cafe Connaught Place,2026-03-07,BILL-OUT001-260307-0043,Delivery/Takeaway,Takeaway,,,Dessert,Baked Goods,996331,MENU0099,Cinnamon Roll with Cream Cheese,220.0,2.0,440.0,Synthetic promotion,16.29,0,16.29,423.71,21.19,444.9,52.57,105.14,75.19,76.37
ABNAH Cafe Connaught Place,2026-03-07,BILL-OUT001-260307-0044,Delivery/Takeaway,Takeaway,,,Dessert,Baked Goods,996331,MENU0101,Lemon Raspberry Tea Cake,215.0,1.0,215.0,Synthetic promotion,3.37,0,3.37,211.63,10.58,222.21,56.57,56.57,73.27,74.54
ABNAH Cafe Connaught Place,2026-03-07,BILL-OUT001-260307-0045,Delivery/Takeaway,Corporate Order,,,Dessert,Desserts,996331,MENU0103,Banoffee Pie,285.0,1.0,285.0,Synthetic promotion,10.64,0,10.64,274.36,13.72,288.08,56.57,56.57,79.38,80.36
ABNAH Cafe Connaught Place,2026-03-07,BILL-OUT001-260307-0046,Delivery/Takeaway,Takeaway,,,Dessert,Desserts,996331,MENU0104,Classic Chocolate Fudge Brownie,195.0,1.0,195.0,Synthetic promotion,5.38,0,5.38,189.62,9.48,199.1,51.02,51.02,73.09,74.37
ABNAH Cafe Connaught Place,2026-03-07,BILL-OUT001-260307-0047,Dine In,Dine In,,,Dessert,Desserts,996331,MENU0108,Apple Pie,270.0,1.0,270.0,Synthetic promotion,4.35,0,4.35,265.65,13.28,278.93,56.57,56.57,78.71,79.72
ABNAH Cafe Connaught Place,2026-03-08,BILL-OUT001-260308-0001,Dine In,Dine In,,,Beverage,Coffee Classics,996331,MENU0003,Americano - Regular,185.0,4.0,740.0,Synthetic promotion,19.79,0,19.79,720.21,36.01,756.22,23.21,92.84,87.11,87.72
ABNAH Cafe Connaught Place,2026-03-08,BILL-OUT001-260308-0002,Dine In,Dine In,,,Beverage,Coffee Classics,996331,MENU0004,Americano - Medium,210.0,2.0,420.0,Synthetic promotion,1.28,0,1.28,418.72,20.94,439.66,26.05,52.1,87.56,88.15
ABNAH Cafe Connaught Place,2026-03-08,BILL-OUT001-260308-0003,Dine In,Dine In,,,Beverage,Coffee Classics,996331,MENU0006,Latte - Regular,225.0,1.0,225.0,Synthetic promotion,10.9,0,10.9,214.1,10.71,224.81,36.17,36.17,83.11,83.91
ABNAH Cafe Connaught Place,2026-03-08,BILL-OUT001-260308-0004,Delivery/Takeaway,Corporate Order,,,Beverage,Coffee Classics,996331,MENU0008,Latte - Large,275.0,1.0,275.0,Synthetic promotion,2.58,0,2.58,272.42,13.62,286.04,45.76,45.76,83.2,84.0
ABNAH Cafe Connaught Place,2026-03-08,BILL-OUT001-260308-0005,Delivery/Takeaway,Takeaway,,,Beverage,Coffee Classics,996331,MENU0009,Cappuccino - Regular,225.0,2.0,450.0,Synthetic promotion,7.65,0,7.65,442.35,22.12,464.47,36.17,72.34,83.65,84.43
ABNAH Cafe Connaught Place,2026-03-08,BILL-OUT001-260308-0006,Dine In,Dine In,,,Beverage,Coffee Classics,996331,MENU0011,Cappuccino - Large,275.73,1.0,275.73,,0.0,0,0.0,275.73,13.79,289.52,45.76,45.76,83.4,84.19
ABNAH Cafe Connaught Place,2026-03-08,BILL-OUT001-260308-0007,Dine In,Dine In,,,Beverage,Coffee Classics,996331,MENU0012,Flat White - Regular,235.0,1.0,235.0,Synthetic promotion,2.37,0,2.37,232.63,11.63,244.26,36.17,36.17,84.45,85.19
ABNAH Cafe Connaught Place,2026-03-08,BILL-OUT001-260308-0008,Delivery/Takeaway,Takeaway,,,Beverage,Coffee Classics,996331,MENU0013,Flat White - Medium,260.0,1.0,260.0,Synthetic promotion,9.23,0,9.23,250.77,12.54,263.31,40.96,40.96,83.67,84.44
ABNAH Cafe Connaught Place,2026-03-08,BILL-OUT001-260308-0009,Delivery/Takeaway,Corporate Order,Guest 6572,9000006572,Beverage,Coffee Classics,996331,MENU0014,Flat White - Large,285.0,2.0,570.0,Synthetic promotion,29.64,0,29.64,540.36,27.02,567.38,45.76,91.52,83.06,83.87
ABNAH Cafe Connaught Place,2026-03-08,BILL-OUT001-260308-0010,Delivery/Takeaway,Takeaway,,,Beverage,Coffee Classics,996331,MENU0015,Mocha - Regular,245.0,2.0,490.0,Synthetic promotion,26.4,0,26.4,463.6,23.18,486.78,42.67,85.34,81.59,82.47
ABNAH Cafe Connaught Place,2026-03-08,BILL-OUT001-260308-0011,Delivery/Takeaway,Corporate Order,,,Beverage,Coffee Classics,996331,MENU0017,Mocha - Large,295.0,1.0,295.0,Synthetic promotion,11.26,0,11.26,283.74,14.19,297.93,54.21,54.21,80.89,81.8
ABNAH Cafe Connaught Place,2026-03-08,BILL-OUT001-260308-0012,Dine In,Dine In,,,Beverage,Signature Coffee,996331,MENU0018,Sea Salt Mocha - Regular,275.0,1.0,275.0,Synthetic promotion,11.36,0,11.36,263.64,13.18,276.82,42.67,42.67,83.82,84.59
ABNAH Cafe Connaught Place,2026-03-08,BILL-OUT001-260308-0013,Delivery/Takeaway,Takeaway,,,Beverage,Signature Coffee,996331,MENU0020,Sea Salt Mocha - Large,335.0,2.0,670.0,Synthetic promotion,39.37,0,39.37,630.63,31.53,662.16,54.21,108.42,82.81,83.63
ABNAH Cafe Connaught Place,2026-03-08,BILL-OUT001-260308-0014,Dine In,Dine In,,,Beverage,Signature Coffee,996331,MENU0027,French Vanilla Latte - Regular,265.0,1.0,265.0,Synthetic promotion,8.54,0,8.54,256.46,12.82,269.28,42.17,42.17,83.56,84.34
ABNAH Cafe Connaught Place,2026-03-08,BILL-OUT001-260308-0015,Dine In,Dine In,Guest 6947,9000006947,Beverage,Signature Coffee,996331,MENU0028,French Vanilla Latte - Medium,295.0,1.0,295.0,Synthetic promotion,1.03,0,1.03,293.97,14.7,308.67,47.85,47.85,83.72,84.5
ABNAH Cafe Connaught Place,2026-03-08,BILL-OUT001-260308-0016,Dine In,Dine In,,,Beverage,Signature Coffee,996331,MENU0029,French Vanilla Latte - Large,325.0,1.0,325.0,Synthetic promotion,6.87,0,6.87,318.13,15.91,334.04,53.56,53.56,83.16,83.97
ABNAH Cafe Connaught Place,2026-03-08,BILL-OUT001-260308-0017,Delivery/Takeaway,Corporate Order,,,Beverage,Cold Coffee,996331,MENU0043,Classic Cold Coffee - Medium,290.0,1.0,290.0,Synthetic promotion,10.96,0,10.96,279.04,13.95,292.99,43.56,43.56,84.39,85.13
ABNAH Cafe Connaught Place,2026-03-08,BILL-OUT001-260308-0018,Delivery/Takeaway,Corporate Order,,,Beverage,Cold Coffee,996331,MENU0044,Classic Cold Coffee - Large,331.29,1.0,331.29,,0.0,0,0.0,331.29,16.56,347.85,48.58,48.58,85.34,86.03
ABNAH Cafe Connaught Place,2026-03-08,BILL-OUT001-260308-0019,Dine In,Dine In,,,Beverage,Cold Coffee,996331,MENU0045,Mocha Cold Coffee - Regular,285.0,2.0,570.0,Synthetic promotion,19.81,0,19.81,550.19,27.51,577.7,45.06,90.12,83.62,84.4
ABNAH Cafe Connaught Place,2026-03-08,BILL-OUT001-260308-0020,Dine In,Dine In,,,Beverage,Cold Coffee,996331,MENU0049,Caramel Cold Coffee - Medium,320.0,1.0,320.0,Synthetic promotion,13.68,0,13.68,306.32,15.32,321.64,50.74,50.74,83.44,84.22
ABNAH Cafe Connaught Place,2026-03-08,BILL-OUT001-260308-0021,Dine In,Dine In,Guest 3230,9000003230,Beverage,Tea,996331,MENU0052,Masala Chai Latte - Medium,220.0,1.0,220.0,Synthetic promotion,12.74,0,12.74,207.26,10.36,217.62,40.96,40.96,80.24,81.18
ABNAH Cafe Connaught Place,2026-03-08,BILL-OUT001-260308-0022,Delivery/Takeaway,Takeaway,,,Beverage,Tea,996331,MENU0054,Himalayan Green Tea,211.11,2.0,422.22,,0.0,0,0.0,422.22,21.11,443.33,8.67,17.34,95.89,96.09
ABNAH Cafe Connaught Place,2026-03-08,BILL-OUT001-260308-0023,Dine In,Dine In,,,Beverage,Iced Tea,996331,MENU0058,Lemon Iced Tea - Regular,207.75,1.0,207.75,,0.0,0,0.0,207.75,10.39,218.14,14.29,14.29,93.12,93.45
ABNAH Cafe Connaught Place,2026-03-08,BILL-OUT001-260308-0024,Delivery/Takeaway,Takeaway,,,Beverage,Shake,996331,MENU0069,Choco Chip Shake - Medium,330.0,1.0,330.0,Synthetic promotion,9.48,0,9.48,320.52,16.03,336.55,38.42,38.42,88.01,88.58
ABNAH Cafe Connaught Place,2026-03-08,BILL-OUT001-260308-0025,Delivery/Takeaway,Corporate Order,,,Beverage,Smoothie,996331,MENU0074,Seasonal Smoothie - Regular,307.11,1.0,307.11,,0.0,0,0.0,307.11,15.36,322.47,33.37,33.37,89.13,89.65
ABNAH Cafe Connaught Place,2026-03-08,BILL-OUT001-260308-0026,Delivery/Takeaway,Corporate Order,Guest 6339,9000006339,Beverage,Smoothie,996331,MENU0075,Seasonal Smoothie - Medium,340.0,1.0,340.0,Synthetic promotion,13.43,0,13.43,326.57,16.33,342.9,37.59,37.59,88.49,89.04
ABNAH Cafe Connaught Place,2026-03-08,BILL-OUT001-260308-0027,Delivery/Takeaway,Takeaway,,,Food,Wraps,996331,MENU0077,Spicy Paneer Wrap,275.0,2.0,550.0,Synthetic promotion,30.7,0,30.7,519.3,25.96,545.26,73.36,146.72,71.75,73.09
ABNAH Cafe Connaught Place,2026-03-08,BILL-OUT001-260308-0028,Dine In,Dine In,,,Food,Breakfast,996331,MENU0087,Cream Cheese Bagel,250.0,2.0,500.0,Synthetic promotion,0.97,0,0.97,499.03,24.95,523.98,54.49,108.98,78.16,79.2
ABNAH Cafe Connaught Place,2026-03-08,BILL-OUT001-260308-0029,Delivery/Takeaway,Takeaway,Guest 3602,9000003602,Food,Breakfast,996331,MENU0088,Scallion Pepper Cream Cheese Bagel,267.2,1.0,267.2,,0.0,0,0.0,267.2,13.36,280.56,54.49,54.49,79.61,80.58
ABNAH Cafe Connaught Place,2026-03-08,BILL-OUT001-260308-0030,Delivery/Takeaway,Takeaway,,,Food,Breakfast,996331,MENU0089,Masala Egg Bun,225.0,1.0,225.0,Synthetic promotion,13.41,0,13.41,211.59,10.58,222.17,42.74,42.74,79.8,80.76
ABNAH Cafe Connaught Place,2026-03-08,BILL-OUT001-260308-0031,Delivery/Takeaway,Corporate Order,,,Food,Snacks,996331,MENU0092,Turnover with Brioche Dough Chicken,255.0,1.0,255.0,Synthetic promotion,10.87,0,10.87,244.13,12.21,256.34,87.54,87.54,64.14,65.85
ABNAH Cafe Connaught Place,2026-03-08,BILL-OUT001-260308-0032,Delivery/Takeaway,Takeaway,,,Food,Baked Goods,996331,MENU0096,Chocolate Croissant,235.0,1.0,235.0,Synthetic promotion,12.49,0,12.49,222.51,11.13,233.64,64.54,64.54,70.99,72.38
ABNAH Cafe Connaught Place,2026-03-08,BILL-OUT001-260308-0033,Delivery/Takeaway,Corporate Order,Guest 6018,9000006018,Food,Baked Goods,996331,MENU0097,Mushroom Cheese Croissant,255.0,1.0,255.0,Synthetic promotion,10.45,0,10.45,244.55,12.23,256.78,74.84,74.84,69.4,70.85
ABNAH Cafe Connaught Place,2026-03-08,BILL-OUT001-260308-0034,Delivery/Takeaway,Corporate Order,,,Dessert,Baked Goods,996331,MENU0099,Cinnamon Roll with Cream Cheese,220.0,1.0,220.0,Synthetic promotion,11.31,0,11.31,208.69,10.43,219.12,52.57,52.57,74.81,76.01
ABNAH Cafe Connaught Place,2026-03-08,BILL-OUT001-260308-0035,Delivery/Takeaway,Corporate Order,,,Dessert,Baked Goods,996331,MENU0101,Lemon Raspberry Tea Cake,215.0,1.0,215.0,Synthetic promotion,0.63,0,0.63,214.37,10.72,225.09,56.57,56.57,73.61,74.87
ABNAH Cafe Connaught Place,2026-03-08,BILL-OUT001-260308-0036,Delivery/Takeaway,Takeaway,,,Dessert,Desserts,996331,MENU0102,Double Chocolate Truffle Cake,295.0,1.0,295.0,Synthetic promotion,5.0,0,5.0,290.0,14.5,304.5,63.07,63.07,78.25,79.29
ABNAH Cafe Connaught Place,2026-03-08,BILL-OUT001-260308-0037,Delivery/Takeaway,Corporate Order,,,Dessert,Desserts,996331,MENU0103,Banoffee Pie,285.0,1.0,285.0,Synthetic promotion,14.59,0,14.59,270.41,13.52,283.93,56.57,56.57,79.08,80.08
ABNAH Cafe Connaught Place,2026-03-08,BILL-OUT001-260308-0038,Dine In,Dine In,,,Dessert,Desserts,996331,MENU0106,Death by Chocolate Cookie,190.0,1.0,190.0,Synthetic promotion,10.71,0,10.71,179.29,8.96,188.25,47.52,47.52,73.5,74.76
ABNAH Cafe Connaught Place,2026-03-08,BILL-OUT001-260308-0039,Delivery/Takeaway,Takeaway,,,Dessert,Desserts,996331,MENU0108,Apple Pie,270.0,1.0,270.0,Synthetic promotion,7.79,0,7.79,262.21,13.11,275.32,56.57,56.57,78.43,79.45
ABNAH Cafe Connaught Place,2026-03-08,BILL-OUT001-260308-0040,Delivery/Takeaway,Takeaway,Guest 8565,9000008565,Dessert,Desserts,996331,MENU0109,Basque Cheesecake,310.0,1.0,310.0,Synthetic promotion,15.39,0,15.39,294.61,14.73,309.34,82.57,82.57,71.97,73.31
ABNAH Cafe Connaught Place,2026-03-09,BILL-OUT001-260309-0001,Dine In,Dine In,,,Beverage,Espresso,996331,MENU0001,Espresso Shot - Solo,145.0,1.0,145.0,Synthetic promotion,5.38,0,5.38,139.62,6.98,146.6,13.63,13.63,90.24,90.7
ABNAH Cafe Connaught Place,2026-03-09,BILL-OUT001-260309-0002,Delivery/Takeaway,Corporate Order,,,Beverage,Coffee Classics,996331,MENU0003,Americano - Regular,185.0,2.0,370.0,Synthetic promotion,17.31,0,17.31,352.69,17.63,370.32,23.21,46.42,86.84,87.46
ABNAH Cafe Connaught Place,2026-03-09,BILL-OUT001-260309-0003,Dine In,Dine In,,,Beverage,Coffee Classics,996331,MENU0004,Americano - Medium,211.53,3.0,634.59,,0.0,0,0.0,634.59,31.73,666.32,26.05,78.15,87.68,88.27
ABNAH Cafe Connaught Place,2026-03-09,BILL-OUT001-260309-0004,Dine In,Dine In,,,Beverage,Coffee Classics,996331,MENU0006,Latte - Regular,225.0,2.0,450.0,Synthetic promotion,1.54,0,1.54,448.46,22.42,470.88,36.17,72.34,83.87,84.64
ABNAH Cafe Connaught Place,2026-03-09,BILL-OUT001-260309-0005,Delivery/Takeaway,Corporate Order,,,Beverage,Coffee Classics,996331,MENU0007,Latte - Medium,251.71,1.0,251.71,,0.0,0,0.0,251.71,12.59,264.3,40.96,40.96,83.73,84.5
ABNAH Cafe Connaught Place,2026-03-09,BILL-OUT001-260309-0006,Delivery/Takeaway,Corporate Order,,,Beverage,Coffee Classics,996331,MENU0008,Latte - Large,276.77,2.0,553.54,,0.0,0,0.0,553.55,27.68,581.23,45.76,91.52,83.47,84.25
ABNAH Cafe Connaught Place,2026-03-09,BILL-OUT001-260309-0007,Dine In,Dine In,Guest 7367,9000007367,Beverage,Coffee Classics,996331,MENU0009,Cappuccino - Regular,225.0,1.0,225.0,Synthetic promotion,7.15,0,7.15,217.85,10.89,228.74,36.17,36.17,83.4,84.19
ABNAH Cafe Connaught Place,2026-03-09,BILL-OUT001-260309-0008,Delivery/Takeaway,Corporate Order,,,Beverage,Coffee Classics,996331,MENU0010,Cappuccino - Medium,250.0,4.0,1000.0,Synthetic promotion,8.86,0,8.86,991.14,49.56,1040.7,40.96,163.84,83.47,84.26
ABNAH Cafe Connaught Place,2026-03-09,BILL-OUT001-260309-0009,Dine In,Dine In,Guest 3795,9000003795,Beverage,Coffee Classics,996331,MENU0011,Cappuccino - Large,275.0,2.0,550.0,Synthetic promotion,10.62,0,10.62,539.38,26.97,566.35,45.76,91.52,83.03,83.84
ABNAH Cafe Connaught Place,2026-03-09,BILL-OUT001-260309-0010,Delivery/Takeaway,Corporate Order,,,Beverage,Coffee Classics,996331,MENU0012,Flat White - Regular,235.0,1.0,235.0,Synthetic promotion,12.42,0,12.42,222.58,11.13,233.71,36.17,36.17,83.75,84.52
ABNAH Cafe Connaught Place,2026-03-09,BILL-OUT001-260309-0011,Dine In,Dine In,,,Beverage,Coffee Classics,996331,MENU0013,Flat White - Medium,260.0,3.0,780.0,Synthetic promotion,31.06,0,31.06,748.94,37.45,786.39,40.96,122.88,83.59,84.37
ABNAH Cafe Connaught Place,2026-03-09,BILL-OUT001-260309-0012,Delivery/Takeaway,Corporate Order,,,Beverage,Coffee Classics,996331,MENU0014,Flat White - Large,285.0,3.0,855.0,Synthetic promotion,40.01,0,40.01,814.99,40.75,855.74,45.76,137.28,83.16,83.96
ABNAH Cafe Connaught Place,2026-03-09,BILL-OUT001-260309-0013,Dine In,Dine In,,,Beverage,Coffee Classics,996331,MENU0015,Mocha - Regular,245.0,6.0,1470.0,Synthetic promotion,19.0,0,19.0,1451.0,72.55,1523.55,42.67,256.02,82.36,83.2
ABNAH Cafe Connaught Place,2026-03-09,BILL-OUT001-260309-0014,Delivery/Takeaway,Takeaway,Guest 3885,9000003885,Beverage,Coffee Classics,996331,MENU0016,Mocha - Medium,274.8,4.0,1099.2,,0.0,0,0.0,1099.21,54.96,1154.17,48.42,193.68,82.38,83.22
ABNAH Cafe Connaught Place,2026-03-09,BILL-OUT001-260309-0015,Delivery/Takeaway,Corporate Order,Guest 1790,9000001790,Beverage,Coffee Classics,996331,MENU0017,Mocha - Large,295.0,1.0,295.0,Synthetic promotion,3.04,0,3.04,291.96,14.6,306.56,54.21,54.21,81.43,82.32
ABNAH Cafe Connaught Place,2026-03-09,BILL-OUT001-260309-0016,Delivery/Takeaway,Corporate Order,,,Beverage,Signature Coffee,996331,MENU0020,Sea Salt Mocha - Large,335.0,1.0,335.0,Synthetic promotion,15.87,0,15.87,319.13,15.96,335.09,54.21,54.21,83.01,83.82
ABNAH Cafe Connaught Place,2026-03-09,BILL-OUT001-260309-0017,Delivery/Takeaway,Takeaway,,,Beverage,Signature Coffee,996331,MENU0021,Orange Zest Mocha - Regular,270.0,2.0,540.0,Synthetic promotion,9.54,0,9.54,530.46,26.52,556.98,42.67,85.34,83.91,84.68
ABNAH Cafe Connaught Place,2026-03-09,BILL-OUT001-260309-0018,Delivery/Takeaway,Takeaway,Guest 7994,9000007994,Beverage,Signature Coffee,996331,MENU0022,Orange Zest Mocha - Medium,300.0,2.0,600.0,Synthetic promotion,13.86,0,13.86,586.14,29.31,615.45,48.42,96.84,83.48,84.27
ABNAH Cafe Connaught Place,2026-03-09,BILL-OUT001-260309-0019,Delivery/Takeaway,Corporate Order,Guest 3129,9000003129,Beverage,Signature Coffee,996331,MENU0023,Orange Zest Mocha - Large,330.0,1.0,330.0,Synthetic promotion,8.17,0,8.17,321.83,16.09,337.92,54.21,54.21,83.16,83.96
ABNAH Cafe Connaught Place,2026-03-09,BILL-OUT001-260309-0020,Delivery/Takeaway,Takeaway,,,Beverage,Signature Coffee,996331,MENU0024,Caramel Macchiato - Regular,265.0,1.0,265.0,Synthetic promotion,2.73,0,2.73,262.27,13.11,275.38,42.42,42.42,83.83,84.6
ABNAH Cafe Connaught Place,2026-03-09,BILL-OUT001-260309-0021,Delivery/Takeaway,Takeaway,,,Beverage,Signature Coffee,996331,MENU0025,Caramel Macchiato - Medium,295.0,1.0,295.0,Synthetic promotion,7.56,0,7.56,287.44,14.37,301.81,48.13,48.13,83.26,84.05
ABNAH Cafe Connaught Place,2026-03-09,BILL-OUT001-260309-0022,Delivery/Takeaway,Takeaway,Guest 0455,9000000455,Beverage,Signature Coffee,996331,MENU0027,French Vanilla Latte - Regular,266.33,1.0,266.33,,0.0,0,0.0,266.33,13.32,279.65,42.17,42.17,84.17,84.92
ABNAH Cafe Connaught Place,2026-03-09,BILL-OUT001-260309-0023,Dine In,Dine In,,,Beverage,Signature Coffee,996331,MENU0028,French Vanilla Latte - Medium,295.0,1.0,295.0,Synthetic promotion,10.75,0,10.75,284.25,14.21,298.46,47.85,47.85,83.17,83.97
ABNAH Cafe Connaught Place,2026-03-09,BILL-OUT001-260309-0024,Dine In,Dine In,,,Beverage,Signature Coffee,996331,MENU0029,French Vanilla Latte - Large,325.0,1.0,325.0,Synthetic promotion,2.76,0,2.76,322.24,16.11,338.35,53.56,53.56,83.38,84.17
ABNAH Cafe Connaught Place,2026-03-09,BILL-OUT001-260309-0025,Delivery/Takeaway,Takeaway,,,Beverage,Signature Coffee,996331,MENU0030,Vegan Iced Latte - Regular,289.87,2.0,579.74,,0.0,0,0.0,579.74,28.99,608.73,58.9,117.8,79.68,80.65
ABNAH Cafe Connaught Place,2026-03-09,BILL-OUT001-260309-0026,Delivery/Takeaway,Corporate Order,,,Beverage,Signature Coffee,996331,MENU0032,Vegan Iced Latte - Large,335.0,2.0,670.0,Synthetic promotion,32.42,0,32.42,637.58,31.88,669.46,75.02,150.04,76.47,77.59
ABNAH Cafe Connaught Place,2026-03-09,BILL-OUT001-260309-0027,Dine In,Dine In,Guest 2314,9000002314,Beverage,Cold Brew,996331,MENU0033,Classic Cold Brew - Regular,225.0,1.0,225.0,Synthetic promotion,11.67,0,11.67,213.33,10.67,224.0,25.6,25.6,88.0,88.57
ABNAH Cafe Connaught Place,2026-03-09,BILL-OUT001-260309-0028,Delivery/Takeaway,Corporate Order,,,Beverage,Cold Brew,996331,MENU0034,Classic Cold Brew - Medium,253.81,2.0,507.62,Synthetic promotion,0.01,0,0.01,507.61,25.38,532.99,28.66,57.32,88.71,89.25
ABNAH Cafe Connaught Place,2026-03-09,BILL-OUT001-260309-0029,Dine In,Dine In,,,Beverage,Cold Brew,996331,MENU0036,Coffee Lemonade - Regular,235.0,1.0,235.0,Synthetic promotion,7.99,0,7.99,227.01,11.35,238.36,29.45,29.45,87.03,87.64
ABNAH Cafe Connaught Place,2026-03-09,BILL-OUT001-260309-0030,Delivery/Takeaway,Corporate Order,,,Beverage,Cold Brew,996331,MENU0037,Coffee Lemonade - Medium,261.87,1.0,261.87,,0.0,0,0.0,261.87,13.09,274.96,33.09,33.09,87.36,87.97
ABNAH Cafe Connaught Place,2026-03-09,BILL-OUT001-260309-0031,Delivery/Takeaway,Corporate Order,,,Beverage,Cold Coffee,996331,MENU0043,Classic Cold Coffee - Medium,292.63,1.0,292.63,,0.0,0,0.0,292.63,14.63,307.26,43.56,43.56,85.11,85.82
ABNAH Cafe Connaught Place,2026-03-09,BILL-OUT001-260309-0032,Delivery/Takeaway,Corporate Order,,,Beverage,Cold Coffee,996331,MENU0045,Mocha Cold Coffee - Regular,285.32,2.0,570.64,,0.0,0,0.0,570.65,28.53,599.18,45.06,90.12,84.21,84.96
ABNAH Cafe Connaught Place,2026-03-09,BILL-OUT001-260309-0033,Delivery/Takeaway,Takeaway,,,Beverage,Cold Coffee,996331,MENU0046,Mocha Cold Coffee - Medium,320.0,1.0,320.0,Synthetic promotion,14.54,0,14.54,305.46,15.27,320.73,51.03,51.03,83.29,84.09
ABNAH Cafe Connaught Place,2026-03-09,BILL-OUT001-260309-0034,Delivery/Takeaway,Corporate Order,,,Beverage,Cold Coffee,996331,MENU0048,Caramel Cold Coffee - Regular,285.0,1.0,285.0,Synthetic promotion,1.63,0,1.63,283.37,14.17,297.54,44.81,44.81,84.19,84.94
ABNAH Cafe Connaught Place,2026-03-09,BILL-OUT001-260309-0035,Dine In,Dine In,Guest 3266,9000003266,Beverage,Cold Coffee,996331,MENU0049,Caramel Cold Coffee - Medium,320.0,1.0,320.0,Synthetic promotion,0.8,0,0.8,319.2,15.96,335.16,50.74,50.74,84.1,84.86
ABNAH Cafe Connaught Place,2026-03-09,BILL-OUT001-260309-0036,Delivery/Takeaway,Takeaway,,,Beverage,Cold Coffee,996331,MENU0050,Caramel Cold Coffee - Large,355.0,1.0,355.0,Synthetic promotion,18.15,0,18.15,336.85,16.84,353.69,56.7,56.7,83.17,83.97
ABNAH Cafe Connaught Place,2026-03-09,BILL-OUT001-260309-0037,Delivery/Takeaway,Corporate Order,,,Beverage,Tea,996331,MENU0051,Masala Chai Latte - Regular,198.12,2.0,396.24,,0.0,0,0.0,396.25,19.81,416.06,36.17,72.34,81.74,82.61
ABNAH Cafe Connaught Place,2026-03-09,BILL-OUT001-260309-0038,Delivery/Takeaway,Takeaway,,,Beverage,Tea,996331,MENU0052,Masala Chai Latte - Medium,221.66,1.0,221.66,,0.0,0,0.0,221.66,11.08,232.74,40.96,40.96,81.52,82.4
ABNAH Cafe Connaught Place,2026-03-09,BILL-OUT001-260309-0039,Dine In,Dine In,,,Beverage,Tea,996331,MENU0053,Masala Chai Latte - Large,245.0,1.0,245.0,Synthetic promotion,4.67,0,4.67,240.33,12.02,252.35,45.76,45.76,80.96,81.87
ABNAH Cafe Connaught Place,2026-03-09,BILL-OUT001-260309-0040,Delivery/Takeaway,Takeaway,,,Beverage,Tea,996331,MENU0055,Japanese Matcha Latte - Regular,265.0,1.0,265.0,Synthetic promotion,10.1,0,10.1,254.9,12.74,267.64,36.17,36.17,85.81,86.49
ABNAH Cafe Connaught Place,2026-03-09,BILL-OUT001-260309-0041,Dine In,Dine In,,,Beverage,Tea,996331,MENU0057,Japanese Matcha Latte - Large,325.0,1.0,325.0,Synthetic promotion,12.34,0,12.34,312.66,15.63,328.29,45.76,45.76,85.36,86.06
ABNAH Cafe Connaught Place,2026-03-09,BILL-OUT001-260309-0042,Delivery/Takeaway,Takeaway,,,Beverage,Iced Tea,996331,MENU0058,Lemon Iced Tea - Regular,205.0,1.0,205.0,Synthetic promotion,7.13,0,7.13,197.87,9.89,207.76,14.29,14.29,92.78,93.12
ABNAH Cafe Connaught Place,2026-03-09,BILL-OUT001-260309-0043,Dine In,Dine In,Guest 1951,9000001951,Beverage,Shake,996331,MENU0069,Choco Chip Shake - Medium,330.0,2.0,660.0,Synthetic promotion,14.84,0,14.84,645.16,32.26,677.42,38.42,76.84,88.09,88.66
ABNAH Cafe Connaught Place,2026-03-09,BILL-OUT001-260309-0044,Delivery/Takeaway,Corporate Order,Guest 2870,9000002870,Beverage,Shake,996331,MENU0071,Mixed Berry Shake - Regular,315.0,1.0,315.0,Synthetic promotion,1.86,0,1.86,313.14,15.66,328.8,61.21,61.21,80.45,81.38
ABNAH Cafe Connaught Place,2026-03-09,BILL-OUT001-260309-0045,Dine In,Dine In,,,Beverage,Shake,996331,MENU0072,Mixed Berry Shake - Medium,350.0,2.0,700.0,Synthetic promotion,8.57,0,8.57,691.43,34.57,726.0,69.6,139.2,79.87,80.83
ABNAH Cafe Connaught Place,2026-03-09,BILL-OUT001-260309-0046,Delivery/Takeaway,Corporate Order,Guest 0122,9000000122,Beverage,Shake,996331,MENU0073,Mixed Berry Shake - Large,385.0,1.0,385.0,Synthetic promotion,21.68,0,21.68,363.32,18.17,381.49,78.02,78.02,78.53,79.55
ABNAH Cafe Connaught Place,2026-03-09,BILL-OUT001-260309-0047,Delivery/Takeaway,Corporate Order,,,Beverage,Smoothie,996331,MENU0074,Seasonal Smoothie - Regular,310.03,1.0,310.03,,0.0,0,0.0,310.03,15.5,325.53,33.37,33.37,89.24,89.75
ABNAH Cafe Connaught Place,2026-03-09,BILL-OUT001-260309-0048,Dine In,Dine In,,,Beverage,Smoothie,996331,MENU0075,Seasonal Smoothie - Medium,343.35,1.0,343.35,,0.0,0,0.0,343.35,17.17,360.52,37.59,37.59,89.05,89.57
ABNAH Cafe Connaught Place,2026-03-09,BILL-OUT001-260309-0049,Dine In,Dine In,,,Food,Wraps,996331,MENU0078,Shredded Chicken Wrap,295.72,2.0,591.44,,0.0,0,0.0,591.44,29.57,621.01,70.05,140.1,76.31,77.44
ABNAH Cafe Connaught Place,2026-03-09,BILL-OUT001-260309-0050,Delivery/Takeaway,Corporate Order,,,Food,Sandwiches,996331,MENU0079,Smoked Chipotle Paneer Sandwich,300.76,2.0,601.52,,0.0,0,0.0,601.53,30.08,631.61,90.66,181.32,69.86,71.29
ABNAH Cafe Connaught Place,2026-03-09,BILL-OUT001-260309-0051,Delivery/Takeaway,Corporate Order,,,Food,Sandwiches,996331,MENU0081,Pepper Chicken Sandwich,317.43,1.0,317.43,,0.0,0,0.0,317.43,15.87,333.3,87.66,87.66,72.38,73.7
ABNAH Cafe Connaught Place,2026-03-09,BILL-OUT001-260309-0052,Delivery/Takeaway,Takeaway,Guest 3001,9000003001,Food,Sandwiches,996331,MENU0082,Tandoori Chicken Sandwich,320.0,1.0,320.0,Synthetic promotion,10.15,0,10.15,309.85,15.49,325.34,87.66,87.66,71.71,73.06
ABNAH Cafe Connaught Place,2026-03-09,BILL-OUT001-260309-0053,Dine In,Dine In,,,Food,Toasts,996331,MENU0084,Chicken Pepperoni Avocado Toast,330.0,1.0,330.0,Synthetic promotion,13.41,0,13.41,316.59,15.83,332.42,68.54,68.54,78.35,79.38
ABNAH Cafe Connaught Place,2026-03-09,BILL-OUT001-260309-0054,Delivery/Takeaway,Corporate Order,,,Food,Breakfast,996331,MENU0089,Masala Egg Bun,225.0,1.0,225.0,Synthetic promotion,8.21,0,8.21,216.79,10.84,227.63,42.74,42.74,80.29,81.22
ABNAH Cafe Connaught Place,2026-03-09,BILL-OUT001-260309-0055,Delivery/Takeaway,Takeaway,,,Food,Snacks,996331,MENU0092,Turnover with Brioche Dough Chicken,255.0,2.0,510.0,Synthetic promotion,30.21,0,30.21,479.79,23.99,503.78,87.54,175.08,63.51,65.25
ABNAH Cafe Connaught Place,2026-03-09,BILL-OUT001-260309-0056,Delivery/Takeaway,Corporate Order,,,Food,Baked Goods,996331,MENU0094,Butter Croissant,195.0,1.0,195.0,Synthetic promotion,6.55,0,6.55,188.45,9.42,197.87,58.04,58.04,69.2,70.67
ABNAH Cafe Connaught Place,2026-03-09,BILL-OUT001-260309-0057,Delivery/Takeaway,Corporate Order,,,Food,Baked Goods,996331,MENU0095,Almond Croissant,245.0,2.0,490.0,Synthetic promotion,26.03,0,26.03,463.97,23.2,487.17,58.04,116.08,74.98,76.17
ABNAH Cafe Connaught Place,2026-03-09,BILL-OUT001-260309-0058,Delivery/Takeaway,Takeaway,,,Food,Baked Goods,996331,MENU0096,Chocolate Croissant,235.0,1.0,235.0,Synthetic promotion,3.26,0,3.26,231.74,11.59,243.33,64.54,64.54,72.15,73.48
ABNAH Cafe Connaught Place,2026-03-09,BILL-OUT001-260309-0059,Delivery/Takeaway,Corporate Order,,,Food,Baked Goods,996331,MENU0098,Sriracha Chicken Croissant,275.0,1.0,275.0,Synthetic promotion,4.06,0,4.06,270.94,13.55,284.49,81.14,81.14,70.05,71.48
ABNAH Cafe Connaught Place,2026-03-09,BILL-OUT001-260309-0060,Delivery/Takeaway,Takeaway,Guest 7061,9000007061,Dessert,Baked Goods,996331,MENU0100,Banana Walnut Tea Cake,205.0,2.0,410.0,Synthetic promotion,22.03,0,22.03,387.97,19.4,407.37,61.61,123.22,68.24,69.75
ABNAH Cafe Connaught Place,2026-03-09,BILL-OUT001-260309-0061,Dine In,Dine In,,,Dessert,Desserts,996331,MENU0102,Double Chocolate Truffle Cake,297.31,2.0,594.62,Synthetic promotion,0.01,0,0.01,594.61,29.73,624.34,63.07,126.14,78.79,79.8
ABNAH Cafe Connaught Place,2026-03-09,BILL-OUT001-260309-0062,Delivery/Takeaway,Corporate Order,,,Dessert,Desserts,996331,MENU0104,Classic Chocolate Fudge Brownie,195.0,1.0,195.0,Synthetic promotion,7.61,0,7.61,187.39,9.37,196.76,51.02,51.02,72.77,74.07
ABNAH Cafe Connaught Place,2026-03-09,BILL-OUT001-260309-0063,Delivery/Takeaway,Corporate Order,,,Dessert,Desserts,996331,MENU0108,Apple Pie,270.0,2.0,540.0,Synthetic promotion,17.51,0,17.51,522.49,26.12,548.61,56.57,113.14,78.35,79.38
ABNAH Cafe Connaught Place,2026-03-09,BILL-OUT001-260309-0064,Delivery/Takeaway,Takeaway,,,Dessert,Baked Goods,996331,MENU0110,Multigrain Walnut Tea Cake,225.0,2.0,450.0,Synthetic promotion,13.96,0,13.96,436.04,21.8,457.84,56.57,113.14,74.05,75.29
ABNAH Cafe Connaught Place,2026-03-10,BILL-OUT001-260310-0001,Dine In,Dine In,,,Beverage,Coffee Classics,996331,MENU0003,Americano - Regular,185.0,4.0,740.0,Synthetic promotion,13.87,0,13.87,726.13,36.31,762.44,23.21,92.84,87.21,87.82
ABNAH Cafe Connaught Place,2026-03-10,BILL-OUT001-260310-0002,Dine In,Dine In,,,Beverage,Coffee Classics,996331,MENU0004,Americano - Medium,213.84,9.0,1924.56,,0.0,0,0.0,1924.57,96.23,2020.8,26.05,234.45,87.82,88.4
ABNAH Cafe Connaught Place,2026-03-10,BILL-OUT001-260310-0003,Delivery/Takeaway,Takeaway,,,Beverage,Coffee Classics,996331,MENU0005,Americano - Large,235.5,3.0,706.5,,0.0,0,0.0,706.5,35.33,741.83,28.91,86.73,87.72,88.31
ABNAH Cafe Connaught Place,2026-03-10,BILL-OUT001-260310-0004,Delivery/Takeaway,Takeaway,,,Beverage,Coffee Classics,996331,MENU0006,Latte - Regular,225.0,2.0,450.0,Synthetic promotion,23.94,0,23.94,426.06,21.3,447.36,36.17,72.34,83.02,83.83
ABNAH Cafe Connaught Place,2026-03-10,BILL-OUT001-260310-0005,Delivery/Takeaway,Corporate Order,,,Beverage,Coffee Classics,996331,MENU0007,Latte - Medium,252.75,2.0,505.5,,0.0,0,0.0,505.51,25.28,530.79,40.96,81.92,83.79,84.57
ABNAH Cafe Connaught Place,2026-03-10,BILL-OUT001-260310-0006,Dine In,Dine In,,,Beverage,Coffee Classics,996331,MENU0008,Latte - Large,275.0,1.0,275.0,Synthetic promotion,3.25,0,3.25,271.75,13.59,285.34,45.76,45.76,83.16,83.96
ABNAH Cafe Connaught Place,2026-03-10,BILL-OUT001-260310-0007,Delivery/Takeaway,Corporate Order,,,Beverage,Coffee Classics,996331,MENU0009,Cappuccino - Regular,225.0,8.0,1800.0,Synthetic promotion,53.65,0,53.65,1746.35,87.32,1833.67,36.17,289.36,83.43,84.22
ABNAH Cafe Connaught Place,2026-03-10,BILL-OUT001-260310-0008,Delivery/Takeaway,Takeaway,,,Beverage,Coffee Classics,996331,MENU0010,Cappuccino - Medium,250.94,3.0,752.82,,0.0,0,0.0,752.83,37.64,790.47,40.96,122.88,83.68,84.45
ABNAH Cafe Connaught Place,2026-03-10,BILL-OUT001-260310-0009,Delivery/Takeaway,Takeaway,,,Beverage,Coffee Classics,996331,MENU0011,Cappuccino - Large,277.53,1.0,277.53,,0.0,0,0.0,277.53,13.88,291.41,45.76,45.76,83.51,84.3
ABNAH Cafe Connaught Place,2026-03-10,BILL-OUT001-260310-0010,Dine In,Dine In,,,Beverage,Coffee Classics,996331,MENU0012,Flat White - Regular,235.0,1.0,235.0,Synthetic promotion,4.24,0,4.24,230.76,11.54,242.3,36.17,36.17,84.33,85.07
ABNAH Cafe Connaught Place,2026-03-10,BILL-OUT001-260310-0011,Delivery/Takeaway,Corporate Order,,,Beverage,Coffee Classics,996331,MENU0013,Flat White - Medium,260.0,1.0,260.0,Synthetic promotion,4.82,0,4.82,255.18,12.76,267.94,40.96,40.96,83.95,84.71
ABNAH Cafe Connaught Place,2026-03-10,BILL-OUT001-260310-0012,Delivery/Takeaway,Takeaway,,,Beverage,Coffee Classics,996331,MENU0015,Mocha - Regular,245.0,4.0,980.0,Synthetic promotion,30.94,0,30.94,949.06,47.45,996.51,42.67,170.68,82.02,82.87
ABNAH Cafe Connaught Place,2026-03-10,BILL-OUT001-260310-0013,Delivery/Takeaway,Takeaway,,,Beverage,Coffee Classics,996331,MENU0016,Mocha - Medium,270.0,3.0,810.0,Synthetic promotion,14.33,0,14.33,795.67,39.78,835.45,48.42,145.26,81.74,82.61
ABNAH Cafe Connaught Place,2026-03-10,BILL-OUT001-260310-0014,Dine In,Dine In,Guest 7571,9000007571,Beverage,Signature Coffee,996331,MENU0019,Sea Salt Mocha - Medium,308.75,1.0,308.75,,0.0,0,0.0,308.75,15.44,324.19,48.42,48.42,84.32,85.06
ABNAH Cafe Connaught Place,2026-03-10,BILL-OUT001-260310-0015,Delivery/Takeaway,Corporate Order,,,Beverage,Signature Coffee,996331,MENU0021,Orange Zest Mocha - Regular,270.0,1.0,270.0,Synthetic promotion,7.11,0,7.11,262.89,13.14,276.03,42.67,42.67,83.77,84.54
ABNAH Cafe Connaught Place,2026-03-10,BILL-OUT001-260310-0016,Delivery/Takeaway,Takeaway,,,Beverage,Signature Coffee,996331,MENU0022,Orange Zest Mocha - Medium,302.09,1.0,302.09,,0.0,0,0.0,302.09,15.1,317.19,48.42,48.42,83.97,84.73
ABNAH Cafe Connaught Place,2026-03-10,BILL-OUT001-260310-0017,Delivery/Takeaway,Takeaway,,,Beverage,Signature Coffee,996331,MENU0024,Caramel Macchiato - Regular,265.0,1.0,265.0,Synthetic promotion,3.85,0,3.85,261.15,13.06,274.21,42.42,42.42,83.76,84.53
ABNAH Cafe Connaught Place,2026-03-10,BILL-OUT001-260310-0018,Delivery/Takeaway,Corporate Order,,,Beverage,Signature Coffee,996331,MENU0025,Caramel Macchiato - Medium,295.0,1.0,295.0,Synthetic promotion,11.8,0,11.8,283.2,14.16,297.36,48.13,48.13,83.0,83.81
ABNAH Cafe Connaught Place,2026-03-10,BILL-OUT001-260310-0019,Dine In,Dine In,Guest 1366,9000001366,Beverage,Signature Coffee,996331,MENU0026,Caramel Macchiato - Large,325.29,1.0,325.29,,0.0,0,0.0,325.29,16.26,341.55,53.88,53.88,83.44,84.22
ABNAH Cafe Connaught Place,2026-03-10,BILL-OUT001-260310-0020,Delivery/Takeaway,Takeaway,,,Beverage,Signature Coffee,996331,MENU0030,Vegan Iced Latte - Regular,285.0,1.0,285.0,Synthetic promotion,3.61,0,3.61,281.39,14.07,295.46,58.9,58.9,79.07,80.06
ABNAH Cafe Connaught Place,2026-03-10,BILL-OUT001-260310-0021,Dine In,Dine In,Guest 5851,9000005851,Beverage,Cold Brew,996331,MENU0033,Classic Cold Brew - Regular,225.0,2.0,450.0,Synthetic promotion,1.1,0,1.1,448.9,22.45,471.35,25.6,51.2,88.59,89.14
ABNAH Cafe Connaught Place,2026-03-10,BILL-OUT001-260310-0022,Delivery/Takeaway,Corporate Order,,,Beverage,Cold Brew,996331,MENU0035,Classic Cold Brew - Large,275.0,1.0,275.0,Synthetic promotion,8.58,0,8.58,266.42,13.32,279.74,31.73,31.73,88.09,88.66
ABNAH Cafe Connaught Place,2026-03-10,BILL-OUT001-260310-0023,Delivery/Takeaway,Takeaway,,,Beverage,Cold Brew,996331,MENU0038,Coffee Lemonade - Large,285.0,1.0,285.0,Synthetic promotion,1.2,0,1.2,283.8,14.19,297.99,36.73,36.73,87.06,87.67
ABNAH Cafe Connaught Place,2026-03-10,BILL-OUT001-260310-0024,Delivery/Takeaway,Corporate Order,,,Beverage,Cold Brew,996331,MENU0040,Vietnamese Shakerato - Medium,280.0,1.0,280.0,Synthetic promotion,4.73,0,4.73,275.27,13.76,289.03,28.66,28.66,89.59,90.08
ABNAH Cafe Connaught Place,2026-03-10,BILL-OUT001-260310-0025,Delivery/Takeaway,Corporate Order,Guest 6721,9000006721,Beverage,Cold Coffee,996331,MENU0043,Classic Cold Coffee - Medium,290.0,4.0,1160.0,Synthetic promotion,28.55,0,28.55,1131.45,56.57,1188.02,43.56,174.24,84.6,85.33
ABNAH Cafe Connaught Place,2026-03-10,BILL-OUT001-260310-0026,Delivery/Takeaway,Takeaway,,,Beverage,Cold Coffee,996331,MENU0046,Mocha Cold Coffee - Medium,320.0,1.0,320.0,Synthetic promotion,1.74,0,1.74,318.26,15.91,334.17,51.03,51.03,83.97,84.73
ABNAH Cafe Connaught Place,2026-03-10,BILL-OUT001-260310-0027,Delivery/Takeaway,Takeaway,,,Beverage,Cold Coffee,996331,MENU0047,Mocha Cold Coffee - Large,355.0,1.0,355.0,Synthetic promotion,1.71,0,1.71,353.29,17.66,370.95,57.03,57.03,83.86,84.63
ABNAH Cafe Connaught Place,2026-03-10,BILL-OUT001-260310-0028,Delivery/Takeaway,Takeaway,,,Beverage,Cold Coffee,996331,MENU0049,Caramel Cold Coffee - Medium,320.0,2.0,640.0,Synthetic promotion,27.37,0,27.37,612.63,30.63,643.26,50.74,101.48,83.44,84.22
ABNAH Cafe Connaught Place,2026-03-10,BILL-OUT001-260310-0029,Delivery/Takeaway,Takeaway,,,Beverage,Cold Coffee,996331,MENU0050,Caramel Cold Coffee - Large,355.17,1.0,355.17,,0.0,0,0.0,355.17,17.76,372.93,56.7,56.7,84.04,84.8
ABNAH Cafe Connaught Place,2026-03-10,BILL-OUT001-260310-0030,Delivery/Takeaway,Takeaway,,,Beverage,Tea,996331,MENU0052,Masala Chai Latte - Medium,220.0,1.0,220.0,Synthetic promotion,11.54,0,11.54,208.46,10.42,218.88,40.96,40.96,80.35,81.29
ABNAH Cafe Connaught Place,2026-03-10,BILL-OUT001-260310-0031,Delivery/Takeaway,Corporate Order,,,Beverage,Tea,996331,MENU0053,Masala Chai Latte - Large,245.0,2.0,490.0,Synthetic promotion,13.9,0,13.9,476.1,23.8,499.9,45.76,91.52,80.78,81.69
ABNAH Cafe Connaught Place,2026-03-10,BILL-OUT001-260310-0032,Delivery/Takeaway,Takeaway,Guest 7283,9000007283,Beverage,Tea,996331,MENU0054,Himalayan Green Tea,210.0,1.0,210.0,Synthetic promotion,2.16,0,2.16,207.84,10.39,218.23,8.67,8.67,95.83,96.03
ABNAH Cafe Connaught Place,2026-03-10,BILL-OUT001-260310-0033,Delivery/Takeaway,Corporate Order,,,Beverage,Tea,996331,MENU0056,Japanese Matcha Latte - Medium,298.22,1.0,298.22,,0.0,0,0.0,298.22,14.91,313.13,40.96,40.96,86.27,86.92
ABNAH Cafe Connaught Place,2026-03-10,BILL-OUT001-260310-0034,Delivery/Takeaway,Corporate Order,,,Beverage,Iced Tea,996331,MENU0060,Lemon Iced Tea - Large,255.0,1.0,255.0,Synthetic promotion,4.88,0,4.88,250.12,12.51,262.63,17.03,17.03,93.19,93.52
ABNAH Cafe Connaught Place,2026-03-10,BILL-OUT001-260310-0035,Delivery/Takeaway,Takeaway,,,Beverage,Iced Tea,996331,MENU0061,Hibiscus Lime Iced Tea - Regular,225.0,2.0,450.0,Synthetic promotion,18.63,0,18.63,431.37,21.57,452.94,24.09,48.18,88.83,89.36
ABNAH Cafe Connaught Place,2026-03-10,BILL-OUT001-260310-0036,Delivery/Takeaway,Takeaway,,,Beverage,Kids Beverage,996331,MENU0067,Babyccino - Regular,166.09,1.0,166.09,,0.0,0,0.0,166.09,8.3,174.39,14.21,14.21,91.44,91.85
ABNAH Cafe Connaught Place,2026-03-10,BILL-OUT001-260310-0037,Delivery/Takeaway,Takeaway,,,Beverage,Shake,996331,MENU0068,Choco Chip Shake - Regular,295.0,2.0,590.0,Synthetic promotion,3.54,0,3.54,586.46,29.32,615.78,34.11,68.22,88.37,88.92
ABNAH Cafe Connaught Place,2026-03-10,BILL-OUT001-260310-0038,Delivery/Takeaway,Takeaway,,,Beverage,Shake,996331,MENU0069,Choco Chip Shake - Medium,330.0,1.0,330.0,Synthetic promotion,4.81,0,4.81,325.19,16.26,341.45,38.42,38.42,88.19,88.75
ABNAH Cafe Connaught Place,2026-03-10,BILL-OUT001-260310-0039,Delivery/Takeaway,Corporate Order,,,Beverage,Shake,996331,MENU0073,Mixed Berry Shake - Large,387.57,1.0,387.57,,0.0,0,0.0,387.57,19.38,406.95,78.02,78.02,79.87,80.83
ABNAH Cafe Connaught Place,2026-03-10,BILL-OUT001-260310-0040,Delivery/Takeaway,Takeaway,,,Beverage,Smoothie,996331,MENU0075,Seasonal Smoothie - Medium,344.27,1.0,344.27,,0.0,0,0.0,344.27,17.21,361.48,37.59,37.59,89.08,89.6
ABNAH Cafe Connaught Place,2026-03-10,BILL-OUT001-260310-0041,Delivery/Takeaway,Corporate Order,,,Beverage,Smoothie,996331,MENU0076,Seasonal Smoothie - Large,375.0,1.0,375.0,Synthetic promotion,11.23,0,11.23,363.77,18.19,381.96,41.83,41.83,88.5,89.05
ABNAH Cafe Connaught Place,2026-03-10,BILL-OUT001-260310-0042,Delivery/Takeaway,Corporate Order,,,Food,Wraps,996331,MENU0077,Spicy Paneer Wrap,276.45,1.0,276.45,,0.0,0,0.0,276.45,13.82,290.27,73.36,73.36,73.46,74.73
ABNAH Cafe Connaught Place,2026-03-10,BILL-OUT001-260310-0043,Dine In,Dine In,Guest 6119,9000006119,Food,Sandwiches,996331,MENU0080,Pesto Veg Sandwich,283.5,1.0,283.5,,0.0,0,0.0,283.5,14.18,297.68,91.86,91.86,67.6,69.14
ABNAH Cafe Connaught Place,2026-03-10,BILL-OUT001-260310-0044,Dine In,Dine In,,,Food,Sandwiches,996331,MENU0081,Pepper Chicken Sandwich,315.0,1.0,315.0,Synthetic promotion,0.88,0,0.88,314.12,15.71,329.83,87.66,87.66,72.09,73.42
ABNAH Cafe Connaught Place,2026-03-10,BILL-OUT001-260310-0045,Dine In,Dine In,,,Food,Sandwiches,996331,MENU0082,Tandoori Chicken Sandwich,320.0,4.0,1280.0,Synthetic promotion,58.68,0,58.68,1221.32,61.07,1282.39,87.66,350.64,71.29,72.66
ABNAH Cafe Connaught Place,2026-03-10,BILL-OUT001-260310-0046,Dine In,Dine In,,,Food,Toasts,996331,MENU0083,Chilli Cheese Garlic Toast,235.0,1.0,235.0,Synthetic promotion,6.74,0,6.74,228.26,11.41,239.67,42.14,42.14,81.54,82.42
ABNAH Cafe Connaught Place,2026-03-10,BILL-OUT001-260310-0047,Delivery/Takeaway,Corporate Order,,,Food,Breakfast,996331,MENU0086,Breakfast Pancakes,290.54,1.0,290.54,,0.0,0,0.0,290.54,14.53,305.07,66.89,66.89,76.98,78.07
ABNAH Cafe Connaught Place,2026-03-10,BILL-OUT001-260310-0048,Delivery/Takeaway,Takeaway,,,Food,Breakfast,996331,MENU0087,Cream Cheese Bagel,250.0,1.0,250.0,Synthetic promotion,1.47,0,1.47,248.53,12.43,260.96,54.49,54.49,78.08,79.12
ABNAH Cafe Connaught Place,2026-03-10,BILL-OUT001-260310-0049,Delivery/Takeaway,Takeaway,,,Food,Snacks,996331,MENU0090,Marinara Cheese Pin Wheels,215.0,3.0,645.0,Synthetic promotion,35.57,0,35.57,609.43,30.47,639.9,38.29,114.87,81.15,82.05
ABNAH Cafe Connaught Place,2026-03-10,BILL-OUT001-260310-0050,Delivery/Takeaway,Takeaway,Guest 2316,9000002316,Food,Snacks,996331,MENU0091,Pesto Sundried Tomato Pin Wheel,225.0,1.0,225.0,Synthetic promotion,13.19,0,13.19,211.81,10.59,222.4,42.04,42.04,80.15,81.1
ABNAH Cafe Connaught Place,2026-03-10,BILL-OUT001-260310-0051,Delivery/Takeaway,Corporate Order,,,Food,Baked Goods,996331,MENU0094,Butter Croissant,195.0,1.0,195.0,Synthetic promotion,3.89,0,3.89,191.11,9.56,200.67,58.04,58.04,69.63,71.08
ABNAH Cafe Connaught Place,2026-03-10,BILL-OUT001-260310-0052,Delivery/Takeaway,Takeaway,,,Food,Baked Goods,996331,MENU0096,Chocolate Croissant,235.0,1.0,235.0,Synthetic promotion,3.7,0,3.7,231.3,11.56,242.86,64.54,64.54,72.1,73.43
ABNAH Cafe Connaught Place,2026-03-10,BILL-OUT001-260310-0053,Dine In,Dine In,,,Food,Baked Goods,996331,MENU0098,Sriracha Chicken Croissant,275.0,1.0,275.0,Synthetic promotion,4.97,0,4.97,270.03,13.5,283.53,81.14,81.14,69.95,71.38
ABNAH Cafe Connaught Place,2026-03-10,BILL-OUT001-260310-0054,Dine In,Dine In,,,Dessert,Baked Goods,996331,MENU0101,Lemon Raspberry Tea Cake,215.0,1.0,215.0,Synthetic promotion,9.58,0,9.58,205.42,10.27,215.69,56.57,56.57,72.46,73.77
ABNAH Cafe Connaught Place,2026-03-10,BILL-OUT001-260310-0055,Delivery/Takeaway,Takeaway,Guest 3361,9000003361,Dessert,Desserts,996331,MENU0103,Banoffee Pie,285.0,1.0,285.0,Synthetic promotion,12.41,0,12.41,272.59,13.63,286.22,56.57,56.57,79.25,80.24
ABNAH Cafe Connaught Place,2026-03-10,BILL-OUT001-260310-0056,Delivery/Takeaway,Corporate Order,,,Dessert,Desserts,996331,MENU0104,Classic Chocolate Fudge Brownie,195.0,1.0,195.0,Synthetic promotion,8.21,0,8.21,186.79,9.34,196.13,51.02,51.02,72.69,73.99
ABNAH Cafe Connaught Place,2026-03-10,BILL-OUT001-260310-0057,Delivery/Takeaway,Takeaway,,,Dessert,Desserts,996331,MENU0107,Jaggery Parmesan Cookie,170.71,2.0,341.42,,0.0,0,0.0,341.42,17.07,358.49,41.02,82.04,75.97,77.12
ABNAH Cafe Connaught Place,2026-03-10,BILL-OUT001-260310-0058,Delivery/Takeaway,Corporate Order,,,Dessert,Baked Goods,996331,MENU0110,Multigrain Walnut Tea Cake,225.0,2.0,450.0,Synthetic promotion,18.72,0,18.72,431.28,21.56,452.84,56.57,113.14,73.77,75.02
ABNAH Cafe Connaught Place,2026-03-11,BILL-OUT001-260311-0001,Delivery/Takeaway,Takeaway,Guest 1973,9000001973,Beverage,Espresso,996331,MENU0001,Espresso Shot - Solo,145.0,1.0,145.0,Synthetic promotion,7.88,0,7.88,137.12,6.86,143.98,13.63,13.63,90.06,90.53
ABNAH Cafe Connaught Place,2026-03-11,BILL-OUT001-260311-0002,Delivery/Takeaway,Takeaway,,,Beverage,Coffee Classics,996331,MENU0003,Americano - Regular,185.0,4.0,740.0,Synthetic promotion,32.47,0,32.47,707.53,35.38,742.91,23.21,92.84,86.88,87.5
ABNAH Cafe Connaught Place,2026-03-11,BILL-OUT001-260311-0003,Dine In,Dine In,,,Beverage,Coffee Classics,996331,MENU0004,Americano - Medium,210.0,2.0,420.0,Synthetic promotion,21.68,0,21.68,398.32,19.92,418.24,26.05,52.1,86.92,87.54
ABNAH Cafe Connaught Place,2026-03-11,BILL-OUT001-260311-0004,Delivery/Takeaway,Corporate Order,,,Beverage,Coffee Classics,996331,MENU0005,Americano - Large,239.32,2.0,478.64,,0.0,0,0.0,478.65,23.93,502.58,28.91,57.82,87.92,88.5
ABNAH Cafe Connaught Place,2026-03-11,BILL-OUT001-260311-0005,Delivery/Takeaway,Takeaway,,,Beverage,Coffee Classics,996331,MENU0006,Latte - Regular,225.0,1.0,225.0,Synthetic promotion,1.12,0,1.12,223.88,11.19,235.07,36.17,36.17,83.84,84.61
ABNAH Cafe Connaught Place,2026-03-11,BILL-OUT001-260311-0006,Dine In,Dine In,,,Beverage,Coffee Classics,996331,MENU0007,Latte - Medium,250.0,5.0,1250.0,Synthetic promotion,43.38,0,43.38,1206.62,60.33,1266.95,40.96,204.8,83.03,83.84
ABNAH Cafe Connaught Place,2026-03-11,BILL-OUT001-260311-0007,Delivery/Takeaway,Corporate Order,,,Beverage,Coffee Classics,996331,MENU0009,Cappuccino - Regular,225.0,2.0,450.0,Synthetic promotion,25.74,0,25.74,424.26,21.21,445.47,36.17,72.34,82.95,83.76
ABNAH Cafe Connaught Place,2026-03-11,BILL-OUT001-260311-0008,Dine In,Dine In,Guest 1127,9000001127,Beverage,Coffee Classics,996331,MENU0010,Cappuccino - Medium,252.36,5.0,1261.8,,0.0,0,0.0,1261.82,63.09,1324.91,40.96,204.8,83.77,84.54
ABNAH Cafe Connaught Place,2026-03-11,BILL-OUT001-260311-0009,Dine In,Dine In,,,Beverage,Coffee Classics,996331,MENU0011,Cappuccino - Large,275.0,1.0,275.0,Synthetic promotion,3.46,0,3.46,271.54,13.58,285.12,45.76,45.76,83.15,83.95
ABNAH Cafe Connaught Place,2026-03-11,BILL-OUT001-260311-0010,Delivery/Takeaway,Takeaway,,,Beverage,Coffee Classics,996331,MENU0012,Flat White - Regular,235.0,1.0,235.0,Synthetic promotion,11.2,0,11.2,223.8,11.19,234.99,36.17,36.17,83.84,84.61
ABNAH Cafe Connaught Place,2026-03-11,BILL-OUT001-260311-0011,Dine In,Dine In,,,Beverage,Coffee Classics,996331,MENU0013,Flat White - Medium,260.34,6.0,1562.04,Synthetic promotion,0.01,0,0.01,1562.03,78.1,1640.13,40.96,245.76,84.27,85.02
ABNAH Cafe Connaught Place,2026-03-11,BILL-OUT001-260311-0012,Delivery/Takeaway,Takeaway,,,Beverage,Coffee Classics,996331,MENU0014,Flat White - Large,285.0,3.0,855.0,Synthetic promotion,20.29,0,20.29,834.71,41.74,876.45,45.76,137.28,83.55,84.34
ABNAH Cafe Connaught Place,2026-03-11,BILL-OUT001-260311-0013,Delivery/Takeaway,Corporate Order,Guest 6340,9000006340,Beverage,Coffee Classics,996331,MENU0015,Mocha - Regular,245.0,2.0,490.0,Synthetic promotion,15.86,0,15.86,474.14,23.71,497.85,42.67,85.34,82.0,82.86
ABNAH Cafe Connaught Place,2026-03-11,BILL-OUT001-260311-0014,Dine In,Dine In,Guest 1240,9000001240,Beverage,Coffee Classics,996331,MENU0016,Mocha - Medium,270.0,1.0,270.0,Synthetic promotion,3.82,0,3.82,266.18,13.31,279.49,48.42,48.42,81.81,82.68
ABNAH Cafe Connaught Place,2026-03-11,BILL-OUT001-260311-0015,Dine In,Dine In,,,Beverage,Signature Coffee,996331,MENU0018,Sea Salt Mocha - Regular,275.0,2.0,550.0,Synthetic promotion,24.18,0,24.18,525.82,26.29,552.11,42.67,85.34,83.77,84.54
ABNAH Cafe Connaught Place,2026-03-11,BILL-OUT001-260311-0016,Delivery/Takeaway,Takeaway,,,Beverage,Signature Coffee,996331,MENU0020,Sea Salt Mocha - Large,335.0,2.0,670.0,Synthetic promotion,35.06,0,35.06,634.94,31.75,666.69,54.21,108.42,82.92,83.74
ABNAH Cafe Connaught Place,2026-03-11,BILL-OUT001-260311-0017,Delivery/Takeaway,Takeaway,,,Beverage,Signature Coffee,996331,MENU0021,Orange Zest Mocha - Regular,270.75,3.0,812.25,Synthetic promotion,0.01,0,0.01,812.24,40.61,852.85,42.67,128.01,84.24,84.99
ABNAH Cafe Connaught Place,2026-03-11,BILL-OUT001-260311-0018,Dine In,Dine In,,,Beverage,Signature Coffee,996331,MENU0024,Caramel Macchiato - Regular,267.03,1.0,267.03,,0.0,0,0.0,267.03,13.35,280.38,42.42,42.42,84.11,84.87
ABNAH Cafe Connaught Place,2026-03-11,BILL-OUT001-260311-0019,Delivery/Takeaway,Corporate Order,,,Beverage,Signature Coffee,996331,MENU0025,Caramel Macchiato - Medium,295.0,1.0,295.0,Synthetic promotion,4.21,0,4.21,290.79,14.54,305.33,48.13,48.13,83.45,84.24
ABNAH Cafe Connaught Place,2026-03-11,BILL-OUT001-260311-0020,Dine In,Dine In,,,Beverage,Signature Coffee,996331,MENU0027,French Vanilla Latte - Regular,267.71,1.0,267.71,,0.0,0,0.0,267.71,13.39,281.1,42.17,42.17,84.25,85.0
ABNAH Cafe Connaught Place,2026-03-11,BILL-OUT001-260311-0021,Delivery/Takeaway,Corporate Order,,,Beverage,Signature Coffee,996331,MENU0029,French Vanilla Latte - Large,325.0,1.0,325.0,Synthetic promotion,13.47,0,13.47,311.53,15.58,327.11,53.56,53.56,82.81,83.63
ABNAH Cafe Connaught Place,2026-03-11,BILL-OUT001-260311-0022,Delivery/Takeaway,Corporate Order,,,Beverage,Signature Coffee,996331,MENU0030,Vegan Iced Latte - Regular,285.0,2.0,570.0,Synthetic promotion,10.06,0,10.06,559.94,28.0,587.94,58.9,117.8,78.96,79.96
ABNAH Cafe Connaught Place,2026-03-11,BILL-OUT001-260311-0023,Delivery/Takeaway,Takeaway,,,Beverage,Cold Brew,996331,MENU0034,Classic Cold Brew - Medium,250.0,3.0,750.0,Synthetic promotion,40.28,0,40.28,709.72,35.49,745.21,28.66,85.98,87.89,88.46
ABNAH Cafe Connaught Place,2026-03-11,BILL-OUT001-260311-0024,Delivery/Takeaway,Takeaway,Guest 4961,9000004961,Beverage,Cold Brew,996331,MENU0035,Classic Cold Brew - Large,275.0,1.0,275.0,Synthetic promotion,2.93,0,2.93,272.07,13.6,285.67,31.73,31.73,88.34,88.89
ABNAH Cafe Connaught Place,2026-03-11,BILL-OUT001-260311-0025,Dine In,Dine In,Guest 0505,9000000505,Beverage,Cold Brew,996331,MENU0039,Vietnamese Shakerato - Regular,258.06,2.0,516.12,,0.0,0,0.0,516.12,25.81,541.93,25.6,51.2,90.08,90.55
ABNAH Cafe Connaught Place,2026-03-11,BILL-OUT001-260311-0026,Dine In,Dine In,,,Beverage,Cold Brew,996331,MENU0040,Vietnamese Shakerato - Medium,280.0,1.0,280.0,Synthetic promotion,3.16,0,3.16,276.84,13.84,290.68,28.66,28.66,89.65,90.14
ABNAH Cafe Connaught Place,2026-03-11,BILL-OUT001-260311-0027,Delivery/Takeaway,Corporate Order,,,Beverage,Cold Brew,996331,MENU0041,Vietnamese Shakerato - Large,308.01,2.0,616.02,,0.0,0,0.0,616.02,30.8,646.82,31.73,63.46,89.7,90.19
ABNAH Cafe Connaught Place,2026-03-11,BILL-OUT001-260311-0028,Delivery/Takeaway,Corporate Order,,,Beverage,Cold Coffee,996331,MENU0042,Classic Cold Coffee - Regular,255.0,3.0,765.0,Synthetic promotion,1.89,0,1.89,763.11,38.16,801.27,38.56,115.68,84.84,85.56
ABNAH Cafe Connaught Place,2026-03-11,BILL-OUT001-260311-0029,Dine In,Dine In,,,Beverage,Cold Coffee,996331,MENU0043,Classic Cold Coffee - Medium,290.0,1.0,290.0,Synthetic promotion,8.83,0,8.83,281.17,14.06,295.23,43.56,43.56,84.51,85.25
ABNAH Cafe Connaught Place,2026-03-11,BILL-OUT001-260311-0030,Delivery/Takeaway,Takeaway,Guest 4658,9000004658,Beverage,Cold Coffee,996331,MENU0045,Mocha Cold Coffee - Regular,285.0,3.0,855.0,Synthetic promotion,38.35,0,38.35,816.65,40.83,857.48,45.06,135.18,83.45,84.24
ABNAH Cafe Connaught Place,2026-03-11,BILL-OUT001-260311-0031,Dine In,Dine In,,,Beverage,Cold Coffee,996331,MENU0048,Caramel Cold Coffee - Regular,285.0,2.0,570.0,Synthetic promotion,14.3,0,14.3,555.7,27.79,583.49,44.81,89.62,83.87,84.64
ABNAH Cafe Connaught Place,2026-03-11,BILL-OUT001-260311-0032,Delivery/Takeaway,Takeaway,,,Beverage,Cold Coffee,996331,MENU0050,Caramel Cold Coffee - Large,357.51,2.0,715.02,,0.0,0,0.0,715.03,35.75,750.78,56.7,113.4,84.14,84.9
ABNAH Cafe Connaught Place,2026-03-11,BILL-OUT001-260311-0033,Delivery/Takeaway,Corporate Order,,,Beverage,Tea,996331,MENU0051,Masala Chai Latte - Regular,198.47,1.0,198.47,,0.0,0,0.0,198.47,9.92,208.39,36.17,36.17,81.78,82.64
ABNAH Cafe Connaught Place,2026-03-11,BILL-OUT001-260311-0034,Dine In,Dine In,,,Beverage,Tea,996331,MENU0052,Masala Chai Latte - Medium,220.51,2.0,441.02,,0.0,0,0.0,441.02,22.05,463.07,40.96,81.92,81.42,82.31
ABNAH Cafe Connaught Place,2026-03-11,BILL-OUT001-260311-0035,Dine In,Dine In,,,Beverage,Tea,996331,MENU0055,Japanese Matcha Latte - Regular,265.0,4.0,1060.0,Synthetic promotion,29.38,0,29.38,1030.62,51.53,1082.15,36.17,144.68,85.96,86.63
ABNAH Cafe Connaught Place,2026-03-11,BILL-OUT001-260311-0036,Delivery/Takeaway,Takeaway,,,Beverage,Tea,996331,MENU0056,Japanese Matcha Latte - Medium,295.0,1.0,295.0,Synthetic promotion,0.58,0,0.58,294.42,14.72,309.14,40.96,40.96,86.09,86.75
ABNAH Cafe Connaught Place,2026-03-11,BILL-OUT001-260311-0037,Delivery/Takeaway,Corporate Order,,,Beverage,Tea,996331,MENU0057,Japanese Matcha Latte - Large,328.01,1.0,328.01,,0.0,0,0.0,328.01,16.4,344.41,45.76,45.76,86.05,86.71
ABNAH Cafe Connaught Place,2026-03-11,BILL-OUT001-260311-0038,Delivery/Takeaway,Corporate Order,,,Beverage,Iced Tea,996331,MENU0058,Lemon Iced Tea - Regular,205.0,2.0,410.0,Synthetic promotion,0.07,0,0.07,409.93,20.5,430.43,14.29,28.58,93.03,93.36
ABNAH Cafe Connaught Place,2026-03-11,BILL-OUT001-260311-0039,Dine In,Dine In,,,Beverage,Iced Tea,996331,MENU0059,Lemon Iced Tea - Medium,230.71,1.0,230.71,,0.0,0,0.0,230.71,11.54,242.25,15.66,15.66,93.21,93.54
ABNAH Cafe Connaught Place,2026-03-11,BILL-OUT001-260311-0040,Dine In,Dine In,,,Beverage,Iced Tea,996331,MENU0062,Hibiscus Lime Iced Tea - Medium,250.0,1.0,250.0,Synthetic promotion,10.73,0,10.73,239.27,11.96,251.23,26.94,26.94,88.74,89.28
ABNAH Cafe Connaught Place,2026-03-11,BILL-OUT001-260311-0041,Delivery/Takeaway,Takeaway,,,Beverage,Kids Beverage,996331,MENU0064,Hot Chocolate - Regular,220.0,1.0,220.0,Synthetic promotion,7.28,0,7.28,212.72,10.64,223.36,35.57,35.57,83.28,84.08
ABNAH Cafe Connaught Place,2026-03-11,BILL-OUT001-260311-0042,Delivery/Takeaway,Corporate Order,,,Beverage,Shake,996331,MENU0069,Choco Chip Shake - Medium,330.0,1.0,330.0,Synthetic promotion,0.92,0,0.92,329.08,16.45,345.53,38.42,38.42,88.33,88.88
ABNAH Cafe Connaught Place,2026-03-11,BILL-OUT001-260311-0043,Delivery/Takeaway,Takeaway,,,Beverage,Smoothie,996331,MENU0075,Seasonal Smoothie - Medium,340.0,1.0,340.0,Synthetic promotion,10.78,0,10.78,329.22,16.46,345.68,37.59,37.59,88.58,89.13
ABNAH Cafe Connaught Place,2026-03-11,BILL-OUT001-260311-0044,Dine In,Dine In,,,Food,Sandwiches,996331,MENU0080,Pesto Veg Sandwich,280.0,2.0,560.0,Synthetic promotion,23.26,0,23.26,536.74,26.84,563.58,91.86,183.72,65.77,67.4
ABNAH Cafe Connaught Place,2026-03-11,BILL-OUT001-260311-0045,Delivery/Takeaway,Corporate Order,,,Food,Toasts,996331,MENU0083,Chilli Cheese Garlic Toast,235.0,1.0,235.0,Synthetic promotion,2.2,0,2.2,232.8,11.64,244.44,42.14,42.14,81.9,82.76
ABNAH Cafe Connaught Place,2026-03-11,BILL-OUT001-260311-0046,Delivery/Takeaway,Takeaway,Guest 5125,9000005125,Food,Breakfast,996331,MENU0086,Breakfast Pancakes,285.0,2.0,570.0,Synthetic promotion,27.52,0,27.52,542.48,27.12,569.6,66.89,133.78,75.34,76.51
ABNAH Cafe Connaught Place,2026-03-11,BILL-OUT001-260311-0047,Delivery/Takeaway,Corporate Order,Guest 3369,9000003369,Food,Breakfast,996331,MENU0087,Cream Cheese Bagel,250.0,2.0,500.0,Synthetic promotion,11.1,0,11.1,488.9,24.45,513.35,54.49,108.98,77.71,78.77
ABNAH Cafe Connaught Place,2026-03-11,BILL-OUT001-260311-0048,Delivery/Takeaway,Corporate Order,,,Food,Snacks,996331,MENU0090,Marinara Cheese Pin Wheels,215.0,1.0,215.0,Synthetic promotion,0.82,0,0.82,214.18,10.71,224.89,38.29,38.29,82.12,82.97
ABNAH Cafe Connaught Place,2026-03-11,BILL-OUT001-260311-0049,Dine In,Dine In,Guest 8359,9000008359,Food,Snacks,996331,MENU0092,Turnover with Brioche Dough Chicken,255.0,2.0,510.0,Synthetic promotion,11.95,0,11.95,498.05,24.9,522.95,87.54,175.08,64.85,66.52
ABNAH Cafe Connaught Place,2026-03-11,BILL-OUT001-260311-0050,Delivery/Takeaway,Corporate Order,,,Food,Snacks,996331,MENU0093,Turnover with Brioche Dough Veg,235.0,1.0,235.0,Synthetic promotion,8.34,0,8.34,226.66,11.33,237.99,89.94,89.94,60.32,62.21
ABNAH Cafe Connaught Place,2026-03-11,BILL-OUT001-260311-0051,Dine In,Dine In,Guest 2953,9000002953,Food,Baked Goods,996331,MENU0094,Butter Croissant,195.0,2.0,390.0,Synthetic promotion,9.42,0,9.42,380.58,19.03,399.61,58.04,116.08,69.5,70.95
ABNAH Cafe Connaught Place,2026-03-11,BILL-OUT001-260311-0052,Dine In,Dine In,,,Food,Baked Goods,996331,MENU0097,Mushroom Cheese Croissant,256.41,3.0,769.23,,0.0,0,0.0,769.24,38.46,807.7,74.84,224.52,70.81,72.2
ABNAH Cafe Connaught Place,2026-03-11,BILL-OUT001-260311-0053,Dine In,Dine In,,,Food,Baked Goods,996331,MENU0098,Sriracha Chicken Croissant,275.0,2.0,550.0,Synthetic promotion,22.84,0,22.84,527.16,26.36,553.52,81.14,162.28,69.22,70.68
ABNAH Cafe Connaught Place,2026-03-11,BILL-OUT001-260311-0054,Delivery/Takeaway,Corporate Order,,,Dessert,Baked Goods,996331,MENU0099,Cinnamon Roll with Cream Cheese,220.0,1.0,220.0,Synthetic promotion,11.54,0,11.54,208.46,10.42,218.88,52.57,52.57,74.78,75.98
ABNAH Cafe Connaught Place,2026-03-11,BILL-OUT001-260311-0055,Dine In,Dine In,,,Dessert,Baked Goods,996331,MENU0100,Banana Walnut Tea Cake,205.0,1.0,205.0,Synthetic promotion,1.9,0,1.9,203.1,10.15,213.25,61.61,61.61,69.67,71.11
ABNAH Cafe Connaught Place,2026-03-11,BILL-OUT001-260311-0056,Dine In,Dine In,,,Dessert,Desserts,996331,MENU0102,Double Chocolate Truffle Cake,295.0,1.0,295.0,Synthetic promotion,11.68,0,11.68,283.32,14.17,297.49,63.07,63.07,77.74,78.8
ABNAH Cafe Connaught Place,2026-03-11,BILL-OUT001-260311-0057,Dine In,Dine In,,,Dessert,Desserts,996331,MENU0103,Banoffee Pie,285.0,1.0,285.0,Synthetic promotion,7.76,0,7.76,277.24,13.86,291.1,56.57,56.57,79.6,80.57
ABNAH Cafe Connaught Place,2026-03-11,BILL-OUT001-260311-0058,Delivery/Takeaway,Takeaway,,,Dessert,Baked Goods,996331,MENU0110,Multigrain Walnut Tea Cake,227.69,1.0,227.69,,0.0,0,0.0,227.69,11.38,239.07,56.57,56.57,75.15,76.34
ABNAH Cafe Connaught Place,2026-03-12,BILL-OUT001-260312-0001,Delivery/Takeaway,Takeaway,,,Beverage,Coffee Classics,996331,MENU0003,Americano - Regular,185.0,2.0,370.0,Synthetic promotion,11.93,0,11.93,358.07,17.9,375.97,23.21,46.42,87.04,87.65
ABNAH Cafe Connaught Place,2026-03-12,BILL-OUT001-260312-0002,Delivery/Takeaway,Corporate Order,,,Beverage,Coffee Classics,996331,MENU0004,Americano - Medium,210.0,2.0,420.0,Synthetic promotion,15.23,0,15.23,404.77,20.24,425.01,26.05,52.1,87.13,87.74
ABNAH Cafe Connaught Place,2026-03-12,BILL-OUT001-260312-0003,Delivery/Takeaway,Corporate Order,,,Beverage,Coffee Classics,996331,MENU0006,Latte - Regular,229.06,7.0,1603.42,Synthetic promotion,0.01,0,0.01,1603.41,80.17,1683.58,36.17,253.19,84.21,84.96
ABNAH Cafe Connaught Place,2026-03-12,BILL-OUT001-260312-0004,Dine In,Dine In,,,Beverage,Coffee Classics,996331,MENU0007,Latte - Medium,250.0,4.0,1000.0,Synthetic promotion,24.49,0,24.49,975.51,48.78,1024.29,40.96,163.84,83.2,84.0
ABNAH Cafe Connaught Place,2026-03-12,BILL-OUT001-260312-0005,Delivery/Takeaway,Takeaway,,,Beverage,Coffee Classics,996331,MENU0008,Latte - Large,275.0,3.0,825.0,Synthetic promotion,42.7,0,42.7,782.3,39.12,821.42,45.76,137.28,82.45,83.29
ABNAH Cafe Connaught Place,2026-03-12,BILL-OUT001-260312-0006,Dine In,Dine In,,,Beverage,Coffee Classics,996331,MENU0009,Cappuccino - Regular,229.28,4.0,917.12,,0.0,0,0.0,917.13,45.86,962.99,36.17,144.68,84.22,84.98
ABNAH Cafe Connaught Place,2026-03-12,BILL-OUT001-260312-0007,Delivery/Takeaway,Takeaway,,,Beverage,Coffee Classics,996331,MENU0010,Cappuccino - Medium,250.0,2.0,500.0,Synthetic promotion,0.72,0,0.72,499.28,24.96,524.24,40.96,81.92,83.59,84.37
ABNAH Cafe Connaught Place,2026-03-12,BILL-OUT001-260312-0008,Dine In,Dine In,,,Beverage,Coffee Classics,996331,MENU0011,Cappuccino - Large,278.05,1.0,278.05,,0.0,0,0.0,278.05,13.9,291.95,45.76,45.76,83.54,84.33
ABNAH Cafe Connaught Place,2026-03-12,BILL-OUT001-260312-0009,Dine In,Dine In,Guest 1608,9000001608,Beverage,Coffee Classics,996331,MENU0012,Flat White - Regular,235.0,5.0,1175.0,Synthetic promotion,63.31,0,63.31,1111.69,55.58,1167.27,36.17,180.85,83.73,84.51
ABNAH Cafe Connaught Place,2026-03-12,BILL-OUT001-260312-0010,Delivery/Takeaway,Corporate Order,,,Beverage,Coffee Classics,996331,MENU0013,Flat White - Medium,260.0,5.0,1300.0,Synthetic promotion,56.32,0,56.32,1243.68,62.18,1305.86,40.96,204.8,83.53,84.32
ABNAH Cafe Connaught Place,2026-03-12,BILL-OUT001-260312-0011,Dine In,Dine In,,,Beverage,Coffee Classics,996331,MENU0014,Flat White - Large,290.66,1.0,290.66,,0.0,0,0.0,290.66,14.53,305.19,45.76,45.76,84.26,85.01
ABNAH Cafe Connaught Place,2026-03-12,BILL-OUT001-260312-0012,Delivery/Takeaway,Takeaway,,,Beverage,Coffee Classics,996331,MENU0015,Mocha - Regular,245.0,1.0,245.0,Synthetic promotion,10.71,0,10.71,234.29,11.71,246.0,42.67,42.67,81.79,82.65
ABNAH Cafe Connaught Place,2026-03-12,BILL-OUT001-260312-0013,Dine In,Dine In,,,Beverage,Coffee Classics,996331,MENU0016,Mocha - Medium,270.0,1.0,270.0,Synthetic promotion,7.94,0,7.94,262.06,13.1,275.16,48.42,48.42,81.52,82.4
ABNAH Cafe Connaught Place,2026-03-12,BILL-OUT001-260312-0014,Delivery/Takeaway,Corporate Order,,,Beverage,Coffee Classics,996331,MENU0017,Mocha - Large,295.0,4.0,1180.0,Synthetic promotion,52.87,0,52.87,1127.13,56.36,1183.49,54.21,216.84,80.76,81.68
ABNAH Cafe Connaught Place,2026-03-12,BILL-OUT001-260312-0015,Delivery/Takeaway,Takeaway,,,Beverage,Signature Coffee,996331,MENU0018,Sea Salt Mocha - Regular,275.0,1.0,275.0,Synthetic promotion,0.49,0,0.49,274.51,13.73,288.24,42.67,42.67,84.46,85.2
ABNAH Cafe Connaught Place,2026-03-12,BILL-OUT001-260312-0016,Dine In,Dine In,,,Beverage,Signature Coffee,996331,MENU0020,Sea Salt Mocha - Large,335.0,1.0,335.0,Synthetic promotion,15.02,0,15.02,319.98,16.0,335.98,54.21,54.21,83.06,83.87
ABNAH Cafe Connaught Place,2026-03-12,BILL-OUT001-260312-0017,Delivery/Takeaway,Takeaway,,,Beverage,Signature Coffee,996331,MENU0022,Orange Zest Mocha - Medium,300.0,1.0,300.0,Synthetic promotion,17.28,0,17.28,282.72,14.14,296.86,48.42,48.42,82.87,83.69
ABNAH Cafe Connaught Place,2026-03-12,BILL-OUT001-260312-0018,Dine In,Dine In,,,Beverage,Signature Coffee,996331,MENU0023,Orange Zest Mocha - Large,336.23,2.0,672.46,Synthetic promotion,0.01,0,0.01,672.45,33.62,706.07,54.21,108.42,83.88,84.64
ABNAH Cafe Connaught Place,2026-03-12,BILL-OUT001-260312-0019,Delivery/Takeaway,Corporate Order,,,Beverage,Signature Coffee,996331,MENU0024,Caramel Macchiato - Regular,265.0,1.0,265.0,Synthetic promotion,0.68,0,0.68,264.32,13.22,277.54,42.42,42.42,83.95,84.72
ABNAH Cafe Connaught Place,2026-03-12,BILL-OUT001-260312-0020,Delivery/Takeaway,Corporate Order,,,Beverage,Signature Coffee,996331,MENU0027,French Vanilla Latte - Regular,265.0,1.0,265.0,Synthetic promotion,15.58,0,15.58,249.42,12.47,261.89,42.17,42.17,83.09,83.9
ABNAH Cafe Connaught Place,2026-03-12,BILL-OUT001-260312-0021,Delivery/Takeaway,Corporate Order,Guest 4791,9000004791,Beverage,Signature Coffee,996331,MENU0028,French Vanilla Latte - Medium,295.0,3.0,885.0,Synthetic promotion,42.41,0,42.41,842.59,42.13,884.72,47.85,143.55,82.96,83.77
ABNAH Cafe Connaught Place,2026-03-12,BILL-OUT001-260312-0022,Delivery/Takeaway,Corporate Order,,,Beverage,Signature Coffee,996331,MENU0029,French Vanilla Latte - Large,325.0,2.0,650.0,Synthetic promotion,12.65,0,12.65,637.35,31.87,669.22,53.56,107.12,83.19,83.99
ABNAH Cafe Connaught Place,2026-03-12,BILL-OUT001-260312-0023,Delivery/Takeaway,Corporate Order,Guest 1999,9000001999,Beverage,Signature Coffee,996331,MENU0030,Vegan Iced Latte - Regular,285.42,3.0,856.26,,0.0,0,0.0,856.26,42.81,899.07,58.9,176.7,79.36,80.35
ABNAH Cafe Connaught Place,2026-03-12,BILL-OUT001-260312-0024,Dine In,Dine In,Guest 5047,9000005047,Beverage,Signature Coffee,996331,MENU0031,Vegan Iced Latte - Medium,310.0,4.0,1240.0,Synthetic promotion,39.03,0,39.03,1200.97,60.05,1261.02,66.95,267.8,77.7,78.76
ABNAH Cafe Connaught Place,2026-03-12,BILL-OUT001-260312-0025,Delivery/Takeaway,Takeaway,,,Beverage,Cold Brew,996331,MENU0034,Classic Cold Brew - Medium,250.0,1.0,250.0,Synthetic promotion,12.44,0,12.44,237.56,11.88,249.44,28.66,28.66,87.94,88.51
ABNAH Cafe Connaught Place,2026-03-12,BILL-OUT001-260312-0026,Delivery/Takeaway,Takeaway,,,Beverage,Cold Brew,996331,MENU0036,Coffee Lemonade - Regular,237.29,4.0,949.16,Synthetic promotion,0.01,0,0.01,949.15,47.46,996.61,29.45,117.8,87.59,88.18
ABNAH Cafe Connaught Place,2026-03-12,BILL-OUT001-260312-0027,Dine In,Dine In,,,Beverage,Cold Brew,996331,MENU0037,Coffee Lemonade - Medium,260.0,1.0,260.0,Synthetic promotion,9.66,0,9.66,250.34,12.52,262.86,33.09,33.09,86.78,87.41
ABNAH Cafe Connaught Place,2026-03-12,BILL-OUT001-260312-0028,Delivery/Takeaway,Takeaway,,,Beverage,Cold Brew,996331,MENU0039,Vietnamese Shakerato - Regular,255.75,2.0,511.5,,0.0,0,0.0,511.51,25.58,537.09,25.6,51.2,89.99,90.47
ABNAH Cafe Connaught Place,2026-03-12,BILL-OUT001-260312-0029,Dine In,Dine In,,,Beverage,Cold Brew,996331,MENU0041,Vietnamese Shakerato - Large,307.53,1.0,307.53,,0.0,0,0.0,307.53,15.38,322.91,31.73,31.73,89.68,90.17
ABNAH Cafe Connaught Place,2026-03-12,BILL-OUT001-260312-0030,Delivery/Takeaway,Corporate Order,,,Beverage,Cold Coffee,996331,MENU0042,Classic Cold Coffee - Regular,258.39,1.0,258.39,,0.0,0,0.0,258.39,12.92,271.31,38.56,38.56,85.08,85.79
ABNAH Cafe Connaught Place,2026-03-12,BILL-OUT001-260312-0031,Delivery/Takeaway,Corporate Order,,,Beverage,Cold Coffee,996331,MENU0043,Classic Cold Coffee - Medium,290.0,1.0,290.0,Synthetic promotion,3.98,0,3.98,286.02,14.3,300.32,43.56,43.56,84.77,85.5
ABNAH Cafe Connaught Place,2026-03-12,BILL-OUT001-260312-0032,Delivery/Takeaway,Takeaway,,,Beverage,Cold Coffee,996331,MENU0049,Caramel Cold Coffee - Medium,320.0,1.0,320.0,Synthetic promotion,15.63,0,15.63,304.37,15.22,319.59,50.74,50.74,83.33,84.12
ABNAH Cafe Connaught Place,2026-03-12,BILL-OUT001-260312-0033,Delivery/Takeaway,Takeaway,,,Beverage,Tea,996331,MENU0051,Masala Chai Latte - Regular,195.0,3.0,585.0,Synthetic promotion,19.41,0,19.41,565.59,28.28,593.87,36.17,108.51,80.81,81.73
ABNAH Cafe Connaught Place,2026-03-12,BILL-OUT001-260312-0034,Delivery/Takeaway,Takeaway,,,Beverage,Tea,996331,MENU0052,Masala Chai Latte - Medium,220.46,2.0,440.92,Synthetic promotion,0.01,0,0.01,440.91,22.05,462.96,40.96,81.92,81.42,82.31
ABNAH Cafe Connaught Place,2026-03-12,BILL-OUT001-260312-0035,Delivery/Takeaway,Takeaway,,,Beverage,Tea,996331,MENU0054,Himalayan Green Tea,213.68,3.0,641.04,,0.0,0,0.0,641.04,32.05,673.09,8.67,26.01,95.94,96.14
ABNAH Cafe Connaught Place,2026-03-12,BILL-OUT001-260312-0036,Dine In,Dine In,,,Beverage,Tea,996331,MENU0055,Japanese Matcha Latte - Regular,265.0,1.0,265.0,Synthetic promotion,14.51,0,14.51,250.49,12.52,263.01,36.17,36.17,85.56,86.25
ABNAH Cafe Connaught Place,2026-03-12,BILL-OUT001-260312-0037,Delivery/Takeaway,Takeaway,,,Beverage,Tea,996331,MENU0056,Japanese Matcha Latte - Medium,295.0,2.0,590.0,Synthetic promotion,25.4,0,25.4,564.6,28.23,592.83,40.96,81.92,85.49,86.18
ABNAH Cafe Connaught Place,2026-03-12,BILL-OUT001-260312-0038,Dine In,Dine In,Guest 3025,9000003025,Beverage,Iced Tea,996331,MENU0058,Lemon Iced Tea - Regular,208.56,1.0,208.56,,0.0,0,0.0,208.56,10.43,218.99,14.29,14.29,93.15,93.47
ABNAH Cafe Connaught Place,2026-03-12,BILL-OUT001-260312-0039,Dine In,Dine In,,,Beverage,Iced Tea,996331,MENU0060,Lemon Iced Tea - Large,255.0,1.0,255.0,Synthetic promotion,1.56,0,1.56,253.44,12.67,266.11,17.03,17.03,93.28,93.6
ABNAH Cafe Connaught Place,2026-03-12,BILL-OUT001-260312-0040,Dine In,Dine In,Guest 5146,9000005146,Beverage,Kids Beverage,996331,MENU0064,Hot Chocolate - Regular,220.0,1.0,220.0,Synthetic promotion,10.63,0,10.63,209.37,10.47,219.84,35.57,35.57,83.01,83.82
ABNAH Cafe Connaught Place,2026-03-12,BILL-OUT001-260312-0041,Dine In,Dine In,,,Beverage,Shake,996331,MENU0070,Choco Chip Shake - Large,365.0,1.0,365.0,Synthetic promotion,19.78,0,19.78,345.22,17.26,362.48,42.79,42.79,87.61,88.2
ABNAH Cafe Connaught Place,2026-03-12,BILL-OUT001-260312-0042,Delivery/Takeaway,Takeaway,,,Beverage,Smoothie,996331,MENU0076,Seasonal Smoothie - Large,375.0,1.0,375.0,Synthetic promotion,17.02,0,17.02,357.98,17.9,375.88,41.83,41.83,88.31,88.87
ABNAH Cafe Connaught Place,2026-03-12,BILL-OUT001-260312-0043,Delivery/Takeaway,Corporate Order,,,Food,Wraps,996331,MENU0077,Spicy Paneer Wrap,275.0,1.0,275.0,Synthetic promotion,15.09,0,15.09,259.91,13.0,272.91,73.36,73.36,71.77,73.12
ABNAH Cafe Connaught Place,2026-03-12,BILL-OUT001-260312-0044,Delivery/Takeaway,Corporate Order,,,Food,Sandwiches,996331,MENU0080,Pesto Veg Sandwich,280.0,1.0,280.0,Synthetic promotion,3.82,0,3.82,276.18,13.81,289.99,91.86,91.86,66.74,68.32
ABNAH Cafe Connaught Place,2026-03-12,BILL-OUT001-260312-0045,Delivery/Takeaway,Corporate Order,,,Food,Sandwiches,996331,MENU0081,Pepper Chicken Sandwich,315.0,1.0,315.0,Synthetic promotion,17.25,0,17.25,297.75,14.89,312.64,87.66,87.66,70.56,71.96
ABNAH Cafe Connaught Place,2026-03-12,BILL-OUT001-260312-0046,Delivery/Takeaway,Takeaway,,,Food,Sandwiches,996331,MENU0082,Tandoori Chicken Sandwich,320.75,2.0,641.5,,0.0,0,0.0,641.51,32.08,673.59,87.66,175.32,72.67,73.97
ABNAH Cafe Connaught Place,2026-03-12,BILL-OUT001-260312-0047,Dine In,Dine In,,,Food,Breakfast,996331,MENU0086,Breakfast Pancakes,285.88,3.0,857.64,,0.0,0,0.0,857.64,42.88,900.52,66.89,200.67,76.6,77.72
ABNAH Cafe Connaught Place,2026-03-12,BILL-OUT001-260312-0048,Delivery/Takeaway,Takeaway,,,Food,Breakfast,996331,MENU0089,Masala Egg Bun,225.0,1.0,225.0,Synthetic promotion,1.17,0,1.17,223.83,11.19,235.02,42.74,42.74,80.91,81.81
ABNAH Cafe Connaught Place,2026-03-12,BILL-OUT001-260312-0049,Delivery/Takeaway,Takeaway,,,Food,Snacks,996331,MENU0093,Turnover with Brioche Dough Veg,235.9,1.0,235.9,,0.0,0,0.0,235.9,11.79,247.69,89.94,89.94,61.87,63.69
ABNAH Cafe Connaught Place,2026-03-12,BILL-OUT001-260312-0050,Dine In,Dine In,,,Food,Baked Goods,996331,MENU0098,Sriracha Chicken Croissant,279.68,1.0,279.68,,0.0,0,0.0,279.68,13.98,293.66,81.14,81.14,70.99,72.37
ABNAH Cafe Connaught Place,2026-03-12,BILL-OUT001-260312-0051,Delivery/Takeaway,Takeaway,,,Dessert,Baked Goods,996331,MENU0099,Cinnamon Roll with Cream Cheese,220.0,3.0,660.0,Synthetic promotion,14.08,0,14.08,645.92,32.3,678.22,52.57,157.71,75.58,76.75
ABNAH Cafe Connaught Place,2026-03-12,BILL-OUT001-260312-0052,Delivery/Takeaway,Corporate Order,Guest 1002,9000001002,Dessert,Baked Goods,996331,MENU0101,Lemon Raspberry Tea Cake,215.0,2.0,430.0,Synthetic promotion,0.1,0,0.1,429.9,21.5,451.4,56.57,113.14,73.68,74.94
ABNAH Cafe Connaught Place,2026-03-12,BILL-OUT001-260312-0053,Delivery/Takeaway,Takeaway,,,Dessert,Desserts,996331,MENU0102,Double Chocolate Truffle Cake,295.0,3.0,885.0,Synthetic promotion,29.46,0,29.46,855.54,42.78,898.32,63.07,189.21,77.88,78.94
ABNAH Cafe Connaught Place,2026-03-12,BILL-OUT001-260312-0054,Delivery/Takeaway,Corporate Order,Guest 5646,9000005646,Dessert,Desserts,996331,MENU0104,Classic Chocolate Fudge Brownie,195.0,2.0,390.0,Synthetic promotion,1.89,0,1.89,388.11,19.41,407.52,51.02,102.04,73.71,74.96
ABNAH Cafe Connaught Place,2026-03-12,BILL-OUT001-260312-0055,Dine In,Dine In,,,Dessert,Desserts,996331,MENU0105,Soft-Centred Caramel Cookie,180.0,1.0,180.0,Synthetic promotion,4.23,0,4.23,175.77,8.79,184.56,46.02,46.02,73.82,75.07
ABNAH Cafe Connaught Place,2026-03-12,BILL-OUT001-260312-0056,Delivery/Takeaway,Takeaway,,,Dessert,Baked Goods,996331,MENU0110,Multigrain Walnut Tea Cake,226.59,1.0,226.59,,0.0,0,0.0,226.59,11.33,237.92,56.57,56.57,75.03,76.22
ABNAH Cafe Connaught Place,2026-03-13,BILL-OUT001-260313-0001,Delivery/Takeaway,Takeaway,,,Beverage,Espresso,996331,MENU0002,Espresso Shot - Doppio,186.47,1.0,186.47,,0.0,0,0.0,186.47,9.32,195.79,21.27,21.27,88.59,89.14
ABNAH Cafe Connaught Place,2026-03-13,BILL-OUT001-260313-0002,Delivery/Takeaway,Takeaway,,,Beverage,Coffee Classics,996331,MENU0003,Americano - Regular,185.0,3.0,555.0,Synthetic promotion,21.39,0,21.39,533.61,26.68,560.29,23.21,69.63,86.95,87.57
ABNAH Cafe Connaught Place,2026-03-13,BILL-OUT001-260313-0003,Delivery/Takeaway,Takeaway,,,Beverage,Coffee Classics,996331,MENU0007,Latte - Medium,250.0,2.0,500.0,Synthetic promotion,8.1,0,8.1,491.9,24.59,516.49,40.96,81.92,83.35,84.14
ABNAH Cafe Connaught Place,2026-03-13,BILL-OUT001-260313-0004,Delivery/Takeaway,Takeaway,,,Beverage,Coffee Classics,996331,MENU0008,Latte - Large,275.0,2.0,550.0,Synthetic promotion,10.78,0,10.78,539.22,26.96,566.18,45.76,91.52,83.03,83.84
ABNAH Cafe Connaught Place,2026-03-13,BILL-OUT001-260313-0005,Delivery/Takeaway,Corporate Order,,,Beverage,Coffee Classics,996331,MENU0009,Cappuccino - Regular,225.0,4.0,900.0,Synthetic promotion,10.05,0,10.05,889.95,44.5,934.45,36.17,144.68,83.74,84.52
ABNAH Cafe Connaught Place,2026-03-13,BILL-OUT001-260313-0006,Delivery/Takeaway,Takeaway,Guest 4991,9000004991,Beverage,Coffee Classics,996331,MENU0011,Cappuccino - Large,275.0,2.0,550.0,Synthetic promotion,31.91,0,31.91,518.09,25.9,543.99,45.76,91.52,82.34,83.18
ABNAH Cafe Connaught Place,2026-03-13,BILL-OUT001-260313-0007,Delivery/Takeaway,Corporate Order,,,Beverage,Coffee Classics,996331,MENU0012,Flat White - Regular,235.0,3.0,705.0,Synthetic promotion,27.12,0,27.12,677.88,33.89,711.77,36.17,108.51,83.99,84.75
ABNAH Cafe Connaught Place,2026-03-13,BILL-OUT001-260313-0008,Delivery/Takeaway,Corporate Order,,,Beverage,Coffee Classics,996331,MENU0014,Flat White - Large,285.0,2.0,570.0,Synthetic promotion,22.26,0,22.26,547.74,27.39,575.13,45.76,91.52,83.29,84.09
ABNAH Cafe Connaught Place,2026-03-13,BILL-OUT001-260313-0009,Dine In,Dine In,,,Beverage,Coffee Classics,996331,MENU0015,Mocha - Regular,245.0,2.0,490.0,Synthetic promotion,2.21,0,2.21,487.79,24.39,512.18,42.67,85.34,82.5,83.34
ABNAH Cafe Connaught Place,2026-03-13,BILL-OUT001-260313-0010,Dine In,Dine In,,,Beverage,Coffee Classics,996331,MENU0016,Mocha - Medium,273.06,2.0,546.12,,0.0,0,0.0,546.12,27.31,573.43,48.42,96.84,82.27,83.11
ABNAH Cafe Connaught Place,2026-03-13,BILL-OUT001-260313-0011,Delivery/Takeaway,Takeaway,,,Beverage,Coffee Classics,996331,MENU0017,Mocha - Large,295.0,3.0,885.0,Synthetic promotion,29.36,0,29.36,855.64,42.78,898.42,54.21,162.63,80.99,81.9
ABNAH Cafe Connaught Place,2026-03-13,BILL-OUT001-260313-0012,Dine In,Dine In,Guest 4139,9000004139,Beverage,Signature Coffee,996331,MENU0018,Sea Salt Mocha - Regular,275.0,2.0,550.0,Synthetic promotion,30.52,0,30.52,519.48,25.97,545.45,42.67,85.34,83.57,84.35
ABNAH Cafe Connaught Place,2026-03-13,BILL-OUT001-260313-0013,Delivery/Takeaway,Corporate Order,,,Beverage,Signature Coffee,996331,MENU0021,Orange Zest Mocha - Regular,270.0,2.0,540.0,Synthetic promotion,27.72,0,27.72,512.28,25.61,537.89,42.67,85.34,83.34,84.13
ABNAH Cafe Connaught Place,2026-03-13,BILL-OUT001-260313-0014,Dine In,Dine In,,,Beverage,Signature Coffee,996331,MENU0022,Orange Zest Mocha - Medium,302.27,1.0,302.27,,0.0,0,0.0,302.27,15.11,317.38,48.42,48.42,83.98,84.74
ABNAH Cafe Connaught Place,2026-03-13,BILL-OUT001-260313-0015,Delivery/Takeaway,Corporate Order,,,Beverage,Signature Coffee,996331,MENU0023,Orange Zest Mocha - Large,330.0,1.0,330.0,Synthetic promotion,4.94,0,4.94,325.06,16.25,341.31,54.21,54.21,83.32,84.12
ABNAH Cafe Connaught Place,2026-03-13,BILL-OUT001-260313-0016,Delivery/Takeaway,Takeaway,Guest 3028,9000003028,Beverage,Signature Coffee,996331,MENU0025,Caramel Macchiato - Medium,295.0,1.0,295.0,Synthetic promotion,14.17,0,14.17,280.83,14.04,294.87,48.13,48.13,82.86,83.68
ABNAH Cafe Connaught Place,2026-03-13,BILL-OUT001-260313-0017,Dine In,Dine In,,,Beverage,Signature Coffee,996331,MENU0026,Caramel Macchiato - Large,325.0,1.0,325.0,Synthetic promotion,15.41,0,15.41,309.59,15.48,325.07,53.88,53.88,82.6,83.43
ABNAH Cafe Connaught Place,2026-03-13,BILL-OUT001-260313-0018,Delivery/Takeaway,Takeaway,,,Beverage,Signature Coffee,996331,MENU0027,French Vanilla Latte - Regular,265.0,1.0,265.0,Synthetic promotion,10.47,0,10.47,254.53,12.73,267.26,42.17,42.17,83.43,84.22
ABNAH Cafe Connaught Place,2026-03-13,BILL-OUT001-260313-0019,Delivery/Takeaway,Corporate Order,,,Beverage,Signature Coffee,996331,MENU0030,Vegan Iced Latte - Regular,285.0,1.0,285.0,Synthetic promotion,7.62,0,7.62,277.38,13.87,291.25,58.9,58.9,78.77,79.78
ABNAH Cafe Connaught Place,2026-03-13,BILL-OUT001-260313-0020,Delivery/Takeaway,Takeaway,,,Beverage,Signature Coffee,996331,MENU0032,Vegan Iced Latte - Large,338.34,1.0,338.34,,0.0,0,0.0,338.34,16.92,355.26,75.02,75.02,77.83,78.88
ABNAH Cafe Connaught Place,2026-03-13,BILL-OUT001-260313-0021,Delivery/Takeaway,Corporate Order,,,Beverage,Cold Brew,996331,MENU0034,Classic Cold Brew - Medium,250.0,1.0,250.0,Synthetic promotion,1.34,0,1.34,248.66,12.43,261.09,28.66,28.66,88.47,89.02
ABNAH Cafe Connaught Place,2026-03-13,BILL-OUT001-260313-0022,Delivery/Takeaway,Corporate Order,,,Beverage,Cold Brew,996331,MENU0035,Classic Cold Brew - Large,275.0,1.0,275.0,Synthetic promotion,6.98,0,6.98,268.02,13.4,281.42,31.73,31.73,88.16,88.73
ABNAH Cafe Connaught Place,2026-03-13,BILL-OUT001-260313-0023,Delivery/Takeaway,Corporate Order,,,Beverage,Cold Brew,996331,MENU0036,Coffee Lemonade - Regular,235.0,1.0,235.0,Synthetic promotion,9.24,0,9.24,225.76,11.29,237.05,29.45,29.45,86.96,87.58
ABNAH Cafe Connaught Place,2026-03-13,BILL-OUT001-260313-0024,Dine In,Dine In,,,Beverage,Cold Brew,996331,MENU0040,Vietnamese Shakerato - Medium,280.0,2.0,560.0,Synthetic promotion,5.08,0,5.08,554.92,27.75,582.67,28.66,57.32,89.67,90.16
ABNAH Cafe Connaught Place,2026-03-13,BILL-OUT001-260313-0025,Delivery/Takeaway,Corporate Order,Guest 4452,9000004452,Beverage,Cold Coffee,996331,MENU0042,Classic Cold Coffee - Regular,255.0,2.0,510.0,Synthetic promotion,1.47,0,1.47,508.53,25.43,533.96,38.56,77.12,84.83,85.56
ABNAH Cafe Connaught Place,2026-03-13,BILL-OUT001-260313-0026,Delivery/Takeaway,Takeaway,,,Beverage,Cold Coffee,996331,MENU0043,Classic Cold Coffee - Medium,290.0,2.0,580.0,Synthetic promotion,28.01,0,28.01,551.99,27.6,579.59,43.56,87.12,84.22,84.97
ABNAH Cafe Connaught Place,2026-03-13,BILL-OUT001-260313-0027,Dine In,Dine In,,,Beverage,Cold Coffee,996331,MENU0045,Mocha Cold Coffee - Regular,285.0,2.0,570.0,Synthetic promotion,7.9,0,7.9,562.1,28.11,590.21,45.06,90.12,83.97,84.73
ABNAH Cafe Connaught Place,2026-03-13,BILL-OUT001-260313-0028,Dine In,Dine In,,,Beverage,Cold Coffee,996331,MENU0046,Mocha Cold Coffee - Medium,320.05,1.0,320.05,,0.0,0,0.0,320.05,16.0,336.05,51.03,51.03,84.06,84.81
ABNAH Cafe Connaught Place,2026-03-13,BILL-OUT001-260313-0029,Delivery/Takeaway,Corporate Order,,,Beverage,Cold Coffee,996331,MENU0047,Mocha Cold Coffee - Large,355.0,1.0,355.0,Synthetic promotion,9.37,0,9.37,345.63,17.28,362.91,57.03,57.03,83.5,84.29
ABNAH Cafe Connaught Place,2026-03-13,BILL-OUT001-260313-0030,Delivery/Takeaway,Takeaway,Guest 7742,9000007742,Beverage,Cold Coffee,996331,MENU0049,Caramel Cold Coffee - Medium,320.0,1.0,320.0,Synthetic promotion,10.39,0,10.39,309.61,15.48,325.09,50.74,50.74,83.61,84.39
ABNAH Cafe Connaught Place,2026-03-13,BILL-OUT001-260313-0031,Delivery/Takeaway,Corporate Order,,,Beverage,Cold Coffee,996331,MENU0050,Caramel Cold Coffee - Large,355.0,1.0,355.0,Synthetic promotion,6.79,0,6.79,348.21,17.41,365.62,56.7,56.7,83.72,84.49
ABNAH Cafe Connaught Place,2026-03-13,BILL-OUT001-260313-0032,Delivery/Takeaway,Corporate Order,,,Beverage,Tea,996331,MENU0051,Masala Chai Latte - Regular,195.0,1.0,195.0,Synthetic promotion,10.07,0,10.07,184.93,9.25,194.18,36.17,36.17,80.44,81.37
ABNAH Cafe Connaught Place,2026-03-13,BILL-OUT001-260313-0033,Delivery/Takeaway,Takeaway,,,Beverage,Tea,996331,MENU0054,Himalayan Green Tea,210.0,3.0,630.0,Synthetic promotion,35.53,0,35.53,594.47,29.72,624.19,8.67,26.01,95.62,95.83
ABNAH Cafe Connaught Place,2026-03-13,BILL-OUT001-260313-0034,Dine In,Dine In,,,Beverage,Tea,996331,MENU0055,Japanese Matcha Latte - Regular,265.0,1.0,265.0,Synthetic promotion,4.8,0,4.8,260.2,13.01,273.21,36.17,36.17,86.1,86.76
ABNAH Cafe Connaught Place,2026-03-13,BILL-OUT001-260313-0035,Delivery/Takeaway,Corporate Order,,,Beverage,Tea,996331,MENU0056,Japanese Matcha Latte - Medium,295.0,1.0,295.0,Synthetic promotion,6.73,0,6.73,288.27,14.41,302.68,40.96,40.96,85.79,86.47
ABNAH Cafe Connaught Place,2026-03-13,BILL-OUT001-260313-0036,Delivery/Takeaway,Takeaway,,,Beverage,Iced Tea,996331,MENU0058,Lemon Iced Tea - Regular,205.0,1.0,205.0,Synthetic promotion,2.77,0,2.77,202.23,10.11,212.34,14.29,14.29,92.93,93.27
ABNAH Cafe Connaught Place,2026-03-13,BILL-OUT001-260313-0037,Delivery/Takeaway,Corporate Order,,,Beverage,Iced Tea,996331,MENU0060,Lemon Iced Tea - Large,255.0,1.0,255.0,Synthetic promotion,3.12,0,3.12,251.88,12.59,264.47,17.03,17.03,93.24,93.56
ABNAH Cafe Connaught Place,2026-03-13,BILL-OUT001-260313-0038,Dine In,Dine In,,,Beverage,Iced Tea,996331,MENU0061,Hibiscus Lime Iced Tea - Regular,229.38,1.0,229.38,,0.0,0,0.0,229.38,11.47,240.85,24.09,24.09,89.5,90.0
ABNAH Cafe Connaught Place,2026-03-13,BILL-OUT001-260313-0039,Delivery/Takeaway,Corporate Order,,,Beverage,Iced Tea,996331,MENU0062,Hibiscus Lime Iced Tea - Medium,250.0,1.0,250.0,Synthetic promotion,2.08,0,2.08,247.92,12.4,260.32,26.94,26.94,89.13,89.65
ABNAH Cafe Connaught Place,2026-03-13,BILL-OUT001-260313-0040,Delivery/Takeaway,Takeaway,,,Beverage,Shake,996331,MENU0071,Mixed Berry Shake - Regular,319.85,2.0,639.7,Synthetic promotion,0.01,0,0.01,639.69,31.98,671.67,61.21,122.42,80.86,81.77
ABNAH Cafe Connaught Place,2026-03-13,BILL-OUT001-260313-0041,Delivery/Takeaway,Takeaway,,,Beverage,Smoothie,996331,MENU0074,Seasonal Smoothie - Regular,305.0,1.0,305.0,Synthetic promotion,14.08,0,14.08,290.92,14.55,305.47,33.37,33.37,88.53,89.08
ABNAH Cafe Connaught Place,2026-03-13,BILL-OUT001-260313-0042,Delivery/Takeaway,Corporate Order,,,Beverage,Smoothie,996331,MENU0075,Seasonal Smoothie - Medium,340.0,1.0,340.0,Synthetic promotion,6.23,0,6.23,333.77,16.69,350.46,37.59,37.59,88.74,89.27
ABNAH Cafe Connaught Place,2026-03-13,BILL-OUT001-260313-0043,Delivery/Takeaway,Corporate Order,,,Food,Wraps,996331,MENU0077,Spicy Paneer Wrap,279.95,1.0,279.95,,0.0,0,0.0,279.95,14.0,293.95,73.36,73.36,73.8,75.04
ABNAH Cafe Connaught Place,2026-03-13,BILL-OUT001-260313-0044,Delivery/Takeaway,Corporate Order,,,Food,Sandwiches,996331,MENU0079,Smoked Chipotle Paneer Sandwich,298.55,1.0,298.55,,0.0,0,0.0,298.55,14.93,313.48,90.66,90.66,69.63,71.08
ABNAH Cafe Connaught Place,2026-03-13,BILL-OUT001-260313-0045,Dine In,Dine In,,,Food,Sandwiches,996331,MENU0081,Pepper Chicken Sandwich,315.0,2.0,630.0,Synthetic promotion,24.03,0,24.03,605.97,30.3,636.27,87.66,175.32,71.07,72.45
ABNAH Cafe Connaught Place,2026-03-13,BILL-OUT001-260313-0046,Dine In,Dine In,Guest 6356,9000006356,Food,Toasts,996331,MENU0084,Chicken Pepperoni Avocado Toast,334.57,1.0,334.57,,0.0,0,0.0,334.57,16.73,351.3,68.54,68.54,79.51,80.49
ABNAH Cafe Connaught Place,2026-03-13,BILL-OUT001-260313-0047,Dine In,Dine In,,,Food,Platter,996331,MENU0085,Hummus and Pita Platter,310.0,1.0,310.0,Synthetic promotion,3.42,0,3.42,306.58,15.33,321.91,45.45,45.45,85.18,85.88
ABNAH Cafe Connaught Place,2026-03-13,BILL-OUT001-260313-0048,Delivery/Takeaway,Takeaway,Guest 8328,9000008328,Food,Breakfast,996331,MENU0087,Cream Cheese Bagel,254.4,1.0,254.4,,0.0,0,0.0,254.4,12.72,267.12,54.49,54.49,78.58,79.6
ABNAH Cafe Connaught Place,2026-03-13,BILL-OUT001-260313-0049,Dine In,Dine In,,,Food,Breakfast,996331,MENU0089,Masala Egg Bun,225.0,2.0,450.0,Synthetic promotion,19.01,0,19.01,430.99,21.55,452.54,42.74,85.48,80.17,81.11
ABNAH Cafe Connaught Place,2026-03-13,BILL-OUT001-260313-0050,Dine In,Dine In,Guest 4462,9000004462,Food,Snacks,996331,MENU0092,Turnover with Brioche Dough Chicken,255.0,2.0,510.0,Synthetic promotion,4.93,0,4.93,505.07,25.25,530.32,87.54,175.08,65.34,66.99
ABNAH Cafe Connaught Place,2026-03-13,BILL-OUT001-260313-0051,Dine In,Dine In,,,Food,Baked Goods,996331,MENU0095,Almond Croissant,245.0,2.0,490.0,Synthetic promotion,20.98,0,20.98,469.02,23.45,492.47,58.04,116.08,75.25,76.43
ABNAH Cafe Connaught Place,2026-03-13,BILL-OUT001-260313-0052,Dine In,Dine In,Guest 0982,9000000982,Food,Baked Goods,996331,MENU0096,Chocolate Croissant,235.0,3.0,705.0,Synthetic promotion,27.16,0,27.16,677.84,33.89,711.73,64.54,193.62,71.44,72.8
ABNAH Cafe Connaught Place,2026-03-13,BILL-OUT001-260313-0053,Delivery/Takeaway,Takeaway,,,Food,Baked Goods,996331,MENU0097,Mushroom Cheese Croissant,255.93,2.0,511.86,Synthetic promotion,0.01,0,0.01,511.85,25.59,537.44,74.84,149.68,70.76,72.15
ABNAH Cafe Connaught Place,2026-03-13,BILL-OUT001-260313-0054,Delivery/Takeaway,Takeaway,,,Dessert,Baked Goods,996331,MENU0101,Lemon Raspberry Tea Cake,215.0,1.0,215.0,Synthetic promotion,0.61,0,0.61,214.39,10.72,225.11,56.57,56.57,73.61,74.87
ABNAH Cafe Connaught Place,2026-03-13,BILL-OUT001-260313-0055,Delivery/Takeaway,Takeaway,,,Dessert,Desserts,996331,MENU0103,Banoffee Pie,285.0,1.0,285.0,Synthetic promotion,2.09,0,2.09,282.91,14.15,297.06,56.57,56.57,80.0,80.96
ABNAH Cafe Connaught Place,2026-03-13,BILL-OUT001-260313-0056,Delivery/Takeaway,Corporate Order,,,Dessert,Desserts,996331,MENU0104,Classic Chocolate Fudge Brownie,195.19,1.0,195.19,,0.0,0,0.0,195.19,9.76,204.95,51.02,51.02,73.86,75.11
ABNAH Cafe Connaught Place,2026-03-13,BILL-OUT001-260313-0057,Delivery/Takeaway,Takeaway,Guest 4512,9000004512,Dessert,Desserts,996331,MENU0105,Soft-Centred Caramel Cookie,180.0,1.0,180.0,Synthetic promotion,3.76,0,3.76,176.24,8.81,185.05,46.02,46.02,73.89,75.13
ABNAH Cafe Connaught Place,2026-03-13,BILL-OUT001-260313-0058,Delivery/Takeaway,Takeaway,,,Dessert,Desserts,996331,MENU0108,Apple Pie,274.01,1.0,274.01,,0.0,0,0.0,274.01,13.7,287.71,56.57,56.57,79.35,80.34
ABNAH Cafe Connaught Place,2026-03-13,BILL-OUT001-260313-0059,Delivery/Takeaway,Takeaway,,,Dessert,Desserts,996331,MENU0109,Basque Cheesecake,316.01,1.0,316.01,,0.0,0,0.0,316.01,15.8,331.81,82.57,82.57,73.87,75.12
ABNAH Cafe Connaught Place,2026-03-13,BILL-OUT001-260313-0060,Delivery/Takeaway,Corporate Order,,,Dessert,Baked Goods,996331,MENU0110,Multigrain Walnut Tea Cake,225.0,4.0,900.0,Synthetic promotion,21.41,0,21.41,878.59,43.93,922.52,56.57,226.28,74.25,75.47
ABNAH Cafe Connaught Place,2026-03-14,BILL-OUT001-260314-0001,Delivery/Takeaway,Takeaway,,,Beverage,Coffee Classics,996331,MENU0003,Americano - Regular,185.0,1.0,185.0,Synthetic promotion,1.13,0,1.13,183.87,9.19,193.06,23.21,23.21,87.38,87.98
ABNAH Cafe Connaught Place,2026-03-14,BILL-OUT001-260314-0002,Dine In,Dine In,Guest 2912,9000002912,Beverage,Coffee Classics,996331,MENU0004,Americano - Medium,211.12,2.0,422.24,,0.0,0,0.0,422.25,21.11,443.36,26.05,52.1,87.66,88.25
ABNAH Cafe Connaught Place,2026-03-14,BILL-OUT001-260314-0003,Delivery/Takeaway,Corporate Order,,,Beverage,Coffee Classics,996331,MENU0005,Americano - Large,235.0,2.0,470.0,Synthetic promotion,24.5,0,24.5,445.5,22.27,467.77,28.91,57.82,87.02,87.64
ABNAH Cafe Connaught Place,2026-03-14,BILL-OUT001-260314-0004,Dine In,Dine In,,,Beverage,Coffee Classics,996331,MENU0006,Latte - Regular,225.0,1.0,225.0,Synthetic promotion,10.66,0,10.66,214.34,10.72,225.06,36.17,36.17,83.12,83.93
ABNAH Cafe Connaught Place,2026-03-14,BILL-OUT001-260314-0005,Delivery/Takeaway,Corporate Order,,,Beverage,Coffee Classics,996331,MENU0007,Latte - Medium,250.0,2.0,500.0,Synthetic promotion,10.38,0,10.38,489.62,24.48,514.1,40.96,81.92,83.27,84.07
ABNAH Cafe Connaught Place,2026-03-14,BILL-OUT001-260314-0006,Dine In,Dine In,,,Beverage,Coffee Classics,996331,MENU0008,Latte - Large,275.31,1.0,275.31,,0.0,0,0.0,275.31,13.77,289.08,45.76,45.76,83.38,84.17
ABNAH Cafe Connaught Place,2026-03-14,BILL-OUT001-260314-0007,Delivery/Takeaway,Corporate Order,,,Beverage,Coffee Classics,996331,MENU0009,Cappuccino - Regular,227.4,6.0,1364.4,,0.0,0,0.0,1364.42,68.22,1432.64,36.17,217.02,84.09,84.85
ABNAH Cafe Connaught Place,2026-03-14,BILL-OUT001-260314-0008,Dine In,Dine In,,,Beverage,Coffee Classics,996331,MENU0010,Cappuccino - Medium,250.0,1.0,250.0,Synthetic promotion,6.29,0,6.29,243.71,12.19,255.9,40.96,40.96,83.19,83.99
ABNAH Cafe Connaught Place,2026-03-14,BILL-OUT001-260314-0009,Delivery/Takeaway,Corporate Order,Guest 8913,9000008913,Beverage,Coffee Classics,996331,MENU0011,Cappuccino - Large,275.2,2.0,550.4,,0.0,0,0.0,550.4,27.52,577.92,45.76,91.52,83.37,84.16
ABNAH Cafe Connaught Place,2026-03-14,BILL-OUT001-260314-0010,Delivery/Takeaway,Takeaway,,,Beverage,Coffee Classics,996331,MENU0013,Flat White - Medium,260.0,1.0,260.0,Synthetic promotion,2.08,0,2.08,257.92,12.9,270.82,40.96,40.96,84.12,84.88
ABNAH Cafe Connaught Place,2026-03-14,BILL-OUT001-260314-0011,Delivery/Takeaway,Takeaway,,,Beverage,Coffee Classics,996331,MENU0014,Flat White - Large,285.0,1.0,285.0,Synthetic promotion,8.08,0,8.08,276.92,13.85,290.77,45.76,45.76,83.48,84.26
ABNAH Cafe Connaught Place,2026-03-14,BILL-OUT001-260314-0012,Delivery/Takeaway,Corporate Order,,,Beverage,Coffee Classics,996331,MENU0015,Mocha - Regular,248.78,2.0,497.56,Synthetic promotion,0.01,0,0.01,497.55,24.88,522.43,42.67,85.34,82.85,83.66
ABNAH Cafe Connaught Place,2026-03-14,BILL-OUT001-260314-0013,Delivery/Takeaway,Corporate Order,,,Beverage,Coffee Classics,996331,MENU0016,Mocha - Medium,270.0,3.0,810.0,Synthetic promotion,19.1,0,19.1,790.9,39.55,830.45,48.42,145.26,81.63,82.51
ABNAH Cafe Connaught Place,2026-03-14,BILL-OUT001-260314-0014,Delivery/Takeaway,Takeaway,,,Beverage,Signature Coffee,996331,MENU0018,Sea Salt Mocha - Regular,277.4,1.0,277.4,,0.0,0,0.0,277.4,13.87,291.27,42.67,42.67,84.62,85.35
ABNAH Cafe Connaught Place,2026-03-14,BILL-OUT001-260314-0015,Delivery/Takeaway,Corporate Order,Guest 4326,9000004326,Beverage,Signature Coffee,996331,MENU0019,Sea Salt Mocha - Medium,305.0,2.0,610.0,Synthetic promotion,32.61,0,32.61,577.39,28.87,606.26,48.42,96.84,83.23,84.03
ABNAH Cafe Connaught Place,2026-03-14,BILL-OUT001-260314-0016,Delivery/Takeaway,Corporate Order,,,Beverage,Signature Coffee,996331,MENU0021,Orange Zest Mocha - Regular,270.0,1.0,270.0,Synthetic promotion,11.03,0,11.03,258.97,12.95,271.92,42.67,42.67,83.52,84.31
ABNAH Cafe Connaught Place,2026-03-14,BILL-OUT001-260314-0017,Delivery/Takeaway,Corporate Order,,,Beverage,Signature Coffee,996331,MENU0022,Orange Zest Mocha - Medium,300.0,3.0,900.0,Synthetic promotion,35.82,0,35.82,864.18,43.21,907.39,48.42,145.26,83.19,83.99
ABNAH Cafe Connaught Place,2026-03-14,BILL-OUT001-260314-0018,Delivery/Takeaway,Corporate Order,,,Beverage,Signature Coffee,996331,MENU0024,Caramel Macchiato - Regular,265.0,1.0,265.0,Synthetic promotion,7.63,0,7.63,257.37,12.87,270.24,42.42,42.42,83.52,84.3
ABNAH Cafe Connaught Place,2026-03-14,BILL-OUT001-260314-0019,Dine In,Dine In,,,Beverage,Signature Coffee,996331,MENU0025,Caramel Macchiato - Medium,295.0,2.0,590.0,Synthetic promotion,32.03,0,32.03,557.97,27.9,585.87,48.13,96.26,82.75,83.57
ABNAH Cafe Connaught Place,2026-03-14,BILL-OUT001-260314-0020,Delivery/Takeaway,Takeaway,,,Beverage,Signature Coffee,996331,MENU0027,French Vanilla Latte - Regular,265.0,1.0,265.0,Synthetic promotion,12.14,0,12.14,252.86,12.64,265.5,42.17,42.17,83.32,84.12
ABNAH Cafe Connaught Place,2026-03-14,BILL-OUT001-260314-0021,Delivery/Takeaway,Takeaway,,,Beverage,Signature Coffee,996331,MENU0029,French Vanilla Latte - Large,327.33,1.0,327.33,,0.0,0,0.0,327.33,16.37,343.7,53.56,53.56,83.64,84.42
ABNAH Cafe Connaught Place,2026-03-14,BILL-OUT001-260314-0022,Delivery/Takeaway,Corporate Order,,,Beverage,Signature Coffee,996331,MENU0030,Vegan Iced Latte - Regular,286.74,1.0,286.74,,0.0,0,0.0,286.74,14.34,301.08,58.9,58.9,79.46,80.44
ABNAH Cafe Connaught Place,2026-03-14,BILL-OUT001-260314-0023,Delivery/Takeaway,Takeaway,,,Beverage,Cold Brew,996331,MENU0036,Coffee Lemonade - Regular,235.0,1.0,235.0,Synthetic promotion,10.66,0,10.66,224.34,11.22,235.56,29.45,29.45,86.87,87.5
ABNAH Cafe Connaught Place,2026-03-14,BILL-OUT001-260314-0024,Delivery/Takeaway,Takeaway,,,Beverage,Cold Brew,996331,MENU0037,Coffee Lemonade - Medium,260.0,1.0,260.0,Synthetic promotion,13.28,0,13.28,246.72,12.34,259.06,33.09,33.09,86.59,87.23
ABNAH Cafe Connaught Place,2026-03-14,BILL-OUT001-260314-0025,Dine In,Dine In,,,Beverage,Cold Brew,996331,MENU0040,Vietnamese Shakerato - Medium,280.0,1.0,280.0,Synthetic promotion,10.84,0,10.84,269.16,13.46,282.62,28.66,28.66,89.35,89.86
ABNAH Cafe Connaught Place,2026-03-14,BILL-OUT001-260314-0026,Delivery/Takeaway,Corporate Order,,,Beverage,Cold Coffee,996331,MENU0043,Classic Cold Coffee - Medium,290.0,2.0,580.0,Synthetic promotion,13.66,0,13.66,566.34,28.32,594.66,43.56,87.12,84.62,85.35
ABNAH Cafe Connaught Place,2026-03-14,BILL-OUT001-260314-0027,Dine In,Dine In,,,Beverage,Cold Coffee,996331,MENU0044,Classic Cold Coffee - Large,331.42,1.0,331.42,,0.0,0,0.0,331.42,16.57,347.99,48.58,48.58,85.34,86.04
ABNAH Cafe Connaught Place,2026-03-14,BILL-OUT001-260314-0028,Delivery/Takeaway,Corporate Order,,,Beverage,Cold Coffee,996331,MENU0049,Caramel Cold Coffee - Medium,320.0,2.0,640.0,Synthetic promotion,1.68,0,1.68,638.32,31.92,670.24,50.74,101.48,84.1,84.86
ABNAH Cafe Connaught Place,2026-03-14,BILL-OUT001-260314-0029,Delivery/Takeaway,Takeaway,,,Beverage,Cold Coffee,996331,MENU0050,Caramel Cold Coffee - Large,355.0,1.0,355.0,Synthetic promotion,7.36,0,7.36,347.64,17.38,365.02,56.7,56.7,83.69,84.47
ABNAH Cafe Connaught Place,2026-03-14,BILL-OUT001-260314-0030,Delivery/Takeaway,Takeaway,,,Beverage,Tea,996331,MENU0053,Masala Chai Latte - Large,249.3,1.0,249.3,,0.0,0,0.0,249.3,12.46,261.76,45.76,45.76,81.64,82.52
ABNAH Cafe Connaught Place,2026-03-14,BILL-OUT001-260314-0031,Dine In,Dine In,,,Beverage,Tea,996331,MENU0055,Japanese Matcha Latte - Regular,265.33,1.0,265.33,,0.0,0,0.0,265.33,13.27,278.6,36.17,36.17,86.37,87.02
ABNAH Cafe Connaught Place,2026-03-14,BILL-OUT001-260314-0032,Dine In,Dine In,,,Beverage,Tea,996331,MENU0057,Japanese Matcha Latte - Large,329.16,1.0,329.16,,0.0,0,0.0,329.16,16.46,345.62,45.76,45.76,86.1,86.76
ABNAH Cafe Connaught Place,2026-03-14,BILL-OUT001-260314-0033,Dine In,Dine In,,,Beverage,Iced Tea,996331,MENU0058,Lemon Iced Tea - Regular,205.0,1.0,205.0,Synthetic promotion,0.48,0,0.48,204.52,10.23,214.75,14.29,14.29,93.01,93.35
ABNAH Cafe Connaught Place,2026-03-14,BILL-OUT001-260314-0034,Dine In,Dine In,,,Beverage,Iced Tea,996331,MENU0059,Lemon Iced Tea - Medium,230.0,2.0,460.0,Synthetic promotion,7.43,0,7.43,452.57,22.63,475.2,15.66,31.32,93.08,93.41
ABNAH Cafe Connaught Place,2026-03-14,BILL-OUT001-260314-0035,Delivery/Takeaway,Takeaway,,,Beverage,Iced Tea,996331,MENU0060,Lemon Iced Tea - Large,257.1,2.0,514.2,,0.0,0,0.0,514.2,25.71,539.91,17.03,34.06,93.38,93.69
ABNAH Cafe Connaught Place,2026-03-14,BILL-OUT001-260314-0036,Delivery/Takeaway,Corporate Order,,,Beverage,Iced Tea,996331,MENU0062,Hibiscus Lime Iced Tea - Medium,250.0,1.0,250.0,Synthetic promotion,11.47,0,11.47,238.53,11.93,250.46,26.94,26.94,88.71,89.24
ABNAH Cafe Connaught Place,2026-03-14,BILL-OUT001-260314-0037,Dine In,Dine In,Guest 6358,9000006358,Beverage,Kids Beverage,996331,MENU0067,Babyccino - Regular,165.0,1.0,165.0,Synthetic promotion,9.77,0,9.77,155.23,7.76,162.99,14.21,14.21,90.85,91.28
ABNAH Cafe Connaught Place,2026-03-14,BILL-OUT001-260314-0038,Delivery/Takeaway,Corporate Order,,,Food,Sandwiches,996331,MENU0079,Smoked Chipotle Paneer Sandwich,295.0,1.0,295.0,Synthetic promotion,11.32,0,11.32,283.68,14.18,297.86,90.66,90.66,68.04,69.56
ABNAH Cafe Connaught Place,2026-03-14,BILL-OUT001-260314-0039,Delivery/Takeaway,Takeaway,,,Food,Sandwiches,996331,MENU0081,Pepper Chicken Sandwich,315.0,2.0,630.0,Synthetic promotion,24.99,0,24.99,605.01,30.25,635.26,87.66,175.32,71.02,72.4
ABNAH Cafe Connaught Place,2026-03-14,BILL-OUT001-260314-0040,Dine In,Dine In,,,Food,Sandwiches,996331,MENU0082,Tandoori Chicken Sandwich,320.0,1.0,320.0,Synthetic promotion,8.44,0,8.44,311.56,15.58,327.14,87.66,87.66,71.86,73.2
ABNAH Cafe Connaught Place,2026-03-14,BILL-OUT001-260314-0041,Delivery/Takeaway,Corporate Order,,,Food,Breakfast,996331,MENU0087,Cream Cheese Bagel,254.29,1.0,254.29,,0.0,0,0.0,254.29,12.71,267.0,54.49,54.49,78.57,79.59
ABNAH Cafe Connaught Place,2026-03-14,BILL-OUT001-260314-0042,Delivery/Takeaway,Corporate Order,Guest 8977,9000008977,Food,Breakfast,996331,MENU0088,Scallion Pepper Cream Cheese Bagel,265.0,1.0,265.0,Synthetic promotion,12.39,0,12.39,252.61,12.63,265.24,54.49,54.49,78.43,79.46
ABNAH Cafe Connaught Place,2026-03-14,BILL-OUT001-260314-0043,Delivery/Takeaway,Takeaway,,,Food,Breakfast,996331,MENU0089,Masala Egg Bun,225.0,1.0,225.0,Synthetic promotion,10.44,0,10.44,214.56,10.73,225.29,42.74,42.74,80.08,81.03
ABNAH Cafe Connaught Place,2026-03-14,BILL-OUT001-260314-0044,Delivery/Takeaway,Takeaway,,,Food,Baked Goods,996331,MENU0095,Almond Croissant,245.0,1.0,245.0,Synthetic promotion,8.04,0,8.04,236.96,11.85,248.81,58.04,58.04,75.51,76.67
ABNAH Cafe Connaught Place,2026-03-14,BILL-OUT001-260314-0045,Delivery/Takeaway,Corporate Order,,,Food,Baked Goods,996331,MENU0098,Sriracha Chicken Croissant,275.0,1.0,275.0,Synthetic promotion,1.53,0,1.53,273.47,13.67,287.14,81.14,81.14,70.33,71.74
ABNAH Cafe Connaught Place,2026-03-14,BILL-OUT001-260314-0046,Dine In,Dine In,Guest 3423,9000003423,Dessert,Baked Goods,996331,MENU0100,Banana Walnut Tea Cake,208.86,1.0,208.86,,0.0,0,0.0,208.86,10.44,219.3,61.61,61.61,70.5,71.91
ABNAH Cafe Connaught Place,2026-03-14,BILL-OUT001-260314-0047,Delivery/Takeaway,Takeaway,,,Dessert,Desserts,996331,MENU0107,Jaggery Parmesan Cookie,170.0,1.0,170.0,Synthetic promotion,2.82,0,2.82,167.18,8.36,175.54,41.02,41.02,75.46,76.63
ABNAH Cafe Connaught Place,2026-03-14,BILL-OUT001-260314-0048,Dine In,Dine In,,,Dessert,Baked Goods,996331,MENU0110,Multigrain Walnut Tea Cake,228.28,1.0,228.28,,0.0,0,0.0,228.28,11.41,239.69,56.57,56.57,75.22,76.4
ABNAH Cafe Connaught Place,2026-03-15,BILL-OUT001-260315-0001,Dine In,Dine In,,,Beverage,Coffee Classics,996331,MENU0003,Americano - Regular,185.0,2.0,370.0,Synthetic promotion,13.29,0,13.29,356.71,17.84,374.55,23.21,46.42,86.99,87.61
ABNAH Cafe Connaught Place,2026-03-15,BILL-OUT001-260315-0002,Delivery/Takeaway,Corporate Order,,,Beverage,Coffee Classics,996331,MENU0004,Americano - Medium,210.0,1.0,210.0,Synthetic promotion,2.17,0,2.17,207.83,10.39,218.22,26.05,26.05,87.47,88.06
ABNAH Cafe Connaught Place,2026-03-15,BILL-OUT001-260315-0003,Dine In,Dine In,Guest 6134,9000006134,Beverage,Coffee Classics,996331,MENU0005,Americano - Large,235.0,1.0,235.0,Synthetic promotion,4.64,0,4.64,230.36,11.52,241.88,28.91,28.91,87.45,88.05
ABNAH Cafe Connaught Place,2026-03-15,BILL-OUT001-260315-0004,Delivery/Takeaway,Corporate Order,Guest 2533,9000002533,Beverage,Coffee Classics,996331,MENU0007,Latte - Medium,250.0,3.0,750.0,Synthetic promotion,9.76,0,9.76,740.24,37.01,777.25,40.96,122.88,83.4,84.19
ABNAH Cafe Connaught Place,2026-03-15,BILL-OUT001-260315-0005,Delivery/Takeaway,Corporate Order,,,Beverage,Coffee Classics,996331,MENU0008,Latte - Large,275.0,1.0,275.0,Synthetic promotion,4.26,0,4.26,270.74,13.54,284.28,45.76,45.76,83.1,83.9
ABNAH Cafe Connaught Place,2026-03-15,BILL-OUT001-260315-0006,Dine In,Dine In,,,Beverage,Coffee Classics,996331,MENU0009,Cappuccino - Regular,225.0,3.0,675.0,Synthetic promotion,8.37,0,8.37,666.63,33.33,699.96,36.17,108.51,83.72,84.5
ABNAH Cafe Connaught Place,2026-03-15,BILL-OUT001-260315-0007,Delivery/Takeaway,Corporate Order,Guest 5155,9000005155,Beverage,Coffee Classics,996331,MENU0013,Flat White - Medium,260.0,1.0,260.0,Synthetic promotion,9.8,0,9.8,250.2,12.51,262.71,40.96,40.96,83.63,84.41
ABNAH Cafe Connaught Place,2026-03-15,BILL-OUT001-260315-0008,Dine In,Dine In,,,Beverage,Coffee Classics,996331,MENU0014,Flat White - Large,285.38,2.0,570.76,,0.0,0,0.0,570.76,28.54,599.3,45.76,91.52,83.97,84.73
ABNAH Cafe Connaught Place,2026-03-15,BILL-OUT001-260315-0009,Delivery/Takeaway,Corporate Order,,,Beverage,Coffee Classics,996331,MENU0016,Mocha - Medium,270.0,1.0,270.0,Synthetic promotion,15.62,0,15.62,254.38,12.72,267.1,48.42,48.42,80.97,81.87
ABNAH Cafe Connaught Place,2026-03-15,BILL-OUT001-260315-0010,Delivery/Takeaway,Takeaway,,,Beverage,Coffee Classics,996331,MENU0017,Mocha - Large,295.0,1.0,295.0,Synthetic promotion,3.25,0,3.25,291.75,14.59,306.34,54.21,54.21,81.42,82.3
ABNAH Cafe Connaught Place,2026-03-15,BILL-OUT001-260315-0011,Dine In,Dine In,,,Beverage,Signature Coffee,996331,MENU0018,Sea Salt Mocha - Regular,275.0,1.0,275.0,Synthetic promotion,14.57,0,14.57,260.43,13.02,273.45,42.67,42.67,83.62,84.4
ABNAH Cafe Connaught Place,2026-03-15,BILL-OUT001-260315-0012,Delivery/Takeaway,Corporate Order,,,Beverage,Signature Coffee,996331,MENU0019,Sea Salt Mocha - Medium,305.0,1.0,305.0,Synthetic promotion,5.91,0,5.91,299.09,14.95,314.04,48.42,48.42,83.81,84.58
ABNAH Cafe Connaught Place,2026-03-15,BILL-OUT001-260315-0013,Delivery/Takeaway,Corporate Order,,,Beverage,Signature Coffee,996331,MENU0020,Sea Salt Mocha - Large,335.0,1.0,335.0,Synthetic promotion,8.73,0,8.73,326.27,16.31,342.58,54.21,54.21,83.38,84.18
ABNAH Cafe Connaught Place,2026-03-15,BILL-OUT001-260315-0014,Delivery/Takeaway,Takeaway,,,Beverage,Signature Coffee,996331,MENU0022,Orange Zest Mocha - Medium,300.0,1.0,300.0,Synthetic promotion,3.34,0,3.34,296.66,14.83,311.49,48.42,48.42,83.68,84.46
ABNAH Cafe Connaught Place,2026-03-15,BILL-OUT001-260315-0015,Delivery/Takeaway,Takeaway,,,Beverage,Signature Coffee,996331,MENU0023,Orange Zest Mocha - Large,330.0,2.0,660.0,Synthetic promotion,39.43,0,39.43,620.57,31.03,651.6,54.21,108.42,82.53,83.36
ABNAH Cafe Connaught Place,2026-03-15,BILL-OUT001-260315-0016,Dine In,Dine In,,,Beverage,Signature Coffee,996331,MENU0025,Caramel Macchiato - Medium,295.0,2.0,590.0,Synthetic promotion,11.57,0,11.57,578.43,28.92,607.35,48.13,96.26,83.36,84.15
ABNAH Cafe Connaught Place,2026-03-15,BILL-OUT001-260315-0017,Delivery/Takeaway,Takeaway,,,Beverage,Signature Coffee,996331,MENU0027,French Vanilla Latte - Regular,265.0,1.0,265.0,Synthetic promotion,2.22,0,2.22,262.78,13.14,275.92,42.17,42.17,83.95,84.72
ABNAH Cafe Connaught Place,2026-03-15,BILL-OUT001-260315-0018,Delivery/Takeaway,Takeaway,,,Beverage,Signature Coffee,996331,MENU0030,Vegan Iced Latte - Regular,286.26,1.0,286.26,,0.0,0,0.0,286.26,14.31,300.57,58.9,58.9,79.42,80.4
ABNAH Cafe Connaught Place,2026-03-15,BILL-OUT001-260315-0019,Delivery/Takeaway,Takeaway,,,Beverage,Cold Brew,996331,MENU0035,Classic Cold Brew - Large,275.0,2.0,550.0,Synthetic promotion,5.35,0,5.35,544.65,27.23,571.88,31.73,63.46,88.35,88.9
ABNAH Cafe Connaught Place,2026-03-15,BILL-OUT001-260315-0020,Dine In,Dine In,,,Beverage,Cold Brew,996331,MENU0039,Vietnamese Shakerato - Regular,255.0,1.0,255.0,Synthetic promotion,0.84,0,0.84,254.16,12.71,266.87,25.6,25.6,89.93,90.41
ABNAH Cafe Connaught Place,2026-03-15,BILL-OUT001-260315-0021,Dine In,Dine In,,,Beverage,Cold Brew,996331,MENU0040,Vietnamese Shakerato - Medium,280.0,1.0,280.0,Synthetic promotion,9.14,0,9.14,270.86,13.54,284.4,28.66,28.66,89.42,89.92
ABNAH Cafe Connaught Place,2026-03-15,BILL-OUT001-260315-0022,Delivery/Takeaway,Takeaway,Guest 4506,9000004506,Beverage,Cold Coffee,996331,MENU0043,Classic Cold Coffee - Medium,290.0,3.0,870.0,Synthetic promotion,6.77,0,6.77,863.23,43.16,906.39,43.56,130.68,84.86,85.58
ABNAH Cafe Connaught Place,2026-03-15,BILL-OUT001-260315-0023,Dine In,Dine In,,,Beverage,Cold Coffee,996331,MENU0044,Classic Cold Coffee - Large,325.94,1.0,325.94,,0.0,0,0.0,325.94,16.3,342.24,48.58,48.58,85.1,85.81
ABNAH Cafe Connaught Place,2026-03-15,BILL-OUT001-260315-0024,Dine In,Dine In,,,Beverage,Cold Coffee,996331,MENU0046,Mocha Cold Coffee - Medium,321.27,1.0,321.27,,0.0,0,0.0,321.27,16.06,337.33,51.03,51.03,84.12,84.87
ABNAH Cafe Connaught Place,2026-03-15,BILL-OUT001-260315-0025,Dine In,Dine In,,,Beverage,Tea,996331,MENU0051,Masala Chai Latte - Regular,197.93,1.0,197.93,,0.0,0,0.0,197.93,9.9,207.83,36.17,36.17,81.73,82.6
ABNAH Cafe Connaught Place,2026-03-15,BILL-OUT001-260315-0026,Dine In,Dine In,,,Beverage,Tea,996331,MENU0052,Masala Chai Latte - Medium,220.0,2.0,440.0,Synthetic promotion,24.27,0,24.27,415.73,20.79,436.52,40.96,81.92,80.29,81.23
ABNAH Cafe Connaught Place,2026-03-15,BILL-OUT001-260315-0027,Delivery/Takeaway,Takeaway,,,Beverage,Tea,996331,MENU0054,Himalayan Green Tea,210.0,1.0,210.0,Synthetic promotion,6.59,0,6.59,203.41,10.17,213.58,8.67,8.67,95.74,95.94
ABNAH Cafe Connaught Place,2026-03-15,BILL-OUT001-260315-0028,Delivery/Takeaway,Corporate Order,,,Beverage,Tea,996331,MENU0055,Japanese Matcha Latte - Regular,265.0,2.0,530.0,Synthetic promotion,30.04,0,30.04,499.96,25.0,524.96,36.17,72.34,85.53,86.22
ABNAH Cafe Connaught Place,2026-03-15,BILL-OUT001-260315-0029,Dine In,Dine In,,,Beverage,Tea,996331,MENU0056,Japanese Matcha Latte - Medium,296.62,1.0,296.62,,0.0,0,0.0,296.62,14.83,311.45,40.96,40.96,86.19,86.85
ABNAH Cafe Connaught Place,2026-03-15,BILL-OUT001-260315-0030,Delivery/Takeaway,Takeaway,,,Beverage,Shake,996331,MENU0070,Choco Chip Shake - Large,365.0,2.0,730.0,Synthetic promotion,10.95,0,10.95,719.05,35.95,755.0,42.79,85.58,88.1,88.66
ABNAH Cafe Connaught Place,2026-03-15,BILL-OUT001-260315-0031,Delivery/Takeaway,Corporate Order,Guest 0785,9000000785,Beverage,Shake,996331,MENU0071,Mixed Berry Shake - Regular,315.0,2.0,630.0,Synthetic promotion,2.35,0,2.35,627.65,31.38,659.03,61.21,122.42,80.5,81.42
ABNAH Cafe Connaught Place,2026-03-15,BILL-OUT001-260315-0032,Delivery/Takeaway,Corporate Order,,,Food,Wraps,996331,MENU0077,Spicy Paneer Wrap,275.0,1.0,275.0,Synthetic promotion,8.83,0,8.83,266.17,13.31,279.48,73.36,73.36,72.44,73.75
ABNAH Cafe Connaught Place,2026-03-15,BILL-OUT001-260315-0033,Delivery/Takeaway,Corporate Order,,,Food,Wraps,996331,MENU0078,Shredded Chicken Wrap,295.0,1.0,295.0,Synthetic promotion,2.26,0,2.26,292.74,14.64,307.38,70.05,70.05,76.07,77.21
ABNAH Cafe Connaught Place,2026-03-15,BILL-OUT001-260315-0034,Delivery/Takeaway,Takeaway,,,Food,Sandwiches,996331,MENU0079,Smoked Chipotle Paneer Sandwich,295.0,2.0,590.0,Synthetic promotion,22.42,0,22.42,567.58,28.38,595.96,90.66,181.32,68.05,69.58
ABNAH Cafe Connaught Place,2026-03-15,BILL-OUT001-260315-0035,Delivery/Takeaway,Takeaway,Guest 3062,9000003062,Food,Sandwiches,996331,MENU0082,Tandoori Chicken Sandwich,326.0,2.0,652.0,Synthetic promotion,0.01,0,0.01,651.99,32.6,684.59,87.66,175.32,73.11,74.39
ABNAH Cafe Connaught Place,2026-03-15,BILL-OUT001-260315-0036,Delivery/Takeaway,Corporate Order,,,Food,Baked Goods,996331,MENU0095,Almond Croissant,245.0,1.0,245.0,Synthetic promotion,2.66,0,2.66,242.34,12.12,254.46,58.04,58.04,76.05,77.19
ABNAH Cafe Connaught Place,2026-03-15,BILL-OUT001-260315-0037,Delivery/Takeaway,Corporate Order,,,Food,Baked Goods,996331,MENU0096,Chocolate Croissant,235.0,1.0,235.0,Synthetic promotion,11.28,0,11.28,223.72,11.19,234.91,64.54,64.54,71.15,72.53
ABNAH Cafe Connaught Place,2026-03-15,BILL-OUT001-260315-0038,Delivery/Takeaway,Corporate Order,Guest 7583,9000007583,Food,Baked Goods,996331,MENU0097,Mushroom Cheese Croissant,259.59,1.0,259.59,,0.0,0,0.0,259.59,12.98,272.57,74.84,74.84,71.17,72.54
ABNAH Cafe Connaught Place,2026-03-15,BILL-OUT001-260315-0039,Delivery/Takeaway,Corporate Order,,,Food,Baked Goods,996331,MENU0098,Sriracha Chicken Croissant,275.0,1.0,275.0,Synthetic promotion,1.27,0,1.27,273.73,13.69,287.42,81.14,81.14,70.36,71.77
ABNAH Cafe Connaught Place,2026-03-15,BILL-OUT001-260315-0040,Delivery/Takeaway,Takeaway,,,Dessert,Desserts,996331,MENU0106,Death by Chocolate Cookie,190.0,1.0,190.0,Synthetic promotion,10.0,0,10.0,180.0,9.0,189.0,47.52,47.52,73.6,74.86
ABNAH Cafe Connaught Place,2026-03-16,BILL-OUT001-260316-0001,Dine In,Dine In,,,Beverage,Coffee Classics,996331,MENU0003,Americano - Regular,185.86,1.0,185.86,,0.0,0,0.0,185.86,9.29,195.15,23.21,23.21,87.51,88.11
ABNAH Cafe Connaught Place,2026-03-16,BILL-OUT001-260316-0002,Delivery/Takeaway,Corporate Order,,,Beverage,Coffee Classics,996331,MENU0005,Americano - Large,235.0,4.0,940.0,Synthetic promotion,26.52,0,26.52,913.48,45.67,959.15,28.91,115.64,87.34,87.94
ABNAH Cafe Connaught Place,2026-03-16,BILL-OUT001-260316-0003,Dine In,Dine In,,,Beverage,Coffee Classics,996331,MENU0006,Latte - Regular,225.0,6.0,1350.0,Synthetic promotion,77.56,0,77.56,1272.44,63.62,1336.06,36.17,217.02,82.94,83.76
ABNAH Cafe Connaught Place,2026-03-16,BILL-OUT001-260316-0004,Delivery/Takeaway,Takeaway,,,Beverage,Coffee Classics,996331,MENU0007,Latte - Medium,250.0,4.0,1000.0,Synthetic promotion,29.5,0,29.5,970.5,48.52,1019.02,40.96,163.84,83.12,83.92
ABNAH Cafe Connaught Place,2026-03-16,BILL-OUT001-260316-0005,Delivery/Takeaway,Corporate Order,,,Beverage,Coffee Classics,996331,MENU0008,Latte - Large,275.0,3.0,825.0,Synthetic promotion,7.19,0,7.19,817.81,40.89,858.7,45.76,137.28,83.21,84.01
ABNAH Cafe Connaught Place,2026-03-16,BILL-OUT001-260316-0006,Dine In,Dine In,,,Beverage,Coffee Classics,996331,MENU0009,Cappuccino - Regular,226.1,3.0,678.3,,0.0,0,0.0,678.3,33.91,712.21,36.17,108.51,84.0,84.76
ABNAH Cafe Connaught Place,2026-03-16,BILL-OUT001-260316-0007,Delivery/Takeaway,Takeaway,,,Beverage,Coffee Classics,996331,MENU0011,Cappuccino - Large,275.0,2.0,550.0,Synthetic promotion,4.42,0,4.42,545.58,27.28,572.86,45.76,91.52,83.23,84.02
ABNAH Cafe Connaught Place,2026-03-16,BILL-OUT001-260316-0008,Dine In,Dine In,,,Beverage,Coffee Classics,996331,MENU0012,Flat White - Regular,235.0,2.0,470.0,Synthetic promotion,25.11,0,25.11,444.89,22.24,467.13,36.17,72.34,83.74,84.51
ABNAH Cafe Connaught Place,2026-03-16,BILL-OUT001-260316-0009,Delivery/Takeaway,Corporate Order,,,Beverage,Coffee Classics,996331,MENU0013,Flat White - Medium,264.96,4.0,1059.84,,0.0,0,0.0,1059.84,52.99,1112.83,40.96,163.84,84.54,85.28
ABNAH Cafe Connaught Place,2026-03-16,BILL-OUT001-260316-0010,Delivery/Takeaway,Takeaway,,,Beverage,Coffee Classics,996331,MENU0014,Flat White - Large,285.0,2.0,570.0,Synthetic promotion,29.86,0,29.86,540.14,27.01,567.15,45.76,91.52,83.06,83.86
ABNAH Cafe Connaught Place,2026-03-16,BILL-OUT001-260316-0011,Dine In,Dine In,,,Beverage,Coffee Classics,996331,MENU0015,Mocha - Regular,245.0,1.0,245.0,Synthetic promotion,10.96,0,10.96,234.04,11.7,245.74,42.67,42.67,81.77,82.64
ABNAH Cafe Connaught Place,2026-03-16,BILL-OUT001-260316-0012,Delivery/Takeaway,Corporate Order,,,Beverage,Coffee Classics,996331,MENU0016,Mocha - Medium,270.0,5.0,1350.0,Synthetic promotion,54.97,0,54.97,1295.03,64.75,1359.78,48.42,242.1,81.31,82.2
ABNAH Cafe Connaught Place,2026-03-16,BILL-OUT001-260316-0013,Delivery/Takeaway,Corporate Order,,,Beverage,Coffee Classics,996331,MENU0017,Mocha - Large,300.86,2.0,601.72,,0.0,0,0.0,601.72,30.09,631.81,54.21,108.42,81.98,82.84
ABNAH Cafe Connaught Place,2026-03-16,BILL-OUT001-260316-0014,Dine In,Dine In,,,Beverage,Signature Coffee,996331,MENU0018,Sea Salt Mocha - Regular,278.1,1.0,278.1,,0.0,0,0.0,278.1,13.9,292.0,42.67,42.67,84.66,85.39
ABNAH Cafe Connaught Place,2026-03-16,BILL-OUT001-260316-0015,Dine In,Dine In,,,Beverage,Signature Coffee,996331,MENU0020,Sea Salt Mocha - Large,335.0,2.0,670.0,Synthetic promotion,35.44,0,35.44,634.56,31.73,666.29,54.21,108.42,82.91,83.73
ABNAH Cafe Connaught Place,2026-03-16,BILL-OUT001-260316-0016,Dine In,Dine In,,,Beverage,Signature Coffee,996331,MENU0021,Orange Zest Mocha - Regular,270.0,1.0,270.0,Synthetic promotion,10.86,0,10.86,259.14,12.96,272.1,42.67,42.67,83.53,84.32
ABNAH Cafe Connaught Place,2026-03-16,BILL-OUT001-260316-0017,Dine In,Dine In,,,Beverage,Signature Coffee,996331,MENU0022,Orange Zest Mocha - Medium,303.84,1.0,303.84,,0.0,0,0.0,303.84,15.19,319.03,48.42,48.42,84.06,84.82
ABNAH Cafe Connaught Place,2026-03-16,BILL-OUT001-260316-0018,Delivery/Takeaway,Corporate Order,,,Beverage,Signature Coffee,996331,MENU0023,Orange Zest Mocha - Large,330.0,1.0,330.0,Synthetic promotion,1.0,0,1.0,329.0,16.45,345.45,54.21,54.21,83.52,84.31
ABNAH Cafe Connaught Place,2026-03-16,BILL-OUT001-260316-0019,Delivery/Takeaway,Corporate Order,,,Beverage,Signature Coffee,996331,MENU0024,Caramel Macchiato - Regular,265.0,2.0,530.0,Synthetic promotion,22.81,0,22.81,507.19,25.36,532.55,42.42,84.84,83.27,84.07
ABNAH Cafe Connaught Place,2026-03-16,BILL-OUT001-260316-0020,Delivery/Takeaway,Corporate Order,,,Beverage,Signature Coffee,996331,MENU0027,French Vanilla Latte - Regular,265.0,3.0,795.0,Synthetic promotion,40.38,0,40.38,754.62,37.73,792.35,42.17,126.51,83.24,84.03
ABNAH Cafe Connaught Place,2026-03-16,BILL-OUT001-260316-0021,Dine In,Dine In,,,Beverage,Signature Coffee,996331,MENU0028,French Vanilla Latte - Medium,295.0,5.0,1475.0,Synthetic promotion,63.53,0,63.53,1411.47,70.57,1482.04,47.85,239.25,83.05,83.86
ABNAH Cafe Connaught Place,2026-03-16,BILL-OUT001-260316-0022,Delivery/Takeaway,Corporate Order,,,Beverage,Signature Coffee,996331,MENU0030,Vegan Iced Latte - Regular,285.0,1.0,285.0,Synthetic promotion,0.93,0,0.93,284.07,14.2,298.27,58.9,58.9,79.27,80.25
ABNAH Cafe Connaught Place,2026-03-16,BILL-OUT001-260316-0023,Dine In,Dine In,,,Beverage,Signature Coffee,996331,MENU0031,Vegan Iced Latte - Medium,310.0,1.0,310.0,Synthetic promotion,16.7,0,16.7,293.3,14.66,307.96,66.95,66.95,77.17,78.26
ABNAH Cafe Connaught Place,2026-03-16,BILL-OUT001-260316-0024,Delivery/Takeaway,Takeaway,,,Beverage,Signature Coffee,996331,MENU0032,Vegan Iced Latte - Large,335.0,1.0,335.0,Synthetic promotion,17.21,0,17.21,317.79,15.89,333.68,75.02,75.02,76.39,77.52
ABNAH Cafe Connaught Place,2026-03-16,BILL-OUT001-260316-0025,Delivery/Takeaway,Takeaway,,,Beverage,Cold Brew,996331,MENU0034,Classic Cold Brew - Medium,250.0,1.0,250.0,Synthetic promotion,5.27,0,5.27,244.73,12.24,256.97,28.66,28.66,88.29,88.85
ABNAH Cafe Connaught Place,2026-03-16,BILL-OUT001-260316-0026,Delivery/Takeaway,Corporate Order,,,Beverage,Cold Brew,996331,MENU0035,Classic Cold Brew - Large,275.0,1.0,275.0,Synthetic promotion,16.3,0,16.3,258.7,12.94,271.64,31.73,31.73,87.73,88.32
ABNAH Cafe Connaught Place,2026-03-16,BILL-OUT001-260316-0027,Delivery/Takeaway,Corporate Order,,,Beverage,Cold Brew,996331,MENU0036,Coffee Lemonade - Regular,235.0,1.0,235.0,Synthetic promotion,13.09,0,13.09,221.91,11.1,233.01,29.45,29.45,86.73,87.36
ABNAH Cafe Connaught Place,2026-03-16,BILL-OUT001-260316-0028,Delivery/Takeaway,Takeaway,,,Beverage,Cold Brew,996331,MENU0038,Coffee Lemonade - Large,289.13,1.0,289.13,,0.0,0,0.0,289.13,14.46,303.59,36.73,36.73,87.3,87.9
ABNAH Cafe Connaught Place,2026-03-16,BILL-OUT001-260316-0029,Delivery/Takeaway,Corporate Order,,,Beverage,Cold Brew,996331,MENU0039,Vietnamese Shakerato - Regular,255.0,1.0,255.0,Synthetic promotion,11.14,0,11.14,243.86,12.19,256.05,25.6,25.6,89.5,90.0
ABNAH Cafe Connaught Place,2026-03-16,BILL-OUT001-260316-0030,Dine In,Dine In,,,Beverage,Cold Coffee,996331,MENU0043,Classic Cold Coffee - Medium,290.0,2.0,580.0,Synthetic promotion,31.1,0,31.1,548.9,27.45,576.35,43.56,87.12,84.13,84.88
ABNAH Cafe Connaught Place,2026-03-16,BILL-OUT001-260316-0031,Dine In,Dine In,,,Beverage,Cold Coffee,996331,MENU0044,Classic Cold Coffee - Large,325.0,2.0,650.0,Synthetic promotion,18.24,0,18.24,631.76,31.59,663.35,48.58,97.16,84.62,85.35
ABNAH Cafe Connaught Place,2026-03-16,BILL-OUT001-260316-0032,Dine In,Dine In,,,Beverage,Cold Coffee,996331,MENU0045,Mocha Cold Coffee - Regular,288.99,1.0,288.99,,0.0,0,0.0,288.99,14.45,303.44,45.06,45.06,84.41,85.15
ABNAH Cafe Connaught Place,2026-03-16,BILL-OUT001-260316-0033,Dine In,Dine In,,,Beverage,Cold Coffee,996331,MENU0046,Mocha Cold Coffee - Medium,324.9,1.0,324.9,,0.0,0,0.0,324.9,16.25,341.15,51.03,51.03,84.29,85.04
ABNAH Cafe Connaught Place,2026-03-16,BILL-OUT001-260316-0034,Dine In,Dine In,,,Beverage,Cold Coffee,996331,MENU0047,Mocha Cold Coffee - Large,357.41,1.0,357.41,,0.0,0,0.0,357.41,17.87,375.28,57.03,57.03,84.04,84.8
ABNAH Cafe Connaught Place,2026-03-16,BILL-OUT001-260316-0035,Delivery/Takeaway,Corporate Order,,,Beverage,Cold Coffee,996331,MENU0050,Caramel Cold Coffee - Large,355.0,2.0,710.0,Synthetic promotion,11.43,0,11.43,698.57,34.93,733.5,56.7,113.4,83.77,84.54
ABNAH Cafe Connaught Place,2026-03-16,BILL-OUT001-260316-0036,Dine In,Dine In,,,Beverage,Tea,996331,MENU0051,Masala Chai Latte - Regular,195.0,1.0,195.0,Synthetic promotion,6.75,0,6.75,188.25,9.41,197.66,36.17,36.17,80.79,81.7
ABNAH Cafe Connaught Place,2026-03-16,BILL-OUT001-260316-0037,Delivery/Takeaway,Corporate Order,,,Beverage,Tea,996331,MENU0052,Masala Chai Latte - Medium,222.38,1.0,222.38,,0.0,0,0.0,222.38,11.12,233.5,40.96,40.96,81.58,82.46
ABNAH Cafe Connaught Place,2026-03-16,BILL-OUT001-260316-0038,Dine In,Dine In,,,Beverage,Tea,996331,MENU0054,Himalayan Green Tea,210.75,1.0,210.75,,0.0,0,0.0,210.75,10.54,221.29,8.67,8.67,95.89,96.08
ABNAH Cafe Connaught Place,2026-03-16,BILL-OUT001-260316-0039,Delivery/Takeaway,Takeaway,,,Beverage,Tea,996331,MENU0055,Japanese Matcha Latte - Regular,265.0,1.0,265.0,Synthetic promotion,12.39,0,12.39,252.61,12.63,265.24,36.17,36.17,85.68,86.36
ABNAH Cafe Connaught Place,2026-03-16,BILL-OUT001-260316-0040,Dine In,Dine In,,,Beverage,Tea,996331,MENU0057,Japanese Matcha Latte - Large,330.23,1.0,330.23,,0.0,0,0.0,330.23,16.51,346.74,45.76,45.76,86.14,86.8
ABNAH Cafe Connaught Place,2026-03-16,BILL-OUT001-260316-0041,Delivery/Takeaway,Corporate Order,,,Beverage,Iced Tea,996331,MENU0059,Lemon Iced Tea - Medium,230.0,1.0,230.0,Synthetic promotion,12.18,0,12.18,217.82,10.89,228.71,15.66,15.66,92.81,93.15
ABNAH Cafe Connaught Place,2026-03-16,BILL-OUT001-260316-0042,Delivery/Takeaway,Takeaway,,,Beverage,Iced Tea,996331,MENU0061,Hibiscus Lime Iced Tea - Regular,225.0,1.0,225.0,Synthetic promotion,9.42,0,9.42,215.58,10.78,226.36,24.09,24.09,88.83,89.36
ABNAH Cafe Connaught Place,2026-03-16,BILL-OUT001-260316-0043,Delivery/Takeaway,Corporate Order,,,Beverage,Iced Tea,996331,MENU0062,Hibiscus Lime Iced Tea - Medium,250.0,2.0,500.0,Synthetic promotion,4.72,0,4.72,495.28,24.76,520.04,26.94,53.88,89.12,89.64
ABNAH Cafe Connaught Place,2026-03-16,BILL-OUT001-260316-0044,Delivery/Takeaway,Takeaway,,,Beverage,Shake,996331,MENU0068,Choco Chip Shake - Regular,295.0,1.0,295.0,Synthetic promotion,15.04,0,15.04,279.96,14.0,293.96,34.11,34.11,87.82,88.4
ABNAH Cafe Connaught Place,2026-03-16,BILL-OUT001-260316-0045,Delivery/Takeaway,Takeaway,Guest 6745,9000006745,Beverage,Shake,996331,MENU0072,Mixed Berry Shake - Medium,350.0,1.0,350.0,Synthetic promotion,3.93,0,3.93,346.07,17.3,363.37,69.6,69.6,79.89,80.85
ABNAH Cafe Connaught Place,2026-03-16,BILL-OUT001-260316-0046,Delivery/Takeaway,Corporate Order,,,Beverage,Shake,996331,MENU0073,Mixed Berry Shake - Large,385.0,1.0,385.0,Synthetic promotion,12.29,0,12.29,372.71,18.64,391.35,78.02,78.02,79.07,80.06
ABNAH Cafe Connaught Place,2026-03-16,BILL-OUT001-260316-0047,Dine In,Dine In,,,Beverage,Smoothie,996331,MENU0074,Seasonal Smoothie - Regular,305.0,1.0,305.0,Synthetic promotion,2.99,0,2.99,302.01,15.1,317.11,33.37,33.37,88.95,89.48
ABNAH Cafe Connaught Place,2026-03-16,BILL-OUT001-260316-0048,Delivery/Takeaway,Takeaway,,,Food,Wraps,996331,MENU0078,Shredded Chicken Wrap,296.68,1.0,296.68,,0.0,0,0.0,296.68,14.83,311.51,70.05,70.05,76.39,77.51
ABNAH Cafe Connaught Place,2026-03-16,BILL-OUT001-260316-0049,Delivery/Takeaway,Takeaway,,,Food,Sandwiches,996331,MENU0079,Smoked Chipotle Paneer Sandwich,295.0,1.0,295.0,Synthetic promotion,4.4,0,4.4,290.6,14.53,305.13,90.66,90.66,68.8,70.29
ABNAH Cafe Connaught Place,2026-03-16,BILL-OUT001-260316-0050,Delivery/Takeaway,Corporate Order,,,Food,Sandwiches,996331,MENU0080,Pesto Veg Sandwich,280.66,1.0,280.66,,0.0,0,0.0,280.66,14.03,294.69,91.86,91.86,67.27,68.83
ABNAH Cafe Connaught Place,2026-03-16,BILL-OUT001-260316-0051,Dine In,Dine In,,,Food,Sandwiches,996331,MENU0081,Pepper Chicken Sandwich,315.0,2.0,630.0,Synthetic promotion,14.97,0,14.97,615.03,30.75,645.78,87.66,175.32,71.49,72.85
ABNAH Cafe Connaught Place,2026-03-16,BILL-OUT001-260316-0052,Delivery/Takeaway,Corporate Order,,,Food,Sandwiches,996331,MENU0082,Tandoori Chicken Sandwich,320.0,2.0,640.0,Synthetic promotion,15.31,0,15.31,624.69,31.23,655.92,87.66,175.32,71.93,73.27
ABNAH Cafe Connaught Place,2026-03-16,BILL-OUT001-260316-0053,Delivery/Takeaway,Takeaway,,,Food,Platter,996331,MENU0085,Hummus and Pita Platter,310.0,1.0,310.0,Synthetic promotion,4.68,0,4.68,305.32,15.27,320.59,45.45,45.45,85.11,85.82
ABNAH Cafe Connaught Place,2026-03-16,BILL-OUT001-260316-0054,Dine In,Dine In,,,Food,Breakfast,996331,MENU0087,Cream Cheese Bagel,250.0,1.0,250.0,Synthetic promotion,6.39,0,6.39,243.61,12.18,255.79,54.49,54.49,77.63,78.7
ABNAH Cafe Connaught Place,2026-03-16,BILL-OUT001-260316-0055,Delivery/Takeaway,Takeaway,Guest 2545,9000002545,Food,Snacks,996331,MENU0090,Marinara Cheese Pin Wheels,216.28,3.0,648.84,,0.0,0,0.0,648.84,32.44,681.28,38.29,114.87,82.3,83.14
ABNAH Cafe Connaught Place,2026-03-16,BILL-OUT001-260316-0056,Dine In,Dine In,,,Food,Snacks,996331,MENU0091,Pesto Sundried Tomato Pin Wheel,225.0,1.0,225.0,Synthetic promotion,4.1,0,4.1,220.9,11.04,231.94,42.04,42.04,80.97,81.87
ABNAH Cafe Connaught Place,2026-03-16,BILL-OUT001-260316-0057,Dine In,Dine In,,,Food,Snacks,996331,MENU0093,Turnover with Brioche Dough Veg,235.48,1.0,235.48,,0.0,0,0.0,235.48,11.77,247.25,89.94,89.94,61.81,63.62
ABNAH Cafe Connaught Place,2026-03-16,BILL-OUT001-260316-0058,Dine In,Dine In,,,Food,Baked Goods,996331,MENU0094,Butter Croissant,195.0,2.0,390.0,Synthetic promotion,4.94,0,4.94,385.06,19.25,404.31,58.04,116.08,69.85,71.29
ABNAH Cafe Connaught Place,2026-03-16,BILL-OUT001-260316-0059,Delivery/Takeaway,Takeaway,Guest 6408,9000006408,Food,Baked Goods,996331,MENU0098,Sriracha Chicken Croissant,275.0,2.0,550.0,Synthetic promotion,29.18,0,29.18,520.82,26.04,546.86,81.14,162.28,68.84,70.33
ABNAH Cafe Connaught Place,2026-03-16,BILL-OUT001-260316-0060,Delivery/Takeaway,Corporate Order,,,Dessert,Baked Goods,996331,MENU0099,Cinnamon Roll with Cream Cheese,220.0,1.0,220.0,Synthetic promotion,10.52,0,10.52,209.48,10.47,219.95,52.57,52.57,74.9,76.1
ABNAH Cafe Connaught Place,2026-03-16,BILL-OUT001-260316-0061,Dine In,Dine In,,,Dessert,Desserts,996331,MENU0102,Double Chocolate Truffle Cake,295.0,1.0,295.0,Synthetic promotion,8.72,0,8.72,286.28,14.31,300.59,63.07,63.07,77.97,79.02
ABNAH Cafe Connaught Place,2026-03-16,BILL-OUT001-260316-0062,Delivery/Takeaway,Takeaway,,,Dessert,Desserts,996331,MENU0107,Jaggery Parmesan Cookie,170.0,1.0,170.0,Synthetic promotion,3.26,0,3.26,166.74,8.34,175.08,41.02,41.02,75.4,76.57
ABNAH Cafe Connaught Place,2026-03-16,BILL-OUT001-260316-0063,Dine In,Dine In,,,Dessert,Desserts,996331,MENU0108,Apple Pie,270.0,1.0,270.0,Synthetic promotion,3.62,0,3.62,266.38,13.32,279.7,56.57,56.57,78.76,79.77
ABNAH Cafe Connaught Place,2026-03-16,BILL-OUT001-260316-0064,Delivery/Takeaway,Corporate Order,Guest 2913,9000002913,Dessert,Desserts,996331,MENU0109,Basque Cheesecake,310.0,1.0,310.0,Synthetic promotion,2.04,0,2.04,307.96,15.4,323.36,82.57,82.57,73.19,74.46
ABNAH Cafe Connaught Place,2026-03-16,BILL-OUT001-260316-0065,Delivery/Takeaway,Takeaway,,,Dessert,Baked Goods,996331,MENU0110,Multigrain Walnut Tea Cake,227.44,1.0,227.44,,0.0,0,0.0,227.44,11.37,238.81,56.57,56.57,75.13,76.31
ABNAH Cafe Connaught Place,2026-03-17,BILL-OUT001-260317-0001,Delivery/Takeaway,Takeaway,,,Beverage,Coffee Classics,996331,MENU0003,Americano - Regular,185.0,4.0,740.0,Synthetic promotion,15.22,0,15.22,724.78,36.24,761.02,23.21,92.84,87.19,87.8
ABNAH Cafe Connaught Place,2026-03-17,BILL-OUT001-260317-0002,Delivery/Takeaway,Corporate Order,,,Beverage,Coffee Classics,996331,MENU0004,Americano - Medium,210.0,1.0,210.0,Synthetic promotion,2.41,0,2.41,207.59,10.38,217.97,26.05,26.05,87.45,88.05
ABNAH Cafe Connaught Place,2026-03-17,BILL-OUT001-260317-0003,Dine In,Dine In,,,Beverage,Coffee Classics,996331,MENU0006,Latte - Regular,225.0,3.0,675.0,Synthetic promotion,31.02,0,31.02,643.98,32.2,676.18,36.17,108.51,83.15,83.95
ABNAH Cafe Connaught Place,2026-03-17,BILL-OUT001-260317-0004,Delivery/Takeaway,Corporate Order,,,Beverage,Coffee Classics,996331,MENU0007,Latte - Medium,254.89,1.0,254.89,,0.0,0,0.0,254.89,12.74,267.63,40.96,40.96,83.93,84.7
ABNAH Cafe Connaught Place,2026-03-17,BILL-OUT001-260317-0005,Delivery/Takeaway,Corporate Order,Guest 8667,9000008667,Beverage,Coffee Classics,996331,MENU0009,Cappuccino - Regular,225.0,3.0,675.0,Synthetic promotion,31.65,0,31.65,643.35,32.17,675.52,36.17,108.51,83.13,83.94
ABNAH Cafe Connaught Place,2026-03-17,BILL-OUT001-260317-0006,Delivery/Takeaway,Corporate Order,,,Beverage,Coffee Classics,996331,MENU0010,Cappuccino - Medium,250.0,2.0,500.0,Synthetic promotion,8.48,0,8.48,491.52,24.58,516.1,40.96,81.92,83.33,84.13
ABNAH Cafe Connaught Place,2026-03-17,BILL-OUT001-260317-0007,Delivery/Takeaway,Corporate Order,Guest 3994,9000003994,Beverage,Coffee Classics,996331,MENU0011,Cappuccino - Large,279.77,1.0,279.77,,0.0,0,0.0,279.77,13.99,293.76,45.76,45.76,83.64,84.42
ABNAH Cafe Connaught Place,2026-03-17,BILL-OUT001-260317-0008,Dine In,Dine In,,,Beverage,Coffee Classics,996331,MENU0012,Flat White - Regular,235.0,2.0,470.0,Synthetic promotion,14.6,0,14.6,455.4,22.77,478.17,36.17,72.34,84.12,84.87
ABNAH Cafe Connaught Place,2026-03-17,BILL-OUT001-260317-0009,Delivery/Takeaway,Takeaway,,,Beverage,Coffee Classics,996331,MENU0013,Flat White - Medium,260.0,3.0,780.0,Synthetic promotion,23.1,0,23.1,756.9,37.84,794.74,40.96,122.88,83.77,84.54
ABNAH Cafe Connaught Place,2026-03-17,BILL-OUT001-260317-0010,Delivery/Takeaway,Takeaway,,,Beverage,Coffee Classics,996331,MENU0015,Mocha - Regular,245.0,1.0,245.0,Synthetic promotion,1.41,0,1.41,243.59,12.18,255.77,42.67,42.67,82.48,83.32
ABNAH Cafe Connaught Place,2026-03-17,BILL-OUT001-260317-0011,Delivery/Takeaway,Corporate Order,Guest 6691,9000006691,Beverage,Coffee Classics,996331,MENU0016,Mocha - Medium,270.0,2.0,540.0,Synthetic promotion,25.36,0,25.36,514.64,25.73,540.37,48.42,96.84,81.18,82.08
ABNAH Cafe Connaught Place,2026-03-17,BILL-OUT001-260317-0012,Delivery/Takeaway,Corporate Order,,,Beverage,Signature Coffee,996331,MENU0019,Sea Salt Mocha - Medium,305.0,1.0,305.0,Synthetic promotion,3.47,0,3.47,301.53,15.08,316.61,48.42,48.42,83.94,84.71
ABNAH Cafe Connaught Place,2026-03-17,BILL-OUT001-260317-0013,Dine In,Dine In,,,Beverage,Signature Coffee,996331,MENU0020,Sea Salt Mocha - Large,339.28,1.0,339.28,,0.0,0,0.0,339.28,16.96,356.24,54.21,54.21,84.02,84.78
ABNAH Cafe Connaught Place,2026-03-17,BILL-OUT001-260317-0014,Dine In,Dine In,,,Beverage,Signature Coffee,996331,MENU0021,Orange Zest Mocha - Regular,270.0,2.0,540.0,Synthetic promotion,19.5,0,19.5,520.5,26.02,546.52,42.67,85.34,83.6,84.38
ABNAH Cafe Connaught Place,2026-03-17,BILL-OUT001-260317-0015,Delivery/Takeaway,Corporate Order,,,Beverage,Signature Coffee,996331,MENU0024,Caramel Macchiato - Regular,265.0,1.0,265.0,Synthetic promotion,3.71,0,3.71,261.29,13.06,274.35,42.42,42.42,83.77,84.54
ABNAH Cafe Connaught Place,2026-03-17,BILL-OUT001-260317-0016,Delivery/Takeaway,Corporate Order,,,Beverage,Cold Brew,996331,MENU0034,Classic Cold Brew - Medium,250.0,1.0,250.0,Synthetic promotion,3.13,0,3.13,246.87,12.34,259.21,28.66,28.66,88.39,88.94
ABNAH Cafe Connaught Place,2026-03-17,BILL-OUT001-260317-0017,Delivery/Takeaway,Corporate Order,,,Beverage,Cold Brew,996331,MENU0036,Coffee Lemonade - Regular,235.33,1.0,235.33,,0.0,0,0.0,235.33,11.77,247.1,29.45,29.45,87.49,88.08
ABNAH Cafe Connaught Place,2026-03-17,BILL-OUT001-260317-0018,Delivery/Takeaway,Takeaway,,,Beverage,Cold Brew,996331,MENU0041,Vietnamese Shakerato - Large,305.0,1.0,305.0,Synthetic promotion,10.85,0,10.85,294.15,14.71,308.86,31.73,31.73,89.21,89.73
ABNAH Cafe Connaught Place,2026-03-17,BILL-OUT001-260317-0019,Dine In,Dine In,,,Beverage,Cold Coffee,996331,MENU0042,Classic Cold Coffee - Regular,259.25,1.0,259.25,,0.0,0,0.0,259.25,12.96,272.21,38.56,38.56,85.13,85.83
ABNAH Cafe Connaught Place,2026-03-17,BILL-OUT001-260317-0020,Dine In,Dine In,,,Beverage,Cold Coffee,996331,MENU0043,Classic Cold Coffee - Medium,290.0,2.0,580.0,Synthetic promotion,30.04,0,30.04,549.96,27.5,577.46,43.56,87.12,84.16,84.91
ABNAH Cafe Connaught Place,2026-03-17,BILL-OUT001-260317-0021,Delivery/Takeaway,Corporate Order,,,Beverage,Cold Coffee,996331,MENU0044,Classic Cold Coffee - Large,329.14,2.0,658.28,,0.0,0,0.0,658.29,32.91,691.2,48.58,97.16,85.24,85.94
ABNAH Cafe Connaught Place,2026-03-17,BILL-OUT001-260317-0022,Dine In,Dine In,,,Beverage,Cold Coffee,996331,MENU0046,Mocha Cold Coffee - Medium,320.0,1.0,320.0,Synthetic promotion,15.05,0,15.05,304.95,15.25,320.2,51.03,51.03,83.27,84.06
ABNAH Cafe Connaught Place,2026-03-17,BILL-OUT001-260317-0023,Dine In,Dine In,,,Beverage,Cold Coffee,996331,MENU0047,Mocha Cold Coffee - Large,355.0,1.0,355.0,Synthetic promotion,13.8,0,13.8,341.2,17.06,358.26,57.03,57.03,83.29,84.08
ABNAH Cafe Connaught Place,2026-03-17,BILL-OUT001-260317-0024,Delivery/Takeaway,Corporate Order,,,Beverage,Cold Coffee,996331,MENU0049,Caramel Cold Coffee - Medium,322.93,2.0,645.86,,0.0,0,0.0,645.86,32.29,678.15,50.74,101.48,84.29,85.04
ABNAH Cafe Connaught Place,2026-03-17,BILL-OUT001-260317-0025,Delivery/Takeaway,Takeaway,,,Beverage,Cold Coffee,996331,MENU0050,Caramel Cold Coffee - Large,355.0,2.0,710.0,Synthetic promotion,8.74,0,8.74,701.26,35.06,736.32,56.7,113.4,83.83,84.6
ABNAH Cafe Connaught Place,2026-03-17,BILL-OUT001-260317-0026,Delivery/Takeaway,Takeaway,,,Beverage,Tea,996331,MENU0051,Masala Chai Latte - Regular,195.61,1.0,195.61,,0.0,0,0.0,195.61,9.78,205.39,36.17,36.17,81.51,82.39
ABNAH Cafe Connaught Place,2026-03-17,BILL-OUT001-260317-0027,Dine In,Dine In,,,Beverage,Tea,996331,MENU0052,Masala Chai Latte - Medium,220.0,2.0,440.0,Synthetic promotion,0.74,0,0.74,439.26,21.96,461.22,40.96,81.92,81.35,82.24
ABNAH Cafe Connaught Place,2026-03-17,BILL-OUT001-260317-0028,Dine In,Dine In,,,Beverage,Tea,996331,MENU0053,Masala Chai Latte - Large,249.19,2.0,498.38,,0.0,0,0.0,498.38,24.92,523.3,45.76,91.52,81.64,82.51
ABNAH Cafe Connaught Place,2026-03-17,BILL-OUT001-260317-0029,Delivery/Takeaway,Takeaway,,,Beverage,Tea,996331,MENU0055,Japanese Matcha Latte - Regular,268.05,2.0,536.1,Synthetic promotion,0.01,0,0.01,536.09,26.8,562.89,36.17,72.34,86.51,87.15
ABNAH Cafe Connaught Place,2026-03-17,BILL-OUT001-260317-0030,Dine In,Dine In,,,Beverage,Tea,996331,MENU0056,Japanese Matcha Latte - Medium,295.0,3.0,885.0,Synthetic promotion,1.14,0,1.14,883.86,44.19,928.05,40.96,122.88,86.1,86.76
ABNAH Cafe Connaught Place,2026-03-17,BILL-OUT001-260317-0031,Delivery/Takeaway,Takeaway,,,Beverage,Iced Tea,996331,MENU0060,Lemon Iced Tea - Large,255.0,1.0,255.0,Synthetic promotion,5.38,0,5.38,249.62,12.48,262.1,17.03,17.03,93.18,93.5
ABNAH Cafe Connaught Place,2026-03-17,BILL-OUT001-260317-0032,Dine In,Dine In,,,Beverage,Iced Tea,996331,MENU0061,Hibiscus Lime Iced Tea - Regular,225.0,1.0,225.0,Synthetic promotion,5.11,0,5.11,219.89,10.99,230.88,24.09,24.09,89.04,89.57
ABNAH Cafe Connaught Place,2026-03-17,BILL-OUT001-260317-0033,Delivery/Takeaway,Takeaway,,,Beverage,Kids Beverage,996331,MENU0067,Babyccino - Regular,165.0,1.0,165.0,Synthetic promotion,3.42,0,3.42,161.58,8.08,169.66,14.21,14.21,91.21,91.62
ABNAH Cafe Connaught Place,2026-03-17,BILL-OUT001-260317-0034,Delivery/Takeaway,Takeaway,,,Beverage,Shake,996331,MENU0069,Choco Chip Shake - Medium,330.0,3.0,990.0,Synthetic promotion,25.64,0,25.64,964.36,48.22,1012.58,38.42,115.26,88.05,88.62
ABNAH Cafe Connaught Place,2026-03-17,BILL-OUT001-260317-0035,Delivery/Takeaway,Takeaway,,,Beverage,Shake,996331,MENU0070,Choco Chip Shake - Large,365.0,1.0,365.0,Synthetic promotion,18.46,0,18.46,346.54,17.33,363.87,42.79,42.79,87.65,88.24
ABNAH Cafe Connaught Place,2026-03-17,BILL-OUT001-260317-0036,Delivery/Takeaway,Corporate Order,,,Beverage,Shake,996331,MENU0071,Mixed Berry Shake - Regular,315.0,1.0,315.0,Synthetic promotion,5.04,0,5.04,309.96,15.5,325.46,61.21,61.21,80.25,81.19
ABNAH Cafe Connaught Place,2026-03-17,BILL-OUT001-260317-0037,Delivery/Takeaway,Corporate Order,,,Beverage,Shake,996331,MENU0073,Mixed Berry Shake - Large,390.77,1.0,390.77,,0.0,0,0.0,390.77,19.54,410.31,78.02,78.02,80.03,80.99
ABNAH Cafe Connaught Place,2026-03-17,BILL-OUT001-260317-0038,Dine In,Dine In,,,Beverage,Smoothie,996331,MENU0074,Seasonal Smoothie - Regular,305.77,1.0,305.77,,0.0,0,0.0,305.77,15.29,321.06,33.37,33.37,89.09,89.61
ABNAH Cafe Connaught Place,2026-03-17,BILL-OUT001-260317-0039,Dine In,Dine In,,,Beverage,Smoothie,996331,MENU0075,Seasonal Smoothie - Medium,340.0,1.0,340.0,Synthetic promotion,4.98,0,4.98,335.02,16.75,351.77,37.59,37.59,88.78,89.31
ABNAH Cafe Connaught Place,2026-03-17,BILL-OUT001-260317-0040,Delivery/Takeaway,Takeaway,Guest 1490,9000001490,Food,Wraps,996331,MENU0077,Spicy Paneer Wrap,275.0,1.0,275.0,Synthetic promotion,7.38,0,7.38,267.62,13.38,281.0,73.36,73.36,72.59,73.89
ABNAH Cafe Connaught Place,2026-03-17,BILL-OUT001-260317-0041,Delivery/Takeaway,Takeaway,,,Food,Wraps,996331,MENU0078,Shredded Chicken Wrap,295.23,1.0,295.23,,0.0,0,0.0,295.23,14.76,309.99,70.05,70.05,76.27,77.4
ABNAH Cafe Connaught Place,2026-03-17,BILL-OUT001-260317-0042,Delivery/Takeaway,Corporate Order,Guest 7588,9000007588,Food,Sandwiches,996331,MENU0079,Smoked Chipotle Paneer Sandwich,297.22,1.0,297.22,,0.0,0,0.0,297.22,14.86,312.08,90.66,90.66,69.5,70.95
ABNAH Cafe Connaught Place,2026-03-17,BILL-OUT001-260317-0043,Dine In,Dine In,Guest 3497,9000003497,Food,Sandwiches,996331,MENU0080,Pesto Veg Sandwich,280.0,1.0,280.0,Synthetic promotion,16.35,0,16.35,263.65,13.18,276.83,91.86,91.86,65.16,66.82
ABNAH Cafe Connaught Place,2026-03-17,BILL-OUT001-260317-0044,Delivery/Takeaway,Corporate Order,,,Food,Sandwiches,996331,MENU0082,Tandoori Chicken Sandwich,320.0,1.0,320.0,Synthetic promotion,15.48,0,15.48,304.52,15.23,319.75,87.66,87.66,71.21,72.58
ABNAH Cafe Connaught Place,2026-03-17,BILL-OUT001-260317-0045,Delivery/Takeaway,Takeaway,Guest 5289,9000005289,Food,Toasts,996331,MENU0083,Chilli Cheese Garlic Toast,235.0,1.0,235.0,Synthetic promotion,4.96,0,4.96,230.04,11.5,241.54,42.14,42.14,81.68,82.55
ABNAH Cafe Connaught Place,2026-03-17,BILL-OUT001-260317-0046,Dine In,Dine In,,,Food,Breakfast,996331,MENU0086,Breakfast Pancakes,290.09,1.0,290.09,,0.0,0,0.0,290.09,14.5,304.59,66.89,66.89,76.94,78.04
ABNAH Cafe Connaught Place,2026-03-17,BILL-OUT001-260317-0047,Dine In,Dine In,,,Food,Breakfast,996331,MENU0088,Scallion Pepper Cream Cheese Bagel,265.0,1.0,265.0,Synthetic promotion,11.62,0,11.62,253.38,12.67,266.05,54.49,54.49,78.49,79.52
ABNAH Cafe Connaught Place,2026-03-17,BILL-OUT001-260317-0048,Dine In,Dine In,,,Food,Breakfast,996331,MENU0089,Masala Egg Bun,225.0,1.0,225.0,Synthetic promotion,4.71,0,4.71,220.29,11.01,231.3,42.74,42.74,80.6,81.52
ABNAH Cafe Connaught Place,2026-03-17,BILL-OUT001-260317-0049,Delivery/Takeaway,Corporate Order,Guest 2383,9000002383,Food,Snacks,996331,MENU0090,Marinara Cheese Pin Wheels,217.32,2.0,434.64,,0.0,0,0.0,434.64,21.73,456.37,38.29,76.58,82.38,83.22
ABNAH Cafe Connaught Place,2026-03-17,BILL-OUT001-260317-0050,Delivery/Takeaway,Corporate Order,,,Food,Snacks,996331,MENU0092,Turnover with Brioche Dough Chicken,255.0,1.0,255.0,Synthetic promotion,15.12,0,15.12,239.88,11.99,251.87,87.54,87.54,63.51,65.24
ABNAH Cafe Connaught Place,2026-03-17,BILL-OUT001-260317-0051,Delivery/Takeaway,Corporate Order,,,Food,Baked Goods,996331,MENU0095,Almond Croissant,245.0,2.0,490.0,Synthetic promotion,24.13,0,24.13,465.87,23.29,489.16,58.04,116.08,75.08,76.27
ABNAH Cafe Connaught Place,2026-03-17,BILL-OUT001-260317-0052,Dine In,Dine In,,,Food,Baked Goods,996331,MENU0096,Chocolate Croissant,235.93,1.0,235.93,,0.0,0,0.0,235.93,11.8,247.73,64.54,64.54,72.64,73.95
ABNAH Cafe Connaught Place,2026-03-17,BILL-OUT001-260317-0053,Delivery/Takeaway,Corporate Order,,,Food,Baked Goods,996331,MENU0097,Mushroom Cheese Croissant,255.0,3.0,765.0,Synthetic promotion,12.08,0,12.08,752.92,37.65,790.57,74.84,224.52,70.18,71.6
ABNAH Cafe Connaught Place,2026-03-17,BILL-OUT001-260317-0054,Dine In,Dine In,Guest 5536,9000005536,Food,Baked Goods,996331,MENU0098,Sriracha Chicken Croissant,275.0,2.0,550.0,Synthetic promotion,0.87,0,0.87,549.13,27.46,576.59,81.14,162.28,70.45,71.86
ABNAH Cafe Connaught Place,2026-03-17,BILL-OUT001-260317-0055,Delivery/Takeaway,Takeaway,Guest 0804,9000000804,Dessert,Desserts,996331,MENU0102,Double Chocolate Truffle Cake,295.0,1.0,295.0,Synthetic promotion,6.69,0,6.69,288.31,14.42,302.73,63.07,63.07,78.12,79.17
ABNAH Cafe Connaught Place,2026-03-17,BILL-OUT001-260317-0056,Delivery/Takeaway,Takeaway,,,Dessert,Desserts,996331,MENU0107,Jaggery Parmesan Cookie,170.53,2.0,341.06,,0.0,0,0.0,341.07,17.05,358.12,41.02,82.04,75.95,77.09
ABNAH Cafe Connaught Place,2026-03-17,BILL-OUT001-260317-0057,Dine In,Dine In,,,Dessert,Desserts,996331,MENU0108,Apple Pie,270.0,1.0,270.0,Synthetic promotion,14.32,0,14.32,255.68,12.78,268.46,56.57,56.57,77.87,78.93
ABNAH Cafe Connaught Place,2026-03-17,BILL-OUT001-260317-0058,Dine In,Dine In,,,Dessert,Desserts,996331,MENU0109,Basque Cheesecake,310.0,2.0,620.0,Synthetic promotion,27.25,0,27.25,592.75,29.64,622.39,82.57,165.14,72.14,73.47
ABNAH Cafe Connaught Place,2026-03-18,BILL-OUT001-260318-0001,Dine In,Dine In,,,Beverage,Coffee Classics,996331,MENU0003,Americano - Regular,185.0,5.0,925.0,Synthetic promotion,35.25,0,35.25,889.75,44.49,934.24,23.21,116.05,86.96,87.58
ABNAH Cafe Connaught Place,2026-03-18,BILL-OUT001-260318-0002,Dine In,Dine In,,,Beverage,Coffee Classics,996331,MENU0004,Americano - Medium,211.96,1.0,211.96,,0.0,0,0.0,211.96,10.6,222.56,26.05,26.05,87.71,88.3
ABNAH Cafe Connaught Place,2026-03-18,BILL-OUT001-260318-0003,Delivery/Takeaway,Takeaway,Guest 3819,9000003819,Beverage,Coffee Classics,996331,MENU0005,Americano - Large,235.0,3.0,705.0,Synthetic promotion,6.4,0,6.4,698.6,34.93,733.53,28.91,86.73,87.59,88.18
ABNAH Cafe Connaught Place,2026-03-18,BILL-OUT001-260318-0004,Delivery/Takeaway,Corporate Order,,,Beverage,Coffee Classics,996331,MENU0006,Latte - Regular,229.5,2.0,459.0,Synthetic promotion,0.01,0,0.01,458.99,22.95,481.94,36.17,72.34,84.24,84.99
ABNAH Cafe Connaught Place,2026-03-18,BILL-OUT001-260318-0005,Delivery/Takeaway,Corporate Order,Guest 2745,9000002745,Beverage,Coffee Classics,996331,MENU0007,Latte - Medium,250.0,3.0,750.0,Synthetic promotion,14.98,0,14.98,735.02,36.75,771.77,40.96,122.88,83.28,84.08
ABNAH Cafe Connaught Place,2026-03-18,BILL-OUT001-260318-0006,Delivery/Takeaway,Corporate Order,,,Beverage,Coffee Classics,996331,MENU0008,Latte - Large,275.0,2.0,550.0,Synthetic promotion,4.08,0,4.08,545.92,27.3,573.22,45.76,91.52,83.24,84.03
ABNAH Cafe Connaught Place,2026-03-18,BILL-OUT001-260318-0007,Delivery/Takeaway,Corporate Order,,,Beverage,Coffee Classics,996331,MENU0009,Cappuccino - Regular,225.0,4.0,900.0,Synthetic promotion,31.21,0,31.21,868.79,43.44,912.23,36.17,144.68,83.35,84.14
ABNAH Cafe Connaught Place,2026-03-18,BILL-OUT001-260318-0008,Dine In,Dine In,,,Beverage,Coffee Classics,996331,MENU0010,Cappuccino - Medium,250.0,5.0,1250.0,Synthetic promotion,32.31,0,32.31,1217.69,60.88,1278.57,40.96,204.8,83.18,83.98
ABNAH Cafe Connaught Place,2026-03-18,BILL-OUT001-260318-0009,Delivery/Takeaway,Takeaway,,,Beverage,Coffee Classics,996331,MENU0011,Cappuccino - Large,275.0,4.0,1100.0,Synthetic promotion,14.85,0,14.85,1085.15,54.26,1139.41,45.76,183.04,83.13,83.94
ABNAH Cafe Connaught Place,2026-03-18,BILL-OUT001-260318-0010,Delivery/Takeaway,Corporate Order,,,Beverage,Coffee Classics,996331,MENU0012,Flat White - Regular,239.34,1.0,239.34,,0.0,0,0.0,239.34,11.97,251.31,36.17,36.17,84.89,85.61
ABNAH Cafe Connaught Place,2026-03-18,BILL-OUT001-260318-0011,Dine In,Dine In,Guest 3149,9000003149,Beverage,Coffee Classics,996331,MENU0013,Flat White - Medium,260.0,3.0,780.0,Synthetic promotion,36.47,0,36.47,743.53,37.18,780.71,40.96,122.88,83.47,84.26
ABNAH Cafe Connaught Place,2026-03-18,BILL-OUT001-260318-0012,Delivery/Takeaway,Corporate Order,,,Beverage,Coffee Classics,996331,MENU0014,Flat White - Large,290.15,2.0,580.3,,0.0,0,0.0,580.3,29.02,609.32,45.76,91.52,84.23,84.98
ABNAH Cafe Connaught Place,2026-03-18,BILL-OUT001-260318-0013,Delivery/Takeaway,Corporate Order,,,Beverage,Coffee Classics,996331,MENU0015,Mocha - Regular,245.0,2.0,490.0,Synthetic promotion,2.1,0,2.1,487.9,24.39,512.29,42.67,85.34,82.51,83.34
ABNAH Cafe Connaught Place,2026-03-18,BILL-OUT001-260318-0014,Delivery/Takeaway,Takeaway,,,Beverage,Coffee Classics,996331,MENU0016,Mocha - Medium,270.0,4.0,1080.0,Synthetic promotion,60.87,0,60.87,1019.13,50.96,1070.09,48.42,193.68,81.0,81.9
ABNAH Cafe Connaught Place,2026-03-18,BILL-OUT001-260318-0015,Delivery/Takeaway,Corporate Order,,,Beverage,Coffee Classics,996331,MENU0017,Mocha - Large,300.86,2.0,601.72,Synthetic promotion,0.01,0,0.01,601.71,30.09,631.8,54.21,108.42,81.98,82.84
ABNAH Cafe Connaught Place,2026-03-18,BILL-OUT001-260318-0016,Delivery/Takeaway,Takeaway,,,Beverage,Signature Coffee,996331,MENU0018,Sea Salt Mocha - Regular,275.0,3.0,825.0,Synthetic promotion,6.93,0,6.93,818.07,40.9,858.97,42.67,128.01,84.35,85.1
ABNAH Cafe Connaught Place,2026-03-18,BILL-OUT001-260318-0017,Delivery/Takeaway,Corporate Order,,,Beverage,Signature Coffee,996331,MENU0021,Orange Zest Mocha - Regular,273.56,1.0,273.56,,0.0,0,0.0,273.56,13.68,287.24,42.67,42.67,84.4,85.14
ABNAH Cafe Connaught Place,2026-03-18,BILL-OUT001-260318-0018,Delivery/Takeaway,Takeaway,,,Beverage,Signature Coffee,996331,MENU0025,Caramel Macchiato - Medium,297.88,1.0,297.88,,0.0,0,0.0,297.88,14.89,312.77,48.13,48.13,83.84,84.61
ABNAH Cafe Connaught Place,2026-03-18,BILL-OUT001-260318-0019,Delivery/Takeaway,Takeaway,,,Beverage,Signature Coffee,996331,MENU0027,French Vanilla Latte - Regular,269.01,1.0,269.01,,0.0,0,0.0,269.01,13.45,282.46,42.17,42.17,84.32,85.07
ABNAH Cafe Connaught Place,2026-03-18,BILL-OUT001-260318-0020,Delivery/Takeaway,Takeaway,,,Beverage,Signature Coffee,996331,MENU0028,French Vanilla Latte - Medium,295.0,1.0,295.0,Synthetic promotion,9.18,0,9.18,285.82,14.29,300.11,47.85,47.85,83.26,84.06
ABNAH Cafe Connaught Place,2026-03-18,BILL-OUT001-260318-0021,Delivery/Takeaway,Takeaway,,,Beverage,Signature Coffee,996331,MENU0029,French Vanilla Latte - Large,325.0,3.0,975.0,Synthetic promotion,19.01,0,19.01,955.99,47.8,1003.79,53.56,160.68,83.19,83.99
ABNAH Cafe Connaught Place,2026-03-18,BILL-OUT001-260318-0022,Dine In,Dine In,,,Beverage,Signature Coffee,996331,MENU0030,Vegan Iced Latte - Regular,285.0,1.0,285.0,Synthetic promotion,0.93,0,0.93,284.07,14.2,298.27,58.9,58.9,79.27,80.25
ABNAH Cafe Connaught Place,2026-03-18,BILL-OUT001-260318-0023,Delivery/Takeaway,Takeaway,,,Beverage,Signature Coffee,996331,MENU0031,Vegan Iced Latte - Medium,310.0,2.0,620.0,Synthetic promotion,27.72,0,27.72,592.28,29.61,621.89,66.95,133.9,77.39,78.47
ABNAH Cafe Connaught Place,2026-03-18,BILL-OUT001-260318-0024,Dine In,Dine In,,,Beverage,Cold Brew,996331,MENU0033,Classic Cold Brew - Regular,225.0,2.0,450.0,Synthetic promotion,25.4,0,25.4,424.6,21.23,445.83,25.6,51.2,87.94,88.52
ABNAH Cafe Connaught Place,2026-03-18,BILL-OUT001-260318-0025,Dine In,Dine In,,,Beverage,Cold Brew,996331,MENU0041,Vietnamese Shakerato - Large,305.0,1.0,305.0,Synthetic promotion,14.09,0,14.09,290.91,14.55,305.46,31.73,31.73,89.09,89.61
ABNAH Cafe Connaught Place,2026-03-18,BILL-OUT001-260318-0026,Delivery/Takeaway,Corporate Order,,,Beverage,Cold Coffee,996331,MENU0042,Classic Cold Coffee - Regular,255.0,1.0,255.0,Synthetic promotion,11.94,0,11.94,243.06,12.15,255.21,38.56,38.56,84.14,84.89
ABNAH Cafe Connaught Place,2026-03-18,BILL-OUT001-260318-0027,Delivery/Takeaway,Takeaway,,,Beverage,Cold Coffee,996331,MENU0043,Classic Cold Coffee - Medium,290.0,1.0,290.0,Synthetic promotion,1.75,0,1.75,288.25,14.41,302.66,43.56,43.56,84.89,85.61
ABNAH Cafe Connaught Place,2026-03-18,BILL-OUT001-260318-0028,Dine In,Dine In,Guest 5832,9000005832,Beverage,Cold Coffee,996331,MENU0046,Mocha Cold Coffee - Medium,320.0,3.0,960.0,Synthetic promotion,56.47,0,56.47,903.53,45.18,948.71,51.03,153.09,83.06,83.86
ABNAH Cafe Connaught Place,2026-03-18,BILL-OUT001-260318-0029,Delivery/Takeaway,Corporate Order,,,Beverage,Cold Coffee,996331,MENU0047,Mocha Cold Coffee - Large,357.99,1.0,357.99,,0.0,0,0.0,357.99,17.9,375.89,57.03,57.03,84.07,84.83
ABNAH Cafe Connaught Place,2026-03-18,BILL-OUT001-260318-0030,Dine In,Dine In,Guest 1138,9000001138,Beverage,Cold Coffee,996331,MENU0049,Caramel Cold Coffee - Medium,320.93,1.0,320.93,,0.0,0,0.0,320.93,16.05,336.98,50.74,50.74,84.19,84.94
ABNAH Cafe Connaught Place,2026-03-18,BILL-OUT001-260318-0031,Dine In,Dine In,,,Beverage,Tea,996331,MENU0052,Masala Chai Latte - Medium,220.49,1.0,220.49,,0.0,0,0.0,220.49,11.02,231.51,40.96,40.96,81.42,82.31
ABNAH Cafe Connaught Place,2026-03-18,BILL-OUT001-260318-0032,Delivery/Takeaway,Corporate Order,,,Beverage,Tea,996331,MENU0053,Masala Chai Latte - Large,245.0,2.0,490.0,Synthetic promotion,0.26,0,0.26,489.74,24.49,514.23,45.76,91.52,81.31,82.2
ABNAH Cafe Connaught Place,2026-03-18,BILL-OUT001-260318-0033,Dine In,Dine In,,,Beverage,Tea,996331,MENU0054,Himalayan Green Tea,210.0,1.0,210.0,Synthetic promotion,7.33,0,7.33,202.67,10.13,212.8,8.67,8.67,95.72,95.93
ABNAH Cafe Connaught Place,2026-03-18,BILL-OUT001-260318-0034,Delivery/Takeaway,Corporate Order,,,Beverage,Tea,996331,MENU0056,Japanese Matcha Latte - Medium,295.0,3.0,885.0,Synthetic promotion,44.67,0,44.67,840.33,42.02,882.35,40.96,122.88,85.38,86.07
ABNAH Cafe Connaught Place,2026-03-18,BILL-OUT001-260318-0035,Delivery/Takeaway,Corporate Order,,,Beverage,Iced Tea,996331,MENU0063,Hibiscus Lime Iced Tea - Large,279.69,2.0,559.38,,0.0,0,0.0,559.38,27.97,587.35,29.77,59.54,89.36,89.86
ABNAH Cafe Connaught Place,2026-03-18,BILL-OUT001-260318-0036,Dine In,Dine In,,,Beverage,Kids Beverage,996331,MENU0064,Hot Chocolate - Regular,220.0,1.0,220.0,Synthetic promotion,12.61,0,12.61,207.39,10.37,217.76,35.57,35.57,82.85,83.67
ABNAH Cafe Connaught Place,2026-03-18,BILL-OUT001-260318-0037,Delivery/Takeaway,Takeaway,Guest 2662,9000002662,Beverage,Kids Beverage,996331,MENU0067,Babyccino - Regular,165.0,1.0,165.0,Synthetic promotion,3.99,0,3.99,161.01,8.05,169.06,14.21,14.21,91.17,91.59
ABNAH Cafe Connaught Place,2026-03-18,BILL-OUT001-260318-0038,Delivery/Takeaway,Takeaway,,,Beverage,Shake,996331,MENU0069,Choco Chip Shake - Medium,331.56,1.0,331.56,,0.0,0,0.0,331.56,16.58,348.14,38.42,38.42,88.41,88.96
ABNAH Cafe Connaught Place,2026-03-18,BILL-OUT001-260318-0039,Dine In,Dine In,,,Food,Wraps,996331,MENU0078,Shredded Chicken Wrap,295.0,1.0,295.0,Synthetic promotion,0.82,0,0.82,294.18,14.71,308.89,70.05,70.05,76.19,77.32
ABNAH Cafe Connaught Place,2026-03-18,BILL-OUT001-260318-0040,Delivery/Takeaway,Takeaway,,,Food,Sandwiches,996331,MENU0079,Smoked Chipotle Paneer Sandwich,295.0,2.0,590.0,Synthetic promotion,24.36,0,24.36,565.64,28.28,593.92,90.66,181.32,67.94,69.47
ABNAH Cafe Connaught Place,2026-03-18,BILL-OUT001-260318-0041,Dine In,Dine In,Guest 6503,9000006503,Food,Sandwiches,996331,MENU0080,Pesto Veg Sandwich,280.0,4.0,1120.0,Synthetic promotion,64.28,0,64.28,1055.72,52.79,1108.51,91.86,367.44,65.2,66.85
ABNAH Cafe Connaught Place,2026-03-18,BILL-OUT001-260318-0042,Delivery/Takeaway,Corporate Order,,,Food,Sandwiches,996331,MENU0081,Pepper Chicken Sandwich,315.0,2.0,630.0,Synthetic promotion,28.78,0,28.78,601.22,30.06,631.28,87.66,175.32,70.84,72.23
ABNAH Cafe Connaught Place,2026-03-18,BILL-OUT001-260318-0043,Delivery/Takeaway,Corporate Order,,,Food,Sandwiches,996331,MENU0082,Tandoori Chicken Sandwich,320.0,3.0,960.0,Synthetic promotion,49.44,0,49.44,910.56,45.53,956.09,87.66,262.98,71.12,72.49
ABNAH Cafe Connaught Place,2026-03-18,BILL-OUT001-260318-0044,Delivery/Takeaway,Takeaway,Guest 8534,9000008534,Food,Toasts,996331,MENU0083,Chilli Cheese Garlic Toast,235.0,1.0,235.0,Synthetic promotion,13.77,0,13.77,221.23,11.06,232.29,42.14,42.14,80.95,81.86
ABNAH Cafe Connaught Place,2026-03-18,BILL-OUT001-260318-0045,Delivery/Takeaway,Corporate Order,Guest 3721,9000003721,Food,Toasts,996331,MENU0084,Chicken Pepperoni Avocado Toast,330.0,1.0,330.0,Synthetic promotion,19.74,0,19.74,310.26,15.51,325.77,68.54,68.54,77.91,78.96
ABNAH Cafe Connaught Place,2026-03-18,BILL-OUT001-260318-0046,Delivery/Takeaway,Takeaway,,,Food,Snacks,996331,MENU0091,Pesto Sundried Tomato Pin Wheel,225.0,1.0,225.0,Synthetic promotion,9.16,0,9.16,215.84,10.79,226.63,42.04,42.04,80.52,81.45
ABNAH Cafe Connaught Place,2026-03-18,BILL-OUT001-260318-0047,Delivery/Takeaway,Takeaway,,,Food,Snacks,996331,MENU0093,Turnover with Brioche Dough Veg,236.2,1.0,236.2,,0.0,0,0.0,236.2,11.81,248.01,89.94,89.94,61.92,63.74
ABNAH Cafe Connaught Place,2026-03-18,BILL-OUT001-260318-0048,Dine In,Dine In,,,Food,Baked Goods,996331,MENU0094,Butter Croissant,195.0,1.0,195.0,Synthetic promotion,9.99,0,9.99,185.01,9.25,194.26,58.04,58.04,68.63,70.12
ABNAH Cafe Connaught Place,2026-03-18,BILL-OUT001-260318-0049,Delivery/Takeaway,Takeaway,,,Food,Baked Goods,996331,MENU0097,Mushroom Cheese Croissant,255.0,2.0,510.0,Synthetic promotion,24.57,0,24.57,485.43,24.27,509.7,74.84,149.68,69.17,70.63
ABNAH Cafe Connaught Place,2026-03-18,BILL-OUT001-260318-0050,Delivery/Takeaway,Corporate Order,,,Food,Baked Goods,996331,MENU0098,Sriracha Chicken Croissant,275.0,1.0,275.0,Synthetic promotion,0.9,0,0.9,274.1,13.71,287.81,81.14,81.14,70.4,71.81
ABNAH Cafe Connaught Place,2026-03-18,BILL-OUT001-260318-0051,Delivery/Takeaway,Corporate Order,,,Dessert,Baked Goods,996331,MENU0099,Cinnamon Roll with Cream Cheese,220.0,1.0,220.0,Synthetic promotion,2.1,0,2.1,217.9,10.89,228.79,52.57,52.57,75.87,77.02
ABNAH Cafe Connaught Place,2026-03-18,BILL-OUT001-260318-0052,Delivery/Takeaway,Takeaway,,,Dessert,Baked Goods,996331,MENU0100,Banana Walnut Tea Cake,205.55,1.0,205.55,,0.0,0,0.0,205.55,10.28,215.83,61.61,61.61,70.03,71.45
ABNAH Cafe Connaught Place,2026-03-18,BILL-OUT001-260318-0053,Delivery/Takeaway,Takeaway,,,Dessert,Desserts,996331,MENU0104,Classic Chocolate Fudge Brownie,195.45,1.0,195.45,,0.0,0,0.0,195.45,9.77,205.22,51.02,51.02,73.9,75.14
ABNAH Cafe Connaught Place,2026-03-18,BILL-OUT001-260318-0054,Delivery/Takeaway,Takeaway,,,Dessert,Desserts,996331,MENU0105,Soft-Centred Caramel Cookie,180.0,2.0,360.0,Synthetic promotion,7.11,0,7.11,352.89,17.64,370.53,46.02,92.04,73.92,75.16
ABNAH Cafe Connaught Place,2026-03-18,BILL-OUT001-260318-0055,Delivery/Takeaway,Takeaway,,,Dessert,Desserts,996331,MENU0107,Jaggery Parmesan Cookie,170.0,1.0,170.0,Synthetic promotion,0.17,0,0.17,169.83,8.49,178.32,41.02,41.02,75.85,77.0
ABNAH Cafe Connaught Place,2026-03-18,BILL-OUT001-260318-0056,Delivery/Takeaway,Corporate Order,,,Dessert,Desserts,996331,MENU0108,Apple Pie,270.0,1.0,270.0,Synthetic promotion,14.79,0,14.79,255.21,12.76,267.97,56.57,56.57,77.83,78.89
ABNAH Cafe Connaught Place,2026-03-18,BILL-OUT001-260318-0057,Dine In,Dine In,,,Dessert,Desserts,996331,MENU0109,Basque Cheesecake,310.0,2.0,620.0,Synthetic promotion,6.33,0,6.33,613.67,30.68,644.35,82.57,165.14,73.09,74.37
ABNAH Cafe Connaught Place,2026-03-19,BILL-OUT001-260319-0001,Dine In,Dine In,,,Beverage,Espresso,996331,MENU0002,Espresso Shot - Doppio,185.0,2.0,370.0,Synthetic promotion,8.84,0,8.84,361.16,18.06,379.22,21.27,42.54,88.22,88.78
ABNAH Cafe Connaught Place,2026-03-19,BILL-OUT001-260319-0002,Dine In,Dine In,Guest 3591,9000003591,Beverage,Coffee Classics,996331,MENU0003,Americano - Regular,185.0,4.0,740.0,Synthetic promotion,42.78,0,42.78,697.22,34.86,732.08,23.21,92.84,86.68,87.32
ABNAH Cafe Connaught Place,2026-03-19,BILL-OUT001-260319-0003,Delivery/Takeaway,Takeaway,,,Beverage,Coffee Classics,996331,MENU0004,Americano - Medium,210.0,3.0,630.0,Synthetic promotion,34.51,0,34.51,595.49,29.77,625.26,26.05,78.15,86.88,87.5
ABNAH Cafe Connaught Place,2026-03-19,BILL-OUT001-260319-0004,Dine In,Dine In,,,Beverage,Coffee Classics,996331,MENU0005,Americano - Large,235.74,3.0,707.22,,0.0,0,0.0,707.22,35.36,742.58,28.91,86.73,87.74,88.32
ABNAH Cafe Connaught Place,2026-03-19,BILL-OUT001-260319-0005,Delivery/Takeaway,Takeaway,Guest 6885,9000006885,Beverage,Coffee Classics,996331,MENU0006,Latte - Regular,225.0,4.0,900.0,Synthetic promotion,2.8,0,2.8,897.2,44.86,942.06,36.17,144.68,83.87,84.64
ABNAH Cafe Connaught Place,2026-03-19,BILL-OUT001-260319-0006,Delivery/Takeaway,Takeaway,,,Beverage,Coffee Classics,996331,MENU0007,Latte - Medium,250.0,5.0,1250.0,Synthetic promotion,27.47,0,27.47,1222.53,61.13,1283.66,40.96,204.8,83.25,84.05
ABNAH Cafe Connaught Place,2026-03-19,BILL-OUT001-260319-0007,Delivery/Takeaway,Takeaway,,,Beverage,Coffee Classics,996331,MENU0008,Latte - Large,275.0,2.0,550.0,Synthetic promotion,21.95,0,21.95,528.05,26.4,554.45,45.76,91.52,82.67,83.49
ABNAH Cafe Connaught Place,2026-03-19,BILL-OUT001-260319-0008,Dine In,Dine In,,,Beverage,Coffee Classics,996331,MENU0009,Cappuccino - Regular,225.0,1.0,225.0,Synthetic promotion,0.66,0,0.66,224.34,11.22,235.56,36.17,36.17,83.88,84.65
ABNAH Cafe Connaught Place,2026-03-19,BILL-OUT001-260319-0009,Dine In,Dine In,,,Beverage,Coffee Classics,996331,MENU0010,Cappuccino - Medium,250.0,4.0,1000.0,Synthetic promotion,14.7,0,14.7,985.3,49.27,1034.57,40.96,163.84,83.37,84.16
ABNAH Cafe Connaught Place,2026-03-19,BILL-OUT001-260319-0010,Delivery/Takeaway,Takeaway,,,Beverage,Coffee Classics,996331,MENU0011,Cappuccino - Large,275.0,2.0,550.0,Synthetic promotion,14.95,0,14.95,535.05,26.75,561.8,45.76,91.52,82.9,83.71
ABNAH Cafe Connaught Place,2026-03-19,BILL-OUT001-260319-0011,Delivery/Takeaway,Corporate Order,,,Beverage,Coffee Classics,996331,MENU0012,Flat White - Regular,235.05,3.0,705.15,Synthetic promotion,0.01,0,0.01,705.14,35.26,740.4,36.17,108.51,84.61,85.34
ABNAH Cafe Connaught Place,2026-03-19,BILL-OUT001-260319-0012,Dine In,Dine In,Guest 7862,9000007862,Beverage,Coffee Classics,996331,MENU0013,Flat White - Medium,260.0,2.0,520.0,Synthetic promotion,22.9,0,22.9,497.1,24.86,521.96,40.96,81.92,83.52,84.31
ABNAH Cafe Connaught Place,2026-03-19,BILL-OUT001-260319-0013,Delivery/Takeaway,Takeaway,,,Beverage,Coffee Classics,996331,MENU0014,Flat White - Large,285.0,1.0,285.0,Synthetic promotion,17.02,0,17.02,267.98,13.4,281.38,45.76,45.76,82.92,83.74
ABNAH Cafe Connaught Place,2026-03-19,BILL-OUT001-260319-0014,Delivery/Takeaway,Takeaway,,,Beverage,Coffee Classics,996331,MENU0015,Mocha - Regular,246.71,2.0,493.42,Synthetic promotion,0.01,0,0.01,493.41,24.67,518.08,42.67,85.34,82.7,83.53
ABNAH Cafe Connaught Place,2026-03-19,BILL-OUT001-260319-0015,Delivery/Takeaway,Takeaway,,,Beverage,Coffee Classics,996331,MENU0016,Mocha - Medium,272.19,2.0,544.38,,0.0,0,0.0,544.38,27.22,571.6,48.42,96.84,82.21,83.06
ABNAH Cafe Connaught Place,2026-03-19,BILL-OUT001-260319-0016,Delivery/Takeaway,Takeaway,,,Beverage,Signature Coffee,996331,MENU0021,Orange Zest Mocha - Regular,270.0,1.0,270.0,Synthetic promotion,5.45,0,5.45,264.55,13.23,277.78,42.67,42.67,83.87,84.64
ABNAH Cafe Connaught Place,2026-03-19,BILL-OUT001-260319-0017,Dine In,Dine In,,,Beverage,Signature Coffee,996331,MENU0022,Orange Zest Mocha - Medium,300.0,1.0,300.0,Synthetic promotion,10.74,0,10.74,289.26,14.46,303.72,48.42,48.42,83.26,84.06
ABNAH Cafe Connaught Place,2026-03-19,BILL-OUT001-260319-0018,Delivery/Takeaway,Takeaway,Guest 2020,9000002020,Beverage,Signature Coffee,996331,MENU0024,Caramel Macchiato - Regular,265.0,2.0,530.0,Synthetic promotion,0.16,0,0.16,529.84,26.49,556.33,42.42,84.84,83.99,84.75
ABNAH Cafe Connaught Place,2026-03-19,BILL-OUT001-260319-0019,Dine In,Dine In,,,Beverage,Signature Coffee,996331,MENU0025,Caramel Macchiato - Medium,296.34,1.0,296.34,,0.0,0,0.0,296.34,14.82,311.16,48.13,48.13,83.76,84.53
ABNAH Cafe Connaught Place,2026-03-19,BILL-OUT001-260319-0020,Dine In,Dine In,Guest 2395,9000002395,Beverage,Signature Coffee,996331,MENU0026,Caramel Macchiato - Large,325.0,2.0,650.0,Synthetic promotion,11.94,0,11.94,638.06,31.9,669.96,53.88,107.76,83.11,83.92
ABNAH Cafe Connaught Place,2026-03-19,BILL-OUT001-260319-0021,Delivery/Takeaway,Corporate Order,Guest 1849,9000001849,Beverage,Signature Coffee,996331,MENU0027,French Vanilla Latte - Regular,265.0,1.0,265.0,Synthetic promotion,15.89,0,15.89,249.11,12.46,261.57,42.17,42.17,83.07,83.88
ABNAH Cafe Connaught Place,2026-03-19,BILL-OUT001-260319-0022,Delivery/Takeaway,Corporate Order,Guest 2237,9000002237,Beverage,Signature Coffee,996331,MENU0028,French Vanilla Latte - Medium,295.01,2.0,590.02,,0.0,0,0.0,590.03,29.5,619.53,47.85,95.7,83.78,84.55
ABNAH Cafe Connaught Place,2026-03-19,BILL-OUT001-260319-0023,Delivery/Takeaway,Corporate Order,Guest 0377,9000000377,Beverage,Signature Coffee,996331,MENU0030,Vegan Iced Latte - Regular,285.0,2.0,570.0,Synthetic promotion,17.34,0,17.34,552.66,27.63,580.29,58.9,117.8,78.68,79.7
ABNAH Cafe Connaught Place,2026-03-19,BILL-OUT001-260319-0024,Dine In,Dine In,,,Beverage,Signature Coffee,996331,MENU0031,Vegan Iced Latte - Medium,310.0,1.0,310.0,Synthetic promotion,5.25,0,5.25,304.75,15.24,319.99,66.95,66.95,78.03,79.08
ABNAH Cafe Connaught Place,2026-03-19,BILL-OUT001-260319-0025,Delivery/Takeaway,Takeaway,,,Beverage,Cold Brew,996331,MENU0035,Classic Cold Brew - Large,275.13,2.0,550.26,,0.0,0,0.0,550.27,27.51,577.78,31.73,63.46,88.47,89.02
ABNAH Cafe Connaught Place,2026-03-19,BILL-OUT001-260319-0026,Dine In,Dine In,,,Beverage,Cold Brew,996331,MENU0039,Vietnamese Shakerato - Regular,255.0,1.0,255.0,Synthetic promotion,8.81,0,8.81,246.19,12.31,258.5,25.6,25.6,89.6,90.1
ABNAH Cafe Connaught Place,2026-03-19,BILL-OUT001-260319-0027,Delivery/Takeaway,Takeaway,,,Beverage,Cold Coffee,996331,MENU0042,Classic Cold Coffee - Regular,255.0,1.0,255.0,Synthetic promotion,14.39,0,14.39,240.61,12.03,252.64,38.56,38.56,83.97,84.74
ABNAH Cafe Connaught Place,2026-03-19,BILL-OUT001-260319-0028,Delivery/Takeaway,Takeaway,,,Beverage,Cold Coffee,996331,MENU0043,Classic Cold Coffee - Medium,290.58,1.0,290.58,,0.0,0,0.0,290.58,14.53,305.11,43.56,43.56,85.01,85.72
ABNAH Cafe Connaught Place,2026-03-19,BILL-OUT001-260319-0029,Delivery/Takeaway,Corporate Order,,,Beverage,Cold Coffee,996331,MENU0045,Mocha Cold Coffee - Regular,285.0,1.0,285.0,Synthetic promotion,6.59,0,6.59,278.41,13.92,292.33,45.06,45.06,83.82,84.59
ABNAH Cafe Connaught Place,2026-03-19,BILL-OUT001-260319-0030,Delivery/Takeaway,Corporate Order,,,Beverage,Cold Coffee,996331,MENU0046,Mocha Cold Coffee - Medium,320.0,1.0,320.0,Synthetic promotion,0.87,0,0.87,319.13,15.96,335.09,51.03,51.03,84.01,84.77
ABNAH Cafe Connaught Place,2026-03-19,BILL-OUT001-260319-0031,Delivery/Takeaway,Takeaway,,,Beverage,Cold Coffee,996331,MENU0047,Mocha Cold Coffee - Large,355.0,1.0,355.0,Synthetic promotion,12.83,0,12.83,342.17,17.11,359.28,57.03,57.03,83.33,84.13
ABNAH Cafe Connaught Place,2026-03-19,BILL-OUT001-260319-0032,Dine In,Dine In,Guest 6548,9000006548,Beverage,Cold Coffee,996331,MENU0048,Caramel Cold Coffee - Regular,285.19,3.0,855.57,,0.0,0,0.0,855.57,42.78,898.35,44.81,134.43,84.29,85.04
ABNAH Cafe Connaught Place,2026-03-19,BILL-OUT001-260319-0033,Delivery/Takeaway,Takeaway,,,Beverage,Tea,996331,MENU0051,Masala Chai Latte - Regular,195.0,1.0,195.0,Synthetic promotion,7.49,0,7.49,187.51,9.38,196.89,36.17,36.17,80.71,81.63
ABNAH Cafe Connaught Place,2026-03-19,BILL-OUT001-260319-0034,Dine In,Dine In,,,Beverage,Tea,996331,MENU0052,Masala Chai Latte - Medium,220.0,3.0,660.0,Synthetic promotion,26.45,0,26.45,633.55,31.68,665.23,40.96,122.88,80.6,81.53
ABNAH Cafe Connaught Place,2026-03-19,BILL-OUT001-260319-0035,Dine In,Dine In,,,Beverage,Tea,996331,MENU0054,Himalayan Green Tea,210.94,2.0,421.88,Synthetic promotion,0.01,0,0.01,421.87,21.09,442.96,8.67,17.34,95.89,96.09
ABNAH Cafe Connaught Place,2026-03-19,BILL-OUT001-260319-0036,Delivery/Takeaway,Corporate Order,,,Beverage,Tea,996331,MENU0057,Japanese Matcha Latte - Large,325.0,1.0,325.0,Synthetic promotion,11.77,0,11.77,313.23,15.66,328.89,45.76,45.76,85.39,86.09
ABNAH Cafe Connaught Place,2026-03-19,BILL-OUT001-260319-0037,Delivery/Takeaway,Takeaway,,,Beverage,Iced Tea,996331,MENU0058,Lemon Iced Tea - Regular,205.0,2.0,410.0,Synthetic promotion,19.66,0,19.66,390.34,19.52,409.86,14.29,28.58,92.68,93.03
ABNAH Cafe Connaught Place,2026-03-19,BILL-OUT001-260319-0038,Delivery/Takeaway,Takeaway,,,Beverage,Iced Tea,996331,MENU0059,Lemon Iced Tea - Medium,230.0,2.0,460.0,Synthetic promotion,18.07,0,18.07,441.93,22.1,464.03,15.66,31.32,92.91,93.25
ABNAH Cafe Connaught Place,2026-03-19,BILL-OUT001-260319-0039,Delivery/Takeaway,Corporate Order,Guest 5011,9000005011,Beverage,Iced Tea,996331,MENU0060,Lemon Iced Tea - Large,255.0,1.0,255.0,Synthetic promotion,8.93,0,8.93,246.07,12.3,258.37,17.03,17.03,93.08,93.41
ABNAH Cafe Connaught Place,2026-03-19,BILL-OUT001-260319-0040,Delivery/Takeaway,Takeaway,,,Beverage,Iced Tea,996331,MENU0061,Hibiscus Lime Iced Tea - Regular,225.0,3.0,675.0,Synthetic promotion,1.04,0,1.04,673.96,33.7,707.66,24.09,72.27,89.28,89.79
ABNAH Cafe Connaught Place,2026-03-19,BILL-OUT001-260319-0041,Delivery/Takeaway,Corporate Order,,,Beverage,Shake,996331,MENU0070,Choco Chip Shake - Large,365.0,1.0,365.0,Synthetic promotion,12.83,0,12.83,352.17,17.61,369.78,42.79,42.79,87.85,88.43
ABNAH Cafe Connaught Place,2026-03-19,BILL-OUT001-260319-0042,Delivery/Takeaway,Corporate Order,Guest 1860,9000001860,Beverage,Shake,996331,MENU0072,Mixed Berry Shake - Medium,350.0,1.0,350.0,Synthetic promotion,6.35,0,6.35,343.65,17.18,360.83,69.6,69.6,79.75,80.71
ABNAH Cafe Connaught Place,2026-03-19,BILL-OUT001-260319-0043,Delivery/Takeaway,Takeaway,,,Beverage,Smoothie,996331,MENU0074,Seasonal Smoothie - Regular,305.0,1.0,305.0,Synthetic promotion,10.11,0,10.11,294.89,14.74,309.63,33.37,33.37,88.68,89.22
ABNAH Cafe Connaught Place,2026-03-19,BILL-OUT001-260319-0044,Dine In,Dine In,,,Beverage,Smoothie,996331,MENU0076,Seasonal Smoothie - Large,375.0,1.0,375.0,Synthetic promotion,21.24,0,21.24,353.76,17.69,371.45,41.83,41.83,88.18,88.74
ABNAH Cafe Connaught Place,2026-03-19,BILL-OUT001-260319-0045,Delivery/Takeaway,Takeaway,Guest 0782,9000000782,Food,Wraps,996331,MENU0077,Spicy Paneer Wrap,275.0,1.0,275.0,Synthetic promotion,2.81,0,2.81,272.19,13.61,285.8,73.36,73.36,73.05,74.33
ABNAH Cafe Connaught Place,2026-03-19,BILL-OUT001-260319-0046,Delivery/Takeaway,Takeaway,,,Food,Sandwiches,996331,MENU0079,Smoked Chipotle Paneer Sandwich,295.0,4.0,1180.0,Synthetic promotion,13.53,0,13.53,1166.47,58.32,1224.79,90.66,362.64,68.91,70.39
ABNAH Cafe Connaught Place,2026-03-19,BILL-OUT001-260319-0047,Delivery/Takeaway,Takeaway,,,Food,Breakfast,996331,MENU0089,Masala Egg Bun,229.27,1.0,229.27,,0.0,0,0.0,229.27,11.46,240.73,42.74,42.74,81.36,82.25
ABNAH Cafe Connaught Place,2026-03-19,BILL-OUT001-260319-0048,Delivery/Takeaway,Takeaway,,,Food,Snacks,996331,MENU0091,Pesto Sundried Tomato Pin Wheel,225.0,1.0,225.0,Synthetic promotion,5.04,0,5.04,219.96,11.0,230.96,42.04,42.04,80.89,81.8
ABNAH Cafe Connaught Place,2026-03-19,BILL-OUT001-260319-0049,Delivery/Takeaway,Corporate Order,Guest 6573,9000006573,Food,Baked Goods,996331,MENU0094,Butter Croissant,198.69,2.0,397.38,,0.0,0,0.0,397.38,19.87,417.25,58.04,116.08,70.79,72.18
ABNAH Cafe Connaught Place,2026-03-19,BILL-OUT001-260319-0050,Dine In,Dine In,,,Food,Baked Goods,996331,MENU0096,Chocolate Croissant,235.0,1.0,235.0,Synthetic promotion,1.36,0,1.36,233.64,11.68,245.32,64.54,64.54,72.38,73.69
ABNAH Cafe Connaught Place,2026-03-19,BILL-OUT001-260319-0051,Delivery/Takeaway,Takeaway,,,Food,Baked Goods,996331,MENU0097,Mushroom Cheese Croissant,255.0,2.0,510.0,Synthetic promotion,3.84,0,3.84,506.16,25.31,531.47,74.84,149.68,70.43,71.84
ABNAH Cafe Connaught Place,2026-03-19,BILL-OUT001-260319-0052,Delivery/Takeaway,Takeaway,,,Food,Baked Goods,996331,MENU0098,Sriracha Chicken Croissant,280.17,1.0,280.17,,0.0,0,0.0,280.17,14.01,294.18,81.14,81.14,71.04,72.42
ABNAH Cafe Connaught Place,2026-03-19,BILL-OUT001-260319-0053,Delivery/Takeaway,Takeaway,,,Dessert,Baked Goods,996331,MENU0100,Banana Walnut Tea Cake,205.0,3.0,615.0,Synthetic promotion,19.18,0,19.18,595.82,29.79,625.61,61.61,184.83,68.98,70.46
ABNAH Cafe Connaught Place,2026-03-19,BILL-OUT001-260319-0054,Delivery/Takeaway,Takeaway,,,Dessert,Desserts,996331,MENU0103,Banoffee Pie,285.0,1.0,285.0,Synthetic promotion,4.41,0,4.41,280.59,14.03,294.62,56.57,56.57,79.84,80.8
ABNAH Cafe Connaught Place,2026-03-19,BILL-OUT001-260319-0055,Delivery/Takeaway,Takeaway,Guest 0369,9000000369,Dessert,Desserts,996331,MENU0105,Soft-Centred Caramel Cookie,180.0,1.0,180.0,Synthetic promotion,10.36,0,10.36,169.64,8.48,178.12,46.02,46.02,72.87,74.16
ABNAH Cafe Connaught Place,2026-03-19,BILL-OUT001-260319-0056,Dine In,Dine In,,,Dessert,Desserts,996331,MENU0106,Death by Chocolate Cookie,191.88,1.0,191.88,,0.0,0,0.0,191.88,9.59,201.47,47.52,47.52,75.23,76.41
ABNAH Cafe Connaught Place,2026-03-19,BILL-OUT001-260319-0057,Delivery/Takeaway,Takeaway,,,Dessert,Desserts,996331,MENU0108,Apple Pie,270.0,1.0,270.0,Synthetic promotion,11.1,0,11.1,258.9,12.95,271.85,56.57,56.57,78.15,79.19
ABNAH Cafe Connaught Place,2026-03-20,BILL-OUT001-260320-0001,Delivery/Takeaway,Takeaway,,,Beverage,Espresso,996331,MENU0002,Espresso Shot - Doppio,185.0,1.0,185.0,Synthetic promotion,9.79,0,9.79,175.21,8.76,183.97,21.27,21.27,87.86,88.44
ABNAH Cafe Connaught Place,2026-03-20,BILL-OUT001-260320-0002,Delivery/Takeaway,Corporate Order,Guest 0748,9000000748,Beverage,Coffee Classics,996331,MENU0003,Americano - Regular,186.2,3.0,558.6,,0.0,0,0.0,558.6,27.93,586.53,23.21,69.63,87.53,88.13
ABNAH Cafe Connaught Place,2026-03-20,BILL-OUT001-260320-0003,Delivery/Takeaway,Corporate Order,,,Beverage,Coffee Classics,996331,MENU0004,Americano - Medium,210.0,2.0,420.0,Synthetic promotion,6.09,0,6.09,413.91,20.7,434.61,26.05,52.1,87.41,88.01
ABNAH Cafe Connaught Place,2026-03-20,BILL-OUT001-260320-0004,Delivery/Takeaway,Corporate Order,,,Beverage,Coffee Classics,996331,MENU0005,Americano - Large,235.0,2.0,470.0,Synthetic promotion,4.02,0,4.02,465.98,23.3,489.28,28.91,57.82,87.59,88.18
ABNAH Cafe Connaught Place,2026-03-20,BILL-OUT001-260320-0005,Delivery/Takeaway,Corporate Order,,,Beverage,Coffee Classics,996331,MENU0006,Latte - Regular,225.0,3.0,675.0,Synthetic promotion,19.26,0,19.26,655.74,32.79,688.53,36.17,108.51,83.45,84.24
ABNAH Cafe Connaught Place,2026-03-20,BILL-OUT001-260320-0006,Dine In,Dine In,Guest 2665,9000002665,Beverage,Coffee Classics,996331,MENU0007,Latte - Medium,250.0,4.0,1000.0,Synthetic promotion,5.34,0,5.34,994.66,49.73,1044.39,40.96,163.84,83.53,84.31
ABNAH Cafe Connaught Place,2026-03-20,BILL-OUT001-260320-0007,Delivery/Takeaway,Corporate Order,,,Beverage,Coffee Classics,996331,MENU0009,Cappuccino - Regular,228.15,2.0,456.3,,0.0,0,0.0,456.3,22.82,479.12,36.17,72.34,84.15,84.9
ABNAH Cafe Connaught Place,2026-03-20,BILL-OUT001-260320-0008,Delivery/Takeaway,Corporate Order,Guest 3101,9000003101,Beverage,Coffee Classics,996331,MENU0010,Cappuccino - Medium,250.0,1.0,250.0,Synthetic promotion,11.96,0,11.96,238.04,11.9,249.94,40.96,40.96,82.79,83.61
ABNAH Cafe Connaught Place,2026-03-20,BILL-OUT001-260320-0009,Delivery/Takeaway,Takeaway,,,Beverage,Coffee Classics,996331,MENU0011,Cappuccino - Large,275.0,1.0,275.0,Synthetic promotion,13.6,0,13.6,261.4,13.07,274.47,45.76,45.76,82.49,83.33
ABNAH Cafe Connaught Place,2026-03-20,BILL-OUT001-260320-0010,Dine In,Dine In,Guest 1351,9000001351,Beverage,Coffee Classics,996331,MENU0012,Flat White - Regular,236.42,3.0,709.26,,0.0,0,0.0,709.27,35.46,744.73,36.17,108.51,84.7,85.43
ABNAH Cafe Connaught Place,2026-03-20,BILL-OUT001-260320-0011,Dine In,Dine In,,,Beverage,Coffee Classics,996331,MENU0013,Flat White - Medium,260.0,1.0,260.0,Synthetic promotion,10.73,0,10.73,249.27,12.46,261.73,40.96,40.96,83.57,84.35
ABNAH Cafe Connaught Place,2026-03-20,BILL-OUT001-260320-0012,Delivery/Takeaway,Takeaway,,,Beverage,Coffee Classics,996331,MENU0014,Flat White - Large,285.0,2.0,570.0,Synthetic promotion,1.91,0,1.91,568.09,28.4,596.49,45.76,91.52,83.89,84.66
ABNAH Cafe Connaught Place,2026-03-20,BILL-OUT001-260320-0013,Delivery/Takeaway,Corporate Order,Guest 5624,9000005624,Beverage,Coffee Classics,996331,MENU0016,Mocha - Medium,270.0,4.0,1080.0,Synthetic promotion,22.05,0,22.05,1057.95,52.9,1110.85,48.42,193.68,81.69,82.56
ABNAH Cafe Connaught Place,2026-03-20,BILL-OUT001-260320-0014,Dine In,Dine In,,,Beverage,Coffee Classics,996331,MENU0017,Mocha - Large,295.0,2.0,590.0,Synthetic promotion,22.74,0,22.74,567.26,28.36,595.62,54.21,108.42,80.89,81.8
ABNAH Cafe Connaught Place,2026-03-20,BILL-OUT001-260320-0015,Delivery/Takeaway,Takeaway,,,Beverage,Signature Coffee,996331,MENU0021,Orange Zest Mocha - Regular,270.52,1.0,270.52,,0.0,0,0.0,270.52,13.53,284.05,42.67,42.67,84.23,84.98
ABNAH Cafe Connaught Place,2026-03-20,BILL-OUT001-260320-0016,Delivery/Takeaway,Corporate Order,,,Beverage,Signature Coffee,996331,MENU0022,Orange Zest Mocha - Medium,300.0,1.0,300.0,Synthetic promotion,2.27,0,2.27,297.73,14.89,312.62,48.42,48.42,83.74,84.51
ABNAH Cafe Connaught Place,2026-03-20,BILL-OUT001-260320-0017,Delivery/Takeaway,Takeaway,Guest 1392,9000001392,Beverage,Signature Coffee,996331,MENU0023,Orange Zest Mocha - Large,332.95,1.0,332.95,,0.0,0,0.0,332.95,16.65,349.6,54.21,54.21,83.72,84.49
ABNAH Cafe Connaught Place,2026-03-20,BILL-OUT001-260320-0018,Dine In,Dine In,,,Beverage,Signature Coffee,996331,MENU0026,Caramel Macchiato - Large,325.59,1.0,325.59,,0.0,0,0.0,325.59,16.28,341.87,53.88,53.88,83.45,84.24
ABNAH Cafe Connaught Place,2026-03-20,BILL-OUT001-260320-0019,Delivery/Takeaway,Corporate Order,Guest 8967,9000008967,Beverage,Signature Coffee,996331,MENU0027,French Vanilla Latte - Regular,265.0,1.0,265.0,Synthetic promotion,13.75,0,13.75,251.25,12.56,263.81,42.17,42.17,83.22,84.02
ABNAH Cafe Connaught Place,2026-03-20,BILL-OUT001-260320-0020,Delivery/Takeaway,Takeaway,Guest 4229,9000004229,Beverage,Signature Coffee,996331,MENU0028,French Vanilla Latte - Medium,295.64,1.0,295.64,,0.0,0,0.0,295.64,14.78,310.42,47.85,47.85,83.81,84.59
ABNAH Cafe Connaught Place,2026-03-20,BILL-OUT001-260320-0021,Delivery/Takeaway,Takeaway,,,Beverage,Signature Coffee,996331,MENU0029,French Vanilla Latte - Large,326.65,1.0,326.65,,0.0,0,0.0,326.65,16.33,342.98,53.56,53.56,83.6,84.38
ABNAH Cafe Connaught Place,2026-03-20,BILL-OUT001-260320-0022,Delivery/Takeaway,Takeaway,,,Beverage,Signature Coffee,996331,MENU0030,Vegan Iced Latte - Regular,285.0,1.0,285.0,Synthetic promotion,0.52,0,0.52,284.48,14.22,298.7,58.9,58.9,79.3,80.28
ABNAH Cafe Connaught Place,2026-03-20,BILL-OUT001-260320-0023,Dine In,Dine In,,,Beverage,Cold Brew,996331,MENU0033,Classic Cold Brew - Regular,226.34,1.0,226.34,,0.0,0,0.0,226.34,11.32,237.66,25.6,25.6,88.69,89.23
ABNAH Cafe Connaught Place,2026-03-20,BILL-OUT001-260320-0024,Delivery/Takeaway,Takeaway,,,Beverage,Cold Brew,996331,MENU0034,Classic Cold Brew - Medium,251.05,1.0,251.05,,0.0,0,0.0,251.05,12.55,263.6,28.66,28.66,88.58,89.13
ABNAH Cafe Connaught Place,2026-03-20,BILL-OUT001-260320-0025,Dine In,Dine In,,,Beverage,Cold Brew,996331,MENU0036,Coffee Lemonade - Regular,235.0,1.0,235.0,Synthetic promotion,13.06,0,13.06,221.94,11.1,233.04,29.45,29.45,86.73,87.36
ABNAH Cafe Connaught Place,2026-03-20,BILL-OUT001-260320-0026,Delivery/Takeaway,Corporate Order,,,Beverage,Cold Brew,996331,MENU0037,Coffee Lemonade - Medium,260.04,2.0,520.08,Synthetic promotion,0.01,0,0.01,520.07,26.0,546.07,33.09,66.18,87.27,87.88
ABNAH Cafe Connaught Place,2026-03-20,BILL-OUT001-260320-0027,Delivery/Takeaway,Corporate Order,,,Beverage,Cold Brew,996331,MENU0040,Vietnamese Shakerato - Medium,280.0,1.0,280.0,Synthetic promotion,5.57,0,5.57,274.43,13.72,288.15,28.66,28.66,89.56,90.05
ABNAH Cafe Connaught Place,2026-03-20,BILL-OUT001-260320-0028,Dine In,Dine In,,,Beverage,Cold Brew,996331,MENU0041,Vietnamese Shakerato - Large,305.0,1.0,305.0,Synthetic promotion,1.17,0,1.17,303.83,15.19,319.02,31.73,31.73,89.56,90.05
ABNAH Cafe Connaught Place,2026-03-20,BILL-OUT001-260320-0029,Delivery/Takeaway,Takeaway,,,Beverage,Cold Coffee,996331,MENU0043,Classic Cold Coffee - Medium,290.0,2.0,580.0,Synthetic promotion,23.62,0,23.62,556.38,27.82,584.2,43.56,87.12,84.34,85.09
ABNAH Cafe Connaught Place,2026-03-20,BILL-OUT001-260320-0030,Dine In,Dine In,,,Beverage,Cold Coffee,996331,MENU0044,Classic Cold Coffee - Large,330.04,1.0,330.04,,0.0,0,0.0,330.04,16.5,346.54,48.58,48.58,85.28,85.98
ABNAH Cafe Connaught Place,2026-03-20,BILL-OUT001-260320-0031,Delivery/Takeaway,Corporate Order,,,Beverage,Cold Coffee,996331,MENU0046,Mocha Cold Coffee - Medium,320.0,1.0,320.0,Synthetic promotion,17.17,0,17.17,302.83,15.14,317.97,51.03,51.03,83.15,83.95
ABNAH Cafe Connaught Place,2026-03-20,BILL-OUT001-260320-0032,Dine In,Dine In,,,Beverage,Cold Coffee,996331,MENU0048,Caramel Cold Coffee - Regular,285.0,1.0,285.0,Synthetic promotion,2.9,0,2.9,282.1,14.11,296.21,44.81,44.81,84.12,84.87
ABNAH Cafe Connaught Place,2026-03-20,BILL-OUT001-260320-0033,Delivery/Takeaway,Corporate Order,,,Beverage,Cold Coffee,996331,MENU0049,Caramel Cold Coffee - Medium,320.0,1.0,320.0,Synthetic promotion,18.85,0,18.85,301.15,15.06,316.21,50.74,50.74,83.15,83.95
ABNAH Cafe Connaught Place,2026-03-20,BILL-OUT001-260320-0034,Delivery/Takeaway,Takeaway,,,Beverage,Tea,996331,MENU0051,Masala Chai Latte - Regular,195.0,1.0,195.0,Synthetic promotion,2.66,0,2.66,192.34,9.62,201.96,36.17,36.17,81.19,82.09
ABNAH Cafe Connaught Place,2026-03-20,BILL-OUT001-260320-0035,Delivery/Takeaway,Corporate Order,,,Beverage,Tea,996331,MENU0054,Himalayan Green Tea,213.62,1.0,213.62,,0.0,0,0.0,213.62,10.68,224.3,8.67,8.67,95.94,96.13
ABNAH Cafe Connaught Place,2026-03-20,BILL-OUT001-260320-0036,Delivery/Takeaway,Corporate Order,Guest 8682,9000008682,Beverage,Tea,996331,MENU0056,Japanese Matcha Latte - Medium,295.81,1.0,295.81,,0.0,0,0.0,295.81,14.79,310.6,40.96,40.96,86.15,86.81
ABNAH Cafe Connaught Place,2026-03-20,BILL-OUT001-260320-0037,Dine In,Dine In,,,Beverage,Iced Tea,996331,MENU0058,Lemon Iced Tea - Regular,205.79,1.0,205.79,,0.0,0,0.0,205.79,10.29,216.08,14.29,14.29,93.06,93.39
ABNAH Cafe Connaught Place,2026-03-20,BILL-OUT001-260320-0038,Dine In,Dine In,Guest 6876,9000006876,Beverage,Iced Tea,996331,MENU0063,Hibiscus Lime Iced Tea - Large,275.0,1.0,275.0,Synthetic promotion,10.61,0,10.61,264.39,13.22,277.61,29.77,29.77,88.74,89.28
ABNAH Cafe Connaught Place,2026-03-20,BILL-OUT001-260320-0039,Dine In,Dine In,,,Beverage,Shake,996331,MENU0070,Choco Chip Shake - Large,365.0,1.0,365.0,Synthetic promotion,7.74,0,7.74,357.26,17.86,375.12,42.79,42.79,88.02,88.59
ABNAH Cafe Connaught Place,2026-03-20,BILL-OUT001-260320-0040,Delivery/Takeaway,Corporate Order,,,Beverage,Shake,996331,MENU0072,Mixed Berry Shake - Medium,350.0,1.0,350.0,Synthetic promotion,6.41,0,6.41,343.59,17.18,360.77,69.6,69.6,79.74,80.71
ABNAH Cafe Connaught Place,2026-03-20,BILL-OUT001-260320-0041,Delivery/Takeaway,Corporate Order,,,Beverage,Smoothie,996331,MENU0075,Seasonal Smoothie - Medium,344.19,2.0,688.38,,0.0,0,0.0,688.38,34.42,722.8,37.59,75.18,89.08,89.6
ABNAH Cafe Connaught Place,2026-03-20,BILL-OUT001-260320-0042,Delivery/Takeaway,Takeaway,,,Food,Sandwiches,996331,MENU0080,Pesto Veg Sandwich,280.0,2.0,560.0,Synthetic promotion,27.15,0,27.15,532.85,26.64,559.49,91.86,183.72,65.52,67.16
ABNAH Cafe Connaught Place,2026-03-20,BILL-OUT001-260320-0043,Delivery/Takeaway,Takeaway,,,Food,Sandwiches,996331,MENU0082,Tandoori Chicken Sandwich,320.0,1.0,320.0,Synthetic promotion,3.16,0,3.16,316.84,15.84,332.68,87.66,87.66,72.33,73.65
ABNAH Cafe Connaught Place,2026-03-20,BILL-OUT001-260320-0044,Delivery/Takeaway,Corporate Order,Guest 4518,9000004518,Food,Toasts,996331,MENU0083,Chilli Cheese Garlic Toast,235.0,1.0,235.0,Synthetic promotion,3.04,0,3.04,231.96,11.6,243.56,42.14,42.14,81.83,82.7
ABNAH Cafe Connaught Place,2026-03-20,BILL-OUT001-260320-0045,Delivery/Takeaway,Takeaway,Guest 7497,9000007497,Food,Snacks,996331,MENU0090,Marinara Cheese Pin Wheels,215.0,2.0,430.0,Synthetic promotion,8.22,0,8.22,421.78,21.09,442.87,38.29,76.58,81.84,82.71
ABNAH Cafe Connaught Place,2026-03-20,BILL-OUT001-260320-0046,Delivery/Takeaway,Corporate Order,Guest 8509,9000008509,Food,Snacks,996331,MENU0091,Pesto Sundried Tomato Pin Wheel,225.0,3.0,675.0,Synthetic promotion,25.22,0,25.22,649.78,32.49,682.27,42.04,126.12,80.59,81.51
ABNAH Cafe Connaught Place,2026-03-20,BILL-OUT001-260320-0047,Dine In,Dine In,,,Food,Baked Goods,996331,MENU0095,Almond Croissant,247.41,1.0,247.41,,0.0,0,0.0,247.41,12.37,259.78,58.04,58.04,76.54,77.66
ABNAH Cafe Connaught Place,2026-03-20,BILL-OUT001-260320-0048,Dine In,Dine In,,,Food,Baked Goods,996331,MENU0096,Chocolate Croissant,235.0,3.0,705.0,Synthetic promotion,28.76,0,28.76,676.24,33.81,710.05,64.54,193.62,71.37,72.73
ABNAH Cafe Connaught Place,2026-03-20,BILL-OUT001-260320-0049,Delivery/Takeaway,Takeaway,,,Food,Baked Goods,996331,MENU0098,Sriracha Chicken Croissant,275.0,1.0,275.0,Synthetic promotion,2.13,0,2.13,272.87,13.64,286.51,81.14,81.14,70.26,71.68
ABNAH Cafe Connaught Place,2026-03-20,BILL-OUT001-260320-0050,Delivery/Takeaway,Takeaway,,,Dessert,Baked Goods,996331,MENU0099,Cinnamon Roll with Cream Cheese,224.07,1.0,224.07,,0.0,0,0.0,224.07,11.2,235.27,52.57,52.57,76.54,77.66
ABNAH Cafe Connaught Place,2026-03-20,BILL-OUT001-260320-0051,Delivery/Takeaway,Takeaway,,,Dessert,Desserts,996331,MENU0106,Death by Chocolate Cookie,190.0,1.0,190.0,Synthetic promotion,11.29,0,11.29,178.71,8.94,187.65,47.52,47.52,73.41,74.68
ABNAH Cafe Connaught Place,2026-03-20,BILL-OUT001-260320-0052,Delivery/Takeaway,Takeaway,,,Dessert,Desserts,996331,MENU0107,Jaggery Parmesan Cookie,170.0,2.0,340.0,Synthetic promotion,4.88,0,4.88,335.12,16.76,351.88,41.02,82.04,75.52,76.69
ABNAH Cafe Connaught Place,2026-03-20,BILL-OUT001-260320-0053,Delivery/Takeaway,Corporate Order,,,Dessert,Desserts,996331,MENU0109,Basque Cheesecake,310.0,1.0,310.0,Synthetic promotion,11.07,0,11.07,298.93,14.95,313.88,82.57,82.57,72.38,73.69
ABNAH Cafe Connaught Place,2026-03-21,BILL-OUT001-260321-0001,Delivery/Takeaway,Takeaway,,,Beverage,Coffee Classics,996331,MENU0003,Americano - Regular,186.06,1.0,186.06,,0.0,0,0.0,186.06,9.3,195.36,23.21,23.21,87.53,88.12
ABNAH Cafe Connaught Place,2026-03-21,BILL-OUT001-260321-0002,Delivery/Takeaway,Takeaway,,,Beverage,Coffee Classics,996331,MENU0004,Americano - Medium,210.0,3.0,630.0,Synthetic promotion,34.1,0,34.1,595.9,29.8,625.7,26.05,78.15,86.89,87.51
ABNAH Cafe Connaught Place,2026-03-21,BILL-OUT001-260321-0003,Delivery/Takeaway,Takeaway,,,Beverage,Coffee Classics,996331,MENU0005,Americano - Large,239.43,1.0,239.43,,0.0,0,0.0,239.43,11.97,251.4,28.91,28.91,87.93,88.5
ABNAH Cafe Connaught Place,2026-03-21,BILL-OUT001-260321-0004,Dine In,Dine In,,,Beverage,Coffee Classics,996331,MENU0006,Latte - Regular,225.0,3.0,675.0,Synthetic promotion,27.13,0,27.13,647.87,32.39,680.26,36.17,108.51,83.25,84.05
ABNAH Cafe Connaught Place,2026-03-21,BILL-OUT001-260321-0005,Delivery/Takeaway,Takeaway,Guest 3041,9000003041,Beverage,Coffee Classics,996331,MENU0007,Latte - Medium,250.0,2.0,500.0,Synthetic promotion,29.09,0,29.09,470.91,23.55,494.46,40.96,81.92,82.6,83.43
ABNAH Cafe Connaught Place,2026-03-21,BILL-OUT001-260321-0006,Dine In,Dine In,,,Beverage,Coffee Classics,996331,MENU0008,Latte - Large,275.0,2.0,550.0,Synthetic promotion,20.32,0,20.32,529.68,26.48,556.16,45.76,91.52,82.72,83.54
ABNAH Cafe Connaught Place,2026-03-21,BILL-OUT001-260321-0007,Delivery/Takeaway,Takeaway,,,Beverage,Coffee Classics,996331,MENU0009,Cappuccino - Regular,225.0,2.0,450.0,Synthetic promotion,13.4,0,13.4,436.6,21.83,458.43,36.17,72.34,83.43,84.22
ABNAH Cafe Connaught Place,2026-03-21,BILL-OUT001-260321-0008,Dine In,Dine In,,,Beverage,Coffee Classics,996331,MENU0010,Cappuccino - Medium,250.0,2.0,500.0,Synthetic promotion,15.87,0,15.87,484.13,24.21,508.34,40.96,81.92,83.08,83.88
ABNAH Cafe Connaught Place,2026-03-21,BILL-OUT001-260321-0009,Delivery/Takeaway,Takeaway,,,Beverage,Coffee Classics,996331,MENU0011,Cappuccino - Large,275.0,1.0,275.0,Synthetic promotion,1.18,0,1.18,273.82,13.69,287.51,45.76,45.76,83.29,84.08
ABNAH Cafe Connaught Place,2026-03-21,BILL-OUT001-260321-0010,Delivery/Takeaway,Takeaway,,,Beverage,Coffee Classics,996331,MENU0013,Flat White - Medium,264.46,3.0,793.38,,0.0,0,0.0,793.38,39.67,833.05,40.96,122.88,84.51,85.25
ABNAH Cafe Connaught Place,2026-03-21,BILL-OUT001-260321-0011,Dine In,Dine In,,,Beverage,Coffee Classics,996331,MENU0015,Mocha - Regular,245.0,1.0,245.0,Synthetic promotion,4.49,0,4.49,240.51,12.03,252.54,42.67,42.67,82.26,83.1
ABNAH Cafe Connaught Place,2026-03-21,BILL-OUT001-260321-0012,Delivery/Takeaway,Takeaway,,,Beverage,Coffee Classics,996331,MENU0016,Mocha - Medium,270.0,3.0,810.0,Synthetic promotion,45.33,0,45.33,764.67,38.23,802.9,48.42,145.26,81.0,81.91
ABNAH Cafe Connaught Place,2026-03-21,BILL-OUT001-260321-0013,Dine In,Dine In,Guest 3625,9000003625,Beverage,Signature Coffee,996331,MENU0019,Sea Salt Mocha - Medium,305.0,2.0,610.0,Synthetic promotion,1.67,0,1.67,608.33,30.42,638.75,48.42,96.84,84.08,84.84
ABNAH Cafe Connaught Place,2026-03-21,BILL-OUT001-260321-0014,Delivery/Takeaway,Corporate Order,,,Beverage,Signature Coffee,996331,MENU0022,Orange Zest Mocha - Medium,304.43,2.0,608.86,Synthetic promotion,0.01,0,0.01,608.85,30.44,639.29,48.42,96.84,84.09,84.85
ABNAH Cafe Connaught Place,2026-03-21,BILL-OUT001-260321-0015,Delivery/Takeaway,Corporate Order,,,Beverage,Signature Coffee,996331,MENU0024,Caramel Macchiato - Regular,265.0,1.0,265.0,Synthetic promotion,0.26,0,0.26,264.74,13.24,277.98,42.42,42.42,83.98,84.74
ABNAH Cafe Connaught Place,2026-03-21,BILL-OUT001-260321-0016,Delivery/Takeaway,Corporate Order,,,Beverage,Signature Coffee,996331,MENU0026,Caramel Macchiato - Large,326.84,2.0,653.68,,0.0,0,0.0,653.68,32.68,686.36,53.88,107.76,83.51,84.3
ABNAH Cafe Connaught Place,2026-03-21,BILL-OUT001-260321-0017,Delivery/Takeaway,Corporate Order,,,Beverage,Signature Coffee,996331,MENU0028,French Vanilla Latte - Medium,295.0,2.0,590.0,Synthetic promotion,7.74,0,7.74,582.26,29.11,611.37,47.85,95.7,83.56,84.35
ABNAH Cafe Connaught Place,2026-03-21,BILL-OUT001-260321-0018,Dine In,Dine In,,,Beverage,Signature Coffee,996331,MENU0030,Vegan Iced Latte - Regular,285.0,1.0,285.0,Synthetic promotion,15.9,0,15.9,269.1,13.46,282.56,58.9,58.9,78.11,79.15
ABNAH Cafe Connaught Place,2026-03-21,BILL-OUT001-260321-0019,Delivery/Takeaway,Corporate Order,,,Beverage,Signature Coffee,996331,MENU0032,Vegan Iced Latte - Large,335.0,1.0,335.0,Synthetic promotion,11.24,0,11.24,323.76,16.19,339.95,75.02,75.02,76.83,77.93
ABNAH Cafe Connaught Place,2026-03-21,BILL-OUT001-260321-0020,Dine In,Dine In,,,Beverage,Cold Coffee,996331,MENU0042,Classic Cold Coffee - Regular,255.0,1.0,255.0,Synthetic promotion,5.14,0,5.14,249.86,12.49,262.35,38.56,38.56,84.57,85.3
ABNAH Cafe Connaught Place,2026-03-21,BILL-OUT001-260321-0021,Dine In,Dine In,,,Beverage,Cold Coffee,996331,MENU0043,Classic Cold Coffee - Medium,290.02,1.0,290.02,,0.0,0,0.0,290.02,14.5,304.52,43.56,43.56,84.98,85.7
ABNAH Cafe Connaught Place,2026-03-21,BILL-OUT001-260321-0022,Delivery/Takeaway,Takeaway,,,Beverage,Cold Coffee,996331,MENU0044,Classic Cold Coffee - Large,325.0,1.0,325.0,Synthetic promotion,2.11,0,2.11,322.89,16.14,339.03,48.58,48.58,84.95,85.67
ABNAH Cafe Connaught Place,2026-03-21,BILL-OUT001-260321-0023,Delivery/Takeaway,Corporate Order,,,Beverage,Cold Coffee,996331,MENU0050,Caramel Cold Coffee - Large,360.7,1.0,360.7,,0.0,0,0.0,360.7,18.04,378.74,56.7,56.7,84.28,85.03
ABNAH Cafe Connaught Place,2026-03-21,BILL-OUT001-260321-0024,Dine In,Dine In,Guest 5472,9000005472,Beverage,Tea,996331,MENU0055,Japanese Matcha Latte - Regular,265.0,2.0,530.0,Synthetic promotion,7.29,0,7.29,522.71,26.14,548.85,36.17,72.34,86.16,86.82
ABNAH Cafe Connaught Place,2026-03-21,BILL-OUT001-260321-0025,Delivery/Takeaway,Corporate Order,,,Beverage,Iced Tea,996331,MENU0058,Lemon Iced Tea - Regular,206.76,1.0,206.76,,0.0,0,0.0,206.76,10.34,217.1,14.29,14.29,93.09,93.42
ABNAH Cafe Connaught Place,2026-03-21,BILL-OUT001-260321-0026,Delivery/Takeaway,Corporate Order,,,Beverage,Iced Tea,996331,MENU0059,Lemon Iced Tea - Medium,232.57,1.0,232.57,,0.0,0,0.0,232.57,11.63,244.2,15.66,15.66,93.27,93.59
ABNAH Cafe Connaught Place,2026-03-21,BILL-OUT001-260321-0027,Delivery/Takeaway,Corporate Order,,,Beverage,Kids Beverage,996331,MENU0067,Babyccino - Regular,165.0,1.0,165.0,Synthetic promotion,2.81,0,2.81,162.19,8.11,170.3,14.21,14.21,91.24,91.66
ABNAH Cafe Connaught Place,2026-03-21,BILL-OUT001-260321-0028,Delivery/Takeaway,Takeaway,,,Beverage,Shake,996331,MENU0068,Choco Chip Shake - Regular,295.0,1.0,295.0,Synthetic promotion,4.76,0,4.76,290.24,14.51,304.75,34.11,34.11,88.25,88.81
ABNAH Cafe Connaught Place,2026-03-21,BILL-OUT001-260321-0029,Dine In,Dine In,Guest 8511,9000008511,Beverage,Shake,996331,MENU0069,Choco Chip Shake - Medium,336.57,1.0,336.57,,0.0,0,0.0,336.57,16.83,353.4,38.42,38.42,88.58,89.13
ABNAH Cafe Connaught Place,2026-03-21,BILL-OUT001-260321-0030,Delivery/Takeaway,Corporate Order,,,Beverage,Shake,996331,MENU0071,Mixed Berry Shake - Regular,315.0,1.0,315.0,Synthetic promotion,12.14,0,12.14,302.86,15.14,318.0,61.21,61.21,79.79,80.75
ABNAH Cafe Connaught Place,2026-03-21,BILL-OUT001-260321-0031,Dine In,Dine In,,,Beverage,Shake,996331,MENU0072,Mixed Berry Shake - Medium,350.0,1.0,350.0,Synthetic promotion,8.77,0,8.77,341.23,17.06,358.29,69.6,69.6,79.6,80.57
ABNAH Cafe Connaught Place,2026-03-21,BILL-OUT001-260321-0032,Delivery/Takeaway,Corporate Order,,,Food,Sandwiches,996331,MENU0079,Smoked Chipotle Paneer Sandwich,295.0,2.0,590.0,Synthetic promotion,31.21,0,31.21,558.79,27.94,586.73,90.66,181.32,67.55,69.1
ABNAH Cafe Connaught Place,2026-03-21,BILL-OUT001-260321-0033,Delivery/Takeaway,Corporate Order,,,Food,Sandwiches,996331,MENU0080,Pesto Veg Sandwich,282.0,2.0,564.0,,0.0,0,0.0,564.0,28.2,592.2,91.86,183.72,67.43,68.98
ABNAH Cafe Connaught Place,2026-03-21,BILL-OUT001-260321-0034,Dine In,Dine In,,,Food,Sandwiches,996331,MENU0082,Tandoori Chicken Sandwich,320.0,1.0,320.0,Synthetic promotion,10.26,0,10.26,309.74,15.49,325.23,87.66,87.66,71.7,73.05
ABNAH Cafe Connaught Place,2026-03-21,BILL-OUT001-260321-0035,Delivery/Takeaway,Corporate Order,,,Food,Breakfast,996331,MENU0088,Scallion Pepper Cream Cheese Bagel,265.0,1.0,265.0,Synthetic promotion,5.69,0,5.69,259.31,12.97,272.28,54.49,54.49,78.99,79.99
ABNAH Cafe Connaught Place,2026-03-21,BILL-OUT001-260321-0036,Dine In,Dine In,,,Dessert,Baked Goods,996331,MENU0100,Banana Walnut Tea Cake,205.0,1.0,205.0,Synthetic promotion,2.47,0,2.47,202.53,10.13,212.66,61.61,61.61,69.58,71.03
ABNAH Cafe Connaught Place,2026-03-21,BILL-OUT001-260321-0037,Delivery/Takeaway,Corporate Order,,,Dessert,Desserts,996331,MENU0105,Soft-Centred Caramel Cookie,180.0,1.0,180.0,Synthetic promotion,8.6,0,8.6,171.4,8.57,179.97,46.02,46.02,73.15,74.43
ABNAH Cafe Connaught Place,2026-03-21,BILL-OUT001-260321-0038,Delivery/Takeaway,Corporate Order,,,Dessert,Desserts,996331,MENU0107,Jaggery Parmesan Cookie,170.0,1.0,170.0,Synthetic promotion,4.69,0,4.69,165.31,8.27,173.58,41.02,41.02,75.19,76.37
ABNAH Cafe Connaught Place,2026-03-21,BILL-OUT001-260321-0039,Delivery/Takeaway,Takeaway,,,Dessert,Desserts,996331,MENU0109,Basque Cheesecake,310.0,1.0,310.0,Synthetic promotion,13.93,0,13.93,296.07,14.8,310.87,82.57,82.57,72.11,73.44
ABNAH Cafe Connaught Place,2026-03-22,BILL-OUT001-260322-0001,Dine In,Dine In,,,Beverage,Coffee Classics,996331,MENU0004,Americano - Medium,210.0,2.0,420.0,Synthetic promotion,17.68,0,17.68,402.32,20.12,422.44,26.05,52.1,87.05,87.67
ABNAH Cafe Connaught Place,2026-03-22,BILL-OUT001-260322-0002,Delivery/Takeaway,Takeaway,,,Beverage,Coffee Classics,996331,MENU0005,Americano - Large,235.0,1.0,235.0,Synthetic promotion,10.58,0,10.58,224.42,11.22,235.64,28.91,28.91,87.12,87.73
ABNAH Cafe Connaught Place,2026-03-22,BILL-OUT001-260322-0003,Delivery/Takeaway,Corporate Order,,,Beverage,Coffee Classics,996331,MENU0008,Latte - Large,275.0,2.0,550.0,Synthetic promotion,10.47,0,10.47,539.53,26.98,566.51,45.76,91.52,83.04,83.84
ABNAH Cafe Connaught Place,2026-03-22,BILL-OUT001-260322-0004,Dine In,Dine In,Guest 1386,9000001386,Beverage,Coffee Classics,996331,MENU0009,Cappuccino - Regular,225.0,2.0,450.0,Synthetic promotion,26.59,0,26.59,423.41,21.17,444.58,36.17,72.34,82.91,83.73
ABNAH Cafe Connaught Place,2026-03-22,BILL-OUT001-260322-0005,Delivery/Takeaway,Corporate Order,,,Beverage,Coffee Classics,996331,MENU0011,Cappuccino - Large,275.0,1.0,275.0,Synthetic promotion,1.01,0,1.01,273.99,13.7,287.69,45.76,45.76,83.3,84.09
ABNAH Cafe Connaught Place,2026-03-22,BILL-OUT001-260322-0006,Delivery/Takeaway,Corporate Order,,,Beverage,Coffee Classics,996331,MENU0012,Flat White - Regular,235.0,2.0,470.0,Synthetic promotion,20.15,0,20.15,449.85,22.49,472.34,36.17,72.34,83.92,84.68
ABNAH Cafe Connaught Place,2026-03-22,BILL-OUT001-260322-0007,Delivery/Takeaway,Corporate Order,Guest 8584,9000008584,Beverage,Coffee Classics,996331,MENU0013,Flat White - Medium,260.0,1.0,260.0,Synthetic promotion,4.91,0,4.91,255.09,12.75,267.84,40.96,40.96,83.94,84.71
ABNAH Cafe Connaught Place,2026-03-22,BILL-OUT001-260322-0008,Delivery/Takeaway,Corporate Order,,,Beverage,Coffee Classics,996331,MENU0014,Flat White - Large,285.0,1.0,285.0,Synthetic promotion,14.79,0,14.79,270.21,13.51,283.72,45.76,45.76,83.07,83.87
ABNAH Cafe Connaught Place,2026-03-22,BILL-OUT001-260322-0009,Delivery/Takeaway,Takeaway,,,Beverage,Coffee Classics,996331,MENU0015,Mocha - Regular,245.0,2.0,490.0,Synthetic promotion,12.42,0,12.42,477.58,23.88,501.46,42.67,85.34,82.13,82.98
ABNAH Cafe Connaught Place,2026-03-22,BILL-OUT001-260322-0010,Delivery/Takeaway,Corporate Order,,,Beverage,Coffee Classics,996331,MENU0017,Mocha - Large,295.9,1.0,295.9,,0.0,0,0.0,295.9,14.79,310.69,54.21,54.21,81.68,82.55
ABNAH Cafe Connaught Place,2026-03-22,BILL-OUT001-260322-0011,Delivery/Takeaway,Corporate Order,,,Beverage,Signature Coffee,996331,MENU0021,Orange Zest Mocha - Regular,270.0,1.0,270.0,Synthetic promotion,4.68,0,4.68,265.32,13.27,278.59,42.67,42.67,83.92,84.68
ABNAH Cafe Connaught Place,2026-03-22,BILL-OUT001-260322-0012,Dine In,Dine In,,,Beverage,Signature Coffee,996331,MENU0023,Orange Zest Mocha - Large,330.0,1.0,330.0,Synthetic promotion,9.04,0,9.04,320.96,16.05,337.01,54.21,54.21,83.11,83.91
ABNAH Cafe Connaught Place,2026-03-22,BILL-OUT001-260322-0013,Delivery/Takeaway,Takeaway,,,Beverage,Signature Coffee,996331,MENU0030,Vegan Iced Latte - Regular,286.02,1.0,286.02,,0.0,0,0.0,286.02,14.3,300.32,58.9,58.9,79.41,80.39
ABNAH Cafe Connaught Place,2026-03-22,BILL-OUT001-260322-0014,Delivery/Takeaway,Corporate Order,,,Beverage,Signature Coffee,996331,MENU0031,Vegan Iced Latte - Medium,314.6,1.0,314.6,,0.0,0,0.0,314.6,15.73,330.33,66.95,66.95,78.72,79.73
ABNAH Cafe Connaught Place,2026-03-22,BILL-OUT001-260322-0015,Delivery/Takeaway,Takeaway,Guest 7537,9000007537,Beverage,Signature Coffee,996331,MENU0032,Vegan Iced Latte - Large,335.0,1.0,335.0,Synthetic promotion,13.02,0,13.02,321.98,16.1,338.08,75.02,75.02,76.7,77.81
ABNAH Cafe Connaught Place,2026-03-22,BILL-OUT001-260322-0016,Delivery/Takeaway,Takeaway,,,Beverage,Cold Brew,996331,MENU0035,Classic Cold Brew - Large,279.71,1.0,279.71,,0.0,0,0.0,279.71,13.99,293.7,31.73,31.73,88.66,89.2
ABNAH Cafe Connaught Place,2026-03-22,BILL-OUT001-260322-0017,Dine In,Dine In,,,Beverage,Cold Brew,996331,MENU0036,Coffee Lemonade - Regular,238.88,1.0,238.88,,0.0,0,0.0,238.88,11.94,250.82,29.45,29.45,87.67,88.26
ABNAH Cafe Connaught Place,2026-03-22,BILL-OUT001-260322-0018,Delivery/Takeaway,Corporate Order,Guest 4048,9000004048,Beverage,Cold Brew,996331,MENU0037,Coffee Lemonade - Medium,260.0,1.0,260.0,Synthetic promotion,0.23,0,0.23,259.77,12.99,272.76,33.09,33.09,87.26,87.87
ABNAH Cafe Connaught Place,2026-03-22,BILL-OUT001-260322-0019,Delivery/Takeaway,Takeaway,,,Beverage,Cold Brew,996331,MENU0041,Vietnamese Shakerato - Large,305.0,1.0,305.0,Synthetic promotion,6.37,0,6.37,298.63,14.93,313.56,31.73,31.73,89.37,89.88
ABNAH Cafe Connaught Place,2026-03-22,BILL-OUT001-260322-0020,Delivery/Takeaway,Corporate Order,,,Beverage,Cold Coffee,996331,MENU0042,Classic Cold Coffee - Regular,255.0,2.0,510.0,Synthetic promotion,20.23,0,20.23,489.77,24.49,514.26,38.56,77.12,84.25,85.0
ABNAH Cafe Connaught Place,2026-03-22,BILL-OUT001-260322-0021,Delivery/Takeaway,Takeaway,,,Beverage,Cold Coffee,996331,MENU0044,Classic Cold Coffee - Large,325.0,1.0,325.0,Synthetic promotion,9.91,0,9.91,315.09,15.75,330.84,48.58,48.58,84.58,85.32
ABNAH Cafe Connaught Place,2026-03-22,BILL-OUT001-260322-0022,Dine In,Dine In,,,Beverage,Cold Coffee,996331,MENU0046,Mocha Cold Coffee - Medium,320.0,2.0,640.0,Synthetic promotion,2.22,0,2.22,637.78,31.89,669.67,51.03,102.06,84.0,84.76
ABNAH Cafe Connaught Place,2026-03-22,BILL-OUT001-260322-0023,Dine In,Dine In,,,Beverage,Tea,996331,MENU0052,Masala Chai Latte - Medium,220.0,2.0,440.0,Synthetic promotion,2.65,0,2.65,437.35,21.87,459.22,40.96,81.92,81.27,82.16
ABNAH Cafe Connaught Place,2026-03-22,BILL-OUT001-260322-0024,Delivery/Takeaway,Corporate Order,Guest 3980,9000003980,Beverage,Tea,996331,MENU0057,Japanese Matcha Latte - Large,328.61,1.0,328.61,,0.0,0,0.0,328.61,16.43,345.04,45.76,45.76,86.07,86.74
ABNAH Cafe Connaught Place,2026-03-22,BILL-OUT001-260322-0025,Delivery/Takeaway,Corporate Order,,,Beverage,Iced Tea,996331,MENU0058,Lemon Iced Tea - Regular,205.0,1.0,205.0,Synthetic promotion,2.52,0,2.52,202.48,10.12,212.6,14.29,14.29,92.94,93.28
ABNAH Cafe Connaught Place,2026-03-22,BILL-OUT001-260322-0026,Dine In,Dine In,,,Beverage,Iced Tea,996331,MENU0063,Hibiscus Lime Iced Tea - Large,279.58,1.0,279.58,,0.0,0,0.0,279.58,13.98,293.56,29.77,29.77,89.35,89.86
ABNAH Cafe Connaught Place,2026-03-22,BILL-OUT001-260322-0027,Delivery/Takeaway,Takeaway,,,Beverage,Shake,996331,MENU0072,Mixed Berry Shake - Medium,350.0,1.0,350.0,Synthetic promotion,20.97,0,20.97,329.03,16.45,345.48,69.6,69.6,78.85,79.85
ABNAH Cafe Connaught Place,2026-03-22,BILL-OUT001-260322-0028,Delivery/Takeaway,Takeaway,,,Beverage,Smoothie,996331,MENU0074,Seasonal Smoothie - Regular,307.89,2.0,615.78,,0.0,0,0.0,615.79,30.79,646.58,33.37,66.74,89.16,89.68
ABNAH Cafe Connaught Place,2026-03-22,BILL-OUT001-260322-0029,Delivery/Takeaway,Corporate Order,,,Beverage,Smoothie,996331,MENU0075,Seasonal Smoothie - Medium,340.0,1.0,340.0,Synthetic promotion,9.6,0,9.6,330.4,16.52,346.92,37.59,37.59,88.62,89.16
ABNAH Cafe Connaught Place,2026-03-22,BILL-OUT001-260322-0030,Delivery/Takeaway,Corporate Order,Guest 0884,9000000884,Food,Sandwiches,996331,MENU0080,Pesto Veg Sandwich,280.0,1.0,280.0,Synthetic promotion,15.09,0,15.09,264.91,13.25,278.16,91.86,91.86,65.32,66.98
ABNAH Cafe Connaught Place,2026-03-22,BILL-OUT001-260322-0031,Delivery/Takeaway,Takeaway,Guest 2938,9000002938,Food,Sandwiches,996331,MENU0081,Pepper Chicken Sandwich,316.23,1.0,316.23,,0.0,0,0.0,316.23,15.81,332.04,87.66,87.66,72.28,73.6
ABNAH Cafe Connaught Place,2026-03-22,BILL-OUT001-260322-0032,Delivery/Takeaway,Corporate Order,,,Food,Sandwiches,996331,MENU0082,Tandoori Chicken Sandwich,320.0,2.0,640.0,Synthetic promotion,29.13,0,29.13,610.87,30.54,641.41,87.66,175.32,71.3,72.67
ABNAH Cafe Connaught Place,2026-03-22,BILL-OUT001-260322-0033,Delivery/Takeaway,Corporate Order,,,Food,Breakfast,996331,MENU0088,Scallion Pepper Cream Cheese Bagel,265.0,1.0,265.0,Synthetic promotion,11.78,0,11.78,253.22,12.66,265.88,54.49,54.49,78.48,79.51
ABNAH Cafe Connaught Place,2026-03-22,BILL-OUT001-260322-0034,Delivery/Takeaway,Corporate Order,,,Food,Breakfast,996331,MENU0089,Masala Egg Bun,225.0,1.0,225.0,Synthetic promotion,1.39,0,1.39,223.61,11.18,234.79,42.74,42.74,80.89,81.8
ABNAH Cafe Connaught Place,2026-03-22,BILL-OUT001-260322-0035,Dine In,Dine In,,,Food,Snacks,996331,MENU0090,Marinara Cheese Pin Wheels,217.41,1.0,217.41,,0.0,0,0.0,217.41,10.87,228.28,38.29,38.29,82.39,83.23
ABNAH Cafe Connaught Place,2026-03-22,BILL-OUT001-260322-0036,Delivery/Takeaway,Takeaway,Guest 2032,9000002032,Food,Baked Goods,996331,MENU0094,Butter Croissant,195.0,1.0,195.0,Synthetic promotion,8.78,0,8.78,186.22,9.31,195.53,58.04,58.04,68.83,70.32
ABNAH Cafe Connaught Place,2026-03-22,BILL-OUT001-260322-0037,Delivery/Takeaway,Corporate Order,,,Food,Baked Goods,996331,MENU0095,Almond Croissant,245.0,1.0,245.0,Synthetic promotion,13.08,0,13.08,231.92,11.6,243.52,58.04,58.04,74.97,76.17
ABNAH Cafe Connaught Place,2026-03-22,BILL-OUT001-260322-0038,Delivery/Takeaway,Corporate Order,,,Food,Baked Goods,996331,MENU0098,Sriracha Chicken Croissant,276.23,1.0,276.23,,0.0,0,0.0,276.23,13.81,290.04,81.14,81.14,70.63,72.02
ABNAH Cafe Connaught Place,2026-03-22,BILL-OUT001-260322-0039,Dine In,Dine In,Guest 4839,9000004839,Dessert,Baked Goods,996331,MENU0100,Banana Walnut Tea Cake,206.9,1.0,206.9,,0.0,0,0.0,206.9,10.35,217.25,61.61,61.61,70.22,71.64
ABNAH Cafe Connaught Place,2026-03-22,BILL-OUT001-260322-0040,Delivery/Takeaway,Takeaway,,,Dessert,Desserts,996331,MENU0102,Double Chocolate Truffle Cake,295.0,1.0,295.0,Synthetic promotion,16.86,0,16.86,278.14,13.91,292.05,63.07,63.07,77.32,78.4
ABNAH Cafe Connaught Place,2026-03-22,BILL-OUT001-260322-0041,Delivery/Takeaway,Takeaway,,,Dessert,Desserts,996331,MENU0107,Jaggery Parmesan Cookie,172.82,1.0,172.82,,0.0,0,0.0,172.82,8.64,181.46,41.02,41.02,76.26,77.39
ABNAH Cafe Connaught Place,2026-03-23,BILL-OUT001-260323-0001,Dine In,Dine In,,,Beverage,Espresso,996331,MENU0001,Espresso Shot - Solo,145.0,1.0,145.0,Synthetic promotion,0.81,0,0.81,144.19,7.21,151.4,13.63,13.63,90.55,91.0
ABNAH Cafe Connaught Place,2026-03-23,BILL-OUT001-260323-0002,Dine In,Dine In,,,Beverage,Coffee Classics,996331,MENU0003,Americano - Regular,188.39,1.0,188.39,,0.0,0,0.0,188.39,9.42,197.81,23.21,23.21,87.68,88.27
ABNAH Cafe Connaught Place,2026-03-23,BILL-OUT001-260323-0003,Delivery/Takeaway,Corporate Order,,,Beverage,Coffee Classics,996331,MENU0004,Americano - Medium,210.0,2.0,420.0,Synthetic promotion,10.29,0,10.29,409.71,20.49,430.2,26.05,52.1,87.28,87.89
ABNAH Cafe Connaught Place,2026-03-23,BILL-OUT001-260323-0004,Delivery/Takeaway,Corporate Order,Guest 3255,9000003255,Beverage,Coffee Classics,996331,MENU0005,Americano - Large,235.0,1.0,235.0,Synthetic promotion,13.97,0,13.97,221.03,11.05,232.08,28.91,28.91,86.92,87.54
ABNAH Cafe Connaught Place,2026-03-23,BILL-OUT001-260323-0005,Dine In,Dine In,,,Beverage,Coffee Classics,996331,MENU0006,Latte - Regular,227.57,5.0,1137.85,,0.0,0,0.0,1137.87,56.89,1194.76,36.17,180.85,84.11,84.86
ABNAH Cafe Connaught Place,2026-03-23,BILL-OUT001-260323-0006,Dine In,Dine In,,,Beverage,Coffee Classics,996331,MENU0007,Latte - Medium,250.0,5.0,1250.0,Synthetic promotion,17.23,0,17.23,1232.77,61.64,1294.41,40.96,204.8,83.39,84.18
ABNAH Cafe Connaught Place,2026-03-23,BILL-OUT001-260323-0007,Delivery/Takeaway,Takeaway,,,Beverage,Coffee Classics,996331,MENU0008,Latte - Large,277.67,3.0,833.01,,0.0,0,0.0,833.02,41.65,874.67,45.76,137.28,83.52,84.3
ABNAH Cafe Connaught Place,2026-03-23,BILL-OUT001-260323-0008,Dine In,Dine In,Guest 5878,9000005878,Beverage,Coffee Classics,996331,MENU0009,Cappuccino - Regular,227.9,3.0,683.7,,0.0,0,0.0,683.7,34.19,717.89,36.17,108.51,84.13,84.88
ABNAH Cafe Connaught Place,2026-03-23,BILL-OUT001-260323-0009,Delivery/Takeaway,Takeaway,,,Beverage,Coffee Classics,996331,MENU0010,Cappuccino - Medium,250.96,3.0,752.88,,0.0,0,0.0,752.89,37.64,790.53,40.96,122.88,83.68,84.46
ABNAH Cafe Connaught Place,2026-03-23,BILL-OUT001-260323-0010,Dine In,Dine In,,,Beverage,Coffee Classics,996331,MENU0011,Cappuccino - Large,275.0,3.0,825.0,Synthetic promotion,30.68,0,30.68,794.32,39.72,834.04,45.76,137.28,82.72,83.54
ABNAH Cafe Connaught Place,2026-03-23,BILL-OUT001-260323-0011,Delivery/Takeaway,Takeaway,,,Beverage,Coffee Classics,996331,MENU0012,Flat White - Regular,235.0,2.0,470.0,Synthetic promotion,6.82,0,6.82,463.18,23.16,486.34,36.17,72.34,84.38,85.13
ABNAH Cafe Connaught Place,2026-03-23,BILL-OUT001-260323-0012,Delivery/Takeaway,Takeaway,Guest 8846,9000008846,Beverage,Coffee Classics,996331,MENU0013,Flat White - Medium,260.0,4.0,1040.0,Synthetic promotion,3.95,0,3.95,1036.05,51.8,1087.85,40.96,163.84,84.19,84.94
ABNAH Cafe Connaught Place,2026-03-23,BILL-OUT001-260323-0013,Delivery/Takeaway,Corporate Order,,,Beverage,Coffee Classics,996331,MENU0015,Mocha - Regular,245.0,5.0,1225.0,Synthetic promotion,60.22,0,60.22,1164.78,58.24,1223.02,42.67,213.35,81.68,82.56
ABNAH Cafe Connaught Place,2026-03-23,BILL-OUT001-260323-0014,Delivery/Takeaway,Takeaway,,,Beverage,Coffee Classics,996331,MENU0016,Mocha - Medium,270.0,1.0,270.0,Synthetic promotion,8.1,0,8.1,261.9,13.1,275.0,48.42,48.42,81.51,82.39
ABNAH Cafe Connaught Place,2026-03-23,BILL-OUT001-260323-0015,Dine In,Dine In,,,Beverage,Coffee Classics,996331,MENU0017,Mocha - Large,295.0,1.0,295.0,Synthetic promotion,6.83,0,6.83,288.17,14.41,302.58,54.21,54.21,81.19,82.08
ABNAH Cafe Connaught Place,2026-03-23,BILL-OUT001-260323-0016,Dine In,Dine In,,,Beverage,Signature Coffee,996331,MENU0018,Sea Salt Mocha - Regular,275.0,1.0,275.0,Synthetic promotion,6.95,0,6.95,268.05,13.4,281.45,42.67,42.67,84.08,84.84
ABNAH Cafe Connaught Place,2026-03-23,BILL-OUT001-260323-0017,Delivery/Takeaway,Corporate Order,,,Beverage,Signature Coffee,996331,MENU0019,Sea Salt Mocha - Medium,305.0,3.0,915.0,Synthetic promotion,51.91,0,51.91,863.09,43.15,906.24,48.42,145.26,83.17,83.97
ABNAH Cafe Connaught Place,2026-03-23,BILL-OUT001-260323-0018,Dine In,Dine In,Guest 3023,9000003023,Beverage,Signature Coffee,996331,MENU0020,Sea Salt Mocha - Large,335.0,1.0,335.0,Synthetic promotion,1.08,0,1.08,333.92,16.7,350.62,54.21,54.21,83.77,84.54
ABNAH Cafe Connaught Place,2026-03-23,BILL-OUT001-260323-0019,Dine In,Dine In,,,Beverage,Signature Coffee,996331,MENU0021,Orange Zest Mocha - Regular,275.32,1.0,275.32,,0.0,0,0.0,275.32,13.77,289.09,42.67,42.67,84.5,85.24
ABNAH Cafe Connaught Place,2026-03-23,BILL-OUT001-260323-0020,Dine In,Dine In,,,Beverage,Signature Coffee,996331,MENU0026,Caramel Macchiato - Large,325.0,2.0,650.0,Synthetic promotion,18.12,0,18.12,631.88,31.59,663.47,53.88,107.76,82.95,83.76
ABNAH Cafe Connaught Place,2026-03-23,BILL-OUT001-260323-0021,Delivery/Takeaway,Corporate Order,,,Beverage,Signature Coffee,996331,MENU0027,French Vanilla Latte - Regular,265.64,1.0,265.64,,0.0,0,0.0,265.64,13.28,278.92,42.17,42.17,84.13,84.88
ABNAH Cafe Connaught Place,2026-03-23,BILL-OUT001-260323-0022,Delivery/Takeaway,Corporate Order,,,Beverage,Signature Coffee,996331,MENU0028,French Vanilla Latte - Medium,299.82,2.0,599.64,,0.0,0,0.0,599.65,29.98,629.63,47.85,95.7,84.04,84.8
ABNAH Cafe Connaught Place,2026-03-23,BILL-OUT001-260323-0023,Dine In,Dine In,Guest 6558,9000006558,Beverage,Signature Coffee,996331,MENU0029,French Vanilla Latte - Large,325.0,1.0,325.0,Synthetic promotion,11.02,0,11.02,313.98,15.7,329.68,53.56,53.56,82.94,83.75
ABNAH Cafe Connaught Place,2026-03-23,BILL-OUT001-260323-0024,Dine In,Dine In,,,Beverage,Signature Coffee,996331,MENU0030,Vegan Iced Latte - Regular,286.76,1.0,286.76,,0.0,0,0.0,286.76,14.34,301.1,58.9,58.9,79.46,80.44
ABNAH Cafe Connaught Place,2026-03-23,BILL-OUT001-260323-0025,Delivery/Takeaway,Corporate Order,,,Beverage,Signature Coffee,996331,MENU0031,Vegan Iced Latte - Medium,310.0,1.0,310.0,Synthetic promotion,1.34,0,1.34,308.66,15.43,324.09,66.95,66.95,78.31,79.34
ABNAH Cafe Connaught Place,2026-03-23,BILL-OUT001-260323-0026,Delivery/Takeaway,Takeaway,,,Beverage,Signature Coffee,996331,MENU0032,Vegan Iced Latte - Large,335.0,2.0,670.0,Synthetic promotion,27.89,0,27.89,642.11,32.11,674.22,75.02,150.04,76.63,77.75
ABNAH Cafe Connaught Place,2026-03-23,BILL-OUT001-260323-0027,Delivery/Takeaway,Corporate Order,,,Beverage,Cold Brew,996331,MENU0033,Classic Cold Brew - Regular,225.0,1.0,225.0,Synthetic promotion,7.33,0,7.33,217.67,10.88,228.55,25.6,25.6,88.24,88.8
ABNAH Cafe Connaught Place,2026-03-23,BILL-OUT001-260323-0028,Dine In,Dine In,,,Beverage,Cold Brew,996331,MENU0040,Vietnamese Shakerato - Medium,280.0,1.0,280.0,Synthetic promotion,16.46,0,16.46,263.54,13.18,276.72,28.66,28.66,89.12,89.64
ABNAH Cafe Connaught Place,2026-03-23,BILL-OUT001-260323-0029,Dine In,Dine In,,,Beverage,Cold Coffee,996331,MENU0042,Classic Cold Coffee - Regular,255.0,1.0,255.0,Synthetic promotion,8.37,0,8.37,246.63,12.33,258.96,38.56,38.56,84.37,85.11
ABNAH Cafe Connaught Place,2026-03-23,BILL-OUT001-260323-0030,Delivery/Takeaway,Takeaway,,,Beverage,Cold Coffee,996331,MENU0044,Classic Cold Coffee - Large,325.0,1.0,325.0,Synthetic promotion,11.46,0,11.46,313.54,15.68,329.22,48.58,48.58,84.51,85.24
ABNAH Cafe Connaught Place,2026-03-23,BILL-OUT001-260323-0031,Delivery/Takeaway,Takeaway,,,Beverage,Cold Coffee,996331,MENU0046,Mocha Cold Coffee - Medium,324.62,1.0,324.62,,0.0,0,0.0,324.62,16.23,340.85,51.03,51.03,84.28,85.03
ABNAH Cafe Connaught Place,2026-03-23,BILL-OUT001-260323-0032,Delivery/Takeaway,Corporate Order,,,Beverage,Cold Coffee,996331,MENU0047,Mocha Cold Coffee - Large,355.0,1.0,355.0,Synthetic promotion,0.77,0,0.77,354.23,17.71,371.94,57.03,57.03,83.9,84.67
ABNAH Cafe Connaught Place,2026-03-23,BILL-OUT001-260323-0033,Delivery/Takeaway,Takeaway,,,Beverage,Cold Coffee,996331,MENU0048,Caramel Cold Coffee - Regular,286.74,1.0,286.74,,0.0,0,0.0,286.74,14.34,301.08,44.81,44.81,84.37,85.12
ABNAH Cafe Connaught Place,2026-03-23,BILL-OUT001-260323-0034,Delivery/Takeaway,Takeaway,Guest 3388,9000003388,Beverage,Cold Coffee,996331,MENU0049,Caramel Cold Coffee - Medium,320.0,2.0,640.0,Synthetic promotion,36.57,0,36.57,603.43,30.17,633.6,50.74,101.48,83.18,83.98
ABNAH Cafe Connaught Place,2026-03-23,BILL-OUT001-260323-0035,Delivery/Takeaway,Corporate Order,,,Beverage,Cold Coffee,996331,MENU0050,Caramel Cold Coffee - Large,355.38,1.0,355.38,,0.0,0,0.0,355.38,17.77,373.15,56.7,56.7,84.05,84.81
ABNAH Cafe Connaught Place,2026-03-23,BILL-OUT001-260323-0036,Delivery/Takeaway,Corporate Order,,,Beverage,Tea,996331,MENU0051,Masala Chai Latte - Regular,195.0,1.0,195.0,Synthetic promotion,1.58,0,1.58,193.42,9.67,203.09,36.17,36.17,81.3,82.19
ABNAH Cafe Connaught Place,2026-03-23,BILL-OUT001-260323-0037,Delivery/Takeaway,Corporate Order,,,Beverage,Tea,996331,MENU0052,Masala Chai Latte - Medium,220.58,1.0,220.58,,0.0,0,0.0,220.58,11.03,231.61,40.96,40.96,81.43,82.32
ABNAH Cafe Connaught Place,2026-03-23,BILL-OUT001-260323-0038,Delivery/Takeaway,Corporate Order,,,Beverage,Tea,996331,MENU0056,Japanese Matcha Latte - Medium,300.26,1.0,300.26,,0.0,0,0.0,300.26,15.01,315.27,40.96,40.96,86.36,87.01
ABNAH Cafe Connaught Place,2026-03-23,BILL-OUT001-260323-0039,Delivery/Takeaway,Takeaway,Guest 8817,9000008817,Beverage,Iced Tea,996331,MENU0058,Lemon Iced Tea - Regular,205.0,1.0,205.0,Synthetic promotion,8.95,0,8.95,196.05,9.8,205.85,14.29,14.29,92.71,93.06
ABNAH Cafe Connaught Place,2026-03-23,BILL-OUT001-260323-0040,Delivery/Takeaway,Takeaway,,,Beverage,Iced Tea,996331,MENU0062,Hibiscus Lime Iced Tea - Medium,250.0,2.0,500.0,Synthetic promotion,25.77,0,25.77,474.23,23.71,497.94,26.94,53.88,88.64,89.18
ABNAH Cafe Connaught Place,2026-03-23,BILL-OUT001-260323-0041,Delivery/Takeaway,Corporate Order,,,Beverage,Kids Beverage,996331,MENU0065,Hot Chocolate - Medium,249.66,1.0,249.66,,0.0,0,0.0,249.66,12.48,262.14,40.27,40.27,83.87,84.64
ABNAH Cafe Connaught Place,2026-03-23,BILL-OUT001-260323-0042,Delivery/Takeaway,Corporate Order,,,Beverage,Shake,996331,MENU0069,Choco Chip Shake - Medium,330.0,2.0,660.0,Synthetic promotion,24.5,0,24.5,635.5,31.77,667.27,38.42,76.84,87.91,88.48
ABNAH Cafe Connaught Place,2026-03-23,BILL-OUT001-260323-0043,Dine In,Dine In,,,Beverage,Shake,996331,MENU0071,Mixed Berry Shake - Regular,315.0,1.0,315.0,Synthetic promotion,5.67,0,5.67,309.33,15.47,324.8,61.21,61.21,80.21,81.15
ABNAH Cafe Connaught Place,2026-03-23,BILL-OUT001-260323-0044,Delivery/Takeaway,Corporate Order,,,Beverage,Smoothie,996331,MENU0076,Seasonal Smoothie - Large,377.39,1.0,377.39,,0.0,0,0.0,377.39,18.87,396.26,41.83,41.83,88.92,89.44
ABNAH Cafe Connaught Place,2026-03-23,BILL-OUT001-260323-0045,Dine In,Dine In,,,Food,Wraps,996331,MENU0077,Spicy Paneer Wrap,275.0,1.0,275.0,Synthetic promotion,11.24,0,11.24,263.76,13.19,276.95,73.36,73.36,72.19,73.51
ABNAH Cafe Connaught Place,2026-03-23,BILL-OUT001-260323-0046,Delivery/Takeaway,Takeaway,,,Food,Wraps,996331,MENU0078,Shredded Chicken Wrap,295.0,1.0,295.0,Synthetic promotion,0.52,0,0.52,294.48,14.72,309.2,70.05,70.05,76.21,77.34
ABNAH Cafe Connaught Place,2026-03-23,BILL-OUT001-260323-0047,Delivery/Takeaway,Corporate Order,,,Food,Sandwiches,996331,MENU0080,Pesto Veg Sandwich,280.0,3.0,840.0,Synthetic promotion,45.07,0,45.07,794.93,39.75,834.68,91.86,275.58,65.33,66.98
ABNAH Cafe Connaught Place,2026-03-23,BILL-OUT001-260323-0048,Dine In,Dine In,,,Food,Sandwiches,996331,MENU0081,Pepper Chicken Sandwich,315.0,1.0,315.0,Synthetic promotion,14.97,0,14.97,300.03,15.0,315.03,87.66,87.66,70.78,72.17
ABNAH Cafe Connaught Place,2026-03-23,BILL-OUT001-260323-0049,Dine In,Dine In,,,Food,Toasts,996331,MENU0084,Chicken Pepperoni Avocado Toast,333.96,1.0,333.96,,0.0,0,0.0,333.96,16.7,350.66,68.54,68.54,79.48,80.45
ABNAH Cafe Connaught Place,2026-03-23,BILL-OUT001-260323-0050,Delivery/Takeaway,Corporate Order,,,Food,Platter,996331,MENU0085,Hummus and Pita Platter,310.0,1.0,310.0,Synthetic promotion,9.42,0,9.42,300.58,15.03,315.61,45.45,45.45,84.88,85.6
ABNAH Cafe Connaught Place,2026-03-23,BILL-OUT001-260323-0051,Dine In,Dine In,,,Food,Breakfast,996331,MENU0086,Breakfast Pancakes,285.0,1.0,285.0,Synthetic promotion,2.65,0,2.65,282.35,14.12,296.47,66.89,66.89,76.31,77.44
ABNAH Cafe Connaught Place,2026-03-23,BILL-OUT001-260323-0052,Delivery/Takeaway,Corporate Order,,,Food,Breakfast,996331,MENU0087,Cream Cheese Bagel,250.0,3.0,750.0,Synthetic promotion,13.15,0,13.15,736.85,36.84,773.69,54.49,163.47,77.82,78.87
ABNAH Cafe Connaught Place,2026-03-23,BILL-OUT001-260323-0053,Delivery/Takeaway,Takeaway,,,Food,Breakfast,996331,MENU0089,Masala Egg Bun,225.0,1.0,225.0,Synthetic promotion,1.46,0,1.46,223.54,11.18,234.72,42.74,42.74,80.88,81.79
ABNAH Cafe Connaught Place,2026-03-23,BILL-OUT001-260323-0054,Delivery/Takeaway,Corporate Order,,,Food,Snacks,996331,MENU0091,Pesto Sundried Tomato Pin Wheel,225.0,1.0,225.0,Synthetic promotion,2.14,0,2.14,222.86,11.14,234.0,42.04,42.04,81.14,82.03
ABNAH Cafe Connaught Place,2026-03-23,BILL-OUT001-260323-0055,Dine In,Dine In,,,Food,Snacks,996331,MENU0093,Turnover with Brioche Dough Veg,235.18,1.0,235.18,,0.0,0,0.0,235.18,11.76,246.94,89.94,89.94,61.76,63.58
ABNAH Cafe Connaught Place,2026-03-23,BILL-OUT001-260323-0056,Delivery/Takeaway,Corporate Order,,,Food,Baked Goods,996331,MENU0095,Almond Croissant,245.0,1.0,245.0,Synthetic promotion,13.73,0,13.73,231.27,11.56,242.83,58.04,58.04,74.9,76.1
ABNAH Cafe Connaught Place,2026-03-23,BILL-OUT001-260323-0057,Delivery/Takeaway,Takeaway,,,Food,Baked Goods,996331,MENU0097,Mushroom Cheese Croissant,256.25,2.0,512.5,,0.0,0,0.0,512.51,25.63,538.14,74.84,149.68,70.79,72.19
ABNAH Cafe Connaught Place,2026-03-23,BILL-OUT001-260323-0058,Delivery/Takeaway,Corporate Order,,,Food,Baked Goods,996331,MENU0098,Sriracha Chicken Croissant,275.0,1.0,275.0,Synthetic promotion,1.71,0,1.71,273.29,13.66,286.95,81.14,81.14,70.31,71.72
ABNAH Cafe Connaught Place,2026-03-23,BILL-OUT001-260323-0059,Dine In,Dine In,,,Dessert,Baked Goods,996331,MENU0099,Cinnamon Roll with Cream Cheese,220.59,2.0,441.18,Synthetic promotion,0.01,0,0.01,441.17,22.06,463.23,52.57,105.14,76.17,77.3
ABNAH Cafe Connaught Place,2026-03-23,BILL-OUT001-260323-0060,Delivery/Takeaway,Corporate Order,,,Dessert,Desserts,996331,MENU0104,Classic Chocolate Fudge Brownie,196.38,1.0,196.38,,0.0,0,0.0,196.38,9.82,206.2,51.02,51.02,74.02,75.26
ABNAH Cafe Connaught Place,2026-03-23,BILL-OUT001-260323-0061,Dine In,Dine In,,,Dessert,Desserts,996331,MENU0109,Basque Cheesecake,310.0,1.0,310.0,Synthetic promotion,14.13,0,14.13,295.87,14.79,310.66,82.57,82.57,72.09,73.42
ABNAH Cafe Connaught Place,2026-03-23,BILL-OUT001-260323-0062,Dine In,Dine In,,,Dessert,Baked Goods,996331,MENU0110,Multigrain Walnut Tea Cake,225.0,1.0,225.0,Synthetic promotion,5.6,0,5.6,219.4,10.97,230.37,56.57,56.57,74.22,75.44
ABNAH Cafe Connaught Place,2026-03-24,BILL-OUT001-260324-0001,Delivery/Takeaway,Takeaway,,,Beverage,Coffee Classics,996331,MENU0003,Americano - Regular,185.0,3.0,555.0,Synthetic promotion,33.12,0,33.12,521.88,26.09,547.97,23.21,69.63,86.66,87.29
ABNAH Cafe Connaught Place,2026-03-24,BILL-OUT001-260324-0002,Delivery/Takeaway,Takeaway,,,Beverage,Coffee Classics,996331,MENU0005,Americano - Large,235.0,3.0,705.0,Synthetic promotion,17.34,0,17.34,687.66,34.38,722.04,28.91,86.73,87.39,87.99
ABNAH Cafe Connaught Place,2026-03-24,BILL-OUT001-260324-0003,Delivery/Takeaway,Takeaway,,,Beverage,Coffee Classics,996331,MENU0006,Latte - Regular,225.0,2.0,450.0,Synthetic promotion,26.55,0,26.55,423.45,21.17,444.62,36.17,72.34,82.92,83.73
ABNAH Cafe Connaught Place,2026-03-24,BILL-OUT001-260324-0004,Delivery/Takeaway,Takeaway,,,Beverage,Coffee Classics,996331,MENU0007,Latte - Medium,250.0,5.0,1250.0,Synthetic promotion,73.15,0,73.15,1176.85,58.84,1235.69,40.96,204.8,82.6,83.43
ABNAH Cafe Connaught Place,2026-03-24,BILL-OUT001-260324-0005,Delivery/Takeaway,Corporate Order,,,Beverage,Coffee Classics,996331,MENU0008,Latte - Large,275.0,3.0,825.0,Synthetic promotion,36.25,0,36.25,788.75,39.44,828.19,45.76,137.28,82.6,83.42
ABNAH Cafe Connaught Place,2026-03-24,BILL-OUT001-260324-0006,Delivery/Takeaway,Takeaway,,,Beverage,Coffee Classics,996331,MENU0009,Cappuccino - Regular,225.75,5.0,1128.75,,0.0,0,0.0,1128.76,56.44,1185.2,36.17,180.85,83.98,84.74
ABNAH Cafe Connaught Place,2026-03-24,BILL-OUT001-260324-0007,Delivery/Takeaway,Takeaway,,,Beverage,Coffee Classics,996331,MENU0010,Cappuccino - Medium,250.0,3.0,750.0,Synthetic promotion,23.31,0,23.31,726.69,36.33,763.02,40.96,122.88,83.09,83.9
ABNAH Cafe Connaught Place,2026-03-24,BILL-OUT001-260324-0008,Delivery/Takeaway,Corporate Order,,,Beverage,Coffee Classics,996331,MENU0013,Flat White - Medium,260.0,2.0,520.0,Synthetic promotion,8.37,0,8.37,511.63,25.58,537.21,40.96,81.92,83.99,84.75
ABNAH Cafe Connaught Place,2026-03-24,BILL-OUT001-260324-0009,Dine In,Dine In,,,Beverage,Coffee Classics,996331,MENU0014,Flat White - Large,287.77,2.0,575.54,,0.0,0,0.0,575.54,28.78,604.32,45.76,91.52,84.1,84.86
ABNAH Cafe Connaught Place,2026-03-24,BILL-OUT001-260324-0010,Delivery/Takeaway,Takeaway,,,Beverage,Coffee Classics,996331,MENU0015,Mocha - Regular,245.0,3.0,735.0,Synthetic promotion,35.88,0,35.88,699.12,34.96,734.08,42.67,128.01,81.69,82.56
ABNAH Cafe Connaught Place,2026-03-24,BILL-OUT001-260324-0011,Dine In,Dine In,,,Beverage,Coffee Classics,996331,MENU0016,Mocha - Medium,272.45,1.0,272.45,,0.0,0,0.0,272.45,13.62,286.07,48.42,48.42,82.23,83.07
ABNAH Cafe Connaught Place,2026-03-24,BILL-OUT001-260324-0012,Delivery/Takeaway,Corporate Order,,,Beverage,Coffee Classics,996331,MENU0017,Mocha - Large,295.0,2.0,590.0,Synthetic promotion,28.09,0,28.09,561.91,28.1,590.01,54.21,108.42,80.71,81.62
ABNAH Cafe Connaught Place,2026-03-24,BILL-OUT001-260324-0013,Dine In,Dine In,,,Beverage,Signature Coffee,996331,MENU0018,Sea Salt Mocha - Regular,275.0,1.0,275.0,Synthetic promotion,4.67,0,4.67,270.33,13.52,283.85,42.67,42.67,84.22,84.97
ABNAH Cafe Connaught Place,2026-03-24,BILL-OUT001-260324-0014,Dine In,Dine In,Guest 7510,9000007510,Beverage,Signature Coffee,996331,MENU0028,French Vanilla Latte - Medium,295.0,3.0,885.0,Synthetic promotion,24.62,0,24.62,860.38,43.02,903.4,47.85,143.55,83.32,84.11
ABNAH Cafe Connaught Place,2026-03-24,BILL-OUT001-260324-0015,Delivery/Takeaway,Corporate Order,,,Beverage,Signature Coffee,996331,MENU0030,Vegan Iced Latte - Regular,285.0,4.0,1140.0,Synthetic promotion,56.61,0,56.61,1083.39,54.17,1137.56,58.9,235.6,78.25,79.29
ABNAH Cafe Connaught Place,2026-03-24,BILL-OUT001-260324-0016,Delivery/Takeaway,Takeaway,,,Beverage,Signature Coffee,996331,MENU0031,Vegan Iced Latte - Medium,310.0,1.0,310.0,Synthetic promotion,16.26,0,16.26,293.74,14.69,308.43,66.95,66.95,77.21,78.29
ABNAH Cafe Connaught Place,2026-03-24,BILL-OUT001-260324-0017,Dine In,Dine In,,,Beverage,Signature Coffee,996331,MENU0032,Vegan Iced Latte - Large,335.0,1.0,335.0,Synthetic promotion,10.17,0,10.17,324.83,16.24,341.07,75.02,75.02,76.9,78.0
ABNAH Cafe Connaught Place,2026-03-24,BILL-OUT001-260324-0018,Delivery/Takeaway,Takeaway,,,Beverage,Cold Brew,996331,MENU0034,Classic Cold Brew - Medium,250.0,2.0,500.0,Synthetic promotion,5.33,0,5.33,494.67,24.73,519.4,28.66,57.32,88.41,88.96
ABNAH Cafe Connaught Place,2026-03-24,BILL-OUT001-260324-0019,Delivery/Takeaway,Corporate Order,,,Beverage,Cold Brew,996331,MENU0036,Coffee Lemonade - Regular,235.0,1.0,235.0,Synthetic promotion,1.48,0,1.48,233.52,11.68,245.2,29.45,29.45,87.39,87.99
ABNAH Cafe Connaught Place,2026-03-24,BILL-OUT001-260324-0020,Delivery/Takeaway,Takeaway,,,Beverage,Cold Brew,996331,MENU0037,Coffee Lemonade - Medium,262.32,1.0,262.32,,0.0,0,0.0,262.32,13.12,275.44,33.09,33.09,87.39,87.99
ABNAH Cafe Connaught Place,2026-03-24,BILL-OUT001-260324-0021,Delivery/Takeaway,Corporate Order,,,Beverage,Cold Brew,996331,MENU0039,Vietnamese Shakerato - Regular,255.0,3.0,765.0,Synthetic promotion,29.79,0,29.79,735.21,36.76,771.97,25.6,76.8,89.55,90.05
ABNAH Cafe Connaught Place,2026-03-24,BILL-OUT001-260324-0022,Delivery/Takeaway,Corporate Order,,,Beverage,Cold Brew,996331,MENU0041,Vietnamese Shakerato - Large,305.0,3.0,915.0,Synthetic promotion,40.69,0,40.69,874.31,43.72,918.03,31.73,95.19,89.11,89.63
ABNAH Cafe Connaught Place,2026-03-24,BILL-OUT001-260324-0023,Delivery/Takeaway,Corporate Order,Guest 0643,9000000643,Beverage,Cold Coffee,996331,MENU0042,Classic Cold Coffee - Regular,255.0,1.0,255.0,Synthetic promotion,1.24,0,1.24,253.76,12.69,266.45,38.56,38.56,84.8,85.53
ABNAH Cafe Connaught Place,2026-03-24,BILL-OUT001-260324-0024,Delivery/Takeaway,Takeaway,,,Beverage,Cold Coffee,996331,MENU0044,Classic Cold Coffee - Large,325.0,2.0,650.0,Synthetic promotion,30.7,0,30.7,619.3,30.96,650.26,48.58,97.16,84.31,85.06
ABNAH Cafe Connaught Place,2026-03-24,BILL-OUT001-260324-0025,Dine In,Dine In,Guest 2565,9000002565,Beverage,Cold Coffee,996331,MENU0046,Mocha Cold Coffee - Medium,320.0,2.0,640.0,Synthetic promotion,35.56,0,35.56,604.44,30.22,634.66,51.03,102.06,83.11,83.92
ABNAH Cafe Connaught Place,2026-03-24,BILL-OUT001-260324-0026,Dine In,Dine In,,,Beverage,Cold Coffee,996331,MENU0048,Caramel Cold Coffee - Regular,285.0,1.0,285.0,Synthetic promotion,9.74,0,9.74,275.26,13.76,289.02,44.81,44.81,83.72,84.5
ABNAH Cafe Connaught Place,2026-03-24,BILL-OUT001-260324-0027,Delivery/Takeaway,Corporate Order,,,Beverage,Cold Coffee,996331,MENU0049,Caramel Cold Coffee - Medium,320.0,1.0,320.0,Synthetic promotion,8.96,0,8.96,311.04,15.55,326.59,50.74,50.74,83.69,84.46
ABNAH Cafe Connaught Place,2026-03-24,BILL-OUT001-260324-0028,Dine In,Dine In,,,Beverage,Cold Coffee,996331,MENU0050,Caramel Cold Coffee - Large,355.0,2.0,710.0,Synthetic promotion,8.83,0,8.83,701.17,35.06,736.23,56.7,113.4,83.83,84.6
ABNAH Cafe Connaught Place,2026-03-24,BILL-OUT001-260324-0029,Dine In,Dine In,,,Beverage,Tea,996331,MENU0051,Masala Chai Latte - Regular,195.0,1.0,195.0,Synthetic promotion,0.4,0,0.4,194.6,9.73,204.33,36.17,36.17,81.41,82.3
ABNAH Cafe Connaught Place,2026-03-24,BILL-OUT001-260324-0030,Delivery/Takeaway,Takeaway,,,Beverage,Tea,996331,MENU0053,Masala Chai Latte - Large,245.0,1.0,245.0,Synthetic promotion,13.35,0,13.35,231.65,11.58,243.23,45.76,45.76,80.25,81.19
ABNAH Cafe Connaught Place,2026-03-24,BILL-OUT001-260324-0031,Delivery/Takeaway,Corporate Order,,,Beverage,Tea,996331,MENU0054,Himalayan Green Tea,210.0,1.0,210.0,Synthetic promotion,6.46,0,6.46,203.54,10.18,213.72,8.67,8.67,95.74,95.94
ABNAH Cafe Connaught Place,2026-03-24,BILL-OUT001-260324-0032,Delivery/Takeaway,Corporate Order,,,Beverage,Tea,996331,MENU0055,Japanese Matcha Latte - Regular,265.0,3.0,795.0,Synthetic promotion,14.3,0,14.3,780.7,39.03,819.73,36.17,108.51,86.1,86.76
ABNAH Cafe Connaught Place,2026-03-24,BILL-OUT001-260324-0033,Dine In,Dine In,Guest 1816,9000001816,Beverage,Tea,996331,MENU0056,Japanese Matcha Latte - Medium,295.58,2.0,591.16,,0.0,0,0.0,591.17,29.56,620.73,40.96,81.92,86.14,86.8
ABNAH Cafe Connaught Place,2026-03-24,BILL-OUT001-260324-0034,Delivery/Takeaway,Corporate Order,,,Beverage,Iced Tea,996331,MENU0058,Lemon Iced Tea - Regular,205.0,1.0,205.0,Synthetic promotion,6.32,0,6.32,198.68,9.93,208.61,14.29,14.29,92.81,93.15
ABNAH Cafe Connaught Place,2026-03-24,BILL-OUT001-260324-0035,Delivery/Takeaway,Corporate Order,,,Beverage,Iced Tea,996331,MENU0059,Lemon Iced Tea - Medium,230.0,1.0,230.0,Synthetic promotion,13.66,0,13.66,216.34,10.82,227.16,15.66,15.66,92.76,93.11
ABNAH Cafe Connaught Place,2026-03-24,BILL-OUT001-260324-0036,Delivery/Takeaway,Takeaway,,,Beverage,Iced Tea,996331,MENU0060,Lemon Iced Tea - Large,259.53,1.0,259.53,,0.0,0,0.0,259.53,12.98,272.51,17.03,17.03,93.44,93.75
ABNAH Cafe Connaught Place,2026-03-24,BILL-OUT001-260324-0037,Dine In,Dine In,,,Beverage,Shake,996331,MENU0068,Choco Chip Shake - Regular,295.0,1.0,295.0,Synthetic promotion,6.48,0,6.48,288.52,14.43,302.95,34.11,34.11,88.18,88.74
ABNAH Cafe Connaught Place,2026-03-24,BILL-OUT001-260324-0038,Delivery/Takeaway,Takeaway,,,Beverage,Shake,996331,MENU0071,Mixed Berry Shake - Regular,315.0,1.0,315.0,Synthetic promotion,17.5,0,17.5,297.5,14.88,312.38,61.21,61.21,79.43,80.41
ABNAH Cafe Connaught Place,2026-03-24,BILL-OUT001-260324-0039,Dine In,Dine In,,,Food,Sandwiches,996331,MENU0081,Pepper Chicken Sandwich,315.0,2.0,630.0,Synthetic promotion,31.53,0,31.53,598.47,29.92,628.39,87.66,175.32,70.71,72.1
ABNAH Cafe Connaught Place,2026-03-24,BILL-OUT001-260324-0040,Dine In,Dine In,,,Food,Sandwiches,996331,MENU0082,Tandoori Chicken Sandwich,320.0,1.0,320.0,Synthetic promotion,16.57,0,16.57,303.43,15.17,318.6,87.66,87.66,71.11,72.49
ABNAH Cafe Connaught Place,2026-03-24,BILL-OUT001-260324-0041,Delivery/Takeaway,Takeaway,,,Food,Toasts,996331,MENU0083,Chilli Cheese Garlic Toast,235.0,2.0,470.0,Synthetic promotion,12.27,0,12.27,457.73,22.89,480.62,42.14,84.28,81.59,82.46
ABNAH Cafe Connaught Place,2026-03-24,BILL-OUT001-260324-0042,Dine In,Dine In,,,Food,Breakfast,996331,MENU0086,Breakfast Pancakes,287.97,1.0,287.97,,0.0,0,0.0,287.97,14.4,302.37,66.89,66.89,76.77,77.88
ABNAH Cafe Connaught Place,2026-03-24,BILL-OUT001-260324-0043,Delivery/Takeaway,Corporate Order,,,Food,Breakfast,996331,MENU0087,Cream Cheese Bagel,250.0,3.0,750.0,Synthetic promotion,1.85,0,1.85,748.15,37.41,785.56,54.49,163.47,78.15,79.19
ABNAH Cafe Connaught Place,2026-03-24,BILL-OUT001-260324-0044,Delivery/Takeaway,Takeaway,,,Food,Breakfast,996331,MENU0088,Scallion Pepper Cream Cheese Bagel,265.0,1.0,265.0,Synthetic promotion,6.64,0,6.64,258.36,12.92,271.28,54.49,54.49,78.91,79.91
ABNAH Cafe Connaught Place,2026-03-24,BILL-OUT001-260324-0045,Delivery/Takeaway,Takeaway,,,Food,Breakfast,996331,MENU0089,Masala Egg Bun,225.0,1.0,225.0,Synthetic promotion,0.77,0,0.77,224.23,11.21,235.44,42.74,42.74,80.94,81.85
ABNAH Cafe Connaught Place,2026-03-24,BILL-OUT001-260324-0046,Delivery/Takeaway,Takeaway,,,Food,Snacks,996331,MENU0092,Turnover with Brioche Dough Chicken,255.0,1.0,255.0,Synthetic promotion,6.88,0,6.88,248.12,12.41,260.53,87.54,87.54,64.72,66.4
ABNAH Cafe Connaught Place,2026-03-24,BILL-OUT001-260324-0047,Delivery/Takeaway,Takeaway,Guest 8404,9000008404,Food,Snacks,996331,MENU0093,Turnover with Brioche Dough Veg,235.0,1.0,235.0,Synthetic promotion,0.15,0,0.15,234.85,11.74,246.59,89.94,89.94,61.7,63.53
ABNAH Cafe Connaught Place,2026-03-24,BILL-OUT001-260324-0048,Dine In,Dine In,,,Food,Baked Goods,996331,MENU0095,Almond Croissant,245.0,1.0,245.0,Synthetic promotion,14.33,0,14.33,230.67,11.53,242.2,58.04,58.04,74.84,76.04
ABNAH Cafe Connaught Place,2026-03-24,BILL-OUT001-260324-0049,Delivery/Takeaway,Corporate Order,,,Food,Baked Goods,996331,MENU0097,Mushroom Cheese Croissant,255.0,1.0,255.0,Synthetic promotion,4.7,0,4.7,250.3,12.52,262.82,74.84,74.84,70.1,71.52
ABNAH Cafe Connaught Place,2026-03-24,BILL-OUT001-260324-0050,Delivery/Takeaway,Corporate Order,,,Food,Baked Goods,996331,MENU0098,Sriracha Chicken Croissant,279.16,1.0,279.16,,0.0,0,0.0,279.16,13.96,293.12,81.14,81.14,70.93,72.32
ABNAH Cafe Connaught Place,2026-03-24,BILL-OUT001-260324-0051,Delivery/Takeaway,Corporate Order,,,Dessert,Baked Goods,996331,MENU0100,Banana Walnut Tea Cake,207.02,1.0,207.02,,0.0,0,0.0,207.02,10.35,217.37,61.61,61.61,70.24,71.66
ABNAH Cafe Connaught Place,2026-03-24,BILL-OUT001-260324-0052,Delivery/Takeaway,Corporate Order,,,Dessert,Baked Goods,996331,MENU0101,Lemon Raspberry Tea Cake,215.0,2.0,430.0,Synthetic promotion,14.37,0,14.37,415.63,20.78,436.41,56.57,113.14,72.78,74.07
ABNAH Cafe Connaught Place,2026-03-24,BILL-OUT001-260324-0053,Delivery/Takeaway,Takeaway,,,Dessert,Desserts,996331,MENU0102,Double Chocolate Truffle Cake,295.0,1.0,295.0,Synthetic promotion,2.93,0,2.93,292.07,14.6,306.67,63.07,63.07,78.41,79.43
ABNAH Cafe Connaught Place,2026-03-24,BILL-OUT001-260324-0054,Dine In,Dine In,,,Dessert,Desserts,996331,MENU0103,Banoffee Pie,288.61,1.0,288.61,,0.0,0,0.0,288.61,14.43,303.04,56.57,56.57,80.4,81.33
ABNAH Cafe Connaught Place,2026-03-24,BILL-OUT001-260324-0055,Delivery/Takeaway,Takeaway,Guest 8835,9000008835,Dessert,Desserts,996331,MENU0104,Classic Chocolate Fudge Brownie,195.0,1.0,195.0,Synthetic promotion,5.43,0,5.43,189.57,9.48,199.05,51.02,51.02,73.09,74.37
ABNAH Cafe Connaught Place,2026-03-24,BILL-OUT001-260324-0056,Delivery/Takeaway,Corporate Order,,,Dessert,Desserts,996331,MENU0105,Soft-Centred Caramel Cookie,180.0,1.0,180.0,Synthetic promotion,9.07,0,9.07,170.93,8.55,179.48,46.02,46.02,73.08,74.36
ABNAH Cafe Connaught Place,2026-03-24,BILL-OUT001-260324-0057,Dine In,Dine In,Guest 8071,9000008071,Dessert,Desserts,996331,MENU0107,Jaggery Parmesan Cookie,170.0,1.0,170.0,Synthetic promotion,9.41,0,9.41,160.59,8.03,168.62,41.02,41.02,74.46,75.67
ABNAH Cafe Connaught Place,2026-03-24,BILL-OUT001-260324-0058,Delivery/Takeaway,Corporate Order,,,Dessert,Desserts,996331,MENU0109,Basque Cheesecake,310.0,1.0,310.0,Synthetic promotion,17.5,0,17.5,292.5,14.62,307.12,82.57,82.57,71.77,73.11
ABNAH Cafe Connaught Place,2026-03-25,BILL-OUT001-260325-0001,Delivery/Takeaway,Corporate Order,,,Beverage,Coffee Classics,996331,MENU0003,Americano - Regular,186.49,2.0,372.98,,0.0,0,0.0,372.98,18.65,391.63,23.21,46.42,87.55,88.15
ABNAH Cafe Connaught Place,2026-03-25,BILL-OUT001-260325-0002,Delivery/Takeaway,Corporate Order,,,Beverage,Coffee Classics,996331,MENU0004,Americano - Medium,210.0,4.0,840.0,Synthetic promotion,39.99,0,39.99,800.01,40.0,840.01,26.05,104.2,86.98,87.6
ABNAH Cafe Connaught Place,2026-03-25,BILL-OUT001-260325-0003,Delivery/Takeaway,Corporate Order,,,Beverage,Coffee Classics,996331,MENU0006,Latte - Regular,225.0,5.0,1125.0,Synthetic promotion,52.05,0,52.05,1072.95,53.65,1126.6,36.17,180.85,83.14,83.95
ABNAH Cafe Connaught Place,2026-03-25,BILL-OUT001-260325-0004,Delivery/Takeaway,Corporate Order,,,Beverage,Coffee Classics,996331,MENU0007,Latte - Medium,250.0,2.0,500.0,Synthetic promotion,11.88,0,11.88,488.12,24.41,512.53,40.96,81.92,83.22,84.02
ABNAH Cafe Connaught Place,2026-03-25,BILL-OUT001-260325-0005,Delivery/Takeaway,Corporate Order,Guest 7212,9000007212,Beverage,Coffee Classics,996331,MENU0008,Latte - Large,275.0,3.0,825.0,Synthetic promotion,39.02,0,39.02,785.98,39.3,825.28,45.76,137.28,82.53,83.37
ABNAH Cafe Connaught Place,2026-03-25,BILL-OUT001-260325-0006,Delivery/Takeaway,Takeaway,Guest 3866,9000003866,Beverage,Coffee Classics,996331,MENU0009,Cappuccino - Regular,225.0,7.0,1575.0,Synthetic promotion,24.01,0,24.01,1550.99,77.55,1628.54,36.17,253.19,83.68,84.45
ABNAH Cafe Connaught Place,2026-03-25,BILL-OUT001-260325-0007,Delivery/Takeaway,Takeaway,,,Beverage,Coffee Classics,996331,MENU0010,Cappuccino - Medium,250.0,1.0,250.0,Synthetic promotion,6.25,0,6.25,243.75,12.19,255.94,40.96,40.96,83.2,84.0
ABNAH Cafe Connaught Place,2026-03-25,BILL-OUT001-260325-0008,Dine In,Dine In,,,Beverage,Coffee Classics,996331,MENU0011,Cappuccino - Large,275.0,2.0,550.0,Synthetic promotion,17.78,0,17.78,532.22,26.61,558.83,45.76,91.52,82.8,83.62
ABNAH Cafe Connaught Place,2026-03-25,BILL-OUT001-260325-0009,Delivery/Takeaway,Takeaway,,,Beverage,Coffee Classics,996331,MENU0012,Flat White - Regular,235.0,1.0,235.0,Synthetic promotion,5.05,0,5.05,229.95,11.5,241.45,36.17,36.17,84.27,85.02
ABNAH Cafe Connaught Place,2026-03-25,BILL-OUT001-260325-0010,Delivery/Takeaway,Corporate Order,,,Beverage,Coffee Classics,996331,MENU0014,Flat White - Large,290.39,1.0,290.39,,0.0,0,0.0,290.39,14.52,304.91,45.76,45.76,84.24,84.99
ABNAH Cafe Connaught Place,2026-03-25,BILL-OUT001-260325-0011,Dine In,Dine In,,,Beverage,Coffee Classics,996331,MENU0015,Mocha - Regular,249.38,4.0,997.52,,0.0,0,0.0,997.54,49.88,1047.42,42.67,170.68,82.89,83.7
ABNAH Cafe Connaught Place,2026-03-25,BILL-OUT001-260325-0012,Delivery/Takeaway,Corporate Order,Guest 6715,9000006715,Beverage,Coffee Classics,996331,MENU0016,Mocha - Medium,270.0,1.0,270.0,Synthetic promotion,0.79,0,0.79,269.21,13.46,282.67,48.42,48.42,82.01,82.87
ABNAH Cafe Connaught Place,2026-03-25,BILL-OUT001-260325-0013,Dine In,Dine In,Guest 1665,9000001665,Beverage,Signature Coffee,996331,MENU0018,Sea Salt Mocha - Regular,275.0,2.0,550.0,Synthetic promotion,14.25,0,14.25,535.75,26.79,562.54,42.67,85.34,84.07,84.83
ABNAH Cafe Connaught Place,2026-03-25,BILL-OUT001-260325-0014,Delivery/Takeaway,Takeaway,,,Beverage,Signature Coffee,996331,MENU0021,Orange Zest Mocha - Regular,270.0,1.0,270.0,Synthetic promotion,9.64,0,9.64,260.36,13.02,273.38,42.67,42.67,83.61,84.39
ABNAH Cafe Connaught Place,2026-03-25,BILL-OUT001-260325-0015,Delivery/Takeaway,Takeaway,,,Beverage,Signature Coffee,996331,MENU0026,Caramel Macchiato - Large,325.0,1.0,325.0,Synthetic promotion,16.75,0,16.75,308.25,15.41,323.66,53.88,53.88,82.52,83.35
ABNAH Cafe Connaught Place,2026-03-25,BILL-OUT001-260325-0016,Delivery/Takeaway,Corporate Order,,,Beverage,Signature Coffee,996331,MENU0027,French Vanilla Latte - Regular,269.21,1.0,269.21,,0.0,0,0.0,269.21,13.46,282.67,42.17,42.17,84.34,85.08
ABNAH Cafe Connaught Place,2026-03-25,BILL-OUT001-260325-0017,Dine In,Dine In,Guest 6835,9000006835,Beverage,Signature Coffee,996331,MENU0029,French Vanilla Latte - Large,325.0,2.0,650.0,Synthetic promotion,29.21,0,29.21,620.79,31.04,651.83,53.56,107.12,82.74,83.57
ABNAH Cafe Connaught Place,2026-03-25,BILL-OUT001-260325-0018,Delivery/Takeaway,Corporate Order,Guest 2024,9000002024,Beverage,Signature Coffee,996331,MENU0030,Vegan Iced Latte - Regular,285.0,1.0,285.0,Synthetic promotion,15.12,0,15.12,269.88,13.49,283.37,58.9,58.9,78.18,79.21
ABNAH Cafe Connaught Place,2026-03-25,BILL-OUT001-260325-0019,Delivery/Takeaway,Corporate Order,,,Beverage,Signature Coffee,996331,MENU0031,Vegan Iced Latte - Medium,313.29,1.0,313.29,,0.0,0,0.0,313.29,15.66,328.95,66.95,66.95,78.63,79.65
ABNAH Cafe Connaught Place,2026-03-25,BILL-OUT001-260325-0020,Delivery/Takeaway,Corporate Order,,,Beverage,Signature Coffee,996331,MENU0032,Vegan Iced Latte - Large,338.5,1.0,338.5,,0.0,0,0.0,338.5,16.93,355.43,75.02,75.02,77.84,78.89
ABNAH Cafe Connaught Place,2026-03-25,BILL-OUT001-260325-0021,Delivery/Takeaway,Corporate Order,,,Beverage,Cold Brew,996331,MENU0034,Classic Cold Brew - Medium,250.0,1.0,250.0,Synthetic promotion,8.35,0,8.35,241.65,12.08,253.73,28.66,28.66,88.14,88.7
ABNAH Cafe Connaught Place,2026-03-25,BILL-OUT001-260325-0022,Delivery/Takeaway,Corporate Order,,,Beverage,Cold Brew,996331,MENU0035,Classic Cold Brew - Large,279.36,1.0,279.36,,0.0,0,0.0,279.36,13.97,293.33,31.73,31.73,88.64,89.18
ABNAH Cafe Connaught Place,2026-03-25,BILL-OUT001-260325-0023,Delivery/Takeaway,Takeaway,,,Beverage,Cold Brew,996331,MENU0038,Coffee Lemonade - Large,285.0,2.0,570.0,Synthetic promotion,28.77,0,28.77,541.23,27.06,568.29,36.73,73.46,86.43,87.07
ABNAH Cafe Connaught Place,2026-03-25,BILL-OUT001-260325-0024,Dine In,Dine In,,,Beverage,Cold Brew,996331,MENU0039,Vietnamese Shakerato - Regular,256.24,1.0,256.24,,0.0,0,0.0,256.24,12.81,269.05,25.6,25.6,90.01,90.49
ABNAH Cafe Connaught Place,2026-03-25,BILL-OUT001-260325-0025,Dine In,Dine In,Guest 5759,9000005759,Beverage,Cold Brew,996331,MENU0041,Vietnamese Shakerato - Large,305.0,1.0,305.0,Synthetic promotion,5.55,0,5.55,299.45,14.97,314.42,31.73,31.73,89.4,89.91
ABNAH Cafe Connaught Place,2026-03-25,BILL-OUT001-260325-0026,Dine In,Dine In,,,Beverage,Cold Coffee,996331,MENU0042,Classic Cold Coffee - Regular,258.62,2.0,517.24,,0.0,0,0.0,517.24,25.86,543.1,38.56,77.12,85.09,85.8
ABNAH Cafe Connaught Place,2026-03-25,BILL-OUT001-260325-0027,Delivery/Takeaway,Corporate Order,,,Beverage,Cold Coffee,996331,MENU0049,Caramel Cold Coffee - Medium,320.0,1.0,320.0,Synthetic promotion,5.92,0,5.92,314.08,15.7,329.78,50.74,50.74,83.84,84.61
ABNAH Cafe Connaught Place,2026-03-25,BILL-OUT001-260325-0028,Delivery/Takeaway,Takeaway,Guest 2642,9000002642,Beverage,Cold Coffee,996331,MENU0050,Caramel Cold Coffee - Large,355.0,1.0,355.0,Synthetic promotion,20.09,0,20.09,334.91,16.75,351.66,56.7,56.7,83.07,83.88
ABNAH Cafe Connaught Place,2026-03-25,BILL-OUT001-260325-0029,Delivery/Takeaway,Corporate Order,,,Beverage,Tea,996331,MENU0051,Masala Chai Latte - Regular,195.0,3.0,585.0,Synthetic promotion,11.55,0,11.55,573.45,28.67,602.12,36.17,108.51,81.08,81.98
ABNAH Cafe Connaught Place,2026-03-25,BILL-OUT001-260325-0030,Delivery/Takeaway,Takeaway,,,Beverage,Tea,996331,MENU0053,Masala Chai Latte - Large,247.84,1.0,247.84,,0.0,0,0.0,247.84,12.39,260.23,45.76,45.76,81.54,82.42
ABNAH Cafe Connaught Place,2026-03-25,BILL-OUT001-260325-0031,Delivery/Takeaway,Takeaway,,,Beverage,Tea,996331,MENU0057,Japanese Matcha Latte - Large,325.0,1.0,325.0,Synthetic promotion,6.08,0,6.08,318.92,15.95,334.87,45.76,45.76,85.65,86.33
ABNAH Cafe Connaught Place,2026-03-25,BILL-OUT001-260325-0032,Delivery/Takeaway,Corporate Order,,,Beverage,Iced Tea,996331,MENU0061,Hibiscus Lime Iced Tea - Regular,227.32,1.0,227.32,,0.0,0,0.0,227.32,11.37,238.69,24.09,24.09,89.4,89.91
ABNAH Cafe Connaught Place,2026-03-25,BILL-OUT001-260325-0033,Dine In,Dine In,,,Beverage,Iced Tea,996331,MENU0063,Hibiscus Lime Iced Tea - Large,275.0,1.0,275.0,Synthetic promotion,0.28,0,0.28,274.72,13.74,288.46,29.77,29.77,89.16,89.68
ABNAH Cafe Connaught Place,2026-03-25,BILL-OUT001-260325-0034,Delivery/Takeaway,Corporate Order,Guest 3794,9000003794,Beverage,Shake,996331,MENU0069,Choco Chip Shake - Medium,334.57,1.0,334.57,,0.0,0,0.0,334.57,16.73,351.3,38.42,38.42,88.52,89.06
ABNAH Cafe Connaught Place,2026-03-25,BILL-OUT001-260325-0035,Delivery/Takeaway,Corporate Order,Guest 8854,9000008854,Beverage,Shake,996331,MENU0071,Mixed Berry Shake - Regular,315.0,1.0,315.0,Synthetic promotion,9.66,0,9.66,305.34,15.27,320.61,61.21,61.21,79.95,80.91
ABNAH Cafe Connaught Place,2026-03-25,BILL-OUT001-260325-0036,Delivery/Takeaway,Corporate Order,,,Beverage,Smoothie,996331,MENU0075,Seasonal Smoothie - Medium,340.0,1.0,340.0,Synthetic promotion,7.99,0,7.99,332.01,16.6,348.61,37.59,37.59,88.68,89.22
ABNAH Cafe Connaught Place,2026-03-25,BILL-OUT001-260325-0037,Dine In,Dine In,,,Beverage,Smoothie,996331,MENU0076,Seasonal Smoothie - Large,375.0,2.0,750.0,Synthetic promotion,38.07,0,38.07,711.93,35.6,747.53,41.83,83.66,88.25,88.81
ABNAH Cafe Connaught Place,2026-03-25,BILL-OUT001-260325-0038,Delivery/Takeaway,Corporate Order,,,Food,Wraps,996331,MENU0078,Shredded Chicken Wrap,295.0,2.0,590.0,Synthetic promotion,29.52,0,29.52,560.48,28.02,588.5,70.05,140.1,75.0,76.19
ABNAH Cafe Connaught Place,2026-03-25,BILL-OUT001-260325-0039,Dine In,Dine In,,,Food,Sandwiches,996331,MENU0079,Smoked Chipotle Paneer Sandwich,295.0,1.0,295.0,Synthetic promotion,17.18,0,17.18,277.82,13.89,291.71,90.66,90.66,67.37,68.92
ABNAH Cafe Connaught Place,2026-03-25,BILL-OUT001-260325-0040,Delivery/Takeaway,Takeaway,,,Food,Sandwiches,996331,MENU0081,Pepper Chicken Sandwich,315.0,1.0,315.0,Synthetic promotion,18.04,0,18.04,296.96,14.85,311.81,87.66,87.66,70.48,71.89
ABNAH Cafe Connaught Place,2026-03-25,BILL-OUT001-260325-0041,Delivery/Takeaway,Corporate Order,,,Food,Sandwiches,996331,MENU0082,Tandoori Chicken Sandwich,321.59,1.0,321.59,,0.0,0,0.0,321.59,16.08,337.67,87.66,87.66,72.74,74.04
ABNAH Cafe Connaught Place,2026-03-25,BILL-OUT001-260325-0042,Delivery/Takeaway,Corporate Order,Guest 3244,9000003244,Food,Toasts,996331,MENU0083,Chilli Cheese Garlic Toast,235.0,1.0,235.0,Synthetic promotion,11.84,0,11.84,223.16,11.16,234.32,42.14,42.14,81.12,82.02
ABNAH Cafe Connaught Place,2026-03-25,BILL-OUT001-260325-0043,Delivery/Takeaway,Corporate Order,,,Food,Breakfast,996331,MENU0087,Cream Cheese Bagel,250.0,2.0,500.0,Synthetic promotion,18.91,0,18.91,481.09,24.05,505.14,54.49,108.98,77.35,78.43
ABNAH Cafe Connaught Place,2026-03-25,BILL-OUT001-260325-0044,Delivery/Takeaway,Corporate Order,Guest 8874,9000008874,Food,Breakfast,996331,MENU0089,Masala Egg Bun,225.0,2.0,450.0,Synthetic promotion,16.35,0,16.35,433.65,21.68,455.33,42.74,85.48,80.29,81.23
ABNAH Cafe Connaught Place,2026-03-25,BILL-OUT001-260325-0045,Dine In,Dine In,Guest 6194,9000006194,Food,Baked Goods,996331,MENU0094,Butter Croissant,195.0,2.0,390.0,Synthetic promotion,8.44,0,8.44,381.56,19.08,400.64,58.04,116.08,69.58,71.03
ABNAH Cafe Connaught Place,2026-03-25,BILL-OUT001-260325-0046,Delivery/Takeaway,Takeaway,Guest 1228,9000001228,Food,Baked Goods,996331,MENU0097,Mushroom Cheese Croissant,255.62,1.0,255.62,,0.0,0,0.0,255.62,12.78,268.4,74.84,74.84,70.72,72.12
ABNAH Cafe Connaught Place,2026-03-25,BILL-OUT001-260325-0047,Dine In,Dine In,,,Dessert,Desserts,996331,MENU0107,Jaggery Parmesan Cookie,170.0,3.0,510.0,Synthetic promotion,6.93,0,6.93,503.07,25.15,528.22,41.02,123.06,75.54,76.7
ABNAH Cafe Connaught Place,2026-03-26,BILL-OUT001-260326-0001,Dine In,Dine In,Guest 6978,9000006978,Beverage,Coffee Classics,996331,MENU0003,Americano - Regular,188.3,5.0,941.5,Synthetic promotion,0.02,0,0.02,941.48,47.07,988.55,23.21,116.05,87.67,88.26
ABNAH Cafe Connaught Place,2026-03-26,BILL-OUT001-260326-0002,Delivery/Takeaway,Takeaway,,,Beverage,Coffee Classics,996331,MENU0004,Americano - Medium,210.0,3.0,630.0,Synthetic promotion,36.21,0,36.21,593.79,29.69,623.48,26.05,78.15,86.84,87.47
ABNAH Cafe Connaught Place,2026-03-26,BILL-OUT001-260326-0003,Dine In,Dine In,,,Beverage,Coffee Classics,996331,MENU0005,Americano - Large,235.0,2.0,470.0,Synthetic promotion,20.18,0,20.18,449.82,22.49,472.31,28.91,57.82,87.15,87.76
ABNAH Cafe Connaught Place,2026-03-26,BILL-OUT001-260326-0004,Delivery/Takeaway,Corporate Order,,,Beverage,Coffee Classics,996331,MENU0006,Latte - Regular,225.0,2.0,450.0,Synthetic promotion,20.55,0,20.55,429.45,21.47,450.92,36.17,72.34,83.16,83.96
ABNAH Cafe Connaught Place,2026-03-26,BILL-OUT001-260326-0005,Delivery/Takeaway,Corporate Order,,,Beverage,Coffee Classics,996331,MENU0007,Latte - Medium,250.0,3.0,750.0,Synthetic promotion,44.71,0,44.71,705.29,35.26,740.55,40.96,122.88,82.58,83.41
ABNAH Cafe Connaught Place,2026-03-26,BILL-OUT001-260326-0006,Dine In,Dine In,,,Beverage,Coffee Classics,996331,MENU0009,Cappuccino - Regular,225.0,3.0,675.0,Synthetic promotion,34.86,0,34.86,640.14,32.01,672.15,36.17,108.51,83.05,83.86
ABNAH Cafe Connaught Place,2026-03-26,BILL-OUT001-260326-0007,Delivery/Takeaway,Takeaway,,,Beverage,Coffee Classics,996331,MENU0011,Cappuccino - Large,275.0,1.0,275.0,Synthetic promotion,5.52,0,5.52,269.48,13.47,282.95,45.76,45.76,83.02,83.83
ABNAH Cafe Connaught Place,2026-03-26,BILL-OUT001-260326-0008,Delivery/Takeaway,Takeaway,,,Beverage,Coffee Classics,996331,MENU0012,Flat White - Regular,239.15,6.0,1434.9,,0.0,0,0.0,1434.92,71.75,1506.67,36.17,217.02,84.88,85.6
ABNAH Cafe Connaught Place,2026-03-26,BILL-OUT001-260326-0009,Delivery/Takeaway,Takeaway,,,Beverage,Coffee Classics,996331,MENU0014,Flat White - Large,285.0,2.0,570.0,Synthetic promotion,27.84,0,27.84,542.16,27.11,569.27,45.76,91.52,83.12,83.92
ABNAH Cafe Connaught Place,2026-03-26,BILL-OUT001-260326-0010,Dine In,Dine In,Guest 7438,9000007438,Beverage,Coffee Classics,996331,MENU0015,Mocha - Regular,245.0,1.0,245.0,Synthetic promotion,5.91,0,5.91,239.09,11.95,251.04,42.67,42.67,82.15,83.0
ABNAH Cafe Connaught Place,2026-03-26,BILL-OUT001-260326-0011,Dine In,Dine In,,,Beverage,Coffee Classics,996331,MENU0016,Mocha - Medium,270.0,2.0,540.0,Synthetic promotion,8.86,0,8.86,531.14,26.56,557.7,48.42,96.84,81.77,82.64
ABNAH Cafe Connaught Place,2026-03-26,BILL-OUT001-260326-0012,Dine In,Dine In,,,Beverage,Signature Coffee,996331,MENU0018,Sea Salt Mocha - Regular,275.0,1.0,275.0,Synthetic promotion,14.38,0,14.38,260.62,13.03,273.65,42.67,42.67,83.63,84.41
ABNAH Cafe Connaught Place,2026-03-26,BILL-OUT001-260326-0013,Delivery/Takeaway,Corporate Order,,,Beverage,Signature Coffee,996331,MENU0021,Orange Zest Mocha - Regular,270.0,3.0,810.0,Synthetic promotion,14.12,0,14.12,795.88,39.79,835.67,42.67,128.01,83.92,84.68
ABNAH Cafe Connaught Place,2026-03-26,BILL-OUT001-260326-0014,Delivery/Takeaway,Takeaway,,,Beverage,Signature Coffee,996331,MENU0022,Orange Zest Mocha - Medium,300.0,3.0,900.0,Synthetic promotion,6.93,0,6.93,893.07,44.65,937.72,48.42,145.26,83.73,84.51
ABNAH Cafe Connaught Place,2026-03-26,BILL-OUT001-260326-0015,Dine In,Dine In,,,Beverage,Signature Coffee,996331,MENU0023,Orange Zest Mocha - Large,330.0,1.0,330.0,Synthetic promotion,18.64,0,18.64,311.36,15.57,326.93,54.21,54.21,82.59,83.42
ABNAH Cafe Connaught Place,2026-03-26,BILL-OUT001-260326-0016,Dine In,Dine In,Guest 7548,9000007548,Beverage,Signature Coffee,996331,MENU0025,Caramel Macchiato - Medium,295.67,1.0,295.67,,0.0,0,0.0,295.67,14.78,310.45,48.13,48.13,83.72,84.5
ABNAH Cafe Connaught Place,2026-03-26,BILL-OUT001-260326-0017,Dine In,Dine In,,,Beverage,Signature Coffee,996331,MENU0026,Caramel Macchiato - Large,325.0,3.0,975.0,Synthetic promotion,30.05,0,30.05,944.95,47.25,992.2,53.88,161.64,82.89,83.71
ABNAH Cafe Connaught Place,2026-03-26,BILL-OUT001-260326-0018,Dine In,Dine In,,,Beverage,Signature Coffee,996331,MENU0027,French Vanilla Latte - Regular,265.0,3.0,795.0,Synthetic promotion,23.47,0,23.47,771.53,38.58,810.11,42.17,126.51,83.6,84.38
ABNAH Cafe Connaught Place,2026-03-26,BILL-OUT001-260326-0019,Dine In,Dine In,,,Beverage,Signature Coffee,996331,MENU0028,French Vanilla Latte - Medium,295.0,2.0,590.0,Synthetic promotion,11.1,0,11.1,578.9,28.95,607.85,47.85,95.7,83.47,84.26
ABNAH Cafe Connaught Place,2026-03-26,BILL-OUT001-260326-0020,Delivery/Takeaway,Takeaway,,,Beverage,Signature Coffee,996331,MENU0029,French Vanilla Latte - Large,328.77,2.0,657.54,,0.0,0,0.0,657.55,32.88,690.43,53.56,107.12,83.71,84.49
ABNAH Cafe Connaught Place,2026-03-26,BILL-OUT001-260326-0021,Delivery/Takeaway,Corporate Order,,,Beverage,Signature Coffee,996331,MENU0030,Vegan Iced Latte - Regular,285.0,2.0,570.0,Synthetic promotion,30.33,0,30.33,539.67,26.98,566.65,58.9,117.8,78.17,79.21
ABNAH Cafe Connaught Place,2026-03-26,BILL-OUT001-260326-0022,Dine In,Dine In,,,Beverage,Signature Coffee,996331,MENU0031,Vegan Iced Latte - Medium,310.0,2.0,620.0,Synthetic promotion,0.94,0,0.94,619.06,30.95,650.01,66.95,133.9,78.37,79.4
ABNAH Cafe Connaught Place,2026-03-26,BILL-OUT001-260326-0023,Delivery/Takeaway,Takeaway,,,Beverage,Cold Brew,996331,MENU0033,Classic Cold Brew - Regular,225.0,1.0,225.0,Synthetic promotion,10.58,0,10.58,214.42,10.72,225.14,25.6,25.6,88.06,88.63
ABNAH Cafe Connaught Place,2026-03-26,BILL-OUT001-260326-0024,Delivery/Takeaway,Corporate Order,,,Beverage,Cold Brew,996331,MENU0034,Classic Cold Brew - Medium,250.0,2.0,500.0,Synthetic promotion,21.79,0,21.79,478.21,23.91,502.12,28.66,57.32,88.01,88.58
ABNAH Cafe Connaught Place,2026-03-26,BILL-OUT001-260326-0025,Delivery/Takeaway,Takeaway,Guest 8416,9000008416,Beverage,Cold Brew,996331,MENU0037,Coffee Lemonade - Medium,260.0,1.0,260.0,Synthetic promotion,9.25,0,9.25,250.75,12.54,263.29,33.09,33.09,86.8,87.43
ABNAH Cafe Connaught Place,2026-03-26,BILL-OUT001-260326-0026,Dine In,Dine In,,,Beverage,Cold Brew,996331,MENU0039,Vietnamese Shakerato - Regular,255.0,1.0,255.0,Synthetic promotion,9.2,0,9.2,245.8,12.29,258.09,25.6,25.6,89.59,90.08
ABNAH Cafe Connaught Place,2026-03-26,BILL-OUT001-260326-0027,Delivery/Takeaway,Takeaway,Guest 5955,9000005955,Beverage,Cold Brew,996331,MENU0041,Vietnamese Shakerato - Large,305.0,1.0,305.0,Synthetic promotion,16.17,0,16.17,288.83,14.44,303.27,31.73,31.73,89.01,89.54
ABNAH Cafe Connaught Place,2026-03-26,BILL-OUT001-260326-0028,Delivery/Takeaway,Takeaway,,,Beverage,Cold Coffee,996331,MENU0042,Classic Cold Coffee - Regular,255.0,1.0,255.0,Synthetic promotion,10.42,0,10.42,244.58,12.23,256.81,38.56,38.56,84.23,84.99
ABNAH Cafe Connaught Place,2026-03-26,BILL-OUT001-260326-0029,Dine In,Dine In,,,Beverage,Cold Coffee,996331,MENU0043,Classic Cold Coffee - Medium,295.58,1.0,295.58,,0.0,0,0.0,295.58,14.78,310.36,43.56,43.56,85.26,85.96
ABNAH Cafe Connaught Place,2026-03-26,BILL-OUT001-260326-0030,Delivery/Takeaway,Corporate Order,Guest 7571,9000007571,Beverage,Cold Coffee,996331,MENU0044,Classic Cold Coffee - Large,329.02,1.0,329.02,,0.0,0,0.0,329.02,16.45,345.47,48.58,48.58,85.23,85.94
ABNAH Cafe Connaught Place,2026-03-26,BILL-OUT001-260326-0031,Delivery/Takeaway,Takeaway,,,Beverage,Cold Coffee,996331,MENU0045,Mocha Cold Coffee - Regular,285.0,2.0,570.0,Synthetic promotion,0.81,0,0.81,569.19,28.46,597.65,45.06,90.12,84.17,84.92
ABNAH Cafe Connaught Place,2026-03-26,BILL-OUT001-260326-0032,Dine In,Dine In,,,Beverage,Cold Coffee,996331,MENU0047,Mocha Cold Coffee - Large,357.98,1.0,357.98,,0.0,0,0.0,357.98,17.9,375.88,57.03,57.03,84.07,84.83
ABNAH Cafe Connaught Place,2026-03-26,BILL-OUT001-260326-0033,Delivery/Takeaway,Takeaway,,,Beverage,Cold Coffee,996331,MENU0048,Caramel Cold Coffee - Regular,285.0,2.0,570.0,Synthetic promotion,29.0,0,29.0,541.0,27.05,568.05,44.81,89.62,83.43,84.22
ABNAH Cafe Connaught Place,2026-03-26,BILL-OUT001-260326-0034,Delivery/Takeaway,Corporate Order,,,Beverage,Tea,996331,MENU0052,Masala Chai Latte - Medium,220.0,1.0,220.0,Synthetic promotion,9.77,0,9.77,210.23,10.51,220.74,40.96,40.96,80.52,81.44
ABNAH Cafe Connaught Place,2026-03-26,BILL-OUT001-260326-0035,Delivery/Takeaway,Takeaway,,,Beverage,Shake,996331,MENU0068,Choco Chip Shake - Regular,295.0,1.0,295.0,Synthetic promotion,3.19,0,3.19,291.81,14.59,306.4,34.11,34.11,88.31,88.87
ABNAH Cafe Connaught Place,2026-03-26,BILL-OUT001-260326-0036,Dine In,Dine In,,,Beverage,Smoothie,996331,MENU0076,Seasonal Smoothie - Large,375.0,1.0,375.0,Synthetic promotion,19.7,0,19.7,355.3,17.77,373.07,41.83,41.83,88.23,88.79
ABNAH Cafe Connaught Place,2026-03-26,BILL-OUT001-260326-0037,Dine In,Dine In,,,Food,Wraps,996331,MENU0078,Shredded Chicken Wrap,298.48,1.0,298.48,,0.0,0,0.0,298.48,14.92,313.4,70.05,70.05,76.53,77.65
ABNAH Cafe Connaught Place,2026-03-26,BILL-OUT001-260326-0038,Delivery/Takeaway,Takeaway,,,Food,Sandwiches,996331,MENU0081,Pepper Chicken Sandwich,316.14,4.0,1264.56,Synthetic promotion,0.01,0,0.01,1264.55,63.23,1327.78,87.66,350.64,72.27,73.59
ABNAH Cafe Connaught Place,2026-03-26,BILL-OUT001-260326-0039,Delivery/Takeaway,Corporate Order,,,Food,Sandwiches,996331,MENU0082,Tandoori Chicken Sandwich,320.0,3.0,960.0,Synthetic promotion,19.77,0,19.77,940.23,47.01,987.24,87.66,262.98,72.03,73.36
ABNAH Cafe Connaught Place,2026-03-26,BILL-OUT001-260326-0040,Dine In,Dine In,,,Food,Breakfast,996331,MENU0086,Breakfast Pancakes,285.0,2.0,570.0,Synthetic promotion,8.27,0,8.27,561.73,28.09,589.82,66.89,133.78,76.18,77.32
ABNAH Cafe Connaught Place,2026-03-26,BILL-OUT001-260326-0041,Delivery/Takeaway,Takeaway,,,Food,Breakfast,996331,MENU0087,Cream Cheese Bagel,250.0,2.0,500.0,Synthetic promotion,3.75,0,3.75,496.25,24.81,521.06,54.49,108.98,78.04,79.08
ABNAH Cafe Connaught Place,2026-03-26,BILL-OUT001-260326-0042,Delivery/Takeaway,Corporate Order,,,Food,Breakfast,996331,MENU0088,Scallion Pepper Cream Cheese Bagel,265.56,2.0,531.12,Synthetic promotion,0.01,0,0.01,531.11,26.56,557.67,54.49,108.98,79.48,80.46
ABNAH Cafe Connaught Place,2026-03-26,BILL-OUT001-260326-0043,Dine In,Dine In,,,Food,Breakfast,996331,MENU0089,Masala Egg Bun,225.0,1.0,225.0,Synthetic promotion,2.18,0,2.18,222.82,11.14,233.96,42.74,42.74,80.82,81.73
ABNAH Cafe Connaught Place,2026-03-26,BILL-OUT001-260326-0044,Delivery/Takeaway,Takeaway,,,Food,Snacks,996331,MENU0091,Pesto Sundried Tomato Pin Wheel,226.65,1.0,226.65,,0.0,0,0.0,226.65,11.33,237.98,42.04,42.04,81.45,82.33
ABNAH Cafe Connaught Place,2026-03-26,BILL-OUT001-260326-0045,Dine In,Dine In,Guest 3236,9000003236,Food,Snacks,996331,MENU0092,Turnover with Brioche Dough Chicken,255.81,2.0,511.62,,0.0,0,0.0,511.63,25.58,537.21,87.54,175.08,65.78,67.41
ABNAH Cafe Connaught Place,2026-03-26,BILL-OUT001-260326-0046,Delivery/Takeaway,Takeaway,,,Food,Baked Goods,996331,MENU0095,Almond Croissant,245.51,1.0,245.51,,0.0,0,0.0,245.51,12.28,257.79,58.04,58.04,76.36,77.49
ABNAH Cafe Connaught Place,2026-03-26,BILL-OUT001-260326-0047,Delivery/Takeaway,Takeaway,,,Food,Baked Goods,996331,MENU0096,Chocolate Croissant,235.0,1.0,235.0,Synthetic promotion,12.29,0,12.29,222.71,11.14,233.85,64.54,64.54,71.02,72.4
ABNAH Cafe Connaught Place,2026-03-26,BILL-OUT001-260326-0048,Dine In,Dine In,,,Food,Baked Goods,996331,MENU0097,Mushroom Cheese Croissant,255.0,2.0,510.0,Synthetic promotion,28.32,0,28.32,481.68,24.08,505.76,74.84,149.68,68.93,70.4
ABNAH Cafe Connaught Place,2026-03-26,BILL-OUT001-260326-0049,Dine In,Dine In,Guest 0564,9000000564,Dessert,Baked Goods,996331,MENU0099,Cinnamon Roll with Cream Cheese,220.0,1.0,220.0,Synthetic promotion,6.0,0,6.0,214.0,10.7,224.7,52.57,52.57,75.43,76.6
ABNAH Cafe Connaught Place,2026-03-26,BILL-OUT001-260326-0050,Delivery/Takeaway,Corporate Order,,,Dessert,Desserts,996331,MENU0106,Death by Chocolate Cookie,190.0,1.0,190.0,Synthetic promotion,5.32,0,5.32,184.68,9.23,193.91,47.52,47.52,74.27,75.49
ABNAH Cafe Connaught Place,2026-03-26,BILL-OUT001-260326-0051,Delivery/Takeaway,Corporate Order,Guest 7125,9000007125,Dessert,Desserts,996331,MENU0109,Basque Cheesecake,310.0,1.0,310.0,Synthetic promotion,16.36,0,16.36,293.64,14.68,308.32,82.57,82.57,71.88,73.22
ABNAH Cafe Connaught Place,2026-03-26,BILL-OUT001-260326-0052,Delivery/Takeaway,Corporate Order,,,Dessert,Baked Goods,996331,MENU0110,Multigrain Walnut Tea Cake,228.26,1.0,228.26,,0.0,0,0.0,228.26,11.41,239.67,56.57,56.57,75.22,76.4
ABNAH Cafe Connaught Place,2026-03-27,BILL-OUT001-260327-0001,Delivery/Takeaway,Corporate Order,,,Beverage,Espresso,996331,MENU0002,Espresso Shot - Doppio,187.3,1.0,187.3,,0.0,0,0.0,187.3,9.37,196.67,21.27,21.27,88.64,89.18
ABNAH Cafe Connaught Place,2026-03-27,BILL-OUT001-260327-0002,Delivery/Takeaway,Takeaway,Guest 7514,9000007514,Beverage,Coffee Classics,996331,MENU0003,Americano - Regular,187.66,6.0,1125.96,,0.0,0,0.0,1125.99,56.3,1182.29,23.21,139.26,87.63,88.22
ABNAH Cafe Connaught Place,2026-03-27,BILL-OUT001-260327-0003,Delivery/Takeaway,Corporate Order,,,Beverage,Coffee Classics,996331,MENU0004,Americano - Medium,212.4,3.0,637.2,,0.0,0,0.0,637.2,31.86,669.06,26.05,78.15,87.74,88.32
ABNAH Cafe Connaught Place,2026-03-27,BILL-OUT001-260327-0004,Delivery/Takeaway,Corporate Order,,,Beverage,Coffee Classics,996331,MENU0005,Americano - Large,239.55,3.0,718.65,Synthetic promotion,0.01,0,0.01,718.64,35.93,754.57,28.91,86.73,87.93,88.51
ABNAH Cafe Connaught Place,2026-03-27,BILL-OUT001-260327-0005,Dine In,Dine In,,,Beverage,Coffee Classics,996331,MENU0006,Latte - Regular,225.0,4.0,900.0,Synthetic promotion,28.66,0,28.66,871.34,43.57,914.91,36.17,144.68,83.4,84.19
ABNAH Cafe Connaught Place,2026-03-27,BILL-OUT001-260327-0006,Delivery/Takeaway,Corporate Order,,,Beverage,Coffee Classics,996331,MENU0007,Latte - Medium,250.53,1.0,250.53,,0.0,0,0.0,250.53,12.53,263.06,40.96,40.96,83.65,84.43
ABNAH Cafe Connaught Place,2026-03-27,BILL-OUT001-260327-0007,Dine In,Dine In,,,Beverage,Coffee Classics,996331,MENU0008,Latte - Large,275.0,2.0,550.0,Synthetic promotion,4.09,0,4.09,545.91,27.3,573.21,45.76,91.52,83.24,84.03
ABNAH Cafe Connaught Place,2026-03-27,BILL-OUT001-260327-0008,Delivery/Takeaway,Takeaway,,,Beverage,Coffee Classics,996331,MENU0009,Cappuccino - Regular,225.0,4.0,900.0,Synthetic promotion,4.14,0,4.14,895.86,44.79,940.65,36.17,144.68,83.85,84.62
ABNAH Cafe Connaught Place,2026-03-27,BILL-OUT001-260327-0009,Delivery/Takeaway,Corporate Order,,,Beverage,Coffee Classics,996331,MENU0010,Cappuccino - Medium,250.0,2.0,500.0,Synthetic promotion,10.94,0,10.94,489.06,24.45,513.51,40.96,81.92,83.25,84.05
ABNAH Cafe Connaught Place,2026-03-27,BILL-OUT001-260327-0010,Dine In,Dine In,,,Beverage,Coffee Classics,996331,MENU0012,Flat White - Regular,235.0,1.0,235.0,Synthetic promotion,13.24,0,13.24,221.76,11.09,232.85,36.17,36.17,83.69,84.47
ABNAH Cafe Connaught Place,2026-03-27,BILL-OUT001-260327-0011,Delivery/Takeaway,Corporate Order,Guest 1416,9000001416,Beverage,Coffee Classics,996331,MENU0013,Flat White - Medium,260.0,2.0,520.0,Synthetic promotion,7.44,0,7.44,512.56,25.63,538.19,40.96,81.92,84.02,84.78
ABNAH Cafe Connaught Place,2026-03-27,BILL-OUT001-260327-0012,Dine In,Dine In,,,Beverage,Coffee Classics,996331,MENU0014,Flat White - Large,285.0,2.0,570.0,Synthetic promotion,22.23,0,22.23,547.77,27.39,575.16,45.76,91.52,83.29,84.09
ABNAH Cafe Connaught Place,2026-03-27,BILL-OUT001-260327-0013,Dine In,Dine In,,,Beverage,Coffee Classics,996331,MENU0015,Mocha - Regular,246.21,4.0,984.84,,0.0,0,0.0,984.85,49.24,1034.09,42.67,170.68,82.67,83.49
ABNAH Cafe Connaught Place,2026-03-27,BILL-OUT001-260327-0014,Delivery/Takeaway,Takeaway,,,Beverage,Coffee Classics,996331,MENU0016,Mocha - Medium,270.0,1.0,270.0,Synthetic promotion,16.18,0,16.18,253.82,12.69,266.51,48.42,48.42,80.92,81.83
ABNAH Cafe Connaught Place,2026-03-27,BILL-OUT001-260327-0015,Delivery/Takeaway,Corporate Order,,,Beverage,Coffee Classics,996331,MENU0017,Mocha - Large,295.0,1.0,295.0,Synthetic promotion,10.03,0,10.03,284.97,14.25,299.22,54.21,54.21,80.98,81.88
ABNAH Cafe Connaught Place,2026-03-27,BILL-OUT001-260327-0016,Delivery/Takeaway,Takeaway,,,Beverage,Signature Coffee,996331,MENU0018,Sea Salt Mocha - Regular,275.0,3.0,825.0,Synthetic promotion,37.31,0,37.31,787.69,39.38,827.07,42.67,128.01,83.75,84.52
ABNAH Cafe Connaught Place,2026-03-27,BILL-OUT001-260327-0017,Delivery/Takeaway,Takeaway,,,Beverage,Signature Coffee,996331,MENU0019,Sea Salt Mocha - Medium,305.0,2.0,610.0,Synthetic promotion,21.27,0,21.27,588.73,29.44,618.17,48.42,96.84,83.55,84.33
ABNAH Cafe Connaught Place,2026-03-27,BILL-OUT001-260327-0018,Dine In,Dine In,,,Beverage,Signature Coffee,996331,MENU0021,Orange Zest Mocha - Regular,270.0,1.0,270.0,Synthetic promotion,7.24,0,7.24,262.76,13.14,275.9,42.67,42.67,83.76,84.53
ABNAH Cafe Connaught Place,2026-03-27,BILL-OUT001-260327-0019,Delivery/Takeaway,Corporate Order,,,Beverage,Signature Coffee,996331,MENU0023,Orange Zest Mocha - Large,330.0,2.0,660.0,Synthetic promotion,12.55,0,12.55,647.45,32.37,679.82,54.21,108.42,83.25,84.05
ABNAH Cafe Connaught Place,2026-03-27,BILL-OUT001-260327-0020,Delivery/Takeaway,Takeaway,,,Beverage,Signature Coffee,996331,MENU0024,Caramel Macchiato - Regular,265.0,1.0,265.0,Synthetic promotion,11.17,0,11.17,253.83,12.69,266.52,42.42,42.42,83.29,84.08
ABNAH Cafe Connaught Place,2026-03-27,BILL-OUT001-260327-0021,Dine In,Dine In,,,Beverage,Signature Coffee,996331,MENU0025,Caramel Macchiato - Medium,295.0,1.0,295.0,Synthetic promotion,16.27,0,16.27,278.73,13.94,292.67,48.13,48.13,82.73,83.55
ABNAH Cafe Connaught Place,2026-03-27,BILL-OUT001-260327-0022,Dine In,Dine In,,,Beverage,Signature Coffee,996331,MENU0026,Caramel Macchiato - Large,325.0,1.0,325.0,Synthetic promotion,10.0,0,10.0,315.0,15.75,330.75,53.88,53.88,82.9,83.71
ABNAH Cafe Connaught Place,2026-03-27,BILL-OUT001-260327-0023,Delivery/Takeaway,Takeaway,,,Beverage,Signature Coffee,996331,MENU0027,French Vanilla Latte - Regular,265.0,3.0,795.0,Synthetic promotion,25.62,0,25.62,769.38,38.47,807.85,42.17,126.51,83.56,84.34
ABNAH Cafe Connaught Place,2026-03-27,BILL-OUT001-260327-0024,Delivery/Takeaway,Corporate Order,,,Beverage,Signature Coffee,996331,MENU0029,French Vanilla Latte - Large,325.0,2.0,650.0,Synthetic promotion,34.51,0,34.51,615.49,30.77,646.26,53.56,107.12,82.6,83.42
ABNAH Cafe Connaught Place,2026-03-27,BILL-OUT001-260327-0025,Delivery/Takeaway,Takeaway,,,Beverage,Signature Coffee,996331,MENU0030,Vegan Iced Latte - Regular,285.0,1.0,285.0,Synthetic promotion,5.26,0,5.26,279.74,13.99,293.73,58.9,58.9,78.94,79.95
ABNAH Cafe Connaught Place,2026-03-27,BILL-OUT001-260327-0026,Delivery/Takeaway,Takeaway,,,Beverage,Signature Coffee,996331,MENU0031,Vegan Iced Latte - Medium,311.42,4.0,1245.68,Synthetic promotion,0.02,0,0.02,1245.66,62.28,1307.94,66.95,267.8,78.5,79.53
ABNAH Cafe Connaught Place,2026-03-27,BILL-OUT001-260327-0027,Delivery/Takeaway,Takeaway,,,Beverage,Signature Coffee,996331,MENU0032,Vegan Iced Latte - Large,335.0,1.0,335.0,Synthetic promotion,0.24,0,0.24,334.76,16.74,351.5,75.02,75.02,77.59,78.66
ABNAH Cafe Connaught Place,2026-03-27,BILL-OUT001-260327-0028,Delivery/Takeaway,Corporate Order,,,Beverage,Cold Brew,996331,MENU0033,Classic Cold Brew - Regular,225.0,2.0,450.0,Synthetic promotion,3.77,0,3.77,446.23,22.31,468.54,25.6,51.2,88.53,89.07
ABNAH Cafe Connaught Place,2026-03-27,BILL-OUT001-260327-0029,Delivery/Takeaway,Corporate Order,,,Beverage,Cold Brew,996331,MENU0036,Coffee Lemonade - Regular,235.0,2.0,470.0,Synthetic promotion,4.2,0,4.2,465.8,23.29,489.09,29.45,58.9,87.36,87.96
ABNAH Cafe Connaught Place,2026-03-27,BILL-OUT001-260327-0030,Delivery/Takeaway,Corporate Order,,,Beverage,Cold Brew,996331,MENU0039,Vietnamese Shakerato - Regular,255.0,4.0,1020.0,Synthetic promotion,29.83,0,29.83,990.17,49.51,1039.68,25.6,102.4,89.66,90.15
ABNAH Cafe Connaught Place,2026-03-27,BILL-OUT001-260327-0031,Dine In,Dine In,,,Beverage,Cold Brew,996331,MENU0040,Vietnamese Shakerato - Medium,280.0,1.0,280.0,Synthetic promotion,16.79,0,16.79,263.21,13.16,276.37,28.66,28.66,89.11,89.63
ABNAH Cafe Connaught Place,2026-03-27,BILL-OUT001-260327-0032,Delivery/Takeaway,Takeaway,,,Beverage,Cold Coffee,996331,MENU0042,Classic Cold Coffee - Regular,255.0,1.0,255.0,Synthetic promotion,12.94,0,12.94,242.06,12.1,254.16,38.56,38.56,84.07,84.83
ABNAH Cafe Connaught Place,2026-03-27,BILL-OUT001-260327-0033,Dine In,Dine In,Guest 4926,9000004926,Beverage,Cold Coffee,996331,MENU0043,Classic Cold Coffee - Medium,293.87,1.0,293.87,,0.0,0,0.0,293.87,14.69,308.56,43.56,43.56,85.18,85.88
ABNAH Cafe Connaught Place,2026-03-27,BILL-OUT001-260327-0034,Delivery/Takeaway,Corporate Order,Guest 4371,9000004371,Beverage,Cold Coffee,996331,MENU0045,Mocha Cold Coffee - Regular,285.95,1.0,285.95,,0.0,0,0.0,285.95,14.3,300.25,45.06,45.06,84.24,84.99
ABNAH Cafe Connaught Place,2026-03-27,BILL-OUT001-260327-0035,Delivery/Takeaway,Takeaway,Guest 4026,9000004026,Beverage,Cold Coffee,996331,MENU0048,Caramel Cold Coffee - Regular,285.0,1.0,285.0,Synthetic promotion,8.33,0,8.33,276.67,13.83,290.5,44.81,44.81,83.8,84.57
ABNAH Cafe Connaught Place,2026-03-27,BILL-OUT001-260327-0036,Delivery/Takeaway,Takeaway,,,Beverage,Tea,996331,MENU0051,Masala Chai Latte - Regular,195.0,1.0,195.0,Synthetic promotion,11.43,0,11.43,183.57,9.18,192.75,36.17,36.17,80.3,81.23
ABNAH Cafe Connaught Place,2026-03-27,BILL-OUT001-260327-0037,Dine In,Dine In,,,Beverage,Tea,996331,MENU0052,Masala Chai Latte - Medium,220.0,1.0,220.0,Synthetic promotion,11.46,0,11.46,208.54,10.43,218.97,40.96,40.96,80.36,81.29
ABNAH Cafe Connaught Place,2026-03-27,BILL-OUT001-260327-0038,Delivery/Takeaway,Takeaway,,,Beverage,Tea,996331,MENU0053,Masala Chai Latte - Large,246.17,1.0,246.17,,0.0,0,0.0,246.17,12.31,258.48,45.76,45.76,81.41,82.3
ABNAH Cafe Connaught Place,2026-03-27,BILL-OUT001-260327-0039,Delivery/Takeaway,Corporate Order,,,Beverage,Tea,996331,MENU0054,Himalayan Green Tea,210.0,1.0,210.0,Synthetic promotion,12.27,0,12.27,197.73,9.89,207.62,8.67,8.67,95.62,95.82
ABNAH Cafe Connaught Place,2026-03-27,BILL-OUT001-260327-0040,Delivery/Takeaway,Corporate Order,,,Beverage,Tea,996331,MENU0055,Japanese Matcha Latte - Regular,265.0,5.0,1325.0,Synthetic promotion,70.22,0,70.22,1254.78,62.74,1317.52,36.17,180.85,85.59,86.27
ABNAH Cafe Connaught Place,2026-03-27,BILL-OUT001-260327-0041,Dine In,Dine In,,,Beverage,Tea,996331,MENU0056,Japanese Matcha Latte - Medium,295.0,1.0,295.0,Synthetic promotion,10.69,0,10.69,284.31,14.22,298.53,40.96,40.96,85.59,86.28
ABNAH Cafe Connaught Place,2026-03-27,BILL-OUT001-260327-0042,Delivery/Takeaway,Takeaway,,,Beverage,Iced Tea,996331,MENU0061,Hibiscus Lime Iced Tea - Regular,225.0,1.0,225.0,Synthetic promotion,0.68,0,0.68,224.32,11.22,235.54,24.09,24.09,89.26,89.77
ABNAH Cafe Connaught Place,2026-03-27,BILL-OUT001-260327-0043,Delivery/Takeaway,Corporate Order,,,Beverage,Iced Tea,996331,MENU0062,Hibiscus Lime Iced Tea - Medium,250.0,2.0,500.0,Synthetic promotion,3.09,0,3.09,496.91,24.85,521.76,26.94,53.88,89.16,89.67
ABNAH Cafe Connaught Place,2026-03-27,BILL-OUT001-260327-0044,Delivery/Takeaway,Takeaway,,,Beverage,Kids Beverage,996331,MENU0065,Hot Chocolate - Medium,245.0,2.0,490.0,Synthetic promotion,14.52,0,14.52,475.48,23.77,499.25,40.27,80.54,83.06,83.87
ABNAH Cafe Connaught Place,2026-03-27,BILL-OUT001-260327-0045,Delivery/Takeaway,Takeaway,,,Beverage,Kids Beverage,996331,MENU0067,Babyccino - Regular,165.0,1.0,165.0,Synthetic promotion,8.5,0,8.5,156.5,7.83,164.33,14.21,14.21,90.92,91.35
ABNAH Cafe Connaught Place,2026-03-27,BILL-OUT001-260327-0046,Dine In,Dine In,,,Beverage,Shake,996331,MENU0068,Choco Chip Shake - Regular,295.0,1.0,295.0,Synthetic promotion,11.79,0,11.79,283.21,14.16,297.37,34.11,34.11,87.96,88.53
ABNAH Cafe Connaught Place,2026-03-27,BILL-OUT001-260327-0047,Dine In,Dine In,Guest 2389,9000002389,Beverage,Shake,996331,MENU0071,Mixed Berry Shake - Regular,315.0,2.0,630.0,Synthetic promotion,22.52,0,22.52,607.48,30.37,637.85,61.21,122.42,79.85,80.81
ABNAH Cafe Connaught Place,2026-03-27,BILL-OUT001-260327-0048,Delivery/Takeaway,Takeaway,,,Beverage,Shake,996331,MENU0073,Mixed Berry Shake - Large,385.0,1.0,385.0,Synthetic promotion,13.71,0,13.71,371.29,18.56,389.85,78.02,78.02,78.99,79.99
ABNAH Cafe Connaught Place,2026-03-27,BILL-OUT001-260327-0049,Delivery/Takeaway,Takeaway,,,Food,Sandwiches,996331,MENU0079,Smoked Chipotle Paneer Sandwich,299.74,1.0,299.74,,0.0,0,0.0,299.74,14.99,314.73,90.66,90.66,69.75,71.19
ABNAH Cafe Connaught Place,2026-03-27,BILL-OUT001-260327-0050,Dine In,Dine In,,,Food,Sandwiches,996331,MENU0080,Pesto Veg Sandwich,281.25,4.0,1125.0,,0.0,0,0.0,1125.02,56.25,1181.27,91.86,367.44,67.34,68.89
ABNAH Cafe Connaught Place,2026-03-27,BILL-OUT001-260327-0051,Dine In,Dine In,,,Food,Sandwiches,996331,MENU0082,Tandoori Chicken Sandwich,320.0,1.0,320.0,Synthetic promotion,16.54,0,16.54,303.46,15.17,318.63,87.66,87.66,71.11,72.49
ABNAH Cafe Connaught Place,2026-03-27,BILL-OUT001-260327-0052,Delivery/Takeaway,Takeaway,,,Food,Toasts,996331,MENU0084,Chicken Pepperoni Avocado Toast,330.0,1.0,330.0,Synthetic promotion,16.67,0,16.67,313.33,15.67,329.0,68.54,68.54,78.13,79.17
ABNAH Cafe Connaught Place,2026-03-27,BILL-OUT001-260327-0053,Delivery/Takeaway,Takeaway,,,Food,Breakfast,996331,MENU0086,Breakfast Pancakes,287.32,1.0,287.32,,0.0,0,0.0,287.32,14.37,301.69,66.89,66.89,76.72,77.83
ABNAH Cafe Connaught Place,2026-03-27,BILL-OUT001-260327-0054,Delivery/Takeaway,Corporate Order,,,Food,Breakfast,996331,MENU0088,Scallion Pepper Cream Cheese Bagel,265.0,2.0,530.0,Synthetic promotion,1.89,0,1.89,528.11,26.41,554.52,54.49,108.98,79.36,80.35
ABNAH Cafe Connaught Place,2026-03-27,BILL-OUT001-260327-0055,Dine In,Dine In,,,Food,Baked Goods,996331,MENU0094,Butter Croissant,198.59,1.0,198.59,,0.0,0,0.0,198.59,9.93,208.52,58.04,58.04,70.77,72.17
ABNAH Cafe Connaught Place,2026-03-27,BILL-OUT001-260327-0056,Delivery/Takeaway,Corporate Order,,,Food,Baked Goods,996331,MENU0095,Almond Croissant,245.0,2.0,490.0,Synthetic promotion,13.67,0,13.67,476.33,23.82,500.15,58.04,116.08,75.63,76.79
ABNAH Cafe Connaught Place,2026-03-27,BILL-OUT001-260327-0057,Dine In,Dine In,,,Food,Baked Goods,996331,MENU0097,Mushroom Cheese Croissant,255.0,1.0,255.0,Synthetic promotion,11.97,0,11.97,243.03,12.15,255.18,74.84,74.84,69.21,70.67
ABNAH Cafe Connaught Place,2026-03-27,BILL-OUT001-260327-0058,Delivery/Takeaway,Takeaway,Guest 7118,9000007118,Food,Baked Goods,996331,MENU0098,Sriracha Chicken Croissant,275.0,1.0,275.0,Synthetic promotion,10.8,0,10.8,264.2,13.21,277.41,81.14,81.14,69.29,70.75
ABNAH Cafe Connaught Place,2026-03-27,BILL-OUT001-260327-0059,Delivery/Takeaway,Corporate Order,,,Dessert,Desserts,996331,MENU0104,Classic Chocolate Fudge Brownie,195.0,4.0,780.0,Synthetic promotion,44.73,0,44.73,735.27,36.76,772.03,51.02,204.08,72.24,73.57
ABNAH Cafe Connaught Place,2026-03-27,BILL-OUT001-260327-0060,Dine In,Dine In,Guest 6467,9000006467,Dessert,Desserts,996331,MENU0105,Soft-Centred Caramel Cookie,180.0,1.0,180.0,Synthetic promotion,10.61,0,10.61,169.39,8.47,177.86,46.02,46.02,72.83,74.13
ABNAH Cafe Connaught Place,2026-03-27,BILL-OUT001-260327-0061,Dine In,Dine In,,,Dessert,Desserts,996331,MENU0108,Apple Pie,270.0,1.0,270.0,Synthetic promotion,9.25,0,9.25,260.75,13.04,273.79,56.57,56.57,78.3,79.34
ABNAH Cafe Connaught Place,2026-03-28,BILL-OUT001-260328-0001,Delivery/Takeaway,Takeaway,,,Beverage,Coffee Classics,996331,MENU0003,Americano - Regular,186.3,3.0,558.9,Synthetic promotion,0.01,0,0.01,558.89,27.94,586.83,23.21,69.63,87.54,88.13
ABNAH Cafe Connaught Place,2026-03-28,BILL-OUT001-260328-0002,Dine In,Dine In,,,Beverage,Coffee Classics,996331,MENU0006,Latte - Regular,225.0,5.0,1125.0,Synthetic promotion,26.82,0,26.82,1098.18,54.91,1153.09,36.17,180.85,83.53,84.32
ABNAH Cafe Connaught Place,2026-03-28,BILL-OUT001-260328-0003,Delivery/Takeaway,Takeaway,,,Beverage,Coffee Classics,996331,MENU0007,Latte - Medium,254.74,1.0,254.74,,0.0,0,0.0,254.74,12.74,267.48,40.96,40.96,83.92,84.69
ABNAH Cafe Connaught Place,2026-03-28,BILL-OUT001-260328-0004,Dine In,Dine In,Guest 0231,9000000231,Beverage,Coffee Classics,996331,MENU0008,Latte - Large,277.82,1.0,277.82,,0.0,0,0.0,277.82,13.89,291.71,45.76,45.76,83.53,84.31
ABNAH Cafe Connaught Place,2026-03-28,BILL-OUT001-260328-0005,Delivery/Takeaway,Corporate Order,,,Beverage,Coffee Classics,996331,MENU0009,Cappuccino - Regular,225.0,5.0,1125.0,Synthetic promotion,13.19,0,13.19,1111.81,55.59,1167.4,36.17,180.85,83.73,84.51
ABNAH Cafe Connaught Place,2026-03-28,BILL-OUT001-260328-0006,Delivery/Takeaway,Corporate Order,,,Beverage,Coffee Classics,996331,MENU0010,Cappuccino - Medium,250.0,4.0,1000.0,Synthetic promotion,34.02,0,34.02,965.98,48.3,1014.28,40.96,163.84,83.04,83.85
ABNAH Cafe Connaught Place,2026-03-28,BILL-OUT001-260328-0007,Delivery/Takeaway,Corporate Order,,,Beverage,Coffee Classics,996331,MENU0011,Cappuccino - Large,275.0,1.0,275.0,Synthetic promotion,3.82,0,3.82,271.18,13.56,284.74,45.76,45.76,83.13,83.93
ABNAH Cafe Connaught Place,2026-03-28,BILL-OUT001-260328-0008,Delivery/Takeaway,Takeaway,,,Beverage,Coffee Classics,996331,MENU0012,Flat White - Regular,235.0,3.0,705.0,Synthetic promotion,6.04,0,6.04,698.96,34.95,733.91,36.17,108.51,84.48,85.21
ABNAH Cafe Connaught Place,2026-03-28,BILL-OUT001-260328-0009,Dine In,Dine In,Guest 0375,9000000375,Beverage,Coffee Classics,996331,MENU0016,Mocha - Medium,270.0,2.0,540.0,Synthetic promotion,11.06,0,11.06,528.94,26.45,555.39,48.42,96.84,81.69,82.56
ABNAH Cafe Connaught Place,2026-03-28,BILL-OUT001-260328-0010,Delivery/Takeaway,Corporate Order,,,Beverage,Signature Coffee,996331,MENU0018,Sea Salt Mocha - Regular,275.0,1.0,275.0,Synthetic promotion,7.7,0,7.7,267.3,13.37,280.67,42.67,42.67,84.04,84.8
ABNAH Cafe Connaught Place,2026-03-28,BILL-OUT001-260328-0011,Dine In,Dine In,,,Beverage,Signature Coffee,996331,MENU0020,Sea Salt Mocha - Large,335.0,2.0,670.0,Synthetic promotion,37.85,0,37.85,632.15,31.61,663.76,54.21,108.42,82.85,83.67
ABNAH Cafe Connaught Place,2026-03-28,BILL-OUT001-260328-0012,Dine In,Dine In,,,Beverage,Signature Coffee,996331,MENU0021,Orange Zest Mocha - Regular,270.0,1.0,270.0,Synthetic promotion,4.45,0,4.45,265.55,13.28,278.83,42.67,42.67,83.93,84.7
ABNAH Cafe Connaught Place,2026-03-28,BILL-OUT001-260328-0013,Dine In,Dine In,,,Beverage,Signature Coffee,996331,MENU0022,Orange Zest Mocha - Medium,300.0,1.0,300.0,Synthetic promotion,8.05,0,8.05,291.95,14.6,306.55,48.42,48.42,83.41,84.2
ABNAH Cafe Connaught Place,2026-03-28,BILL-OUT001-260328-0014,Delivery/Takeaway,Takeaway,,,Beverage,Signature Coffee,996331,MENU0024,Caramel Macchiato - Regular,265.0,1.0,265.0,Synthetic promotion,8.17,0,8.17,256.83,12.84,269.67,42.42,42.42,83.48,84.27
ABNAH Cafe Connaught Place,2026-03-28,BILL-OUT001-260328-0015,Delivery/Takeaway,Corporate Order,,,Beverage,Signature Coffee,996331,MENU0026,Caramel Macchiato - Large,331.27,1.0,331.27,,0.0,0,0.0,331.27,16.56,347.83,53.88,53.88,83.74,84.51
ABNAH Cafe Connaught Place,2026-03-28,BILL-OUT001-260328-0016,Dine In,Dine In,,,Beverage,Signature Coffee,996331,MENU0028,French Vanilla Latte - Medium,295.0,3.0,885.0,Synthetic promotion,37.06,0,37.06,847.94,42.4,890.34,47.85,143.55,83.07,83.88
ABNAH Cafe Connaught Place,2026-03-28,BILL-OUT001-260328-0017,Dine In,Dine In,,,Beverage,Cold Brew,996331,MENU0033,Classic Cold Brew - Regular,228.16,1.0,228.16,,0.0,0,0.0,228.16,11.41,239.57,25.6,25.6,88.78,89.31
ABNAH Cafe Connaught Place,2026-03-28,BILL-OUT001-260328-0018,Delivery/Takeaway,Takeaway,,,Beverage,Cold Brew,996331,MENU0040,Vietnamese Shakerato - Medium,280.0,1.0,280.0,Synthetic promotion,13.3,0,13.3,266.7,13.34,280.04,28.66,28.66,89.25,89.77
ABNAH Cafe Connaught Place,2026-03-28,BILL-OUT001-260328-0019,Delivery/Takeaway,Takeaway,Guest 2550,9000002550,Beverage,Cold Brew,996331,MENU0041,Vietnamese Shakerato - Large,305.0,1.0,305.0,Synthetic promotion,2.94,0,2.94,302.06,15.1,317.16,31.73,31.73,89.5,90.0
ABNAH Cafe Connaught Place,2026-03-28,BILL-OUT001-260328-0020,Delivery/Takeaway,Takeaway,,,Beverage,Cold Coffee,996331,MENU0045,Mocha Cold Coffee - Regular,285.0,1.0,285.0,Synthetic promotion,16.36,0,16.36,268.64,13.43,282.07,45.06,45.06,83.23,84.03
ABNAH Cafe Connaught Place,2026-03-28,BILL-OUT001-260328-0021,Dine In,Dine In,,,Beverage,Cold Coffee,996331,MENU0050,Caramel Cold Coffee - Large,355.0,1.0,355.0,Synthetic promotion,9.21,0,9.21,345.79,17.29,363.08,56.7,56.7,83.6,84.38
ABNAH Cafe Connaught Place,2026-03-28,BILL-OUT001-260328-0022,Delivery/Takeaway,Corporate Order,Guest 3424,9000003424,Beverage,Tea,996331,MENU0051,Masala Chai Latte - Regular,195.89,1.0,195.89,,0.0,0,0.0,195.89,9.79,205.68,36.17,36.17,81.54,82.41
ABNAH Cafe Connaught Place,2026-03-28,BILL-OUT001-260328-0023,Dine In,Dine In,,,Beverage,Tea,996331,MENU0054,Himalayan Green Tea,210.0,2.0,420.0,Synthetic promotion,0.94,0,0.94,419.06,20.95,440.01,8.67,17.34,95.86,96.06
ABNAH Cafe Connaught Place,2026-03-28,BILL-OUT001-260328-0024,Delivery/Takeaway,Takeaway,Guest 4266,9000004266,Beverage,Tea,996331,MENU0055,Japanese Matcha Latte - Regular,265.0,1.0,265.0,Synthetic promotion,13.94,0,13.94,251.06,12.55,263.61,36.17,36.17,85.59,86.28
ABNAH Cafe Connaught Place,2026-03-28,BILL-OUT001-260328-0025,Delivery/Takeaway,Corporate Order,,,Beverage,Tea,996331,MENU0056,Japanese Matcha Latte - Medium,296.18,1.0,296.18,,0.0,0,0.0,296.18,14.81,310.99,40.96,40.96,86.17,86.83
ABNAH Cafe Connaught Place,2026-03-28,BILL-OUT001-260328-0026,Dine In,Dine In,Guest 2714,9000002714,Beverage,Iced Tea,996331,MENU0059,Lemon Iced Tea - Medium,231.75,1.0,231.75,,0.0,0,0.0,231.75,11.59,243.34,15.66,15.66,93.24,93.56
ABNAH Cafe Connaught Place,2026-03-28,BILL-OUT001-260328-0027,Delivery/Takeaway,Corporate Order,,,Beverage,Iced Tea,996331,MENU0060,Lemon Iced Tea - Large,255.0,1.0,255.0,Synthetic promotion,15.11,0,15.11,239.89,11.99,251.88,17.03,17.03,92.9,93.24
ABNAH Cafe Connaught Place,2026-03-28,BILL-OUT001-260328-0028,Delivery/Takeaway,Corporate Order,Guest 8640,9000008640,Beverage,Kids Beverage,996331,MENU0065,Hot Chocolate - Medium,245.0,1.0,245.0,Synthetic promotion,3.62,0,3.62,241.38,12.07,253.45,40.27,40.27,83.32,84.11
ABNAH Cafe Connaught Place,2026-03-28,BILL-OUT001-260328-0029,Dine In,Dine In,,,Beverage,Shake,996331,MENU0069,Choco Chip Shake - Medium,335.8,2.0,671.6,,0.0,0,0.0,671.6,33.58,705.18,38.42,76.84,88.56,89.1
ABNAH Cafe Connaught Place,2026-03-28,BILL-OUT001-260328-0030,Dine In,Dine In,,,Beverage,Shake,996331,MENU0071,Mixed Berry Shake - Regular,315.0,2.0,630.0,Synthetic promotion,20.93,0,20.93,609.07,30.45,639.52,61.21,122.42,79.9,80.86
ABNAH Cafe Connaught Place,2026-03-28,BILL-OUT001-260328-0031,Dine In,Dine In,,,Beverage,Shake,996331,MENU0073,Mixed Berry Shake - Large,389.31,1.0,389.31,,0.0,0,0.0,389.31,19.47,408.78,78.02,78.02,79.96,80.91
ABNAH Cafe Connaught Place,2026-03-28,BILL-OUT001-260328-0032,Delivery/Takeaway,Corporate Order,,,Food,Sandwiches,996331,MENU0079,Smoked Chipotle Paneer Sandwich,295.0,1.0,295.0,Synthetic promotion,0.97,0,0.97,294.03,14.7,308.73,90.66,90.66,69.17,70.63
ABNAH Cafe Connaught Place,2026-03-28,BILL-OUT001-260328-0033,Dine In,Dine In,,,Food,Sandwiches,996331,MENU0081,Pepper Chicken Sandwich,319.5,2.0,639.0,,0.0,0,0.0,639.0,31.95,670.95,87.66,175.32,72.56,73.87
ABNAH Cafe Connaught Place,2026-03-28,BILL-OUT001-260328-0034,Delivery/Takeaway,Takeaway,,,Food,Sandwiches,996331,MENU0082,Tandoori Chicken Sandwich,320.0,2.0,640.0,Synthetic promotion,1.97,0,1.97,638.03,31.9,669.93,87.66,175.32,72.52,73.83
ABNAH Cafe Connaught Place,2026-03-28,BILL-OUT001-260328-0035,Delivery/Takeaway,Corporate Order,,,Food,Toasts,996331,MENU0084,Chicken Pepperoni Avocado Toast,330.0,1.0,330.0,Synthetic promotion,8.76,0,8.76,321.24,16.06,337.3,68.54,68.54,78.66,79.68
ABNAH Cafe Connaught Place,2026-03-28,BILL-OUT001-260328-0036,Delivery/Takeaway,Takeaway,,,Food,Baked Goods,996331,MENU0098,Sriracha Chicken Croissant,275.0,1.0,275.0,Synthetic promotion,5.93,0,5.93,269.07,13.45,282.52,81.14,81.14,69.84,71.28
ABNAH Cafe Connaught Place,2026-03-28,BILL-OUT001-260328-0037,Delivery/Takeaway,Corporate Order,Guest 0236,9000000236,Dessert,Desserts,996331,MENU0102,Double Chocolate Truffle Cake,295.0,1.0,295.0,Synthetic promotion,11.99,0,11.99,283.01,14.15,297.16,63.07,63.07,77.71,78.78
ABNAH Cafe Connaught Place,2026-03-28,BILL-OUT001-260328-0038,Delivery/Takeaway,Corporate Order,,,Dessert,Desserts,996331,MENU0106,Death by Chocolate Cookie,191.39,1.0,191.39,,0.0,0,0.0,191.39,9.57,200.96,47.52,47.52,75.17,76.35
ABNAH Cafe Connaught Place,2026-03-28,BILL-OUT001-260328-0039,Dine In,Dine In,,,Dessert,Baked Goods,996331,MENU0110,Multigrain Walnut Tea Cake,225.06,1.0,225.06,,0.0,0,0.0,225.06,11.25,236.31,56.57,56.57,74.86,76.06
ABNAH Cafe Connaught Place,2026-03-29,BILL-OUT001-260329-0001,Delivery/Takeaway,Corporate Order,,,Beverage,Espresso,996331,MENU0002,Espresso Shot - Doppio,186.75,1.0,186.75,,0.0,0,0.0,186.75,9.34,196.09,21.27,21.27,88.61,89.15
ABNAH Cafe Connaught Place,2026-03-29,BILL-OUT001-260329-0002,Dine In,Dine In,,,Beverage,Coffee Classics,996331,MENU0004,Americano - Medium,210.0,2.0,420.0,Synthetic promotion,1.28,0,1.28,418.72,20.94,439.66,26.05,52.1,87.56,88.15
ABNAH Cafe Connaught Place,2026-03-29,BILL-OUT001-260329-0003,Dine In,Dine In,,,Beverage,Coffee Classics,996331,MENU0005,Americano - Large,237.99,2.0,475.98,,0.0,0,0.0,475.98,23.8,499.78,28.91,57.82,87.85,88.43
ABNAH Cafe Connaught Place,2026-03-29,BILL-OUT001-260329-0004,Dine In,Dine In,,,Beverage,Coffee Classics,996331,MENU0006,Latte - Regular,225.57,2.0,451.14,,0.0,0,0.0,451.14,22.56,473.7,36.17,72.34,83.97,84.73
ABNAH Cafe Connaught Place,2026-03-29,BILL-OUT001-260329-0005,Delivery/Takeaway,Takeaway,,,Beverage,Coffee Classics,996331,MENU0007,Latte - Medium,250.0,1.0,250.0,Synthetic promotion,2.06,0,2.06,247.94,12.4,260.34,40.96,40.96,83.48,84.27
ABNAH Cafe Connaught Place,2026-03-29,BILL-OUT001-260329-0006,Dine In,Dine In,,,Beverage,Coffee Classics,996331,MENU0010,Cappuccino - Medium,254.15,1.0,254.15,,0.0,0,0.0,254.15,12.71,266.86,40.96,40.96,83.88,84.65
ABNAH Cafe Connaught Place,2026-03-29,BILL-OUT001-260329-0007,Dine In,Dine In,,,Beverage,Coffee Classics,996331,MENU0011,Cappuccino - Large,275.0,1.0,275.0,Synthetic promotion,7.58,0,7.58,267.42,13.37,280.79,45.76,45.76,82.89,83.7
ABNAH Cafe Connaught Place,2026-03-29,BILL-OUT001-260329-0008,Delivery/Takeaway,Takeaway,,,Beverage,Coffee Classics,996331,MENU0012,Flat White - Regular,235.0,1.0,235.0,Synthetic promotion,5.94,0,5.94,229.06,11.45,240.51,36.17,36.17,84.21,84.96
ABNAH Cafe Connaught Place,2026-03-29,BILL-OUT001-260329-0009,Delivery/Takeaway,Corporate Order,,,Beverage,Coffee Classics,996331,MENU0013,Flat White - Medium,260.0,2.0,520.0,Synthetic promotion,20.12,0,20.12,499.88,24.99,524.87,40.96,81.92,83.61,84.39
ABNAH Cafe Connaught Place,2026-03-29,BILL-OUT001-260329-0010,Delivery/Takeaway,Takeaway,,,Beverage,Coffee Classics,996331,MENU0014,Flat White - Large,285.0,3.0,855.0,Synthetic promotion,50.74,0,50.74,804.26,40.21,844.47,45.76,137.28,82.93,83.74
ABNAH Cafe Connaught Place,2026-03-29,BILL-OUT001-260329-0011,Delivery/Takeaway,Corporate Order,,,Beverage,Coffee Classics,996331,MENU0016,Mocha - Medium,270.0,1.0,270.0,Synthetic promotion,7.41,0,7.41,262.59,13.13,275.72,48.42,48.42,81.56,82.44
ABNAH Cafe Connaught Place,2026-03-29,BILL-OUT001-260329-0012,Delivery/Takeaway,Takeaway,,,Beverage,Signature Coffee,996331,MENU0018,Sea Salt Mocha - Regular,280.14,1.0,280.14,,0.0,0,0.0,280.14,14.01,294.15,42.67,42.67,84.77,85.49
ABNAH Cafe Connaught Place,2026-03-29,BILL-OUT001-260329-0013,Delivery/Takeaway,Takeaway,Guest 6719,9000006719,Beverage,Signature Coffee,996331,MENU0021,Orange Zest Mocha - Regular,270.0,1.0,270.0,Synthetic promotion,7.33,0,7.33,262.67,13.13,275.8,42.67,42.67,83.76,84.53
ABNAH Cafe Connaught Place,2026-03-29,BILL-OUT001-260329-0014,Delivery/Takeaway,Corporate Order,Guest 0273,9000000273,Beverage,Signature Coffee,996331,MENU0025,Caramel Macchiato - Medium,297.31,4.0,1189.24,,0.0,0,0.0,1189.26,59.46,1248.72,48.13,192.52,83.81,84.58
ABNAH Cafe Connaught Place,2026-03-29,BILL-OUT001-260329-0015,Delivery/Takeaway,Takeaway,,,Beverage,Signature Coffee,996331,MENU0032,Vegan Iced Latte - Large,335.0,2.0,670.0,Synthetic promotion,11.22,0,11.22,658.78,32.94,691.72,75.02,150.04,77.22,78.31
ABNAH Cafe Connaught Place,2026-03-29,BILL-OUT001-260329-0016,Delivery/Takeaway,Corporate Order,,,Beverage,Cold Brew,996331,MENU0037,Coffee Lemonade - Medium,260.0,1.0,260.0,Synthetic promotion,5.74,0,5.74,254.26,12.71,266.97,33.09,33.09,86.99,87.61
ABNAH Cafe Connaught Place,2026-03-29,BILL-OUT001-260329-0017,Delivery/Takeaway,Corporate Order,,,Beverage,Cold Coffee,996331,MENU0042,Classic Cold Coffee - Regular,255.0,1.0,255.0,Synthetic promotion,0.49,0,0.49,254.51,12.73,267.24,38.56,38.56,84.85,85.57
ABNAH Cafe Connaught Place,2026-03-29,BILL-OUT001-260329-0018,Dine In,Dine In,,,Beverage,Cold Coffee,996331,MENU0045,Mocha Cold Coffee - Regular,285.0,1.0,285.0,Synthetic promotion,0.29,0,0.29,284.71,14.24,298.95,45.06,45.06,84.17,84.93
ABNAH Cafe Connaught Place,2026-03-29,BILL-OUT001-260329-0019,Delivery/Takeaway,Corporate Order,,,Beverage,Cold Coffee,996331,MENU0049,Caramel Cold Coffee - Medium,323.63,1.0,323.63,,0.0,0,0.0,323.63,16.18,339.81,50.74,50.74,84.32,85.07
ABNAH Cafe Connaught Place,2026-03-29,BILL-OUT001-260329-0020,Delivery/Takeaway,Takeaway,,,Beverage,Cold Coffee,996331,MENU0050,Caramel Cold Coffee - Large,355.0,1.0,355.0,Synthetic promotion,10.24,0,10.24,344.76,17.24,362.0,56.7,56.7,83.55,84.34
ABNAH Cafe Connaught Place,2026-03-29,BILL-OUT001-260329-0021,Delivery/Takeaway,Takeaway,,,Beverage,Tea,996331,MENU0051,Masala Chai Latte - Regular,195.0,1.0,195.0,Synthetic promotion,11.05,0,11.05,183.95,9.2,193.15,36.17,36.17,80.34,81.27
ABNAH Cafe Connaught Place,2026-03-29,BILL-OUT001-260329-0022,Delivery/Takeaway,Takeaway,Guest 1656,9000001656,Beverage,Iced Tea,996331,MENU0059,Lemon Iced Tea - Medium,230.0,1.0,230.0,Synthetic promotion,3.24,0,3.24,226.76,11.34,238.1,15.66,15.66,93.09,93.42
ABNAH Cafe Connaught Place,2026-03-29,BILL-OUT001-260329-0023,Dine In,Dine In,,,Beverage,Shake,996331,MENU0073,Mixed Berry Shake - Large,391.42,1.0,391.42,,0.0,0,0.0,391.42,19.57,410.99,78.02,78.02,80.07,81.02
ABNAH Cafe Connaught Place,2026-03-29,BILL-OUT001-260329-0024,Delivery/Takeaway,Corporate Order,,,Food,Sandwiches,996331,MENU0081,Pepper Chicken Sandwich,315.0,2.0,630.0,Synthetic promotion,36.31,0,36.31,593.69,29.68,623.37,87.66,175.32,70.47,71.88
ABNAH Cafe Connaught Place,2026-03-29,BILL-OUT001-260329-0025,Delivery/Takeaway,Corporate Order,,,Food,Sandwiches,996331,MENU0082,Tandoori Chicken Sandwich,321.72,1.0,321.72,,0.0,0,0.0,321.72,16.09,337.81,87.66,87.66,72.75,74.05
ABNAH Cafe Connaught Place,2026-03-29,BILL-OUT001-260329-0026,Delivery/Takeaway,Corporate Order,Guest 8349,9000008349,Food,Baked Goods,996331,MENU0095,Almond Croissant,245.0,1.0,245.0,Synthetic promotion,11.89,0,11.89,233.11,11.66,244.77,58.04,58.04,75.1,76.29
ABNAH Cafe Connaught Place,2026-03-29,BILL-OUT001-260329-0027,Delivery/Takeaway,Takeaway,,,Food,Baked Goods,996331,MENU0098,Sriracha Chicken Croissant,279.92,2.0,559.84,Synthetic promotion,0.01,0,0.01,559.83,27.99,587.82,81.14,162.28,71.01,72.39
ABNAH Cafe Connaught Place,2026-03-29,BILL-OUT001-260329-0028,Dine In,Dine In,,,Dessert,Desserts,996331,MENU0102,Double Chocolate Truffle Cake,295.0,1.0,295.0,Synthetic promotion,5.09,0,5.09,289.91,14.5,304.41,63.07,63.07,78.24,79.28
ABNAH Cafe Connaught Place,2026-03-30,BILL-OUT001-260330-0001,Delivery/Takeaway,Corporate Order,Guest 2588,9000002588,Beverage,Coffee Classics,996331,MENU0003,Americano - Regular,185.0,4.0,740.0,Synthetic promotion,13.58,0,13.58,726.42,36.32,762.74,23.21,92.84,87.22,87.83
ABNAH Cafe Connaught Place,2026-03-30,BILL-OUT001-260330-0002,Delivery/Takeaway,Takeaway,,,Beverage,Coffee Classics,996331,MENU0004,Americano - Medium,210.0,4.0,840.0,Synthetic promotion,25.72,0,25.72,814.28,40.71,854.99,26.05,104.2,87.2,87.81
ABNAH Cafe Connaught Place,2026-03-30,BILL-OUT001-260330-0003,Delivery/Takeaway,Takeaway,,,Beverage,Coffee Classics,996331,MENU0005,Americano - Large,235.0,1.0,235.0,Synthetic promotion,6.68,0,6.68,228.32,11.42,239.74,28.91,28.91,87.34,87.94
ABNAH Cafe Connaught Place,2026-03-30,BILL-OUT001-260330-0004,Dine In,Dine In,,,Beverage,Coffee Classics,996331,MENU0006,Latte - Regular,225.0,4.0,900.0,Synthetic promotion,52.02,0,52.02,847.98,42.4,890.38,36.17,144.68,82.94,83.75
ABNAH Cafe Connaught Place,2026-03-30,BILL-OUT001-260330-0005,Delivery/Takeaway,Corporate Order,,,Beverage,Coffee Classics,996331,MENU0007,Latte - Medium,250.0,3.0,750.0,Synthetic promotion,37.49,0,37.49,712.51,35.63,748.14,40.96,122.88,82.75,83.58
ABNAH Cafe Connaught Place,2026-03-30,BILL-OUT001-260330-0006,Delivery/Takeaway,Takeaway,,,Beverage,Coffee Classics,996331,MENU0008,Latte - Large,275.0,2.0,550.0,Synthetic promotion,10.45,0,10.45,539.55,26.98,566.53,45.76,91.52,83.04,83.85
ABNAH Cafe Connaught Place,2026-03-30,BILL-OUT001-260330-0007,Delivery/Takeaway,Corporate Order,,,Beverage,Coffee Classics,996331,MENU0009,Cappuccino - Regular,225.0,4.0,900.0,Synthetic promotion,50.52,0,50.52,849.48,42.47,891.95,36.17,144.68,82.97,83.78
ABNAH Cafe Connaught Place,2026-03-30,BILL-OUT001-260330-0008,Delivery/Takeaway,Corporate Order,,,Beverage,Coffee Classics,996331,MENU0011,Cappuccino - Large,278.93,4.0,1115.72,Synthetic promotion,0.01,0,0.01,1115.71,55.79,1171.5,45.76,183.04,83.59,84.38
ABNAH Cafe Connaught Place,2026-03-30,BILL-OUT001-260330-0009,Delivery/Takeaway,Corporate Order,Guest 6723,9000006723,Beverage,Coffee Classics,996331,MENU0012,Flat White - Regular,235.0,1.0,235.0,Synthetic promotion,8.29,0,8.29,226.71,11.34,238.05,36.17,36.17,84.05,84.81
ABNAH Cafe Connaught Place,2026-03-30,BILL-OUT001-260330-0010,Delivery/Takeaway,Corporate Order,,,Beverage,Coffee Classics,996331,MENU0013,Flat White - Medium,261.48,2.0,522.96,,0.0,0,0.0,522.96,26.15,549.11,40.96,81.92,84.34,85.08
ABNAH Cafe Connaught Place,2026-03-30,BILL-OUT001-260330-0011,Delivery/Takeaway,Corporate Order,,,Beverage,Coffee Classics,996331,MENU0014,Flat White - Large,285.0,1.0,285.0,Synthetic promotion,14.24,0,14.24,270.76,13.54,284.3,45.76,45.76,83.1,83.9
ABNAH Cafe Connaught Place,2026-03-30,BILL-OUT001-260330-0012,Dine In,Dine In,,,Beverage,Coffee Classics,996331,MENU0015,Mocha - Regular,245.0,3.0,735.0,Synthetic promotion,30.2,0,30.2,704.8,35.24,740.04,42.67,128.01,81.84,82.7
ABNAH Cafe Connaught Place,2026-03-30,BILL-OUT001-260330-0013,Dine In,Dine In,,,Beverage,Coffee Classics,996331,MENU0016,Mocha - Medium,273.5,4.0,1094.0,,0.0,0,0.0,1094.02,54.7,1148.72,48.42,193.68,82.3,83.14
ABNAH Cafe Connaught Place,2026-03-30,BILL-OUT001-260330-0014,Dine In,Dine In,,,Beverage,Coffee Classics,996331,MENU0017,Mocha - Large,295.0,2.0,590.0,Synthetic promotion,13.87,0,13.87,576.13,28.81,604.94,54.21,108.42,81.18,82.08
ABNAH Cafe Connaught Place,2026-03-30,BILL-OUT001-260330-0015,Dine In,Dine In,,,Beverage,Signature Coffee,996331,MENU0018,Sea Salt Mocha - Regular,278.39,3.0,835.17,,0.0,0,0.0,835.18,41.76,876.94,42.67,128.01,84.67,85.4
ABNAH Cafe Connaught Place,2026-03-30,BILL-OUT001-260330-0016,Delivery/Takeaway,Corporate Order,,,Beverage,Signature Coffee,996331,MENU0019,Sea Salt Mocha - Medium,305.0,2.0,610.0,Synthetic promotion,21.98,0,21.98,588.02,29.4,617.42,48.42,96.84,83.53,84.32
ABNAH Cafe Connaught Place,2026-03-30,BILL-OUT001-260330-0017,Delivery/Takeaway,Takeaway,,,Beverage,Signature Coffee,996331,MENU0020,Sea Salt Mocha - Large,335.0,1.0,335.0,Synthetic promotion,19.22,0,19.22,315.78,15.79,331.57,54.21,54.21,82.83,83.65
ABNAH Cafe Connaught Place,2026-03-30,BILL-OUT001-260330-0018,Delivery/Takeaway,Corporate Order,,,Beverage,Signature Coffee,996331,MENU0021,Orange Zest Mocha - Regular,270.0,1.0,270.0,Synthetic promotion,2.24,0,2.24,267.76,13.39,281.15,42.67,42.67,84.06,84.82
ABNAH Cafe Connaught Place,2026-03-30,BILL-OUT001-260330-0019,Dine In,Dine In,,,Beverage,Signature Coffee,996331,MENU0022,Orange Zest Mocha - Medium,303.99,2.0,607.98,,0.0,0,0.0,607.98,30.4,638.38,48.42,96.84,84.07,84.83
ABNAH Cafe Connaught Place,2026-03-30,BILL-OUT001-260330-0020,Delivery/Takeaway,Corporate Order,,,Beverage,Signature Coffee,996331,MENU0024,Caramel Macchiato - Regular,265.0,2.0,530.0,Synthetic promotion,16.4,0,16.4,513.6,25.68,539.28,42.42,84.84,83.48,84.27
ABNAH Cafe Connaught Place,2026-03-30,BILL-OUT001-260330-0021,Dine In,Dine In,,,Beverage,Signature Coffee,996331,MENU0026,Caramel Macchiato - Large,325.0,2.0,650.0,Synthetic promotion,28.26,0,28.26,621.74,31.09,652.83,53.88,107.76,82.67,83.49
ABNAH Cafe Connaught Place,2026-03-30,BILL-OUT001-260330-0022,Delivery/Takeaway,Takeaway,,,Beverage,Signature Coffee,996331,MENU0027,French Vanilla Latte - Regular,265.0,2.0,530.0,Synthetic promotion,30.3,0,30.3,499.7,24.98,524.68,42.17,84.34,83.12,83.93
ABNAH Cafe Connaught Place,2026-03-30,BILL-OUT001-260330-0023,Dine In,Dine In,,,Beverage,Signature Coffee,996331,MENU0029,French Vanilla Latte - Large,330.21,1.0,330.21,,0.0,0,0.0,330.21,16.51,346.72,53.56,53.56,83.78,84.55
ABNAH Cafe Connaught Place,2026-03-30,BILL-OUT001-260330-0024,Delivery/Takeaway,Corporate Order,,,Beverage,Signature Coffee,996331,MENU0031,Vegan Iced Latte - Medium,310.0,6.0,1860.0,Synthetic promotion,3.5,0,3.5,1856.5,92.83,1949.33,66.95,401.7,78.36,79.39
ABNAH Cafe Connaught Place,2026-03-30,BILL-OUT001-260330-0025,Dine In,Dine In,,,Beverage,Signature Coffee,996331,MENU0032,Vegan Iced Latte - Large,335.0,2.0,670.0,Synthetic promotion,6.65,0,6.65,663.35,33.17,696.52,75.02,150.04,77.38,78.46
ABNAH Cafe Connaught Place,2026-03-30,BILL-OUT001-260330-0026,Delivery/Takeaway,Takeaway,,,Beverage,Cold Brew,996331,MENU0034,Classic Cold Brew - Medium,250.0,1.0,250.0,Synthetic promotion,11.57,0,11.57,238.43,11.92,250.35,28.66,28.66,87.98,88.55
ABNAH Cafe Connaught Place,2026-03-30,BILL-OUT001-260330-0027,Dine In,Dine In,,,Beverage,Cold Brew,996331,MENU0036,Coffee Lemonade - Regular,235.0,1.0,235.0,Synthetic promotion,4.37,0,4.37,230.63,11.53,242.16,29.45,29.45,87.23,87.84
ABNAH Cafe Connaught Place,2026-03-30,BILL-OUT001-260330-0028,Dine In,Dine In,,,Beverage,Cold Brew,996331,MENU0037,Coffee Lemonade - Medium,260.0,1.0,260.0,Synthetic promotion,7.6,0,7.6,252.4,12.62,265.02,33.09,33.09,86.89,87.51
ABNAH Cafe Connaught Place,2026-03-30,BILL-OUT001-260330-0029,Dine In,Dine In,Guest 3307,9000003307,Beverage,Cold Brew,996331,MENU0038,Coffee Lemonade - Large,285.81,1.0,285.81,,0.0,0,0.0,285.81,14.29,300.1,36.73,36.73,87.15,87.76
ABNAH Cafe Connaught Place,2026-03-30,BILL-OUT001-260330-0030,Delivery/Takeaway,Corporate Order,,,Beverage,Cold Brew,996331,MENU0040,Vietnamese Shakerato - Medium,280.0,2.0,560.0,Synthetic promotion,18.37,0,18.37,541.63,27.08,568.71,28.66,57.32,89.42,89.92
ABNAH Cafe Connaught Place,2026-03-30,BILL-OUT001-260330-0031,Delivery/Takeaway,Corporate Order,,,Beverage,Cold Coffee,996331,MENU0042,Classic Cold Coffee - Regular,255.0,2.0,510.0,Synthetic promotion,29.08,0,29.08,480.92,24.05,504.97,38.56,77.12,83.96,84.73
ABNAH Cafe Connaught Place,2026-03-30,BILL-OUT001-260330-0032,Delivery/Takeaway,Takeaway,,,Beverage,Cold Coffee,996331,MENU0043,Classic Cold Coffee - Medium,290.8,2.0,581.6,,0.0,0,0.0,581.6,29.08,610.68,43.56,87.12,85.02,85.73
ABNAH Cafe Connaught Place,2026-03-30,BILL-OUT001-260330-0033,Delivery/Takeaway,Corporate Order,,,Beverage,Cold Coffee,996331,MENU0044,Classic Cold Coffee - Large,325.0,2.0,650.0,Synthetic promotion,11.89,0,11.89,638.11,31.91,670.02,48.58,97.16,84.77,85.5
ABNAH Cafe Connaught Place,2026-03-30,BILL-OUT001-260330-0034,Dine In,Dine In,,,Beverage,Cold Coffee,996331,MENU0045,Mocha Cold Coffee - Regular,288.65,5.0,1443.25,,0.0,0,0.0,1443.27,72.16,1515.43,45.06,225.3,84.39,85.13
ABNAH Cafe Connaught Place,2026-03-30,BILL-OUT001-260330-0035,Delivery/Takeaway,Takeaway,,,Beverage,Cold Coffee,996331,MENU0046,Mocha Cold Coffee - Medium,320.66,1.0,320.66,,0.0,0,0.0,320.66,16.03,336.69,51.03,51.03,84.09,84.84
ABNAH Cafe Connaught Place,2026-03-30,BILL-OUT001-260330-0036,Delivery/Takeaway,Corporate Order,Guest 5482,9000005482,Beverage,Cold Coffee,996331,MENU0047,Mocha Cold Coffee - Large,355.0,1.0,355.0,Synthetic promotion,11.81,0,11.81,343.19,17.16,360.35,57.03,57.03,83.38,84.17
ABNAH Cafe Connaught Place,2026-03-30,BILL-OUT001-260330-0037,Dine In,Dine In,,,Beverage,Cold Coffee,996331,MENU0048,Caramel Cold Coffee - Regular,285.0,1.0,285.0,Synthetic promotion,11.46,0,11.46,273.54,13.68,287.22,44.81,44.81,83.62,84.4
ABNAH Cafe Connaught Place,2026-03-30,BILL-OUT001-260330-0038,Delivery/Takeaway,Corporate Order,Guest 6415,9000006415,Beverage,Cold Coffee,996331,MENU0049,Caramel Cold Coffee - Medium,320.0,2.0,640.0,Synthetic promotion,0.06,0,0.06,639.94,32.0,671.94,50.74,101.48,84.14,84.9
ABNAH Cafe Connaught Place,2026-03-30,BILL-OUT001-260330-0039,Delivery/Takeaway,Takeaway,,,Beverage,Tea,996331,MENU0053,Masala Chai Latte - Large,245.0,1.0,245.0,Synthetic promotion,9.45,0,9.45,235.55,11.78,247.33,45.76,45.76,80.57,81.5
ABNAH Cafe Connaught Place,2026-03-30,BILL-OUT001-260330-0040,Dine In,Dine In,,,Beverage,Tea,996331,MENU0054,Himalayan Green Tea,210.0,2.0,420.0,Synthetic promotion,1.14,0,1.14,418.86,20.94,439.8,8.67,17.34,95.86,96.06
ABNAH Cafe Connaught Place,2026-03-30,BILL-OUT001-260330-0041,Delivery/Takeaway,Corporate Order,,,Beverage,Tea,996331,MENU0055,Japanese Matcha Latte - Regular,270.15,1.0,270.15,,0.0,0,0.0,270.15,13.51,283.66,36.17,36.17,86.61,87.25
ABNAH Cafe Connaught Place,2026-03-30,BILL-OUT001-260330-0042,Delivery/Takeaway,Corporate Order,,,Beverage,Tea,996331,MENU0057,Japanese Matcha Latte - Large,325.0,1.0,325.0,Synthetic promotion,18.65,0,18.65,306.35,15.32,321.67,45.76,45.76,85.06,85.77
ABNAH Cafe Connaught Place,2026-03-30,BILL-OUT001-260330-0043,Delivery/Takeaway,Takeaway,,,Beverage,Iced Tea,996331,MENU0058,Lemon Iced Tea - Regular,207.37,2.0,414.74,,0.0,0,0.0,414.74,20.74,435.48,14.29,28.58,93.11,93.44
ABNAH Cafe Connaught Place,2026-03-30,BILL-OUT001-260330-0044,Delivery/Takeaway,Corporate Order,,,Beverage,Iced Tea,996331,MENU0059,Lemon Iced Tea - Medium,230.0,1.0,230.0,Synthetic promotion,10.37,0,10.37,219.63,10.98,230.61,15.66,15.66,92.87,93.21
ABNAH Cafe Connaught Place,2026-03-30,BILL-OUT001-260330-0045,Delivery/Takeaway,Corporate Order,,,Beverage,Iced Tea,996331,MENU0061,Hibiscus Lime Iced Tea - Regular,225.0,1.0,225.0,Synthetic promotion,0.32,0,0.32,224.68,11.23,235.91,24.09,24.09,89.28,89.79
ABNAH Cafe Connaught Place,2026-03-30,BILL-OUT001-260330-0046,Dine In,Dine In,,,Beverage,Kids Beverage,996331,MENU0064,Hot Chocolate - Regular,220.54,2.0,441.08,,0.0,0,0.0,441.09,22.05,463.14,35.57,71.14,83.87,84.64
ABNAH Cafe Connaught Place,2026-03-30,BILL-OUT001-260330-0047,Dine In,Dine In,,,Beverage,Kids Beverage,996331,MENU0065,Hot Chocolate - Medium,247.93,1.0,247.93,,0.0,0,0.0,247.93,12.4,260.33,40.27,40.27,83.76,84.53
ABNAH Cafe Connaught Place,2026-03-30,BILL-OUT001-260330-0048,Dine In,Dine In,,,Beverage,Shake,996331,MENU0068,Choco Chip Shake - Regular,295.0,2.0,590.0,Synthetic promotion,18.37,0,18.37,571.63,28.58,600.21,34.11,68.22,88.07,88.63
ABNAH Cafe Connaught Place,2026-03-30,BILL-OUT001-260330-0049,Delivery/Takeaway,Takeaway,,,Beverage,Shake,996331,MENU0069,Choco Chip Shake - Medium,334.12,1.0,334.12,,0.0,0,0.0,334.12,16.71,350.83,38.42,38.42,88.5,89.05
ABNAH Cafe Connaught Place,2026-03-30,BILL-OUT001-260330-0050,Delivery/Takeaway,Takeaway,,,Beverage,Shake,996331,MENU0071,Mixed Berry Shake - Regular,315.0,2.0,630.0,Synthetic promotion,32.15,0,32.15,597.85,29.89,627.74,61.21,122.42,79.52,80.5
ABNAH Cafe Connaught Place,2026-03-30,BILL-OUT001-260330-0051,Delivery/Takeaway,Takeaway,Guest 2744,9000002744,Beverage,Smoothie,996331,MENU0075,Seasonal Smoothie - Medium,340.29,1.0,340.29,,0.0,0,0.0,340.29,17.01,357.3,37.59,37.59,88.95,89.48
ABNAH Cafe Connaught Place,2026-03-30,BILL-OUT001-260330-0052,Delivery/Takeaway,Takeaway,,,Beverage,Smoothie,996331,MENU0076,Seasonal Smoothie - Large,375.0,1.0,375.0,Synthetic promotion,20.46,0,20.46,354.54,17.73,372.27,41.83,41.83,88.2,88.76
ABNAH Cafe Connaught Place,2026-03-30,BILL-OUT001-260330-0053,Delivery/Takeaway,Takeaway,,,Food,Wraps,996331,MENU0078,Shredded Chicken Wrap,295.0,2.0,590.0,Synthetic promotion,23.57,0,23.57,566.43,28.32,594.75,70.05,140.1,75.27,76.44
ABNAH Cafe Connaught Place,2026-03-30,BILL-OUT001-260330-0054,Delivery/Takeaway,Corporate Order,,,Food,Sandwiches,996331,MENU0079,Smoked Chipotle Paneer Sandwich,295.0,3.0,885.0,Synthetic promotion,25.54,0,25.54,859.46,42.97,902.43,90.66,271.98,68.35,69.86
ABNAH Cafe Connaught Place,2026-03-30,BILL-OUT001-260330-0055,Delivery/Takeaway,Takeaway,,,Food,Sandwiches,996331,MENU0080,Pesto Veg Sandwich,280.0,1.0,280.0,Synthetic promotion,5.87,0,5.87,274.13,13.71,287.84,91.86,91.86,66.49,68.09
ABNAH Cafe Connaught Place,2026-03-30,BILL-OUT001-260330-0056,Delivery/Takeaway,Corporate Order,,,Food,Sandwiches,996331,MENU0081,Pepper Chicken Sandwich,315.0,2.0,630.0,Synthetic promotion,0.1,0,0.1,629.9,31.5,661.4,87.66,175.32,72.17,73.49
ABNAH Cafe Connaught Place,2026-03-30,BILL-OUT001-260330-0057,Dine In,Dine In,,,Food,Sandwiches,996331,MENU0082,Tandoori Chicken Sandwich,320.0,2.0,640.0,Synthetic promotion,20.33,0,20.33,619.67,30.98,650.65,87.66,175.32,71.71,73.05
ABNAH Cafe Connaught Place,2026-03-30,BILL-OUT001-260330-0058,Delivery/Takeaway,Corporate Order,,,Food,Toasts,996331,MENU0083,Chilli Cheese Garlic Toast,235.0,2.0,470.0,Synthetic promotion,9.17,0,9.17,460.83,23.04,483.87,42.14,84.28,81.71,82.58
ABNAH Cafe Connaught Place,2026-03-30,BILL-OUT001-260330-0059,Dine In,Dine In,,,Food,Toasts,996331,MENU0084,Chicken Pepperoni Avocado Toast,330.0,2.0,660.0,Synthetic promotion,13.61,0,13.61,646.39,32.32,678.71,68.54,137.08,78.79,79.8
ABNAH Cafe Connaught Place,2026-03-30,BILL-OUT001-260330-0060,Delivery/Takeaway,Corporate Order,,,Food,Breakfast,996331,MENU0086,Breakfast Pancakes,285.0,1.0,285.0,Synthetic promotion,6.01,0,6.01,278.99,13.95,292.94,66.89,66.89,76.02,77.17
ABNAH Cafe Connaught Place,2026-03-30,BILL-OUT001-260330-0061,Delivery/Takeaway,Corporate Order,,,Food,Snacks,996331,MENU0093,Turnover with Brioche Dough Veg,238.04,1.0,238.04,,0.0,0,0.0,238.04,11.9,249.94,89.94,89.94,62.22,64.02
ABNAH Cafe Connaught Place,2026-03-30,BILL-OUT001-260330-0062,Delivery/Takeaway,Takeaway,,,Food,Baked Goods,996331,MENU0096,Chocolate Croissant,236.82,1.0,236.82,,0.0,0,0.0,236.82,11.84,248.66,64.54,64.54,72.75,74.04
ABNAH Cafe Connaught Place,2026-03-30,BILL-OUT001-260330-0063,Delivery/Takeaway,Corporate Order,Guest 2733,9000002733,Food,Baked Goods,996331,MENU0097,Mushroom Cheese Croissant,255.64,1.0,255.64,,0.0,0,0.0,255.64,12.78,268.42,74.84,74.84,70.72,72.12
ABNAH Cafe Connaught Place,2026-03-30,BILL-OUT001-260330-0064,Delivery/Takeaway,Takeaway,Guest 6144,9000006144,Food,Baked Goods,996331,MENU0098,Sriracha Chicken Croissant,275.0,1.0,275.0,Synthetic promotion,6.7,0,6.7,268.3,13.41,281.71,81.14,81.14,69.76,71.2
ABNAH Cafe Connaught Place,2026-03-30,BILL-OUT001-260330-0065,Dine In,Dine In,,,Dessert,Baked Goods,996331,MENU0099,Cinnamon Roll with Cream Cheese,220.0,1.0,220.0,Synthetic promotion,6.0,0,6.0,214.0,10.7,224.7,52.57,52.57,75.43,76.6
ABNAH Cafe Connaught Place,2026-03-30,BILL-OUT001-260330-0066,Delivery/Takeaway,Takeaway,,,Dessert,Baked Goods,996331,MENU0100,Banana Walnut Tea Cake,208.72,1.0,208.72,,0.0,0,0.0,208.72,10.44,219.16,61.61,61.61,70.48,71.89
ABNAH Cafe Connaught Place,2026-03-30,BILL-OUT001-260330-0067,Delivery/Takeaway,Corporate Order,Guest 4312,9000004312,Dessert,Desserts,996331,MENU0102,Double Chocolate Truffle Cake,295.0,1.0,295.0,Synthetic promotion,4.76,0,4.76,290.24,14.51,304.75,63.07,63.07,78.27,79.3
ABNAH Cafe Connaught Place,2026-03-30,BILL-OUT001-260330-0068,Dine In,Dine In,,,Dessert,Desserts,996331,MENU0104,Classic Chocolate Fudge Brownie,195.0,1.0,195.0,Synthetic promotion,9.43,0,9.43,185.57,9.28,194.85,51.02,51.02,72.51,73.82
ABNAH Cafe Connaught Place,2026-03-30,BILL-OUT001-260330-0069,Delivery/Takeaway,Takeaway,,,Dessert,Desserts,996331,MENU0106,Death by Chocolate Cookie,193.22,1.0,193.22,,0.0,0,0.0,193.22,9.66,202.88,47.52,47.52,75.41,76.58
ABNAH Cafe Connaught Place,2026-03-30,BILL-OUT001-260330-0070,Delivery/Takeaway,Corporate Order,,,Dessert,Desserts,996331,MENU0107,Jaggery Parmesan Cookie,170.0,3.0,510.0,Synthetic promotion,20.43,0,20.43,489.57,24.48,514.05,41.02,123.06,74.86,76.06
ABNAH Cafe Connaught Place,2026-03-30,BILL-OUT001-260330-0071,Delivery/Takeaway,Corporate Order,,,Dessert,Desserts,996331,MENU0109,Basque Cheesecake,310.0,1.0,310.0,Synthetic promotion,13.6,0,13.6,296.4,14.82,311.22,82.57,82.57,72.14,73.47
ABNAH Cafe Connaught Place,2026-03-30,BILL-OUT001-260330-0072,Dine In,Dine In,,,Dessert,Baked Goods,996331,MENU0110,Multigrain Walnut Tea Cake,225.71,1.0,225.71,,0.0,0,0.0,225.71,11.29,237.0,56.57,56.57,74.94,76.13
ABNAH Cafe Connaught Place,2026-03-31,BILL-OUT001-260331-0001,Dine In,Dine In,,,Beverage,Espresso,996331,MENU0002,Espresso Shot - Doppio,186.28,1.0,186.28,,0.0,0,0.0,186.28,9.31,195.59,21.27,21.27,88.58,89.13
ABNAH Cafe Connaught Place,2026-03-31,BILL-OUT001-260331-0002,Delivery/Takeaway,Takeaway,,,Beverage,Coffee Classics,996331,MENU0003,Americano - Regular,185.0,1.0,185.0,Synthetic promotion,10.23,0,10.23,174.77,8.74,183.51,23.21,23.21,86.72,87.35
ABNAH Cafe Connaught Place,2026-03-31,BILL-OUT001-260331-0003,Dine In,Dine In,,,Beverage,Coffee Classics,996331,MENU0004,Americano - Medium,210.0,7.0,1470.0,Synthetic promotion,62.23,0,62.23,1407.77,70.39,1478.16,26.05,182.35,87.05,87.66
ABNAH Cafe Connaught Place,2026-03-31,BILL-OUT001-260331-0004,Delivery/Takeaway,Corporate Order,,,Beverage,Coffee Classics,996331,MENU0005,Americano - Large,235.0,2.0,470.0,Synthetic promotion,14.32,0,14.32,455.68,22.78,478.46,28.91,57.82,87.31,87.92
ABNAH Cafe Connaught Place,2026-03-31,BILL-OUT001-260331-0005,Dine In,Dine In,Guest 1310,9000001310,Beverage,Coffee Classics,996331,MENU0006,Latte - Regular,225.0,3.0,675.0,Synthetic promotion,39.82,0,39.82,635.18,31.76,666.94,36.17,108.51,82.92,83.73
ABNAH Cafe Connaught Place,2026-03-31,BILL-OUT001-260331-0006,Delivery/Takeaway,Takeaway,,,Beverage,Coffee Classics,996331,MENU0007,Latte - Medium,250.0,3.0,750.0,Synthetic promotion,2.2,0,2.2,747.8,37.39,785.19,40.96,122.88,83.57,84.35
ABNAH Cafe Connaught Place,2026-03-31,BILL-OUT001-260331-0007,Dine In,Dine In,,,Beverage,Coffee Classics,996331,MENU0009,Cappuccino - Regular,228.79,1.0,228.79,,0.0,0,0.0,228.79,11.44,240.23,36.17,36.17,84.19,84.94
ABNAH Cafe Connaught Place,2026-03-31,BILL-OUT001-260331-0008,Delivery/Takeaway,Takeaway,,,Beverage,Coffee Classics,996331,MENU0010,Cappuccino - Medium,250.49,4.0,1001.96,Synthetic promotion,0.01,0,0.01,1001.95,50.1,1052.05,40.96,163.84,83.65,84.43
ABNAH Cafe Connaught Place,2026-03-31,BILL-OUT001-260331-0009,Delivery/Takeaway,Takeaway,Guest 5652,9000005652,Beverage,Coffee Classics,996331,MENU0011,Cappuccino - Large,278.87,2.0,557.74,Synthetic promotion,0.01,0,0.01,557.73,27.89,585.62,45.76,91.52,83.59,84.37
ABNAH Cafe Connaught Place,2026-03-31,BILL-OUT001-260331-0010,Delivery/Takeaway,Corporate Order,,,Beverage,Coffee Classics,996331,MENU0012,Flat White - Regular,235.0,1.0,235.0,Synthetic promotion,10.57,0,10.57,224.43,11.22,235.65,36.17,36.17,83.88,84.65
ABNAH Cafe Connaught Place,2026-03-31,BILL-OUT001-260331-0011,Delivery/Takeaway,Corporate Order,,,Beverage,Coffee Classics,996331,MENU0013,Flat White - Medium,260.0,2.0,520.0,Synthetic promotion,2.18,0,2.18,517.82,25.89,543.71,40.96,81.92,84.18,84.93
ABNAH Cafe Connaught Place,2026-03-31,BILL-OUT001-260331-0012,Dine In,Dine In,,,Beverage,Coffee Classics,996331,MENU0017,Mocha - Large,295.0,1.0,295.0,Synthetic promotion,10.81,0,10.81,284.19,14.21,298.4,54.21,54.21,80.92,81.83
ABNAH Cafe Connaught Place,2026-03-31,BILL-OUT001-260331-0013,Delivery/Takeaway,Corporate Order,,,Beverage,Signature Coffee,996331,MENU0018,Sea Salt Mocha - Regular,275.0,3.0,825.0,Synthetic promotion,1.54,0,1.54,823.46,41.17,864.63,42.67,128.01,84.45,85.19
ABNAH Cafe Connaught Place,2026-03-31,BILL-OUT001-260331-0014,Delivery/Takeaway,Takeaway,,,Beverage,Signature Coffee,996331,MENU0020,Sea Salt Mocha - Large,335.0,2.0,670.0,Synthetic promotion,17.94,0,17.94,652.06,32.6,684.66,54.21,108.42,83.37,84.16
ABNAH Cafe Connaught Place,2026-03-31,BILL-OUT001-260331-0015,Delivery/Takeaway,Corporate Order,,,Beverage,Signature Coffee,996331,MENU0021,Orange Zest Mocha - Regular,270.0,1.0,270.0,Synthetic promotion,5.76,0,5.76,264.24,13.21,277.45,42.67,42.67,83.85,84.62
ABNAH Cafe Connaught Place,2026-03-31,BILL-OUT001-260331-0016,Delivery/Takeaway,Corporate Order,,,Beverage,Signature Coffee,996331,MENU0022,Orange Zest Mocha - Medium,300.0,1.0,300.0,Synthetic promotion,13.67,0,13.67,286.33,14.32,300.65,48.42,48.42,83.09,83.89
ABNAH Cafe Connaught Place,2026-03-31,BILL-OUT001-260331-0017,Delivery/Takeaway,Takeaway,,,Beverage,Signature Coffee,996331,MENU0025,Caramel Macchiato - Medium,298.92,1.0,298.92,,0.0,0,0.0,298.92,14.95,313.87,48.13,48.13,83.9,84.67
ABNAH Cafe Connaught Place,2026-03-31,BILL-OUT001-260331-0018,Dine In,Dine In,,,Beverage,Signature Coffee,996331,MENU0026,Caramel Macchiato - Large,325.0,1.0,325.0,Synthetic promotion,7.23,0,7.23,317.77,15.89,333.66,53.88,53.88,83.04,83.85
ABNAH Cafe Connaught Place,2026-03-31,BILL-OUT001-260331-0019,Dine In,Dine In,,,Beverage,Signature Coffee,996331,MENU0028,French Vanilla Latte - Medium,295.0,3.0,885.0,Synthetic promotion,47.32,0,47.32,837.68,41.88,879.56,47.85,143.55,82.86,83.68
ABNAH Cafe Connaught Place,2026-03-31,BILL-OUT001-260331-0020,Dine In,Dine In,,,Beverage,Signature Coffee,996331,MENU0030,Vegan Iced Latte - Regular,285.0,4.0,1140.0,Synthetic promotion,66.79,0,66.79,1073.21,53.66,1126.87,58.9,235.6,78.05,79.09
ABNAH Cafe Connaught Place,2026-03-31,BILL-OUT001-260331-0021,Delivery/Takeaway,Takeaway,,,Beverage,Signature Coffee,996331,MENU0031,Vegan Iced Latte - Medium,310.0,1.0,310.0,Synthetic promotion,9.41,0,9.41,300.59,15.03,315.62,66.95,66.95,77.73,78.79
ABNAH Cafe Connaught Place,2026-03-31,BILL-OUT001-260331-0022,Delivery/Takeaway,Corporate Order,Guest 1173,9000001173,Beverage,Signature Coffee,996331,MENU0032,Vegan Iced Latte - Large,340.44,1.0,340.44,,0.0,0,0.0,340.44,17.02,357.46,75.02,75.02,77.96,79.01
ABNAH Cafe Connaught Place,2026-03-31,BILL-OUT001-260331-0023,Delivery/Takeaway,Takeaway,,,Beverage,Cold Brew,996331,MENU0034,Classic Cold Brew - Medium,254.14,1.0,254.14,,0.0,0,0.0,254.14,12.71,266.85,28.66,28.66,88.72,89.26
ABNAH Cafe Connaught Place,2026-03-31,BILL-OUT001-260331-0024,Dine In,Dine In,,,Beverage,Cold Brew,996331,MENU0036,Coffee Lemonade - Regular,235.0,2.0,470.0,Synthetic promotion,27.1,0,27.1,442.9,22.14,465.04,29.45,58.9,86.7,87.33
ABNAH Cafe Connaught Place,2026-03-31,BILL-OUT001-260331-0025,Dine In,Dine In,Guest 6132,9000006132,Beverage,Cold Brew,996331,MENU0039,Vietnamese Shakerato - Regular,255.0,1.0,255.0,Synthetic promotion,8.0,0,8.0,247.0,12.35,259.35,25.6,25.6,89.64,90.13
ABNAH Cafe Connaught Place,2026-03-31,BILL-OUT001-260331-0026,Delivery/Takeaway,Takeaway,Guest 2596,9000002596,Beverage,Cold Coffee,996331,MENU0042,Classic Cold Coffee - Regular,255.0,4.0,1020.0,Synthetic promotion,44.22,0,44.22,975.78,48.79,1024.57,38.56,154.24,84.19,84.95
ABNAH Cafe Connaught Place,2026-03-31,BILL-OUT001-260331-0027,Delivery/Takeaway,Takeaway,,,Beverage,Cold Coffee,996331,MENU0044,Classic Cold Coffee - Large,325.0,1.0,325.0,Synthetic promotion,18.04,0,18.04,306.96,15.35,322.31,48.58,48.58,84.17,84.93
ABNAH Cafe Connaught Place,2026-03-31,BILL-OUT001-260331-0028,Dine In,Dine In,,,Beverage,Cold Coffee,996331,MENU0045,Mocha Cold Coffee - Regular,285.0,1.0,285.0,Synthetic promotion,0.8,0,0.8,284.2,14.21,298.41,45.06,45.06,84.14,84.9
ABNAH Cafe Connaught Place,2026-03-31,BILL-OUT001-260331-0029,Dine In,Dine In,,,Beverage,Cold Coffee,996331,MENU0047,Mocha Cold Coffee - Large,357.57,2.0,715.14,,0.0,0,0.0,715.14,35.76,750.9,57.03,114.06,84.05,84.81
ABNAH Cafe Connaught Place,2026-03-31,BILL-OUT001-260331-0030,Delivery/Takeaway,Corporate Order,Guest 8359,9000008359,Beverage,Cold Coffee,996331,MENU0048,Caramel Cold Coffee - Regular,285.0,1.0,285.0,Synthetic promotion,10.51,0,10.51,274.49,13.72,288.21,44.81,44.81,83.68,84.45
ABNAH Cafe Connaught Place,2026-03-31,BILL-OUT001-260331-0031,Dine In,Dine In,,,Beverage,Cold Coffee,996331,MENU0049,Caramel Cold Coffee - Medium,320.0,1.0,320.0,Synthetic promotion,4.59,0,4.59,315.41,15.77,331.18,50.74,50.74,83.91,84.68
ABNAH Cafe Connaught Place,2026-03-31,BILL-OUT001-260331-0032,Delivery/Takeaway,Takeaway,,,Beverage,Tea,996331,MENU0052,Masala Chai Latte - Medium,220.0,1.0,220.0,Synthetic promotion,2.5,0,2.5,217.5,10.88,228.38,40.96,40.96,81.17,82.06
ABNAH Cafe Connaught Place,2026-03-31,BILL-OUT001-260331-0033,Dine In,Dine In,,,Beverage,Tea,996331,MENU0053,Masala Chai Latte - Large,246.52,1.0,246.52,,0.0,0,0.0,246.52,12.33,258.85,45.76,45.76,81.44,82.32
ABNAH Cafe Connaught Place,2026-03-31,BILL-OUT001-260331-0034,Delivery/Takeaway,Takeaway,,,Beverage,Tea,996331,MENU0054,Himalayan Green Tea,213.86,1.0,213.86,,0.0,0,0.0,213.86,10.69,224.55,8.67,8.67,95.95,96.14
ABNAH Cafe Connaught Place,2026-03-31,BILL-OUT001-260331-0035,Dine In,Dine In,,,Beverage,Tea,996331,MENU0055,Japanese Matcha Latte - Regular,265.0,1.0,265.0,Synthetic promotion,0.85,0,0.85,264.15,13.21,277.36,36.17,36.17,86.31,86.96
ABNAH Cafe Connaught Place,2026-03-31,BILL-OUT001-260331-0036,Dine In,Dine In,Guest 3331,9000003331,Beverage,Tea,996331,MENU0057,Japanese Matcha Latte - Large,325.0,1.0,325.0,Synthetic promotion,2.33,0,2.33,322.67,16.13,338.8,45.76,45.76,85.82,86.49
ABNAH Cafe Connaught Place,2026-03-31,BILL-OUT001-260331-0037,Delivery/Takeaway,Takeaway,,,Beverage,Iced Tea,996331,MENU0059,Lemon Iced Tea - Medium,230.0,1.0,230.0,Synthetic promotion,13.72,0,13.72,216.28,10.81,227.09,15.66,15.66,92.76,93.1
ABNAH Cafe Connaught Place,2026-03-31,BILL-OUT001-260331-0038,Dine In,Dine In,,,Beverage,Iced Tea,996331,MENU0061,Hibiscus Lime Iced Tea - Regular,225.0,1.0,225.0,Synthetic promotion,11.53,0,11.53,213.47,10.67,224.14,24.09,24.09,88.72,89.25
ABNAH Cafe Connaught Place,2026-03-31,BILL-OUT001-260331-0039,Dine In,Dine In,Guest 4157,9000004157,Beverage,Iced Tea,996331,MENU0062,Hibiscus Lime Iced Tea - Medium,250.0,1.0,250.0,Synthetic promotion,6.4,0,6.4,243.6,12.18,255.78,26.94,26.94,88.94,89.47
ABNAH Cafe Connaught Place,2026-03-31,BILL-OUT001-260331-0040,Delivery/Takeaway,Corporate Order,,,Beverage,Shake,996331,MENU0071,Mixed Berry Shake - Regular,315.0,2.0,630.0,Synthetic promotion,34.52,0,34.52,595.48,29.77,625.25,61.21,122.42,79.44,80.42
ABNAH Cafe Connaught Place,2026-03-31,BILL-OUT001-260331-0041,Delivery/Takeaway,Corporate Order,,,Beverage,Shake,996331,MENU0072,Mixed Berry Shake - Medium,350.0,1.0,350.0,Synthetic promotion,20.5,0,20.5,329.5,16.48,345.98,69.6,69.6,78.88,79.88
ABNAH Cafe Connaught Place,2026-03-31,BILL-OUT001-260331-0042,Delivery/Takeaway,Takeaway,,,Food,Wraps,996331,MENU0077,Spicy Paneer Wrap,275.0,1.0,275.0,Synthetic promotion,13.42,0,13.42,261.58,13.08,274.66,73.36,73.36,71.96,73.29
ABNAH Cafe Connaught Place,2026-03-31,BILL-OUT001-260331-0043,Dine In,Dine In,,,Food,Wraps,996331,MENU0078,Shredded Chicken Wrap,295.0,1.0,295.0,Synthetic promotion,13.33,0,13.33,281.67,14.08,295.75,70.05,70.05,75.13,76.31
ABNAH Cafe Connaught Place,2026-03-31,BILL-OUT001-260331-0044,Delivery/Takeaway,Takeaway,,,Food,Sandwiches,996331,MENU0079,Smoked Chipotle Paneer Sandwich,295.0,1.0,295.0,Synthetic promotion,14.18,0,14.18,280.82,14.04,294.86,90.66,90.66,67.72,69.25
ABNAH Cafe Connaught Place,2026-03-31,BILL-OUT001-260331-0045,Delivery/Takeaway,Takeaway,,,Food,Sandwiches,996331,MENU0080,Pesto Veg Sandwich,280.0,1.0,280.0,Synthetic promotion,1.0,0,1.0,279.0,13.95,292.95,91.86,91.86,67.08,68.64
ABNAH Cafe Connaught Place,2026-03-31,BILL-OUT001-260331-0046,Delivery/Takeaway,Corporate Order,,,Food,Sandwiches,996331,MENU0082,Tandoori Chicken Sandwich,320.0,2.0,640.0,Synthetic promotion,24.65,0,24.65,615.35,30.77,646.12,87.66,175.32,71.51,72.87
ABNAH Cafe Connaught Place,2026-03-31,BILL-OUT001-260331-0047,Delivery/Takeaway,Corporate Order,,,Food,Platter,996331,MENU0085,Hummus and Pita Platter,311.52,1.0,311.52,,0.0,0,0.0,311.52,15.58,327.1,45.45,45.45,85.41,86.11
ABNAH Cafe Connaught Place,2026-03-31,BILL-OUT001-260331-0048,Delivery/Takeaway,Corporate Order,,,Food,Breakfast,996331,MENU0086,Breakfast Pancakes,288.71,1.0,288.71,,0.0,0,0.0,288.71,14.44,303.15,66.89,66.89,76.83,77.94
ABNAH Cafe Connaught Place,2026-03-31,BILL-OUT001-260331-0049,Dine In,Dine In,,,Food,Breakfast,996331,MENU0087,Cream Cheese Bagel,250.0,1.0,250.0,Synthetic promotion,11.5,0,11.5,238.5,11.93,250.43,54.49,54.49,77.15,78.24
ABNAH Cafe Connaught Place,2026-03-31,BILL-OUT001-260331-0050,Dine In,Dine In,,,Food,Snacks,996331,MENU0093,Turnover with Brioche Dough Veg,235.0,2.0,470.0,Synthetic promotion,12.46,0,12.46,457.54,22.88,480.42,89.94,179.88,60.69,62.56
ABNAH Cafe Connaught Place,2026-03-31,BILL-OUT001-260331-0051,Delivery/Takeaway,Takeaway,,,Food,Baked Goods,996331,MENU0095,Almond Croissant,249.58,1.0,249.58,,0.0,0,0.0,249.58,12.48,262.06,58.04,58.04,76.74,77.85
ABNAH Cafe Connaught Place,2026-03-31,BILL-OUT001-260331-0052,Delivery/Takeaway,Corporate Order,,,Food,Baked Goods,996331,MENU0096,Chocolate Croissant,236.62,2.0,473.24,,0.0,0,0.0,473.25,23.66,496.91,64.54,129.08,72.72,74.02
ABNAH Cafe Connaught Place,2026-03-31,BILL-OUT001-260331-0053,Delivery/Takeaway,Corporate Order,,,Dessert,Baked Goods,996331,MENU0100,Banana Walnut Tea Cake,205.0,2.0,410.0,Synthetic promotion,22.73,0,22.73,387.27,19.36,406.63,61.61,123.22,68.18,69.7
ABNAH Cafe Connaught Place,2026-03-31,BILL-OUT001-260331-0054,Delivery/Takeaway,Corporate Order,,,Dessert,Baked Goods,996331,MENU0101,Lemon Raspberry Tea Cake,215.0,1.0,215.0,Synthetic promotion,11.97,0,11.97,203.03,10.15,213.18,56.57,56.57,72.14,73.46
ABNAH Cafe Connaught Place,2026-03-31,BILL-OUT001-260331-0055,Delivery/Takeaway,Corporate Order,,,Dessert,Desserts,996331,MENU0105,Soft-Centred Caramel Cookie,180.95,1.0,180.95,,0.0,0,0.0,180.95,9.05,190.0,46.02,46.02,74.57,75.78
ABNAH Cafe Connaught Place,2026-03-31,BILL-OUT001-260331-0056,Delivery/Takeaway,Corporate Order,,,Dessert,Desserts,996331,MENU0106,Death by Chocolate Cookie,190.0,3.0,570.0,Synthetic promotion,16.31,0,16.31,553.69,27.68,581.37,47.52,142.56,74.25,75.48
ABNAH Cafe Connaught Place,2026-03-31,BILL-OUT001-260331-0057,Delivery/Takeaway,Takeaway,,,Dessert,Desserts,996331,MENU0107,Jaggery Parmesan Cookie,170.0,1.0,170.0,Synthetic promotion,2.96,0,2.96,167.04,8.35,175.39,41.02,41.02,75.44,76.61
ABNAH Cafe Connaught Place,2026-03-31,BILL-OUT001-260331-0058,Delivery/Takeaway,Takeaway,,,Dessert,Desserts,996331,MENU0108,Apple Pie,270.0,2.0,540.0,Synthetic promotion,13.88,0,13.88,526.12,26.31,552.43,56.57,113.14,78.5,79.52
