Store Name,Date,Bill No.,Tab Type,Source,Customer Name,Customer Number,Super Category,Category,SAC/HSN No.,SKU Code / Item No,SKU / Item Name,Item Rate,Item Qty,Item Subtotal,Offer,Discount Amount,Complimentary Amount,Total Discount,Net Sale Value,Tax Amount,Gross Sale Value,Purchase Rate,Purchase Value,Net Margin%,Gross Margin%
ABNAH Cafe Saket Premium,2026-03-01,BILL-OUT003-260301-0001,Delivery/Takeaway,Mall Walk-in,,,Beverage,Espresso,996331,MENU0002,Espresso Shot - Doppio,185.0,1.0,185.0,Synthetic promotion,8.03,0,8.03,176.97,8.85,185.82,21.27,21.27,87.98,88.55
ABNAH Cafe Saket Premium,2026-03-01,BILL-OUT003-260301-0002,Delivery/Takeaway,Mall Walk-in,,,Beverage,Coffee Classics,996331,MENU0003,Americano - Regular,186.81,2.0,373.62,,0.0,0,0.0,373.62,18.68,392.3,23.21,46.42,87.58,88.17
ABNAH Cafe Saket Premium,2026-03-01,BILL-OUT003-260301-0003,Delivery/Takeaway,Online,,,Beverage,Coffee Classics,996331,MENU0004,Americano - Medium,210.0,5.0,1050.0,Synthetic promotion,60.91,0,60.91,989.09,49.45,1038.54,26.05,130.25,86.83,87.46
ABNAH Cafe Saket Premium,2026-03-01,BILL-OUT003-260301-0004,Delivery/Takeaway,Mall Walk-in,,,Beverage,Coffee Classics,996331,MENU0005,Americano - Large,236.74,4.0,946.96,Synthetic promotion,0.01,0,0.01,946.95,47.35,994.3,28.91,115.64,87.79,88.37
ABNAH Cafe Saket Premium,2026-03-01,BILL-OUT003-260301-0005,Delivery/Takeaway,Online,,,Beverage,Coffee Classics,996331,MENU0006,Latte - Regular,225.0,4.0,900.0,Synthetic promotion,7.72,0,7.72,892.28,44.61,936.89,36.17,144.68,83.79,84.56
ABNAH Cafe Saket Premium,2026-03-01,BILL-OUT003-260301-0006,Delivery/Takeaway,Mall Walk-in,,,Beverage,Coffee Classics,996331,MENU0008,Latte - Large,279.6,1.0,279.6,,0.0,0,0.0,279.6,13.98,293.58,45.76,45.76,83.63,84.41
ABNAH Cafe Saket Premium,2026-03-01,BILL-OUT003-260301-0007,Delivery/Takeaway,Mall Walk-in,Guest 6199,9000006199,Beverage,Coffee Classics,996331,MENU0009,Cappuccino - Regular,226.31,4.0,905.24,Synthetic promotion,0.01,0,0.01,905.23,45.26,950.49,36.17,144.68,84.02,84.78
ABNAH Cafe Saket Premium,2026-03-01,BILL-OUT003-260301-0008,Delivery/Takeaway,Mall Walk-in,,,Beverage,Coffee Classics,996331,MENU0011,Cappuccino - Large,275.0,3.0,825.0,Synthetic promotion,21.35,0,21.35,803.65,40.18,843.83,45.76,137.28,82.92,83.73
ABNAH Cafe Saket Premium,2026-03-01,BILL-OUT003-260301-0009,Dine In,Dine In,,,Beverage,Coffee Classics,996331,MENU0012,Flat White - Regular,235.0,2.0,470.0,Synthetic promotion,11.96,0,11.96,458.04,22.9,480.94,36.17,72.34,84.21,84.96
ABNAH Cafe Saket Premium,2026-03-01,BILL-OUT003-260301-0010,Delivery/Takeaway,Mall Walk-in,,,Beverage,Coffee Classics,996331,MENU0013,Flat White - Medium,260.0,5.0,1300.0,Synthetic promotion,30.65,0,30.65,1269.35,63.47,1332.82,40.96,204.8,83.87,84.63
ABNAH Cafe Saket Premium,2026-03-01,BILL-OUT003-260301-0011,Delivery/Takeaway,Online,,,Beverage,Coffee Classics,996331,MENU0015,Mocha - Regular,245.0,5.0,1225.0,Synthetic promotion,65.28,0,65.28,1159.72,57.99,1217.71,42.67,213.35,81.6,82.48
ABNAH Cafe Saket Premium,2026-03-01,BILL-OUT003-260301-0012,Dine In,Dine In,,,Beverage,Coffee Classics,996331,MENU0016,Mocha - Medium,270.0,1.0,270.0,Synthetic promotion,14.34,0,14.34,255.66,12.78,268.44,48.42,48.42,81.06,81.96
ABNAH Cafe Saket Premium,2026-03-01,BILL-OUT003-260301-0013,Delivery/Takeaway,Mall Walk-in,,,Beverage,Signature Coffee,996331,MENU0018,Sea Salt Mocha - Regular,275.0,1.0,275.0,Synthetic promotion,13.41,0,13.41,261.59,13.08,274.67,42.67,42.67,83.69,84.46
ABNAH Cafe Saket Premium,2026-03-01,BILL-OUT003-260301-0014,Dine In,Dine In,,,Beverage,Signature Coffee,996331,MENU0019,Sea Salt Mocha - Medium,305.0,2.0,610.0,Synthetic promotion,8.88,0,8.88,601.12,30.06,631.18,48.42,96.84,83.89,84.66
ABNAH Cafe Saket Premium,2026-03-01,BILL-OUT003-260301-0015,Delivery/Takeaway,Online,,,Beverage,Signature Coffee,996331,MENU0020,Sea Salt Mocha - Large,335.0,2.0,670.0,Synthetic promotion,30.43,0,30.43,639.57,31.98,671.55,54.21,108.42,83.05,83.86
ABNAH Cafe Saket Premium,2026-03-01,BILL-OUT003-260301-0016,Dine In,Dine In,,,Beverage,Signature Coffee,996331,MENU0021,Orange Zest Mocha - Regular,270.0,2.0,540.0,Synthetic promotion,16.64,0,16.64,523.36,26.17,549.53,42.67,85.34,83.69,84.47
ABNAH Cafe Saket Premium,2026-03-01,BILL-OUT003-260301-0017,Delivery/Takeaway,Online,,,Beverage,Signature Coffee,996331,MENU0022,Orange Zest Mocha - Medium,300.0,5.0,1500.0,Synthetic promotion,81.58,0,81.58,1418.42,70.92,1489.34,48.42,242.1,82.93,83.74
ABNAH Cafe Saket Premium,2026-03-01,BILL-OUT003-260301-0018,Delivery/Takeaway,Online,,,Beverage,Signature Coffee,996331,MENU0024,Caramel Macchiato - Regular,265.0,4.0,1060.0,Synthetic promotion,6.62,0,6.62,1053.38,52.67,1106.05,42.42,169.68,83.89,84.66
ABNAH Cafe Saket Premium,2026-03-01,BILL-OUT003-260301-0019,Delivery/Takeaway,Online,,,Beverage,Signature Coffee,996331,MENU0026,Caramel Macchiato - Large,325.0,1.0,325.0,Synthetic promotion,14.94,0,14.94,310.06,15.5,325.56,53.88,53.88,82.62,83.45
ABNAH Cafe Saket Premium,2026-03-01,BILL-OUT003-260301-0020,Delivery/Takeaway,Online,,,Beverage,Signature Coffee,996331,MENU0027,French Vanilla Latte - Regular,269.81,2.0,539.62,,0.0,0,0.0,539.63,26.98,566.61,42.17,84.34,84.37,85.11
ABNAH Cafe Saket Premium,2026-03-01,BILL-OUT003-260301-0021,Dine In,Dine In,,,Beverage,Signature Coffee,996331,MENU0028,French Vanilla Latte - Medium,295.0,2.0,590.0,Synthetic promotion,28.99,0,28.99,561.01,28.05,589.06,47.85,95.7,82.94,83.75
ABNAH Cafe Saket Premium,2026-03-01,BILL-OUT003-260301-0022,Delivery/Takeaway,Mall Walk-in,,,Beverage,Signature Coffee,996331,MENU0029,French Vanilla Latte - Large,325.0,2.0,650.0,Synthetic promotion,24.43,0,24.43,625.57,31.28,656.85,53.56,107.12,82.88,83.69
ABNAH Cafe Saket Premium,2026-03-01,BILL-OUT003-260301-0023,Delivery/Takeaway,Mall Walk-in,,,Beverage,Signature Coffee,996331,MENU0030,Vegan Iced Latte - Regular,285.0,3.0,855.0,Synthetic promotion,6.49,0,6.49,848.51,42.43,890.94,58.9,176.7,79.18,80.17
ABNAH Cafe Saket Premium,2026-03-01,BILL-OUT003-260301-0024,Delivery/Takeaway,Mall Walk-in,,,Beverage,Signature Coffee,996331,MENU0031,Vegan Iced Latte - Medium,310.0,6.0,1860.0,Synthetic promotion,17.8,0,17.8,1842.2,92.11,1934.31,66.95,401.7,78.19,79.23
ABNAH Cafe Saket Premium,2026-03-01,BILL-OUT003-260301-0025,Delivery/Takeaway,Mall Walk-in,,,Beverage,Signature Coffee,996331,MENU0032,Vegan Iced Latte - Large,335.0,1.0,335.0,Synthetic promotion,12.74,0,12.74,322.26,16.11,338.37,75.02,75.02,76.72,77.83
ABNAH Cafe Saket Premium,2026-03-01,BILL-OUT003-260301-0026,Dine In,Dine In,,,Beverage,Cold Brew,996331,MENU0033,Classic Cold Brew - Regular,228.91,1.0,228.91,,0.0,0,0.0,228.91,11.45,240.36,25.6,25.6,88.82,89.35
ABNAH Cafe Saket Premium,2026-03-01,BILL-OUT003-260301-0027,Delivery/Takeaway,Mall Walk-in,,,Beverage,Cold Brew,996331,MENU0034,Classic Cold Brew - Medium,253.11,1.0,253.11,,0.0,0,0.0,253.11,12.66,265.77,28.66,28.66,88.68,89.22
ABNAH Cafe Saket Premium,2026-03-01,BILL-OUT003-260301-0028,Dine In,Dine In,,,Beverage,Cold Brew,996331,MENU0036,Coffee Lemonade - Regular,235.0,2.0,470.0,Synthetic promotion,27.49,0,27.49,442.51,22.13,464.64,29.45,58.9,86.69,87.32
ABNAH Cafe Saket Premium,2026-03-01,BILL-OUT003-260301-0029,Dine In,Dine In,,,Beverage,Cold Brew,996331,MENU0037,Coffee Lemonade - Medium,260.0,3.0,780.0,Synthetic promotion,4.98,0,4.98,775.02,38.75,813.77,33.09,99.27,87.19,87.8
ABNAH Cafe Saket Premium,2026-03-01,BILL-OUT003-260301-0030,Delivery/Takeaway,Online,,,Beverage,Cold Brew,996331,MENU0040,Vietnamese Shakerato - Medium,280.0,1.0,280.0,Synthetic promotion,10.21,0,10.21,269.79,13.49,283.28,28.66,28.66,89.38,89.88
ABNAH Cafe Saket Premium,2026-03-01,BILL-OUT003-260301-0031,Delivery/Takeaway,Online,,,Beverage,Cold Coffee,996331,MENU0042,Classic Cold Coffee - Regular,255.0,1.0,255.0,Synthetic promotion,6.11,0,6.11,248.89,12.44,261.33,38.56,38.56,84.51,85.24
ABNAH Cafe Saket Premium,2026-03-01,BILL-OUT003-260301-0032,Delivery/Takeaway,Mall Walk-in,,,Beverage,Cold Coffee,996331,MENU0043,Classic Cold Coffee - Medium,290.54,2.0,581.08,Synthetic promotion,0.01,0,0.01,581.07,29.05,610.12,43.56,87.12,85.01,85.72
ABNAH Cafe Saket Premium,2026-03-01,BILL-OUT003-260301-0033,Dine In,Dine In,,,Beverage,Cold Coffee,996331,MENU0048,Caramel Cold Coffee - Regular,285.0,2.0,570.0,Synthetic promotion,26.6,0,26.6,543.4,27.17,570.57,44.81,89.62,83.51,84.29
ABNAH Cafe Saket Premium,2026-03-01,BILL-OUT003-260301-0034,Delivery/Takeaway,Mall Walk-in,,,Beverage,Cold Coffee,996331,MENU0049,Caramel Cold Coffee - Medium,324.14,1.0,324.14,,0.0,0,0.0,324.14,16.21,340.35,50.74,50.74,84.35,85.09
ABNAH Cafe Saket Premium,2026-03-01,BILL-OUT003-260301-0035,Dine In,Dine In,,,Beverage,Cold Coffee,996331,MENU0050,Caramel Cold Coffee - Large,360.5,2.0,721.0,,0.0,0,0.0,721.0,36.05,757.05,56.7,113.4,84.27,85.02
ABNAH Cafe Saket Premium,2026-03-01,BILL-OUT003-260301-0036,Dine In,Dine In,,,Beverage,Tea,996331,MENU0052,Masala Chai Latte - Medium,220.0,2.0,440.0,Synthetic promotion,20.09,0,20.09,419.91,21.0,440.91,40.96,81.92,80.49,81.42
ABNAH Cafe Saket Premium,2026-03-01,BILL-OUT003-260301-0037,Delivery/Takeaway,Mall Walk-in,,,Beverage,Tea,996331,MENU0054,Himalayan Green Tea,211.04,2.0,422.08,,0.0,0,0.0,422.09,21.1,443.19,8.67,17.34,95.89,96.09
ABNAH Cafe Saket Premium,2026-03-01,BILL-OUT003-260301-0038,Delivery/Takeaway,Online,,,Beverage,Tea,996331,MENU0055,Japanese Matcha Latte - Regular,265.0,2.0,530.0,Synthetic promotion,22.3,0,22.3,507.7,25.39,533.09,36.17,72.34,85.75,86.43
ABNAH Cafe Saket Premium,2026-03-01,BILL-OUT003-260301-0039,Dine In,Dine In,Guest 7642,9000007642,Beverage,Tea,996331,MENU0056,Japanese Matcha Latte - Medium,295.0,3.0,885.0,Synthetic promotion,27.77,0,27.77,857.23,42.86,900.09,40.96,122.88,85.67,86.35
ABNAH Cafe Saket Premium,2026-03-01,BILL-OUT003-260301-0040,Dine In,Dine In,,,Beverage,Iced Tea,996331,MENU0058,Lemon Iced Tea - Regular,205.81,1.0,205.81,,0.0,0,0.0,205.81,10.29,216.1,14.29,14.29,93.06,93.39
ABNAH Cafe Saket Premium,2026-03-01,BILL-OUT003-260301-0041,Delivery/Takeaway,Online,,,Beverage,Iced Tea,996331,MENU0059,Lemon Iced Tea - Medium,230.0,1.0,230.0,Synthetic promotion,1.45,0,1.45,228.55,11.43,239.98,15.66,15.66,93.15,93.47
ABNAH Cafe Saket Premium,2026-03-01,BILL-OUT003-260301-0042,Delivery/Takeaway,Mall Walk-in,,,Beverage,Kids Beverage,996331,MENU0065,Hot Chocolate - Medium,249.21,2.0,498.42,Synthetic promotion,0.01,0,0.01,498.41,24.92,523.33,40.27,80.54,83.84,84.61
ABNAH Cafe Saket Premium,2026-03-01,BILL-OUT003-260301-0043,Delivery/Takeaway,Mall Walk-in,,,Beverage,Shake,996331,MENU0068,Choco Chip Shake - Regular,295.0,2.0,590.0,Synthetic promotion,28.17,0,28.17,561.83,28.09,589.92,34.11,68.22,87.86,88.44
ABNAH Cafe Saket Premium,2026-03-01,BILL-OUT003-260301-0044,Delivery/Takeaway,Mall Walk-in,,,Beverage,Shake,996331,MENU0069,Choco Chip Shake - Medium,330.0,1.0,330.0,Synthetic promotion,1.45,0,1.45,328.55,16.43,344.98,38.42,38.42,88.31,88.86
ABNAH Cafe Saket Premium,2026-03-01,BILL-OUT003-260301-0045,Dine In,Dine In,,,Beverage,Shake,996331,MENU0070,Choco Chip Shake - Large,365.0,1.0,365.0,Synthetic promotion,17.19,0,17.19,347.81,17.39,365.2,42.79,42.79,87.7,88.28
ABNAH Cafe Saket Premium,2026-03-01,BILL-OUT003-260301-0046,Dine In,Dine In,,,Beverage,Shake,996331,MENU0072,Mixed Berry Shake - Medium,350.0,2.0,700.0,Synthetic promotion,12.96,0,12.96,687.04,34.35,721.39,69.6,139.2,79.74,80.7
ABNAH Cafe Saket Premium,2026-03-01,BILL-OUT003-260301-0047,Delivery/Takeaway,Mall Walk-in,,,Beverage,Smoothie,996331,MENU0074,Seasonal Smoothie - Regular,306.47,1.0,306.47,,0.0,0,0.0,306.47,15.32,321.79,33.37,33.37,89.11,89.63
ABNAH Cafe Saket Premium,2026-03-01,BILL-OUT003-260301-0048,Dine In,Dine In,Guest 7389,9000007389,Beverage,Smoothie,996331,MENU0075,Seasonal Smoothie - Medium,346.02,1.0,346.02,,0.0,0,0.0,346.02,17.3,363.32,37.59,37.59,89.14,89.65
ABNAH Cafe Saket Premium,2026-03-01,BILL-OUT003-260301-0049,Delivery/Takeaway,Online,Guest 2236,9000002236,Beverage,Smoothie,996331,MENU0076,Seasonal Smoothie - Large,375.0,1.0,375.0,Synthetic promotion,7.41,0,7.41,367.59,18.38,385.97,41.83,41.83,88.62,89.16
ABNAH Cafe Saket Premium,2026-03-01,BILL-OUT003-260301-0050,Delivery/Takeaway,Online,,,Food,Wraps,996331,MENU0077,Spicy Paneer Wrap,278.58,1.0,278.58,,0.0,0,0.0,278.58,13.93,292.51,73.36,73.36,73.67,74.92
ABNAH Cafe Saket Premium,2026-03-01,BILL-OUT003-260301-0051,Delivery/Takeaway,Mall Walk-in,,,Food,Wraps,996331,MENU0078,Shredded Chicken Wrap,295.0,1.0,295.0,Synthetic promotion,17.67,0,17.67,277.33,13.87,291.2,70.05,70.05,74.74,75.94
ABNAH Cafe Saket Premium,2026-03-01,BILL-OUT003-260301-0052,Dine In,Dine In,,,Food,Sandwiches,996331,MENU0079,Smoked Chipotle Paneer Sandwich,295.0,4.0,1180.0,Synthetic promotion,42.58,0,42.58,1137.42,56.87,1194.29,90.66,362.64,68.12,69.64
ABNAH Cafe Saket Premium,2026-03-01,BILL-OUT003-260301-0053,Dine In,Dine In,Guest 1273,9000001273,Food,Sandwiches,996331,MENU0080,Pesto Veg Sandwich,280.0,1.0,280.0,Synthetic promotion,8.47,0,8.47,271.53,13.58,285.11,91.86,91.86,66.17,67.78
ABNAH Cafe Saket Premium,2026-03-01,BILL-OUT003-260301-0054,Dine In,Dine In,,,Food,Sandwiches,996331,MENU0081,Pepper Chicken Sandwich,315.0,2.0,630.0,Synthetic promotion,20.98,0,20.98,609.02,30.45,639.47,87.66,175.32,71.21,72.58
ABNAH Cafe Saket Premium,2026-03-01,BILL-OUT003-260301-0055,Delivery/Takeaway,Online,,,Food,Toasts,996331,MENU0083,Chilli Cheese Garlic Toast,235.0,1.0,235.0,Synthetic promotion,8.53,0,8.53,226.47,11.32,237.79,42.14,42.14,81.39,82.28
ABNAH Cafe Saket Premium,2026-03-01,BILL-OUT003-260301-0056,Delivery/Takeaway,Online,,,Food,Toasts,996331,MENU0084,Chicken Pepperoni Avocado Toast,330.0,3.0,990.0,Synthetic promotion,30.79,0,30.79,959.21,47.96,1007.17,68.54,205.62,78.56,79.58
ABNAH Cafe Saket Premium,2026-03-01,BILL-OUT003-260301-0057,Delivery/Takeaway,Online,,,Food,Breakfast,996331,MENU0086,Breakfast Pancakes,285.0,1.0,285.0,Synthetic promotion,3.11,0,3.11,281.89,14.09,295.98,66.89,66.89,76.27,77.4
ABNAH Cafe Saket Premium,2026-03-01,BILL-OUT003-260301-0058,Delivery/Takeaway,Mall Walk-in,,,Food,Breakfast,996331,MENU0088,Scallion Pepper Cream Cheese Bagel,265.0,1.0,265.0,Synthetic promotion,0.97,0,0.97,264.03,13.2,277.23,54.49,54.49,79.36,80.34
ABNAH Cafe Saket Premium,2026-03-01,BILL-OUT003-260301-0059,Delivery/Takeaway,Online,,,Food,Breakfast,996331,MENU0089,Masala Egg Bun,225.38,1.0,225.38,,0.0,0,0.0,225.38,11.27,236.65,42.74,42.74,81.04,81.94
ABNAH Cafe Saket Premium,2026-03-01,BILL-OUT003-260301-0060,Delivery/Takeaway,Online,,,Food,Snacks,996331,MENU0090,Marinara Cheese Pin Wheels,215.0,1.0,215.0,Synthetic promotion,3.22,0,3.22,211.78,10.59,222.37,38.29,38.29,81.92,82.78
ABNAH Cafe Saket Premium,2026-03-01,BILL-OUT003-260301-0061,Dine In,Dine In,Guest 3069,9000003069,Food,Baked Goods,996331,MENU0094,Butter Croissant,195.0,2.0,390.0,Synthetic promotion,1.44,0,1.44,388.56,19.43,407.99,58.04,116.08,70.13,71.55
ABNAH Cafe Saket Premium,2026-03-01,BILL-OUT003-260301-0062,Dine In,Dine In,,,Food,Baked Goods,996331,MENU0095,Almond Croissant,245.0,1.0,245.0,Synthetic promotion,10.63,0,10.63,234.37,11.72,246.09,58.04,58.04,75.24,76.42
ABNAH Cafe Saket Premium,2026-03-01,BILL-OUT003-260301-0063,Delivery/Takeaway,Mall Walk-in,,,Food,Baked Goods,996331,MENU0096,Chocolate Croissant,235.0,2.0,470.0,Synthetic promotion,19.06,0,19.06,450.94,22.55,473.49,64.54,129.08,71.38,72.74
ABNAH Cafe Saket Premium,2026-03-01,BILL-OUT003-260301-0064,Delivery/Takeaway,Online,Guest 2217,9000002217,Food,Baked Goods,996331,MENU0097,Mushroom Cheese Croissant,256.25,1.0,256.25,,0.0,0,0.0,256.25,12.81,269.06,74.84,74.84,70.79,72.18
ABNAH Cafe Saket Premium,2026-03-01,BILL-OUT003-260301-0065,Dine In,Dine In,,,Dessert,Baked Goods,996331,MENU0099,Cinnamon Roll with Cream Cheese,220.0,1.0,220.0,Synthetic promotion,6.78,0,6.78,213.22,10.66,223.88,52.57,52.57,75.34,76.52
ABNAH Cafe Saket Premium,2026-03-01,BILL-OUT003-260301-0066,Delivery/Takeaway,Online,,,Dessert,Baked Goods,996331,MENU0100,Banana Walnut Tea Cake,205.0,1.0,205.0,Synthetic promotion,3.96,0,3.96,201.04,10.05,211.09,61.61,61.61,69.35,70.81
ABNAH Cafe Saket Premium,2026-03-01,BILL-OUT003-260301-0067,Delivery/Takeaway,Online,,,Dessert,Baked Goods,996331,MENU0101,Lemon Raspberry Tea Cake,215.0,2.0,430.0,Synthetic promotion,21.61,0,21.61,408.39,20.42,428.81,56.57,113.14,72.3,73.62
ABNAH Cafe Saket Premium,2026-03-01,BILL-OUT003-260301-0068,Dine In,Dine In,,,Dessert,Desserts,996331,MENU0102,Double Chocolate Truffle Cake,295.0,2.0,590.0,Synthetic promotion,4.87,0,4.87,585.13,29.26,614.39,63.07,126.14,78.44,79.47
ABNAH Cafe Saket Premium,2026-03-01,BILL-OUT003-260301-0069,Delivery/Takeaway,Online,Guest 7760,9000007760,Dessert,Desserts,996331,MENU0103,Banoffee Pie,286.83,1.0,286.83,,0.0,0,0.0,286.83,14.34,301.17,56.57,56.57,80.28,81.22
ABNAH Cafe Saket Premium,2026-03-01,BILL-OUT003-260301-0070,Delivery/Takeaway,Online,,,Dessert,Desserts,996331,MENU0104,Classic Chocolate Fudge Brownie,195.0,2.0,390.0,Synthetic promotion,11.8,0,11.8,378.2,18.91,397.11,51.02,102.04,73.02,74.3
ABNAH Cafe Saket Premium,2026-03-01,BILL-OUT003-260301-0071,Delivery/Takeaway,Mall Walk-in,Guest 4590,9000004590,Dessert,Desserts,996331,MENU0105,Soft-Centred Caramel Cookie,182.79,2.0,365.58,,0.0,0,0.0,365.58,18.28,383.86,46.02,92.04,74.82,76.02
ABNAH Cafe Saket Premium,2026-03-01,BILL-OUT003-260301-0072,Delivery/Takeaway,Online,,,Dessert,Desserts,996331,MENU0107,Jaggery Parmesan Cookie,170.0,2.0,340.0,Synthetic promotion,10.41,0,10.41,329.59,16.48,346.07,41.02,82.04,75.11,76.29
ABNAH Cafe Saket Premium,2026-03-01,BILL-OUT003-260301-0073,Delivery/Takeaway,Mall Walk-in,,,Dessert,Desserts,996331,MENU0109,Basque Cheesecake,310.0,1.0,310.0,Synthetic promotion,13.82,0,13.82,296.18,14.81,310.99,82.57,82.57,72.12,73.45
ABNAH Cafe Saket Premium,2026-03-01,BILL-OUT003-260301-0074,Dine In,Dine In,,,Dessert,Baked Goods,996331,MENU0110,Multigrain Walnut Tea Cake,225.0,3.0,675.0,Synthetic promotion,20.41,0,20.41,654.59,32.73,687.32,56.57,169.71,74.07,75.31
ABNAH Cafe Saket Premium,2026-03-02,BILL-OUT003-260302-0001,Dine In,Dine In,,,Beverage,Coffee Classics,996331,MENU0004,Americano - Medium,212.94,1.0,212.94,,0.0,0,0.0,212.94,10.65,223.59,26.05,26.05,87.77,88.35
ABNAH Cafe Saket Premium,2026-03-02,BILL-OUT003-260302-0002,Delivery/Takeaway,Online,,,Beverage,Coffee Classics,996331,MENU0005,Americano - Large,238.53,2.0,477.06,,0.0,0,0.0,477.07,23.85,500.92,28.91,57.82,87.88,88.46
ABNAH Cafe Saket Premium,2026-03-02,BILL-OUT003-260302-0003,Dine In,Dine In,,,Beverage,Coffee Classics,996331,MENU0006,Latte - Regular,225.0,1.0,225.0,Synthetic promotion,7.35,0,7.35,217.65,10.88,228.53,36.17,36.17,83.38,84.17
ABNAH Cafe Saket Premium,2026-03-02,BILL-OUT003-260302-0004,Dine In,Dine In,Guest 6432,9000006432,Beverage,Coffee Classics,996331,MENU0007,Latte - Medium,250.0,2.0,500.0,Synthetic promotion,6.15,0,6.15,493.85,24.69,518.54,40.96,81.92,83.41,84.2
ABNAH Cafe Saket Premium,2026-03-02,BILL-OUT003-260302-0005,Delivery/Takeaway,Mall Walk-in,,,Beverage,Coffee Classics,996331,MENU0008,Latte - Large,275.0,1.0,275.0,Synthetic promotion,10.68,0,10.68,264.32,13.22,277.54,45.76,45.76,82.69,83.51
ABNAH Cafe Saket Premium,2026-03-02,BILL-OUT003-260302-0006,Delivery/Takeaway,Online,,,Beverage,Coffee Classics,996331,MENU0010,Cappuccino - Medium,250.0,1.0,250.0,Synthetic promotion,2.34,0,2.34,247.66,12.38,260.04,40.96,40.96,83.46,84.25
ABNAH Cafe Saket Premium,2026-03-02,BILL-OUT003-260302-0007,Delivery/Takeaway,Mall Walk-in,,,Beverage,Coffee Classics,996331,MENU0011,Cappuccino - Large,275.0,2.0,550.0,Synthetic promotion,15.92,0,15.92,534.08,26.7,560.78,45.76,91.52,82.86,83.68
ABNAH Cafe Saket Premium,2026-03-02,BILL-OUT003-260302-0008,Delivery/Takeaway,Online,,,Beverage,Coffee Classics,996331,MENU0013,Flat White - Medium,260.0,1.0,260.0,Synthetic promotion,14.93,0,14.93,245.07,12.25,257.32,40.96,40.96,83.29,84.08
ABNAH Cafe Saket Premium,2026-03-02,BILL-OUT003-260302-0009,Delivery/Takeaway,Online,,,Beverage,Coffee Classics,996331,MENU0014,Flat White - Large,285.0,2.0,570.0,Synthetic promotion,12.27,0,12.27,557.73,27.89,585.62,45.76,91.52,83.59,84.37
ABNAH Cafe Saket Premium,2026-03-02,BILL-OUT003-260302-0010,Dine In,Dine In,,,Beverage,Coffee Classics,996331,MENU0015,Mocha - Regular,249.11,1.0,249.11,,0.0,0,0.0,249.11,12.46,261.57,42.67,42.67,82.87,83.69
ABNAH Cafe Saket Premium,2026-03-02,BILL-OUT003-260302-0011,Dine In,Dine In,,,Beverage,Coffee Classics,996331,MENU0016,Mocha - Medium,270.0,1.0,270.0,Synthetic promotion,4.17,0,4.17,265.83,13.29,279.12,48.42,48.42,81.79,82.65
ABNAH Cafe Saket Premium,2026-03-02,BILL-OUT003-260302-0012,Dine In,Dine In,,,Beverage,Signature Coffee,996331,MENU0018,Sea Salt Mocha - Regular,275.29,1.0,275.29,,0.0,0,0.0,275.29,13.76,289.05,42.67,42.67,84.5,85.24
ABNAH Cafe Saket Premium,2026-03-02,BILL-OUT003-260302-0013,Delivery/Takeaway,Mall Walk-in,,,Beverage,Signature Coffee,996331,MENU0019,Sea Salt Mocha - Medium,305.0,1.0,305.0,Synthetic promotion,3.38,0,3.38,301.62,15.08,316.7,48.42,48.42,83.95,84.71
ABNAH Cafe Saket Premium,2026-03-02,BILL-OUT003-260302-0014,Dine In,Dine In,,,Beverage,Signature Coffee,996331,MENU0021,Orange Zest Mocha - Regular,271.44,2.0,542.88,,0.0,0,0.0,542.88,27.14,570.02,42.67,85.34,84.28,85.03
ABNAH Cafe Saket Premium,2026-03-02,BILL-OUT003-260302-0015,Dine In,Dine In,,,Beverage,Signature Coffee,996331,MENU0023,Orange Zest Mocha - Large,330.0,1.0,330.0,Synthetic promotion,7.17,0,7.17,322.83,16.14,338.97,54.21,54.21,83.21,84.01
ABNAH Cafe Saket Premium,2026-03-02,BILL-OUT003-260302-0016,Delivery/Takeaway,Online,Guest 0201,9000000201,Beverage,Signature Coffee,996331,MENU0024,Caramel Macchiato - Regular,265.0,1.0,265.0,Synthetic promotion,9.06,0,9.06,255.94,12.8,268.74,42.42,42.42,83.43,84.22
ABNAH Cafe Saket Premium,2026-03-02,BILL-OUT003-260302-0017,Dine In,Dine In,,,Beverage,Signature Coffee,996331,MENU0025,Caramel Macchiato - Medium,295.0,2.0,590.0,Synthetic promotion,35.16,0,35.16,554.84,27.74,582.58,48.13,96.26,82.65,83.48
ABNAH Cafe Saket Premium,2026-03-02,BILL-OUT003-260302-0018,Delivery/Takeaway,Online,,,Beverage,Signature Coffee,996331,MENU0027,French Vanilla Latte - Regular,268.25,1.0,268.25,,0.0,0,0.0,268.25,13.41,281.66,42.17,42.17,84.28,85.03
ABNAH Cafe Saket Premium,2026-03-02,BILL-OUT003-260302-0019,Dine In,Dine In,,,Beverage,Signature Coffee,996331,MENU0028,French Vanilla Latte - Medium,295.0,1.0,295.0,Synthetic promotion,2.23,0,2.23,292.77,14.64,307.41,47.85,47.85,83.66,84.43
ABNAH Cafe Saket Premium,2026-03-02,BILL-OUT003-260302-0020,Dine In,Dine In,Guest 0666,9000000666,Beverage,Signature Coffee,996331,MENU0029,French Vanilla Latte - Large,325.0,1.0,325.0,Synthetic promotion,5.14,0,5.14,319.86,15.99,335.85,53.56,53.56,83.26,84.05
ABNAH Cafe Saket Premium,2026-03-02,BILL-OUT003-260302-0021,Delivery/Takeaway,Online,,,Beverage,Signature Coffee,996331,MENU0030,Vegan Iced Latte - Regular,285.0,1.0,285.0,Synthetic promotion,12.97,0,12.97,272.03,13.6,285.63,58.9,58.9,78.35,79.38
ABNAH Cafe Saket Premium,2026-03-02,BILL-OUT003-260302-0022,Dine In,Dine In,,,Beverage,Signature Coffee,996331,MENU0031,Vegan Iced Latte - Medium,310.0,3.0,930.0,Synthetic promotion,44.33,0,44.33,885.67,44.28,929.95,66.95,200.85,77.32,78.4
ABNAH Cafe Saket Premium,2026-03-02,BILL-OUT003-260302-0023,Delivery/Takeaway,Online,Guest 6554,9000006554,Beverage,Signature Coffee,996331,MENU0032,Vegan Iced Latte - Large,335.0,1.0,335.0,Synthetic promotion,17.68,0,17.68,317.32,15.87,333.19,75.02,75.02,76.36,77.48
ABNAH Cafe Saket Premium,2026-03-02,BILL-OUT003-260302-0024,Delivery/Takeaway,Online,,,Beverage,Cold Brew,996331,MENU0034,Classic Cold Brew - Medium,250.0,1.0,250.0,Synthetic promotion,1.87,0,1.87,248.13,12.41,260.54,28.66,28.66,88.45,89.0
ABNAH Cafe Saket Premium,2026-03-02,BILL-OUT003-260302-0025,Delivery/Takeaway,Mall Walk-in,,,Beverage,Cold Brew,996331,MENU0040,Vietnamese Shakerato - Medium,283.56,1.0,283.56,,0.0,0,0.0,283.56,14.18,297.74,28.66,28.66,89.89,90.37
ABNAH Cafe Saket Premium,2026-03-02,BILL-OUT003-260302-0026,Delivery/Takeaway,Online,Guest 6370,9000006370,Beverage,Cold Brew,996331,MENU0041,Vietnamese Shakerato - Large,305.0,1.0,305.0,Synthetic promotion,16.59,0,16.59,288.41,14.42,302.83,31.73,31.73,89.0,89.52
ABNAH Cafe Saket Premium,2026-03-02,BILL-OUT003-260302-0027,Delivery/Takeaway,Online,Guest 0693,9000000693,Beverage,Cold Coffee,996331,MENU0043,Classic Cold Coffee - Medium,290.34,1.0,290.34,,0.0,0,0.0,290.34,14.52,304.86,43.56,43.56,85.0,85.71
ABNAH Cafe Saket Premium,2026-03-02,BILL-OUT003-260302-0028,Delivery/Takeaway,Online,,,Beverage,Cold Coffee,996331,MENU0045,Mocha Cold Coffee - Regular,285.0,1.0,285.0,Synthetic promotion,2.49,0,2.49,282.51,14.13,296.64,45.06,45.06,84.05,84.81
ABNAH Cafe Saket Premium,2026-03-02,BILL-OUT003-260302-0029,Delivery/Takeaway,Mall Walk-in,Guest 8202,9000008202,Beverage,Cold Coffee,996331,MENU0048,Caramel Cold Coffee - Regular,285.0,1.0,285.0,Synthetic promotion,13.14,0,13.14,271.86,13.59,285.45,44.81,44.81,83.52,84.3
ABNAH Cafe Saket Premium,2026-03-02,BILL-OUT003-260302-0030,Dine In,Dine In,Guest 4814,9000004814,Beverage,Cold Coffee,996331,MENU0049,Caramel Cold Coffee - Medium,320.0,1.0,320.0,Synthetic promotion,5.55,0,5.55,314.45,15.72,330.17,50.74,50.74,83.86,84.63
ABNAH Cafe Saket Premium,2026-03-02,BILL-OUT003-260302-0031,Delivery/Takeaway,Mall Walk-in,,,Beverage,Tea,996331,MENU0051,Masala Chai Latte - Regular,195.0,1.0,195.0,Synthetic promotion,1.94,0,1.94,193.06,9.65,202.71,36.17,36.17,81.26,82.16
ABNAH Cafe Saket Premium,2026-03-02,BILL-OUT003-260302-0032,Delivery/Takeaway,Online,,,Beverage,Tea,996331,MENU0054,Himalayan Green Tea,210.97,1.0,210.97,,0.0,0,0.0,210.97,10.55,221.52,8.67,8.67,95.89,96.09
ABNAH Cafe Saket Premium,2026-03-02,BILL-OUT003-260302-0033,Delivery/Takeaway,Mall Walk-in,,,Beverage,Tea,996331,MENU0056,Japanese Matcha Latte - Medium,295.0,2.0,590.0,Synthetic promotion,16.61,0,16.61,573.39,28.67,602.06,40.96,81.92,85.71,86.39
ABNAH Cafe Saket Premium,2026-03-02,BILL-OUT003-260302-0034,Delivery/Takeaway,Online,Guest 2294,9000002294,Beverage,Tea,996331,MENU0057,Japanese Matcha Latte - Large,325.0,2.0,650.0,Synthetic promotion,4.82,0,4.82,645.18,32.26,677.44,45.76,91.52,85.81,86.49
ABNAH Cafe Saket Premium,2026-03-02,BILL-OUT003-260302-0035,Delivery/Takeaway,Online,,,Beverage,Iced Tea,996331,MENU0058,Lemon Iced Tea - Regular,205.0,2.0,410.0,Synthetic promotion,24.31,0,24.31,385.69,19.28,404.97,14.29,28.58,92.59,92.94
ABNAH Cafe Saket Premium,2026-03-02,BILL-OUT003-260302-0036,Delivery/Takeaway,Mall Walk-in,,,Beverage,Iced Tea,996331,MENU0059,Lemon Iced Tea - Medium,230.0,2.0,460.0,Synthetic promotion,11.0,0,11.0,449.0,22.45,471.45,15.66,31.32,93.02,93.36
ABNAH Cafe Saket Premium,2026-03-02,BILL-OUT003-260302-0037,Delivery/Takeaway,Online,Guest 2189,9000002189,Beverage,Kids Beverage,996331,MENU0067,Babyccino - Regular,165.0,1.0,165.0,Synthetic promotion,1.96,0,1.96,163.04,8.15,171.19,14.21,14.21,91.28,91.7
ABNAH Cafe Saket Premium,2026-03-02,BILL-OUT003-260302-0038,Delivery/Takeaway,Online,,,Beverage,Shake,996331,MENU0069,Choco Chip Shake - Medium,334.66,1.0,334.66,,0.0,0,0.0,334.66,16.73,351.39,38.42,38.42,88.52,89.07
ABNAH Cafe Saket Premium,2026-03-02,BILL-OUT003-260302-0039,Dine In,Dine In,,,Beverage,Shake,996331,MENU0072,Mixed Berry Shake - Medium,350.0,1.0,350.0,Synthetic promotion,8.77,0,8.77,341.23,17.06,358.29,69.6,69.6,79.6,80.57
ABNAH Cafe Saket Premium,2026-03-02,BILL-OUT003-260302-0040,Dine In,Dine In,,,Beverage,Smoothie,996331,MENU0075,Seasonal Smoothie - Medium,346.76,3.0,1040.28,,0.0,0,0.0,1040.29,52.01,1092.3,37.59,112.77,89.16,89.68
ABNAH Cafe Saket Premium,2026-03-02,BILL-OUT003-260302-0041,Delivery/Takeaway,Mall Walk-in,,,Beverage,Smoothie,996331,MENU0076,Seasonal Smoothie - Large,375.0,1.0,375.0,Synthetic promotion,9.85,0,9.85,365.15,18.26,383.41,41.83,41.83,88.54,89.09
ABNAH Cafe Saket Premium,2026-03-02,BILL-OUT003-260302-0042,Delivery/Takeaway,Online,,,Food,Wraps,996331,MENU0078,Shredded Chicken Wrap,295.0,1.0,295.0,Synthetic promotion,16.34,0,16.34,278.66,13.93,292.59,70.05,70.05,74.86,76.06
ABNAH Cafe Saket Premium,2026-03-02,BILL-OUT003-260302-0043,Dine In,Dine In,,,Food,Sandwiches,996331,MENU0079,Smoked Chipotle Paneer Sandwich,295.0,2.0,590.0,Synthetic promotion,19.79,0,19.79,570.21,28.51,598.72,90.66,181.32,68.2,69.72
ABNAH Cafe Saket Premium,2026-03-02,BILL-OUT003-260302-0044,Delivery/Takeaway,Online,,,Food,Sandwiches,996331,MENU0080,Pesto Veg Sandwich,280.0,1.0,280.0,Synthetic promotion,10.58,0,10.58,269.42,13.47,282.89,91.86,91.86,65.9,67.53
ABNAH Cafe Saket Premium,2026-03-02,BILL-OUT003-260302-0045,Delivery/Takeaway,Mall Walk-in,,,Food,Sandwiches,996331,MENU0082,Tandoori Chicken Sandwich,320.0,1.0,320.0,Synthetic promotion,0.78,0,0.78,319.22,15.96,335.18,87.66,87.66,72.54,73.85
ABNAH Cafe Saket Premium,2026-03-02,BILL-OUT003-260302-0046,Delivery/Takeaway,Online,,,Food,Toasts,996331,MENU0084,Chicken Pepperoni Avocado Toast,330.0,1.0,330.0,Synthetic promotion,18.52,0,18.52,311.48,15.57,327.05,68.54,68.54,78.0,79.04
ABNAH Cafe Saket Premium,2026-03-02,BILL-OUT003-260302-0047,Delivery/Takeaway,Mall Walk-in,Guest 0529,9000000529,Food,Platter,996331,MENU0085,Hummus and Pita Platter,314.12,1.0,314.12,,0.0,0,0.0,314.12,15.71,329.83,45.45,45.45,85.53,86.22
ABNAH Cafe Saket Premium,2026-03-02,BILL-OUT003-260302-0048,Delivery/Takeaway,Online,,,Food,Breakfast,996331,MENU0086,Breakfast Pancakes,285.0,1.0,285.0,Synthetic promotion,1.08,0,1.08,283.92,14.2,298.12,66.89,66.89,76.44,77.56
ABNAH Cafe Saket Premium,2026-03-02,BILL-OUT003-260302-0049,Dine In,Dine In,,,Food,Snacks,996331,MENU0090,Marinara Cheese Pin Wheels,215.0,1.0,215.0,Synthetic promotion,0.09,0,0.09,214.91,10.75,225.66,38.29,38.29,82.18,83.03
ABNAH Cafe Saket Premium,2026-03-02,BILL-OUT003-260302-0050,Dine In,Dine In,,,Food,Snacks,996331,MENU0092,Turnover with Brioche Dough Chicken,255.0,1.0,255.0,Synthetic promotion,9.07,0,9.07,245.93,12.3,258.23,87.54,87.54,64.4,66.1
ABNAH Cafe Saket Premium,2026-03-02,BILL-OUT003-260302-0051,Dine In,Dine In,Guest 6987,9000006987,Food,Snacks,996331,MENU0093,Turnover with Brioche Dough Veg,235.0,1.0,235.0,Synthetic promotion,7.5,0,7.5,227.5,11.38,238.88,89.94,89.94,60.47,62.35
ABNAH Cafe Saket Premium,2026-03-02,BILL-OUT003-260302-0052,Dine In,Dine In,,,Food,Baked Goods,996331,MENU0095,Almond Croissant,245.0,3.0,735.0,Synthetic promotion,5.22,0,5.22,729.78,36.49,766.27,58.04,174.12,76.14,77.28
ABNAH Cafe Saket Premium,2026-03-02,BILL-OUT003-260302-0053,Dine In,Dine In,Guest 2660,9000002660,Food,Baked Goods,996331,MENU0096,Chocolate Croissant,235.19,1.0,235.19,,0.0,0,0.0,235.19,11.76,246.95,64.54,64.54,72.56,73.87
ABNAH Cafe Saket Premium,2026-03-02,BILL-OUT003-260302-0054,Dine In,Dine In,,,Food,Baked Goods,996331,MENU0097,Mushroom Cheese Croissant,255.0,2.0,510.0,Synthetic promotion,22.12,0,22.12,487.88,24.39,512.27,74.84,149.68,69.32,70.78
ABNAH Cafe Saket Premium,2026-03-02,BILL-OUT003-260302-0055,Delivery/Takeaway,Online,Guest 8934,9000008934,Dessert,Desserts,996331,MENU0102,Double Chocolate Truffle Cake,295.0,1.0,295.0,Synthetic promotion,0.94,0,0.94,294.06,14.7,308.76,63.07,63.07,78.55,79.57
ABNAH Cafe Saket Premium,2026-03-02,BILL-OUT003-260302-0056,Dine In,Dine In,,,Dessert,Desserts,996331,MENU0103,Banoffee Pie,290.43,1.0,290.43,,0.0,0,0.0,290.43,14.52,304.95,56.57,56.57,80.52,81.45
ABNAH Cafe Saket Premium,2026-03-02,BILL-OUT003-260302-0057,Delivery/Takeaway,Online,,,Dessert,Desserts,996331,MENU0104,Classic Chocolate Fudge Brownie,195.0,1.0,195.0,Synthetic promotion,10.86,0,10.86,184.14,9.21,193.35,51.02,51.02,72.29,73.61
ABNAH Cafe Saket Premium,2026-03-02,BILL-OUT003-260302-0058,Delivery/Takeaway,Mall Walk-in,,,Dessert,Desserts,996331,MENU0108,Apple Pie,270.0,2.0,540.0,Synthetic promotion,4.39,0,4.39,535.61,26.78,562.39,56.57,113.14,78.88,79.88
ABNAH Cafe Saket Premium,2026-03-02,BILL-OUT003-260302-0059,Dine In,Dine In,,,Dessert,Desserts,996331,MENU0109,Basque Cheesecake,310.67,1.0,310.67,,0.0,0,0.0,310.67,15.53,326.2,82.57,82.57,73.42,74.69
ABNAH Cafe Saket Premium,2026-03-03,BILL-OUT003-260303-0001,Dine In,Dine In,,,Beverage,Coffee Classics,996331,MENU0003,Americano - Regular,185.0,1.0,185.0,Synthetic promotion,5.71,0,5.71,179.29,8.96,188.25,23.21,23.21,87.05,87.67
ABNAH Cafe Saket Premium,2026-03-03,BILL-OUT003-260303-0002,Delivery/Takeaway,Online,,,Beverage,Coffee Classics,996331,MENU0004,Americano - Medium,214.06,1.0,214.06,,0.0,0,0.0,214.06,10.7,224.76,26.05,26.05,87.83,88.41
ABNAH Cafe Saket Premium,2026-03-03,BILL-OUT003-260303-0003,Delivery/Takeaway,Mall Walk-in,,,Beverage,Coffee Classics,996331,MENU0005,Americano - Large,235.0,3.0,705.0,Synthetic promotion,4.75,0,4.75,700.25,35.01,735.26,28.91,86.73,87.61,88.2
ABNAH Cafe Saket Premium,2026-03-03,BILL-OUT003-260303-0004,Delivery/Takeaway,Online,,,Beverage,Coffee Classics,996331,MENU0006,Latte - Regular,225.0,4.0,900.0,Synthetic promotion,18.09,0,18.09,881.91,44.1,926.01,36.17,144.68,83.59,84.38
ABNAH Cafe Saket Premium,2026-03-03,BILL-OUT003-260303-0005,Delivery/Takeaway,Online,,,Beverage,Coffee Classics,996331,MENU0007,Latte - Medium,250.0,3.0,750.0,Synthetic promotion,5.57,0,5.57,744.43,37.22,781.65,40.96,122.88,83.49,84.28
ABNAH Cafe Saket Premium,2026-03-03,BILL-OUT003-260303-0006,Delivery/Takeaway,Online,,,Beverage,Coffee Classics,996331,MENU0008,Latte - Large,275.0,1.0,275.0,Synthetic promotion,12.05,0,12.05,262.95,13.15,276.1,45.76,45.76,82.6,83.43
ABNAH Cafe Saket Premium,2026-03-03,BILL-OUT003-260303-0007,Delivery/Takeaway,Mall Walk-in,,,Beverage,Coffee Classics,996331,MENU0009,Cappuccino - Regular,225.0,1.0,225.0,Synthetic promotion,3.37,0,3.37,221.63,11.08,232.71,36.17,36.17,83.68,84.46
ABNAH Cafe Saket Premium,2026-03-03,BILL-OUT003-260303-0008,Delivery/Takeaway,Mall Walk-in,,,Beverage,Coffee Classics,996331,MENU0010,Cappuccino - Medium,250.0,1.0,250.0,Synthetic promotion,8.7,0,8.7,241.3,12.06,253.36,40.96,40.96,83.03,83.83
ABNAH Cafe Saket Premium,2026-03-03,BILL-OUT003-260303-0009,Dine In,Dine In,,,Beverage,Coffee Classics,996331,MENU0012,Flat White - Regular,235.0,1.0,235.0,Synthetic promotion,8.62,0,8.62,226.38,11.32,237.7,36.17,36.17,84.02,84.78
ABNAH Cafe Saket Premium,2026-03-03,BILL-OUT003-260303-0010,Delivery/Takeaway,Online,Guest 1510,9000001510,Beverage,Coffee Classics,996331,MENU0014,Flat White - Large,285.0,2.0,570.0,Synthetic promotion,7.16,0,7.16,562.84,28.14,590.98,45.76,91.52,83.74,84.51
ABNAH Cafe Saket Premium,2026-03-03,BILL-OUT003-260303-0011,Delivery/Takeaway,Mall Walk-in,,,Beverage,Coffee Classics,996331,MENU0016,Mocha - Medium,270.0,1.0,270.0,Synthetic promotion,3.98,0,3.98,266.02,13.3,279.32,48.42,48.42,81.8,82.67
ABNAH Cafe Saket Premium,2026-03-03,BILL-OUT003-260303-0012,Dine In,Dine In,Guest 4797,9000004797,Beverage,Coffee Classics,996331,MENU0017,Mocha - Large,295.0,1.0,295.0,Synthetic promotion,16.85,0,16.85,278.15,13.91,292.06,54.21,54.21,80.51,81.44
ABNAH Cafe Saket Premium,2026-03-03,BILL-OUT003-260303-0013,Delivery/Takeaway,Online,,,Beverage,Signature Coffee,996331,MENU0019,Sea Salt Mocha - Medium,305.0,1.0,305.0,Synthetic promotion,3.54,0,3.54,301.46,15.07,316.53,48.42,48.42,83.94,84.7
ABNAH Cafe Saket Premium,2026-03-03,BILL-OUT003-260303-0014,Dine In,Dine In,,,Beverage,Signature Coffee,996331,MENU0024,Caramel Macchiato - Regular,265.0,2.0,530.0,Synthetic promotion,16.92,0,16.92,513.08,25.65,538.73,42.42,84.84,83.46,84.25
ABNAH Cafe Saket Premium,2026-03-03,BILL-OUT003-260303-0015,Delivery/Takeaway,Online,,,Beverage,Signature Coffee,996331,MENU0025,Caramel Macchiato - Medium,299.17,1.0,299.17,,0.0,0,0.0,299.17,14.96,314.13,48.13,48.13,83.91,84.68
ABNAH Cafe Saket Premium,2026-03-03,BILL-OUT003-260303-0016,Delivery/Takeaway,Online,,,Beverage,Signature Coffee,996331,MENU0026,Caramel Macchiato - Large,325.0,1.0,325.0,Synthetic promotion,0.09,0,0.09,324.91,16.25,341.16,53.88,53.88,83.42,84.21
ABNAH Cafe Saket Premium,2026-03-03,BILL-OUT003-260303-0017,Delivery/Takeaway,Mall Walk-in,Guest 3797,9000003797,Beverage,Signature Coffee,996331,MENU0027,French Vanilla Latte - Regular,265.0,2.0,530.0,Synthetic promotion,17.82,0,17.82,512.18,25.61,537.79,42.17,84.34,83.53,84.32
ABNAH Cafe Saket Premium,2026-03-03,BILL-OUT003-260303-0018,Delivery/Takeaway,Online,,,Beverage,Signature Coffee,996331,MENU0029,French Vanilla Latte - Large,330.12,2.0,660.24,,0.0,0,0.0,660.25,33.01,693.26,53.56,107.12,83.78,84.55
ABNAH Cafe Saket Premium,2026-03-03,BILL-OUT003-260303-0019,Delivery/Takeaway,Mall Walk-in,,,Beverage,Signature Coffee,996331,MENU0030,Vegan Iced Latte - Regular,285.0,1.0,285.0,Synthetic promotion,4.08,0,4.08,280.92,14.05,294.97,58.9,58.9,79.03,80.03
ABNAH Cafe Saket Premium,2026-03-03,BILL-OUT003-260303-0020,Dine In,Dine In,,,Beverage,Signature Coffee,996331,MENU0031,Vegan Iced Latte - Medium,310.0,1.0,310.0,Synthetic promotion,9.24,0,9.24,300.76,15.04,315.8,66.95,66.95,77.74,78.8
ABNAH Cafe Saket Premium,2026-03-03,BILL-OUT003-260303-0021,Delivery/Takeaway,Online,,,Beverage,Signature Coffee,996331,MENU0032,Vegan Iced Latte - Large,336.74,1.0,336.74,,0.0,0,0.0,336.74,16.84,353.58,75.02,75.02,77.72,78.78
ABNAH Cafe Saket Premium,2026-03-03,BILL-OUT003-260303-0022,Delivery/Takeaway,Online,,,Beverage,Cold Brew,996331,MENU0034,Classic Cold Brew - Medium,254.83,1.0,254.83,,0.0,0,0.0,254.83,12.74,267.57,28.66,28.66,88.75,89.29
ABNAH Cafe Saket Premium,2026-03-03,BILL-OUT003-260303-0023,Delivery/Takeaway,Online,Guest 6154,9000006154,Beverage,Cold Brew,996331,MENU0036,Coffee Lemonade - Regular,235.0,1.0,235.0,Synthetic promotion,6.68,0,6.68,228.32,11.42,239.74,29.45,29.45,87.1,87.72
ABNAH Cafe Saket Premium,2026-03-03,BILL-OUT003-260303-0024,Delivery/Takeaway,Mall Walk-in,,,Beverage,Cold Brew,996331,MENU0039,Vietnamese Shakerato - Regular,255.0,1.0,255.0,Synthetic promotion,11.62,0,11.62,243.38,12.17,255.55,25.6,25.6,89.48,89.98
ABNAH Cafe Saket Premium,2026-03-03,BILL-OUT003-260303-0025,Delivery/Takeaway,Mall Walk-in,,,Beverage,Cold Coffee,996331,MENU0043,Classic Cold Coffee - Medium,290.0,1.0,290.0,Synthetic promotion,15.96,0,15.96,274.04,13.7,287.74,43.56,43.56,84.1,84.86
ABNAH Cafe Saket Premium,2026-03-03,BILL-OUT003-260303-0026,Delivery/Takeaway,Online,,,Beverage,Cold Coffee,996331,MENU0045,Mocha Cold Coffee - Regular,286.83,3.0,860.49,Synthetic promotion,0.01,0,0.01,860.48,43.02,903.5,45.06,135.18,84.29,85.04
ABNAH Cafe Saket Premium,2026-03-03,BILL-OUT003-260303-0027,Dine In,Dine In,,,Beverage,Cold Coffee,996331,MENU0047,Mocha Cold Coffee - Large,359.66,2.0,719.32,,0.0,0,0.0,719.32,35.97,755.29,57.03,114.06,84.14,84.9
ABNAH Cafe Saket Premium,2026-03-03,BILL-OUT003-260303-0028,Dine In,Dine In,,,Beverage,Cold Coffee,996331,MENU0048,Caramel Cold Coffee - Regular,285.0,1.0,285.0,Synthetic promotion,13.02,0,13.02,271.98,13.6,285.58,44.81,44.81,83.52,84.31
ABNAH Cafe Saket Premium,2026-03-03,BILL-OUT003-260303-0029,Dine In,Dine In,Guest 0283,9000000283,Beverage,Tea,996331,MENU0054,Himalayan Green Tea,210.0,3.0,630.0,Synthetic promotion,10.11,0,10.11,619.89,30.99,650.88,8.67,26.01,95.8,96.0
ABNAH Cafe Saket Premium,2026-03-03,BILL-OUT003-260303-0030,Delivery/Takeaway,Online,,,Beverage,Tea,996331,MENU0055,Japanese Matcha Latte - Regular,265.0,1.0,265.0,Synthetic promotion,6.08,0,6.08,258.92,12.95,271.87,36.17,36.17,86.03,86.7
ABNAH Cafe Saket Premium,2026-03-03,BILL-OUT003-260303-0031,Delivery/Takeaway,Online,Guest 3889,9000003889,Beverage,Tea,996331,MENU0057,Japanese Matcha Latte - Large,325.0,1.0,325.0,Synthetic promotion,3.31,0,3.31,321.69,16.08,337.77,45.76,45.76,85.78,86.45
ABNAH Cafe Saket Premium,2026-03-03,BILL-OUT003-260303-0032,Delivery/Takeaway,Mall Walk-in,,,Beverage,Iced Tea,996331,MENU0060,Lemon Iced Tea - Large,255.0,2.0,510.0,Synthetic promotion,20.54,0,20.54,489.46,24.47,513.93,17.03,34.06,93.04,93.37
ABNAH Cafe Saket Premium,2026-03-03,BILL-OUT003-260303-0033,Delivery/Takeaway,Online,,,Beverage,Kids Beverage,996331,MENU0066,Hot Chocolate - Large,270.0,1.0,270.0,Synthetic promotion,5.45,0,5.45,264.55,13.23,277.78,44.98,44.98,83.0,83.81
ABNAH Cafe Saket Premium,2026-03-03,BILL-OUT003-260303-0034,Delivery/Takeaway,Online,,,Beverage,Shake,996331,MENU0070,Choco Chip Shake - Large,365.0,1.0,365.0,Synthetic promotion,3.88,0,3.88,361.12,18.06,379.18,42.79,42.79,88.15,88.72
ABNAH Cafe Saket Premium,2026-03-03,BILL-OUT003-260303-0035,Delivery/Takeaway,Mall Walk-in,,,Beverage,Shake,996331,MENU0071,Mixed Berry Shake - Regular,315.0,1.0,315.0,Synthetic promotion,15.56,0,15.56,299.44,14.97,314.41,61.21,61.21,79.56,80.53
ABNAH Cafe Saket Premium,2026-03-03,BILL-OUT003-260303-0036,Dine In,Dine In,,,Beverage,Shake,996331,MENU0072,Mixed Berry Shake - Medium,354.1,1.0,354.1,,0.0,0,0.0,354.1,17.7,371.8,69.6,69.6,80.34,81.28
ABNAH Cafe Saket Premium,2026-03-03,BILL-OUT003-260303-0037,Delivery/Takeaway,Mall Walk-in,,,Food,Wraps,996331,MENU0077,Spicy Paneer Wrap,275.0,2.0,550.0,Synthetic promotion,27.95,0,27.95,522.05,26.1,548.15,73.36,146.72,71.9,73.23
ABNAH Cafe Saket Premium,2026-03-03,BILL-OUT003-260303-0038,Dine In,Dine In,,,Food,Sandwiches,996331,MENU0079,Smoked Chipotle Paneer Sandwich,295.0,1.0,295.0,Synthetic promotion,1.54,0,1.54,293.46,14.67,308.13,90.66,90.66,69.11,70.58
ABNAH Cafe Saket Premium,2026-03-03,BILL-OUT003-260303-0039,Delivery/Takeaway,Mall Walk-in,,,Food,Sandwiches,996331,MENU0080,Pesto Veg Sandwich,280.0,1.0,280.0,Synthetic promotion,16.33,0,16.33,263.67,13.18,276.85,91.86,91.86,65.16,66.82
ABNAH Cafe Saket Premium,2026-03-03,BILL-OUT003-260303-0040,Delivery/Takeaway,Online,,,Food,Sandwiches,996331,MENU0082,Tandoori Chicken Sandwich,320.0,1.0,320.0,Synthetic promotion,17.54,0,17.54,302.46,15.12,317.58,87.66,87.66,71.02,72.4
ABNAH Cafe Saket Premium,2026-03-03,BILL-OUT003-260303-0041,Dine In,Dine In,,,Food,Toasts,996331,MENU0083,Chilli Cheese Garlic Toast,235.0,2.0,470.0,Synthetic promotion,24.62,0,24.62,445.38,22.27,467.65,42.14,84.28,81.08,81.98
ABNAH Cafe Saket Premium,2026-03-03,BILL-OUT003-260303-0042,Delivery/Takeaway,Online,,,Food,Breakfast,996331,MENU0087,Cream Cheese Bagel,250.0,1.0,250.0,Synthetic promotion,12.58,0,12.58,237.42,11.87,249.29,54.49,54.49,77.05,78.14
ABNAH Cafe Saket Premium,2026-03-03,BILL-OUT003-260303-0043,Delivery/Takeaway,Online,,,Food,Breakfast,996331,MENU0089,Masala Egg Bun,225.0,1.0,225.0,Synthetic promotion,5.4,0,5.4,219.6,10.98,230.58,42.74,42.74,80.54,81.46
ABNAH Cafe Saket Premium,2026-03-03,BILL-OUT003-260303-0044,Delivery/Takeaway,Online,,,Food,Snacks,996331,MENU0093,Turnover with Brioche Dough Veg,235.0,1.0,235.0,Synthetic promotion,6.89,0,6.89,228.11,11.41,239.52,89.94,89.94,60.57,62.45
ABNAH Cafe Saket Premium,2026-03-03,BILL-OUT003-260303-0045,Delivery/Takeaway,Mall Walk-in,,,Food,Baked Goods,996331,MENU0094,Butter Croissant,198.05,4.0,792.2,Synthetic promotion,0.01,0,0.01,792.19,39.61,831.8,58.04,232.16,70.69,72.09
ABNAH Cafe Saket Premium,2026-03-03,BILL-OUT003-260303-0046,Delivery/Takeaway,Online,,,Food,Baked Goods,996331,MENU0095,Almond Croissant,245.0,3.0,735.0,Synthetic promotion,3.27,0,3.27,731.73,36.59,768.32,58.04,174.12,76.2,77.34
ABNAH Cafe Saket Premium,2026-03-03,BILL-OUT003-260303-0047,Delivery/Takeaway,Mall Walk-in,Guest 8988,9000008988,Food,Baked Goods,996331,MENU0096,Chocolate Croissant,236.44,2.0,472.88,,0.0,0,0.0,472.89,23.64,496.53,64.54,129.08,72.7,74.0
ABNAH Cafe Saket Premium,2026-03-03,BILL-OUT003-260303-0048,Delivery/Takeaway,Mall Walk-in,Guest 3496,9000003496,Food,Baked Goods,996331,MENU0098,Sriracha Chicken Croissant,275.0,1.0,275.0,Synthetic promotion,6.47,0,6.47,268.53,13.43,281.96,81.14,81.14,69.78,71.22
ABNAH Cafe Saket Premium,2026-03-03,BILL-OUT003-260303-0049,Dine In,Dine In,,,Dessert,Baked Goods,996331,MENU0099,Cinnamon Roll with Cream Cheese,223.13,2.0,446.26,,0.0,0,0.0,446.26,22.31,468.57,52.57,105.14,76.44,77.56
ABNAH Cafe Saket Premium,2026-03-03,BILL-OUT003-260303-0050,Delivery/Takeaway,Mall Walk-in,,,Dessert,Baked Goods,996331,MENU0100,Banana Walnut Tea Cake,205.0,1.0,205.0,Synthetic promotion,9.93,0,9.93,195.07,9.75,204.82,61.61,61.61,68.42,69.92
ABNAH Cafe Saket Premium,2026-03-03,BILL-OUT003-260303-0051,Delivery/Takeaway,Online,Guest 4418,9000004418,Dessert,Desserts,996331,MENU0102,Double Chocolate Truffle Cake,300.5,2.0,601.0,,0.0,0,0.0,601.0,30.05,631.05,63.07,126.14,79.01,80.01
ABNAH Cafe Saket Premium,2026-03-03,BILL-OUT003-260303-0052,Delivery/Takeaway,Online,,,Dessert,Desserts,996331,MENU0105,Soft-Centred Caramel Cookie,180.0,2.0,360.0,Synthetic promotion,19.04,0,19.04,340.96,17.05,358.01,46.02,92.04,73.01,74.29
ABNAH Cafe Saket Premium,2026-03-03,BILL-OUT003-260303-0053,Delivery/Takeaway,Mall Walk-in,,,Dessert,Desserts,996331,MENU0107,Jaggery Parmesan Cookie,171.42,2.0,342.84,,0.0,0,0.0,342.84,17.14,359.98,41.02,82.04,76.07,77.21
ABNAH Cafe Saket Premium,2026-03-03,BILL-OUT003-260303-0054,Delivery/Takeaway,Online,,,Dessert,Baked Goods,996331,MENU0110,Multigrain Walnut Tea Cake,225.0,1.0,225.0,Synthetic promotion,0.96,0,0.96,224.04,11.2,235.24,56.57,56.57,74.75,75.95
ABNAH Cafe Saket Premium,2026-03-04,BILL-OUT003-260304-0001,Delivery/Takeaway,Online,,,Beverage,Coffee Classics,996331,MENU0003,Americano - Regular,185.0,2.0,370.0,Synthetic promotion,16.56,0,16.56,353.44,17.67,371.11,23.21,46.42,86.87,87.49
ABNAH Cafe Saket Premium,2026-03-04,BILL-OUT003-260304-0002,Delivery/Takeaway,Online,,,Beverage,Coffee Classics,996331,MENU0005,Americano - Large,235.0,2.0,470.0,Synthetic promotion,3.53,0,3.53,466.47,23.32,489.79,28.91,57.82,87.6,88.19
ABNAH Cafe Saket Premium,2026-03-04,BILL-OUT003-260304-0003,Dine In,Dine In,,,Beverage,Coffee Classics,996331,MENU0007,Latte - Medium,250.0,1.0,250.0,Synthetic promotion,14.61,0,14.61,235.39,11.77,247.16,40.96,40.96,82.6,83.43
ABNAH Cafe Saket Premium,2026-03-04,BILL-OUT003-260304-0004,Delivery/Takeaway,Online,,,Beverage,Coffee Classics,996331,MENU0008,Latte - Large,275.0,3.0,825.0,Synthetic promotion,44.33,0,44.33,780.67,39.03,819.7,45.76,137.28,82.42,83.25
ABNAH Cafe Saket Premium,2026-03-04,BILL-OUT003-260304-0005,Dine In,Dine In,,,Beverage,Coffee Classics,996331,MENU0009,Cappuccino - Regular,225.0,2.0,450.0,Synthetic promotion,9.93,0,9.93,440.07,22.0,462.07,36.17,72.34,83.56,84.34
ABNAH Cafe Saket Premium,2026-03-04,BILL-OUT003-260304-0006,Delivery/Takeaway,Mall Walk-in,,,Beverage,Coffee Classics,996331,MENU0010,Cappuccino - Medium,250.0,1.0,250.0,Synthetic promotion,8.2,0,8.2,241.8,12.09,253.89,40.96,40.96,83.06,83.87
ABNAH Cafe Saket Premium,2026-03-04,BILL-OUT003-260304-0007,Dine In,Dine In,,,Beverage,Coffee Classics,996331,MENU0011,Cappuccino - Large,275.0,1.0,275.0,Synthetic promotion,13.48,0,13.48,261.52,13.08,274.6,45.76,45.76,82.5,83.34
ABNAH Cafe Saket Premium,2026-03-04,BILL-OUT003-260304-0008,Delivery/Takeaway,Online,,,Beverage,Coffee Classics,996331,MENU0012,Flat White - Regular,235.0,3.0,705.0,Synthetic promotion,1.66,0,1.66,703.34,35.17,738.51,36.17,108.51,84.57,85.31
ABNAH Cafe Saket Premium,2026-03-04,BILL-OUT003-260304-0009,Delivery/Takeaway,Online,,,Beverage,Coffee Classics,996331,MENU0013,Flat White - Medium,260.0,1.0,260.0,Synthetic promotion,11.9,0,11.9,248.1,12.4,260.5,40.96,40.96,83.49,84.28
ABNAH Cafe Saket Premium,2026-03-04,BILL-OUT003-260304-0010,Dine In,Dine In,,,Beverage,Coffee Classics,996331,MENU0014,Flat White - Large,285.39,2.0,570.78,,0.0,0,0.0,570.79,28.54,599.33,45.76,91.52,83.97,84.73
ABNAH Cafe Saket Premium,2026-03-04,BILL-OUT003-260304-0011,Delivery/Takeaway,Mall Walk-in,Guest 2202,9000002202,Beverage,Coffee Classics,996331,MENU0015,Mocha - Regular,245.0,1.0,245.0,Synthetic promotion,3.97,0,3.97,241.03,12.05,253.08,42.67,42.67,82.3,83.14
ABNAH Cafe Saket Premium,2026-03-04,BILL-OUT003-260304-0012,Delivery/Takeaway,Mall Walk-in,,,Beverage,Coffee Classics,996331,MENU0017,Mocha - Large,295.0,1.0,295.0,Synthetic promotion,1.45,0,1.45,293.55,14.68,308.23,54.21,54.21,81.53,82.41
ABNAH Cafe Saket Premium,2026-03-04,BILL-OUT003-260304-0013,Delivery/Takeaway,Mall Walk-in,,,Beverage,Signature Coffee,996331,MENU0018,Sea Salt Mocha - Regular,275.0,1.0,275.0,Synthetic promotion,1.72,0,1.72,273.28,13.66,286.94,42.67,42.67,84.39,85.13
ABNAH Cafe Saket Premium,2026-03-04,BILL-OUT003-260304-0014,Delivery/Takeaway,Online,,,Beverage,Signature Coffee,996331,MENU0019,Sea Salt Mocha - Medium,305.0,2.0,610.0,Synthetic promotion,1.04,0,1.04,608.96,30.45,639.41,48.42,96.84,84.1,84.85
ABNAH Cafe Saket Premium,2026-03-04,BILL-OUT003-260304-0015,Delivery/Takeaway,Mall Walk-in,,,Beverage,Signature Coffee,996331,MENU0020,Sea Salt Mocha - Large,341.37,3.0,1024.11,,0.0,0,0.0,1024.11,51.21,1075.32,54.21,162.63,84.12,84.88
ABNAH Cafe Saket Premium,2026-03-04,BILL-OUT003-260304-0016,Delivery/Takeaway,Mall Walk-in,,,Beverage,Signature Coffee,996331,MENU0021,Orange Zest Mocha - Regular,270.0,1.0,270.0,Synthetic promotion,6.8,0,6.8,263.2,13.16,276.36,42.67,42.67,83.79,84.56
ABNAH Cafe Saket Premium,2026-03-04,BILL-OUT003-260304-0017,Dine In,Dine In,,,Beverage,Signature Coffee,996331,MENU0023,Orange Zest Mocha - Large,331.93,1.0,331.93,,0.0,0,0.0,331.93,16.6,348.53,54.21,54.21,83.67,84.45
ABNAH Cafe Saket Premium,2026-03-04,BILL-OUT003-260304-0018,Dine In,Dine In,,,Beverage,Signature Coffee,996331,MENU0025,Caramel Macchiato - Medium,299.15,2.0,598.3,,0.0,0,0.0,598.31,29.92,628.23,48.13,96.26,83.91,84.68
ABNAH Cafe Saket Premium,2026-03-04,BILL-OUT003-260304-0019,Dine In,Dine In,,,Beverage,Signature Coffee,996331,MENU0027,French Vanilla Latte - Regular,265.0,1.0,265.0,Synthetic promotion,2.76,0,2.76,262.24,13.11,275.35,42.17,42.17,83.92,84.68
ABNAH Cafe Saket Premium,2026-03-04,BILL-OUT003-260304-0020,Delivery/Takeaway,Online,,,Beverage,Signature Coffee,996331,MENU0028,French Vanilla Latte - Medium,295.18,2.0,590.36,Synthetic promotion,0.01,0,0.01,590.35,29.52,619.87,47.85,95.7,83.79,84.56
ABNAH Cafe Saket Premium,2026-03-04,BILL-OUT003-260304-0021,Dine In,Dine In,Guest 4200,9000004200,Beverage,Signature Coffee,996331,MENU0029,French Vanilla Latte - Large,328.45,1.0,328.45,,0.0,0,0.0,328.45,16.42,344.87,53.56,53.56,83.69,84.47
ABNAH Cafe Saket Premium,2026-03-04,BILL-OUT003-260304-0022,Delivery/Takeaway,Mall Walk-in,,,Beverage,Signature Coffee,996331,MENU0030,Vegan Iced Latte - Regular,285.0,3.0,855.0,Synthetic promotion,14.87,0,14.87,840.13,42.01,882.14,58.9,176.7,78.97,79.97
ABNAH Cafe Saket Premium,2026-03-04,BILL-OUT003-260304-0023,Delivery/Takeaway,Online,,,Beverage,Signature Coffee,996331,MENU0031,Vegan Iced Latte - Medium,310.0,1.0,310.0,Synthetic promotion,11.87,0,11.87,298.13,14.91,313.04,66.95,66.95,77.54,78.61
ABNAH Cafe Saket Premium,2026-03-04,BILL-OUT003-260304-0024,Dine In,Dine In,,,Beverage,Signature Coffee,996331,MENU0032,Vegan Iced Latte - Large,335.0,3.0,1005.0,Synthetic promotion,23.15,0,23.15,981.85,49.09,1030.94,75.02,225.06,77.08,78.17
ABNAH Cafe Saket Premium,2026-03-04,BILL-OUT003-260304-0025,Dine In,Dine In,,,Beverage,Cold Brew,996331,MENU0033,Classic Cold Brew - Regular,225.0,1.0,225.0,Synthetic promotion,12.24,0,12.24,212.76,10.64,223.4,25.6,25.6,87.97,88.54
ABNAH Cafe Saket Premium,2026-03-04,BILL-OUT003-260304-0026,Dine In,Dine In,,,Beverage,Cold Brew,996331,MENU0034,Classic Cold Brew - Medium,250.0,1.0,250.0,Synthetic promotion,13.53,0,13.53,236.47,11.82,248.29,28.66,28.66,87.88,88.46
ABNAH Cafe Saket Premium,2026-03-04,BILL-OUT003-260304-0027,Dine In,Dine In,,,Beverage,Cold Brew,996331,MENU0036,Coffee Lemonade - Regular,235.0,2.0,470.0,Synthetic promotion,26.11,0,26.11,443.89,22.19,466.08,29.45,58.9,86.73,87.36
ABNAH Cafe Saket Premium,2026-03-04,BILL-OUT003-260304-0028,Dine In,Dine In,Guest 4921,9000004921,Beverage,Cold Coffee,996331,MENU0042,Classic Cold Coffee - Regular,255.0,5.0,1275.0,Synthetic promotion,74.23,0,74.23,1200.77,60.04,1260.81,38.56,192.8,83.94,84.71
ABNAH Cafe Saket Premium,2026-03-04,BILL-OUT003-260304-0029,Dine In,Dine In,,,Beverage,Cold Coffee,996331,MENU0044,Classic Cold Coffee - Large,325.0,2.0,650.0,Synthetic promotion,6.62,0,6.62,643.38,32.17,675.55,48.58,97.16,84.9,85.62
ABNAH Cafe Saket Premium,2026-03-04,BILL-OUT003-260304-0030,Delivery/Takeaway,Mall Walk-in,Guest 0475,9000000475,Beverage,Cold Coffee,996331,MENU0045,Mocha Cold Coffee - Regular,290.3,3.0,870.9,,0.0,0,0.0,870.91,43.55,914.46,45.06,135.18,84.48,85.22
ABNAH Cafe Saket Premium,2026-03-04,BILL-OUT003-260304-0031,Dine In,Dine In,,,Beverage,Cold Coffee,996331,MENU0046,Mocha Cold Coffee - Medium,320.0,4.0,1280.0,Synthetic promotion,60.41,0,60.41,1219.59,60.98,1280.57,51.03,204.12,83.26,84.06
ABNAH Cafe Saket Premium,2026-03-04,BILL-OUT003-260304-0032,Delivery/Takeaway,Mall Walk-in,Guest 1404,9000001404,Beverage,Cold Coffee,996331,MENU0047,Mocha Cold Coffee - Large,355.0,2.0,710.0,Synthetic promotion,29.38,0,29.38,680.62,34.03,714.65,57.03,114.06,83.24,84.04
ABNAH Cafe Saket Premium,2026-03-04,BILL-OUT003-260304-0033,Dine In,Dine In,,,Beverage,Cold Coffee,996331,MENU0048,Caramel Cold Coffee - Regular,288.1,1.0,288.1,,0.0,0,0.0,288.1,14.4,302.5,44.81,44.81,84.45,85.19
ABNAH Cafe Saket Premium,2026-03-04,BILL-OUT003-260304-0034,Dine In,Dine In,,,Beverage,Cold Coffee,996331,MENU0049,Caramel Cold Coffee - Medium,320.0,4.0,1280.0,Synthetic promotion,60.1,0,60.1,1219.9,60.99,1280.89,50.74,202.96,83.36,84.15
ABNAH Cafe Saket Premium,2026-03-04,BILL-OUT003-260304-0035,Delivery/Takeaway,Online,Guest 8387,9000008387,Beverage,Cold Coffee,996331,MENU0050,Caramel Cold Coffee - Large,355.0,2.0,710.0,Synthetic promotion,11.7,0,11.7,698.3,34.91,733.21,56.7,113.4,83.76,84.53
ABNAH Cafe Saket Premium,2026-03-04,BILL-OUT003-260304-0036,Delivery/Takeaway,Mall Walk-in,,,Beverage,Tea,996331,MENU0052,Masala Chai Latte - Medium,220.0,1.0,220.0,Synthetic promotion,11.82,0,11.82,208.18,10.41,218.59,40.96,40.96,80.32,81.26
ABNAH Cafe Saket Premium,2026-03-04,BILL-OUT003-260304-0037,Dine In,Dine In,Guest 4995,9000004995,Beverage,Tea,996331,MENU0054,Himalayan Green Tea,210.0,2.0,420.0,Synthetic promotion,15.97,0,15.97,404.03,20.2,424.23,8.67,17.34,95.71,95.91
ABNAH Cafe Saket Premium,2026-03-04,BILL-OUT003-260304-0038,Dine In,Dine In,,,Beverage,Tea,996331,MENU0055,Japanese Matcha Latte - Regular,265.0,1.0,265.0,Synthetic promotion,5.18,0,5.18,259.82,12.99,272.81,36.17,36.17,86.08,86.74
ABNAH Cafe Saket Premium,2026-03-04,BILL-OUT003-260304-0039,Dine In,Dine In,,,Beverage,Tea,996331,MENU0056,Japanese Matcha Latte - Medium,295.0,1.0,295.0,Synthetic promotion,10.73,0,10.73,284.27,14.21,298.48,40.96,40.96,85.59,86.28
ABNAH Cafe Saket Premium,2026-03-04,BILL-OUT003-260304-0040,Delivery/Takeaway,Online,,,Beverage,Iced Tea,996331,MENU0058,Lemon Iced Tea - Regular,205.0,1.0,205.0,Synthetic promotion,7.44,0,7.44,197.56,9.88,207.44,14.29,14.29,92.77,93.11
ABNAH Cafe Saket Premium,2026-03-04,BILL-OUT003-260304-0041,Delivery/Takeaway,Mall Walk-in,,,Beverage,Iced Tea,996331,MENU0060,Lemon Iced Tea - Large,255.0,1.0,255.0,Synthetic promotion,9.12,0,9.12,245.88,12.29,258.17,17.03,17.03,93.07,93.4
ABNAH Cafe Saket Premium,2026-03-04,BILL-OUT003-260304-0042,Delivery/Takeaway,Online,,,Beverage,Iced Tea,996331,MENU0061,Hibiscus Lime Iced Tea - Regular,225.0,1.0,225.0,Synthetic promotion,10.86,0,10.86,214.14,10.71,224.85,24.09,24.09,88.75,89.29
ABNAH Cafe Saket Premium,2026-03-04,BILL-OUT003-260304-0043,Dine In,Dine In,,,Beverage,Kids Beverage,996331,MENU0066,Hot Chocolate - Large,270.0,1.0,270.0,Synthetic promotion,5.92,0,5.92,264.08,13.2,277.28,44.98,44.98,82.97,83.78
ABNAH Cafe Saket Premium,2026-03-04,BILL-OUT003-260304-0044,Delivery/Takeaway,Online,,,Beverage,Shake,996331,MENU0068,Choco Chip Shake - Regular,295.0,2.0,590.0,Synthetic promotion,17.86,0,17.86,572.14,28.61,600.75,34.11,68.22,88.08,88.64
ABNAH Cafe Saket Premium,2026-03-04,BILL-OUT003-260304-0045,Dine In,Dine In,,,Beverage,Shake,996331,MENU0069,Choco Chip Shake - Medium,330.0,1.0,330.0,Synthetic promotion,1.61,0,1.61,328.39,16.42,344.81,38.42,38.42,88.3,88.86
ABNAH Cafe Saket Premium,2026-03-04,BILL-OUT003-260304-0046,Dine In,Dine In,,,Beverage,Shake,996331,MENU0071,Mixed Berry Shake - Regular,315.0,2.0,630.0,Synthetic promotion,16.22,0,16.22,613.78,30.69,644.47,61.21,122.42,80.05,81.0
ABNAH Cafe Saket Premium,2026-03-04,BILL-OUT003-260304-0047,Delivery/Takeaway,Mall Walk-in,Guest 3694,9000003694,Beverage,Shake,996331,MENU0073,Mixed Berry Shake - Large,385.0,3.0,1155.0,Synthetic promotion,3.12,0,3.12,1151.88,57.59,1209.47,78.02,234.06,79.68,80.65
ABNAH Cafe Saket Premium,2026-03-04,BILL-OUT003-260304-0048,Delivery/Takeaway,Online,,,Beverage,Smoothie,996331,MENU0074,Seasonal Smoothie - Regular,305.0,3.0,915.0,Synthetic promotion,33.54,0,33.54,881.46,44.07,925.53,33.37,100.11,88.64,89.18
ABNAH Cafe Saket Premium,2026-03-04,BILL-OUT003-260304-0049,Delivery/Takeaway,Online,Guest 3709,9000003709,Food,Wraps,996331,MENU0077,Spicy Paneer Wrap,275.0,1.0,275.0,Synthetic promotion,9.69,0,9.69,265.31,13.27,278.58,73.36,73.36,72.35,73.67
ABNAH Cafe Saket Premium,2026-03-04,BILL-OUT003-260304-0050,Delivery/Takeaway,Mall Walk-in,,,Food,Sandwiches,996331,MENU0080,Pesto Veg Sandwich,284.76,1.0,284.76,,0.0,0,0.0,284.76,14.24,299.0,91.86,91.86,67.74,69.28
ABNAH Cafe Saket Premium,2026-03-04,BILL-OUT003-260304-0051,Delivery/Takeaway,Online,,,Food,Sandwiches,996331,MENU0082,Tandoori Chicken Sandwich,322.27,1.0,322.27,,0.0,0,0.0,322.27,16.11,338.38,87.66,87.66,72.8,74.09
ABNAH Cafe Saket Premium,2026-03-04,BILL-OUT003-260304-0052,Dine In,Dine In,,,Food,Baked Goods,996331,MENU0094,Butter Croissant,198.27,1.0,198.27,,0.0,0,0.0,198.27,9.91,208.18,58.04,58.04,70.73,72.12
ABNAH Cafe Saket Premium,2026-03-04,BILL-OUT003-260304-0053,Dine In,Dine In,,,Food,Baked Goods,996331,MENU0097,Mushroom Cheese Croissant,259.73,2.0,519.46,,0.0,0,0.0,519.46,25.97,545.43,74.84,149.68,71.19,72.56
ABNAH Cafe Saket Premium,2026-03-04,BILL-OUT003-260304-0054,Delivery/Takeaway,Mall Walk-in,,,Dessert,Baked Goods,996331,MENU0099,Cinnamon Roll with Cream Cheese,220.0,4.0,880.0,Synthetic promotion,44.79,0,44.79,835.21,41.76,876.97,52.57,210.28,74.82,76.02
ABNAH Cafe Saket Premium,2026-03-04,BILL-OUT003-260304-0055,Dine In,Dine In,,,Dessert,Baked Goods,996331,MENU0101,Lemon Raspberry Tea Cake,218.86,1.0,218.86,,0.0,0,0.0,218.86,10.94,229.8,56.57,56.57,74.15,75.38
ABNAH Cafe Saket Premium,2026-03-04,BILL-OUT003-260304-0056,Dine In,Dine In,,,Dessert,Desserts,996331,MENU0102,Double Chocolate Truffle Cake,295.0,1.0,295.0,Synthetic promotion,12.67,0,12.67,282.33,14.12,296.45,63.07,63.07,77.66,78.72
ABNAH Cafe Saket Premium,2026-03-04,BILL-OUT003-260304-0057,Dine In,Dine In,,,Dessert,Desserts,996331,MENU0103,Banoffee Pie,285.0,2.0,570.0,Synthetic promotion,21.02,0,21.02,548.98,27.45,576.43,56.57,113.14,79.39,80.37
ABNAH Cafe Saket Premium,2026-03-04,BILL-OUT003-260304-0058,Delivery/Takeaway,Mall Walk-in,,,Dessert,Desserts,996331,MENU0107,Jaggery Parmesan Cookie,170.0,4.0,680.0,Synthetic promotion,18.47,0,18.47,661.53,33.08,694.61,41.02,164.08,75.2,76.38
ABNAH Cafe Saket Premium,2026-03-05,BILL-OUT003-260305-0001,Dine In,Dine In,,,Beverage,Coffee Classics,996331,MENU0003,Americano - Regular,186.63,1.0,186.63,,0.0,0,0.0,186.63,9.33,195.96,23.21,23.21,87.56,88.16
ABNAH Cafe Saket Premium,2026-03-05,BILL-OUT003-260305-0002,Delivery/Takeaway,Online,,,Beverage,Coffee Classics,996331,MENU0004,Americano - Medium,212.48,3.0,637.44,,0.0,0,0.0,637.45,31.87,669.32,26.05,78.15,87.74,88.32
ABNAH Cafe Saket Premium,2026-03-05,BILL-OUT003-260305-0003,Delivery/Takeaway,Online,,,Beverage,Coffee Classics,996331,MENU0006,Latte - Regular,225.0,1.0,225.0,Synthetic promotion,10.31,0,10.31,214.69,10.73,225.42,36.17,36.17,83.15,83.95
ABNAH Cafe Saket Premium,2026-03-05,BILL-OUT003-260305-0004,Dine In,Dine In,,,Beverage,Coffee Classics,996331,MENU0008,Latte - Large,275.0,1.0,275.0,Synthetic promotion,12.16,0,12.16,262.84,13.14,275.98,45.76,45.76,82.59,83.42
ABNAH Cafe Saket Premium,2026-03-05,BILL-OUT003-260305-0005,Delivery/Takeaway,Online,,,Beverage,Coffee Classics,996331,MENU0009,Cappuccino - Regular,225.0,4.0,900.0,Synthetic promotion,38.52,0,38.52,861.48,43.07,904.55,36.17,144.68,83.21,84.01
ABNAH Cafe Saket Premium,2026-03-05,BILL-OUT003-260305-0006,Delivery/Takeaway,Online,,,Beverage,Coffee Classics,996331,MENU0010,Cappuccino - Medium,250.0,5.0,1250.0,Synthetic promotion,31.64,0,31.64,1218.36,60.92,1279.28,40.96,204.8,83.19,83.99
ABNAH Cafe Saket Premium,2026-03-05,BILL-OUT003-260305-0007,Delivery/Takeaway,Mall Walk-in,,,Beverage,Coffee Classics,996331,MENU0011,Cappuccino - Large,275.0,2.0,550.0,Synthetic promotion,32.84,0,32.84,517.16,25.86,543.02,45.76,91.52,82.3,83.15
ABNAH Cafe Saket Premium,2026-03-05,BILL-OUT003-260305-0008,Delivery/Takeaway,Mall Walk-in,,,Beverage,Coffee Classics,996331,MENU0012,Flat White - Regular,235.0,1.0,235.0,Synthetic promotion,4.43,0,4.43,230.57,11.53,242.1,36.17,36.17,84.31,85.06
ABNAH Cafe Saket Premium,2026-03-05,BILL-OUT003-260305-0009,Delivery/Takeaway,Online,,,Beverage,Coffee Classics,996331,MENU0013,Flat White - Medium,260.0,4.0,1040.0,Synthetic promotion,37.29,0,37.29,1002.71,50.14,1052.85,40.96,163.84,83.66,84.44
ABNAH Cafe Saket Premium,2026-03-05,BILL-OUT003-260305-0010,Delivery/Takeaway,Mall Walk-in,,,Beverage,Coffee Classics,996331,MENU0015,Mocha - Regular,245.0,3.0,735.0,Synthetic promotion,19.25,0,19.25,715.75,35.79,751.54,42.67,128.01,82.12,82.97
ABNAH Cafe Saket Premium,2026-03-05,BILL-OUT003-260305-0011,Delivery/Takeaway,Online,,,Beverage,Coffee Classics,996331,MENU0017,Mocha - Large,295.0,1.0,295.0,Synthetic promotion,12.81,0,12.81,282.19,14.11,296.3,54.21,54.21,80.79,81.7
ABNAH Cafe Saket Premium,2026-03-05,BILL-OUT003-260305-0012,Delivery/Takeaway,Online,,,Beverage,Signature Coffee,996331,MENU0018,Sea Salt Mocha - Regular,275.0,2.0,550.0,Synthetic promotion,9.95,0,9.95,540.05,27.0,567.05,42.67,85.34,84.2,84.95
ABNAH Cafe Saket Premium,2026-03-05,BILL-OUT003-260305-0013,Dine In,Dine In,Guest 1123,9000001123,Beverage,Signature Coffee,996331,MENU0020,Sea Salt Mocha - Large,335.0,2.0,670.0,Synthetic promotion,29.82,0,29.82,640.18,32.01,672.19,54.21,108.42,83.06,83.87
ABNAH Cafe Saket Premium,2026-03-05,BILL-OUT003-260305-0014,Delivery/Takeaway,Online,,,Beverage,Signature Coffee,996331,MENU0021,Orange Zest Mocha - Regular,270.0,4.0,1080.0,Synthetic promotion,51.37,0,51.37,1028.63,51.43,1080.06,42.67,170.68,83.41,84.2
ABNAH Cafe Saket Premium,2026-03-05,BILL-OUT003-260305-0015,Delivery/Takeaway,Online,,,Beverage,Signature Coffee,996331,MENU0022,Orange Zest Mocha - Medium,300.0,1.0,300.0,Synthetic promotion,3.1,0,3.1,296.9,14.85,311.75,48.42,48.42,83.69,84.47
ABNAH Cafe Saket Premium,2026-03-05,BILL-OUT003-260305-0016,Delivery/Takeaway,Mall Walk-in,,,Beverage,Signature Coffee,996331,MENU0023,Orange Zest Mocha - Large,330.0,1.0,330.0,Synthetic promotion,14.29,0,14.29,315.71,15.79,331.5,54.21,54.21,82.83,83.65
ABNAH Cafe Saket Premium,2026-03-05,BILL-OUT003-260305-0017,Dine In,Dine In,,,Beverage,Signature Coffee,996331,MENU0024,Caramel Macchiato - Regular,265.0,1.0,265.0,Synthetic promotion,7.58,0,7.58,257.42,12.87,270.29,42.42,42.42,83.52,84.31
ABNAH Cafe Saket Premium,2026-03-05,BILL-OUT003-260305-0018,Delivery/Takeaway,Mall Walk-in,Guest 6701,9000006701,Beverage,Signature Coffee,996331,MENU0025,Caramel Macchiato - Medium,295.0,3.0,885.0,Synthetic promotion,34.57,0,34.57,850.43,42.52,892.95,48.13,144.39,83.02,83.83
ABNAH Cafe Saket Premium,2026-03-05,BILL-OUT003-260305-0019,Dine In,Dine In,,,Beverage,Signature Coffee,996331,MENU0029,French Vanilla Latte - Large,325.0,1.0,325.0,Synthetic promotion,2.69,0,2.69,322.31,16.12,338.43,53.56,53.56,83.38,84.17
ABNAH Cafe Saket Premium,2026-03-05,BILL-OUT003-260305-0020,Dine In,Dine In,Guest 8971,9000008971,Beverage,Signature Coffee,996331,MENU0030,Vegan Iced Latte - Regular,285.0,3.0,855.0,Synthetic promotion,29.35,0,29.35,825.65,41.28,866.93,58.9,176.7,78.6,79.62
ABNAH Cafe Saket Premium,2026-03-05,BILL-OUT003-260305-0021,Delivery/Takeaway,Mall Walk-in,,,Beverage,Signature Coffee,996331,MENU0031,Vegan Iced Latte - Medium,310.0,2.0,620.0,Synthetic promotion,1.8,0,1.8,618.2,30.91,649.11,66.95,133.9,78.34,79.37
ABNAH Cafe Saket Premium,2026-03-05,BILL-OUT003-260305-0022,Delivery/Takeaway,Online,,,Beverage,Signature Coffee,996331,MENU0032,Vegan Iced Latte - Large,335.0,1.0,335.0,Synthetic promotion,5.3,0,5.3,329.7,16.48,346.18,75.02,75.02,77.25,78.33
ABNAH Cafe Saket Premium,2026-03-05,BILL-OUT003-260305-0023,Dine In,Dine In,,,Beverage,Cold Brew,996331,MENU0033,Classic Cold Brew - Regular,225.0,1.0,225.0,Synthetic promotion,2.39,0,2.39,222.61,11.13,233.74,25.6,25.6,88.5,89.05
ABNAH Cafe Saket Premium,2026-03-05,BILL-OUT003-260305-0024,Delivery/Takeaway,Mall Walk-in,,,Beverage,Cold Brew,996331,MENU0035,Classic Cold Brew - Large,275.0,1.0,275.0,Synthetic promotion,12.76,0,12.76,262.24,13.11,275.35,31.73,31.73,87.9,88.48
ABNAH Cafe Saket Premium,2026-03-05,BILL-OUT003-260305-0025,Delivery/Takeaway,Online,,,Beverage,Cold Brew,996331,MENU0036,Coffee Lemonade - Regular,235.0,2.0,470.0,Synthetic promotion,19.47,0,19.47,450.53,22.53,473.06,29.45,58.9,86.93,87.55
ABNAH Cafe Saket Premium,2026-03-05,BILL-OUT003-260305-0026,Delivery/Takeaway,Mall Walk-in,,,Beverage,Cold Brew,996331,MENU0041,Vietnamese Shakerato - Large,308.33,1.0,308.33,,0.0,0,0.0,308.33,15.42,323.75,31.73,31.73,89.71,90.2
ABNAH Cafe Saket Premium,2026-03-05,BILL-OUT003-260305-0027,Delivery/Takeaway,Mall Walk-in,,,Beverage,Cold Coffee,996331,MENU0042,Classic Cold Coffee - Regular,258.13,2.0,516.26,,0.0,0,0.0,516.26,25.81,542.07,38.56,77.12,85.06,85.77
ABNAH Cafe Saket Premium,2026-03-05,BILL-OUT003-260305-0028,Delivery/Takeaway,Mall Walk-in,,,Beverage,Cold Coffee,996331,MENU0043,Classic Cold Coffee - Medium,292.07,1.0,292.07,,0.0,0,0.0,292.07,14.6,306.67,43.56,43.56,85.09,85.8
ABNAH Cafe Saket Premium,2026-03-05,BILL-OUT003-260305-0029,Dine In,Dine In,Guest 0568,9000000568,Beverage,Cold Coffee,996331,MENU0049,Caramel Cold Coffee - Medium,320.0,2.0,640.0,Synthetic promotion,37.63,0,37.63,602.37,30.12,632.49,50.74,101.48,83.15,83.96
ABNAH Cafe Saket Premium,2026-03-05,BILL-OUT003-260305-0030,Dine In,Dine In,,,Beverage,Tea,996331,MENU0051,Masala Chai Latte - Regular,195.0,1.0,195.0,Synthetic promotion,0.69,0,0.69,194.31,9.72,204.03,36.17,36.17,81.39,82.27
ABNAH Cafe Saket Premium,2026-03-05,BILL-OUT003-260305-0031,Delivery/Takeaway,Online,,,Beverage,Tea,996331,MENU0053,Masala Chai Latte - Large,245.0,1.0,245.0,Synthetic promotion,3.35,0,3.35,241.65,12.08,253.73,45.76,45.76,81.06,81.97
ABNAH Cafe Saket Premium,2026-03-05,BILL-OUT003-260305-0032,Delivery/Takeaway,Mall Walk-in,,,Beverage,Tea,996331,MENU0055,Japanese Matcha Latte - Regular,268.66,1.0,268.66,,0.0,0,0.0,268.66,13.43,282.09,36.17,36.17,86.54,87.18
ABNAH Cafe Saket Premium,2026-03-05,BILL-OUT003-260305-0033,Delivery/Takeaway,Mall Walk-in,,,Beverage,Tea,996331,MENU0056,Japanese Matcha Latte - Medium,295.0,1.0,295.0,Synthetic promotion,0.14,0,0.14,294.86,14.74,309.6,40.96,40.96,86.11,86.77
ABNAH Cafe Saket Premium,2026-03-05,BILL-OUT003-260305-0034,Dine In,Dine In,,,Beverage,Tea,996331,MENU0057,Japanese Matcha Latte - Large,325.0,1.0,325.0,Synthetic promotion,0.56,0,0.56,324.44,16.22,340.66,45.76,45.76,85.9,86.57
ABNAH Cafe Saket Premium,2026-03-05,BILL-OUT003-260305-0035,Delivery/Takeaway,Mall Walk-in,,,Beverage,Iced Tea,996331,MENU0060,Lemon Iced Tea - Large,259.23,3.0,777.69,,0.0,0,0.0,777.7,38.88,816.58,17.03,51.09,93.43,93.74
ABNAH Cafe Saket Premium,2026-03-05,BILL-OUT003-260305-0036,Delivery/Takeaway,Online,Guest 4259,9000004259,Beverage,Iced Tea,996331,MENU0061,Hibiscus Lime Iced Tea - Regular,229.15,1.0,229.15,,0.0,0,0.0,229.15,11.46,240.61,24.09,24.09,89.49,89.99
ABNAH Cafe Saket Premium,2026-03-05,BILL-OUT003-260305-0037,Delivery/Takeaway,Mall Walk-in,,,Beverage,Kids Beverage,996331,MENU0064,Hot Chocolate - Regular,220.0,1.0,220.0,Synthetic promotion,0.77,0,0.77,219.23,10.96,230.19,35.57,35.57,83.78,84.55
ABNAH Cafe Saket Premium,2026-03-05,BILL-OUT003-260305-0038,Delivery/Takeaway,Online,,,Beverage,Kids Beverage,996331,MENU0067,Babyccino - Regular,165.0,1.0,165.0,Synthetic promotion,4.89,0,4.89,160.11,8.01,168.12,14.21,14.21,91.12,91.55
ABNAH Cafe Saket Premium,2026-03-05,BILL-OUT003-260305-0039,Dine In,Dine In,,,Beverage,Shake,996331,MENU0071,Mixed Berry Shake - Regular,320.52,1.0,320.52,,0.0,0,0.0,320.52,16.03,336.55,61.21,61.21,80.9,81.81
ABNAH Cafe Saket Premium,2026-03-05,BILL-OUT003-260305-0040,Delivery/Takeaway,Online,,,Beverage,Smoothie,996331,MENU0075,Seasonal Smoothie - Medium,340.0,1.0,340.0,Synthetic promotion,15.27,0,15.27,324.73,16.24,340.97,37.59,37.59,88.42,88.98
ABNAH Cafe Saket Premium,2026-03-05,BILL-OUT003-260305-0041,Dine In,Dine In,Guest 0707,9000000707,Food,Wraps,996331,MENU0077,Spicy Paneer Wrap,275.0,1.0,275.0,Synthetic promotion,13.89,0,13.89,261.11,13.06,274.17,73.36,73.36,71.9,73.24
ABNAH Cafe Saket Premium,2026-03-05,BILL-OUT003-260305-0042,Delivery/Takeaway,Online,,,Food,Wraps,996331,MENU0078,Shredded Chicken Wrap,295.0,1.0,295.0,Synthetic promotion,7.02,0,7.02,287.98,14.4,302.38,70.05,70.05,75.68,76.83
ABNAH Cafe Saket Premium,2026-03-05,BILL-OUT003-260305-0043,Delivery/Takeaway,Mall Walk-in,,,Food,Sandwiches,996331,MENU0080,Pesto Veg Sandwich,280.0,1.0,280.0,Synthetic promotion,16.64,0,16.64,263.36,13.17,276.53,91.86,91.86,65.12,66.78
ABNAH Cafe Saket Premium,2026-03-05,BILL-OUT003-260305-0044,Delivery/Takeaway,Mall Walk-in,,,Food,Toasts,996331,MENU0083,Chilli Cheese Garlic Toast,236.97,1.0,236.97,,0.0,0,0.0,236.97,11.85,248.82,42.14,42.14,82.22,83.06
ABNAH Cafe Saket Premium,2026-03-05,BILL-OUT003-260305-0045,Dine In,Dine In,,,Food,Breakfast,996331,MENU0088,Scallion Pepper Cream Cheese Bagel,265.0,1.0,265.0,Synthetic promotion,8.03,0,8.03,256.97,12.85,269.82,54.49,54.49,78.8,79.81
ABNAH Cafe Saket Premium,2026-03-05,BILL-OUT003-260305-0046,Delivery/Takeaway,Mall Walk-in,,,Food,Snacks,996331,MENU0090,Marinara Cheese Pin Wheels,215.0,1.0,215.0,Synthetic promotion,3.05,0,3.05,211.95,10.6,222.55,38.29,38.29,81.93,82.79
ABNAH Cafe Saket Premium,2026-03-05,BILL-OUT003-260305-0047,Delivery/Takeaway,Mall Walk-in,,,Food,Snacks,996331,MENU0092,Turnover with Brioche Dough Chicken,255.0,2.0,510.0,Synthetic promotion,30.08,0,30.08,479.92,24.0,503.92,87.54,175.08,63.52,65.26
ABNAH Cafe Saket Premium,2026-03-05,BILL-OUT003-260305-0048,Delivery/Takeaway,Online,,,Food,Baked Goods,996331,MENU0096,Chocolate Croissant,238.76,1.0,238.76,,0.0,0,0.0,238.76,11.94,250.7,64.54,64.54,72.97,74.26
ABNAH Cafe Saket Premium,2026-03-05,BILL-OUT003-260305-0049,Delivery/Takeaway,Mall Walk-in,,,Food,Baked Goods,996331,MENU0098,Sriracha Chicken Croissant,278.04,1.0,278.04,,0.0,0,0.0,278.04,13.9,291.94,81.14,81.14,70.82,72.21
ABNAH Cafe Saket Premium,2026-03-05,BILL-OUT003-260305-0050,Dine In,Dine In,Guest 1939,9000001939,Dessert,Desserts,996331,MENU0102,Double Chocolate Truffle Cake,295.0,3.0,885.0,Synthetic promotion,40.58,0,40.58,844.42,42.22,886.64,63.07,189.21,77.59,78.66
ABNAH Cafe Saket Premium,2026-03-05,BILL-OUT003-260305-0051,Dine In,Dine In,,,Dessert,Desserts,996331,MENU0104,Classic Chocolate Fudge Brownie,195.0,2.0,390.0,Synthetic promotion,17.1,0,17.1,372.9,18.64,391.54,51.02,102.04,72.64,73.94
ABNAH Cafe Saket Premium,2026-03-05,BILL-OUT003-260305-0052,Delivery/Takeaway,Online,,,Dessert,Desserts,996331,MENU0107,Jaggery Parmesan Cookie,170.76,1.0,170.76,,0.0,0,0.0,170.76,8.54,179.3,41.02,41.02,75.98,77.12
ABNAH Cafe Saket Premium,2026-03-05,BILL-OUT003-260305-0053,Dine In,Dine In,,,Dessert,Desserts,996331,MENU0108,Apple Pie,270.0,1.0,270.0,Synthetic promotion,10.21,0,10.21,259.79,12.99,272.78,56.57,56.57,78.22,79.26
ABNAH Cafe Saket Premium,2026-03-05,BILL-OUT003-260305-0054,Dine In,Dine In,,,Dessert,Desserts,996331,MENU0109,Basque Cheesecake,310.0,2.0,620.0,Synthetic promotion,14.04,0,14.04,605.96,30.3,636.26,82.57,165.14,72.75,74.05
ABNAH Cafe Saket Premium,2026-03-05,BILL-OUT003-260305-0055,Dine In,Dine In,,,Dessert,Baked Goods,996331,MENU0110,Multigrain Walnut Tea Cake,225.0,1.0,225.0,Synthetic promotion,9.22,0,9.22,215.78,10.79,226.57,56.57,56.57,73.78,75.03
ABNAH Cafe Saket Premium,2026-03-06,BILL-OUT003-260306-0001,Delivery/Takeaway,Mall Walk-in,,,Beverage,Coffee Classics,996331,MENU0003,Americano - Regular,185.0,3.0,555.0,Synthetic promotion,8.49,0,8.49,546.51,27.33,573.84,23.21,69.63,87.26,87.87
ABNAH Cafe Saket Premium,2026-03-06,BILL-OUT003-260306-0002,Delivery/Takeaway,Online,,,Beverage,Coffee Classics,996331,MENU0004,Americano - Medium,213.55,2.0,427.1,,0.0,0,0.0,427.1,21.36,448.46,26.05,52.1,87.8,88.38
ABNAH Cafe Saket Premium,2026-03-06,BILL-OUT003-260306-0003,Delivery/Takeaway,Mall Walk-in,,,Beverage,Coffee Classics,996331,MENU0006,Latte - Regular,225.0,2.0,450.0,Synthetic promotion,10.36,0,10.36,439.64,21.98,461.62,36.17,72.34,83.55,84.33
ABNAH Cafe Saket Premium,2026-03-06,BILL-OUT003-260306-0004,Delivery/Takeaway,Online,,,Beverage,Coffee Classics,996331,MENU0007,Latte - Medium,250.0,1.0,250.0,Synthetic promotion,1.73,0,1.73,248.27,12.41,260.68,40.96,40.96,83.5,84.29
ABNAH Cafe Saket Premium,2026-03-06,BILL-OUT003-260306-0005,Delivery/Takeaway,Mall Walk-in,Guest 3682,9000003682,Beverage,Coffee Classics,996331,MENU0008,Latte - Large,275.0,1.0,275.0,Synthetic promotion,8.66,0,8.66,266.34,13.32,279.66,45.76,45.76,82.82,83.64
ABNAH Cafe Saket Premium,2026-03-06,BILL-OUT003-260306-0006,Delivery/Takeaway,Mall Walk-in,,,Beverage,Coffee Classics,996331,MENU0010,Cappuccino - Medium,250.0,2.0,500.0,Synthetic promotion,0.42,0,0.42,499.58,24.98,524.56,40.96,81.92,83.6,84.38
ABNAH Cafe Saket Premium,2026-03-06,BILL-OUT003-260306-0007,Delivery/Takeaway,Online,,,Beverage,Coffee Classics,996331,MENU0011,Cappuccino - Large,276.92,1.0,276.92,,0.0,0,0.0,276.92,13.85,290.77,45.76,45.76,83.48,84.26
ABNAH Cafe Saket Premium,2026-03-06,BILL-OUT003-260306-0008,Delivery/Takeaway,Online,,,Beverage,Coffee Classics,996331,MENU0012,Flat White - Regular,235.0,3.0,705.0,Synthetic promotion,30.64,0,30.64,674.36,33.72,708.08,36.17,108.51,83.91,84.68
ABNAH Cafe Saket Premium,2026-03-06,BILL-OUT003-260306-0009,Delivery/Takeaway,Online,,,Beverage,Coffee Classics,996331,MENU0013,Flat White - Medium,260.56,1.0,260.56,,0.0,0,0.0,260.56,13.03,273.59,40.96,40.96,84.28,85.03
ABNAH Cafe Saket Premium,2026-03-06,BILL-OUT003-260306-0010,Delivery/Takeaway,Online,,,Beverage,Coffee Classics,996331,MENU0014,Flat White - Large,285.0,2.0,570.0,Synthetic promotion,21.36,0,21.36,548.64,27.43,576.07,45.76,91.52,83.32,84.11
ABNAH Cafe Saket Premium,2026-03-06,BILL-OUT003-260306-0011,Delivery/Takeaway,Mall Walk-in,,,Beverage,Coffee Classics,996331,MENU0015,Mocha - Regular,247.91,1.0,247.91,,0.0,0,0.0,247.91,12.4,260.31,42.67,42.67,82.79,83.61
ABNAH Cafe Saket Premium,2026-03-06,BILL-OUT003-260306-0012,Dine In,Dine In,,,Beverage,Coffee Classics,996331,MENU0016,Mocha - Medium,270.0,1.0,270.0,Synthetic promotion,12.63,0,12.63,257.37,12.87,270.24,48.42,48.42,81.19,82.08
ABNAH Cafe Saket Premium,2026-03-06,BILL-OUT003-260306-0013,Delivery/Takeaway,Online,,,Beverage,Coffee Classics,996331,MENU0017,Mocha - Large,295.0,1.0,295.0,Synthetic promotion,9.08,0,9.08,285.92,14.3,300.22,54.21,54.21,81.04,81.94
ABNAH Cafe Saket Premium,2026-03-06,BILL-OUT003-260306-0014,Dine In,Dine In,,,Beverage,Signature Coffee,996331,MENU0019,Sea Salt Mocha - Medium,309.51,2.0,619.02,,0.0,0,0.0,619.03,30.95,649.98,48.42,96.84,84.36,85.1
ABNAH Cafe Saket Premium,2026-03-06,BILL-OUT003-260306-0015,Dine In,Dine In,,,Beverage,Signature Coffee,996331,MENU0020,Sea Salt Mocha - Large,335.0,2.0,670.0,Synthetic promotion,30.49,0,30.49,639.51,31.98,671.49,54.21,108.42,83.05,83.85
ABNAH Cafe Saket Premium,2026-03-06,BILL-OUT003-260306-0016,Dine In,Dine In,,,Beverage,Signature Coffee,996331,MENU0021,Orange Zest Mocha - Regular,270.0,2.0,540.0,Synthetic promotion,8.71,0,8.71,531.29,26.56,557.85,42.67,85.34,83.94,84.7
ABNAH Cafe Saket Premium,2026-03-06,BILL-OUT003-260306-0017,Delivery/Takeaway,Mall Walk-in,Guest 7989,9000007989,Beverage,Signature Coffee,996331,MENU0023,Orange Zest Mocha - Large,330.0,1.0,330.0,Synthetic promotion,16.97,0,16.97,313.03,15.65,328.68,54.21,54.21,82.68,83.51
ABNAH Cafe Saket Premium,2026-03-06,BILL-OUT003-260306-0018,Dine In,Dine In,,,Beverage,Signature Coffee,996331,MENU0025,Caramel Macchiato - Medium,296.31,1.0,296.31,,0.0,0,0.0,296.31,14.82,311.13,48.13,48.13,83.76,84.53
ABNAH Cafe Saket Premium,2026-03-06,BILL-OUT003-260306-0019,Delivery/Takeaway,Online,,,Beverage,Signature Coffee,996331,MENU0026,Caramel Macchiato - Large,325.13,5.0,1625.65,,0.0,0,0.0,1625.66,81.28,1706.94,53.88,269.4,83.43,84.22
ABNAH Cafe Saket Premium,2026-03-06,BILL-OUT003-260306-0020,Delivery/Takeaway,Mall Walk-in,,,Beverage,Signature Coffee,996331,MENU0027,French Vanilla Latte - Regular,265.0,1.0,265.0,Synthetic promotion,1.01,0,1.01,263.99,13.2,277.19,42.17,42.17,84.03,84.79
ABNAH Cafe Saket Premium,2026-03-06,BILL-OUT003-260306-0021,Dine In,Dine In,Guest 4484,9000004484,Beverage,Signature Coffee,996331,MENU0030,Vegan Iced Latte - Regular,285.0,2.0,570.0,Synthetic promotion,10.75,0,10.75,559.25,27.96,587.21,58.9,117.8,78.94,79.94
ABNAH Cafe Saket Premium,2026-03-06,BILL-OUT003-260306-0022,Delivery/Takeaway,Online,,,Beverage,Signature Coffee,996331,MENU0032,Vegan Iced Latte - Large,335.0,3.0,1005.0,Synthetic promotion,57.46,0,57.46,947.54,47.38,994.92,75.02,225.06,76.25,77.38
ABNAH Cafe Saket Premium,2026-03-06,BILL-OUT003-260306-0023,Dine In,Dine In,,,Beverage,Cold Brew,996331,MENU0034,Classic Cold Brew - Medium,250.0,1.0,250.0,Synthetic promotion,2.4,0,2.4,247.6,12.38,259.98,28.66,28.66,88.42,88.98
ABNAH Cafe Saket Premium,2026-03-06,BILL-OUT003-260306-0024,Delivery/Takeaway,Mall Walk-in,,,Beverage,Cold Brew,996331,MENU0035,Classic Cold Brew - Large,275.0,1.0,275.0,Synthetic promotion,5.0,0,5.0,270.0,13.5,283.5,31.73,31.73,88.25,88.81
ABNAH Cafe Saket Premium,2026-03-06,BILL-OUT003-260306-0025,Delivery/Takeaway,Mall Walk-in,,,Beverage,Cold Brew,996331,MENU0037,Coffee Lemonade - Medium,260.0,1.0,260.0,Synthetic promotion,15.2,0,15.2,244.8,12.24,257.04,33.09,33.09,86.48,87.13
ABNAH Cafe Saket Premium,2026-03-06,BILL-OUT003-260306-0026,Dine In,Dine In,,,Beverage,Cold Brew,996331,MENU0039,Vietnamese Shakerato - Regular,255.0,1.0,255.0,Synthetic promotion,4.17,0,4.17,250.83,12.54,263.37,25.6,25.6,89.79,90.28
ABNAH Cafe Saket Premium,2026-03-06,BILL-OUT003-260306-0027,Delivery/Takeaway,Mall Walk-in,,,Beverage,Cold Coffee,996331,MENU0042,Classic Cold Coffee - Regular,255.0,2.0,510.0,Synthetic promotion,13.39,0,13.39,496.61,24.83,521.44,38.56,77.12,84.47,85.21
ABNAH Cafe Saket Premium,2026-03-06,BILL-OUT003-260306-0028,Delivery/Takeaway,Online,,,Beverage,Cold Coffee,996331,MENU0045,Mocha Cold Coffee - Regular,285.0,3.0,855.0,Synthetic promotion,18.2,0,18.2,836.8,41.84,878.64,45.06,135.18,83.85,84.61
ABNAH Cafe Saket Premium,2026-03-06,BILL-OUT003-260306-0029,Dine In,Dine In,,,Beverage,Cold Coffee,996331,MENU0048,Caramel Cold Coffee - Regular,285.45,1.0,285.45,,0.0,0,0.0,285.45,14.27,299.72,44.81,44.81,84.3,85.05
ABNAH Cafe Saket Premium,2026-03-06,BILL-OUT003-260306-0030,Dine In,Dine In,Guest 8445,9000008445,Beverage,Tea,996331,MENU0051,Masala Chai Latte - Regular,195.0,2.0,390.0,Synthetic promotion,22.2,0,22.2,367.8,18.39,386.19,36.17,72.34,80.33,81.27
ABNAH Cafe Saket Premium,2026-03-06,BILL-OUT003-260306-0031,Delivery/Takeaway,Online,,,Beverage,Tea,996331,MENU0053,Masala Chai Latte - Large,245.0,1.0,245.0,Synthetic promotion,4.98,0,4.98,240.02,12.0,252.02,45.76,45.76,80.93,81.84
ABNAH Cafe Saket Premium,2026-03-06,BILL-OUT003-260306-0032,Dine In,Dine In,,,Beverage,Tea,996331,MENU0055,Japanese Matcha Latte - Regular,265.0,3.0,795.0,Synthetic promotion,11.21,0,11.21,783.79,39.19,822.98,36.17,108.51,86.16,86.81
ABNAH Cafe Saket Premium,2026-03-06,BILL-OUT003-260306-0033,Dine In,Dine In,,,Beverage,Tea,996331,MENU0056,Japanese Matcha Latte - Medium,295.0,4.0,1180.0,Synthetic promotion,25.26,0,25.26,1154.74,57.74,1212.48,40.96,163.84,85.81,86.49
ABNAH Cafe Saket Premium,2026-03-06,BILL-OUT003-260306-0034,Delivery/Takeaway,Online,Guest 1038,9000001038,Beverage,Tea,996331,MENU0057,Japanese Matcha Latte - Large,325.0,1.0,325.0,Synthetic promotion,19.32,0,19.32,305.68,15.28,320.96,45.76,45.76,85.03,85.74
ABNAH Cafe Saket Premium,2026-03-06,BILL-OUT003-260306-0035,Dine In,Dine In,,,Beverage,Iced Tea,996331,MENU0059,Lemon Iced Tea - Medium,230.0,3.0,690.0,Synthetic promotion,37.27,0,37.27,652.73,32.64,685.37,15.66,46.98,92.8,93.15
ABNAH Cafe Saket Premium,2026-03-06,BILL-OUT003-260306-0036,Delivery/Takeaway,Online,,,Beverage,Iced Tea,996331,MENU0062,Hibiscus Lime Iced Tea - Medium,250.0,4.0,1000.0,Synthetic promotion,21.41,0,21.41,978.59,48.93,1027.52,26.94,107.76,88.99,89.51
ABNAH Cafe Saket Premium,2026-03-06,BILL-OUT003-260306-0037,Delivery/Takeaway,Mall Walk-in,,,Beverage,Kids Beverage,996331,MENU0065,Hot Chocolate - Medium,245.0,1.0,245.0,Synthetic promotion,3.1,0,3.1,241.9,12.1,254.0,40.27,40.27,83.35,84.15
ABNAH Cafe Saket Premium,2026-03-06,BILL-OUT003-260306-0038,Delivery/Takeaway,Mall Walk-in,,,Beverage,Shake,996331,MENU0068,Choco Chip Shake - Regular,295.0,1.0,295.0,Synthetic promotion,11.34,0,11.34,283.66,14.18,297.84,34.11,34.11,87.98,88.55
ABNAH Cafe Saket Premium,2026-03-06,BILL-OUT003-260306-0039,Delivery/Takeaway,Mall Walk-in,Guest 1088,9000001088,Beverage,Shake,996331,MENU0072,Mixed Berry Shake - Medium,354.3,1.0,354.3,,0.0,0,0.0,354.3,17.71,372.01,69.6,69.6,80.36,81.29
ABNAH Cafe Saket Premium,2026-03-06,BILL-OUT003-260306-0040,Dine In,Dine In,,,Beverage,Shake,996331,MENU0073,Mixed Berry Shake - Large,385.0,1.0,385.0,Synthetic promotion,18.77,0,18.77,366.23,18.31,384.54,78.02,78.02,78.7,79.71
ABNAH Cafe Saket Premium,2026-03-06,BILL-OUT003-260306-0041,Delivery/Takeaway,Online,,,Beverage,Smoothie,996331,MENU0074,Seasonal Smoothie - Regular,305.0,1.0,305.0,Synthetic promotion,6.81,0,6.81,298.19,14.91,313.1,33.37,33.37,88.81,89.34
ABNAH Cafe Saket Premium,2026-03-06,BILL-OUT003-260306-0042,Dine In,Dine In,,,Beverage,Smoothie,996331,MENU0075,Seasonal Smoothie - Medium,346.31,1.0,346.31,,0.0,0,0.0,346.31,17.32,363.63,37.59,37.59,89.15,89.66
ABNAH Cafe Saket Premium,2026-03-06,BILL-OUT003-260306-0043,Delivery/Takeaway,Online,,,Beverage,Smoothie,996331,MENU0076,Seasonal Smoothie - Large,375.0,1.0,375.0,Synthetic promotion,17.12,0,17.12,357.88,17.89,375.77,41.83,41.83,88.31,88.87
ABNAH Cafe Saket Premium,2026-03-06,BILL-OUT003-260306-0044,Delivery/Takeaway,Online,,,Food,Wraps,996331,MENU0078,Shredded Chicken Wrap,295.0,1.0,295.0,Synthetic promotion,9.78,0,9.78,285.22,14.26,299.48,70.05,70.05,75.44,76.61
ABNAH Cafe Saket Premium,2026-03-06,BILL-OUT003-260306-0045,Dine In,Dine In,,,Food,Sandwiches,996331,MENU0080,Pesto Veg Sandwich,280.0,2.0,560.0,Synthetic promotion,30.68,0,30.68,529.32,26.47,555.79,91.86,183.72,65.29,66.94
ABNAH Cafe Saket Premium,2026-03-06,BILL-OUT003-260306-0046,Dine In,Dine In,Guest 5326,9000005326,Food,Sandwiches,996331,MENU0082,Tandoori Chicken Sandwich,320.0,1.0,320.0,Synthetic promotion,8.82,0,8.82,311.18,15.56,326.74,87.66,87.66,71.83,73.17
ABNAH Cafe Saket Premium,2026-03-06,BILL-OUT003-260306-0047,Delivery/Takeaway,Online,,,Food,Platter,996331,MENU0085,Hummus and Pita Platter,310.06,1.0,310.06,,0.0,0,0.0,310.06,15.5,325.56,45.45,45.45,85.34,86.04
ABNAH Cafe Saket Premium,2026-03-06,BILL-OUT003-260306-0048,Dine In,Dine In,,,Food,Breakfast,996331,MENU0089,Masala Egg Bun,225.0,2.0,450.0,Synthetic promotion,5.79,0,5.79,444.21,22.21,466.42,42.74,85.48,80.76,81.67
ABNAH Cafe Saket Premium,2026-03-06,BILL-OUT003-260306-0049,Dine In,Dine In,,,Food,Snacks,996331,MENU0092,Turnover with Brioche Dough Chicken,255.0,1.0,255.0,Synthetic promotion,12.43,0,12.43,242.57,12.13,254.7,87.54,87.54,63.91,65.63
ABNAH Cafe Saket Premium,2026-03-06,BILL-OUT003-260306-0050,Delivery/Takeaway,Online,Guest 2361,9000002361,Food,Snacks,996331,MENU0093,Turnover with Brioche Dough Veg,235.0,3.0,705.0,Synthetic promotion,1.24,0,1.24,703.76,35.19,738.95,89.94,269.82,61.66,63.49
ABNAH Cafe Saket Premium,2026-03-06,BILL-OUT003-260306-0051,Delivery/Takeaway,Online,Guest 0968,9000000968,Food,Baked Goods,996331,MENU0096,Chocolate Croissant,235.64,2.0,471.28,,0.0,0,0.0,471.28,23.56,494.84,64.54,129.08,72.61,73.91
ABNAH Cafe Saket Premium,2026-03-06,BILL-OUT003-260306-0052,Delivery/Takeaway,Online,,,Food,Baked Goods,996331,MENU0097,Mushroom Cheese Croissant,255.0,1.0,255.0,Synthetic promotion,13.43,0,13.43,241.57,12.08,253.65,74.84,74.84,69.02,70.49
ABNAH Cafe Saket Premium,2026-03-06,BILL-OUT003-260306-0053,Delivery/Takeaway,Online,,,Food,Baked Goods,996331,MENU0098,Sriracha Chicken Croissant,279.02,2.0,558.04,,0.0,0,0.0,558.04,27.9,585.94,81.14,162.28,70.92,72.3
ABNAH Cafe Saket Premium,2026-03-06,BILL-OUT003-260306-0054,Delivery/Takeaway,Online,,,Dessert,Baked Goods,996331,MENU0099,Cinnamon Roll with Cream Cheese,220.0,1.0,220.0,Synthetic promotion,6.93,0,6.93,213.07,10.65,223.72,52.57,52.57,75.33,76.5
ABNAH Cafe Saket Premium,2026-03-06,BILL-OUT003-260306-0055,Dine In,Dine In,Guest 2179,9000002179,Dessert,Baked Goods,996331,MENU0101,Lemon Raspberry Tea Cake,216.95,1.0,216.95,,0.0,0,0.0,216.95,10.85,227.8,56.57,56.57,73.92,75.17
ABNAH Cafe Saket Premium,2026-03-06,BILL-OUT003-260306-0056,Dine In,Dine In,,,Dessert,Desserts,996331,MENU0102,Double Chocolate Truffle Cake,298.86,1.0,298.86,,0.0,0,0.0,298.86,14.94,313.8,63.07,63.07,78.9,79.9
ABNAH Cafe Saket Premium,2026-03-06,BILL-OUT003-260306-0057,Delivery/Takeaway,Mall Walk-in,,,Dessert,Desserts,996331,MENU0103,Banoffee Pie,287.86,3.0,863.58,Synthetic promotion,0.01,0,0.01,863.57,43.18,906.75,56.57,169.71,80.35,81.28
ABNAH Cafe Saket Premium,2026-03-06,BILL-OUT003-260306-0058,Delivery/Takeaway,Online,,,Dessert,Desserts,996331,MENU0107,Jaggery Parmesan Cookie,171.93,1.0,171.93,,0.0,0,0.0,171.93,8.6,180.53,41.02,41.02,76.14,77.28
ABNAH Cafe Saket Premium,2026-03-06,BILL-OUT003-260306-0059,Delivery/Takeaway,Online,,,Dessert,Desserts,996331,MENU0109,Basque Cheesecake,310.0,2.0,620.0,Synthetic promotion,16.03,0,16.03,603.97,30.2,634.17,82.57,165.14,72.66,73.96
ABNAH Cafe Saket Premium,2026-03-06,BILL-OUT003-260306-0060,Delivery/Takeaway,Mall Walk-in,,,Dessert,Baked Goods,996331,MENU0110,Multigrain Walnut Tea Cake,225.0,1.0,225.0,Synthetic promotion,4.26,0,4.26,220.74,11.04,231.78,56.57,56.57,74.37,75.59
ABNAH Cafe Saket Premium,2026-03-07,BILL-OUT003-260307-0001,Delivery/Takeaway,Mall Walk-in,,,Beverage,Coffee Classics,996331,MENU0003,Americano - Regular,185.0,2.0,370.0,Synthetic promotion,7.37,0,7.37,362.63,18.13,380.76,23.21,46.42,87.2,87.81
ABNAH Cafe Saket Premium,2026-03-07,BILL-OUT003-260307-0002,Dine In,Dine In,,,Beverage,Coffee Classics,996331,MENU0004,Americano - Medium,212.09,3.0,636.27,Synthetic promotion,0.01,0,0.01,636.26,31.81,668.07,26.05,78.15,87.72,88.3
ABNAH Cafe Saket Premium,2026-03-07,BILL-OUT003-260307-0003,Delivery/Takeaway,Mall Walk-in,,,Beverage,Coffee Classics,996331,MENU0006,Latte - Regular,225.0,2.0,450.0,Synthetic promotion,3.85,0,3.85,446.15,22.31,468.46,36.17,72.34,83.79,84.56
ABNAH Cafe Saket Premium,2026-03-07,BILL-OUT003-260307-0004,Delivery/Takeaway,Online,,,Beverage,Coffee Classics,996331,MENU0007,Latte - Medium,250.0,1.0,250.0,Synthetic promotion,6.33,0,6.33,243.67,12.18,255.85,40.96,40.96,83.19,83.99
ABNAH Cafe Saket Premium,2026-03-07,BILL-OUT003-260307-0005,Delivery/Takeaway,Online,,,Beverage,Coffee Classics,996331,MENU0008,Latte - Large,275.0,3.0,825.0,Synthetic promotion,45.78,0,45.78,779.22,38.96,818.18,45.76,137.28,82.38,83.22
ABNAH Cafe Saket Premium,2026-03-07,BILL-OUT003-260307-0006,Dine In,Dine In,,,Beverage,Coffee Classics,996331,MENU0009,Cappuccino - Regular,225.0,4.0,900.0,Synthetic promotion,39.5,0,39.5,860.5,43.02,903.52,36.17,144.68,83.19,83.99
ABNAH Cafe Saket Premium,2026-03-07,BILL-OUT003-260307-0007,Delivery/Takeaway,Online,,,Beverage,Coffee Classics,996331,MENU0010,Cappuccino - Medium,250.0,1.0,250.0,Synthetic promotion,14.59,0,14.59,235.41,11.77,247.18,40.96,40.96,82.6,83.43
ABNAH Cafe Saket Premium,2026-03-07,BILL-OUT003-260307-0008,Delivery/Takeaway,Online,,,Beverage,Coffee Classics,996331,MENU0012,Flat White - Regular,235.0,1.0,235.0,Synthetic promotion,12.87,0,12.87,222.13,11.11,233.24,36.17,36.17,83.72,84.49
ABNAH Cafe Saket Premium,2026-03-07,BILL-OUT003-260307-0009,Delivery/Takeaway,Mall Walk-in,,,Beverage,Coffee Classics,996331,MENU0014,Flat White - Large,285.0,6.0,1710.0,Synthetic promotion,28.39,0,28.39,1681.61,84.08,1765.69,45.76,274.56,83.67,84.45
ABNAH Cafe Saket Premium,2026-03-07,BILL-OUT003-260307-0010,Delivery/Takeaway,Mall Walk-in,,,Beverage,Coffee Classics,996331,MENU0015,Mocha - Regular,245.0,2.0,490.0,Synthetic promotion,12.13,0,12.13,477.87,23.89,501.76,42.67,85.34,82.14,82.99
ABNAH Cafe Saket Premium,2026-03-07,BILL-OUT003-260307-0011,Dine In,Dine In,,,Beverage,Coffee Classics,996331,MENU0016,Mocha - Medium,270.0,2.0,540.0,Synthetic promotion,24.3,0,24.3,515.7,25.79,541.49,48.42,96.84,81.22,82.12
ABNAH Cafe Saket Premium,2026-03-07,BILL-OUT003-260307-0012,Delivery/Takeaway,Online,,,Beverage,Coffee Classics,996331,MENU0017,Mocha - Large,295.0,2.0,590.0,Synthetic promotion,23.02,0,23.02,566.98,28.35,595.33,54.21,108.42,80.88,81.79
ABNAH Cafe Saket Premium,2026-03-07,BILL-OUT003-260307-0013,Delivery/Takeaway,Mall Walk-in,,,Beverage,Signature Coffee,996331,MENU0019,Sea Salt Mocha - Medium,305.0,1.0,305.0,Synthetic promotion,8.85,0,8.85,296.15,14.81,310.96,48.42,48.42,83.65,84.43
ABNAH Cafe Saket Premium,2026-03-07,BILL-OUT003-260307-0014,Delivery/Takeaway,Online,,,Beverage,Signature Coffee,996331,MENU0021,Orange Zest Mocha - Regular,270.0,2.0,540.0,Synthetic promotion,18.02,0,18.02,521.98,26.1,548.08,42.67,85.34,83.65,84.43
ABNAH Cafe Saket Premium,2026-03-07,BILL-OUT003-260307-0015,Dine In,Dine In,,,Beverage,Signature Coffee,996331,MENU0022,Orange Zest Mocha - Medium,300.0,2.0,600.0,Synthetic promotion,21.69,0,21.69,578.31,28.92,607.23,48.42,96.84,83.25,84.05
ABNAH Cafe Saket Premium,2026-03-07,BILL-OUT003-260307-0016,Delivery/Takeaway,Online,Guest 7541,9000007541,Beverage,Signature Coffee,996331,MENU0023,Orange Zest Mocha - Large,330.0,2.0,660.0,Synthetic promotion,10.64,0,10.64,649.36,32.47,681.83,54.21,108.42,83.3,84.1
ABNAH Cafe Saket Premium,2026-03-07,BILL-OUT003-260307-0017,Delivery/Takeaway,Mall Walk-in,,,Beverage,Signature Coffee,996331,MENU0025,Caramel Macchiato - Medium,296.97,5.0,1484.85,,0.0,0,0.0,1484.87,74.24,1559.11,48.13,240.65,83.79,84.56
ABNAH Cafe Saket Premium,2026-03-07,BILL-OUT003-260307-0018,Delivery/Takeaway,Mall Walk-in,,,Beverage,Signature Coffee,996331,MENU0027,French Vanilla Latte - Regular,265.0,5.0,1325.0,Synthetic promotion,7.46,0,7.46,1317.54,65.88,1383.42,42.17,210.85,84.0,84.76
ABNAH Cafe Saket Premium,2026-03-07,BILL-OUT003-260307-0019,Dine In,Dine In,Guest 8891,9000008891,Beverage,Signature Coffee,996331,MENU0028,French Vanilla Latte - Medium,300.64,3.0,901.92,Synthetic promotion,0.01,0,0.01,901.91,45.1,947.01,47.85,143.55,84.08,84.84
ABNAH Cafe Saket Premium,2026-03-07,BILL-OUT003-260307-0020,Dine In,Dine In,,,Beverage,Signature Coffee,996331,MENU0029,French Vanilla Latte - Large,329.71,2.0,659.42,,0.0,0,0.0,659.43,32.97,692.4,53.56,107.12,83.76,84.53
ABNAH Cafe Saket Premium,2026-03-07,BILL-OUT003-260307-0021,Delivery/Takeaway,Online,,,Beverage,Signature Coffee,996331,MENU0032,Vegan Iced Latte - Large,335.0,2.0,670.0,Synthetic promotion,13.35,0,13.35,656.65,32.83,689.48,75.02,150.04,77.15,78.24
ABNAH Cafe Saket Premium,2026-03-07,BILL-OUT003-260307-0022,Delivery/Takeaway,Online,,,Beverage,Cold Brew,996331,MENU0034,Classic Cold Brew - Medium,253.84,2.0,507.68,Synthetic promotion,0.01,0,0.01,507.67,25.38,533.05,28.66,57.32,88.71,89.25
ABNAH Cafe Saket Premium,2026-03-07,BILL-OUT003-260307-0023,Delivery/Takeaway,Online,,,Beverage,Cold Brew,996331,MENU0035,Classic Cold Brew - Large,275.0,1.0,275.0,Synthetic promotion,13.68,0,13.68,261.32,13.07,274.39,31.73,31.73,87.86,88.44
ABNAH Cafe Saket Premium,2026-03-07,BILL-OUT003-260307-0024,Delivery/Takeaway,Online,,,Beverage,Cold Brew,996331,MENU0036,Coffee Lemonade - Regular,235.08,4.0,940.32,,0.0,0,0.0,940.33,47.02,987.35,29.45,117.8,87.47,88.07
ABNAH Cafe Saket Premium,2026-03-07,BILL-OUT003-260307-0025,Delivery/Takeaway,Online,,,Beverage,Cold Brew,996331,MENU0037,Coffee Lemonade - Medium,265.0,1.0,265.0,,0.0,0,0.0,265.0,13.25,278.25,33.09,33.09,87.51,88.11
ABNAH Cafe Saket Premium,2026-03-07,BILL-OUT003-260307-0026,Delivery/Takeaway,Online,,,Beverage,Cold Brew,996331,MENU0039,Vietnamese Shakerato - Regular,256.22,1.0,256.22,,0.0,0,0.0,256.22,12.81,269.03,25.6,25.6,90.01,90.48
ABNAH Cafe Saket Premium,2026-03-07,BILL-OUT003-260307-0027,Delivery/Takeaway,Mall Walk-in,,,Beverage,Cold Brew,996331,MENU0040,Vietnamese Shakerato - Medium,280.0,1.0,280.0,Synthetic promotion,4.64,0,4.64,275.36,13.77,289.13,28.66,28.66,89.59,90.09
ABNAH Cafe Saket Premium,2026-03-07,BILL-OUT003-260307-0028,Delivery/Takeaway,Mall Walk-in,,,Beverage,Cold Coffee,996331,MENU0042,Classic Cold Coffee - Regular,255.0,3.0,765.0,Synthetic promotion,6.3,0,6.3,758.7,37.94,796.64,38.56,115.68,84.75,85.48
ABNAH Cafe Saket Premium,2026-03-07,BILL-OUT003-260307-0029,Dine In,Dine In,,,Beverage,Cold Coffee,996331,MENU0043,Classic Cold Coffee - Medium,295.15,1.0,295.15,,0.0,0,0.0,295.15,14.76,309.91,43.56,43.56,85.24,85.94
ABNAH Cafe Saket Premium,2026-03-07,BILL-OUT003-260307-0030,Delivery/Takeaway,Online,,,Beverage,Cold Coffee,996331,MENU0044,Classic Cold Coffee - Large,325.0,2.0,650.0,Synthetic promotion,17.21,0,17.21,632.79,31.64,664.43,48.58,97.16,84.65,85.38
ABNAH Cafe Saket Premium,2026-03-07,BILL-OUT003-260307-0031,Delivery/Takeaway,Online,,,Beverage,Cold Coffee,996331,MENU0045,Mocha Cold Coffee - Regular,285.0,4.0,1140.0,Synthetic promotion,36.7,0,36.7,1103.3,55.16,1158.46,45.06,180.24,83.66,84.44
ABNAH Cafe Saket Premium,2026-03-07,BILL-OUT003-260307-0032,Delivery/Takeaway,Mall Walk-in,,,Beverage,Cold Coffee,996331,MENU0046,Mocha Cold Coffee - Medium,320.0,1.0,320.0,Synthetic promotion,14.69,0,14.69,305.31,15.27,320.58,51.03,51.03,83.29,84.08
ABNAH Cafe Saket Premium,2026-03-07,BILL-OUT003-260307-0033,Dine In,Dine In,Guest 2307,9000002307,Beverage,Cold Coffee,996331,MENU0048,Caramel Cold Coffee - Regular,285.0,4.0,1140.0,Synthetic promotion,54.31,0,54.31,1085.69,54.28,1139.97,44.81,179.24,83.49,84.28
ABNAH Cafe Saket Premium,2026-03-07,BILL-OUT003-260307-0034,Dine In,Dine In,Guest 8544,9000008544,Beverage,Cold Coffee,996331,MENU0049,Caramel Cold Coffee - Medium,320.0,1.0,320.0,Synthetic promotion,9.22,0,9.22,310.78,15.54,326.32,50.74,50.74,83.67,84.45
ABNAH Cafe Saket Premium,2026-03-07,BILL-OUT003-260307-0035,Delivery/Takeaway,Mall Walk-in,,,Beverage,Cold Coffee,996331,MENU0050,Caramel Cold Coffee - Large,355.0,2.0,710.0,Synthetic promotion,8.09,0,8.09,701.91,35.1,737.01,56.7,113.4,83.84,84.61
ABNAH Cafe Saket Premium,2026-03-07,BILL-OUT003-260307-0036,Delivery/Takeaway,Online,,,Beverage,Tea,996331,MENU0052,Masala Chai Latte - Medium,220.0,1.0,220.0,Synthetic promotion,0.79,0,0.79,219.21,10.96,230.17,40.96,40.96,81.31,82.2
ABNAH Cafe Saket Premium,2026-03-07,BILL-OUT003-260307-0037,Delivery/Takeaway,Online,Guest 4749,9000004749,Beverage,Tea,996331,MENU0054,Himalayan Green Tea,210.0,1.0,210.0,Synthetic promotion,8.34,0,8.34,201.66,10.08,211.74,8.67,8.67,95.7,95.91
ABNAH Cafe Saket Premium,2026-03-07,BILL-OUT003-260307-0038,Delivery/Takeaway,Mall Walk-in,,,Beverage,Tea,996331,MENU0055,Japanese Matcha Latte - Regular,265.7,1.0,265.7,,0.0,0,0.0,265.7,13.29,278.99,36.17,36.17,86.39,87.04
ABNAH Cafe Saket Premium,2026-03-07,BILL-OUT003-260307-0039,Delivery/Takeaway,Online,,,Beverage,Tea,996331,MENU0057,Japanese Matcha Latte - Large,328.36,1.0,328.36,,0.0,0,0.0,328.36,16.42,344.78,45.76,45.76,86.06,86.73
ABNAH Cafe Saket Premium,2026-03-07,BILL-OUT003-260307-0040,Delivery/Takeaway,Online,Guest 5262,9000005262,Beverage,Iced Tea,996331,MENU0058,Lemon Iced Tea - Regular,205.0,1.0,205.0,Synthetic promotion,2.7,0,2.7,202.3,10.12,212.42,14.29,14.29,92.94,93.27
ABNAH Cafe Saket Premium,2026-03-07,BILL-OUT003-260307-0041,Delivery/Takeaway,Online,,,Beverage,Iced Tea,996331,MENU0060,Lemon Iced Tea - Large,258.39,2.0,516.78,,0.0,0,0.0,516.79,25.84,542.63,17.03,34.06,93.41,93.72
ABNAH Cafe Saket Premium,2026-03-07,BILL-OUT003-260307-0042,Delivery/Takeaway,Mall Walk-in,,,Beverage,Iced Tea,996331,MENU0062,Hibiscus Lime Iced Tea - Medium,250.0,1.0,250.0,Synthetic promotion,8.04,0,8.04,241.96,12.1,254.06,26.94,26.94,88.87,89.4
ABNAH Cafe Saket Premium,2026-03-07,BILL-OUT003-260307-0043,Delivery/Takeaway,Mall Walk-in,,,Beverage,Iced Tea,996331,MENU0063,Hibiscus Lime Iced Tea - Large,275.0,1.0,275.0,Synthetic promotion,10.24,0,10.24,264.76,13.24,278.0,29.77,29.77,88.76,89.29
ABNAH Cafe Saket Premium,2026-03-07,BILL-OUT003-260307-0044,Dine In,Dine In,,,Beverage,Shake,996331,MENU0069,Choco Chip Shake - Medium,330.0,1.0,330.0,Synthetic promotion,2.47,0,2.47,327.53,16.38,343.91,38.42,38.42,88.27,88.83
ABNAH Cafe Saket Premium,2026-03-07,BILL-OUT003-260307-0045,Dine In,Dine In,,,Beverage,Shake,996331,MENU0070,Choco Chip Shake - Large,365.0,3.0,1095.0,Synthetic promotion,63.3,0,63.3,1031.7,51.59,1083.29,42.79,128.37,87.56,88.15
ABNAH Cafe Saket Premium,2026-03-07,BILL-OUT003-260307-0046,Delivery/Takeaway,Mall Walk-in,Guest 0918,9000000918,Beverage,Shake,996331,MENU0071,Mixed Berry Shake - Regular,315.0,4.0,1260.0,Synthetic promotion,47.73,0,47.73,1212.27,60.61,1272.88,61.21,244.84,79.8,80.76
ABNAH Cafe Saket Premium,2026-03-07,BILL-OUT003-260307-0047,Dine In,Dine In,,,Beverage,Smoothie,996331,MENU0074,Seasonal Smoothie - Regular,305.89,1.0,305.89,,0.0,0,0.0,305.89,15.29,321.18,33.37,33.37,89.09,89.61
ABNAH Cafe Saket Premium,2026-03-07,BILL-OUT003-260307-0048,Dine In,Dine In,,,Beverage,Smoothie,996331,MENU0076,Seasonal Smoothie - Large,375.0,1.0,375.0,Synthetic promotion,9.53,0,9.53,365.47,18.27,383.74,41.83,41.83,88.55,89.1
ABNAH Cafe Saket Premium,2026-03-07,BILL-OUT003-260307-0049,Delivery/Takeaway,Online,,,Food,Wraps,996331,MENU0078,Shredded Chicken Wrap,295.0,1.0,295.0,Synthetic promotion,2.61,0,2.61,292.39,14.62,307.01,70.05,70.05,76.04,77.18
ABNAH Cafe Saket Premium,2026-03-07,BILL-OUT003-260307-0050,Dine In,Dine In,,,Food,Sandwiches,996331,MENU0079,Smoked Chipotle Paneer Sandwich,295.0,1.0,295.0,Synthetic promotion,9.19,0,9.19,285.81,14.29,300.1,90.66,90.66,68.28,69.79
ABNAH Cafe Saket Premium,2026-03-07,BILL-OUT003-260307-0051,Delivery/Takeaway,Online,,,Food,Sandwiches,996331,MENU0081,Pepper Chicken Sandwich,315.0,2.0,630.0,Synthetic promotion,26.32,0,26.32,603.68,30.18,633.86,87.66,175.32,70.96,72.34
ABNAH Cafe Saket Premium,2026-03-07,BILL-OUT003-260307-0052,Delivery/Takeaway,Online,,,Food,Sandwiches,996331,MENU0082,Tandoori Chicken Sandwich,325.07,5.0,1625.35,,0.0,0,0.0,1625.35,81.27,1706.62,87.66,438.3,73.03,74.32
ABNAH Cafe Saket Premium,2026-03-07,BILL-OUT003-260307-0053,Delivery/Takeaway,Mall Walk-in,,,Food,Toasts,996331,MENU0084,Chicken Pepperoni Avocado Toast,330.0,1.0,330.0,Synthetic promotion,13.91,0,13.91,316.09,15.8,331.89,68.54,68.54,78.32,79.35
ABNAH Cafe Saket Premium,2026-03-07,BILL-OUT003-260307-0054,Delivery/Takeaway,Mall Walk-in,Guest 4995,9000004995,Food,Breakfast,996331,MENU0087,Cream Cheese Bagel,250.0,2.0,500.0,Synthetic promotion,22.56,0,22.56,477.44,23.87,501.31,54.49,108.98,77.17,78.26
ABNAH Cafe Saket Premium,2026-03-07,BILL-OUT003-260307-0055,Delivery/Takeaway,Mall Walk-in,,,Food,Snacks,996331,MENU0091,Pesto Sundried Tomato Pin Wheel,225.0,1.0,225.0,Synthetic promotion,9.8,0,9.8,215.2,10.76,225.96,42.04,42.04,80.46,81.39
ABNAH Cafe Saket Premium,2026-03-07,BILL-OUT003-260307-0056,Dine In,Dine In,,,Food,Snacks,996331,MENU0092,Turnover with Brioche Dough Chicken,255.0,1.0,255.0,Synthetic promotion,12.24,0,12.24,242.76,12.14,254.9,87.54,87.54,63.94,65.66
ABNAH Cafe Saket Premium,2026-03-07,BILL-OUT003-260307-0057,Dine In,Dine In,,,Food,Baked Goods,996331,MENU0094,Butter Croissant,195.0,2.0,390.0,Synthetic promotion,7.39,0,7.39,382.61,19.13,401.74,58.04,116.08,69.66,71.11
ABNAH Cafe Saket Premium,2026-03-07,BILL-OUT003-260307-0058,Dine In,Dine In,,,Food,Baked Goods,996331,MENU0095,Almond Croissant,245.0,1.0,245.0,Synthetic promotion,5.38,0,5.38,239.62,11.98,251.6,58.04,58.04,75.78,76.93
ABNAH Cafe Saket Premium,2026-03-07,BILL-OUT003-260307-0059,Delivery/Takeaway,Online,Guest 0008,9000000008,Food,Baked Goods,996331,MENU0096,Chocolate Croissant,239.0,2.0,478.0,,0.0,0,0.0,478.01,23.9,501.91,64.54,129.08,73.0,74.28
ABNAH Cafe Saket Premium,2026-03-07,BILL-OUT003-260307-0060,Delivery/Takeaway,Mall Walk-in,,,Food,Baked Goods,996331,MENU0097,Mushroom Cheese Croissant,255.0,2.0,510.0,Synthetic promotion,20.89,0,20.89,489.11,24.46,513.57,74.84,149.68,69.4,70.85
ABNAH Cafe Saket Premium,2026-03-07,BILL-OUT003-260307-0061,Delivery/Takeaway,Mall Walk-in,,,Food,Baked Goods,996331,MENU0098,Sriracha Chicken Croissant,279.31,2.0,558.62,Synthetic promotion,0.01,0,0.01,558.61,27.93,586.54,81.14,162.28,70.95,72.33
ABNAH Cafe Saket Premium,2026-03-07,BILL-OUT003-260307-0062,Delivery/Takeaway,Online,Guest 0594,9000000594,Dessert,Baked Goods,996331,MENU0099,Cinnamon Roll with Cream Cheese,220.0,1.0,220.0,Synthetic promotion,4.41,0,4.41,215.59,10.78,226.37,52.57,52.57,75.62,76.78
ABNAH Cafe Saket Premium,2026-03-07,BILL-OUT003-260307-0063,Dine In,Dine In,,,Dessert,Baked Goods,996331,MENU0100,Banana Walnut Tea Cake,205.0,1.0,205.0,Synthetic promotion,2.9,0,2.9,202.1,10.11,212.21,61.61,61.61,69.52,70.97
ABNAH Cafe Saket Premium,2026-03-07,BILL-OUT003-260307-0064,Delivery/Takeaway,Online,,,Dessert,Desserts,996331,MENU0102,Double Chocolate Truffle Cake,295.0,2.0,590.0,Synthetic promotion,19.98,0,19.98,570.02,28.5,598.52,63.07,126.14,77.87,78.92
ABNAH Cafe Saket Premium,2026-03-07,BILL-OUT003-260307-0065,Dine In,Dine In,,,Dessert,Desserts,996331,MENU0104,Classic Chocolate Fudge Brownie,195.0,2.0,390.0,Synthetic promotion,0.98,0,0.98,389.02,19.45,408.47,51.02,102.04,73.77,75.02
ABNAH Cafe Saket Premium,2026-03-07,BILL-OUT003-260307-0066,Delivery/Takeaway,Online,Guest 7941,9000007941,Dessert,Desserts,996331,MENU0106,Death by Chocolate Cookie,190.0,2.0,380.0,Synthetic promotion,13.82,0,13.82,366.18,18.31,384.49,47.52,95.04,74.05,75.28
ABNAH Cafe Saket Premium,2026-03-07,BILL-OUT003-260307-0067,Delivery/Takeaway,Online,,,Dessert,Desserts,996331,MENU0107,Jaggery Parmesan Cookie,170.0,2.0,340.0,Synthetic promotion,3.44,0,3.44,336.56,16.83,353.39,41.02,82.04,75.62,76.78
ABNAH Cafe Saket Premium,2026-03-07,BILL-OUT003-260307-0068,Dine In,Dine In,Guest 7593,9000007593,Dessert,Desserts,996331,MENU0108,Apple Pie,270.0,3.0,810.0,Synthetic promotion,44.56,0,44.56,765.44,38.27,803.71,56.57,169.71,77.83,78.88
ABNAH Cafe Saket Premium,2026-03-07,BILL-OUT003-260307-0069,Delivery/Takeaway,Mall Walk-in,,,Dessert,Baked Goods,996331,MENU0110,Multigrain Walnut Tea Cake,225.0,2.0,450.0,Synthetic promotion,18.26,0,18.26,431.74,21.59,453.33,56.57,113.14,73.79,75.04
ABNAH Cafe Saket Premium,2026-03-08,BILL-OUT003-260308-0001,Dine In,Dine In,Guest 6152,9000006152,Beverage,Espresso,996331,MENU0002,Espresso Shot - Doppio,185.0,1.0,185.0,Synthetic promotion,8.91,0,8.91,176.09,8.8,184.89,21.27,21.27,87.92,88.5
ABNAH Cafe Saket Premium,2026-03-08,BILL-OUT003-260308-0002,Dine In,Dine In,Guest 1676,9000001676,Beverage,Coffee Classics,996331,MENU0003,Americano - Regular,185.0,4.0,740.0,Synthetic promotion,2.72,0,2.72,737.28,36.86,774.14,23.21,92.84,87.41,88.01
ABNAH Cafe Saket Premium,2026-03-08,BILL-OUT003-260308-0003,Delivery/Takeaway,Online,,,Beverage,Coffee Classics,996331,MENU0004,Americano - Medium,212.41,3.0,637.23,,0.0,0,0.0,637.24,31.86,669.1,26.05,78.15,87.74,88.32
ABNAH Cafe Saket Premium,2026-03-08,BILL-OUT003-260308-0004,Delivery/Takeaway,Mall Walk-in,Guest 0011,9000000011,Beverage,Coffee Classics,996331,MENU0006,Latte - Regular,225.0,2.0,450.0,Synthetic promotion,10.75,0,10.75,439.25,21.96,461.21,36.17,72.34,83.53,84.32
ABNAH Cafe Saket Premium,2026-03-08,BILL-OUT003-260308-0005,Delivery/Takeaway,Mall Walk-in,,,Beverage,Coffee Classics,996331,MENU0007,Latte - Medium,250.0,3.0,750.0,Synthetic promotion,8.94,0,8.94,741.06,37.05,778.11,40.96,122.88,83.42,84.21
ABNAH Cafe Saket Premium,2026-03-08,BILL-OUT003-260308-0006,Dine In,Dine In,,,Beverage,Coffee Classics,996331,MENU0008,Latte - Large,278.37,1.0,278.37,,0.0,0,0.0,278.37,13.92,292.29,45.76,45.76,83.56,84.34
ABNAH Cafe Saket Premium,2026-03-08,BILL-OUT003-260308-0007,Dine In,Dine In,,,Beverage,Coffee Classics,996331,MENU0009,Cappuccino - Regular,225.0,1.0,225.0,Synthetic promotion,4.75,0,4.75,220.25,11.01,231.26,36.17,36.17,83.58,84.36
ABNAH Cafe Saket Premium,2026-03-08,BILL-OUT003-260308-0008,Delivery/Takeaway,Online,,,Beverage,Coffee Classics,996331,MENU0010,Cappuccino - Medium,250.0,3.0,750.0,Synthetic promotion,5.07,0,5.07,744.93,37.25,782.18,40.96,122.88,83.5,84.29
ABNAH Cafe Saket Premium,2026-03-08,BILL-OUT003-260308-0009,Delivery/Takeaway,Online,,,Beverage,Coffee Classics,996331,MENU0012,Flat White - Regular,238.23,2.0,476.46,,0.0,0,0.0,476.46,23.82,500.28,36.17,72.34,84.82,85.54
ABNAH Cafe Saket Premium,2026-03-08,BILL-OUT003-260308-0010,Delivery/Takeaway,Online,,,Beverage,Coffee Classics,996331,MENU0013,Flat White - Medium,260.0,5.0,1300.0,Synthetic promotion,60.16,0,60.16,1239.84,61.99,1301.83,40.96,204.8,83.48,84.27
ABNAH Cafe Saket Premium,2026-03-08,BILL-OUT003-260308-0011,Delivery/Takeaway,Online,,,Beverage,Coffee Classics,996331,MENU0014,Flat White - Large,288.94,2.0,577.88,,0.0,0,0.0,577.88,28.89,606.77,45.76,91.52,84.16,84.92
ABNAH Cafe Saket Premium,2026-03-08,BILL-OUT003-260308-0012,Delivery/Takeaway,Online,,,Beverage,Coffee Classics,996331,MENU0015,Mocha - Regular,249.73,3.0,749.19,,0.0,0,0.0,749.19,37.46,786.65,42.67,128.01,82.91,83.73
ABNAH Cafe Saket Premium,2026-03-08,BILL-OUT003-260308-0013,Dine In,Dine In,Guest 8788,9000008788,Beverage,Coffee Classics,996331,MENU0016,Mocha - Medium,270.0,2.0,540.0,Synthetic promotion,21.4,0,21.4,518.6,25.93,544.53,48.42,96.84,81.33,82.22
ABNAH Cafe Saket Premium,2026-03-08,BILL-OUT003-260308-0014,Delivery/Takeaway,Mall Walk-in,,,Beverage,Coffee Classics,996331,MENU0017,Mocha - Large,295.19,1.0,295.19,,0.0,0,0.0,295.19,14.76,309.95,54.21,54.21,81.64,82.51
ABNAH Cafe Saket Premium,2026-03-08,BILL-OUT003-260308-0015,Delivery/Takeaway,Online,Guest 4112,9000004112,Beverage,Signature Coffee,996331,MENU0018,Sea Salt Mocha - Regular,275.0,1.0,275.0,Synthetic promotion,0.8,0,0.8,274.2,13.71,287.91,42.67,42.67,84.44,85.18
ABNAH Cafe Saket Premium,2026-03-08,BILL-OUT003-260308-0016,Dine In,Dine In,,,Beverage,Signature Coffee,996331,MENU0019,Sea Salt Mocha - Medium,305.0,2.0,610.0,Synthetic promotion,27.02,0,27.02,582.98,29.15,612.13,48.42,96.84,83.39,84.18
ABNAH Cafe Saket Premium,2026-03-08,BILL-OUT003-260308-0017,Dine In,Dine In,,,Beverage,Signature Coffee,996331,MENU0021,Orange Zest Mocha - Regular,270.0,3.0,810.0,Synthetic promotion,14.43,0,14.43,795.57,39.78,835.35,42.67,128.01,83.91,84.68
ABNAH Cafe Saket Premium,2026-03-08,BILL-OUT003-260308-0018,Delivery/Takeaway,Mall Walk-in,,,Beverage,Signature Coffee,996331,MENU0022,Orange Zest Mocha - Medium,300.0,2.0,600.0,Synthetic promotion,20.3,0,20.3,579.7,28.98,608.68,48.42,96.84,83.29,84.09
ABNAH Cafe Saket Premium,2026-03-08,BILL-OUT003-260308-0019,Delivery/Takeaway,Online,,,Beverage,Signature Coffee,996331,MENU0024,Caramel Macchiato - Regular,265.0,2.0,530.0,Synthetic promotion,10.36,0,10.36,519.64,25.98,545.62,42.42,84.84,83.67,84.45
ABNAH Cafe Saket Premium,2026-03-08,BILL-OUT003-260308-0020,Dine In,Dine In,,,Beverage,Signature Coffee,996331,MENU0026,Caramel Macchiato - Large,325.0,2.0,650.0,Synthetic promotion,6.09,0,6.09,643.91,32.2,676.11,53.88,107.76,83.26,84.06
ABNAH Cafe Saket Premium,2026-03-08,BILL-OUT003-260308-0021,Delivery/Takeaway,Online,,,Beverage,Signature Coffee,996331,MENU0027,French Vanilla Latte - Regular,267.06,2.0,534.12,,0.0,0,0.0,534.13,26.71,560.84,42.17,84.34,84.21,84.96
ABNAH Cafe Saket Premium,2026-03-08,BILL-OUT003-260308-0022,Delivery/Takeaway,Online,,,Beverage,Signature Coffee,996331,MENU0028,French Vanilla Latte - Medium,295.0,1.0,295.0,Synthetic promotion,0.98,0,0.98,294.02,14.7,308.72,47.85,47.85,83.73,84.5
ABNAH Cafe Saket Premium,2026-03-08,BILL-OUT003-260308-0023,Delivery/Takeaway,Online,Guest 4115,9000004115,Beverage,Signature Coffee,996331,MENU0029,French Vanilla Latte - Large,325.0,1.0,325.0,Synthetic promotion,9.52,0,9.52,315.48,15.77,331.25,53.56,53.56,83.02,83.83
ABNAH Cafe Saket Premium,2026-03-08,BILL-OUT003-260308-0024,Delivery/Takeaway,Mall Walk-in,Guest 7178,9000007178,Beverage,Signature Coffee,996331,MENU0031,Vegan Iced Latte - Medium,310.0,2.0,620.0,Synthetic promotion,21.27,0,21.27,598.73,29.94,628.67,66.95,133.9,77.64,78.7
ABNAH Cafe Saket Premium,2026-03-08,BILL-OUT003-260308-0025,Delivery/Takeaway,Online,,,Beverage,Cold Brew,996331,MENU0034,Classic Cold Brew - Medium,250.0,5.0,1250.0,Synthetic promotion,74.59,0,74.59,1175.41,58.77,1234.18,28.66,143.3,87.81,88.39
ABNAH Cafe Saket Premium,2026-03-08,BILL-OUT003-260308-0026,Dine In,Dine In,,,Beverage,Cold Brew,996331,MENU0035,Classic Cold Brew - Large,275.0,1.0,275.0,Synthetic promotion,1.12,0,1.12,273.88,13.69,287.57,31.73,31.73,88.41,88.97
ABNAH Cafe Saket Premium,2026-03-08,BILL-OUT003-260308-0027,Delivery/Takeaway,Mall Walk-in,,,Beverage,Cold Brew,996331,MENU0036,Coffee Lemonade - Regular,235.0,3.0,705.0,Synthetic promotion,2.55,0,2.55,702.45,35.12,737.57,29.45,88.35,87.42,88.02
ABNAH Cafe Saket Premium,2026-03-08,BILL-OUT003-260308-0028,Delivery/Takeaway,Online,,,Beverage,Cold Brew,996331,MENU0037,Coffee Lemonade - Medium,260.39,2.0,520.78,,0.0,0,0.0,520.78,26.04,546.82,33.09,66.18,87.29,87.9
ABNAH Cafe Saket Premium,2026-03-08,BILL-OUT003-260308-0029,Delivery/Takeaway,Mall Walk-in,,,Beverage,Cold Brew,996331,MENU0038,Coffee Lemonade - Large,285.0,1.0,285.0,Synthetic promotion,6.99,0,6.99,278.01,13.9,291.91,36.73,36.73,86.79,87.42
ABNAH Cafe Saket Premium,2026-03-08,BILL-OUT003-260308-0030,Dine In,Dine In,,,Beverage,Cold Brew,996331,MENU0039,Vietnamese Shakerato - Regular,255.0,1.0,255.0,Synthetic promotion,12.57,0,12.57,242.43,12.12,254.55,25.6,25.6,89.44,89.94
ABNAH Cafe Saket Premium,2026-03-08,BILL-OUT003-260308-0031,Dine In,Dine In,,,Beverage,Cold Brew,996331,MENU0041,Vietnamese Shakerato - Large,305.0,3.0,915.0,Synthetic promotion,20.89,0,20.89,894.11,44.71,938.82,31.73,95.19,89.35,89.86
ABNAH Cafe Saket Premium,2026-03-08,BILL-OUT003-260308-0032,Delivery/Takeaway,Online,,,Beverage,Cold Coffee,996331,MENU0042,Classic Cold Coffee - Regular,255.0,3.0,765.0,Synthetic promotion,13.19,0,13.19,751.81,37.59,789.4,38.56,115.68,84.61,85.35
ABNAH Cafe Saket Premium,2026-03-08,BILL-OUT003-260308-0033,Dine In,Dine In,,,Beverage,Cold Coffee,996331,MENU0043,Classic Cold Coffee - Medium,290.0,2.0,580.0,Synthetic promotion,17.5,0,17.5,562.5,28.12,590.62,43.56,87.12,84.51,85.25
ABNAH Cafe Saket Premium,2026-03-08,BILL-OUT003-260308-0034,Dine In,Dine In,,,Beverage,Cold Coffee,996331,MENU0044,Classic Cold Coffee - Large,325.0,1.0,325.0,Synthetic promotion,5.4,0,5.4,319.6,15.98,335.58,48.58,48.58,84.8,85.52
ABNAH Cafe Saket Premium,2026-03-08,BILL-OUT003-260308-0035,Delivery/Takeaway,Mall Walk-in,,,Beverage,Cold Coffee,996331,MENU0046,Mocha Cold Coffee - Medium,320.0,2.0,640.0,Synthetic promotion,28.54,0,28.54,611.46,30.57,642.03,51.03,102.06,83.31,84.1
ABNAH Cafe Saket Premium,2026-03-08,BILL-OUT003-260308-0036,Dine In,Dine In,,,Beverage,Cold Coffee,996331,MENU0047,Mocha Cold Coffee - Large,355.0,1.0,355.0,Synthetic promotion,18.01,0,18.01,336.99,16.85,353.84,57.03,57.03,83.08,83.88
ABNAH Cafe Saket Premium,2026-03-08,BILL-OUT003-260308-0037,Delivery/Takeaway,Online,,,Beverage,Cold Coffee,996331,MENU0048,Caramel Cold Coffee - Regular,285.0,2.0,570.0,Synthetic promotion,23.71,0,23.71,546.29,27.31,573.6,44.81,89.62,83.59,84.38
ABNAH Cafe Saket Premium,2026-03-08,BILL-OUT003-260308-0038,Delivery/Takeaway,Online,,,Beverage,Cold Coffee,996331,MENU0049,Caramel Cold Coffee - Medium,321.07,2.0,642.14,,0.0,0,0.0,642.14,32.11,674.25,50.74,101.48,84.2,84.95
ABNAH Cafe Saket Premium,2026-03-08,BILL-OUT003-260308-0039,Delivery/Takeaway,Online,,,Beverage,Tea,996331,MENU0051,Masala Chai Latte - Regular,195.0,2.0,390.0,Synthetic promotion,11.67,0,11.67,378.33,18.92,397.25,36.17,72.34,80.88,81.79
ABNAH Cafe Saket Premium,2026-03-08,BILL-OUT003-260308-0040,Delivery/Takeaway,Online,,,Beverage,Tea,996331,MENU0052,Masala Chai Latte - Medium,220.0,2.0,440.0,Synthetic promotion,10.2,0,10.2,429.8,21.49,451.29,40.96,81.92,80.94,81.85
ABNAH Cafe Saket Premium,2026-03-08,BILL-OUT003-260308-0041,Delivery/Takeaway,Mall Walk-in,Guest 2452,9000002452,Beverage,Tea,996331,MENU0053,Masala Chai Latte - Large,246.25,2.0,492.5,,0.0,0,0.0,492.5,24.62,517.12,45.76,91.52,81.42,82.3
ABNAH Cafe Saket Premium,2026-03-08,BILL-OUT003-260308-0042,Delivery/Takeaway,Online,,,Beverage,Tea,996331,MENU0056,Japanese Matcha Latte - Medium,295.0,2.0,590.0,Synthetic promotion,23.26,0,23.26,566.74,28.34,595.08,40.96,81.92,85.55,86.23
ABNAH Cafe Saket Premium,2026-03-08,BILL-OUT003-260308-0043,Delivery/Takeaway,Mall Walk-in,,,Beverage,Tea,996331,MENU0057,Japanese Matcha Latte - Large,325.0,1.0,325.0,Synthetic promotion,0.02,0,0.02,324.98,16.25,341.23,45.76,45.76,85.92,86.59
ABNAH Cafe Saket Premium,2026-03-08,BILL-OUT003-260308-0044,Delivery/Takeaway,Mall Walk-in,,,Beverage,Iced Tea,996331,MENU0060,Lemon Iced Tea - Large,257.97,2.0,515.94,,0.0,0,0.0,515.94,25.8,541.74,17.03,34.06,93.4,93.71
ABNAH Cafe Saket Premium,2026-03-08,BILL-OUT003-260308-0045,Dine In,Dine In,,,Beverage,Iced Tea,996331,MENU0063,Hibiscus Lime Iced Tea - Large,275.0,1.0,275.0,Synthetic promotion,8.68,0,8.68,266.32,13.32,279.64,29.77,29.77,88.82,89.35
ABNAH Cafe Saket Premium,2026-03-08,BILL-OUT003-260308-0046,Delivery/Takeaway,Mall Walk-in,,,Beverage,Shake,996331,MENU0068,Choco Chip Shake - Regular,299.7,3.0,899.1,Synthetic promotion,0.01,0,0.01,899.09,44.95,944.04,34.11,102.33,88.62,89.16
ABNAH Cafe Saket Premium,2026-03-08,BILL-OUT003-260308-0047,Delivery/Takeaway,Mall Walk-in,,,Beverage,Shake,996331,MENU0069,Choco Chip Shake - Medium,330.28,2.0,660.56,,0.0,0,0.0,660.56,33.03,693.59,38.42,76.84,88.37,88.92
ABNAH Cafe Saket Premium,2026-03-08,BILL-OUT003-260308-0048,Delivery/Takeaway,Online,,,Beverage,Shake,996331,MENU0071,Mixed Berry Shake - Regular,317.87,1.0,317.87,,0.0,0,0.0,317.87,15.89,333.76,61.21,61.21,80.74,81.66
ABNAH Cafe Saket Premium,2026-03-08,BILL-OUT003-260308-0049,Delivery/Takeaway,Online,,,Beverage,Shake,996331,MENU0072,Mixed Berry Shake - Medium,353.23,2.0,706.46,Synthetic promotion,0.01,0,0.01,706.45,35.32,741.77,69.6,139.2,80.3,81.23
ABNAH Cafe Saket Premium,2026-03-08,BILL-OUT003-260308-0050,Dine In,Dine In,,,Beverage,Smoothie,996331,MENU0074,Seasonal Smoothie - Regular,305.0,3.0,915.0,Synthetic promotion,12.59,0,12.59,902.41,45.12,947.53,33.37,100.11,88.91,89.43
ABNAH Cafe Saket Premium,2026-03-08,BILL-OUT003-260308-0051,Delivery/Takeaway,Online,Guest 0941,9000000941,Beverage,Smoothie,996331,MENU0075,Seasonal Smoothie - Medium,340.0,1.0,340.0,Synthetic promotion,0.29,0,0.29,339.71,16.99,356.7,37.59,37.59,88.93,89.46
ABNAH Cafe Saket Premium,2026-03-08,BILL-OUT003-260308-0052,Delivery/Takeaway,Online,,,Food,Wraps,996331,MENU0077,Spicy Paneer Wrap,278.38,1.0,278.38,,0.0,0,0.0,278.38,13.92,292.3,73.36,73.36,73.65,74.9
ABNAH Cafe Saket Premium,2026-03-08,BILL-OUT003-260308-0053,Delivery/Takeaway,Mall Walk-in,,,Food,Wraps,996331,MENU0078,Shredded Chicken Wrap,299.02,1.0,299.02,,0.0,0,0.0,299.02,14.95,313.97,70.05,70.05,76.57,77.69
ABNAH Cafe Saket Premium,2026-03-08,BILL-OUT003-260308-0054,Delivery/Takeaway,Mall Walk-in,,,Food,Sandwiches,996331,MENU0079,Smoked Chipotle Paneer Sandwich,295.0,2.0,590.0,Synthetic promotion,26.77,0,26.77,563.23,28.16,591.39,90.66,181.32,67.81,69.34
ABNAH Cafe Saket Premium,2026-03-08,BILL-OUT003-260308-0055,Delivery/Takeaway,Mall Walk-in,,,Food,Sandwiches,996331,MENU0080,Pesto Veg Sandwich,280.0,1.0,280.0,Synthetic promotion,4.3,0,4.3,275.7,13.79,289.49,91.86,91.86,66.68,68.27
ABNAH Cafe Saket Premium,2026-03-08,BILL-OUT003-260308-0056,Delivery/Takeaway,Mall Walk-in,,,Food,Sandwiches,996331,MENU0081,Pepper Chicken Sandwich,315.0,1.0,315.0,Synthetic promotion,18.74,0,18.74,296.26,14.81,311.07,87.66,87.66,70.41,71.82
ABNAH Cafe Saket Premium,2026-03-08,BILL-OUT003-260308-0057,Dine In,Dine In,,,Food,Toasts,996331,MENU0083,Chilli Cheese Garlic Toast,236.43,3.0,709.29,,0.0,0,0.0,709.3,35.47,744.77,42.14,126.42,82.18,83.03
ABNAH Cafe Saket Premium,2026-03-08,BILL-OUT003-260308-0058,Dine In,Dine In,,,Food,Toasts,996331,MENU0084,Chicken Pepperoni Avocado Toast,330.0,1.0,330.0,Synthetic promotion,13.78,0,13.78,316.22,15.81,332.03,68.54,68.54,78.33,79.36
ABNAH Cafe Saket Premium,2026-03-08,BILL-OUT003-260308-0059,Dine In,Dine In,,,Food,Platter,996331,MENU0085,Hummus and Pita Platter,310.0,1.0,310.0,Synthetic promotion,14.41,0,14.41,295.59,14.78,310.37,45.45,45.45,84.62,85.36
ABNAH Cafe Saket Premium,2026-03-08,BILL-OUT003-260308-0060,Delivery/Takeaway,Online,,,Food,Breakfast,996331,MENU0086,Breakfast Pancakes,285.0,2.0,570.0,Synthetic promotion,9.59,0,9.59,560.41,28.02,588.43,66.89,133.78,76.13,77.26
ABNAH Cafe Saket Premium,2026-03-08,BILL-OUT003-260308-0061,Dine In,Dine In,,,Food,Breakfast,996331,MENU0089,Masala Egg Bun,225.0,2.0,450.0,Synthetic promotion,5.19,0,5.19,444.81,22.24,467.05,42.74,85.48,80.78,81.7
ABNAH Cafe Saket Premium,2026-03-08,BILL-OUT003-260308-0062,Delivery/Takeaway,Mall Walk-in,,,Food,Snacks,996331,MENU0090,Marinara Cheese Pin Wheels,215.17,1.0,215.17,,0.0,0,0.0,215.17,10.76,225.93,38.29,38.29,82.2,83.05
ABNAH Cafe Saket Premium,2026-03-08,BILL-OUT003-260308-0063,Dine In,Dine In,Guest 8322,9000008322,Food,Baked Goods,996331,MENU0095,Almond Croissant,247.62,2.0,495.24,,0.0,0,0.0,495.25,24.76,520.01,58.04,116.08,76.56,77.68
ABNAH Cafe Saket Premium,2026-03-08,BILL-OUT003-260308-0064,Dine In,Dine In,Guest 5314,9000005314,Food,Baked Goods,996331,MENU0096,Chocolate Croissant,235.0,3.0,705.0,Synthetic promotion,26.5,0,26.5,678.5,33.92,712.42,64.54,193.62,71.46,72.82
ABNAH Cafe Saket Premium,2026-03-08,BILL-OUT003-260308-0065,Delivery/Takeaway,Mall Walk-in,Guest 8811,9000008811,Food,Baked Goods,996331,MENU0098,Sriracha Chicken Croissant,275.0,1.0,275.0,Synthetic promotion,16.46,0,16.46,258.54,12.93,271.47,81.14,81.14,68.62,70.11
ABNAH Cafe Saket Premium,2026-03-08,BILL-OUT003-260308-0066,Delivery/Takeaway,Mall Walk-in,Guest 4372,9000004372,Dessert,Baked Goods,996331,MENU0100,Banana Walnut Tea Cake,205.0,2.0,410.0,Synthetic promotion,0.32,0,0.32,409.68,20.48,430.16,61.61,123.22,69.92,71.35
ABNAH Cafe Saket Premium,2026-03-08,BILL-OUT003-260308-0067,Dine In,Dine In,,,Dessert,Baked Goods,996331,MENU0101,Lemon Raspberry Tea Cake,215.0,3.0,645.0,Synthetic promotion,37.64,0,37.64,607.36,30.37,637.73,56.57,169.71,72.06,73.39
ABNAH Cafe Saket Premium,2026-03-08,BILL-OUT003-260308-0068,Delivery/Takeaway,Online,Guest 4135,9000004135,Dessert,Desserts,996331,MENU0103,Banoffee Pie,285.72,1.0,285.72,,0.0,0,0.0,285.72,14.29,300.01,56.57,56.57,80.2,81.14
ABNAH Cafe Saket Premium,2026-03-08,BILL-OUT003-260308-0069,Delivery/Takeaway,Online,,,Dessert,Desserts,996331,MENU0104,Classic Chocolate Fudge Brownie,195.0,1.0,195.0,Synthetic promotion,0.14,0,0.14,194.86,9.74,204.6,51.02,51.02,73.82,75.06
ABNAH Cafe Saket Premium,2026-03-08,BILL-OUT003-260308-0070,Dine In,Dine In,,,Dessert,Desserts,996331,MENU0106,Death by Chocolate Cookie,190.0,3.0,570.0,Synthetic promotion,28.01,0,28.01,541.99,27.1,569.09,47.52,142.56,73.7,74.95
ABNAH Cafe Saket Premium,2026-03-08,BILL-OUT003-260308-0071,Delivery/Takeaway,Mall Walk-in,Guest 0068,9000000068,Dessert,Desserts,996331,MENU0107,Jaggery Parmesan Cookie,170.0,3.0,510.0,Synthetic promotion,10.09,0,10.09,499.91,25.0,524.91,41.02,123.06,75.38,76.56
ABNAH Cafe Saket Premium,2026-03-08,BILL-OUT003-260308-0072,Dine In,Dine In,,,Dessert,Desserts,996331,MENU0108,Apple Pie,270.0,2.0,540.0,Synthetic promotion,24.93,0,24.93,515.07,25.75,540.82,56.57,113.14,78.03,79.08
ABNAH Cafe Saket Premium,2026-03-08,BILL-OUT003-260308-0073,Delivery/Takeaway,Online,,,Dessert,Desserts,996331,MENU0109,Basque Cheesecake,310.0,1.0,310.0,Synthetic promotion,5.96,0,5.96,304.04,15.2,319.24,82.57,82.57,72.84,74.14
ABNAH Cafe Saket Premium,2026-03-08,BILL-OUT003-260308-0074,Delivery/Takeaway,Online,,,Dessert,Baked Goods,996331,MENU0110,Multigrain Walnut Tea Cake,226.46,1.0,226.46,,0.0,0,0.0,226.46,11.32,237.78,56.57,56.57,75.02,76.21
ABNAH Cafe Saket Premium,2026-03-09,BILL-OUT003-260309-0001,Dine In,Dine In,,,Beverage,Coffee Classics,996331,MENU0003,Americano - Regular,186.91,4.0,747.64,Synthetic promotion,0.01,0,0.01,747.63,37.38,785.01,23.21,92.84,87.58,88.17
ABNAH Cafe Saket Premium,2026-03-09,BILL-OUT003-260309-0002,Delivery/Takeaway,Mall Walk-in,Guest 2037,9000002037,Beverage,Coffee Classics,996331,MENU0005,Americano - Large,235.0,1.0,235.0,Synthetic promotion,1.73,0,1.73,233.27,11.66,244.93,28.91,28.91,87.61,88.2
ABNAH Cafe Saket Premium,2026-03-09,BILL-OUT003-260309-0003,Dine In,Dine In,,,Beverage,Coffee Classics,996331,MENU0006,Latte - Regular,225.0,3.0,675.0,Synthetic promotion,6.52,0,6.52,668.48,33.42,701.9,36.17,108.51,83.77,84.54
ABNAH Cafe Saket Premium,2026-03-09,BILL-OUT003-260309-0004,Delivery/Takeaway,Online,,,Beverage,Coffee Classics,996331,MENU0007,Latte - Medium,250.0,1.0,250.0,Synthetic promotion,14.32,0,14.32,235.68,11.78,247.46,40.96,40.96,82.62,83.45
ABNAH Cafe Saket Premium,2026-03-09,BILL-OUT003-260309-0005,Dine In,Dine In,,,Beverage,Coffee Classics,996331,MENU0008,Latte - Large,275.0,1.0,275.0,Synthetic promotion,15.94,0,15.94,259.06,12.95,272.01,45.76,45.76,82.34,83.18
ABNAH Cafe Saket Premium,2026-03-09,BILL-OUT003-260309-0006,Delivery/Takeaway,Mall Walk-in,,,Beverage,Coffee Classics,996331,MENU0009,Cappuccino - Regular,227.38,1.0,227.38,,0.0,0,0.0,227.38,11.37,238.75,36.17,36.17,84.09,84.85
ABNAH Cafe Saket Premium,2026-03-09,BILL-OUT003-260309-0007,Dine In,Dine In,Guest 5392,9000005392,Beverage,Coffee Classics,996331,MENU0010,Cappuccino - Medium,250.47,2.0,500.94,,0.0,0,0.0,500.95,25.05,526.0,40.96,81.92,83.65,84.43
ABNAH Cafe Saket Premium,2026-03-09,BILL-OUT003-260309-0008,Delivery/Takeaway,Mall Walk-in,,,Beverage,Coffee Classics,996331,MENU0012,Flat White - Regular,235.0,2.0,470.0,Synthetic promotion,10.68,0,10.68,459.32,22.97,482.29,36.17,72.34,84.25,85.0
ABNAH Cafe Saket Premium,2026-03-09,BILL-OUT003-260309-0009,Delivery/Takeaway,Online,,,Beverage,Coffee Classics,996331,MENU0016,Mocha - Medium,270.0,5.0,1350.0,Synthetic promotion,73.5,0,73.5,1276.5,63.83,1340.33,48.42,242.1,81.03,81.94
ABNAH Cafe Saket Premium,2026-03-09,BILL-OUT003-260309-0010,Delivery/Takeaway,Mall Walk-in,,,Beverage,Coffee Classics,996331,MENU0017,Mocha - Large,295.0,2.0,590.0,Synthetic promotion,3.87,0,3.87,586.13,29.31,615.44,54.21,108.42,81.5,82.38
ABNAH Cafe Saket Premium,2026-03-09,BILL-OUT003-260309-0011,Delivery/Takeaway,Online,,,Beverage,Signature Coffee,996331,MENU0018,Sea Salt Mocha - Regular,275.0,1.0,275.0,Synthetic promotion,14.43,0,14.43,260.57,13.03,273.6,42.67,42.67,83.62,84.4
ABNAH Cafe Saket Premium,2026-03-09,BILL-OUT003-260309-0012,Delivery/Takeaway,Mall Walk-in,,,Beverage,Signature Coffee,996331,MENU0020,Sea Salt Mocha - Large,335.0,3.0,1005.0,Synthetic promotion,45.62,0,45.62,959.38,47.97,1007.35,54.21,162.63,83.05,83.86
ABNAH Cafe Saket Premium,2026-03-09,BILL-OUT003-260309-0013,Dine In,Dine In,Guest 8519,9000008519,Beverage,Signature Coffee,996331,MENU0021,Orange Zest Mocha - Regular,272.72,1.0,272.72,,0.0,0,0.0,272.72,13.64,286.36,42.67,42.67,84.35,85.1
ABNAH Cafe Saket Premium,2026-03-09,BILL-OUT003-260309-0014,Delivery/Takeaway,Mall Walk-in,,,Beverage,Signature Coffee,996331,MENU0022,Orange Zest Mocha - Medium,300.0,2.0,600.0,Synthetic promotion,2.45,0,2.45,597.55,29.88,627.43,48.42,96.84,83.79,84.57
ABNAH Cafe Saket Premium,2026-03-09,BILL-OUT003-260309-0015,Dine In,Dine In,,,Beverage,Signature Coffee,996331,MENU0023,Orange Zest Mocha - Large,330.0,1.0,330.0,Synthetic promotion,4.95,0,4.95,325.05,16.25,341.3,54.21,54.21,83.32,84.12
ABNAH Cafe Saket Premium,2026-03-09,BILL-OUT003-260309-0016,Delivery/Takeaway,Online,,,Beverage,Signature Coffee,996331,MENU0025,Caramel Macchiato - Medium,295.0,4.0,1180.0,Synthetic promotion,42.32,0,42.32,1137.68,56.88,1194.56,48.13,192.52,83.08,83.88
ABNAH Cafe Saket Premium,2026-03-09,BILL-OUT003-260309-0017,Delivery/Takeaway,Online,Guest 7327,9000007327,Beverage,Signature Coffee,996331,MENU0027,French Vanilla Latte - Regular,269.85,2.0,539.7,Synthetic promotion,0.01,0,0.01,539.69,26.98,566.67,42.17,84.34,84.37,85.12
ABNAH Cafe Saket Premium,2026-03-09,BILL-OUT003-260309-0018,Dine In,Dine In,,,Beverage,Signature Coffee,996331,MENU0028,French Vanilla Latte - Medium,295.0,3.0,885.0,Synthetic promotion,16.4,0,16.4,868.6,43.43,912.03,47.85,143.55,83.47,84.26
ABNAH Cafe Saket Premium,2026-03-09,BILL-OUT003-260309-0019,Delivery/Takeaway,Mall Walk-in,,,Beverage,Signature Coffee,996331,MENU0031,Vegan Iced Latte - Medium,311.9,4.0,1247.6,,0.0,0,0.0,1247.62,62.38,1310.0,66.95,267.8,78.54,79.56
ABNAH Cafe Saket Premium,2026-03-09,BILL-OUT003-260309-0020,Delivery/Takeaway,Mall Walk-in,,,Beverage,Cold Brew,996331,MENU0035,Classic Cold Brew - Large,275.0,1.0,275.0,Synthetic promotion,3.83,0,3.83,271.17,13.56,284.73,31.73,31.73,88.3,88.86
ABNAH Cafe Saket Premium,2026-03-09,BILL-OUT003-260309-0021,Delivery/Takeaway,Online,,,Beverage,Cold Brew,996331,MENU0040,Vietnamese Shakerato - Medium,280.0,1.0,280.0,Synthetic promotion,7.04,0,7.04,272.96,13.65,286.61,28.66,28.66,89.5,90.0
ABNAH Cafe Saket Premium,2026-03-09,BILL-OUT003-260309-0022,Delivery/Takeaway,Mall Walk-in,Guest 0058,9000000058,Beverage,Cold Coffee,996331,MENU0043,Classic Cold Coffee - Medium,290.0,2.0,580.0,Synthetic promotion,30.75,0,30.75,549.25,27.46,576.71,43.56,87.12,84.14,84.89
ABNAH Cafe Saket Premium,2026-03-09,BILL-OUT003-260309-0023,Delivery/Takeaway,Online,,,Beverage,Cold Coffee,996331,MENU0044,Classic Cold Coffee - Large,325.0,2.0,650.0,Synthetic promotion,14.35,0,14.35,635.65,31.78,667.43,48.58,97.16,84.71,85.44
ABNAH Cafe Saket Premium,2026-03-09,BILL-OUT003-260309-0024,Delivery/Takeaway,Mall Walk-in,Guest 1115,9000001115,Beverage,Cold Coffee,996331,MENU0047,Mocha Cold Coffee - Large,355.0,1.0,355.0,Synthetic promotion,6.8,0,6.8,348.2,17.41,365.61,57.03,57.03,83.62,84.4
ABNAH Cafe Saket Premium,2026-03-09,BILL-OUT003-260309-0025,Delivery/Takeaway,Online,Guest 6253,9000006253,Beverage,Cold Coffee,996331,MENU0048,Caramel Cold Coffee - Regular,285.0,2.0,570.0,Synthetic promotion,21.6,0,21.6,548.4,27.42,575.82,44.81,89.62,83.66,84.44
ABNAH Cafe Saket Premium,2026-03-09,BILL-OUT003-260309-0026,Dine In,Dine In,,,Beverage,Cold Coffee,996331,MENU0050,Caramel Cold Coffee - Large,355.0,1.0,355.0,Synthetic promotion,12.77,0,12.77,342.23,17.11,359.34,56.7,56.7,83.43,84.22
ABNAH Cafe Saket Premium,2026-03-09,BILL-OUT003-260309-0027,Delivery/Takeaway,Online,Guest 4259,9000004259,Beverage,Tea,996331,MENU0052,Masala Chai Latte - Medium,220.0,1.0,220.0,Synthetic promotion,11.62,0,11.62,208.38,10.42,218.8,40.96,40.96,80.34,81.28
ABNAH Cafe Saket Premium,2026-03-09,BILL-OUT003-260309-0028,Delivery/Takeaway,Mall Walk-in,,,Beverage,Iced Tea,996331,MENU0058,Lemon Iced Tea - Regular,205.16,1.0,205.16,,0.0,0,0.0,205.16,10.26,215.42,14.29,14.29,93.03,93.37
ABNAH Cafe Saket Premium,2026-03-09,BILL-OUT003-260309-0029,Dine In,Dine In,,,Beverage,Iced Tea,996331,MENU0059,Lemon Iced Tea - Medium,232.54,2.0,465.08,,0.0,0,0.0,465.08,23.25,488.33,15.66,31.32,93.27,93.59
ABNAH Cafe Saket Premium,2026-03-09,BILL-OUT003-260309-0030,Delivery/Takeaway,Mall Walk-in,,,Beverage,Iced Tea,996331,MENU0062,Hibiscus Lime Iced Tea - Medium,250.93,1.0,250.93,,0.0,0,0.0,250.93,12.55,263.48,26.94,26.94,89.26,89.78
ABNAH Cafe Saket Premium,2026-03-09,BILL-OUT003-260309-0031,Delivery/Takeaway,Mall Walk-in,,,Beverage,Kids Beverage,996331,MENU0067,Babyccino - Regular,165.0,1.0,165.0,Synthetic promotion,6.25,0,6.25,158.75,7.94,166.69,14.21,14.21,91.05,91.48
ABNAH Cafe Saket Premium,2026-03-09,BILL-OUT003-260309-0032,Delivery/Takeaway,Mall Walk-in,,,Beverage,Shake,996331,MENU0068,Choco Chip Shake - Regular,295.0,2.0,590.0,Synthetic promotion,13.39,0,13.39,576.61,28.83,605.44,34.11,68.22,88.17,88.73
ABNAH Cafe Saket Premium,2026-03-09,BILL-OUT003-260309-0033,Delivery/Takeaway,Online,Guest 7502,9000007502,Beverage,Shake,996331,MENU0071,Mixed Berry Shake - Regular,315.0,2.0,630.0,Synthetic promotion,12.91,0,12.91,617.09,30.85,647.94,61.21,122.42,80.16,81.11
ABNAH Cafe Saket Premium,2026-03-09,BILL-OUT003-260309-0034,Delivery/Takeaway,Online,,,Beverage,Smoothie,996331,MENU0074,Seasonal Smoothie - Regular,305.0,1.0,305.0,Synthetic promotion,14.32,0,14.32,290.68,14.53,305.21,33.37,33.37,88.52,89.07
ABNAH Cafe Saket Premium,2026-03-09,BILL-OUT003-260309-0035,Delivery/Takeaway,Mall Walk-in,,,Beverage,Smoothie,996331,MENU0076,Seasonal Smoothie - Large,375.0,1.0,375.0,Synthetic promotion,17.68,0,17.68,357.32,17.87,375.19,41.83,41.83,88.29,88.85
ABNAH Cafe Saket Premium,2026-03-09,BILL-OUT003-260309-0036,Dine In,Dine In,,,Food,Wraps,996331,MENU0078,Shredded Chicken Wrap,295.0,1.0,295.0,Synthetic promotion,4.27,0,4.27,290.73,14.54,305.27,70.05,70.05,75.91,77.05
ABNAH Cafe Saket Premium,2026-03-09,BILL-OUT003-260309-0037,Delivery/Takeaway,Online,,,Food,Sandwiches,996331,MENU0079,Smoked Chipotle Paneer Sandwich,300.8,2.0,601.6,Synthetic promotion,0.01,0,0.01,601.59,30.08,631.67,90.66,181.32,69.86,71.3
ABNAH Cafe Saket Premium,2026-03-09,BILL-OUT003-260309-0038,Delivery/Takeaway,Mall Walk-in,,,Food,Sandwiches,996331,MENU0080,Pesto Veg Sandwich,280.0,2.0,560.0,Synthetic promotion,30.06,0,30.06,529.94,26.5,556.44,91.86,183.72,65.33,66.98
ABNAH Cafe Saket Premium,2026-03-09,BILL-OUT003-260309-0039,Delivery/Takeaway,Online,,,Food,Sandwiches,996331,MENU0081,Pepper Chicken Sandwich,315.0,1.0,315.0,Synthetic promotion,18.26,0,18.26,296.74,14.84,311.58,87.66,87.66,70.46,71.87
ABNAH Cafe Saket Premium,2026-03-09,BILL-OUT003-260309-0040,Dine In,Dine In,,,Food,Sandwiches,996331,MENU0082,Tandoori Chicken Sandwich,324.12,1.0,324.12,,0.0,0,0.0,324.12,16.21,340.33,87.66,87.66,72.95,74.24
ABNAH Cafe Saket Premium,2026-03-09,BILL-OUT003-260309-0041,Delivery/Takeaway,Online,,,Food,Breakfast,996331,MENU0086,Breakfast Pancakes,285.0,1.0,285.0,Synthetic promotion,14.11,0,14.11,270.89,13.54,284.43,66.89,66.89,75.31,76.48
ABNAH Cafe Saket Premium,2026-03-09,BILL-OUT003-260309-0042,Delivery/Takeaway,Mall Walk-in,,,Food,Breakfast,996331,MENU0089,Masala Egg Bun,225.0,1.0,225.0,Synthetic promotion,10.86,0,10.86,214.14,10.71,224.85,42.74,42.74,80.04,80.99
ABNAH Cafe Saket Premium,2026-03-09,BILL-OUT003-260309-0043,Delivery/Takeaway,Online,,,Food,Snacks,996331,MENU0093,Turnover with Brioche Dough Veg,235.0,1.0,235.0,Synthetic promotion,4.3,0,4.3,230.7,11.54,242.24,89.94,89.94,61.01,62.87
ABNAH Cafe Saket Premium,2026-03-09,BILL-OUT003-260309-0044,Delivery/Takeaway,Online,,,Food,Baked Goods,996331,MENU0095,Almond Croissant,245.0,1.0,245.0,Synthetic promotion,8.3,0,8.3,236.7,11.84,248.54,58.04,58.04,75.48,76.65
ABNAH Cafe Saket Premium,2026-03-09,BILL-OUT003-260309-0045,Delivery/Takeaway,Online,,,Food,Baked Goods,996331,MENU0097,Mushroom Cheese Croissant,255.0,1.0,255.0,Synthetic promotion,0.48,0,0.48,254.52,12.73,267.25,74.84,74.84,70.6,72.0
ABNAH Cafe Saket Premium,2026-03-09,BILL-OUT003-260309-0046,Delivery/Takeaway,Mall Walk-in,Guest 8874,9000008874,Food,Baked Goods,996331,MENU0098,Sriracha Chicken Croissant,278.39,1.0,278.39,,0.0,0,0.0,278.39,13.92,292.31,81.14,81.14,70.85,72.24
ABNAH Cafe Saket Premium,2026-03-09,BILL-OUT003-260309-0047,Delivery/Takeaway,Mall Walk-in,,,Dessert,Baked Goods,996331,MENU0100,Banana Walnut Tea Cake,207.61,2.0,415.22,,0.0,0,0.0,415.22,20.76,435.98,61.61,123.22,70.32,71.74
ABNAH Cafe Saket Premium,2026-03-09,BILL-OUT003-260309-0048,Delivery/Takeaway,Online,,,Dessert,Desserts,996331,MENU0103,Banoffee Pie,285.0,1.0,285.0,Synthetic promotion,0.82,0,0.82,284.18,14.21,298.39,56.57,56.57,80.09,81.04
ABNAH Cafe Saket Premium,2026-03-09,BILL-OUT003-260309-0049,Delivery/Takeaway,Mall Walk-in,,,Dessert,Desserts,996331,MENU0104,Classic Chocolate Fudge Brownie,195.0,1.0,195.0,Synthetic promotion,2.82,0,2.82,192.18,9.61,201.79,51.02,51.02,73.45,74.72
ABNAH Cafe Saket Premium,2026-03-09,BILL-OUT003-260309-0050,Dine In,Dine In,,,Dessert,Desserts,996331,MENU0105,Soft-Centred Caramel Cookie,180.0,1.0,180.0,Synthetic promotion,8.06,0,8.06,171.94,8.6,180.54,46.02,46.02,73.23,74.51
ABNAH Cafe Saket Premium,2026-03-09,BILL-OUT003-260309-0051,Delivery/Takeaway,Mall Walk-in,,,Dessert,Desserts,996331,MENU0106,Death by Chocolate Cookie,190.0,1.0,190.0,Synthetic promotion,0.5,0,0.5,189.5,9.47,198.97,47.52,47.52,74.92,76.12
ABNAH Cafe Saket Premium,2026-03-09,BILL-OUT003-260309-0052,Delivery/Takeaway,Mall Walk-in,,,Dessert,Desserts,996331,MENU0109,Basque Cheesecake,310.0,1.0,310.0,Synthetic promotion,14.09,0,14.09,295.91,14.8,310.71,82.57,82.57,72.1,73.43
ABNAH Cafe Saket Premium,2026-03-09,BILL-OUT003-260309-0053,Delivery/Takeaway,Online,,,Dessert,Baked Goods,996331,MENU0110,Multigrain Walnut Tea Cake,225.0,1.0,225.0,Synthetic promotion,4.12,0,4.12,220.88,11.04,231.92,56.57,56.57,74.39,75.61
ABNAH Cafe Saket Premium,2026-03-10,BILL-OUT003-260310-0001,Delivery/Takeaway,Mall Walk-in,Guest 4462,9000004462,Beverage,Espresso,996331,MENU0001,Espresso Shot - Solo,145.0,1.0,145.0,Synthetic promotion,7.97,0,7.97,137.03,6.85,143.88,13.63,13.63,90.05,90.53
ABNAH Cafe Saket Premium,2026-03-10,BILL-OUT003-260310-0002,Dine In,Dine In,,,Beverage,Espresso,996331,MENU0002,Espresso Shot - Doppio,185.0,1.0,185.0,Synthetic promotion,6.92,0,6.92,178.08,8.9,186.98,21.27,21.27,88.06,88.62
ABNAH Cafe Saket Premium,2026-03-10,BILL-OUT003-260310-0003,Delivery/Takeaway,Online,,,Beverage,Coffee Classics,996331,MENU0005,Americano - Large,235.0,1.0,235.0,Synthetic promotion,11.58,0,11.58,223.42,11.17,234.59,28.91,28.91,87.06,87.68
ABNAH Cafe Saket Premium,2026-03-10,BILL-OUT003-260310-0004,Dine In,Dine In,,,Beverage,Coffee Classics,996331,MENU0007,Latte - Medium,250.0,2.0,500.0,Synthetic promotion,13.46,0,13.46,486.54,24.33,510.87,40.96,81.92,83.16,83.96
ABNAH Cafe Saket Premium,2026-03-10,BILL-OUT003-260310-0005,Dine In,Dine In,,,Beverage,Coffee Classics,996331,MENU0009,Cappuccino - Regular,228.8,1.0,228.8,,0.0,0,0.0,228.8,11.44,240.24,36.17,36.17,84.19,84.94
ABNAH Cafe Saket Premium,2026-03-10,BILL-OUT003-260310-0006,Dine In,Dine In,,,Beverage,Coffee Classics,996331,MENU0011,Cappuccino - Large,276.64,2.0,553.28,,0.0,0,0.0,553.29,27.66,580.95,45.76,91.52,83.46,84.25
ABNAH Cafe Saket Premium,2026-03-10,BILL-OUT003-260310-0007,Dine In,Dine In,,,Beverage,Coffee Classics,996331,MENU0012,Flat White - Regular,235.0,2.0,470.0,Synthetic promotion,11.34,0,11.34,458.66,22.93,481.59,36.17,72.34,84.23,84.98
ABNAH Cafe Saket Premium,2026-03-10,BILL-OUT003-260310-0008,Dine In,Dine In,,,Beverage,Coffee Classics,996331,MENU0013,Flat White - Medium,260.0,2.0,520.0,Synthetic promotion,22.51,0,22.51,497.49,24.87,522.36,40.96,81.92,83.53,84.32
ABNAH Cafe Saket Premium,2026-03-10,BILL-OUT003-260310-0009,Delivery/Takeaway,Online,,,Beverage,Coffee Classics,996331,MENU0014,Flat White - Large,285.0,1.0,285.0,Synthetic promotion,1.44,0,1.44,283.56,14.18,297.74,45.76,45.76,83.86,84.63
ABNAH Cafe Saket Premium,2026-03-10,BILL-OUT003-260310-0010,Dine In,Dine In,,,Beverage,Coffee Classics,996331,MENU0015,Mocha - Regular,245.0,1.0,245.0,Synthetic promotion,7.05,0,7.05,237.95,11.9,249.85,42.67,42.67,82.07,82.92
ABNAH Cafe Saket Premium,2026-03-10,BILL-OUT003-260310-0011,Dine In,Dine In,,,Beverage,Coffee Classics,996331,MENU0016,Mocha - Medium,270.0,2.0,540.0,Synthetic promotion,5.39,0,5.39,534.61,26.73,561.34,48.42,96.84,81.89,82.75
ABNAH Cafe Saket Premium,2026-03-10,BILL-OUT003-260310-0012,Delivery/Takeaway,Online,,,Beverage,Coffee Classics,996331,MENU0017,Mocha - Large,295.0,2.0,590.0,Synthetic promotion,23.0,0,23.0,567.0,28.35,595.35,54.21,108.42,80.88,81.79
ABNAH Cafe Saket Premium,2026-03-10,BILL-OUT003-260310-0013,Delivery/Takeaway,Online,,,Beverage,Signature Coffee,996331,MENU0018,Sea Salt Mocha - Regular,279.52,1.0,279.52,,0.0,0,0.0,279.52,13.98,293.5,42.67,42.67,84.73,85.46
ABNAH Cafe Saket Premium,2026-03-10,BILL-OUT003-260310-0014,Dine In,Dine In,,,Beverage,Signature Coffee,996331,MENU0019,Sea Salt Mocha - Medium,308.83,2.0,617.66,,0.0,0,0.0,617.66,30.88,648.54,48.42,96.84,84.32,85.07
ABNAH Cafe Saket Premium,2026-03-10,BILL-OUT003-260310-0015,Dine In,Dine In,,,Beverage,Signature Coffee,996331,MENU0021,Orange Zest Mocha - Regular,270.04,2.0,540.08,,0.0,0,0.0,540.08,27.0,567.08,42.67,85.34,84.2,84.95
ABNAH Cafe Saket Premium,2026-03-10,BILL-OUT003-260310-0016,Dine In,Dine In,,,Beverage,Signature Coffee,996331,MENU0024,Caramel Macchiato - Regular,266.19,3.0,798.57,,0.0,0,0.0,798.58,39.93,838.51,42.42,127.26,84.06,84.82
ABNAH Cafe Saket Premium,2026-03-10,BILL-OUT003-260310-0017,Dine In,Dine In,,,Beverage,Signature Coffee,996331,MENU0025,Caramel Macchiato - Medium,295.0,1.0,295.0,Synthetic promotion,15.98,0,15.98,279.02,13.95,292.97,48.13,48.13,82.75,83.57
ABNAH Cafe Saket Premium,2026-03-10,BILL-OUT003-260310-0018,Delivery/Takeaway,Online,,,Beverage,Signature Coffee,996331,MENU0026,Caramel Macchiato - Large,329.6,2.0,659.2,Synthetic promotion,0.01,0,0.01,659.19,32.96,692.15,53.88,107.76,83.65,84.43
ABNAH Cafe Saket Premium,2026-03-10,BILL-OUT003-260310-0019,Delivery/Takeaway,Mall Walk-in,,,Beverage,Signature Coffee,996331,MENU0027,French Vanilla Latte - Regular,265.0,2.0,530.0,Synthetic promotion,0.79,0,0.79,529.21,26.46,555.67,42.17,84.34,84.06,84.82
ABNAH Cafe Saket Premium,2026-03-10,BILL-OUT003-260310-0020,Delivery/Takeaway,Online,,,Beverage,Signature Coffee,996331,MENU0028,French Vanilla Latte - Medium,298.74,1.0,298.74,,0.0,0,0.0,298.74,14.94,313.68,47.85,47.85,83.98,84.75
ABNAH Cafe Saket Premium,2026-03-10,BILL-OUT003-260310-0021,Dine In,Dine In,,,Beverage,Cold Brew,996331,MENU0035,Classic Cold Brew - Large,275.0,1.0,275.0,Synthetic promotion,9.39,0,9.39,265.61,13.28,278.89,31.73,31.73,88.05,88.62
ABNAH Cafe Saket Premium,2026-03-10,BILL-OUT003-260310-0022,Delivery/Takeaway,Online,,,Beverage,Cold Brew,996331,MENU0036,Coffee Lemonade - Regular,235.0,1.0,235.0,Synthetic promotion,11.59,0,11.59,223.41,11.17,234.58,29.45,29.45,86.82,87.45
ABNAH Cafe Saket Premium,2026-03-10,BILL-OUT003-260310-0023,Dine In,Dine In,,,Beverage,Cold Brew,996331,MENU0037,Coffee Lemonade - Medium,260.0,1.0,260.0,Synthetic promotion,2.57,0,2.57,257.43,12.87,270.3,33.09,33.09,87.15,87.76
ABNAH Cafe Saket Premium,2026-03-10,BILL-OUT003-260310-0024,Delivery/Takeaway,Mall Walk-in,,,Beverage,Cold Coffee,996331,MENU0042,Classic Cold Coffee - Regular,255.0,1.0,255.0,Synthetic promotion,8.54,0,8.54,246.46,12.32,258.78,38.56,38.56,84.35,85.1
ABNAH Cafe Saket Premium,2026-03-10,BILL-OUT003-260310-0025,Delivery/Takeaway,Online,,,Beverage,Cold Coffee,996331,MENU0043,Classic Cold Coffee - Medium,290.0,2.0,580.0,Synthetic promotion,28.15,0,28.15,551.85,27.59,579.44,43.56,87.12,84.21,84.96
ABNAH Cafe Saket Premium,2026-03-10,BILL-OUT003-260310-0026,Delivery/Takeaway,Online,,,Beverage,Cold Coffee,996331,MENU0044,Classic Cold Coffee - Large,325.0,1.0,325.0,Synthetic promotion,14.9,0,14.9,310.1,15.51,325.61,48.58,48.58,84.33,85.08
ABNAH Cafe Saket Premium,2026-03-10,BILL-OUT003-260310-0027,Delivery/Takeaway,Mall Walk-in,,,Beverage,Cold Coffee,996331,MENU0045,Mocha Cold Coffee - Regular,287.96,1.0,287.96,,0.0,0,0.0,287.96,14.4,302.36,45.06,45.06,84.35,85.1
ABNAH Cafe Saket Premium,2026-03-10,BILL-OUT003-260310-0028,Delivery/Takeaway,Mall Walk-in,,,Beverage,Cold Coffee,996331,MENU0047,Mocha Cold Coffee - Large,355.0,2.0,710.0,Synthetic promotion,18.25,0,18.25,691.75,34.59,726.34,57.03,114.06,83.51,84.3
ABNAH Cafe Saket Premium,2026-03-10,BILL-OUT003-260310-0029,Delivery/Takeaway,Online,,,Beverage,Cold Coffee,996331,MENU0048,Caramel Cold Coffee - Regular,285.0,2.0,570.0,Synthetic promotion,5.32,0,5.32,564.68,28.23,592.91,44.81,89.62,84.13,84.88
ABNAH Cafe Saket Premium,2026-03-10,BILL-OUT003-260310-0030,Dine In,Dine In,Guest 4688,9000004688,Beverage,Tea,996331,MENU0051,Masala Chai Latte - Regular,198.06,1.0,198.06,,0.0,0,0.0,198.06,9.9,207.96,36.17,36.17,81.74,82.61
ABNAH Cafe Saket Premium,2026-03-10,BILL-OUT003-260310-0031,Delivery/Takeaway,Mall Walk-in,,,Beverage,Tea,996331,MENU0054,Himalayan Green Tea,210.09,1.0,210.09,,0.0,0,0.0,210.09,10.5,220.59,8.67,8.67,95.87,96.07
ABNAH Cafe Saket Premium,2026-03-10,BILL-OUT003-260310-0032,Dine In,Dine In,,,Beverage,Tea,996331,MENU0055,Japanese Matcha Latte - Regular,268.93,1.0,268.93,,0.0,0,0.0,268.93,13.45,282.38,36.17,36.17,86.55,87.19
ABNAH Cafe Saket Premium,2026-03-10,BILL-OUT003-260310-0033,Delivery/Takeaway,Online,,,Beverage,Tea,996331,MENU0056,Japanese Matcha Latte - Medium,295.0,1.0,295.0,Synthetic promotion,12.2,0,12.2,282.8,14.14,296.94,40.96,40.96,85.52,86.21
ABNAH Cafe Saket Premium,2026-03-10,BILL-OUT003-260310-0034,Dine In,Dine In,Guest 3765,9000003765,Beverage,Tea,996331,MENU0057,Japanese Matcha Latte - Large,325.0,1.0,325.0,Synthetic promotion,17.97,0,17.97,307.03,15.35,322.38,45.76,45.76,85.1,85.81
ABNAH Cafe Saket Premium,2026-03-10,BILL-OUT003-260310-0035,Delivery/Takeaway,Mall Walk-in,,,Beverage,Iced Tea,996331,MENU0060,Lemon Iced Tea - Large,255.0,1.0,255.0,Synthetic promotion,5.58,0,5.58,249.42,12.47,261.89,17.03,17.03,93.17,93.5
ABNAH Cafe Saket Premium,2026-03-10,BILL-OUT003-260310-0036,Delivery/Takeaway,Online,,,Beverage,Iced Tea,996331,MENU0061,Hibiscus Lime Iced Tea - Regular,225.0,1.0,225.0,Synthetic promotion,6.55,0,6.55,218.45,10.92,229.37,24.09,24.09,88.97,89.5
ABNAH Cafe Saket Premium,2026-03-10,BILL-OUT003-260310-0037,Delivery/Takeaway,Mall Walk-in,,,Food,Wraps,996331,MENU0078,Shredded Chicken Wrap,295.0,1.0,295.0,Synthetic promotion,9.53,0,9.53,285.47,14.27,299.74,70.05,70.05,75.46,76.63
ABNAH Cafe Saket Premium,2026-03-10,BILL-OUT003-260310-0038,Dine In,Dine In,,,Food,Sandwiches,996331,MENU0081,Pepper Chicken Sandwich,315.0,1.0,315.0,Synthetic promotion,14.92,0,14.92,300.08,15.0,315.08,87.66,87.66,70.79,72.18
ABNAH Cafe Saket Premium,2026-03-10,BILL-OUT003-260310-0039,Delivery/Takeaway,Mall Walk-in,Guest 5974,9000005974,Food,Sandwiches,996331,MENU0082,Tandoori Chicken Sandwich,320.0,1.0,320.0,Synthetic promotion,1.04,0,1.04,318.96,15.95,334.91,87.66,87.66,72.52,73.83
ABNAH Cafe Saket Premium,2026-03-10,BILL-OUT003-260310-0040,Delivery/Takeaway,Online,,,Food,Toasts,996331,MENU0083,Chilli Cheese Garlic Toast,235.0,1.0,235.0,Synthetic promotion,4.99,0,4.99,230.01,11.5,241.51,42.14,42.14,81.68,82.55
ABNAH Cafe Saket Premium,2026-03-10,BILL-OUT003-260310-0041,Delivery/Takeaway,Online,,,Food,Platter,996331,MENU0085,Hummus and Pita Platter,310.0,1.0,310.0,Synthetic promotion,1.12,0,1.12,308.88,15.44,324.32,45.45,45.45,85.29,85.99
ABNAH Cafe Saket Premium,2026-03-10,BILL-OUT003-260310-0042,Dine In,Dine In,,,Food,Breakfast,996331,MENU0087,Cream Cheese Bagel,250.0,1.0,250.0,Synthetic promotion,7.12,0,7.12,242.88,12.14,255.02,54.49,54.49,77.57,78.63
ABNAH Cafe Saket Premium,2026-03-10,BILL-OUT003-260310-0043,Delivery/Takeaway,Online,,,Food,Breakfast,996331,MENU0089,Masala Egg Bun,225.0,2.0,450.0,Synthetic promotion,21.07,0,21.07,428.93,21.45,450.38,42.74,85.48,80.07,81.02
ABNAH Cafe Saket Premium,2026-03-10,BILL-OUT003-260310-0044,Dine In,Dine In,,,Food,Snacks,996331,MENU0090,Marinara Cheese Pin Wheels,215.0,1.0,215.0,Synthetic promotion,6.58,0,6.58,208.42,10.42,218.84,38.29,38.29,81.63,82.5
ABNAH Cafe Saket Premium,2026-03-10,BILL-OUT003-260310-0045,Dine In,Dine In,,,Food,Snacks,996331,MENU0091,Pesto Sundried Tomato Pin Wheel,228.79,1.0,228.79,,0.0,0,0.0,228.79,11.44,240.23,42.04,42.04,81.63,82.5
ABNAH Cafe Saket Premium,2026-03-10,BILL-OUT003-260310-0046,Delivery/Takeaway,Mall Walk-in,,,Food,Snacks,996331,MENU0092,Turnover with Brioche Dough Chicken,255.0,1.0,255.0,Synthetic promotion,1.28,0,1.28,253.72,12.69,266.41,87.54,87.54,65.5,67.14
ABNAH Cafe Saket Premium,2026-03-10,BILL-OUT003-260310-0047,Delivery/Takeaway,Online,,,Food,Baked Goods,996331,MENU0094,Butter Croissant,195.0,1.0,195.0,Synthetic promotion,10.71,0,10.71,184.29,9.21,193.5,58.04,58.04,68.51,70.01
ABNAH Cafe Saket Premium,2026-03-10,BILL-OUT003-260310-0048,Delivery/Takeaway,Mall Walk-in,Guest 4919,9000004919,Food,Baked Goods,996331,MENU0096,Chocolate Croissant,235.0,2.0,470.0,Synthetic promotion,17.64,0,17.64,452.36,22.62,474.98,64.54,129.08,71.47,72.82
ABNAH Cafe Saket Premium,2026-03-10,BILL-OUT003-260310-0049,Delivery/Takeaway,Mall Walk-in,,,Dessert,Baked Goods,996331,MENU0100,Banana Walnut Tea Cake,205.0,2.0,410.0,Synthetic promotion,4.69,0,4.69,405.31,20.27,425.58,61.61,123.22,69.6,71.05
ABNAH Cafe Saket Premium,2026-03-10,BILL-OUT003-260310-0050,Delivery/Takeaway,Mall Walk-in,,,Dessert,Desserts,996331,MENU0103,Banoffee Pie,285.0,1.0,285.0,Synthetic promotion,2.13,0,2.13,282.87,14.14,297.01,56.57,56.57,80.0,80.95
ABNAH Cafe Saket Premium,2026-03-10,BILL-OUT003-260310-0051,Delivery/Takeaway,Online,,,Dessert,Desserts,996331,MENU0104,Classic Chocolate Fudge Brownie,195.0,1.0,195.0,Synthetic promotion,11.0,0,11.0,184.0,9.2,193.2,51.02,51.02,72.27,73.59
ABNAH Cafe Saket Premium,2026-03-10,BILL-OUT003-260310-0052,Delivery/Takeaway,Mall Walk-in,,,Dessert,Desserts,996331,MENU0105,Soft-Centred Caramel Cookie,180.0,1.0,180.0,Synthetic promotion,4.51,0,4.51,175.49,8.77,184.26,46.02,46.02,73.78,75.02
ABNAH Cafe Saket Premium,2026-03-10,BILL-OUT003-260310-0053,Delivery/Takeaway,Online,,,Dessert,Desserts,996331,MENU0106,Death by Chocolate Cookie,192.81,1.0,192.81,,0.0,0,0.0,192.81,9.64,202.45,47.52,47.52,75.35,76.53
ABNAH Cafe Saket Premium,2026-03-10,BILL-OUT003-260310-0054,Dine In,Dine In,Guest 1034,9000001034,Dessert,Desserts,996331,MENU0107,Jaggery Parmesan Cookie,170.0,1.0,170.0,Synthetic promotion,3.08,0,3.08,166.92,8.35,175.27,41.02,41.02,75.43,76.6
ABNAH Cafe Saket Premium,2026-03-11,BILL-OUT003-260311-0001,Dine In,Dine In,,,Beverage,Espresso,996331,MENU0001,Espresso Shot - Solo,147.55,1.0,147.55,,0.0,0,0.0,147.55,7.38,154.93,13.63,13.63,90.76,91.2
ABNAH Cafe Saket Premium,2026-03-11,BILL-OUT003-260311-0002,Delivery/Takeaway,Mall Walk-in,Guest 8750,9000008750,Beverage,Coffee Classics,996331,MENU0003,Americano - Regular,185.0,2.0,370.0,Synthetic promotion,4.52,0,4.52,365.48,18.27,383.75,23.21,46.42,87.3,87.9
ABNAH Cafe Saket Premium,2026-03-11,BILL-OUT003-260311-0003,Dine In,Dine In,Guest 5872,9000005872,Beverage,Coffee Classics,996331,MENU0005,Americano - Large,235.0,1.0,235.0,Synthetic promotion,6.24,0,6.24,228.76,11.44,240.2,28.91,28.91,87.36,87.96
ABNAH Cafe Saket Premium,2026-03-11,BILL-OUT003-260311-0004,Delivery/Takeaway,Online,,,Beverage,Coffee Classics,996331,MENU0007,Latte - Medium,250.0,2.0,500.0,Synthetic promotion,29.59,0,29.59,470.41,23.52,493.93,40.96,81.92,82.59,83.41
ABNAH Cafe Saket Premium,2026-03-11,BILL-OUT003-260311-0005,Delivery/Takeaway,Mall Walk-in,,,Beverage,Coffee Classics,996331,MENU0009,Cappuccino - Regular,225.0,2.0,450.0,Synthetic promotion,23.95,0,23.95,426.05,21.3,447.35,36.17,72.34,83.02,83.83
ABNAH Cafe Saket Premium,2026-03-11,BILL-OUT003-260311-0006,Delivery/Takeaway,Mall Walk-in,,,Beverage,Coffee Classics,996331,MENU0010,Cappuccino - Medium,250.0,1.0,250.0,Synthetic promotion,10.11,0,10.11,239.89,11.99,251.88,40.96,40.96,82.93,83.74
ABNAH Cafe Saket Premium,2026-03-11,BILL-OUT003-260311-0007,Delivery/Takeaway,Online,,,Beverage,Coffee Classics,996331,MENU0011,Cappuccino - Large,275.0,1.0,275.0,Synthetic promotion,11.25,0,11.25,263.75,13.19,276.94,45.76,45.76,82.65,83.48
ABNAH Cafe Saket Premium,2026-03-11,BILL-OUT003-260311-0008,Dine In,Dine In,,,Beverage,Coffee Classics,996331,MENU0013,Flat White - Medium,264.08,1.0,264.08,,0.0,0,0.0,264.08,13.2,277.28,40.96,40.96,84.49,85.23
ABNAH Cafe Saket Premium,2026-03-11,BILL-OUT003-260311-0009,Delivery/Takeaway,Mall Walk-in,,,Beverage,Coffee Classics,996331,MENU0014,Flat White - Large,285.0,1.0,285.0,Synthetic promotion,12.83,0,12.83,272.17,13.61,285.78,45.76,45.76,83.19,83.99
ABNAH Cafe Saket Premium,2026-03-11,BILL-OUT003-260311-0010,Delivery/Takeaway,Mall Walk-in,,,Beverage,Coffee Classics,996331,MENU0015,Mocha - Regular,246.41,2.0,492.82,Synthetic promotion,0.01,0,0.01,492.81,24.64,517.45,42.67,85.34,82.68,83.51
ABNAH Cafe Saket Premium,2026-03-11,BILL-OUT003-260311-0011,Delivery/Takeaway,Mall Walk-in,,,Beverage,Coffee Classics,996331,MENU0016,Mocha - Medium,270.0,3.0,810.0,Synthetic promotion,25.1,0,25.1,784.9,39.24,824.14,48.42,145.26,81.49,82.37
ABNAH Cafe Saket Premium,2026-03-11,BILL-OUT003-260311-0012,Delivery/Takeaway,Mall Walk-in,,,Beverage,Signature Coffee,996331,MENU0018,Sea Salt Mocha - Regular,275.0,1.0,275.0,Synthetic promotion,10.74,0,10.74,264.26,13.21,277.47,42.67,42.67,83.85,84.62
ABNAH Cafe Saket Premium,2026-03-11,BILL-OUT003-260311-0013,Delivery/Takeaway,Mall Walk-in,Guest 6398,9000006398,Beverage,Signature Coffee,996331,MENU0019,Sea Salt Mocha - Medium,305.0,1.0,305.0,Synthetic promotion,1.35,0,1.35,303.65,15.18,318.83,48.42,48.42,84.05,84.81
ABNAH Cafe Saket Premium,2026-03-11,BILL-OUT003-260311-0014,Delivery/Takeaway,Mall Walk-in,,,Beverage,Signature Coffee,996331,MENU0020,Sea Salt Mocha - Large,335.0,1.0,335.0,Synthetic promotion,18.03,0,18.03,316.97,15.85,332.82,54.21,54.21,82.9,83.71
ABNAH Cafe Saket Premium,2026-03-11,BILL-OUT003-260311-0015,Delivery/Takeaway,Mall Walk-in,Guest 6923,9000006923,Beverage,Signature Coffee,996331,MENU0021,Orange Zest Mocha - Regular,274.23,1.0,274.23,,0.0,0,0.0,274.23,13.71,287.94,42.67,42.67,84.44,85.18
ABNAH Cafe Saket Premium,2026-03-11,BILL-OUT003-260311-0016,Delivery/Takeaway,Online,Guest 8980,9000008980,Beverage,Signature Coffee,996331,MENU0024,Caramel Macchiato - Regular,265.0,2.0,530.0,Synthetic promotion,7.77,0,7.77,522.23,26.11,548.34,42.42,84.84,83.75,84.53
ABNAH Cafe Saket Premium,2026-03-11,BILL-OUT003-260311-0017,Dine In,Dine In,Guest 6603,9000006603,Beverage,Signature Coffee,996331,MENU0025,Caramel Macchiato - Medium,295.0,1.0,295.0,Synthetic promotion,14.02,0,14.02,280.98,14.05,295.03,48.13,48.13,82.87,83.69
ABNAH Cafe Saket Premium,2026-03-11,BILL-OUT003-260311-0018,Dine In,Dine In,,,Beverage,Signature Coffee,996331,MENU0027,French Vanilla Latte - Regular,265.0,1.0,265.0,Synthetic promotion,6.49,0,6.49,258.51,12.93,271.44,42.17,42.17,83.69,84.46
ABNAH Cafe Saket Premium,2026-03-11,BILL-OUT003-260311-0019,Delivery/Takeaway,Online,,,Beverage,Signature Coffee,996331,MENU0028,French Vanilla Latte - Medium,296.58,1.0,296.58,,0.0,0,0.0,296.58,14.83,311.41,47.85,47.85,83.87,84.63
ABNAH Cafe Saket Premium,2026-03-11,BILL-OUT003-260311-0020,Dine In,Dine In,,,Beverage,Signature Coffee,996331,MENU0030,Vegan Iced Latte - Regular,285.0,1.0,285.0,Synthetic promotion,16.43,0,16.43,268.57,13.43,282.0,58.9,58.9,78.07,79.11
ABNAH Cafe Saket Premium,2026-03-11,BILL-OUT003-260311-0021,Delivery/Takeaway,Online,,,Beverage,Signature Coffee,996331,MENU0031,Vegan Iced Latte - Medium,310.0,1.0,310.0,Synthetic promotion,5.33,0,5.33,304.67,15.23,319.9,66.95,66.95,78.03,79.07
ABNAH Cafe Saket Premium,2026-03-11,BILL-OUT003-260311-0022,Delivery/Takeaway,Online,,,Beverage,Cold Brew,996331,MENU0033,Classic Cold Brew - Regular,225.0,1.0,225.0,Synthetic promotion,8.55,0,8.55,216.45,10.82,227.27,25.6,25.6,88.17,88.74
ABNAH Cafe Saket Premium,2026-03-11,BILL-OUT003-260311-0023,Dine In,Dine In,,,Beverage,Cold Brew,996331,MENU0035,Classic Cold Brew - Large,278.46,1.0,278.46,,0.0,0,0.0,278.46,13.92,292.38,31.73,31.73,88.61,89.15
ABNAH Cafe Saket Premium,2026-03-11,BILL-OUT003-260311-0024,Dine In,Dine In,Guest 1816,9000001816,Beverage,Cold Brew,996331,MENU0036,Coffee Lemonade - Regular,235.0,1.0,235.0,Synthetic promotion,1.18,0,1.18,233.82,11.69,245.51,29.45,29.45,87.4,88.0
ABNAH Cafe Saket Premium,2026-03-11,BILL-OUT003-260311-0025,Delivery/Takeaway,Online,,,Beverage,Cold Brew,996331,MENU0037,Coffee Lemonade - Medium,261.71,1.0,261.71,,0.0,0,0.0,261.71,13.09,274.8,33.09,33.09,87.36,87.96
ABNAH Cafe Saket Premium,2026-03-11,BILL-OUT003-260311-0026,Dine In,Dine In,,,Beverage,Cold Brew,996331,MENU0039,Vietnamese Shakerato - Regular,255.0,2.0,510.0,Synthetic promotion,22.62,0,22.62,487.38,24.37,511.75,25.6,51.2,89.49,90.0
ABNAH Cafe Saket Premium,2026-03-11,BILL-OUT003-260311-0027,Delivery/Takeaway,Mall Walk-in,Guest 5212,9000005212,Beverage,Cold Brew,996331,MENU0040,Vietnamese Shakerato - Medium,280.0,1.0,280.0,Synthetic promotion,12.57,0,12.57,267.43,13.37,280.8,28.66,28.66,89.28,89.79
ABNAH Cafe Saket Premium,2026-03-11,BILL-OUT003-260311-0028,Dine In,Dine In,,,Beverage,Cold Brew,996331,MENU0041,Vietnamese Shakerato - Large,305.0,1.0,305.0,Synthetic promotion,6.12,0,6.12,298.88,14.94,313.82,31.73,31.73,89.38,89.89
ABNAH Cafe Saket Premium,2026-03-11,BILL-OUT003-260311-0029,Delivery/Takeaway,Online,,,Beverage,Cold Coffee,996331,MENU0042,Classic Cold Coffee - Regular,255.0,1.0,255.0,Synthetic promotion,3.59,0,3.59,251.41,12.57,263.98,38.56,38.56,84.66,85.39
ABNAH Cafe Saket Premium,2026-03-11,BILL-OUT003-260311-0030,Delivery/Takeaway,Mall Walk-in,,,Beverage,Cold Coffee,996331,MENU0043,Classic Cold Coffee - Medium,290.0,1.0,290.0,Synthetic promotion,7.94,0,7.94,282.06,14.1,296.16,43.56,43.56,84.56,85.29
ABNAH Cafe Saket Premium,2026-03-11,BILL-OUT003-260311-0031,Delivery/Takeaway,Mall Walk-in,,,Beverage,Cold Coffee,996331,MENU0044,Classic Cold Coffee - Large,325.0,1.0,325.0,Synthetic promotion,4.88,0,4.88,320.12,16.01,336.13,48.58,48.58,84.82,85.55
ABNAH Cafe Saket Premium,2026-03-11,BILL-OUT003-260311-0032,Delivery/Takeaway,Mall Walk-in,,,Beverage,Cold Coffee,996331,MENU0049,Caramel Cold Coffee - Medium,320.0,2.0,640.0,Synthetic promotion,27.09,0,27.09,612.91,30.65,643.56,50.74,101.48,83.44,84.23
ABNAH Cafe Saket Premium,2026-03-11,BILL-OUT003-260311-0033,Dine In,Dine In,Guest 5873,9000005873,Beverage,Tea,996331,MENU0052,Masala Chai Latte - Medium,221.05,1.0,221.05,,0.0,0,0.0,221.05,11.05,232.1,40.96,40.96,81.47,82.35
ABNAH Cafe Saket Premium,2026-03-11,BILL-OUT003-260311-0034,Dine In,Dine In,,,Beverage,Tea,996331,MENU0053,Masala Chai Latte - Large,245.0,4.0,980.0,Synthetic promotion,53.55,0,53.55,926.45,46.32,972.77,45.76,183.04,80.24,81.18
ABNAH Cafe Saket Premium,2026-03-11,BILL-OUT003-260311-0035,Delivery/Takeaway,Online,,,Beverage,Tea,996331,MENU0056,Japanese Matcha Latte - Medium,300.22,2.0,600.44,,0.0,0,0.0,600.44,30.02,630.46,40.96,81.92,86.36,87.01
ABNAH Cafe Saket Premium,2026-03-11,BILL-OUT003-260311-0036,Delivery/Takeaway,Mall Walk-in,,,Beverage,Iced Tea,996331,MENU0058,Lemon Iced Tea - Regular,205.0,1.0,205.0,Synthetic promotion,5.27,0,5.27,199.73,9.99,209.72,14.29,14.29,92.85,93.19
ABNAH Cafe Saket Premium,2026-03-11,BILL-OUT003-260311-0037,Delivery/Takeaway,Mall Walk-in,,,Beverage,Kids Beverage,996331,MENU0064,Hot Chocolate - Regular,220.0,1.0,220.0,Synthetic promotion,8.89,0,8.89,211.11,10.56,221.67,35.57,35.57,83.15,83.95
ABNAH Cafe Saket Premium,2026-03-11,BILL-OUT003-260311-0038,Dine In,Dine In,Guest 2207,9000002207,Beverage,Shake,996331,MENU0069,Choco Chip Shake - Medium,330.0,1.0,330.0,Synthetic promotion,3.02,0,3.02,326.98,16.35,343.33,38.42,38.42,88.25,88.81
ABNAH Cafe Saket Premium,2026-03-11,BILL-OUT003-260311-0039,Delivery/Takeaway,Online,,,Beverage,Shake,996331,MENU0071,Mixed Berry Shake - Regular,315.0,1.0,315.0,Synthetic promotion,16.64,0,16.64,298.36,14.92,313.28,61.21,61.21,79.48,80.46
ABNAH Cafe Saket Premium,2026-03-11,BILL-OUT003-260311-0040,Dine In,Dine In,Guest 2655,9000002655,Beverage,Shake,996331,MENU0072,Mixed Berry Shake - Medium,350.0,2.0,700.0,Synthetic promotion,11.62,0,11.62,688.38,34.42,722.8,69.6,139.2,79.78,80.74
ABNAH Cafe Saket Premium,2026-03-11,BILL-OUT003-260311-0041,Dine In,Dine In,,,Food,Sandwiches,996331,MENU0080,Pesto Veg Sandwich,281.32,1.0,281.32,,0.0,0,0.0,281.32,14.07,295.39,91.86,91.86,67.35,68.9
ABNAH Cafe Saket Premium,2026-03-11,BILL-OUT003-260311-0042,Dine In,Dine In,,,Food,Sandwiches,996331,MENU0081,Pepper Chicken Sandwich,315.0,3.0,945.0,Synthetic promotion,28.26,0,28.26,916.74,45.84,962.58,87.66,262.98,71.31,72.68
ABNAH Cafe Saket Premium,2026-03-11,BILL-OUT003-260311-0043,Delivery/Takeaway,Mall Walk-in,,,Food,Sandwiches,996331,MENU0082,Tandoori Chicken Sandwich,322.45,2.0,644.9,,0.0,0,0.0,644.91,32.25,677.16,87.66,175.32,72.81,74.11
ABNAH Cafe Saket Premium,2026-03-11,BILL-OUT003-260311-0044,Delivery/Takeaway,Mall Walk-in,,,Food,Breakfast,996331,MENU0086,Breakfast Pancakes,285.0,2.0,570.0,Synthetic promotion,32.07,0,32.07,537.93,26.9,564.83,66.89,133.78,75.13,76.31
ABNAH Cafe Saket Premium,2026-03-11,BILL-OUT003-260311-0045,Dine In,Dine In,,,Food,Breakfast,996331,MENU0087,Cream Cheese Bagel,250.0,1.0,250.0,Synthetic promotion,4.95,0,4.95,245.05,12.25,257.3,54.49,54.49,77.76,78.82
ABNAH Cafe Saket Premium,2026-03-11,BILL-OUT003-260311-0046,Delivery/Takeaway,Online,,,Food,Breakfast,996331,MENU0089,Masala Egg Bun,225.0,1.0,225.0,Synthetic promotion,10.19,0,10.19,214.81,10.74,225.55,42.74,42.74,80.1,81.05
ABNAH Cafe Saket Premium,2026-03-11,BILL-OUT003-260311-0047,Delivery/Takeaway,Online,,,Food,Snacks,996331,MENU0090,Marinara Cheese Pin Wheels,219.22,1.0,219.22,,0.0,0,0.0,219.22,10.96,230.18,38.29,38.29,82.53,83.37
ABNAH Cafe Saket Premium,2026-03-11,BILL-OUT003-260311-0048,Delivery/Takeaway,Online,,,Food,Snacks,996331,MENU0092,Turnover with Brioche Dough Chicken,258.67,1.0,258.67,,0.0,0,0.0,258.67,12.93,271.6,87.54,87.54,66.16,67.77
ABNAH Cafe Saket Premium,2026-03-11,BILL-OUT003-260311-0049,Delivery/Takeaway,Mall Walk-in,,,Food,Baked Goods,996331,MENU0096,Chocolate Croissant,237.62,1.0,237.62,,0.0,0,0.0,237.62,11.88,249.5,64.54,64.54,72.84,74.13
ABNAH Cafe Saket Premium,2026-03-11,BILL-OUT003-260311-0050,Delivery/Takeaway,Mall Walk-in,,,Food,Baked Goods,996331,MENU0097,Mushroom Cheese Croissant,259.56,2.0,519.12,,0.0,0,0.0,519.13,25.96,545.09,74.84,149.68,71.17,72.54
ABNAH Cafe Saket Premium,2026-03-11,BILL-OUT003-260311-0051,Dine In,Dine In,,,Food,Baked Goods,996331,MENU0098,Sriracha Chicken Croissant,275.0,2.0,550.0,Synthetic promotion,9.71,0,9.71,540.29,27.01,567.3,81.14,162.28,69.96,71.39
ABNAH Cafe Saket Premium,2026-03-11,BILL-OUT003-260311-0052,Dine In,Dine In,Guest 8399,9000008399,Dessert,Desserts,996331,MENU0102,Double Chocolate Truffle Cake,298.52,1.0,298.52,,0.0,0,0.0,298.52,14.93,313.45,63.07,63.07,78.87,79.88
ABNAH Cafe Saket Premium,2026-03-11,BILL-OUT003-260311-0053,Delivery/Takeaway,Online,,,Dessert,Desserts,996331,MENU0103,Banoffee Pie,288.91,1.0,288.91,,0.0,0,0.0,288.91,14.45,303.36,56.57,56.57,80.42,81.35
ABNAH Cafe Saket Premium,2026-03-11,BILL-OUT003-260311-0054,Delivery/Takeaway,Mall Walk-in,,,Dessert,Desserts,996331,MENU0104,Classic Chocolate Fudge Brownie,195.0,1.0,195.0,Synthetic promotion,9.28,0,9.28,185.72,9.29,195.01,51.02,51.02,72.53,73.84
ABNAH Cafe Saket Premium,2026-03-11,BILL-OUT003-260311-0055,Dine In,Dine In,,,Dessert,Desserts,996331,MENU0105,Soft-Centred Caramel Cookie,180.0,1.0,180.0,Synthetic promotion,4.17,0,4.17,175.83,8.79,184.62,46.02,46.02,73.83,75.07
ABNAH Cafe Saket Premium,2026-03-11,BILL-OUT003-260311-0056,Delivery/Takeaway,Online,,,Dessert,Desserts,996331,MENU0106,Death by Chocolate Cookie,190.0,2.0,380.0,Synthetic promotion,17.12,0,17.12,362.88,18.14,381.02,47.52,95.04,73.81,75.06
ABNAH Cafe Saket Premium,2026-03-11,BILL-OUT003-260311-0057,Delivery/Takeaway,Mall Walk-in,Guest 2544,9000002544,Dessert,Desserts,996331,MENU0107,Jaggery Parmesan Cookie,170.0,2.0,340.0,Synthetic promotion,14.06,0,14.06,325.94,16.3,342.24,41.02,82.04,74.83,76.03
ABNAH Cafe Saket Premium,2026-03-11,BILL-OUT003-260311-0058,Delivery/Takeaway,Mall Walk-in,,,Dessert,Desserts,996331,MENU0108,Apple Pie,270.0,3.0,810.0,Synthetic promotion,41.13,0,41.13,768.87,38.44,807.31,56.57,169.71,77.93,78.98
ABNAH Cafe Saket Premium,2026-03-12,BILL-OUT003-260312-0001,Dine In,Dine In,,,Beverage,Coffee Classics,996331,MENU0003,Americano - Regular,185.0,3.0,555.0,Synthetic promotion,1.15,0,1.15,553.85,27.69,581.54,23.21,69.63,87.43,88.03
ABNAH Cafe Saket Premium,2026-03-12,BILL-OUT003-260312-0002,Dine In,Dine In,,,Beverage,Coffee Classics,996331,MENU0004,Americano - Medium,213.24,3.0,639.72,,0.0,0,0.0,639.73,31.99,671.72,26.05,78.15,87.78,88.37
ABNAH Cafe Saket Premium,2026-03-12,BILL-OUT003-260312-0003,Delivery/Takeaway,Mall Walk-in,,,Beverage,Coffee Classics,996331,MENU0005,Americano - Large,235.0,3.0,705.0,Synthetic promotion,29.85,0,29.85,675.15,33.76,708.91,28.91,86.73,87.15,87.77
ABNAH Cafe Saket Premium,2026-03-12,BILL-OUT003-260312-0004,Delivery/Takeaway,Online,Guest 7614,9000007614,Beverage,Coffee Classics,996331,MENU0006,Latte - Regular,225.0,2.0,450.0,Synthetic promotion,6.6,0,6.6,443.4,22.17,465.57,36.17,72.34,83.69,84.46
ABNAH Cafe Saket Premium,2026-03-12,BILL-OUT003-260312-0005,Delivery/Takeaway,Mall Walk-in,,,Beverage,Coffee Classics,996331,MENU0007,Latte - Medium,250.0,1.0,250.0,Synthetic promotion,4.19,0,4.19,245.81,12.29,258.1,40.96,40.96,83.34,84.13
ABNAH Cafe Saket Premium,2026-03-12,BILL-OUT003-260312-0006,Delivery/Takeaway,Mall Walk-in,,,Beverage,Coffee Classics,996331,MENU0008,Latte - Large,280.03,1.0,280.03,,0.0,0,0.0,280.03,14.0,294.03,45.76,45.76,83.66,84.44
ABNAH Cafe Saket Premium,2026-03-12,BILL-OUT003-260312-0007,Delivery/Takeaway,Mall Walk-in,,,Beverage,Coffee Classics,996331,MENU0009,Cappuccino - Regular,225.0,3.0,675.0,Synthetic promotion,38.46,0,38.46,636.54,31.83,668.37,36.17,108.51,82.95,83.76
ABNAH Cafe Saket Premium,2026-03-12,BILL-OUT003-260312-0008,Delivery/Takeaway,Online,,,Beverage,Coffee Classics,996331,MENU0010,Cappuccino - Medium,250.0,1.0,250.0,Synthetic promotion,1.5,0,1.5,248.5,12.43,260.93,40.96,40.96,83.52,84.3
ABNAH Cafe Saket Premium,2026-03-12,BILL-OUT003-260312-0009,Delivery/Takeaway,Online,,,Beverage,Coffee Classics,996331,MENU0011,Cappuccino - Large,279.36,2.0,558.72,,0.0,0,0.0,558.72,27.94,586.66,45.76,91.52,83.62,84.4
ABNAH Cafe Saket Premium,2026-03-12,BILL-OUT003-260312-0010,Delivery/Takeaway,Mall Walk-in,Guest 7473,9000007473,Beverage,Coffee Classics,996331,MENU0013,Flat White - Medium,260.0,2.0,520.0,Synthetic promotion,4.35,0,4.35,515.65,25.78,541.43,40.96,81.92,84.11,84.87
ABNAH Cafe Saket Premium,2026-03-12,BILL-OUT003-260312-0011,Delivery/Takeaway,Online,,,Beverage,Coffee Classics,996331,MENU0014,Flat White - Large,287.57,2.0,575.14,,0.0,0,0.0,575.14,28.76,603.9,45.76,91.52,84.09,84.85
ABNAH Cafe Saket Premium,2026-03-12,BILL-OUT003-260312-0012,Delivery/Takeaway,Online,,,Beverage,Coffee Classics,996331,MENU0015,Mocha - Regular,245.0,2.0,490.0,Synthetic promotion,9.07,0,9.07,480.93,24.05,504.98,42.67,85.34,82.26,83.1
ABNAH Cafe Saket Premium,2026-03-12,BILL-OUT003-260312-0013,Dine In,Dine In,,,Beverage,Coffee Classics,996331,MENU0016,Mocha - Medium,270.0,1.0,270.0,Synthetic promotion,7.72,0,7.72,262.28,13.11,275.39,48.42,48.42,81.54,82.42
ABNAH Cafe Saket Premium,2026-03-12,BILL-OUT003-260312-0014,Dine In,Dine In,,,Beverage,Coffee Classics,996331,MENU0017,Mocha - Large,295.0,1.0,295.0,Synthetic promotion,1.36,0,1.36,293.64,14.68,308.32,54.21,54.21,81.54,82.42
ABNAH Cafe Saket Premium,2026-03-12,BILL-OUT003-260312-0015,Dine In,Dine In,Guest 8909,9000008909,Beverage,Signature Coffee,996331,MENU0019,Sea Salt Mocha - Medium,305.0,2.0,610.0,Synthetic promotion,36.01,0,36.01,573.99,28.7,602.69,48.42,96.84,83.13,83.93
ABNAH Cafe Saket Premium,2026-03-12,BILL-OUT003-260312-0016,Delivery/Takeaway,Online,,,Beverage,Signature Coffee,996331,MENU0020,Sea Salt Mocha - Large,335.0,1.0,335.0,Synthetic promotion,10.67,0,10.67,324.33,16.22,340.55,54.21,54.21,83.29,84.08
ABNAH Cafe Saket Premium,2026-03-12,BILL-OUT003-260312-0017,Delivery/Takeaway,Mall Walk-in,,,Beverage,Signature Coffee,996331,MENU0021,Orange Zest Mocha - Regular,270.0,1.0,270.0,Synthetic promotion,10.33,0,10.33,259.67,12.98,272.65,42.67,42.67,83.57,84.35
ABNAH Cafe Saket Premium,2026-03-12,BILL-OUT003-260312-0018,Delivery/Takeaway,Online,,,Beverage,Signature Coffee,996331,MENU0022,Orange Zest Mocha - Medium,300.0,2.0,600.0,Synthetic promotion,26.54,0,26.54,573.46,28.67,602.13,48.42,96.84,83.11,83.92
ABNAH Cafe Saket Premium,2026-03-12,BILL-OUT003-260312-0019,Dine In,Dine In,,,Beverage,Signature Coffee,996331,MENU0024,Caramel Macchiato - Regular,265.62,1.0,265.62,,0.0,0,0.0,265.62,13.28,278.9,42.42,42.42,84.03,84.79
ABNAH Cafe Saket Premium,2026-03-12,BILL-OUT003-260312-0020,Delivery/Takeaway,Mall Walk-in,Guest 8060,9000008060,Beverage,Signature Coffee,996331,MENU0025,Caramel Macchiato - Medium,295.0,1.0,295.0,Synthetic promotion,5.37,0,5.37,289.63,14.48,304.11,48.13,48.13,83.38,84.17
ABNAH Cafe Saket Premium,2026-03-12,BILL-OUT003-260312-0021,Delivery/Takeaway,Online,,,Beverage,Signature Coffee,996331,MENU0026,Caramel Macchiato - Large,325.0,1.0,325.0,Synthetic promotion,15.89,0,15.89,309.11,15.46,324.57,53.88,53.88,82.57,83.4
ABNAH Cafe Saket Premium,2026-03-12,BILL-OUT003-260312-0022,Dine In,Dine In,,,Beverage,Signature Coffee,996331,MENU0027,French Vanilla Latte - Regular,265.0,1.0,265.0,Synthetic promotion,3.26,0,3.26,261.74,13.09,274.83,42.17,42.17,83.89,84.66
ABNAH Cafe Saket Premium,2026-03-12,BILL-OUT003-260312-0023,Dine In,Dine In,,,Beverage,Signature Coffee,996331,MENU0028,French Vanilla Latte - Medium,295.0,1.0,295.0,Synthetic promotion,2.45,0,2.45,292.55,14.63,307.18,47.85,47.85,83.64,84.42
ABNAH Cafe Saket Premium,2026-03-12,BILL-OUT003-260312-0024,Delivery/Takeaway,Mall Walk-in,,,Beverage,Signature Coffee,996331,MENU0031,Vegan Iced Latte - Medium,310.0,2.0,620.0,Synthetic promotion,19.57,0,19.57,600.43,30.02,630.45,66.95,133.9,77.7,78.76
ABNAH Cafe Saket Premium,2026-03-12,BILL-OUT003-260312-0025,Delivery/Takeaway,Online,,,Beverage,Cold Brew,996331,MENU0033,Classic Cold Brew - Regular,225.0,1.0,225.0,Synthetic promotion,4.97,0,4.97,220.03,11.0,231.03,25.6,25.6,88.37,88.92
ABNAH Cafe Saket Premium,2026-03-12,BILL-OUT003-260312-0026,Dine In,Dine In,,,Beverage,Cold Brew,996331,MENU0037,Coffee Lemonade - Medium,260.99,1.0,260.99,,0.0,0,0.0,260.99,13.05,274.04,33.09,33.09,87.32,87.93
ABNAH Cafe Saket Premium,2026-03-12,BILL-OUT003-260312-0027,Dine In,Dine In,,,Beverage,Cold Brew,996331,MENU0038,Coffee Lemonade - Large,285.0,1.0,285.0,Synthetic promotion,7.11,0,7.11,277.89,13.89,291.78,36.73,36.73,86.78,87.41
ABNAH Cafe Saket Premium,2026-03-12,BILL-OUT003-260312-0028,Delivery/Takeaway,Online,Guest 5930,9000005930,Beverage,Cold Brew,996331,MENU0039,Vietnamese Shakerato - Regular,255.0,1.0,255.0,Synthetic promotion,9.62,0,9.62,245.38,12.27,257.65,25.6,25.6,89.57,90.06
ABNAH Cafe Saket Premium,2026-03-12,BILL-OUT003-260312-0029,Delivery/Takeaway,Online,Guest 8239,9000008239,Beverage,Cold Coffee,996331,MENU0043,Classic Cold Coffee - Medium,295.41,2.0,590.82,,0.0,0,0.0,590.82,29.54,620.36,43.56,87.12,85.25,85.96
ABNAH Cafe Saket Premium,2026-03-12,BILL-OUT003-260312-0030,Delivery/Takeaway,Mall Walk-in,,,Beverage,Cold Coffee,996331,MENU0045,Mocha Cold Coffee - Regular,285.0,1.0,285.0,Synthetic promotion,14.09,0,14.09,270.91,13.55,284.46,45.06,45.06,83.37,84.16
ABNAH Cafe Saket Premium,2026-03-12,BILL-OUT003-260312-0031,Delivery/Takeaway,Mall Walk-in,Guest 5368,9000005368,Beverage,Cold Coffee,996331,MENU0048,Caramel Cold Coffee - Regular,285.0,2.0,570.0,Synthetic promotion,15.2,0,15.2,554.8,27.74,582.54,44.81,89.62,83.85,84.62
ABNAH Cafe Saket Premium,2026-03-12,BILL-OUT003-260312-0032,Delivery/Takeaway,Online,,,Beverage,Cold Coffee,996331,MENU0049,Caramel Cold Coffee - Medium,320.0,1.0,320.0,Synthetic promotion,0.16,0,0.16,319.84,15.99,335.83,50.74,50.74,84.14,84.89
ABNAH Cafe Saket Premium,2026-03-12,BILL-OUT003-260312-0033,Dine In,Dine In,,,Beverage,Tea,996331,MENU0051,Masala Chai Latte - Regular,195.0,2.0,390.0,Synthetic promotion,11.54,0,11.54,378.46,18.92,397.38,36.17,72.34,80.89,81.8
ABNAH Cafe Saket Premium,2026-03-12,BILL-OUT003-260312-0034,Dine In,Dine In,,,Beverage,Tea,996331,MENU0053,Masala Chai Latte - Large,245.0,1.0,245.0,Synthetic promotion,5.04,0,5.04,239.96,12.0,251.96,45.76,45.76,80.93,81.84
ABNAH Cafe Saket Premium,2026-03-12,BILL-OUT003-260312-0035,Delivery/Takeaway,Mall Walk-in,,,Beverage,Tea,996331,MENU0054,Himalayan Green Tea,210.0,1.0,210.0,Synthetic promotion,2.63,0,2.63,207.37,10.37,217.74,8.67,8.67,95.82,96.02
ABNAH Cafe Saket Premium,2026-03-12,BILL-OUT003-260312-0036,Delivery/Takeaway,Mall Walk-in,Guest 7342,9000007342,Beverage,Tea,996331,MENU0055,Japanese Matcha Latte - Regular,265.0,1.0,265.0,Synthetic promotion,6.54,0,6.54,258.46,12.92,271.38,36.17,36.17,86.01,86.67
ABNAH Cafe Saket Premium,2026-03-12,BILL-OUT003-260312-0037,Dine In,Dine In,,,Beverage,Tea,996331,MENU0056,Japanese Matcha Latte - Medium,295.0,1.0,295.0,Synthetic promotion,11.32,0,11.32,283.68,14.18,297.86,40.96,40.96,85.56,86.25
ABNAH Cafe Saket Premium,2026-03-12,BILL-OUT003-260312-0038,Dine In,Dine In,,,Beverage,Tea,996331,MENU0057,Japanese Matcha Latte - Large,325.0,2.0,650.0,Synthetic promotion,16.38,0,16.38,633.62,31.68,665.3,45.76,91.52,85.56,86.24
ABNAH Cafe Saket Premium,2026-03-12,BILL-OUT003-260312-0039,Delivery/Takeaway,Mall Walk-in,,,Beverage,Iced Tea,996331,MENU0058,Lemon Iced Tea - Regular,205.0,1.0,205.0,Synthetic promotion,4.42,0,4.42,200.58,10.03,210.61,14.29,14.29,92.88,93.21
ABNAH Cafe Saket Premium,2026-03-12,BILL-OUT003-260312-0040,Delivery/Takeaway,Online,,,Beverage,Iced Tea,996331,MENU0061,Hibiscus Lime Iced Tea - Regular,225.0,1.0,225.0,Synthetic promotion,1.67,0,1.67,223.33,11.17,234.5,24.09,24.09,89.21,89.73
ABNAH Cafe Saket Premium,2026-03-12,BILL-OUT003-260312-0041,Delivery/Takeaway,Mall Walk-in,,,Beverage,Iced Tea,996331,MENU0063,Hibiscus Lime Iced Tea - Large,275.0,1.0,275.0,Synthetic promotion,10.43,0,10.43,264.57,13.23,277.8,29.77,29.77,88.75,89.28
ABNAH Cafe Saket Premium,2026-03-12,BILL-OUT003-260312-0042,Dine In,Dine In,,,Beverage,Kids Beverage,996331,MENU0064,Hot Chocolate - Regular,220.0,2.0,440.0,Synthetic promotion,7.6,0,7.6,432.4,21.62,454.02,35.57,71.14,83.55,84.33
ABNAH Cafe Saket Premium,2026-03-12,BILL-OUT003-260312-0043,Delivery/Takeaway,Mall Walk-in,,,Beverage,Kids Beverage,996331,MENU0065,Hot Chocolate - Medium,248.46,1.0,248.46,,0.0,0,0.0,248.46,12.42,260.88,40.27,40.27,83.79,84.56
ABNAH Cafe Saket Premium,2026-03-12,BILL-OUT003-260312-0044,Delivery/Takeaway,Mall Walk-in,,,Beverage,Shake,996331,MENU0071,Mixed Berry Shake - Regular,315.0,1.0,315.0,Synthetic promotion,6.68,0,6.68,308.32,15.42,323.74,61.21,61.21,80.15,81.09
ABNAH Cafe Saket Premium,2026-03-12,BILL-OUT003-260312-0045,Delivery/Takeaway,Mall Walk-in,,,Food,Wraps,996331,MENU0078,Shredded Chicken Wrap,295.98,1.0,295.98,,0.0,0,0.0,295.98,14.8,310.78,70.05,70.05,76.33,77.46
ABNAH Cafe Saket Premium,2026-03-12,BILL-OUT003-260312-0046,Dine In,Dine In,,,Food,Sandwiches,996331,MENU0080,Pesto Veg Sandwich,285.42,1.0,285.42,,0.0,0,0.0,285.42,14.27,299.69,91.86,91.86,67.82,69.35
ABNAH Cafe Saket Premium,2026-03-12,BILL-OUT003-260312-0047,Delivery/Takeaway,Online,,,Food,Sandwiches,996331,MENU0081,Pepper Chicken Sandwich,315.0,3.0,945.0,Synthetic promotion,2.92,0,2.92,942.08,47.1,989.18,87.66,262.98,72.09,73.41
ABNAH Cafe Saket Premium,2026-03-12,BILL-OUT003-260312-0048,Delivery/Takeaway,Online,,,Food,Sandwiches,996331,MENU0082,Tandoori Chicken Sandwich,320.0,2.0,640.0,Synthetic promotion,13.78,0,13.78,626.22,31.31,657.53,87.66,175.32,72.0,73.34
ABNAH Cafe Saket Premium,2026-03-12,BILL-OUT003-260312-0049,Delivery/Takeaway,Mall Walk-in,,,Food,Breakfast,996331,MENU0087,Cream Cheese Bagel,250.0,1.0,250.0,Synthetic promotion,0.84,0,0.84,249.16,12.46,261.62,54.49,54.49,78.13,79.17
ABNAH Cafe Saket Premium,2026-03-12,BILL-OUT003-260312-0050,Delivery/Takeaway,Online,,,Food,Breakfast,996331,MENU0089,Masala Egg Bun,227.92,1.0,227.92,,0.0,0,0.0,227.92,11.4,239.32,42.74,42.74,81.25,82.14
ABNAH Cafe Saket Premium,2026-03-12,BILL-OUT003-260312-0051,Dine In,Dine In,,,Food,Snacks,996331,MENU0091,Pesto Sundried Tomato Pin Wheel,225.0,1.0,225.0,Synthetic promotion,1.59,0,1.59,223.41,11.17,234.58,42.04,42.04,81.18,82.08
ABNAH Cafe Saket Premium,2026-03-12,BILL-OUT003-260312-0052,Dine In,Dine In,,,Food,Baked Goods,996331,MENU0094,Butter Croissant,195.0,2.0,390.0,Synthetic promotion,0.04,0,0.04,389.96,19.5,409.46,58.04,116.08,70.23,71.65
ABNAH Cafe Saket Premium,2026-03-12,BILL-OUT003-260312-0053,Delivery/Takeaway,Online,,,Food,Baked Goods,996331,MENU0096,Chocolate Croissant,235.06,2.0,470.12,,0.0,0,0.0,470.13,23.51,493.64,64.54,129.08,72.54,73.85
ABNAH Cafe Saket Premium,2026-03-12,BILL-OUT003-260312-0054,Delivery/Takeaway,Mall Walk-in,,,Food,Baked Goods,996331,MENU0097,Mushroom Cheese Croissant,257.41,1.0,257.41,,0.0,0,0.0,257.41,12.87,270.28,74.84,74.84,70.93,72.31
ABNAH Cafe Saket Premium,2026-03-12,BILL-OUT003-260312-0055,Delivery/Takeaway,Online,Guest 6103,9000006103,Food,Baked Goods,996331,MENU0098,Sriracha Chicken Croissant,275.0,1.0,275.0,Synthetic promotion,11.81,0,11.81,263.19,13.16,276.35,81.14,81.14,69.17,70.64
ABNAH Cafe Saket Premium,2026-03-12,BILL-OUT003-260312-0056,Delivery/Takeaway,Mall Walk-in,,,Dessert,Desserts,996331,MENU0105,Soft-Centred Caramel Cookie,180.0,1.0,180.0,Synthetic promotion,7.39,0,7.39,172.61,8.63,181.24,46.02,46.02,73.34,74.61
ABNAH Cafe Saket Premium,2026-03-12,BILL-OUT003-260312-0057,Dine In,Dine In,,,Dessert,Desserts,996331,MENU0106,Death by Chocolate Cookie,190.0,1.0,190.0,Synthetic promotion,7.27,0,7.27,182.73,9.14,191.87,47.52,47.52,73.99,75.23
ABNAH Cafe Saket Premium,2026-03-12,BILL-OUT003-260312-0058,Delivery/Takeaway,Online,Guest 3160,9000003160,Dessert,Desserts,996331,MENU0107,Jaggery Parmesan Cookie,170.0,2.0,340.0,Synthetic promotion,7.61,0,7.61,332.39,16.62,349.01,41.02,82.04,75.32,76.49
ABNAH Cafe Saket Premium,2026-03-12,BILL-OUT003-260312-0059,Delivery/Takeaway,Mall Walk-in,,,Dessert,Desserts,996331,MENU0108,Apple Pie,270.0,1.0,270.0,Synthetic promotion,3.56,0,3.56,266.44,13.32,279.76,56.57,56.57,78.77,79.78
ABNAH Cafe Saket Premium,2026-03-12,BILL-OUT003-260312-0060,Dine In,Dine In,,,Dessert,Desserts,996331,MENU0109,Basque Cheesecake,310.0,3.0,930.0,Synthetic promotion,33.75,0,33.75,896.25,44.81,941.06,82.57,247.71,72.36,73.68
ABNAH Cafe Saket Premium,2026-03-12,BILL-OUT003-260312-0061,Dine In,Dine In,Guest 5830,9000005830,Dessert,Baked Goods,996331,MENU0110,Multigrain Walnut Tea Cake,225.72,1.0,225.72,,0.0,0,0.0,225.72,11.29,237.01,56.57,56.57,74.94,76.13
ABNAH Cafe Saket Premium,2026-03-13,BILL-OUT003-260313-0001,Delivery/Takeaway,Mall Walk-in,Guest 0993,9000000993,Beverage,Coffee Classics,996331,MENU0003,Americano - Regular,185.0,3.0,555.0,Synthetic promotion,30.34,0,30.34,524.66,26.23,550.89,23.21,69.63,86.73,87.36
ABNAH Cafe Saket Premium,2026-03-13,BILL-OUT003-260313-0002,Delivery/Takeaway,Mall Walk-in,,,Beverage,Coffee Classics,996331,MENU0004,Americano - Medium,210.0,5.0,1050.0,Synthetic promotion,47.95,0,47.95,1002.05,50.1,1052.15,26.05,130.25,87.0,87.62
ABNAH Cafe Saket Premium,2026-03-13,BILL-OUT003-260313-0003,Delivery/Takeaway,Online,Guest 1712,9000001712,Beverage,Coffee Classics,996331,MENU0005,Americano - Large,235.0,1.0,235.0,Synthetic promotion,1.55,0,1.55,233.45,11.67,245.12,28.91,28.91,87.62,88.21
ABNAH Cafe Saket Premium,2026-03-13,BILL-OUT003-260313-0004,Delivery/Takeaway,Online,,,Beverage,Coffee Classics,996331,MENU0006,Latte - Regular,225.0,1.0,225.0,Synthetic promotion,1.41,0,1.41,223.59,11.18,234.77,36.17,36.17,83.82,84.59
ABNAH Cafe Saket Premium,2026-03-13,BILL-OUT003-260313-0005,Delivery/Takeaway,Online,,,Beverage,Coffee Classics,996331,MENU0008,Latte - Large,275.0,1.0,275.0,Synthetic promotion,15.54,0,15.54,259.46,12.97,272.43,45.76,45.76,82.36,83.2
ABNAH Cafe Saket Premium,2026-03-13,BILL-OUT003-260313-0006,Dine In,Dine In,,,Beverage,Coffee Classics,996331,MENU0009,Cappuccino - Regular,225.0,3.0,675.0,Synthetic promotion,21.0,0,21.0,654.0,32.7,686.7,36.17,108.51,83.41,84.2
ABNAH Cafe Saket Premium,2026-03-13,BILL-OUT003-260313-0007,Dine In,Dine In,Guest 4320,9000004320,Beverage,Coffee Classics,996331,MENU0010,Cappuccino - Medium,250.0,2.0,500.0,Synthetic promotion,6.31,0,6.31,493.69,24.68,518.37,40.96,81.92,83.41,84.2
ABNAH Cafe Saket Premium,2026-03-13,BILL-OUT003-260313-0008,Dine In,Dine In,,,Beverage,Coffee Classics,996331,MENU0012,Flat White - Regular,238.59,1.0,238.59,,0.0,0,0.0,238.59,11.93,250.52,36.17,36.17,84.84,85.56
ABNAH Cafe Saket Premium,2026-03-13,BILL-OUT003-260313-0009,Delivery/Takeaway,Mall Walk-in,,,Beverage,Coffee Classics,996331,MENU0013,Flat White - Medium,260.0,4.0,1040.0,Synthetic promotion,57.69,0,57.69,982.31,49.12,1031.43,40.96,163.84,83.32,84.12
ABNAH Cafe Saket Premium,2026-03-13,BILL-OUT003-260313-0010,Delivery/Takeaway,Mall Walk-in,,,Beverage,Coffee Classics,996331,MENU0014,Flat White - Large,285.0,1.0,285.0,Synthetic promotion,13.46,0,13.46,271.54,13.58,285.12,45.76,45.76,83.15,83.95
ABNAH Cafe Saket Premium,2026-03-13,BILL-OUT003-260313-0011,Delivery/Takeaway,Mall Walk-in,,,Beverage,Coffee Classics,996331,MENU0016,Mocha - Medium,270.0,1.0,270.0,Synthetic promotion,14.85,0,14.85,255.15,12.76,267.91,48.42,48.42,81.02,81.93
ABNAH Cafe Saket Premium,2026-03-13,BILL-OUT003-260313-0012,Delivery/Takeaway,Mall Walk-in,,,Beverage,Coffee Classics,996331,MENU0017,Mocha - Large,295.0,1.0,295.0,Synthetic promotion,14.87,0,14.87,280.13,14.01,294.14,54.21,54.21,80.65,81.57
ABNAH Cafe Saket Premium,2026-03-13,BILL-OUT003-260313-0013,Delivery/Takeaway,Mall Walk-in,,,Beverage,Signature Coffee,996331,MENU0019,Sea Salt Mocha - Medium,305.0,1.0,305.0,Synthetic promotion,11.03,0,11.03,293.97,14.7,308.67,48.42,48.42,83.53,84.31
ABNAH Cafe Saket Premium,2026-03-13,BILL-OUT003-260313-0014,Delivery/Takeaway,Online,,,Beverage,Signature Coffee,996331,MENU0021,Orange Zest Mocha - Regular,270.0,1.0,270.0,Synthetic promotion,10.74,0,10.74,259.26,12.96,272.22,42.67,42.67,83.54,84.33
ABNAH Cafe Saket Premium,2026-03-13,BILL-OUT003-260313-0015,Delivery/Takeaway,Online,Guest 1525,9000001525,Beverage,Signature Coffee,996331,MENU0023,Orange Zest Mocha - Large,330.0,1.0,330.0,Synthetic promotion,15.44,0,15.44,314.56,15.73,330.29,54.21,54.21,82.77,83.59
ABNAH Cafe Saket Premium,2026-03-13,BILL-OUT003-260313-0016,Delivery/Takeaway,Online,,,Beverage,Signature Coffee,996331,MENU0024,Caramel Macchiato - Regular,265.0,2.0,530.0,Synthetic promotion,4.22,0,4.22,525.78,26.29,552.07,42.42,84.84,83.86,84.63
ABNAH Cafe Saket Premium,2026-03-13,BILL-OUT003-260313-0017,Delivery/Takeaway,Mall Walk-in,Guest 4108,9000004108,Beverage,Signature Coffee,996331,MENU0025,Caramel Macchiato - Medium,300.73,2.0,601.46,Synthetic promotion,0.01,0,0.01,601.45,30.07,631.52,48.13,96.26,84.0,84.76
ABNAH Cafe Saket Premium,2026-03-13,BILL-OUT003-260313-0018,Delivery/Takeaway,Online,Guest 4010,9000004010,Beverage,Signature Coffee,996331,MENU0026,Caramel Macchiato - Large,325.0,1.0,325.0,Synthetic promotion,11.31,0,11.31,313.69,15.68,329.37,53.88,53.88,82.82,83.64
ABNAH Cafe Saket Premium,2026-03-13,BILL-OUT003-260313-0019,Dine In,Dine In,Guest 3076,9000003076,Beverage,Signature Coffee,996331,MENU0027,French Vanilla Latte - Regular,265.0,1.0,265.0,Synthetic promotion,12.66,0,12.66,252.34,12.62,264.96,42.17,42.17,83.29,84.08
ABNAH Cafe Saket Premium,2026-03-13,BILL-OUT003-260313-0020,Dine In,Dine In,,,Beverage,Signature Coffee,996331,MENU0028,French Vanilla Latte - Medium,295.0,1.0,295.0,Synthetic promotion,13.08,0,13.08,281.92,14.1,296.02,47.85,47.85,83.03,83.84
ABNAH Cafe Saket Premium,2026-03-13,BILL-OUT003-260313-0021,Dine In,Dine In,,,Beverage,Signature Coffee,996331,MENU0031,Vegan Iced Latte - Medium,310.0,1.0,310.0,Synthetic promotion,1.77,0,1.77,308.23,15.41,323.64,66.95,66.95,78.28,79.31
ABNAH Cafe Saket Premium,2026-03-13,BILL-OUT003-260313-0022,Delivery/Takeaway,Mall Walk-in,,,Beverage,Signature Coffee,996331,MENU0032,Vegan Iced Latte - Large,338.09,1.0,338.09,,0.0,0,0.0,338.09,16.9,354.99,75.02,75.02,77.81,78.87
ABNAH Cafe Saket Premium,2026-03-13,BILL-OUT003-260313-0023,Delivery/Takeaway,Online,Guest 1107,9000001107,Beverage,Cold Brew,996331,MENU0033,Classic Cold Brew - Regular,228.19,2.0,456.38,Synthetic promotion,0.01,0,0.01,456.37,22.82,479.19,25.6,51.2,88.78,89.32
ABNAH Cafe Saket Premium,2026-03-13,BILL-OUT003-260313-0024,Delivery/Takeaway,Mall Walk-in,,,Beverage,Cold Brew,996331,MENU0034,Classic Cold Brew - Medium,253.41,1.0,253.41,,0.0,0,0.0,253.41,12.67,266.08,28.66,28.66,88.69,89.23
ABNAH Cafe Saket Premium,2026-03-13,BILL-OUT003-260313-0025,Delivery/Takeaway,Mall Walk-in,,,Beverage,Cold Brew,996331,MENU0035,Classic Cold Brew - Large,275.0,1.0,275.0,Synthetic promotion,9.99,0,9.99,265.01,13.25,278.26,31.73,31.73,88.03,88.6
ABNAH Cafe Saket Premium,2026-03-13,BILL-OUT003-260313-0026,Dine In,Dine In,,,Beverage,Cold Brew,996331,MENU0036,Coffee Lemonade - Regular,238.41,1.0,238.41,,0.0,0,0.0,238.41,11.92,250.33,29.45,29.45,87.65,88.24
ABNAH Cafe Saket Premium,2026-03-13,BILL-OUT003-260313-0027,Dine In,Dine In,,,Beverage,Cold Brew,996331,MENU0037,Coffee Lemonade - Medium,260.92,1.0,260.92,,0.0,0,0.0,260.92,13.05,273.97,33.09,33.09,87.32,87.92
ABNAH Cafe Saket Premium,2026-03-13,BILL-OUT003-260313-0028,Dine In,Dine In,,,Beverage,Cold Brew,996331,MENU0040,Vietnamese Shakerato - Medium,284.49,1.0,284.49,,0.0,0,0.0,284.49,14.22,298.71,28.66,28.66,89.93,90.41
ABNAH Cafe Saket Premium,2026-03-13,BILL-OUT003-260313-0029,Dine In,Dine In,,,Beverage,Cold Brew,996331,MENU0041,Vietnamese Shakerato - Large,305.0,1.0,305.0,Synthetic promotion,7.73,0,7.73,297.27,14.86,312.13,31.73,31.73,89.33,89.83
ABNAH Cafe Saket Premium,2026-03-13,BILL-OUT003-260313-0030,Delivery/Takeaway,Online,Guest 4437,9000004437,Beverage,Cold Coffee,996331,MENU0042,Classic Cold Coffee - Regular,255.0,2.0,510.0,Synthetic promotion,30.23,0,30.23,479.77,23.99,503.76,38.56,77.12,83.93,84.69
ABNAH Cafe Saket Premium,2026-03-13,BILL-OUT003-260313-0031,Dine In,Dine In,Guest 0192,9000000192,Beverage,Cold Coffee,996331,MENU0043,Classic Cold Coffee - Medium,294.6,1.0,294.6,,0.0,0,0.0,294.6,14.73,309.33,43.56,43.56,85.21,85.92
ABNAH Cafe Saket Premium,2026-03-13,BILL-OUT003-260313-0032,Delivery/Takeaway,Mall Walk-in,,,Beverage,Cold Coffee,996331,MENU0045,Mocha Cold Coffee - Regular,285.0,1.0,285.0,Synthetic promotion,8.34,0,8.34,276.66,13.83,290.49,45.06,45.06,83.71,84.49
ABNAH Cafe Saket Premium,2026-03-13,BILL-OUT003-260313-0033,Delivery/Takeaway,Mall Walk-in,,,Beverage,Cold Coffee,996331,MENU0047,Mocha Cold Coffee - Large,355.0,2.0,710.0,Synthetic promotion,10.88,0,10.88,699.12,34.96,734.08,57.03,114.06,83.69,84.46
ABNAH Cafe Saket Premium,2026-03-13,BILL-OUT003-260313-0034,Delivery/Takeaway,Online,Guest 8343,9000008343,Beverage,Cold Coffee,996331,MENU0049,Caramel Cold Coffee - Medium,320.0,1.0,320.0,Synthetic promotion,3.98,0,3.98,316.02,15.8,331.82,50.74,50.74,83.94,84.71
ABNAH Cafe Saket Premium,2026-03-13,BILL-OUT003-260313-0035,Dine In,Dine In,,,Beverage,Cold Coffee,996331,MENU0050,Caramel Cold Coffee - Large,355.0,1.0,355.0,Synthetic promotion,1.42,0,1.42,353.58,17.68,371.26,56.7,56.7,83.96,84.73
ABNAH Cafe Saket Premium,2026-03-13,BILL-OUT003-260313-0036,Dine In,Dine In,,,Beverage,Tea,996331,MENU0052,Masala Chai Latte - Medium,220.0,1.0,220.0,Synthetic promotion,5.51,0,5.51,214.49,10.72,225.21,40.96,40.96,80.9,81.81
ABNAH Cafe Saket Premium,2026-03-13,BILL-OUT003-260313-0037,Delivery/Takeaway,Mall Walk-in,Guest 7010,9000007010,Beverage,Tea,996331,MENU0053,Masala Chai Latte - Large,245.0,1.0,245.0,Synthetic promotion,3.43,0,3.43,241.57,12.08,253.65,45.76,45.76,81.06,81.96
ABNAH Cafe Saket Premium,2026-03-13,BILL-OUT003-260313-0038,Delivery/Takeaway,Mall Walk-in,,,Beverage,Tea,996331,MENU0056,Japanese Matcha Latte - Medium,295.0,1.0,295.0,Synthetic promotion,7.1,0,7.1,287.9,14.39,302.29,40.96,40.96,85.77,86.45
ABNAH Cafe Saket Premium,2026-03-13,BILL-OUT003-260313-0039,Delivery/Takeaway,Online,,,Beverage,Tea,996331,MENU0057,Japanese Matcha Latte - Large,325.0,1.0,325.0,Synthetic promotion,5.58,0,5.58,319.42,15.97,335.39,45.76,45.76,85.67,86.36
ABNAH Cafe Saket Premium,2026-03-13,BILL-OUT003-260313-0040,Delivery/Takeaway,Online,Guest 7821,9000007821,Beverage,Iced Tea,996331,MENU0058,Lemon Iced Tea - Regular,205.0,1.0,205.0,Synthetic promotion,7.38,0,7.38,197.62,9.88,207.5,14.29,14.29,92.77,93.11
ABNAH Cafe Saket Premium,2026-03-13,BILL-OUT003-260313-0041,Dine In,Dine In,Guest 0300,9000000300,Beverage,Kids Beverage,996331,MENU0064,Hot Chocolate - Regular,220.0,1.0,220.0,Synthetic promotion,10.68,0,10.68,209.32,10.47,219.79,35.57,35.57,83.01,83.82
ABNAH Cafe Saket Premium,2026-03-13,BILL-OUT003-260313-0042,Delivery/Takeaway,Online,Guest 2125,9000002125,Beverage,Shake,996331,MENU0068,Choco Chip Shake - Regular,295.0,1.0,295.0,Synthetic promotion,12.46,0,12.46,282.54,14.13,296.67,34.11,34.11,87.93,88.5
ABNAH Cafe Saket Premium,2026-03-13,BILL-OUT003-260313-0043,Dine In,Dine In,,,Beverage,Shake,996331,MENU0071,Mixed Berry Shake - Regular,315.0,1.0,315.0,Synthetic promotion,5.98,0,5.98,309.02,15.45,324.47,61.21,61.21,80.19,81.14
ABNAH Cafe Saket Premium,2026-03-13,BILL-OUT003-260313-0044,Delivery/Takeaway,Online,,,Beverage,Shake,996331,MENU0072,Mixed Berry Shake - Medium,350.0,3.0,1050.0,Synthetic promotion,17.31,0,17.31,1032.69,51.63,1084.32,69.6,208.8,79.78,80.74
ABNAH Cafe Saket Premium,2026-03-13,BILL-OUT003-260313-0045,Delivery/Takeaway,Online,,,Beverage,Shake,996331,MENU0073,Mixed Berry Shake - Large,385.0,1.0,385.0,Synthetic promotion,6.07,0,6.07,378.93,18.95,397.88,78.02,78.02,79.41,80.39
ABNAH Cafe Saket Premium,2026-03-13,BILL-OUT003-260313-0046,Dine In,Dine In,,,Beverage,Smoothie,996331,MENU0074,Seasonal Smoothie - Regular,306.98,2.0,613.96,,0.0,0,0.0,613.96,30.7,644.66,33.37,66.74,89.13,89.65
ABNAH Cafe Saket Premium,2026-03-13,BILL-OUT003-260313-0047,Delivery/Takeaway,Online,Guest 6614,9000006614,Beverage,Smoothie,996331,MENU0075,Seasonal Smoothie - Medium,340.0,1.0,340.0,Synthetic promotion,1.26,0,1.26,338.74,16.94,355.68,37.59,37.59,88.9,89.43
ABNAH Cafe Saket Premium,2026-03-13,BILL-OUT003-260313-0048,Delivery/Takeaway,Mall Walk-in,Guest 8488,9000008488,Food,Wraps,996331,MENU0077,Spicy Paneer Wrap,275.0,1.0,275.0,Synthetic promotion,3.83,0,3.83,271.17,13.56,284.73,73.36,73.36,72.95,74.24
ABNAH Cafe Saket Premium,2026-03-13,BILL-OUT003-260313-0049,Dine In,Dine In,Guest 5003,9000005003,Food,Sandwiches,996331,MENU0080,Pesto Veg Sandwich,280.0,1.0,280.0,Synthetic promotion,12.56,0,12.56,267.44,13.37,280.81,91.86,91.86,65.65,67.29
ABNAH Cafe Saket Premium,2026-03-13,BILL-OUT003-260313-0050,Dine In,Dine In,,,Food,Sandwiches,996331,MENU0082,Tandoori Chicken Sandwich,320.0,1.0,320.0,Synthetic promotion,16.37,0,16.37,303.63,15.18,318.81,87.66,87.66,71.13,72.5
ABNAH Cafe Saket Premium,2026-03-13,BILL-OUT003-260313-0051,Delivery/Takeaway,Online,,,Food,Toasts,996331,MENU0083,Chilli Cheese Garlic Toast,235.0,1.0,235.0,Synthetic promotion,11.68,0,11.68,223.32,11.17,234.49,42.14,42.14,81.13,82.03
ABNAH Cafe Saket Premium,2026-03-13,BILL-OUT003-260313-0052,Delivery/Takeaway,Mall Walk-in,Guest 5363,9000005363,Food,Toasts,996331,MENU0084,Chicken Pepperoni Avocado Toast,330.0,1.0,330.0,Synthetic promotion,8.71,0,8.71,321.29,16.06,337.35,68.54,68.54,78.67,79.68
ABNAH Cafe Saket Premium,2026-03-13,BILL-OUT003-260313-0053,Delivery/Takeaway,Online,,,Food,Platter,996331,MENU0085,Hummus and Pita Platter,315.6,1.0,315.6,,0.0,0,0.0,315.6,15.78,331.38,45.45,45.45,85.6,86.28
ABNAH Cafe Saket Premium,2026-03-13,BILL-OUT003-260313-0054,Dine In,Dine In,,,Food,Baked Goods,996331,MENU0096,Chocolate Croissant,235.0,2.0,470.0,Synthetic promotion,2.45,0,2.45,467.55,23.38,490.93,64.54,129.08,72.39,73.71
ABNAH Cafe Saket Premium,2026-03-13,BILL-OUT003-260313-0055,Delivery/Takeaway,Mall Walk-in,,,Food,Baked Goods,996331,MENU0097,Mushroom Cheese Croissant,255.0,1.0,255.0,Synthetic promotion,8.25,0,8.25,246.75,12.34,259.09,74.84,74.84,69.67,71.11
ABNAH Cafe Saket Premium,2026-03-13,BILL-OUT003-260313-0056,Dine In,Dine In,,,Food,Baked Goods,996331,MENU0098,Sriracha Chicken Croissant,275.0,3.0,825.0,Synthetic promotion,36.65,0,36.65,788.35,39.42,827.77,81.14,243.42,69.12,70.59
ABNAH Cafe Saket Premium,2026-03-13,BILL-OUT003-260313-0057,Dine In,Dine In,,,Dessert,Baked Goods,996331,MENU0099,Cinnamon Roll with Cream Cheese,221.05,1.0,221.05,,0.0,0,0.0,221.05,11.05,232.1,52.57,52.57,76.22,77.35
ABNAH Cafe Saket Premium,2026-03-13,BILL-OUT003-260313-0058,Dine In,Dine In,,,Dessert,Baked Goods,996331,MENU0100,Banana Walnut Tea Cake,206.21,1.0,206.21,,0.0,0,0.0,206.21,10.31,216.52,61.61,61.61,70.12,71.55
ABNAH Cafe Saket Premium,2026-03-13,BILL-OUT003-260313-0059,Delivery/Takeaway,Online,,,Dessert,Baked Goods,996331,MENU0101,Lemon Raspberry Tea Cake,215.0,2.0,430.0,Synthetic promotion,6.33,0,6.33,423.67,21.18,444.85,56.57,113.14,73.3,74.57
ABNAH Cafe Saket Premium,2026-03-13,BILL-OUT003-260313-0060,Delivery/Takeaway,Mall Walk-in,,,Dessert,Desserts,996331,MENU0104,Classic Chocolate Fudge Brownie,195.0,1.0,195.0,Synthetic promotion,8.95,0,8.95,186.05,9.3,195.35,51.02,51.02,72.58,73.88
ABNAH Cafe Saket Premium,2026-03-13,BILL-OUT003-260313-0061,Delivery/Takeaway,Mall Walk-in,,,Dessert,Desserts,996331,MENU0105,Soft-Centred Caramel Cookie,183.22,2.0,366.44,Synthetic promotion,0.01,0,0.01,366.43,18.32,384.75,46.02,92.04,74.88,76.08
ABNAH Cafe Saket Premium,2026-03-13,BILL-OUT003-260313-0062,Delivery/Takeaway,Online,Guest 0791,9000000791,Dessert,Desserts,996331,MENU0106,Death by Chocolate Cookie,192.94,1.0,192.94,,0.0,0,0.0,192.94,9.65,202.59,47.52,47.52,75.37,76.54
ABNAH Cafe Saket Premium,2026-03-13,BILL-OUT003-260313-0063,Dine In,Dine In,,,Dessert,Desserts,996331,MENU0107,Jaggery Parmesan Cookie,170.0,1.0,170.0,Synthetic promotion,1.19,0,1.19,168.81,8.44,177.25,41.02,41.02,75.7,76.86
ABNAH Cafe Saket Premium,2026-03-13,BILL-OUT003-260313-0064,Dine In,Dine In,,,Dessert,Desserts,996331,MENU0108,Apple Pie,270.0,2.0,540.0,Synthetic promotion,21.99,0,21.99,518.01,25.9,543.91,56.57,113.14,78.16,79.2
ABNAH Cafe Saket Premium,2026-03-14,BILL-OUT003-260314-0001,Delivery/Takeaway,Mall Walk-in,,,Beverage,Espresso,996331,MENU0001,Espresso Shot - Solo,145.0,1.0,145.0,Synthetic promotion,4.38,0,4.38,140.62,7.03,147.65,13.63,13.63,90.31,90.77
ABNAH Cafe Saket Premium,2026-03-14,BILL-OUT003-260314-0002,Delivery/Takeaway,Mall Walk-in,,,Beverage,Espresso,996331,MENU0002,Espresso Shot - Doppio,185.0,1.0,185.0,Synthetic promotion,5.76,0,5.76,179.24,8.96,188.2,21.27,21.27,88.13,88.7
ABNAH Cafe Saket Premium,2026-03-14,BILL-OUT003-260314-0003,Delivery/Takeaway,Mall Walk-in,,,Beverage,Coffee Classics,996331,MENU0003,Americano - Regular,185.0,2.0,370.0,Synthetic promotion,10.14,0,10.14,359.86,17.99,377.85,23.21,46.42,87.1,87.71
ABNAH Cafe Saket Premium,2026-03-14,BILL-OUT003-260314-0004,Delivery/Takeaway,Mall Walk-in,,,Beverage,Coffee Classics,996331,MENU0004,Americano - Medium,210.0,3.0,630.0,Synthetic promotion,29.32,0,29.32,600.68,30.03,630.71,26.05,78.15,86.99,87.61
ABNAH Cafe Saket Premium,2026-03-14,BILL-OUT003-260314-0005,Delivery/Takeaway,Online,,,Beverage,Coffee Classics,996331,MENU0005,Americano - Large,235.0,3.0,705.0,Synthetic promotion,6.35,0,6.35,698.65,34.93,733.58,28.91,86.73,87.59,88.18
ABNAH Cafe Saket Premium,2026-03-14,BILL-OUT003-260314-0006,Delivery/Takeaway,Mall Walk-in,,,Beverage,Coffee Classics,996331,MENU0007,Latte - Medium,250.0,1.0,250.0,Synthetic promotion,13.51,0,13.51,236.49,11.82,248.31,40.96,40.96,82.68,83.5
ABNAH Cafe Saket Premium,2026-03-14,BILL-OUT003-260314-0007,Delivery/Takeaway,Mall Walk-in,,,Beverage,Coffee Classics,996331,MENU0009,Cappuccino - Regular,225.65,4.0,902.6,,0.0,0,0.0,902.6,45.13,947.73,36.17,144.68,83.97,84.73
ABNAH Cafe Saket Premium,2026-03-14,BILL-OUT003-260314-0008,Delivery/Takeaway,Mall Walk-in,,,Beverage,Coffee Classics,996331,MENU0010,Cappuccino - Medium,250.0,2.0,500.0,Synthetic promotion,21.87,0,21.87,478.13,23.91,502.04,40.96,81.92,82.87,83.68
ABNAH Cafe Saket Premium,2026-03-14,BILL-OUT003-260314-0009,Delivery/Takeaway,Mall Walk-in,,,Beverage,Coffee Classics,996331,MENU0011,Cappuccino - Large,275.0,1.0,275.0,Synthetic promotion,15.34,0,15.34,259.66,12.98,272.64,45.76,45.76,82.38,83.22
ABNAH Cafe Saket Premium,2026-03-14,BILL-OUT003-260314-0010,Delivery/Takeaway,Mall Walk-in,,,Beverage,Coffee Classics,996331,MENU0012,Flat White - Regular,238.21,3.0,714.63,Synthetic promotion,0.01,0,0.01,714.62,35.73,750.35,36.17,108.51,84.82,85.54
ABNAH Cafe Saket Premium,2026-03-14,BILL-OUT003-260314-0011,Delivery/Takeaway,Mall Walk-in,,,Beverage,Coffee Classics,996331,MENU0013,Flat White - Medium,260.0,1.0,260.0,Synthetic promotion,4.16,0,4.16,255.84,12.79,268.63,40.96,40.96,83.99,84.75
ABNAH Cafe Saket Premium,2026-03-14,BILL-OUT003-260314-0012,Dine In,Dine In,Guest 2889,9000002889,Beverage,Coffee Classics,996331,MENU0014,Flat White - Large,285.0,1.0,285.0,Synthetic promotion,6.2,0,6.2,278.8,13.94,292.74,45.76,45.76,83.59,84.37
ABNAH Cafe Saket Premium,2026-03-14,BILL-OUT003-260314-0013,Delivery/Takeaway,Mall Walk-in,,,Beverage,Coffee Classics,996331,MENU0015,Mocha - Regular,245.0,2.0,490.0,Synthetic promotion,0.63,0,0.63,489.37,24.47,513.84,42.67,85.34,82.56,83.39
ABNAH Cafe Saket Premium,2026-03-14,BILL-OUT003-260314-0014,Dine In,Dine In,,,Beverage,Coffee Classics,996331,MENU0016,Mocha - Medium,270.0,5.0,1350.0,Synthetic promotion,38.26,0,38.26,1311.74,65.59,1377.33,48.42,242.1,81.54,82.42
ABNAH Cafe Saket Premium,2026-03-14,BILL-OUT003-260314-0015,Dine In,Dine In,,,Beverage,Signature Coffee,996331,MENU0018,Sea Salt Mocha - Regular,275.0,4.0,1100.0,Synthetic promotion,42.77,0,42.77,1057.23,52.86,1110.09,42.67,170.68,83.86,84.62
ABNAH Cafe Saket Premium,2026-03-14,BILL-OUT003-260314-0016,Delivery/Takeaway,Online,,,Beverage,Signature Coffee,996331,MENU0019,Sea Salt Mocha - Medium,305.0,3.0,915.0,Synthetic promotion,35.46,0,35.46,879.54,43.98,923.52,48.42,145.26,83.48,84.27
ABNAH Cafe Saket Premium,2026-03-14,BILL-OUT003-260314-0017,Delivery/Takeaway,Online,,,Beverage,Signature Coffee,996331,MENU0020,Sea Salt Mocha - Large,335.0,2.0,670.0,Synthetic promotion,6.55,0,6.55,663.45,33.17,696.62,54.21,108.42,83.66,84.44
ABNAH Cafe Saket Premium,2026-03-14,BILL-OUT003-260314-0018,Delivery/Takeaway,Online,,,Beverage,Signature Coffee,996331,MENU0021,Orange Zest Mocha - Regular,270.0,2.0,540.0,Synthetic promotion,28.64,0,28.64,511.36,25.57,536.93,42.67,85.34,83.31,84.11
ABNAH Cafe Saket Premium,2026-03-14,BILL-OUT003-260314-0019,Dine In,Dine In,,,Beverage,Signature Coffee,996331,MENU0023,Orange Zest Mocha - Large,330.0,3.0,990.0,Synthetic promotion,53.75,0,53.75,936.25,46.81,983.06,54.21,162.63,82.63,83.46
ABNAH Cafe Saket Premium,2026-03-14,BILL-OUT003-260314-0020,Dine In,Dine In,Guest 7898,9000007898,Beverage,Signature Coffee,996331,MENU0024,Caramel Macchiato - Regular,265.0,2.0,530.0,Synthetic promotion,10.5,0,10.5,519.5,25.98,545.48,42.42,84.84,83.67,84.45
ABNAH Cafe Saket Premium,2026-03-14,BILL-OUT003-260314-0021,Dine In,Dine In,,,Beverage,Signature Coffee,996331,MENU0025,Caramel Macchiato - Medium,295.0,1.0,295.0,Synthetic promotion,16.38,0,16.38,278.62,13.93,292.55,48.13,48.13,82.73,83.55
ABNAH Cafe Saket Premium,2026-03-14,BILL-OUT003-260314-0022,Delivery/Takeaway,Online,Guest 4243,9000004243,Beverage,Signature Coffee,996331,MENU0026,Caramel Macchiato - Large,325.0,2.0,650.0,Synthetic promotion,5.67,0,5.67,644.33,32.22,676.55,53.88,107.76,83.28,84.07
ABNAH Cafe Saket Premium,2026-03-14,BILL-OUT003-260314-0023,Dine In,Dine In,,,Beverage,Signature Coffee,996331,MENU0027,French Vanilla Latte - Regular,265.0,4.0,1060.0,Synthetic promotion,43.64,0,43.64,1016.36,50.82,1067.18,42.17,168.68,83.4,84.19
ABNAH Cafe Saket Premium,2026-03-14,BILL-OUT003-260314-0024,Delivery/Takeaway,Online,,,Beverage,Signature Coffee,996331,MENU0028,French Vanilla Latte - Medium,295.0,1.0,295.0,Synthetic promotion,17.45,0,17.45,277.55,13.88,291.43,47.85,47.85,82.76,83.58
ABNAH Cafe Saket Premium,2026-03-14,BILL-OUT003-260314-0025,Delivery/Takeaway,Online,Guest 4767,9000004767,Beverage,Signature Coffee,996331,MENU0029,French Vanilla Latte - Large,325.0,2.0,650.0,Synthetic promotion,22.05,0,22.05,627.95,31.4,659.35,53.56,107.12,82.94,83.75
ABNAH Cafe Saket Premium,2026-03-14,BILL-OUT003-260314-0026,Dine In,Dine In,,,Beverage,Signature Coffee,996331,MENU0030,Vegan Iced Latte - Regular,285.0,4.0,1140.0,Synthetic promotion,36.13,0,36.13,1103.87,55.19,1159.06,58.9,235.6,78.66,79.67
ABNAH Cafe Saket Premium,2026-03-14,BILL-OUT003-260314-0027,Dine In,Dine In,,,Beverage,Signature Coffee,996331,MENU0031,Vegan Iced Latte - Medium,310.0,1.0,310.0,Synthetic promotion,18.0,0,18.0,292.0,14.6,306.6,66.95,66.95,77.07,78.16
ABNAH Cafe Saket Premium,2026-03-14,BILL-OUT003-260314-0028,Dine In,Dine In,,,Beverage,Cold Brew,996331,MENU0034,Classic Cold Brew - Medium,250.0,1.0,250.0,Synthetic promotion,4.35,0,4.35,245.65,12.28,257.93,28.66,28.66,88.33,88.89
ABNAH Cafe Saket Premium,2026-03-14,BILL-OUT003-260314-0029,Delivery/Takeaway,Mall Walk-in,,,Beverage,Cold Brew,996331,MENU0035,Classic Cold Brew - Large,275.0,2.0,550.0,Synthetic promotion,3.81,0,3.81,546.19,27.31,573.5,31.73,63.46,88.38,88.93
ABNAH Cafe Saket Premium,2026-03-14,BILL-OUT003-260314-0030,Delivery/Takeaway,Online,,,Beverage,Cold Brew,996331,MENU0036,Coffee Lemonade - Regular,235.41,1.0,235.41,,0.0,0,0.0,235.41,11.77,247.18,29.45,29.45,87.49,88.09
ABNAH Cafe Saket Premium,2026-03-14,BILL-OUT003-260314-0031,Delivery/Takeaway,Online,Guest 4284,9000004284,Beverage,Cold Brew,996331,MENU0038,Coffee Lemonade - Large,290.29,3.0,870.87,Synthetic promotion,0.01,0,0.01,870.86,43.54,914.4,36.73,110.19,87.35,87.95
ABNAH Cafe Saket Premium,2026-03-14,BILL-OUT003-260314-0032,Delivery/Takeaway,Online,,,Beverage,Cold Brew,996331,MENU0040,Vietnamese Shakerato - Medium,280.0,1.0,280.0,Synthetic promotion,11.21,0,11.21,268.79,13.44,282.23,28.66,28.66,89.34,89.85
ABNAH Cafe Saket Premium,2026-03-14,BILL-OUT003-260314-0033,Dine In,Dine In,Guest 1041,9000001041,Beverage,Cold Coffee,996331,MENU0042,Classic Cold Coffee - Regular,256.42,3.0,769.26,,0.0,0,0.0,769.26,38.46,807.72,38.56,115.68,84.96,85.68
ABNAH Cafe Saket Premium,2026-03-14,BILL-OUT003-260314-0034,Dine In,Dine In,,,Beverage,Cold Coffee,996331,MENU0043,Classic Cold Coffee - Medium,290.0,2.0,580.0,Synthetic promotion,31.95,0,31.95,548.05,27.4,575.45,43.56,87.12,84.1,84.86
ABNAH Cafe Saket Premium,2026-03-14,BILL-OUT003-260314-0035,Dine In,Dine In,,,Beverage,Cold Coffee,996331,MENU0044,Classic Cold Coffee - Large,330.07,1.0,330.07,,0.0,0,0.0,330.07,16.5,346.57,48.58,48.58,85.28,85.98
ABNAH Cafe Saket Premium,2026-03-14,BILL-OUT003-260314-0036,Delivery/Takeaway,Mall Walk-in,,,Beverage,Cold Coffee,996331,MENU0045,Mocha Cold Coffee - Regular,285.0,2.0,570.0,Synthetic promotion,31.06,0,31.06,538.94,26.95,565.89,45.06,90.12,83.28,84.07
ABNAH Cafe Saket Premium,2026-03-14,BILL-OUT003-260314-0037,Delivery/Takeaway,Online,,,Beverage,Cold Coffee,996331,MENU0046,Mocha Cold Coffee - Medium,320.0,1.0,320.0,Synthetic promotion,6.58,0,6.58,313.42,15.67,329.09,51.03,51.03,83.72,84.49
ABNAH Cafe Saket Premium,2026-03-14,BILL-OUT003-260314-0038,Delivery/Takeaway,Online,Guest 5709,9000005709,Beverage,Cold Coffee,996331,MENU0047,Mocha Cold Coffee - Large,360.79,1.0,360.79,,0.0,0,0.0,360.79,18.04,378.83,57.03,57.03,84.19,84.95
ABNAH Cafe Saket Premium,2026-03-14,BILL-OUT003-260314-0039,Dine In,Dine In,,,Beverage,Cold Coffee,996331,MENU0048,Caramel Cold Coffee - Regular,285.0,2.0,570.0,Synthetic promotion,30.18,0,30.18,539.82,26.99,566.81,44.81,89.62,83.4,84.19
ABNAH Cafe Saket Premium,2026-03-14,BILL-OUT003-260314-0040,Dine In,Dine In,Guest 3217,9000003217,Beverage,Cold Coffee,996331,MENU0049,Caramel Cold Coffee - Medium,320.0,3.0,960.0,Synthetic promotion,46.51,0,46.51,913.49,45.67,959.16,50.74,152.22,83.34,84.13
ABNAH Cafe Saket Premium,2026-03-14,BILL-OUT003-260314-0041,Dine In,Dine In,,,Beverage,Cold Coffee,996331,MENU0050,Caramel Cold Coffee - Large,355.0,2.0,710.0,Synthetic promotion,3.11,0,3.11,706.89,35.34,742.23,56.7,113.4,83.96,84.72
ABNAH Cafe Saket Premium,2026-03-14,BILL-OUT003-260314-0042,Delivery/Takeaway,Mall Walk-in,,,Beverage,Tea,996331,MENU0051,Masala Chai Latte - Regular,198.04,1.0,198.04,,0.0,0,0.0,198.04,9.9,207.94,36.17,36.17,81.74,82.61
ABNAH Cafe Saket Premium,2026-03-14,BILL-OUT003-260314-0043,Delivery/Takeaway,Online,,,Beverage,Tea,996331,MENU0053,Masala Chai Latte - Large,247.05,2.0,494.1,,0.0,0,0.0,494.1,24.7,518.8,45.76,91.52,81.48,82.36
ABNAH Cafe Saket Premium,2026-03-14,BILL-OUT003-260314-0044,Dine In,Dine In,Guest 3270,9000003270,Beverage,Tea,996331,MENU0055,Japanese Matcha Latte - Regular,265.0,1.0,265.0,Synthetic promotion,0.73,0,0.73,264.27,13.21,277.48,36.17,36.17,86.31,86.96
ABNAH Cafe Saket Premium,2026-03-14,BILL-OUT003-260314-0045,Delivery/Takeaway,Mall Walk-in,,,Beverage,Tea,996331,MENU0056,Japanese Matcha Latte - Medium,298.81,3.0,896.43,,0.0,0,0.0,896.44,44.82,941.26,40.96,122.88,86.29,86.95
ABNAH Cafe Saket Premium,2026-03-14,BILL-OUT003-260314-0046,Delivery/Takeaway,Mall Walk-in,,,Beverage,Tea,996331,MENU0057,Japanese Matcha Latte - Large,325.0,1.0,325.0,Synthetic promotion,8.94,0,8.94,316.06,15.8,331.86,45.76,45.76,85.52,86.21
ABNAH Cafe Saket Premium,2026-03-14,BILL-OUT003-260314-0047,Delivery/Takeaway,Mall Walk-in,,,Beverage,Iced Tea,996331,MENU0058,Lemon Iced Tea - Regular,205.0,1.0,205.0,Synthetic promotion,4.4,0,4.4,200.6,10.03,210.63,14.29,14.29,92.88,93.22
ABNAH Cafe Saket Premium,2026-03-14,BILL-OUT003-260314-0048,Delivery/Takeaway,Online,,,Beverage,Kids Beverage,996331,MENU0065,Hot Chocolate - Medium,245.0,1.0,245.0,Synthetic promotion,10.91,0,10.91,234.09,11.7,245.79,40.27,40.27,82.8,83.62
ABNAH Cafe Saket Premium,2026-03-14,BILL-OUT003-260314-0049,Delivery/Takeaway,Mall Walk-in,,,Beverage,Kids Beverage,996331,MENU0067,Babyccino - Regular,167.94,1.0,167.94,,0.0,0,0.0,167.94,8.4,176.34,14.21,14.21,91.54,91.94
ABNAH Cafe Saket Premium,2026-03-14,BILL-OUT003-260314-0050,Delivery/Takeaway,Online,,,Beverage,Shake,996331,MENU0069,Choco Chip Shake - Medium,330.0,1.0,330.0,Synthetic promotion,3.05,0,3.05,326.95,16.35,343.3,38.42,38.42,88.25,88.81
ABNAH Cafe Saket Premium,2026-03-14,BILL-OUT003-260314-0051,Delivery/Takeaway,Online,,,Beverage,Shake,996331,MENU0070,Choco Chip Shake - Large,365.0,2.0,730.0,Synthetic promotion,1.68,0,1.68,728.32,36.42,764.74,42.79,85.58,88.25,88.81
ABNAH Cafe Saket Premium,2026-03-14,BILL-OUT003-260314-0052,Delivery/Takeaway,Mall Walk-in,,,Beverage,Shake,996331,MENU0071,Mixed Berry Shake - Regular,315.0,1.0,315.0,Synthetic promotion,0.27,0,0.27,314.73,15.74,330.47,61.21,61.21,80.55,81.48
ABNAH Cafe Saket Premium,2026-03-14,BILL-OUT003-260314-0053,Delivery/Takeaway,Mall Walk-in,Guest 0783,9000000783,Beverage,Shake,996331,MENU0072,Mixed Berry Shake - Medium,350.0,1.0,350.0,Synthetic promotion,2.29,0,2.29,347.71,17.39,365.1,69.6,69.6,79.98,80.94
ABNAH Cafe Saket Premium,2026-03-14,BILL-OUT003-260314-0054,Delivery/Takeaway,Online,,,Beverage,Shake,996331,MENU0073,Mixed Berry Shake - Large,385.0,2.0,770.0,Synthetic promotion,37.59,0,37.59,732.41,36.62,769.03,78.02,156.04,78.69,79.71
ABNAH Cafe Saket Premium,2026-03-14,BILL-OUT003-260314-0055,Delivery/Takeaway,Mall Walk-in,Guest 7967,9000007967,Food,Wraps,996331,MENU0077,Spicy Paneer Wrap,277.13,1.0,277.13,,0.0,0,0.0,277.13,13.86,290.99,73.36,73.36,73.53,74.79
ABNAH Cafe Saket Premium,2026-03-14,BILL-OUT003-260314-0056,Delivery/Takeaway,Mall Walk-in,,,Food,Wraps,996331,MENU0078,Shredded Chicken Wrap,295.0,1.0,295.0,Synthetic promotion,17.68,0,17.68,277.32,13.87,291.19,70.05,70.05,74.74,75.94
ABNAH Cafe Saket Premium,2026-03-14,BILL-OUT003-260314-0057,Dine In,Dine In,,,Food,Sandwiches,996331,MENU0080,Pesto Veg Sandwich,280.0,1.0,280.0,Synthetic promotion,9.23,0,9.23,270.77,13.54,284.31,91.86,91.86,66.07,67.69
ABNAH Cafe Saket Premium,2026-03-14,BILL-OUT003-260314-0058,Delivery/Takeaway,Online,,,Food,Sandwiches,996331,MENU0081,Pepper Chicken Sandwich,315.0,2.0,630.0,Synthetic promotion,37.39,0,37.39,592.61,29.63,622.24,87.66,175.32,70.42,71.82
ABNAH Cafe Saket Premium,2026-03-14,BILL-OUT003-260314-0059,Dine In,Dine In,,,Food,Sandwiches,996331,MENU0082,Tandoori Chicken Sandwich,320.0,4.0,1280.0,Synthetic promotion,38.62,0,38.62,1241.38,62.07,1303.45,87.66,350.64,71.75,73.1
ABNAH Cafe Saket Premium,2026-03-14,BILL-OUT003-260314-0060,Delivery/Takeaway,Mall Walk-in,,,Food,Toasts,996331,MENU0084,Chicken Pepperoni Avocado Toast,330.0,1.0,330.0,Synthetic promotion,12.82,0,12.82,317.18,15.86,333.04,68.54,68.54,78.39,79.42
ABNAH Cafe Saket Premium,2026-03-14,BILL-OUT003-260314-0061,Delivery/Takeaway,Online,Guest 8381,9000008381,Food,Breakfast,996331,MENU0087,Cream Cheese Bagel,250.0,1.0,250.0,Synthetic promotion,8.04,0,8.04,241.96,12.1,254.06,54.49,54.49,77.48,78.55
ABNAH Cafe Saket Premium,2026-03-14,BILL-OUT003-260314-0062,Dine In,Dine In,Guest 2753,9000002753,Food,Breakfast,996331,MENU0088,Scallion Pepper Cream Cheese Bagel,267.98,1.0,267.98,,0.0,0,0.0,267.98,13.4,281.38,54.49,54.49,79.67,80.63
ABNAH Cafe Saket Premium,2026-03-14,BILL-OUT003-260314-0063,Delivery/Takeaway,Mall Walk-in,,,Food,Snacks,996331,MENU0093,Turnover with Brioche Dough Veg,237.71,1.0,237.71,,0.0,0,0.0,237.71,11.89,249.6,89.94,89.94,62.16,63.97
ABNAH Cafe Saket Premium,2026-03-14,BILL-OUT003-260314-0064,Delivery/Takeaway,Mall Walk-in,Guest 4697,9000004697,Food,Baked Goods,996331,MENU0094,Butter Croissant,198.4,2.0,396.8,,0.0,0,0.0,396.8,19.84,416.64,58.04,116.08,70.75,72.14
ABNAH Cafe Saket Premium,2026-03-14,BILL-OUT003-260314-0065,Delivery/Takeaway,Mall Walk-in,,,Food,Baked Goods,996331,MENU0095,Almond Croissant,245.0,2.0,490.0,Synthetic promotion,14.24,0,14.24,475.76,23.79,499.55,58.04,116.08,75.6,76.76
ABNAH Cafe Saket Premium,2026-03-14,BILL-OUT003-260314-0066,Delivery/Takeaway,Online,,,Food,Baked Goods,996331,MENU0097,Mushroom Cheese Croissant,255.0,1.0,255.0,Synthetic promotion,6.07,0,6.07,248.93,12.45,261.38,74.84,74.84,69.94,71.37
ABNAH Cafe Saket Premium,2026-03-14,BILL-OUT003-260314-0067,Delivery/Takeaway,Online,,,Dessert,Baked Goods,996331,MENU0100,Banana Walnut Tea Cake,205.0,2.0,410.0,Synthetic promotion,17.96,0,17.96,392.04,19.6,411.64,61.61,123.22,68.57,70.07
ABNAH Cafe Saket Premium,2026-03-14,BILL-OUT003-260314-0068,Dine In,Dine In,,,Dessert,Baked Goods,996331,MENU0101,Lemon Raspberry Tea Cake,215.0,1.0,215.0,Synthetic promotion,0.12,0,0.12,214.88,10.74,225.62,56.57,56.57,73.67,74.93
ABNAH Cafe Saket Premium,2026-03-14,BILL-OUT003-260314-0069,Delivery/Takeaway,Mall Walk-in,,,Dessert,Desserts,996331,MENU0102,Double Chocolate Truffle Cake,295.0,4.0,1180.0,Synthetic promotion,54.76,0,54.76,1125.24,56.26,1181.5,63.07,252.28,77.58,78.65
ABNAH Cafe Saket Premium,2026-03-14,BILL-OUT003-260314-0070,Delivery/Takeaway,Mall Walk-in,Guest 1192,9000001192,Dessert,Desserts,996331,MENU0103,Banoffee Pie,285.0,2.0,570.0,Synthetic promotion,23.69,0,23.69,546.31,27.32,573.63,56.57,113.14,79.29,80.28
ABNAH Cafe Saket Premium,2026-03-14,BILL-OUT003-260314-0071,Dine In,Dine In,,,Dessert,Desserts,996331,MENU0104,Classic Chocolate Fudge Brownie,195.0,1.0,195.0,Synthetic promotion,3.93,0,3.93,191.07,9.55,200.62,51.02,51.02,73.3,74.57
ABNAH Cafe Saket Premium,2026-03-14,BILL-OUT003-260314-0072,Delivery/Takeaway,Mall Walk-in,,,Dessert,Desserts,996331,MENU0105,Soft-Centred Caramel Cookie,180.0,1.0,180.0,Synthetic promotion,8.32,0,8.32,171.68,8.58,180.26,46.02,46.02,73.19,74.47
ABNAH Cafe Saket Premium,2026-03-14,BILL-OUT003-260314-0073,Delivery/Takeaway,Mall Walk-in,Guest 5675,9000005675,Dessert,Desserts,996331,MENU0106,Death by Chocolate Cookie,190.0,4.0,760.0,Synthetic promotion,29.68,0,29.68,730.32,36.52,766.84,47.52,190.08,73.97,75.21
ABNAH Cafe Saket Premium,2026-03-14,BILL-OUT003-260314-0074,Delivery/Takeaway,Mall Walk-in,,,Dessert,Desserts,996331,MENU0108,Apple Pie,270.0,4.0,1080.0,Synthetic promotion,19.15,0,19.15,1060.85,53.04,1113.89,56.57,226.28,78.67,79.69
ABNAH Cafe Saket Premium,2026-03-14,BILL-OUT003-260314-0075,Delivery/Takeaway,Online,,,Dessert,Desserts,996331,MENU0109,Basque Cheesecake,310.0,3.0,930.0,Synthetic promotion,28.62,0,28.62,901.38,45.07,946.45,82.57,247.71,72.52,73.83
ABNAH Cafe Saket Premium,2026-03-14,BILL-OUT003-260314-0076,Delivery/Takeaway,Mall Walk-in,Guest 0586,9000000586,Dessert,Baked Goods,996331,MENU0110,Multigrain Walnut Tea Cake,229.34,1.0,229.34,,0.0,0,0.0,229.34,11.47,240.81,56.57,56.57,75.33,76.51
ABNAH Cafe Saket Premium,2026-03-15,BILL-OUT003-260315-0001,Delivery/Takeaway,Online,,,Beverage,Coffee Classics,996331,MENU0003,Americano - Regular,185.0,1.0,185.0,Synthetic promotion,3.97,0,3.97,181.03,9.05,190.08,23.21,23.21,87.18,87.79
ABNAH Cafe Saket Premium,2026-03-15,BILL-OUT003-260315-0002,Delivery/Takeaway,Online,,,Beverage,Coffee Classics,996331,MENU0004,Americano - Medium,212.84,2.0,425.68,Synthetic promotion,0.01,0,0.01,425.67,21.28,446.95,26.05,52.1,87.76,88.34
ABNAH Cafe Saket Premium,2026-03-15,BILL-OUT003-260315-0003,Delivery/Takeaway,Mall Walk-in,,,Beverage,Coffee Classics,996331,MENU0005,Americano - Large,239.41,2.0,478.82,Synthetic promotion,0.01,0,0.01,478.81,23.94,502.75,28.91,57.82,87.92,88.5
ABNAH Cafe Saket Premium,2026-03-15,BILL-OUT003-260315-0004,Delivery/Takeaway,Online,,,Beverage,Coffee Classics,996331,MENU0006,Latte - Regular,225.0,1.0,225.0,Synthetic promotion,0.68,0,0.68,224.32,11.22,235.54,36.17,36.17,83.88,84.64
ABNAH Cafe Saket Premium,2026-03-15,BILL-OUT003-260315-0005,Delivery/Takeaway,Mall Walk-in,Guest 0047,9000000047,Beverage,Coffee Classics,996331,MENU0007,Latte - Medium,250.0,2.0,500.0,Synthetic promotion,4.68,0,4.68,495.32,24.77,520.09,40.96,81.92,83.46,84.25
ABNAH Cafe Saket Premium,2026-03-15,BILL-OUT003-260315-0006,Delivery/Takeaway,Mall Walk-in,,,Beverage,Coffee Classics,996331,MENU0009,Cappuccino - Regular,225.0,5.0,1125.0,Synthetic promotion,14.9,0,14.9,1110.1,55.51,1165.61,36.17,180.85,83.71,84.48
ABNAH Cafe Saket Premium,2026-03-15,BILL-OUT003-260315-0007,Delivery/Takeaway,Mall Walk-in,,,Beverage,Coffee Classics,996331,MENU0010,Cappuccino - Medium,250.0,2.0,500.0,Synthetic promotion,9.11,0,9.11,490.89,24.54,515.43,40.96,81.92,83.31,84.11
ABNAH Cafe Saket Premium,2026-03-15,BILL-OUT003-260315-0008,Delivery/Takeaway,Online,,,Beverage,Coffee Classics,996331,MENU0011,Cappuccino - Large,275.0,1.0,275.0,Synthetic promotion,10.01,0,10.01,264.99,13.25,278.24,45.76,45.76,82.73,83.55
ABNAH Cafe Saket Premium,2026-03-15,BILL-OUT003-260315-0009,Dine In,Dine In,,,Beverage,Coffee Classics,996331,MENU0012,Flat White - Regular,239.11,1.0,239.11,,0.0,0,0.0,239.11,11.96,251.07,36.17,36.17,84.87,85.59
ABNAH Cafe Saket Premium,2026-03-15,BILL-OUT003-260315-0010,Dine In,Dine In,,,Beverage,Coffee Classics,996331,MENU0013,Flat White - Medium,260.0,3.0,780.0,Synthetic promotion,41.78,0,41.78,738.22,36.91,775.13,40.96,122.88,83.35,84.15
ABNAH Cafe Saket Premium,2026-03-15,BILL-OUT003-260315-0011,Delivery/Takeaway,Online,,,Beverage,Coffee Classics,996331,MENU0015,Mocha - Regular,245.0,3.0,735.0,Synthetic promotion,11.16,0,11.16,723.84,36.19,760.03,42.67,128.01,82.32,83.16
ABNAH Cafe Saket Premium,2026-03-15,BILL-OUT003-260315-0012,Delivery/Takeaway,Online,,,Beverage,Coffee Classics,996331,MENU0016,Mocha - Medium,270.0,1.0,270.0,Synthetic promotion,14.84,0,14.84,255.16,12.76,267.92,48.42,48.42,81.02,81.93
ABNAH Cafe Saket Premium,2026-03-15,BILL-OUT003-260315-0013,Dine In,Dine In,,,Beverage,Coffee Classics,996331,MENU0017,Mocha - Large,295.0,1.0,295.0,Synthetic promotion,14.21,0,14.21,280.79,14.04,294.83,54.21,54.21,80.69,81.61
ABNAH Cafe Saket Premium,2026-03-15,BILL-OUT003-260315-0014,Delivery/Takeaway,Mall Walk-in,,,Beverage,Signature Coffee,996331,MENU0018,Sea Salt Mocha - Regular,275.0,2.0,550.0,Synthetic promotion,32.63,0,32.63,517.37,25.87,543.24,42.67,85.34,83.51,84.29
ABNAH Cafe Saket Premium,2026-03-15,BILL-OUT003-260315-0015,Delivery/Takeaway,Mall Walk-in,,,Beverage,Signature Coffee,996331,MENU0019,Sea Salt Mocha - Medium,305.0,1.0,305.0,Synthetic promotion,8.5,0,8.5,296.5,14.82,311.32,48.42,48.42,83.67,84.45
ABNAH Cafe Saket Premium,2026-03-15,BILL-OUT003-260315-0016,Delivery/Takeaway,Mall Walk-in,,,Beverage,Signature Coffee,996331,MENU0020,Sea Salt Mocha - Large,335.0,1.0,335.0,Synthetic promotion,6.55,0,6.55,328.45,16.42,344.87,54.21,54.21,83.5,84.28
ABNAH Cafe Saket Premium,2026-03-15,BILL-OUT003-260315-0017,Delivery/Takeaway,Online,,,Beverage,Signature Coffee,996331,MENU0021,Orange Zest Mocha - Regular,270.14,1.0,270.14,,0.0,0,0.0,270.14,13.51,283.65,42.67,42.67,84.2,84.96
ABNAH Cafe Saket Premium,2026-03-15,BILL-OUT003-260315-0018,Dine In,Dine In,,,Beverage,Signature Coffee,996331,MENU0022,Orange Zest Mocha - Medium,302.31,2.0,604.62,,0.0,0,0.0,604.63,30.23,634.86,48.42,96.84,83.98,84.75
ABNAH Cafe Saket Premium,2026-03-15,BILL-OUT003-260315-0019,Dine In,Dine In,Guest 8101,9000008101,Beverage,Signature Coffee,996331,MENU0024,Caramel Macchiato - Regular,269.88,3.0,809.64,,0.0,0,0.0,809.65,40.48,850.13,42.42,127.26,84.28,85.03
ABNAH Cafe Saket Premium,2026-03-15,BILL-OUT003-260315-0020,Delivery/Takeaway,Mall Walk-in,,,Beverage,Signature Coffee,996331,MENU0025,Caramel Macchiato - Medium,300.76,4.0,1203.04,,0.0,0,0.0,1203.04,60.15,1263.19,48.13,192.52,84.0,84.76
ABNAH Cafe Saket Premium,2026-03-15,BILL-OUT003-260315-0021,Delivery/Takeaway,Mall Walk-in,,,Beverage,Signature Coffee,996331,MENU0027,French Vanilla Latte - Regular,267.57,2.0,535.14,,0.0,0,0.0,535.15,26.76,561.91,42.17,84.34,84.24,84.99
ABNAH Cafe Saket Premium,2026-03-15,BILL-OUT003-260315-0022,Delivery/Takeaway,Mall Walk-in,,,Beverage,Signature Coffee,996331,MENU0028,French Vanilla Latte - Medium,295.0,3.0,885.0,Synthetic promotion,22.08,0,22.08,862.92,43.15,906.07,47.85,143.55,83.36,84.16
ABNAH Cafe Saket Premium,2026-03-15,BILL-OUT003-260315-0023,Delivery/Takeaway,Online,,,Beverage,Signature Coffee,996331,MENU0029,French Vanilla Latte - Large,325.0,4.0,1300.0,Synthetic promotion,70.26,0,70.26,1229.74,61.49,1291.23,53.56,214.24,82.58,83.41
ABNAH Cafe Saket Premium,2026-03-15,BILL-OUT003-260315-0024,Delivery/Takeaway,Mall Walk-in,,,Beverage,Signature Coffee,996331,MENU0030,Vegan Iced Latte - Regular,285.0,3.0,855.0,Synthetic promotion,35.02,0,35.02,819.98,41.0,860.98,58.9,176.7,78.45,79.48
ABNAH Cafe Saket Premium,2026-03-15,BILL-OUT003-260315-0025,Dine In,Dine In,,,Beverage,Signature Coffee,996331,MENU0031,Vegan Iced Latte - Medium,310.0,1.0,310.0,Synthetic promotion,11.14,0,11.14,298.86,14.94,313.8,66.95,66.95,77.6,78.66
ABNAH Cafe Saket Premium,2026-03-15,BILL-OUT003-260315-0026,Dine In,Dine In,,,Beverage,Signature Coffee,996331,MENU0032,Vegan Iced Latte - Large,335.0,3.0,1005.0,Synthetic promotion,19.9,0,19.9,985.1,49.26,1034.36,75.02,225.06,77.15,78.24
ABNAH Cafe Saket Premium,2026-03-15,BILL-OUT003-260315-0027,Dine In,Dine In,Guest 7435,9000007435,Beverage,Cold Brew,996331,MENU0033,Classic Cold Brew - Regular,225.0,1.0,225.0,Synthetic promotion,8.12,0,8.12,216.88,10.84,227.72,25.6,25.6,88.2,88.76
ABNAH Cafe Saket Premium,2026-03-15,BILL-OUT003-260315-0028,Delivery/Takeaway,Mall Walk-in,,,Beverage,Cold Brew,996331,MENU0034,Classic Cold Brew - Medium,250.0,2.0,500.0,Synthetic promotion,2.59,0,2.59,497.41,24.87,522.28,28.66,57.32,88.48,89.03
ABNAH Cafe Saket Premium,2026-03-15,BILL-OUT003-260315-0029,Dine In,Dine In,,,Beverage,Cold Brew,996331,MENU0035,Classic Cold Brew - Large,275.0,1.0,275.0,Synthetic promotion,5.59,0,5.59,269.41,13.47,282.88,31.73,31.73,88.22,88.78
ABNAH Cafe Saket Premium,2026-03-15,BILL-OUT003-260315-0030,Delivery/Takeaway,Online,,,Beverage,Cold Brew,996331,MENU0037,Coffee Lemonade - Medium,264.57,1.0,264.57,,0.0,0,0.0,264.57,13.23,277.8,33.09,33.09,87.49,88.09
ABNAH Cafe Saket Premium,2026-03-15,BILL-OUT003-260315-0031,Delivery/Takeaway,Online,,,Beverage,Cold Brew,996331,MENU0039,Vietnamese Shakerato - Regular,255.53,1.0,255.53,,0.0,0,0.0,255.53,12.78,268.31,25.6,25.6,89.98,90.46
ABNAH Cafe Saket Premium,2026-03-15,BILL-OUT003-260315-0032,Dine In,Dine In,,,Beverage,Cold Brew,996331,MENU0040,Vietnamese Shakerato - Medium,280.0,1.0,280.0,Synthetic promotion,6.43,0,6.43,273.57,13.68,287.25,28.66,28.66,89.52,90.02
ABNAH Cafe Saket Premium,2026-03-15,BILL-OUT003-260315-0033,Delivery/Takeaway,Online,,,Beverage,Cold Brew,996331,MENU0041,Vietnamese Shakerato - Large,305.0,1.0,305.0,Synthetic promotion,14.13,0,14.13,290.87,14.54,305.41,31.73,31.73,89.09,89.61
ABNAH Cafe Saket Premium,2026-03-15,BILL-OUT003-260315-0034,Delivery/Takeaway,Online,,,Beverage,Cold Coffee,996331,MENU0042,Classic Cold Coffee - Regular,255.0,2.0,510.0,Synthetic promotion,23.34,0,23.34,486.66,24.33,510.99,38.56,77.12,84.15,84.91
ABNAH Cafe Saket Premium,2026-03-15,BILL-OUT003-260315-0035,Delivery/Takeaway,Mall Walk-in,,,Beverage,Cold Coffee,996331,MENU0044,Classic Cold Coffee - Large,325.0,1.0,325.0,Synthetic promotion,11.37,0,11.37,313.63,15.68,329.31,48.58,48.58,84.51,85.25
ABNAH Cafe Saket Premium,2026-03-15,BILL-OUT003-260315-0036,Delivery/Takeaway,Mall Walk-in,,,Beverage,Cold Coffee,996331,MENU0045,Mocha Cold Coffee - Regular,290.21,2.0,580.42,,0.0,0,0.0,580.43,29.02,609.45,45.06,90.12,84.47,85.21
ABNAH Cafe Saket Premium,2026-03-15,BILL-OUT003-260315-0037,Delivery/Takeaway,Mall Walk-in,,,Beverage,Cold Coffee,996331,MENU0046,Mocha Cold Coffee - Medium,320.0,1.0,320.0,Synthetic promotion,2.58,0,2.58,317.42,15.87,333.29,51.03,51.03,83.92,84.69
ABNAH Cafe Saket Premium,2026-03-15,BILL-OUT003-260315-0038,Dine In,Dine In,,,Beverage,Cold Coffee,996331,MENU0047,Mocha Cold Coffee - Large,355.0,1.0,355.0,Synthetic promotion,18.4,0,18.4,336.6,16.83,353.43,57.03,57.03,83.06,83.86
ABNAH Cafe Saket Premium,2026-03-15,BILL-OUT003-260315-0039,Delivery/Takeaway,Online,,,Beverage,Cold Coffee,996331,MENU0048,Caramel Cold Coffee - Regular,285.0,3.0,855.0,Synthetic promotion,6.52,0,6.52,848.48,42.42,890.9,44.81,134.43,84.16,84.91
ABNAH Cafe Saket Premium,2026-03-15,BILL-OUT003-260315-0040,Delivery/Takeaway,Mall Walk-in,Guest 7641,9000007641,Beverage,Cold Coffee,996331,MENU0049,Caramel Cold Coffee - Medium,320.0,2.0,640.0,Synthetic promotion,33.87,0,33.87,606.13,30.31,636.44,50.74,101.48,83.26,84.06
ABNAH Cafe Saket Premium,2026-03-15,BILL-OUT003-260315-0041,Delivery/Takeaway,Mall Walk-in,,,Beverage,Tea,996331,MENU0051,Masala Chai Latte - Regular,197.66,1.0,197.66,,0.0,0,0.0,197.66,9.88,207.54,36.17,36.17,81.7,82.57
ABNAH Cafe Saket Premium,2026-03-15,BILL-OUT003-260315-0042,Delivery/Takeaway,Mall Walk-in,,,Beverage,Tea,996331,MENU0055,Japanese Matcha Latte - Regular,265.0,2.0,530.0,Synthetic promotion,7.09,0,7.09,522.91,26.15,549.06,36.17,72.34,86.17,86.82
ABNAH Cafe Saket Premium,2026-03-15,BILL-OUT003-260315-0043,Delivery/Takeaway,Mall Walk-in,,,Beverage,Iced Tea,996331,MENU0058,Lemon Iced Tea - Regular,205.0,1.0,205.0,Synthetic promotion,3.03,0,3.03,201.97,10.1,212.07,14.29,14.29,92.92,93.26
ABNAH Cafe Saket Premium,2026-03-15,BILL-OUT003-260315-0044,Dine In,Dine In,,,Beverage,Iced Tea,996331,MENU0059,Lemon Iced Tea - Medium,230.0,1.0,230.0,Synthetic promotion,11.35,0,11.35,218.65,10.93,229.58,15.66,15.66,92.84,93.18
ABNAH Cafe Saket Premium,2026-03-15,BILL-OUT003-260315-0045,Dine In,Dine In,,,Beverage,Iced Tea,996331,MENU0060,Lemon Iced Tea - Large,256.97,1.0,256.97,,0.0,0,0.0,256.97,12.85,269.82,17.03,17.03,93.37,93.69
ABNAH Cafe Saket Premium,2026-03-15,BILL-OUT003-260315-0046,Dine In,Dine In,Guest 1318,9000001318,Beverage,Iced Tea,996331,MENU0061,Hibiscus Lime Iced Tea - Regular,225.0,1.0,225.0,Synthetic promotion,1.58,0,1.58,223.42,11.17,234.59,24.09,24.09,89.22,89.73
ABNAH Cafe Saket Premium,2026-03-15,BILL-OUT003-260315-0047,Delivery/Takeaway,Mall Walk-in,,,Beverage,Iced Tea,996331,MENU0062,Hibiscus Lime Iced Tea - Medium,250.0,3.0,750.0,Synthetic promotion,41.51,0,41.51,708.49,35.42,743.91,26.94,80.82,88.59,89.14
ABNAH Cafe Saket Premium,2026-03-15,BILL-OUT003-260315-0048,Dine In,Dine In,Guest 0020,9000000020,Beverage,Kids Beverage,996331,MENU0065,Hot Chocolate - Medium,247.71,1.0,247.71,,0.0,0,0.0,247.71,12.39,260.1,40.27,40.27,83.74,84.52
ABNAH Cafe Saket Premium,2026-03-15,BILL-OUT003-260315-0049,Delivery/Takeaway,Mall Walk-in,,,Beverage,Shake,996331,MENU0068,Choco Chip Shake - Regular,295.0,2.0,590.0,Synthetic promotion,7.51,0,7.51,582.49,29.12,611.61,34.11,68.22,88.29,88.85
ABNAH Cafe Saket Premium,2026-03-15,BILL-OUT003-260315-0050,Delivery/Takeaway,Mall Walk-in,,,Beverage,Shake,996331,MENU0069,Choco Chip Shake - Medium,330.0,1.0,330.0,Synthetic promotion,15.91,0,15.91,314.09,15.7,329.79,38.42,38.42,87.77,88.35
ABNAH Cafe Saket Premium,2026-03-15,BILL-OUT003-260315-0051,Dine In,Dine In,,,Beverage,Shake,996331,MENU0070,Choco Chip Shake - Large,369.68,2.0,739.36,Synthetic promotion,0.01,0,0.01,739.35,36.97,776.32,42.79,85.58,88.42,88.98
ABNAH Cafe Saket Premium,2026-03-15,BILL-OUT003-260315-0052,Dine In,Dine In,,,Beverage,Shake,996331,MENU0071,Mixed Berry Shake - Regular,315.0,3.0,945.0,Synthetic promotion,20.55,0,20.55,924.45,46.22,970.67,61.21,183.63,80.14,81.08
ABNAH Cafe Saket Premium,2026-03-15,BILL-OUT003-260315-0053,Dine In,Dine In,,,Beverage,Shake,996331,MENU0072,Mixed Berry Shake - Medium,352.01,1.0,352.01,,0.0,0,0.0,352.01,17.6,369.61,69.6,69.6,80.23,81.17
ABNAH Cafe Saket Premium,2026-03-15,BILL-OUT003-260315-0054,Delivery/Takeaway,Mall Walk-in,,,Beverage,Shake,996331,MENU0073,Mixed Berry Shake - Large,385.0,1.0,385.0,Synthetic promotion,6.0,0,6.0,379.0,18.95,397.95,78.02,78.02,79.41,80.39
ABNAH Cafe Saket Premium,2026-03-15,BILL-OUT003-260315-0055,Dine In,Dine In,,,Beverage,Smoothie,996331,MENU0075,Seasonal Smoothie - Medium,340.0,2.0,680.0,Synthetic promotion,10.49,0,10.49,669.51,33.48,702.99,37.59,75.18,88.77,89.31
ABNAH Cafe Saket Premium,2026-03-15,BILL-OUT003-260315-0056,Delivery/Takeaway,Online,,,Beverage,Smoothie,996331,MENU0076,Seasonal Smoothie - Large,375.0,1.0,375.0,Synthetic promotion,13.66,0,13.66,361.34,18.07,379.41,41.83,41.83,88.42,88.97
ABNAH Cafe Saket Premium,2026-03-15,BILL-OUT003-260315-0057,Dine In,Dine In,Guest 8103,9000008103,Food,Sandwiches,996331,MENU0079,Smoked Chipotle Paneer Sandwich,295.0,3.0,885.0,Synthetic promotion,28.97,0,28.97,856.03,42.8,898.83,90.66,271.98,68.23,69.74
ABNAH Cafe Saket Premium,2026-03-15,BILL-OUT003-260315-0058,Delivery/Takeaway,Online,,,Food,Sandwiches,996331,MENU0081,Pepper Chicken Sandwich,315.0,1.0,315.0,Synthetic promotion,18.22,0,18.22,296.78,14.84,311.62,87.66,87.66,70.46,71.87
ABNAH Cafe Saket Premium,2026-03-15,BILL-OUT003-260315-0059,Delivery/Takeaway,Mall Walk-in,Guest 5304,9000005304,Food,Toasts,996331,MENU0084,Chicken Pepperoni Avocado Toast,330.0,1.0,330.0,Synthetic promotion,2.05,0,2.05,327.95,16.4,344.35,68.54,68.54,79.1,80.1
ABNAH Cafe Saket Premium,2026-03-15,BILL-OUT003-260315-0060,Dine In,Dine In,,,Food,Breakfast,996331,MENU0086,Breakfast Pancakes,287.21,1.0,287.21,,0.0,0,0.0,287.21,14.36,301.57,66.89,66.89,76.71,77.82
ABNAH Cafe Saket Premium,2026-03-15,BILL-OUT003-260315-0061,Delivery/Takeaway,Online,,,Food,Snacks,996331,MENU0093,Turnover with Brioche Dough Veg,235.0,2.0,470.0,Synthetic promotion,11.89,0,11.89,458.11,22.91,481.02,89.94,179.88,60.73,62.6
ABNAH Cafe Saket Premium,2026-03-15,BILL-OUT003-260315-0062,Delivery/Takeaway,Online,,,Food,Baked Goods,996331,MENU0094,Butter Croissant,195.0,2.0,390.0,Synthetic promotion,16.73,0,16.73,373.27,18.66,391.93,58.04,116.08,68.9,70.38
ABNAH Cafe Saket Premium,2026-03-15,BILL-OUT003-260315-0063,Delivery/Takeaway,Online,,,Food,Baked Goods,996331,MENU0095,Almond Croissant,247.72,1.0,247.72,,0.0,0,0.0,247.72,12.39,260.11,58.04,58.04,76.57,77.69
ABNAH Cafe Saket Premium,2026-03-15,BILL-OUT003-260315-0064,Delivery/Takeaway,Mall Walk-in,,,Food,Baked Goods,996331,MENU0096,Chocolate Croissant,235.0,3.0,705.0,Synthetic promotion,24.22,0,24.22,680.78,34.04,714.82,64.54,193.62,71.56,72.91
ABNAH Cafe Saket Premium,2026-03-15,BILL-OUT003-260315-0065,Dine In,Dine In,Guest 5977,9000005977,Food,Baked Goods,996331,MENU0097,Mushroom Cheese Croissant,255.0,1.0,255.0,Synthetic promotion,4.64,0,4.64,250.36,12.52,262.88,74.84,74.84,70.11,71.53
ABNAH Cafe Saket Premium,2026-03-15,BILL-OUT003-260315-0066,Dine In,Dine In,,,Dessert,Baked Goods,996331,MENU0099,Cinnamon Roll with Cream Cheese,223.24,1.0,223.24,,0.0,0,0.0,223.24,11.16,234.4,52.57,52.57,76.45,77.57
ABNAH Cafe Saket Premium,2026-03-15,BILL-OUT003-260315-0067,Delivery/Takeaway,Mall Walk-in,,,Dessert,Baked Goods,996331,MENU0100,Banana Walnut Tea Cake,205.0,2.0,410.0,Synthetic promotion,1.27,0,1.27,408.73,20.44,429.17,61.61,123.22,69.85,71.29
ABNAH Cafe Saket Premium,2026-03-15,BILL-OUT003-260315-0068,Delivery/Takeaway,Mall Walk-in,,,Dessert,Baked Goods,996331,MENU0101,Lemon Raspberry Tea Cake,215.0,5.0,1075.0,Synthetic promotion,33.05,0,33.05,1041.95,52.1,1094.05,56.57,282.85,72.85,74.15
ABNAH Cafe Saket Premium,2026-03-15,BILL-OUT003-260315-0069,Delivery/Takeaway,Online,,,Dessert,Desserts,996331,MENU0102,Double Chocolate Truffle Cake,295.0,3.0,885.0,Synthetic promotion,14.44,0,14.44,870.56,43.53,914.09,63.07,189.21,78.27,79.3
ABNAH Cafe Saket Premium,2026-03-15,BILL-OUT003-260315-0070,Delivery/Takeaway,Online,,,Dessert,Desserts,996331,MENU0103,Banoffee Pie,285.0,5.0,1425.0,Synthetic promotion,20.2,0,20.2,1404.8,70.24,1475.04,56.57,282.85,79.87,80.82
ABNAH Cafe Saket Premium,2026-03-15,BILL-OUT003-260315-0071,Dine In,Dine In,,,Dessert,Desserts,996331,MENU0104,Classic Chocolate Fudge Brownie,195.0,3.0,585.0,Synthetic promotion,32.36,0,32.36,552.64,27.63,580.27,51.02,153.06,72.3,73.62
ABNAH Cafe Saket Premium,2026-03-15,BILL-OUT003-260315-0072,Delivery/Takeaway,Online,,,Dessert,Desserts,996331,MENU0105,Soft-Centred Caramel Cookie,180.0,2.0,360.0,Synthetic promotion,15.8,0,15.8,344.2,17.21,361.41,46.02,92.04,73.26,74.53
ABNAH Cafe Saket Premium,2026-03-15,BILL-OUT003-260315-0073,Delivery/Takeaway,Mall Walk-in,Guest 7035,9000007035,Dessert,Desserts,996331,MENU0106,Death by Chocolate Cookie,190.0,1.0,190.0,Synthetic promotion,8.73,0,8.73,181.27,9.06,190.33,47.52,47.52,73.78,75.03
ABNAH Cafe Saket Premium,2026-03-15,BILL-OUT003-260315-0074,Delivery/Takeaway,Mall Walk-in,,,Dessert,Desserts,996331,MENU0107,Jaggery Parmesan Cookie,170.0,1.0,170.0,Synthetic promotion,2.1,0,2.1,167.9,8.39,176.29,41.02,41.02,75.57,76.73
ABNAH Cafe Saket Premium,2026-03-15,BILL-OUT003-260315-0075,Delivery/Takeaway,Online,,,Dessert,Desserts,996331,MENU0108,Apple Pie,271.95,2.0,543.9,,0.0,0,0.0,543.9,27.2,571.1,56.57,113.14,79.2,80.19
ABNAH Cafe Saket Premium,2026-03-15,BILL-OUT003-260315-0076,Dine In,Dine In,,,Dessert,Desserts,996331,MENU0109,Basque Cheesecake,310.0,2.0,620.0,Synthetic promotion,21.05,0,21.05,598.95,29.95,628.9,82.57,165.14,72.43,73.74
ABNAH Cafe Saket Premium,2026-03-15,BILL-OUT003-260315-0077,Dine In,Dine In,Guest 4323,9000004323,Dessert,Baked Goods,996331,MENU0110,Multigrain Walnut Tea Cake,225.0,2.0,450.0,Synthetic promotion,1.49,0,1.49,448.51,22.43,470.94,56.57,113.14,74.77,75.98
ABNAH Cafe Saket Premium,2026-03-16,BILL-OUT003-260316-0001,Dine In,Dine In,,,Beverage,Coffee Classics,996331,MENU0003,Americano - Regular,185.0,5.0,925.0,Synthetic promotion,33.21,0,33.21,891.79,44.59,936.38,23.21,116.05,86.99,87.61
ABNAH Cafe Saket Premium,2026-03-16,BILL-OUT003-260316-0002,Dine In,Dine In,,,Beverage,Coffee Classics,996331,MENU0005,Americano - Large,235.0,2.0,470.0,Synthetic promotion,18.8,0,18.8,451.2,22.56,473.76,28.91,57.82,87.19,87.8
ABNAH Cafe Saket Premium,2026-03-16,BILL-OUT003-260316-0003,Delivery/Takeaway,Online,,,Beverage,Coffee Classics,996331,MENU0006,Latte - Regular,225.0,2.0,450.0,Synthetic promotion,25.48,0,25.48,424.52,21.23,445.75,36.17,72.34,82.96,83.77
ABNAH Cafe Saket Premium,2026-03-16,BILL-OUT003-260316-0004,Delivery/Takeaway,Online,,,Beverage,Coffee Classics,996331,MENU0009,Cappuccino - Regular,225.0,1.0,225.0,Synthetic promotion,1.78,0,1.78,223.22,11.16,234.38,36.17,36.17,83.8,84.57
ABNAH Cafe Saket Premium,2026-03-16,BILL-OUT003-260316-0005,Delivery/Takeaway,Mall Walk-in,,,Beverage,Coffee Classics,996331,MENU0010,Cappuccino - Medium,250.0,4.0,1000.0,Synthetic promotion,47.26,0,47.26,952.74,47.64,1000.38,40.96,163.84,82.8,83.62
ABNAH Cafe Saket Premium,2026-03-16,BILL-OUT003-260316-0006,Delivery/Takeaway,Online,,,Beverage,Coffee Classics,996331,MENU0011,Cappuccino - Large,275.0,1.0,275.0,Synthetic promotion,13.71,0,13.71,261.29,13.06,274.35,45.76,45.76,82.49,83.32
ABNAH Cafe Saket Premium,2026-03-16,BILL-OUT003-260316-0007,Delivery/Takeaway,Online,Guest 7552,9000007552,Beverage,Coffee Classics,996331,MENU0012,Flat White - Regular,235.0,3.0,705.0,Synthetic promotion,39.22,0,39.22,665.78,33.29,699.07,36.17,108.51,83.7,84.48
ABNAH Cafe Saket Premium,2026-03-16,BILL-OUT003-260316-0008,Delivery/Takeaway,Online,,,Beverage,Coffee Classics,996331,MENU0015,Mocha - Regular,245.0,1.0,245.0,Synthetic promotion,5.61,0,5.61,239.39,11.97,251.36,42.67,42.67,82.18,83.02
ABNAH Cafe Saket Premium,2026-03-16,BILL-OUT003-260316-0009,Delivery/Takeaway,Online,,,Beverage,Coffee Classics,996331,MENU0016,Mocha - Medium,270.0,3.0,810.0,Synthetic promotion,38.44,0,38.44,771.56,38.58,810.14,48.42,145.26,81.17,82.07
ABNAH Cafe Saket Premium,2026-03-16,BILL-OUT003-260316-0010,Delivery/Takeaway,Mall Walk-in,,,Beverage,Signature Coffee,996331,MENU0018,Sea Salt Mocha - Regular,275.0,2.0,550.0,Synthetic promotion,5.85,0,5.85,544.15,27.21,571.36,42.67,85.34,84.32,85.06
ABNAH Cafe Saket Premium,2026-03-16,BILL-OUT003-260316-0011,Delivery/Takeaway,Online,,,Beverage,Signature Coffee,996331,MENU0019,Sea Salt Mocha - Medium,305.0,1.0,305.0,Synthetic promotion,15.64,0,15.64,289.36,14.47,303.83,48.42,48.42,83.27,84.06
ABNAH Cafe Saket Premium,2026-03-16,BILL-OUT003-260316-0012,Delivery/Takeaway,Mall Walk-in,,,Beverage,Signature Coffee,996331,MENU0021,Orange Zest Mocha - Regular,270.0,2.0,540.0,Synthetic promotion,30.66,0,30.66,509.34,25.47,534.81,42.67,85.34,83.24,84.04
ABNAH Cafe Saket Premium,2026-03-16,BILL-OUT003-260316-0013,Delivery/Takeaway,Online,,,Beverage,Signature Coffee,996331,MENU0022,Orange Zest Mocha - Medium,300.0,1.0,300.0,Synthetic promotion,10.25,0,10.25,289.75,14.49,304.24,48.42,48.42,83.29,84.08
ABNAH Cafe Saket Premium,2026-03-16,BILL-OUT003-260316-0014,Delivery/Takeaway,Online,Guest 7735,9000007735,Beverage,Signature Coffee,996331,MENU0023,Orange Zest Mocha - Large,330.0,1.0,330.0,Synthetic promotion,10.58,0,10.58,319.42,15.97,335.39,54.21,54.21,83.03,83.84
ABNAH Cafe Saket Premium,2026-03-16,BILL-OUT003-260316-0015,Dine In,Dine In,,,Beverage,Signature Coffee,996331,MENU0025,Caramel Macchiato - Medium,297.43,1.0,297.43,,0.0,0,0.0,297.43,14.87,312.3,48.13,48.13,83.82,84.59
ABNAH Cafe Saket Premium,2026-03-16,BILL-OUT003-260316-0016,Delivery/Takeaway,Mall Walk-in,,,Beverage,Signature Coffee,996331,MENU0027,French Vanilla Latte - Regular,267.13,1.0,267.13,,0.0,0,0.0,267.13,13.36,280.49,42.17,42.17,84.21,84.97
ABNAH Cafe Saket Premium,2026-03-16,BILL-OUT003-260316-0017,Dine In,Dine In,,,Beverage,Signature Coffee,996331,MENU0028,French Vanilla Latte - Medium,295.0,5.0,1475.0,Synthetic promotion,42.42,0,42.42,1432.58,71.63,1504.21,47.85,239.25,83.3,84.09
ABNAH Cafe Saket Premium,2026-03-16,BILL-OUT003-260316-0018,Dine In,Dine In,Guest 6307,9000006307,Beverage,Cold Brew,996331,MENU0035,Classic Cold Brew - Large,275.0,1.0,275.0,Synthetic promotion,12.15,0,12.15,262.85,13.14,275.99,31.73,31.73,87.93,88.5
ABNAH Cafe Saket Premium,2026-03-16,BILL-OUT003-260316-0019,Dine In,Dine In,,,Beverage,Cold Brew,996331,MENU0039,Vietnamese Shakerato - Regular,255.0,1.0,255.0,Synthetic promotion,2.33,0,2.33,252.67,12.63,265.3,25.6,25.6,89.87,90.35
ABNAH Cafe Saket Premium,2026-03-16,BILL-OUT003-260316-0020,Delivery/Takeaway,Mall Walk-in,,,Beverage,Cold Coffee,996331,MENU0042,Classic Cold Coffee - Regular,255.0,1.0,255.0,Synthetic promotion,9.15,0,9.15,245.85,12.29,258.14,38.56,38.56,84.32,85.06
ABNAH Cafe Saket Premium,2026-03-16,BILL-OUT003-260316-0021,Delivery/Takeaway,Online,,,Beverage,Cold Coffee,996331,MENU0044,Classic Cold Coffee - Large,325.0,1.0,325.0,Synthetic promotion,5.03,0,5.03,319.97,16.0,335.97,48.58,48.58,84.82,85.54
ABNAH Cafe Saket Premium,2026-03-16,BILL-OUT003-260316-0022,Dine In,Dine In,,,Beverage,Cold Coffee,996331,MENU0045,Mocha Cold Coffee - Regular,285.0,2.0,570.0,Synthetic promotion,6.75,0,6.75,563.25,28.16,591.41,45.06,90.12,84.0,84.76
ABNAH Cafe Saket Premium,2026-03-16,BILL-OUT003-260316-0023,Delivery/Takeaway,Mall Walk-in,,,Beverage,Cold Coffee,996331,MENU0046,Mocha Cold Coffee - Medium,320.0,1.0,320.0,Synthetic promotion,3.22,0,3.22,316.78,15.84,332.62,51.03,51.03,83.89,84.66
ABNAH Cafe Saket Premium,2026-03-16,BILL-OUT003-260316-0024,Delivery/Takeaway,Mall Walk-in,,,Beverage,Cold Coffee,996331,MENU0047,Mocha Cold Coffee - Large,355.0,1.0,355.0,Synthetic promotion,2.15,0,2.15,352.85,17.64,370.49,57.03,57.03,83.84,84.61
ABNAH Cafe Saket Premium,2026-03-16,BILL-OUT003-260316-0025,Dine In,Dine In,,,Beverage,Cold Coffee,996331,MENU0048,Caramel Cold Coffee - Regular,285.0,1.0,285.0,Synthetic promotion,13.09,0,13.09,271.91,13.6,285.51,44.81,44.81,83.52,84.31
ABNAH Cafe Saket Premium,2026-03-16,BILL-OUT003-260316-0026,Delivery/Takeaway,Online,,,Beverage,Cold Coffee,996331,MENU0050,Caramel Cold Coffee - Large,355.0,1.0,355.0,Synthetic promotion,3.3,0,3.3,351.7,17.59,369.29,56.7,56.7,83.88,84.65
ABNAH Cafe Saket Premium,2026-03-16,BILL-OUT003-260316-0027,Delivery/Takeaway,Mall Walk-in,,,Beverage,Tea,996331,MENU0051,Masala Chai Latte - Regular,195.0,1.0,195.0,Synthetic promotion,6.16,0,6.16,188.84,9.44,198.28,36.17,36.17,80.85,81.76
ABNAH Cafe Saket Premium,2026-03-16,BILL-OUT003-260316-0028,Dine In,Dine In,,,Beverage,Tea,996331,MENU0054,Himalayan Green Tea,210.76,1.0,210.76,,0.0,0,0.0,210.76,10.54,221.3,8.67,8.67,95.89,96.08
ABNAH Cafe Saket Premium,2026-03-16,BILL-OUT003-260316-0029,Dine In,Dine In,,,Beverage,Tea,996331,MENU0055,Japanese Matcha Latte - Regular,267.83,1.0,267.83,,0.0,0,0.0,267.83,13.39,281.22,36.17,36.17,86.5,87.14
ABNAH Cafe Saket Premium,2026-03-16,BILL-OUT003-260316-0030,Delivery/Takeaway,Online,,,Beverage,Tea,996331,MENU0056,Japanese Matcha Latte - Medium,295.03,1.0,295.03,,0.0,0,0.0,295.03,14.75,309.78,40.96,40.96,86.12,86.78
ABNAH Cafe Saket Premium,2026-03-16,BILL-OUT003-260316-0031,Delivery/Takeaway,Mall Walk-in,,,Beverage,Iced Tea,996331,MENU0059,Lemon Iced Tea - Medium,230.82,1.0,230.82,,0.0,0,0.0,230.82,11.54,242.36,15.66,15.66,93.22,93.54
ABNAH Cafe Saket Premium,2026-03-16,BILL-OUT003-260316-0032,Delivery/Takeaway,Online,,,Beverage,Shake,996331,MENU0070,Choco Chip Shake - Large,365.0,1.0,365.0,Synthetic promotion,1.69,0,1.69,363.31,18.17,381.48,42.79,42.79,88.22,88.78
ABNAH Cafe Saket Premium,2026-03-16,BILL-OUT003-260316-0033,Delivery/Takeaway,Mall Walk-in,,,Beverage,Shake,996331,MENU0071,Mixed Berry Shake - Regular,315.0,2.0,630.0,Synthetic promotion,7.97,0,7.97,622.03,31.1,653.13,61.21,122.42,80.32,81.26
ABNAH Cafe Saket Premium,2026-03-16,BILL-OUT003-260316-0034,Dine In,Dine In,Guest 4583,9000004583,Beverage,Shake,996331,MENU0072,Mixed Berry Shake - Medium,350.0,2.0,700.0,Synthetic promotion,15.71,0,15.71,684.29,34.21,718.5,69.6,139.2,79.66,80.63
ABNAH Cafe Saket Premium,2026-03-16,BILL-OUT003-260316-0035,Delivery/Takeaway,Mall Walk-in,,,Beverage,Shake,996331,MENU0073,Mixed Berry Shake - Large,385.0,1.0,385.0,Synthetic promotion,7.15,0,7.15,377.85,18.89,396.74,78.02,78.02,79.35,80.33
ABNAH Cafe Saket Premium,2026-03-16,BILL-OUT003-260316-0036,Delivery/Takeaway,Mall Walk-in,Guest 1785,9000001785,Food,Wraps,996331,MENU0078,Shredded Chicken Wrap,295.0,1.0,295.0,Synthetic promotion,0.7,0,0.7,294.3,14.71,309.01,70.05,70.05,76.2,77.33
ABNAH Cafe Saket Premium,2026-03-16,BILL-OUT003-260316-0037,Delivery/Takeaway,Mall Walk-in,,,Food,Toasts,996331,MENU0083,Chilli Cheese Garlic Toast,235.0,2.0,470.0,Synthetic promotion,9.74,0,9.74,460.26,23.01,483.27,42.14,84.28,81.69,82.56
ABNAH Cafe Saket Premium,2026-03-16,BILL-OUT003-260316-0038,Delivery/Takeaway,Mall Walk-in,Guest 2393,9000002393,Food,Breakfast,996331,MENU0086,Breakfast Pancakes,285.0,1.0,285.0,Synthetic promotion,7.25,0,7.25,277.75,13.89,291.64,66.89,66.89,75.92,77.06
ABNAH Cafe Saket Premium,2026-03-16,BILL-OUT003-260316-0039,Delivery/Takeaway,Mall Walk-in,,,Food,Breakfast,996331,MENU0089,Masala Egg Bun,225.53,1.0,225.53,,0.0,0,0.0,225.53,11.28,236.81,42.74,42.74,81.05,81.95
ABNAH Cafe Saket Premium,2026-03-16,BILL-OUT003-260316-0040,Dine In,Dine In,,,Food,Baked Goods,996331,MENU0095,Almond Croissant,245.0,1.0,245.0,Synthetic promotion,7.74,0,7.74,237.26,11.86,249.12,58.04,58.04,75.54,76.7
ABNAH Cafe Saket Premium,2026-03-16,BILL-OUT003-260316-0041,Delivery/Takeaway,Online,,,Food,Baked Goods,996331,MENU0098,Sriracha Chicken Croissant,275.0,2.0,550.0,Synthetic promotion,13.55,0,13.55,536.45,26.82,563.27,81.14,162.28,69.75,71.19
ABNAH Cafe Saket Premium,2026-03-16,BILL-OUT003-260316-0042,Delivery/Takeaway,Online,,,Dessert,Baked Goods,996331,MENU0099,Cinnamon Roll with Cream Cheese,220.0,1.0,220.0,Synthetic promotion,8.15,0,8.15,211.85,10.59,222.44,52.57,52.57,75.19,76.37
ABNAH Cafe Saket Premium,2026-03-16,BILL-OUT003-260316-0043,Delivery/Takeaway,Mall Walk-in,,,Dessert,Baked Goods,996331,MENU0100,Banana Walnut Tea Cake,207.31,1.0,207.31,,0.0,0,0.0,207.31,10.37,217.68,61.61,61.61,70.28,71.7
ABNAH Cafe Saket Premium,2026-03-16,BILL-OUT003-260316-0044,Delivery/Takeaway,Mall Walk-in,,,Dessert,Baked Goods,996331,MENU0101,Lemon Raspberry Tea Cake,219.23,3.0,657.69,,0.0,0,0.0,657.7,32.88,690.58,56.57,169.71,74.2,75.43
ABNAH Cafe Saket Premium,2026-03-16,BILL-OUT003-260316-0045,Delivery/Takeaway,Online,,,Dessert,Desserts,996331,MENU0103,Banoffee Pie,285.0,1.0,285.0,Synthetic promotion,1.76,0,1.76,283.24,14.16,297.4,56.57,56.57,80.03,80.98
ABNAH Cafe Saket Premium,2026-03-16,BILL-OUT003-260316-0046,Delivery/Takeaway,Online,Guest 7850,9000007850,Dessert,Desserts,996331,MENU0104,Classic Chocolate Fudge Brownie,195.0,2.0,390.0,Synthetic promotion,10.54,0,10.54,379.46,18.97,398.43,51.02,102.04,73.11,74.39
ABNAH Cafe Saket Premium,2026-03-16,BILL-OUT003-260316-0047,Delivery/Takeaway,Online,Guest 1054,9000001054,Dessert,Desserts,996331,MENU0105,Soft-Centred Caramel Cookie,180.0,1.0,180.0,Synthetic promotion,9.28,0,9.28,170.72,8.54,179.26,46.02,46.02,73.04,74.33
ABNAH Cafe Saket Premium,2026-03-16,BILL-OUT003-260316-0048,Delivery/Takeaway,Online,,,Dessert,Desserts,996331,MENU0107,Jaggery Parmesan Cookie,170.0,3.0,510.0,Synthetic promotion,1.38,0,1.38,508.62,25.43,534.05,41.02,123.06,75.81,76.96
ABNAH Cafe Saket Premium,2026-03-16,BILL-OUT003-260316-0049,Delivery/Takeaway,Online,,,Dessert,Desserts,996331,MENU0108,Apple Pie,270.0,1.0,270.0,Synthetic promotion,10.86,0,10.86,259.14,12.96,272.1,56.57,56.57,78.17,79.21
ABNAH Cafe Saket Premium,2026-03-16,BILL-OUT003-260316-0050,Delivery/Takeaway,Online,,,Dessert,Desserts,996331,MENU0109,Basque Cheesecake,310.0,1.0,310.0,Synthetic promotion,9.4,0,9.4,300.6,15.03,315.63,82.57,82.57,72.53,73.84
ABNAH Cafe Saket Premium,2026-03-16,BILL-OUT003-260316-0051,Dine In,Dine In,Guest 8130,9000008130,Dessert,Baked Goods,996331,MENU0110,Multigrain Walnut Tea Cake,225.0,1.0,225.0,Synthetic promotion,9.25,0,9.25,215.75,10.79,226.54,56.57,56.57,73.78,75.03
ABNAH Cafe Saket Premium,2026-03-17,BILL-OUT003-260317-0001,Delivery/Takeaway,Online,Guest 8387,9000008387,Beverage,Espresso,996331,MENU0002,Espresso Shot - Doppio,186.72,1.0,186.72,,0.0,0,0.0,186.72,9.34,196.06,21.27,21.27,88.61,89.15
ABNAH Cafe Saket Premium,2026-03-17,BILL-OUT003-260317-0002,Delivery/Takeaway,Mall Walk-in,Guest 6254,9000006254,Beverage,Coffee Classics,996331,MENU0003,Americano - Regular,185.0,4.0,740.0,Synthetic promotion,22.87,0,22.87,717.13,35.86,752.99,23.21,92.84,87.05,87.67
ABNAH Cafe Saket Premium,2026-03-17,BILL-OUT003-260317-0003,Delivery/Takeaway,Online,,,Beverage,Coffee Classics,996331,MENU0004,Americano - Medium,211.87,2.0,423.74,,0.0,0,0.0,423.74,21.19,444.93,26.05,52.1,87.7,88.29
ABNAH Cafe Saket Premium,2026-03-17,BILL-OUT003-260317-0004,Dine In,Dine In,Guest 3159,9000003159,Beverage,Coffee Classics,996331,MENU0005,Americano - Large,235.0,1.0,235.0,Synthetic promotion,5.23,0,5.23,229.77,11.49,241.26,28.91,28.91,87.42,88.02
ABNAH Cafe Saket Premium,2026-03-17,BILL-OUT003-260317-0005,Delivery/Takeaway,Mall Walk-in,,,Beverage,Coffee Classics,996331,MENU0006,Latte - Regular,225.0,1.0,225.0,Synthetic promotion,11.83,0,11.83,213.17,10.66,223.83,36.17,36.17,83.03,83.84
ABNAH Cafe Saket Premium,2026-03-17,BILL-OUT003-260317-0006,Delivery/Takeaway,Online,,,Beverage,Coffee Classics,996331,MENU0009,Cappuccino - Regular,225.0,2.0,450.0,Synthetic promotion,25.86,0,25.86,424.14,21.21,445.35,36.17,72.34,82.94,83.76
ABNAH Cafe Saket Premium,2026-03-17,BILL-OUT003-260317-0007,Delivery/Takeaway,Online,,,Beverage,Coffee Classics,996331,MENU0011,Cappuccino - Large,275.0,2.0,550.0,Synthetic promotion,7.08,0,7.08,542.92,27.15,570.07,45.76,91.52,83.14,83.95
ABNAH Cafe Saket Premium,2026-03-17,BILL-OUT003-260317-0008,Delivery/Takeaway,Mall Walk-in,,,Beverage,Coffee Classics,996331,MENU0012,Flat White - Regular,235.0,1.0,235.0,Synthetic promotion,9.17,0,9.17,225.83,11.29,237.12,36.17,36.17,83.98,84.75
ABNAH Cafe Saket Premium,2026-03-17,BILL-OUT003-260317-0009,Dine In,Dine In,Guest 1460,9000001460,Beverage,Coffee Classics,996331,MENU0013,Flat White - Medium,260.0,1.0,260.0,Synthetic promotion,14.19,0,14.19,245.81,12.29,258.1,40.96,40.96,83.34,84.13
ABNAH Cafe Saket Premium,2026-03-17,BILL-OUT003-260317-0010,Delivery/Takeaway,Mall Walk-in,,,Beverage,Coffee Classics,996331,MENU0016,Mocha - Medium,270.0,2.0,540.0,Synthetic promotion,19.36,0,19.36,520.64,26.03,546.67,48.42,96.84,81.4,82.29
ABNAH Cafe Saket Premium,2026-03-17,BILL-OUT003-260317-0011,Delivery/Takeaway,Mall Walk-in,,,Beverage,Coffee Classics,996331,MENU0017,Mocha - Large,295.0,2.0,590.0,Synthetic promotion,5.7,0,5.7,584.3,29.21,613.51,54.21,108.42,81.44,82.33
ABNAH Cafe Saket Premium,2026-03-17,BILL-OUT003-260317-0012,Delivery/Takeaway,Mall Walk-in,,,Beverage,Signature Coffee,996331,MENU0019,Sea Salt Mocha - Medium,305.0,2.0,610.0,Synthetic promotion,26.7,0,26.7,583.3,29.16,612.46,48.42,96.84,83.4,84.19
ABNAH Cafe Saket Premium,2026-03-17,BILL-OUT003-260317-0013,Delivery/Takeaway,Online,,,Beverage,Signature Coffee,996331,MENU0020,Sea Salt Mocha - Large,335.0,1.0,335.0,Synthetic promotion,17.97,0,17.97,317.03,15.85,332.88,54.21,54.21,82.9,83.71
ABNAH Cafe Saket Premium,2026-03-17,BILL-OUT003-260317-0014,Delivery/Takeaway,Online,,,Beverage,Signature Coffee,996331,MENU0021,Orange Zest Mocha - Regular,270.0,1.0,270.0,Synthetic promotion,3.13,0,3.13,266.87,13.34,280.21,42.67,42.67,84.01,84.77
ABNAH Cafe Saket Premium,2026-03-17,BILL-OUT003-260317-0015,Dine In,Dine In,,,Beverage,Signature Coffee,996331,MENU0027,French Vanilla Latte - Regular,265.0,2.0,530.0,Synthetic promotion,21.5,0,21.5,508.5,25.43,533.93,42.17,84.34,83.41,84.2
ABNAH Cafe Saket Premium,2026-03-17,BILL-OUT003-260317-0016,Dine In,Dine In,,,Beverage,Signature Coffee,996331,MENU0028,French Vanilla Latte - Medium,295.0,2.0,590.0,Synthetic promotion,15.24,0,15.24,574.76,28.74,603.5,47.85,95.7,83.35,84.14
ABNAH Cafe Saket Premium,2026-03-17,BILL-OUT003-260317-0017,Delivery/Takeaway,Mall Walk-in,,,Beverage,Signature Coffee,996331,MENU0029,French Vanilla Latte - Large,325.0,1.0,325.0,Synthetic promotion,12.57,0,12.57,312.43,15.62,328.05,53.56,53.56,82.86,83.67
ABNAH Cafe Saket Premium,2026-03-17,BILL-OUT003-260317-0018,Dine In,Dine In,,,Beverage,Signature Coffee,996331,MENU0030,Vegan Iced Latte - Regular,285.4,2.0,570.8,,0.0,0,0.0,570.8,28.54,599.34,58.9,117.8,79.36,80.35
ABNAH Cafe Saket Premium,2026-03-17,BILL-OUT003-260317-0019,Delivery/Takeaway,Online,,,Beverage,Signature Coffee,996331,MENU0031,Vegan Iced Latte - Medium,310.0,1.0,310.0,Synthetic promotion,17.48,0,17.48,292.52,14.63,307.15,66.95,66.95,77.11,78.2
ABNAH Cafe Saket Premium,2026-03-17,BILL-OUT003-260317-0020,Delivery/Takeaway,Mall Walk-in,,,Beverage,Signature Coffee,996331,MENU0032,Vegan Iced Latte - Large,335.0,3.0,1005.0,Synthetic promotion,4.41,0,4.41,1000.59,50.03,1050.62,75.02,225.06,77.51,78.58
ABNAH Cafe Saket Premium,2026-03-17,BILL-OUT003-260317-0021,Delivery/Takeaway,Mall Walk-in,,,Beverage,Cold Brew,996331,MENU0033,Classic Cold Brew - Regular,225.44,2.0,450.88,,0.0,0,0.0,450.88,22.54,473.42,25.6,51.2,88.64,89.19
ABNAH Cafe Saket Premium,2026-03-17,BILL-OUT003-260317-0022,Delivery/Takeaway,Online,Guest 0110,9000000110,Beverage,Cold Brew,996331,MENU0034,Classic Cold Brew - Medium,250.0,1.0,250.0,Synthetic promotion,6.78,0,6.78,243.22,12.16,255.38,28.66,28.66,88.22,88.78
ABNAH Cafe Saket Premium,2026-03-17,BILL-OUT003-260317-0023,Delivery/Takeaway,Online,,,Beverage,Cold Brew,996331,MENU0035,Classic Cold Brew - Large,275.0,1.0,275.0,Synthetic promotion,13.39,0,13.39,261.61,13.08,274.69,31.73,31.73,87.87,88.45
ABNAH Cafe Saket Premium,2026-03-17,BILL-OUT003-260317-0024,Delivery/Takeaway,Online,,,Beverage,Cold Brew,996331,MENU0037,Coffee Lemonade - Medium,260.0,1.0,260.0,Synthetic promotion,8.76,0,8.76,251.24,12.56,263.8,33.09,33.09,86.83,87.46
ABNAH Cafe Saket Premium,2026-03-17,BILL-OUT003-260317-0025,Dine In,Dine In,,,Beverage,Cold Brew,996331,MENU0038,Coffee Lemonade - Large,285.0,2.0,570.0,Synthetic promotion,27.43,0,27.43,542.57,27.13,569.7,36.73,73.46,86.46,87.11
ABNAH Cafe Saket Premium,2026-03-17,BILL-OUT003-260317-0026,Delivery/Takeaway,Mall Walk-in,,,Beverage,Cold Brew,996331,MENU0040,Vietnamese Shakerato - Medium,280.0,1.0,280.0,Synthetic promotion,13.7,0,13.7,266.3,13.31,279.61,28.66,28.66,89.24,89.75
ABNAH Cafe Saket Premium,2026-03-17,BILL-OUT003-260317-0027,Delivery/Takeaway,Online,Guest 7499,9000007499,Beverage,Cold Coffee,996331,MENU0042,Classic Cold Coffee - Regular,255.0,1.0,255.0,Synthetic promotion,1.49,0,1.49,253.51,12.68,266.19,38.56,38.56,84.79,85.51
ABNAH Cafe Saket Premium,2026-03-17,BILL-OUT003-260317-0028,Delivery/Takeaway,Mall Walk-in,,,Beverage,Cold Coffee,996331,MENU0043,Classic Cold Coffee - Medium,290.0,3.0,870.0,Synthetic promotion,35.79,0,35.79,834.21,41.71,875.92,43.56,130.68,84.33,85.08
ABNAH Cafe Saket Premium,2026-03-17,BILL-OUT003-260317-0029,Delivery/Takeaway,Online,,,Beverage,Cold Coffee,996331,MENU0049,Caramel Cold Coffee - Medium,320.0,1.0,320.0,Synthetic promotion,7.09,0,7.09,312.91,15.65,328.56,50.74,50.74,83.78,84.56
ABNAH Cafe Saket Premium,2026-03-17,BILL-OUT003-260317-0030,Delivery/Takeaway,Mall Walk-in,,,Beverage,Cold Coffee,996331,MENU0050,Caramel Cold Coffee - Large,355.0,2.0,710.0,Synthetic promotion,24.76,0,24.76,685.24,34.26,719.5,56.7,113.4,83.45,84.24
ABNAH Cafe Saket Premium,2026-03-17,BILL-OUT003-260317-0031,Delivery/Takeaway,Online,,,Beverage,Tea,996331,MENU0051,Masala Chai Latte - Regular,195.0,1.0,195.0,Synthetic promotion,4.36,0,4.36,190.64,9.53,200.17,36.17,36.17,81.03,81.93
ABNAH Cafe Saket Premium,2026-03-17,BILL-OUT003-260317-0032,Dine In,Dine In,Guest 3549,9000003549,Beverage,Tea,996331,MENU0055,Japanese Matcha Latte - Regular,265.0,1.0,265.0,Synthetic promotion,13.86,0,13.86,251.14,12.56,263.7,36.17,36.17,85.6,86.28
ABNAH Cafe Saket Premium,2026-03-17,BILL-OUT003-260317-0033,Dine In,Dine In,,,Beverage,Tea,996331,MENU0056,Japanese Matcha Latte - Medium,295.0,1.0,295.0,Synthetic promotion,10.61,0,10.61,284.39,14.22,298.61,40.96,40.96,85.6,86.28
ABNAH Cafe Saket Premium,2026-03-17,BILL-OUT003-260317-0034,Delivery/Takeaway,Online,,,Beverage,Iced Tea,996331,MENU0059,Lemon Iced Tea - Medium,230.0,1.0,230.0,Synthetic promotion,5.39,0,5.39,224.61,11.23,235.84,15.66,15.66,93.03,93.36
ABNAH Cafe Saket Premium,2026-03-17,BILL-OUT003-260317-0035,Delivery/Takeaway,Online,Guest 6144,9000006144,Beverage,Iced Tea,996331,MENU0060,Lemon Iced Tea - Large,255.0,1.0,255.0,Synthetic promotion,8.98,0,8.98,246.02,12.3,258.32,17.03,17.03,93.08,93.41
ABNAH Cafe Saket Premium,2026-03-17,BILL-OUT003-260317-0036,Dine In,Dine In,,,Beverage,Iced Tea,996331,MENU0062,Hibiscus Lime Iced Tea - Medium,250.0,1.0,250.0,Synthetic promotion,3.47,0,3.47,246.53,12.33,258.86,26.94,26.94,89.07,89.59
ABNAH Cafe Saket Premium,2026-03-17,BILL-OUT003-260317-0037,Dine In,Dine In,,,Beverage,Shake,996331,MENU0070,Choco Chip Shake - Large,365.0,1.0,365.0,Synthetic promotion,14.83,0,14.83,350.17,17.51,367.68,42.79,42.79,87.78,88.36
ABNAH Cafe Saket Premium,2026-03-17,BILL-OUT003-260317-0038,Dine In,Dine In,,,Beverage,Shake,996331,MENU0071,Mixed Berry Shake - Regular,315.0,1.0,315.0,Synthetic promotion,10.9,0,10.9,304.1,15.21,319.31,61.21,61.21,79.87,80.83
ABNAH Cafe Saket Premium,2026-03-17,BILL-OUT003-260317-0039,Dine In,Dine In,Guest 0850,9000000850,Beverage,Shake,996331,MENU0072,Mixed Berry Shake - Medium,350.0,2.0,700.0,Synthetic promotion,20.43,0,20.43,679.57,33.98,713.55,69.6,139.2,79.52,80.49
ABNAH Cafe Saket Premium,2026-03-17,BILL-OUT003-260317-0040,Delivery/Takeaway,Mall Walk-in,Guest 2162,9000002162,Beverage,Smoothie,996331,MENU0076,Seasonal Smoothie - Large,380.26,1.0,380.26,,0.0,0,0.0,380.26,19.01,399.27,41.83,41.83,89.0,89.52
ABNAH Cafe Saket Premium,2026-03-17,BILL-OUT003-260317-0041,Delivery/Takeaway,Mall Walk-in,,,Food,Breakfast,996331,MENU0086,Breakfast Pancakes,285.0,1.0,285.0,Synthetic promotion,10.23,0,10.23,274.77,13.74,288.51,66.89,66.89,75.66,76.82
ABNAH Cafe Saket Premium,2026-03-17,BILL-OUT003-260317-0042,Delivery/Takeaway,Online,,,Food,Baked Goods,996331,MENU0095,Almond Croissant,245.0,1.0,245.0,Synthetic promotion,2.02,0,2.02,242.98,12.15,255.13,58.04,58.04,76.11,77.25
ABNAH Cafe Saket Premium,2026-03-17,BILL-OUT003-260317-0043,Dine In,Dine In,,,Food,Baked Goods,996331,MENU0096,Chocolate Croissant,235.0,1.0,235.0,Synthetic promotion,1.21,0,1.21,233.79,11.69,245.48,64.54,64.54,72.39,73.71
ABNAH Cafe Saket Premium,2026-03-17,BILL-OUT003-260317-0044,Delivery/Takeaway,Online,,,Food,Baked Goods,996331,MENU0097,Mushroom Cheese Croissant,255.0,1.0,255.0,Synthetic promotion,10.86,0,10.86,244.14,12.21,256.35,74.84,74.84,69.35,70.81
ABNAH Cafe Saket Premium,2026-03-17,BILL-OUT003-260317-0045,Delivery/Takeaway,Mall Walk-in,,,Dessert,Baked Goods,996331,MENU0101,Lemon Raspberry Tea Cake,215.0,1.0,215.0,Synthetic promotion,7.67,0,7.67,207.33,10.37,217.7,56.57,56.57,72.71,74.01
ABNAH Cafe Saket Premium,2026-03-17,BILL-OUT003-260317-0046,Delivery/Takeaway,Mall Walk-in,,,Dessert,Desserts,996331,MENU0102,Double Chocolate Truffle Cake,295.0,1.0,295.0,Synthetic promotion,6.15,0,6.15,288.85,14.44,303.29,63.07,63.07,78.17,79.2
ABNAH Cafe Saket Premium,2026-03-17,BILL-OUT003-260317-0047,Delivery/Takeaway,Online,,,Dessert,Desserts,996331,MENU0103,Banoffee Pie,288.63,2.0,577.26,,0.0,0,0.0,577.27,28.86,606.13,56.57,113.14,80.4,81.33
ABNAH Cafe Saket Premium,2026-03-17,BILL-OUT003-260317-0048,Delivery/Takeaway,Online,Guest 0123,9000000123,Dessert,Desserts,996331,MENU0105,Soft-Centred Caramel Cookie,180.96,5.0,904.8,,0.0,0,0.0,904.81,45.24,950.05,46.02,230.1,74.57,75.78
ABNAH Cafe Saket Premium,2026-03-17,BILL-OUT003-260317-0049,Delivery/Takeaway,Mall Walk-in,Guest 3516,9000003516,Dessert,Desserts,996331,MENU0106,Death by Chocolate Cookie,190.0,1.0,190.0,Synthetic promotion,1.71,0,1.71,188.29,9.41,197.7,47.52,47.52,74.76,75.96
ABNAH Cafe Saket Premium,2026-03-17,BILL-OUT003-260317-0050,Dine In,Dine In,,,Dessert,Desserts,996331,MENU0108,Apple Pie,270.0,2.0,540.0,Synthetic promotion,0.7,0,0.7,539.3,26.96,566.26,56.57,113.14,79.02,80.02
ABNAH Cafe Saket Premium,2026-03-17,BILL-OUT003-260317-0051,Dine In,Dine In,,,Dessert,Desserts,996331,MENU0109,Basque Cheesecake,311.94,1.0,311.94,,0.0,0,0.0,311.94,15.6,327.54,82.57,82.57,73.53,74.79
ABNAH Cafe Saket Premium,2026-03-18,BILL-OUT003-260318-0001,Delivery/Takeaway,Mall Walk-in,,,Beverage,Coffee Classics,996331,MENU0004,Americano - Medium,212.47,2.0,424.94,Synthetic promotion,0.01,0,0.01,424.93,21.25,446.18,26.05,52.1,87.74,88.32
ABNAH Cafe Saket Premium,2026-03-18,BILL-OUT003-260318-0002,Dine In,Dine In,,,Beverage,Coffee Classics,996331,MENU0007,Latte - Medium,250.0,3.0,750.0,Synthetic promotion,12.9,0,12.9,737.1,36.85,773.95,40.96,122.88,83.33,84.12
ABNAH Cafe Saket Premium,2026-03-18,BILL-OUT003-260318-0003,Delivery/Takeaway,Online,,,Beverage,Coffee Classics,996331,MENU0009,Cappuccino - Regular,225.0,1.0,225.0,Synthetic promotion,2.68,0,2.68,222.32,11.12,233.44,36.17,36.17,83.73,84.51
ABNAH Cafe Saket Premium,2026-03-18,BILL-OUT003-260318-0004,Delivery/Takeaway,Online,,,Beverage,Coffee Classics,996331,MENU0010,Cappuccino - Medium,250.0,4.0,1000.0,Synthetic promotion,42.61,0,42.61,957.39,47.87,1005.26,40.96,163.84,82.89,83.7
ABNAH Cafe Saket Premium,2026-03-18,BILL-OUT003-260318-0005,Delivery/Takeaway,Online,,,Beverage,Coffee Classics,996331,MENU0012,Flat White - Regular,237.36,3.0,712.08,,0.0,0,0.0,712.09,35.6,747.69,36.17,108.51,84.76,85.49
ABNAH Cafe Saket Premium,2026-03-18,BILL-OUT003-260318-0006,Dine In,Dine In,,,Beverage,Coffee Classics,996331,MENU0013,Flat White - Medium,260.0,1.0,260.0,Synthetic promotion,9.35,0,9.35,250.65,12.53,263.18,40.96,40.96,83.66,84.44
ABNAH Cafe Saket Premium,2026-03-18,BILL-OUT003-260318-0007,Delivery/Takeaway,Mall Walk-in,,,Beverage,Coffee Classics,996331,MENU0015,Mocha - Regular,245.0,2.0,490.0,Synthetic promotion,6.04,0,6.04,483.96,24.2,508.16,42.67,85.34,82.37,83.21
ABNAH Cafe Saket Premium,2026-03-18,BILL-OUT003-260318-0008,Delivery/Takeaway,Online,,,Beverage,Coffee Classics,996331,MENU0016,Mocha - Medium,272.79,1.0,272.79,,0.0,0,0.0,272.79,13.64,286.43,48.42,48.42,82.25,83.1
ABNAH Cafe Saket Premium,2026-03-18,BILL-OUT003-260318-0009,Delivery/Takeaway,Mall Walk-in,,,Beverage,Signature Coffee,996331,MENU0018,Sea Salt Mocha - Regular,275.0,1.0,275.0,Synthetic promotion,11.46,0,11.46,263.54,13.18,276.72,42.67,42.67,83.81,84.58
ABNAH Cafe Saket Premium,2026-03-18,BILL-OUT003-260318-0010,Delivery/Takeaway,Online,Guest 6638,9000006638,Beverage,Signature Coffee,996331,MENU0019,Sea Salt Mocha - Medium,305.0,1.0,305.0,Synthetic promotion,0.71,0,0.71,304.29,15.21,319.5,48.42,48.42,84.09,84.85
ABNAH Cafe Saket Premium,2026-03-18,BILL-OUT003-260318-0011,Dine In,Dine In,,,Beverage,Signature Coffee,996331,MENU0022,Orange Zest Mocha - Medium,300.0,1.0,300.0,Synthetic promotion,5.65,0,5.65,294.35,14.72,309.07,48.42,48.42,83.55,84.33
ABNAH Cafe Saket Premium,2026-03-18,BILL-OUT003-260318-0012,Dine In,Dine In,,,Beverage,Signature Coffee,996331,MENU0023,Orange Zest Mocha - Large,330.0,1.0,330.0,Synthetic promotion,10.05,0,10.05,319.95,16.0,335.95,54.21,54.21,83.06,83.86
ABNAH Cafe Saket Premium,2026-03-18,BILL-OUT003-260318-0013,Delivery/Takeaway,Mall Walk-in,,,Beverage,Signature Coffee,996331,MENU0028,French Vanilla Latte - Medium,295.0,3.0,885.0,Synthetic promotion,47.35,0,47.35,837.65,41.88,879.53,47.85,143.55,82.86,83.68
ABNAH Cafe Saket Premium,2026-03-18,BILL-OUT003-260318-0014,Delivery/Takeaway,Mall Walk-in,,,Beverage,Signature Coffee,996331,MENU0031,Vegan Iced Latte - Medium,310.0,1.0,310.0,Synthetic promotion,3.35,0,3.35,306.65,15.33,321.98,66.95,66.95,78.17,79.21
ABNAH Cafe Saket Premium,2026-03-18,BILL-OUT003-260318-0015,Delivery/Takeaway,Mall Walk-in,,,Beverage,Signature Coffee,996331,MENU0032,Vegan Iced Latte - Large,335.0,1.0,335.0,Synthetic promotion,6.69,0,6.69,328.31,16.42,344.73,75.02,75.02,77.15,78.24
ABNAH Cafe Saket Premium,2026-03-18,BILL-OUT003-260318-0016,Delivery/Takeaway,Online,,,Beverage,Cold Brew,996331,MENU0033,Classic Cold Brew - Regular,225.0,1.0,225.0,Synthetic promotion,12.02,0,12.02,212.98,10.65,223.63,25.6,25.6,87.98,88.55
ABNAH Cafe Saket Premium,2026-03-18,BILL-OUT003-260318-0017,Dine In,Dine In,,,Beverage,Cold Brew,996331,MENU0034,Classic Cold Brew - Medium,254.54,1.0,254.54,,0.0,0,0.0,254.54,12.73,267.27,28.66,28.66,88.74,89.28
ABNAH Cafe Saket Premium,2026-03-18,BILL-OUT003-260318-0018,Delivery/Takeaway,Online,Guest 1850,9000001850,Beverage,Cold Brew,996331,MENU0035,Classic Cold Brew - Large,277.43,1.0,277.43,,0.0,0,0.0,277.43,13.87,291.3,31.73,31.73,88.56,89.11
ABNAH Cafe Saket Premium,2026-03-18,BILL-OUT003-260318-0019,Delivery/Takeaway,Mall Walk-in,,,Beverage,Cold Brew,996331,MENU0036,Coffee Lemonade - Regular,235.0,1.0,235.0,Synthetic promotion,4.62,0,4.62,230.38,11.52,241.9,29.45,29.45,87.22,87.83
ABNAH Cafe Saket Premium,2026-03-18,BILL-OUT003-260318-0020,Dine In,Dine In,,,Beverage,Cold Brew,996331,MENU0037,Coffee Lemonade - Medium,264.89,4.0,1059.56,,0.0,0,0.0,1059.57,52.98,1112.55,33.09,132.36,87.51,88.1
ABNAH Cafe Saket Premium,2026-03-18,BILL-OUT003-260318-0021,Delivery/Takeaway,Online,,,Beverage,Cold Brew,996331,MENU0038,Coffee Lemonade - Large,285.0,1.0,285.0,Synthetic promotion,2.07,0,2.07,282.93,14.15,297.08,36.73,36.73,87.02,87.64
ABNAH Cafe Saket Premium,2026-03-18,BILL-OUT003-260318-0022,Dine In,Dine In,,,Beverage,Cold Brew,996331,MENU0039,Vietnamese Shakerato - Regular,255.0,1.0,255.0,Synthetic promotion,4.33,0,4.33,250.67,12.53,263.2,25.6,25.6,89.79,90.27
ABNAH Cafe Saket Premium,2026-03-18,BILL-OUT003-260318-0023,Dine In,Dine In,,,Beverage,Cold Brew,996331,MENU0040,Vietnamese Shakerato - Medium,280.0,1.0,280.0,Synthetic promotion,16.37,0,16.37,263.63,13.18,276.81,28.66,28.66,89.13,89.65
ABNAH Cafe Saket Premium,2026-03-18,BILL-OUT003-260318-0024,Delivery/Takeaway,Online,,,Beverage,Cold Coffee,996331,MENU0043,Classic Cold Coffee - Medium,290.0,1.0,290.0,Synthetic promotion,3.99,0,3.99,286.01,14.3,300.31,43.56,43.56,84.77,85.49
ABNAH Cafe Saket Premium,2026-03-18,BILL-OUT003-260318-0025,Delivery/Takeaway,Mall Walk-in,,,Beverage,Cold Coffee,996331,MENU0045,Mocha Cold Coffee - Regular,290.61,1.0,290.61,,0.0,0,0.0,290.61,14.53,305.14,45.06,45.06,84.49,85.23
ABNAH Cafe Saket Premium,2026-03-18,BILL-OUT003-260318-0026,Delivery/Takeaway,Mall Walk-in,,,Beverage,Cold Coffee,996331,MENU0046,Mocha Cold Coffee - Medium,323.9,2.0,647.8,,0.0,0,0.0,647.8,32.39,680.19,51.03,102.06,84.25,85.0
ABNAH Cafe Saket Premium,2026-03-18,BILL-OUT003-260318-0027,Delivery/Takeaway,Online,,,Beverage,Cold Coffee,996331,MENU0047,Mocha Cold Coffee - Large,357.81,1.0,357.81,,0.0,0,0.0,357.81,17.89,375.7,57.03,57.03,84.06,84.82
ABNAH Cafe Saket Premium,2026-03-18,BILL-OUT003-260318-0028,Delivery/Takeaway,Mall Walk-in,,,Beverage,Cold Coffee,996331,MENU0048,Caramel Cold Coffee - Regular,285.0,2.0,570.0,Synthetic promotion,5.92,0,5.92,564.08,28.2,592.28,44.81,89.62,84.11,84.87
ABNAH Cafe Saket Premium,2026-03-18,BILL-OUT003-260318-0029,Dine In,Dine In,,,Beverage,Cold Coffee,996331,MENU0050,Caramel Cold Coffee - Large,357.19,2.0,714.38,,0.0,0,0.0,714.38,35.72,750.1,56.7,113.4,84.13,84.88
ABNAH Cafe Saket Premium,2026-03-18,BILL-OUT003-260318-0030,Delivery/Takeaway,Mall Walk-in,,,Beverage,Tea,996331,MENU0052,Masala Chai Latte - Medium,220.0,1.0,220.0,Synthetic promotion,11.95,0,11.95,208.05,10.4,218.45,40.96,40.96,80.31,81.25
ABNAH Cafe Saket Premium,2026-03-18,BILL-OUT003-260318-0031,Delivery/Takeaway,Online,Guest 4877,9000004877,Beverage,Tea,996331,MENU0053,Masala Chai Latte - Large,245.0,1.0,245.0,Synthetic promotion,8.61,0,8.61,236.39,11.82,248.21,45.76,45.76,80.64,81.56
ABNAH Cafe Saket Premium,2026-03-18,BILL-OUT003-260318-0032,Dine In,Dine In,Guest 3386,9000003386,Beverage,Tea,996331,MENU0054,Himalayan Green Tea,210.0,1.0,210.0,Synthetic promotion,2.75,0,2.75,207.25,10.36,217.61,8.67,8.67,95.82,96.02
ABNAH Cafe Saket Premium,2026-03-18,BILL-OUT003-260318-0033,Delivery/Takeaway,Mall Walk-in,,,Beverage,Tea,996331,MENU0056,Japanese Matcha Latte - Medium,295.0,1.0,295.0,Synthetic promotion,9.07,0,9.07,285.93,14.3,300.23,40.96,40.96,85.67,86.36
ABNAH Cafe Saket Premium,2026-03-18,BILL-OUT003-260318-0034,Delivery/Takeaway,Mall Walk-in,,,Beverage,Tea,996331,MENU0057,Japanese Matcha Latte - Large,325.0,1.0,325.0,Synthetic promotion,17.61,0,17.61,307.39,15.37,322.76,45.76,45.76,85.11,85.82
ABNAH Cafe Saket Premium,2026-03-18,BILL-OUT003-260318-0035,Delivery/Takeaway,Online,,,Beverage,Iced Tea,996331,MENU0058,Lemon Iced Tea - Regular,205.0,1.0,205.0,Synthetic promotion,7.66,0,7.66,197.34,9.87,207.21,14.29,14.29,92.76,93.1
ABNAH Cafe Saket Premium,2026-03-18,BILL-OUT003-260318-0036,Delivery/Takeaway,Online,,,Beverage,Kids Beverage,996331,MENU0065,Hot Chocolate - Medium,245.0,1.0,245.0,Synthetic promotion,10.02,0,10.02,234.98,11.75,246.73,40.27,40.27,82.86,83.68
ABNAH Cafe Saket Premium,2026-03-18,BILL-OUT003-260318-0037,Dine In,Dine In,,,Beverage,Shake,996331,MENU0069,Choco Chip Shake - Medium,330.0,2.0,660.0,Synthetic promotion,5.49,0,5.49,654.51,32.73,687.24,38.42,76.84,88.26,88.82
ABNAH Cafe Saket Premium,2026-03-18,BILL-OUT003-260318-0038,Delivery/Takeaway,Online,,,Beverage,Shake,996331,MENU0073,Mixed Berry Shake - Large,385.0,1.0,385.0,Synthetic promotion,18.73,0,18.73,366.27,18.31,384.58,78.02,78.02,78.7,79.71
ABNAH Cafe Saket Premium,2026-03-18,BILL-OUT003-260318-0039,Delivery/Takeaway,Online,,,Beverage,Smoothie,996331,MENU0075,Seasonal Smoothie - Medium,340.0,1.0,340.0,Synthetic promotion,5.71,0,5.71,334.29,16.71,351.0,37.59,37.59,88.76,89.29
ABNAH Cafe Saket Premium,2026-03-18,BILL-OUT003-260318-0040,Dine In,Dine In,,,Food,Wraps,996331,MENU0077,Spicy Paneer Wrap,275.0,2.0,550.0,Synthetic promotion,7.67,0,7.67,542.33,27.12,569.45,73.36,146.72,72.95,74.23
ABNAH Cafe Saket Premium,2026-03-18,BILL-OUT003-260318-0041,Delivery/Takeaway,Online,,,Food,Wraps,996331,MENU0078,Shredded Chicken Wrap,295.0,1.0,295.0,Synthetic promotion,11.43,0,11.43,283.57,14.18,297.75,70.05,70.05,75.3,76.47
ABNAH Cafe Saket Premium,2026-03-18,BILL-OUT003-260318-0042,Delivery/Takeaway,Mall Walk-in,,,Food,Sandwiches,996331,MENU0079,Smoked Chipotle Paneer Sandwich,296.99,3.0,890.97,,0.0,0,0.0,890.98,44.55,935.53,90.66,271.98,69.47,70.93
ABNAH Cafe Saket Premium,2026-03-18,BILL-OUT003-260318-0043,Delivery/Takeaway,Online,Guest 4527,9000004527,Food,Sandwiches,996331,MENU0081,Pepper Chicken Sandwich,315.0,1.0,315.0,Synthetic promotion,3.46,0,3.46,311.54,15.58,327.12,87.66,87.66,71.86,73.2
ABNAH Cafe Saket Premium,2026-03-18,BILL-OUT003-260318-0044,Delivery/Takeaway,Mall Walk-in,,,Food,Sandwiches,996331,MENU0082,Tandoori Chicken Sandwich,320.0,2.0,640.0,Synthetic promotion,35.13,0,35.13,604.87,30.24,635.11,87.66,175.32,71.02,72.4
ABNAH Cafe Saket Premium,2026-03-18,BILL-OUT003-260318-0045,Delivery/Takeaway,Mall Walk-in,Guest 1652,9000001652,Food,Toasts,996331,MENU0083,Chilli Cheese Garlic Toast,235.0,1.0,235.0,Synthetic promotion,1.66,0,1.66,233.34,11.67,245.01,42.14,42.14,81.94,82.8
ABNAH Cafe Saket Premium,2026-03-18,BILL-OUT003-260318-0046,Delivery/Takeaway,Online,,,Food,Breakfast,996331,MENU0088,Scallion Pepper Cream Cheese Bagel,267.38,1.0,267.38,,0.0,0,0.0,267.38,13.37,280.75,54.49,54.49,79.62,80.59
ABNAH Cafe Saket Premium,2026-03-18,BILL-OUT003-260318-0047,Delivery/Takeaway,Online,,,Food,Baked Goods,996331,MENU0094,Butter Croissant,196.24,2.0,392.48,,0.0,0,0.0,392.48,19.62,412.1,58.04,116.08,70.42,71.83
ABNAH Cafe Saket Premium,2026-03-18,BILL-OUT003-260318-0048,Delivery/Takeaway,Mall Walk-in,,,Food,Baked Goods,996331,MENU0096,Chocolate Croissant,235.0,1.0,235.0,Synthetic promotion,12.69,0,12.69,222.31,11.12,233.43,64.54,64.54,70.97,72.35
ABNAH Cafe Saket Premium,2026-03-18,BILL-OUT003-260318-0049,Delivery/Takeaway,Online,Guest 7080,9000007080,Dessert,Baked Goods,996331,MENU0100,Banana Walnut Tea Cake,208.77,1.0,208.77,,0.0,0,0.0,208.77,10.44,219.21,61.61,61.61,70.49,71.89
ABNAH Cafe Saket Premium,2026-03-18,BILL-OUT003-260318-0050,Delivery/Takeaway,Mall Walk-in,,,Dessert,Desserts,996331,MENU0103,Banoffee Pie,285.0,2.0,570.0,Synthetic promotion,27.99,0,27.99,542.01,27.1,569.11,56.57,113.14,79.13,80.12
ABNAH Cafe Saket Premium,2026-03-18,BILL-OUT003-260318-0051,Dine In,Dine In,,,Dessert,Desserts,996331,MENU0104,Classic Chocolate Fudge Brownie,195.75,1.0,195.75,,0.0,0,0.0,195.75,9.79,205.54,51.02,51.02,73.94,75.18
ABNAH Cafe Saket Premium,2026-03-18,BILL-OUT003-260318-0052,Delivery/Takeaway,Mall Walk-in,,,Dessert,Desserts,996331,MENU0105,Soft-Centred Caramel Cookie,182.08,3.0,546.24,Synthetic promotion,0.01,0,0.01,546.23,27.31,573.54,46.02,138.06,74.72,75.93
ABNAH Cafe Saket Premium,2026-03-18,BILL-OUT003-260318-0053,Dine In,Dine In,,,Dessert,Desserts,996331,MENU0106,Death by Chocolate Cookie,190.0,1.0,190.0,Synthetic promotion,0.43,0,0.43,189.57,9.48,199.05,47.52,47.52,74.93,76.13
ABNAH Cafe Saket Premium,2026-03-18,BILL-OUT003-260318-0054,Delivery/Takeaway,Mall Walk-in,,,Dessert,Desserts,996331,MENU0108,Apple Pie,270.0,2.0,540.0,Synthetic promotion,17.49,0,17.49,522.51,26.13,548.64,56.57,113.14,78.35,79.38
ABNAH Cafe Saket Premium,2026-03-18,BILL-OUT003-260318-0055,Delivery/Takeaway,Online,,,Dessert,Desserts,996331,MENU0109,Basque Cheesecake,310.0,1.0,310.0,Synthetic promotion,2.44,0,2.44,307.56,15.38,322.94,82.57,82.57,73.15,74.43
ABNAH Cafe Saket Premium,2026-03-18,BILL-OUT003-260318-0056,Delivery/Takeaway,Online,,,Dessert,Baked Goods,996331,MENU0110,Multigrain Walnut Tea Cake,225.0,1.0,225.0,Synthetic promotion,3.06,0,3.06,221.94,11.1,233.04,56.57,56.57,74.51,75.73
ABNAH Cafe Saket Premium,2026-03-19,BILL-OUT003-260319-0001,Dine In,Dine In,Guest 0195,9000000195,Beverage,Coffee Classics,996331,MENU0004,Americano - Medium,210.0,4.0,840.0,Synthetic promotion,0.5,0,0.5,839.5,41.98,881.48,26.05,104.2,87.59,88.18
ABNAH Cafe Saket Premium,2026-03-19,BILL-OUT003-260319-0002,Dine In,Dine In,,,Beverage,Coffee Classics,996331,MENU0005,Americano - Large,235.0,1.0,235.0,Synthetic promotion,6.9,0,6.9,228.1,11.4,239.5,28.91,28.91,87.33,87.93
ABNAH Cafe Saket Premium,2026-03-19,BILL-OUT003-260319-0003,Dine In,Dine In,,,Beverage,Coffee Classics,996331,MENU0010,Cappuccino - Medium,250.0,2.0,500.0,Synthetic promotion,2.46,0,2.46,497.54,24.88,522.42,40.96,81.92,83.53,84.32
ABNAH Cafe Saket Premium,2026-03-19,BILL-OUT003-260319-0004,Dine In,Dine In,,,Beverage,Coffee Classics,996331,MENU0011,Cappuccino - Large,275.0,1.0,275.0,Synthetic promotion,14.91,0,14.91,260.09,13.0,273.09,45.76,45.76,82.41,83.24
ABNAH Cafe Saket Premium,2026-03-19,BILL-OUT003-260319-0005,Delivery/Takeaway,Online,,,Beverage,Coffee Classics,996331,MENU0012,Flat White - Regular,235.0,2.0,470.0,Synthetic promotion,27.8,0,27.8,442.2,22.11,464.31,36.17,72.34,83.64,84.42
ABNAH Cafe Saket Premium,2026-03-19,BILL-OUT003-260319-0006,Delivery/Takeaway,Mall Walk-in,,,Beverage,Coffee Classics,996331,MENU0013,Flat White - Medium,260.0,1.0,260.0,Synthetic promotion,2.74,0,2.74,257.26,12.86,270.12,40.96,40.96,84.08,84.84
ABNAH Cafe Saket Premium,2026-03-19,BILL-OUT003-260319-0007,Dine In,Dine In,,,Beverage,Coffee Classics,996331,MENU0014,Flat White - Large,285.0,1.0,285.0,Synthetic promotion,14.83,0,14.83,270.17,13.51,283.68,45.76,45.76,83.06,83.87
ABNAH Cafe Saket Premium,2026-03-19,BILL-OUT003-260319-0008,Delivery/Takeaway,Mall Walk-in,,,Beverage,Coffee Classics,996331,MENU0015,Mocha - Regular,245.0,1.0,245.0,Synthetic promotion,13.25,0,13.25,231.75,11.59,243.34,42.67,42.67,81.59,82.46
ABNAH Cafe Saket Premium,2026-03-19,BILL-OUT003-260319-0009,Delivery/Takeaway,Mall Walk-in,,,Beverage,Coffee Classics,996331,MENU0017,Mocha - Large,298.29,1.0,298.29,,0.0,0,0.0,298.29,14.91,313.2,54.21,54.21,81.83,82.69
ABNAH Cafe Saket Premium,2026-03-19,BILL-OUT003-260319-0010,Dine In,Dine In,,,Beverage,Signature Coffee,996331,MENU0018,Sea Salt Mocha - Regular,275.0,2.0,550.0,Synthetic promotion,24.65,0,24.65,525.35,26.27,551.62,42.67,85.34,83.76,84.53
ABNAH Cafe Saket Premium,2026-03-19,BILL-OUT003-260319-0011,Delivery/Takeaway,Mall Walk-in,,,Beverage,Signature Coffee,996331,MENU0019,Sea Salt Mocha - Medium,305.0,2.0,610.0,Synthetic promotion,19.65,0,19.65,590.35,29.52,619.87,48.42,96.84,83.6,84.38
ABNAH Cafe Saket Premium,2026-03-19,BILL-OUT003-260319-0012,Dine In,Dine In,,,Beverage,Signature Coffee,996331,MENU0020,Sea Salt Mocha - Large,335.0,1.0,335.0,Synthetic promotion,15.91,0,15.91,319.09,15.95,335.04,54.21,54.21,83.01,83.82
ABNAH Cafe Saket Premium,2026-03-19,BILL-OUT003-260319-0013,Dine In,Dine In,,,Beverage,Signature Coffee,996331,MENU0021,Orange Zest Mocha - Regular,270.0,2.0,540.0,Synthetic promotion,29.7,0,29.7,510.3,25.52,535.82,42.67,85.34,83.28,84.07
ABNAH Cafe Saket Premium,2026-03-19,BILL-OUT003-260319-0014,Delivery/Takeaway,Mall Walk-in,,,Beverage,Signature Coffee,996331,MENU0022,Orange Zest Mocha - Medium,300.99,1.0,300.99,,0.0,0,0.0,300.99,15.05,316.04,48.42,48.42,83.91,84.68
ABNAH Cafe Saket Premium,2026-03-19,BILL-OUT003-260319-0015,Dine In,Dine In,,,Beverage,Signature Coffee,996331,MENU0026,Caramel Macchiato - Large,325.0,1.0,325.0,Synthetic promotion,12.34,0,12.34,312.66,15.63,328.29,53.88,53.88,82.77,83.59
ABNAH Cafe Saket Premium,2026-03-19,BILL-OUT003-260319-0016,Dine In,Dine In,,,Beverage,Signature Coffee,996331,MENU0028,French Vanilla Latte - Medium,298.34,1.0,298.34,,0.0,0,0.0,298.34,14.92,313.26,47.85,47.85,83.96,84.73
ABNAH Cafe Saket Premium,2026-03-19,BILL-OUT003-260319-0017,Delivery/Takeaway,Mall Walk-in,,,Beverage,Signature Coffee,996331,MENU0029,French Vanilla Latte - Large,325.0,1.0,325.0,Synthetic promotion,3.9,0,3.9,321.1,16.05,337.15,53.56,53.56,83.32,84.11
ABNAH Cafe Saket Premium,2026-03-19,BILL-OUT003-260319-0018,Delivery/Takeaway,Online,,,Beverage,Signature Coffee,996331,MENU0030,Vegan Iced Latte - Regular,285.0,2.0,570.0,Synthetic promotion,5.81,0,5.81,564.19,28.21,592.4,58.9,117.8,79.12,80.11
ABNAH Cafe Saket Premium,2026-03-19,BILL-OUT003-260319-0019,Dine In,Dine In,,,Beverage,Cold Brew,996331,MENU0035,Classic Cold Brew - Large,275.0,2.0,550.0,Synthetic promotion,22.6,0,22.6,527.4,26.37,553.77,31.73,63.46,87.97,88.54
ABNAH Cafe Saket Premium,2026-03-19,BILL-OUT003-260319-0020,Delivery/Takeaway,Online,,,Beverage,Cold Brew,996331,MENU0037,Coffee Lemonade - Medium,260.0,1.0,260.0,Synthetic promotion,5.77,0,5.77,254.23,12.71,266.94,33.09,33.09,86.98,87.6
ABNAH Cafe Saket Premium,2026-03-19,BILL-OUT003-260319-0021,Dine In,Dine In,,,Beverage,Cold Brew,996331,MENU0038,Coffee Lemonade - Large,285.12,2.0,570.24,,0.0,0,0.0,570.25,28.51,598.76,36.73,73.46,87.12,87.73
ABNAH Cafe Saket Premium,2026-03-19,BILL-OUT003-260319-0022,Delivery/Takeaway,Mall Walk-in,,,Beverage,Cold Brew,996331,MENU0040,Vietnamese Shakerato - Medium,280.1,2.0,560.2,Synthetic promotion,0.01,0,0.01,560.19,28.01,588.2,28.66,57.32,89.77,90.26
ABNAH Cafe Saket Premium,2026-03-19,BILL-OUT003-260319-0023,Delivery/Takeaway,Online,Guest 7856,9000007856,Beverage,Cold Brew,996331,MENU0041,Vietnamese Shakerato - Large,308.55,2.0,617.1,Synthetic promotion,0.01,0,0.01,617.09,30.85,647.94,31.73,63.46,89.72,90.21
ABNAH Cafe Saket Premium,2026-03-19,BILL-OUT003-260319-0024,Delivery/Takeaway,Mall Walk-in,,,Beverage,Cold Coffee,996331,MENU0043,Classic Cold Coffee - Medium,290.54,1.0,290.54,,0.0,0,0.0,290.54,14.53,305.07,43.56,43.56,85.01,85.72
ABNAH Cafe Saket Premium,2026-03-19,BILL-OUT003-260319-0025,Dine In,Dine In,,,Beverage,Cold Coffee,996331,MENU0044,Classic Cold Coffee - Large,328.33,1.0,328.33,,0.0,0,0.0,328.33,16.42,344.75,48.58,48.58,85.2,85.91
ABNAH Cafe Saket Premium,2026-03-19,BILL-OUT003-260319-0026,Delivery/Takeaway,Mall Walk-in,,,Beverage,Cold Coffee,996331,MENU0047,Mocha Cold Coffee - Large,355.0,3.0,1065.0,Synthetic promotion,36.45,0,36.45,1028.55,51.43,1079.98,57.03,171.09,83.37,84.16
ABNAH Cafe Saket Premium,2026-03-19,BILL-OUT003-260319-0027,Dine In,Dine In,Guest 8049,9000008049,Beverage,Cold Coffee,996331,MENU0050,Caramel Cold Coffee - Large,357.77,1.0,357.77,,0.0,0,0.0,357.77,17.89,375.66,56.7,56.7,84.15,84.91
ABNAH Cafe Saket Premium,2026-03-19,BILL-OUT003-260319-0028,Delivery/Takeaway,Mall Walk-in,,,Beverage,Tea,996331,MENU0051,Masala Chai Latte - Regular,195.0,2.0,390.0,Synthetic promotion,19.2,0,19.2,370.8,18.54,389.34,36.17,72.34,80.49,81.42
ABNAH Cafe Saket Premium,2026-03-19,BILL-OUT003-260319-0029,Delivery/Takeaway,Online,,,Beverage,Tea,996331,MENU0052,Masala Chai Latte - Medium,220.0,1.0,220.0,Synthetic promotion,8.52,0,8.52,211.48,10.57,222.05,40.96,40.96,80.63,81.55
ABNAH Cafe Saket Premium,2026-03-19,BILL-OUT003-260319-0030,Dine In,Dine In,,,Beverage,Tea,996331,MENU0054,Himalayan Green Tea,210.0,1.0,210.0,Synthetic promotion,3.6,0,3.6,206.4,10.32,216.72,8.67,8.67,95.8,96.0
ABNAH Cafe Saket Premium,2026-03-19,BILL-OUT003-260319-0031,Dine In,Dine In,,,Beverage,Tea,996331,MENU0056,Japanese Matcha Latte - Medium,295.0,2.0,590.0,Synthetic promotion,31.82,0,31.82,558.18,27.91,586.09,40.96,81.92,85.32,86.02
ABNAH Cafe Saket Premium,2026-03-19,BILL-OUT003-260319-0032,Dine In,Dine In,,,Beverage,Tea,996331,MENU0057,Japanese Matcha Latte - Large,325.32,1.0,325.32,,0.0,0,0.0,325.32,16.27,341.59,45.76,45.76,85.93,86.6
ABNAH Cafe Saket Premium,2026-03-19,BILL-OUT003-260319-0033,Delivery/Takeaway,Online,,,Beverage,Iced Tea,996331,MENU0058,Lemon Iced Tea - Regular,207.28,2.0,414.56,,0.0,0,0.0,414.56,20.73,435.29,14.29,28.58,93.11,93.43
ABNAH Cafe Saket Premium,2026-03-19,BILL-OUT003-260319-0034,Delivery/Takeaway,Online,,,Beverage,Iced Tea,996331,MENU0059,Lemon Iced Tea - Medium,230.0,1.0,230.0,Synthetic promotion,7.31,0,7.31,222.69,11.13,233.82,15.66,15.66,92.97,93.3
ABNAH Cafe Saket Premium,2026-03-19,BILL-OUT003-260319-0035,Dine In,Dine In,,,Beverage,Iced Tea,996331,MENU0062,Hibiscus Lime Iced Tea - Medium,250.0,1.0,250.0,Synthetic promotion,13.97,0,13.97,236.03,11.8,247.83,26.94,26.94,88.59,89.13
ABNAH Cafe Saket Premium,2026-03-19,BILL-OUT003-260319-0036,Delivery/Takeaway,Online,,,Beverage,Shake,996331,MENU0068,Choco Chip Shake - Regular,295.0,1.0,295.0,Synthetic promotion,11.85,0,11.85,283.15,14.16,297.31,34.11,34.11,87.95,88.53
ABNAH Cafe Saket Premium,2026-03-19,BILL-OUT003-260319-0037,Dine In,Dine In,,,Beverage,Shake,996331,MENU0069,Choco Chip Shake - Medium,330.0,1.0,330.0,Synthetic promotion,12.15,0,12.15,317.85,15.89,333.74,38.42,38.42,87.91,88.49
ABNAH Cafe Saket Premium,2026-03-19,BILL-OUT003-260319-0038,Delivery/Takeaway,Online,,,Beverage,Shake,996331,MENU0072,Mixed Berry Shake - Medium,350.0,2.0,700.0,Synthetic promotion,24.59,0,24.59,675.41,33.77,709.18,69.6,139.2,79.39,80.37
ABNAH Cafe Saket Premium,2026-03-19,BILL-OUT003-260319-0039,Delivery/Takeaway,Online,,,Beverage,Shake,996331,MENU0073,Mixed Berry Shake - Large,385.0,1.0,385.0,Synthetic promotion,7.77,0,7.77,377.23,18.86,396.09,78.02,78.02,79.32,80.3
ABNAH Cafe Saket Premium,2026-03-19,BILL-OUT003-260319-0040,Delivery/Takeaway,Online,,,Beverage,Smoothie,996331,MENU0075,Seasonal Smoothie - Medium,344.88,2.0,689.76,,0.0,0,0.0,689.77,34.49,724.26,37.59,75.18,89.1,89.62
ABNAH Cafe Saket Premium,2026-03-19,BILL-OUT003-260319-0041,Delivery/Takeaway,Mall Walk-in,,,Food,Wraps,996331,MENU0077,Spicy Paneer Wrap,275.32,1.0,275.32,,0.0,0,0.0,275.32,13.77,289.09,73.36,73.36,73.35,74.62
ABNAH Cafe Saket Premium,2026-03-19,BILL-OUT003-260319-0042,Dine In,Dine In,,,Food,Wraps,996331,MENU0078,Shredded Chicken Wrap,297.44,1.0,297.44,,0.0,0,0.0,297.44,14.87,312.31,70.05,70.05,76.45,77.57
ABNAH Cafe Saket Premium,2026-03-19,BILL-OUT003-260319-0043,Delivery/Takeaway,Mall Walk-in,,,Food,Sandwiches,996331,MENU0081,Pepper Chicken Sandwich,315.0,1.0,315.0,Synthetic promotion,0.71,0,0.71,314.29,15.71,330.0,87.66,87.66,72.11,73.44
ABNAH Cafe Saket Premium,2026-03-19,BILL-OUT003-260319-0044,Delivery/Takeaway,Online,,,Food,Toasts,996331,MENU0083,Chilli Cheese Garlic Toast,235.0,1.0,235.0,Synthetic promotion,6.63,0,6.63,228.37,11.42,239.79,42.14,42.14,81.55,82.43
ABNAH Cafe Saket Premium,2026-03-19,BILL-OUT003-260319-0045,Delivery/Takeaway,Online,,,Food,Snacks,996331,MENU0090,Marinara Cheese Pin Wheels,215.0,1.0,215.0,Synthetic promotion,9.47,0,9.47,205.53,10.28,215.81,38.29,38.29,81.37,82.26
ABNAH Cafe Saket Premium,2026-03-19,BILL-OUT003-260319-0046,Delivery/Takeaway,Mall Walk-in,,,Food,Snacks,996331,MENU0091,Pesto Sundried Tomato Pin Wheel,225.0,1.0,225.0,Synthetic promotion,4.58,0,4.58,220.42,11.02,231.44,42.04,42.04,80.93,81.84
ABNAH Cafe Saket Premium,2026-03-19,BILL-OUT003-260319-0047,Delivery/Takeaway,Mall Walk-in,,,Food,Snacks,996331,MENU0092,Turnover with Brioche Dough Chicken,255.0,1.0,255.0,Synthetic promotion,13.59,0,13.59,241.41,12.07,253.48,87.54,87.54,63.74,65.46
ABNAH Cafe Saket Premium,2026-03-19,BILL-OUT003-260319-0048,Delivery/Takeaway,Mall Walk-in,,,Food,Baked Goods,996331,MENU0095,Almond Croissant,245.0,1.0,245.0,Synthetic promotion,0.58,0,0.58,244.42,12.22,256.64,58.04,58.04,76.25,77.38
ABNAH Cafe Saket Premium,2026-03-19,BILL-OUT003-260319-0049,Delivery/Takeaway,Mall Walk-in,,,Food,Baked Goods,996331,MENU0096,Chocolate Croissant,235.0,1.0,235.0,Synthetic promotion,13.17,0,13.17,221.83,11.09,232.92,64.54,64.54,70.91,72.29
ABNAH Cafe Saket Premium,2026-03-19,BILL-OUT003-260319-0050,Delivery/Takeaway,Mall Walk-in,,,Food,Baked Goods,996331,MENU0097,Mushroom Cheese Croissant,258.21,3.0,774.63,Synthetic promotion,0.01,0,0.01,774.62,38.73,813.35,74.84,224.52,71.02,72.4
ABNAH Cafe Saket Premium,2026-03-19,BILL-OUT003-260319-0051,Dine In,Dine In,,,Food,Baked Goods,996331,MENU0098,Sriracha Chicken Croissant,275.0,1.0,275.0,Synthetic promotion,11.2,0,11.2,263.8,13.19,276.99,81.14,81.14,69.24,70.71
ABNAH Cafe Saket Premium,2026-03-19,BILL-OUT003-260319-0052,Delivery/Takeaway,Online,,,Dessert,Desserts,996331,MENU0102,Double Chocolate Truffle Cake,299.06,2.0,598.12,,0.0,0,0.0,598.13,29.91,628.04,63.07,126.14,78.91,79.92
ABNAH Cafe Saket Premium,2026-03-19,BILL-OUT003-260319-0053,Dine In,Dine In,,,Dessert,Desserts,996331,MENU0104,Classic Chocolate Fudge Brownie,195.0,1.0,195.0,Synthetic promotion,10.54,0,10.54,184.46,9.22,193.68,51.02,51.02,72.34,73.66
ABNAH Cafe Saket Premium,2026-03-19,BILL-OUT003-260319-0054,Dine In,Dine In,,,Dessert,Baked Goods,996331,MENU0110,Multigrain Walnut Tea Cake,225.0,1.0,225.0,Synthetic promotion,13.13,0,13.13,211.87,10.59,222.46,56.57,56.57,73.3,74.57
ABNAH Cafe Saket Premium,2026-03-20,BILL-OUT003-260320-0001,Dine In,Dine In,,,Beverage,Coffee Classics,996331,MENU0003,Americano - Regular,185.72,5.0,928.6,,0.0,0,0.0,928.61,46.43,975.04,23.21,116.05,87.5,88.1
ABNAH Cafe Saket Premium,2026-03-20,BILL-OUT003-260320-0002,Dine In,Dine In,,,Beverage,Coffee Classics,996331,MENU0004,Americano - Medium,210.0,6.0,1260.0,Synthetic promotion,18.57,0,18.57,1241.43,62.07,1303.5,26.05,156.3,87.41,88.01
ABNAH Cafe Saket Premium,2026-03-20,BILL-OUT003-260320-0003,Delivery/Takeaway,Mall Walk-in,,,Beverage,Coffee Classics,996331,MENU0005,Americano - Large,235.0,4.0,940.0,Synthetic promotion,33.19,0,33.19,906.81,45.34,952.15,28.91,115.64,87.25,87.85
ABNAH Cafe Saket Premium,2026-03-20,BILL-OUT003-260320-0004,Dine In,Dine In,,,Beverage,Coffee Classics,996331,MENU0007,Latte - Medium,253.19,1.0,253.19,,0.0,0,0.0,253.19,12.66,265.85,40.96,40.96,83.82,84.59
ABNAH Cafe Saket Premium,2026-03-20,BILL-OUT003-260320-0005,Dine In,Dine In,,,Beverage,Coffee Classics,996331,MENU0008,Latte - Large,275.0,1.0,275.0,Synthetic promotion,3.57,0,3.57,271.43,13.57,285.0,45.76,45.76,83.14,83.94
ABNAH Cafe Saket Premium,2026-03-20,BILL-OUT003-260320-0006,Delivery/Takeaway,Online,,,Beverage,Coffee Classics,996331,MENU0009,Cappuccino - Regular,225.0,4.0,900.0,Synthetic promotion,39.76,0,39.76,860.24,43.01,903.25,36.17,144.68,83.18,83.98
ABNAH Cafe Saket Premium,2026-03-20,BILL-OUT003-260320-0007,Delivery/Takeaway,Mall Walk-in,,,Beverage,Coffee Classics,996331,MENU0010,Cappuccino - Medium,250.0,4.0,1000.0,Synthetic promotion,32.34,0,32.34,967.66,48.38,1016.04,40.96,163.84,83.07,83.87
ABNAH Cafe Saket Premium,2026-03-20,BILL-OUT003-260320-0008,Dine In,Dine In,,,Beverage,Coffee Classics,996331,MENU0011,Cappuccino - Large,275.76,1.0,275.76,,0.0,0,0.0,275.76,13.79,289.55,45.76,45.76,83.41,84.2
ABNAH Cafe Saket Premium,2026-03-20,BILL-OUT003-260320-0009,Delivery/Takeaway,Mall Walk-in,,,Beverage,Coffee Classics,996331,MENU0012,Flat White - Regular,239.15,5.0,1195.75,Synthetic promotion,0.01,0,0.01,1195.74,59.79,1255.53,36.17,180.85,84.88,85.6
ABNAH Cafe Saket Premium,2026-03-20,BILL-OUT003-260320-0010,Dine In,Dine In,,,Beverage,Coffee Classics,996331,MENU0013,Flat White - Medium,260.0,1.0,260.0,Synthetic promotion,12.23,0,12.23,247.77,12.39,260.16,40.96,40.96,83.47,84.26
ABNAH Cafe Saket Premium,2026-03-20,BILL-OUT003-260320-0011,Dine In,Dine In,,,Beverage,Coffee Classics,996331,MENU0014,Flat White - Large,285.0,1.0,285.0,Synthetic promotion,5.83,0,5.83,279.17,13.96,293.13,45.76,45.76,83.61,84.39
ABNAH Cafe Saket Premium,2026-03-20,BILL-OUT003-260320-0012,Delivery/Takeaway,Online,,,Beverage,Coffee Classics,996331,MENU0015,Mocha - Regular,245.0,3.0,735.0,Synthetic promotion,27.14,0,27.14,707.86,35.39,743.25,42.67,128.01,81.92,82.78
ABNAH Cafe Saket Premium,2026-03-20,BILL-OUT003-260320-0013,Dine In,Dine In,,,Beverage,Coffee Classics,996331,MENU0016,Mocha - Medium,270.0,1.0,270.0,Synthetic promotion,3.19,0,3.19,266.81,13.34,280.15,48.42,48.42,81.85,82.72
ABNAH Cafe Saket Premium,2026-03-20,BILL-OUT003-260320-0014,Delivery/Takeaway,Online,,,Beverage,Signature Coffee,996331,MENU0018,Sea Salt Mocha - Regular,275.0,4.0,1100.0,Synthetic promotion,57.69,0,57.69,1042.31,52.12,1094.43,42.67,170.68,83.62,84.4
ABNAH Cafe Saket Premium,2026-03-20,BILL-OUT003-260320-0015,Delivery/Takeaway,Mall Walk-in,,,Beverage,Signature Coffee,996331,MENU0019,Sea Salt Mocha - Medium,305.0,2.0,610.0,Synthetic promotion,9.95,0,9.95,600.05,30.0,630.05,48.42,96.84,83.86,84.63
ABNAH Cafe Saket Premium,2026-03-20,BILL-OUT003-260320-0016,Delivery/Takeaway,Online,Guest 4568,9000004568,Beverage,Signature Coffee,996331,MENU0022,Orange Zest Mocha - Medium,300.0,2.0,600.0,Synthetic promotion,19.01,0,19.01,580.99,29.05,610.04,48.42,96.84,83.33,84.13
ABNAH Cafe Saket Premium,2026-03-20,BILL-OUT003-260320-0017,Delivery/Takeaway,Online,Guest 5663,9000005663,Beverage,Signature Coffee,996331,MENU0023,Orange Zest Mocha - Large,330.0,1.0,330.0,Synthetic promotion,13.42,0,13.42,316.58,15.83,332.41,54.21,54.21,82.88,83.69
ABNAH Cafe Saket Premium,2026-03-20,BILL-OUT003-260320-0018,Delivery/Takeaway,Online,,,Beverage,Signature Coffee,996331,MENU0024,Caramel Macchiato - Regular,265.0,1.0,265.0,Synthetic promotion,14.83,0,14.83,250.17,12.51,262.68,42.42,42.42,83.04,83.85
ABNAH Cafe Saket Premium,2026-03-20,BILL-OUT003-260320-0019,Delivery/Takeaway,Mall Walk-in,,,Beverage,Signature Coffee,996331,MENU0025,Caramel Macchiato - Medium,295.0,2.0,590.0,Synthetic promotion,18.96,0,18.96,571.04,28.55,599.59,48.13,96.26,83.14,83.95
ABNAH Cafe Saket Premium,2026-03-20,BILL-OUT003-260320-0020,Dine In,Dine In,,,Beverage,Signature Coffee,996331,MENU0026,Caramel Macchiato - Large,325.05,1.0,325.05,,0.0,0,0.0,325.05,16.25,341.3,53.88,53.88,83.42,84.21
ABNAH Cafe Saket Premium,2026-03-20,BILL-OUT003-260320-0021,Delivery/Takeaway,Mall Walk-in,,,Beverage,Signature Coffee,996331,MENU0027,French Vanilla Latte - Regular,265.0,1.0,265.0,Synthetic promotion,15.09,0,15.09,249.91,12.5,262.41,42.17,42.17,83.13,83.93
ABNAH Cafe Saket Premium,2026-03-20,BILL-OUT003-260320-0022,Delivery/Takeaway,Mall Walk-in,,,Beverage,Signature Coffee,996331,MENU0028,French Vanilla Latte - Medium,295.0,2.0,590.0,Synthetic promotion,33.43,0,33.43,556.57,27.83,584.4,47.85,95.7,82.81,83.62
ABNAH Cafe Saket Premium,2026-03-20,BILL-OUT003-260320-0023,Dine In,Dine In,,,Beverage,Signature Coffee,996331,MENU0030,Vegan Iced Latte - Regular,285.72,3.0,857.16,,0.0,0,0.0,857.16,42.86,900.02,58.9,176.7,79.39,80.37
ABNAH Cafe Saket Premium,2026-03-20,BILL-OUT003-260320-0024,Dine In,Dine In,Guest 4642,9000004642,Beverage,Signature Coffee,996331,MENU0031,Vegan Iced Latte - Medium,310.85,3.0,932.55,Synthetic promotion,0.01,0,0.01,932.54,46.63,979.17,66.95,200.85,78.46,79.49
ABNAH Cafe Saket Premium,2026-03-20,BILL-OUT003-260320-0025,Delivery/Takeaway,Mall Walk-in,,,Beverage,Signature Coffee,996331,MENU0032,Vegan Iced Latte - Large,335.0,1.0,335.0,Synthetic promotion,6.65,0,6.65,328.35,16.42,344.77,75.02,75.02,77.15,78.24
ABNAH Cafe Saket Premium,2026-03-20,BILL-OUT003-260320-0026,Delivery/Takeaway,Mall Walk-in,,,Beverage,Cold Brew,996331,MENU0033,Classic Cold Brew - Regular,225.0,1.0,225.0,Synthetic promotion,8.52,0,8.52,216.48,10.82,227.3,25.6,25.6,88.17,88.74
ABNAH Cafe Saket Premium,2026-03-20,BILL-OUT003-260320-0027,Dine In,Dine In,,,Beverage,Cold Brew,996331,MENU0036,Coffee Lemonade - Regular,235.0,2.0,470.0,Synthetic promotion,5.15,0,5.15,464.85,23.24,488.09,29.45,58.9,87.33,87.93
ABNAH Cafe Saket Premium,2026-03-20,BILL-OUT003-260320-0028,Dine In,Dine In,,,Beverage,Cold Brew,996331,MENU0040,Vietnamese Shakerato - Medium,280.0,2.0,560.0,Synthetic promotion,33.13,0,33.13,526.87,26.34,553.21,28.66,57.32,89.12,89.64
ABNAH Cafe Saket Premium,2026-03-20,BILL-OUT003-260320-0029,Dine In,Dine In,,,Beverage,Cold Coffee,996331,MENU0042,Classic Cold Coffee - Regular,255.0,3.0,765.0,Synthetic promotion,19.24,0,19.24,745.76,37.29,783.05,38.56,115.68,84.49,85.23
ABNAH Cafe Saket Premium,2026-03-20,BILL-OUT003-260320-0030,Delivery/Takeaway,Mall Walk-in,,,Beverage,Cold Coffee,996331,MENU0043,Classic Cold Coffee - Medium,290.0,1.0,290.0,Synthetic promotion,12.99,0,12.99,277.01,13.85,290.86,43.56,43.56,84.27,85.02
ABNAH Cafe Saket Premium,2026-03-20,BILL-OUT003-260320-0031,Delivery/Takeaway,Online,,,Beverage,Cold Coffee,996331,MENU0044,Classic Cold Coffee - Large,325.0,2.0,650.0,Synthetic promotion,4.94,0,4.94,645.06,32.25,677.31,48.58,97.16,84.94,85.66
ABNAH Cafe Saket Premium,2026-03-20,BILL-OUT003-260320-0032,Delivery/Takeaway,Mall Walk-in,,,Beverage,Cold Coffee,996331,MENU0047,Mocha Cold Coffee - Large,355.3,3.0,1065.9,,0.0,0,0.0,1065.9,53.3,1119.2,57.03,171.09,83.95,84.71
ABNAH Cafe Saket Premium,2026-03-20,BILL-OUT003-260320-0033,Delivery/Takeaway,Online,Guest 7485,9000007485,Beverage,Cold Coffee,996331,MENU0049,Caramel Cold Coffee - Medium,320.0,1.0,320.0,Synthetic promotion,17.84,0,17.84,302.16,15.11,317.27,50.74,50.74,83.21,84.01
ABNAH Cafe Saket Premium,2026-03-20,BILL-OUT003-260320-0034,Delivery/Takeaway,Mall Walk-in,,,Beverage,Tea,996331,MENU0054,Himalayan Green Tea,210.0,1.0,210.0,Synthetic promotion,1.45,0,1.45,208.55,10.43,218.98,8.67,8.67,95.84,96.04
ABNAH Cafe Saket Premium,2026-03-20,BILL-OUT003-260320-0035,Delivery/Takeaway,Mall Walk-in,Guest 1175,9000001175,Beverage,Tea,996331,MENU0055,Japanese Matcha Latte - Regular,265.0,4.0,1060.0,Synthetic promotion,25.64,0,25.64,1034.36,51.72,1086.08,36.17,144.68,86.01,86.68
ABNAH Cafe Saket Premium,2026-03-20,BILL-OUT003-260320-0036,Delivery/Takeaway,Online,Guest 5345,9000005345,Beverage,Tea,996331,MENU0056,Japanese Matcha Latte - Medium,295.0,2.0,590.0,Synthetic promotion,20.15,0,20.15,569.85,28.49,598.34,40.96,81.92,85.62,86.31
ABNAH Cafe Saket Premium,2026-03-20,BILL-OUT003-260320-0037,Delivery/Takeaway,Mall Walk-in,,,Beverage,Iced Tea,996331,MENU0059,Lemon Iced Tea - Medium,230.0,1.0,230.0,Synthetic promotion,8.75,0,8.75,221.25,11.06,232.31,15.66,15.66,92.92,93.26
ABNAH Cafe Saket Premium,2026-03-20,BILL-OUT003-260320-0038,Delivery/Takeaway,Mall Walk-in,,,Beverage,Iced Tea,996331,MENU0061,Hibiscus Lime Iced Tea - Regular,225.0,1.0,225.0,Synthetic promotion,9.6,0,9.6,215.4,10.77,226.17,24.09,24.09,88.82,89.35
ABNAH Cafe Saket Premium,2026-03-20,BILL-OUT003-260320-0039,Delivery/Takeaway,Online,,,Beverage,Iced Tea,996331,MENU0063,Hibiscus Lime Iced Tea - Large,275.0,2.0,550.0,Synthetic promotion,15.5,0,15.5,534.5,26.73,561.23,29.77,59.54,88.86,89.39
ABNAH Cafe Saket Premium,2026-03-20,BILL-OUT003-260320-0040,Delivery/Takeaway,Online,,,Beverage,Kids Beverage,996331,MENU0066,Hot Chocolate - Large,270.0,1.0,270.0,Synthetic promotion,1.88,0,1.88,268.12,13.41,281.53,44.98,44.98,83.22,84.02
ABNAH Cafe Saket Premium,2026-03-20,BILL-OUT003-260320-0041,Delivery/Takeaway,Online,,,Beverage,Shake,996331,MENU0068,Choco Chip Shake - Regular,295.0,1.0,295.0,Synthetic promotion,5.9,0,5.9,289.1,14.46,303.56,34.11,34.11,88.2,88.76
ABNAH Cafe Saket Premium,2026-03-20,BILL-OUT003-260320-0042,Delivery/Takeaway,Online,,,Beverage,Shake,996331,MENU0069,Choco Chip Shake - Medium,333.9,1.0,333.9,,0.0,0,0.0,333.9,16.7,350.6,38.42,38.42,88.49,89.04
ABNAH Cafe Saket Premium,2026-03-20,BILL-OUT003-260320-0043,Dine In,Dine In,Guest 3674,9000003674,Beverage,Shake,996331,MENU0070,Choco Chip Shake - Large,365.0,2.0,730.0,Synthetic promotion,35.57,0,35.57,694.43,34.72,729.15,42.79,85.58,87.68,88.26
ABNAH Cafe Saket Premium,2026-03-20,BILL-OUT003-260320-0044,Delivery/Takeaway,Mall Walk-in,,,Beverage,Shake,996331,MENU0072,Mixed Berry Shake - Medium,350.0,2.0,700.0,Synthetic promotion,19.86,0,19.86,680.14,34.01,714.15,69.6,139.2,79.53,80.51
ABNAH Cafe Saket Premium,2026-03-20,BILL-OUT003-260320-0045,Delivery/Takeaway,Online,Guest 7864,9000007864,Beverage,Smoothie,996331,MENU0076,Seasonal Smoothie - Large,376.76,1.0,376.76,,0.0,0,0.0,376.76,18.84,395.6,41.83,41.83,88.9,89.43
ABNAH Cafe Saket Premium,2026-03-20,BILL-OUT003-260320-0046,Delivery/Takeaway,Mall Walk-in,,,Food,Wraps,996331,MENU0077,Spicy Paneer Wrap,275.0,2.0,550.0,Synthetic promotion,13.73,0,13.73,536.27,26.81,563.08,73.36,146.72,72.64,73.94
ABNAH Cafe Saket Premium,2026-03-20,BILL-OUT003-260320-0047,Dine In,Dine In,Guest 5471,9000005471,Food,Sandwiches,996331,MENU0081,Pepper Chicken Sandwich,317.45,2.0,634.9,,0.0,0,0.0,634.9,31.75,666.65,87.66,175.32,72.39,73.7
ABNAH Cafe Saket Premium,2026-03-20,BILL-OUT003-260320-0048,Dine In,Dine In,,,Food,Toasts,996331,MENU0083,Chilli Cheese Garlic Toast,235.37,1.0,235.37,,0.0,0,0.0,235.37,11.77,247.14,42.14,42.14,82.1,82.95
ABNAH Cafe Saket Premium,2026-03-20,BILL-OUT003-260320-0049,Dine In,Dine In,Guest 1994,9000001994,Food,Toasts,996331,MENU0084,Chicken Pepperoni Avocado Toast,330.0,1.0,330.0,Synthetic promotion,12.01,0,12.01,317.99,15.9,333.89,68.54,68.54,78.45,79.47
ABNAH Cafe Saket Premium,2026-03-20,BILL-OUT003-260320-0050,Delivery/Takeaway,Online,,,Food,Breakfast,996331,MENU0088,Scallion Pepper Cream Cheese Bagel,265.0,1.0,265.0,Synthetic promotion,0.04,0,0.04,264.96,13.25,278.21,54.49,54.49,79.43,80.41
ABNAH Cafe Saket Premium,2026-03-20,BILL-OUT003-260320-0051,Delivery/Takeaway,Mall Walk-in,,,Food,Snacks,996331,MENU0092,Turnover with Brioche Dough Chicken,255.0,1.0,255.0,Synthetic promotion,6.57,0,6.57,248.43,12.42,260.85,87.54,87.54,64.76,66.44
ABNAH Cafe Saket Premium,2026-03-20,BILL-OUT003-260320-0052,Delivery/Takeaway,Online,,,Food,Baked Goods,996331,MENU0096,Chocolate Croissant,236.97,1.0,236.97,,0.0,0,0.0,236.97,11.85,248.82,64.54,64.54,72.76,74.06
ABNAH Cafe Saket Premium,2026-03-20,BILL-OUT003-260320-0053,Delivery/Takeaway,Mall Walk-in,,,Food,Baked Goods,996331,MENU0098,Sriracha Chicken Croissant,275.0,1.0,275.0,Synthetic promotion,2.18,0,2.18,272.82,13.64,286.46,81.14,81.14,70.26,71.67
ABNAH Cafe Saket Premium,2026-03-20,BILL-OUT003-260320-0054,Delivery/Takeaway,Online,,,Dessert,Baked Goods,996331,MENU0099,Cinnamon Roll with Cream Cheese,220.0,1.0,220.0,Synthetic promotion,8.48,0,8.48,211.52,10.58,222.1,52.57,52.57,75.15,76.33
ABNAH Cafe Saket Premium,2026-03-20,BILL-OUT003-260320-0055,Dine In,Dine In,,,Dessert,Baked Goods,996331,MENU0101,Lemon Raspberry Tea Cake,218.62,1.0,218.62,,0.0,0,0.0,218.62,10.93,229.55,56.57,56.57,74.12,75.36
ABNAH Cafe Saket Premium,2026-03-20,BILL-OUT003-260320-0056,Delivery/Takeaway,Mall Walk-in,,,Dessert,Desserts,996331,MENU0102,Double Chocolate Truffle Cake,295.0,2.0,590.0,Synthetic promotion,31.51,0,31.51,558.49,27.92,586.41,63.07,126.14,77.41,78.49
ABNAH Cafe Saket Premium,2026-03-20,BILL-OUT003-260320-0057,Delivery/Takeaway,Online,,,Dessert,Desserts,996331,MENU0103,Banoffee Pie,285.0,2.0,570.0,Synthetic promotion,3.11,0,3.11,566.89,28.34,595.23,56.57,113.14,80.04,80.99
ABNAH Cafe Saket Premium,2026-03-20,BILL-OUT003-260320-0058,Delivery/Takeaway,Mall Walk-in,,,Dessert,Desserts,996331,MENU0104,Classic Chocolate Fudge Brownie,195.0,2.0,390.0,Synthetic promotion,17.2,0,17.2,372.8,18.64,391.44,51.02,102.04,72.63,73.93
ABNAH Cafe Saket Premium,2026-03-20,BILL-OUT003-260320-0059,Delivery/Takeaway,Online,Guest 7066,9000007066,Dessert,Desserts,996331,MENU0106,Death by Chocolate Cookie,190.0,1.0,190.0,Synthetic promotion,1.77,0,1.77,188.23,9.41,197.64,47.52,47.52,74.75,75.96
ABNAH Cafe Saket Premium,2026-03-20,BILL-OUT003-260320-0060,Dine In,Dine In,,,Dessert,Desserts,996331,MENU0107,Jaggery Parmesan Cookie,170.03,1.0,170.03,,0.0,0,0.0,170.03,8.5,178.53,41.02,41.02,75.87,77.02
ABNAH Cafe Saket Premium,2026-03-20,BILL-OUT003-260320-0061,Dine In,Dine In,,,Dessert,Desserts,996331,MENU0109,Basque Cheesecake,310.0,1.0,310.0,Synthetic promotion,2.22,0,2.22,307.78,15.39,323.17,82.57,82.57,73.17,74.45
ABNAH Cafe Saket Premium,2026-03-20,BILL-OUT003-260320-0062,Dine In,Dine In,Guest 1296,9000001296,Dessert,Baked Goods,996331,MENU0110,Multigrain Walnut Tea Cake,228.03,1.0,228.03,,0.0,0,0.0,228.03,11.4,239.43,56.57,56.57,75.19,76.37
ABNAH Cafe Saket Premium,2026-03-21,BILL-OUT003-260321-0001,Delivery/Takeaway,Online,,,Beverage,Espresso,996331,MENU0001,Espresso Shot - Solo,145.0,1.0,145.0,Synthetic promotion,4.73,0,4.73,140.27,7.01,147.28,13.63,13.63,90.28,90.75
ABNAH Cafe Saket Premium,2026-03-21,BILL-OUT003-260321-0002,Delivery/Takeaway,Online,,,Beverage,Coffee Classics,996331,MENU0003,Americano - Regular,187.64,5.0,938.2,Synthetic promotion,0.02,0,0.02,938.18,46.91,985.09,23.21,116.05,87.63,88.22
ABNAH Cafe Saket Premium,2026-03-21,BILL-OUT003-260321-0003,Dine In,Dine In,,,Beverage,Coffee Classics,996331,MENU0005,Americano - Large,235.0,4.0,940.0,Synthetic promotion,2.48,0,2.48,937.52,46.88,984.4,28.91,115.64,87.67,88.25
ABNAH Cafe Saket Premium,2026-03-21,BILL-OUT003-260321-0004,Dine In,Dine In,,,Beverage,Coffee Classics,996331,MENU0007,Latte - Medium,250.0,4.0,1000.0,Synthetic promotion,49.97,0,49.97,950.03,47.5,997.53,40.96,163.84,82.75,83.58
ABNAH Cafe Saket Premium,2026-03-21,BILL-OUT003-260321-0005,Delivery/Takeaway,Mall Walk-in,,,Beverage,Coffee Classics,996331,MENU0008,Latte - Large,275.0,2.0,550.0,Synthetic promotion,28.92,0,28.92,521.08,26.05,547.13,45.76,91.52,82.44,83.27
ABNAH Cafe Saket Premium,2026-03-21,BILL-OUT003-260321-0006,Delivery/Takeaway,Mall Walk-in,Guest 0544,9000000544,Beverage,Coffee Classics,996331,MENU0009,Cappuccino - Regular,225.0,4.0,900.0,Synthetic promotion,35.21,0,35.21,864.79,43.24,908.03,36.17,144.68,83.27,84.07
ABNAH Cafe Saket Premium,2026-03-21,BILL-OUT003-260321-0007,Dine In,Dine In,,,Beverage,Coffee Classics,996331,MENU0010,Cappuccino - Medium,250.0,4.0,1000.0,Synthetic promotion,12.43,0,12.43,987.57,49.38,1036.95,40.96,163.84,83.41,84.2
ABNAH Cafe Saket Premium,2026-03-21,BILL-OUT003-260321-0008,Dine In,Dine In,,,Beverage,Coffee Classics,996331,MENU0011,Cappuccino - Large,275.0,3.0,825.0,Synthetic promotion,19.29,0,19.29,805.71,40.29,846.0,45.76,137.28,82.96,83.77
ABNAH Cafe Saket Premium,2026-03-21,BILL-OUT003-260321-0009,Delivery/Takeaway,Mall Walk-in,Guest 7268,9000007268,Beverage,Coffee Classics,996331,MENU0012,Flat White - Regular,235.0,6.0,1410.0,Synthetic promotion,13.9,0,13.9,1396.1,69.81,1465.91,36.17,217.02,84.46,85.2
ABNAH Cafe Saket Premium,2026-03-21,BILL-OUT003-260321-0010,Dine In,Dine In,,,Beverage,Coffee Classics,996331,MENU0013,Flat White - Medium,260.17,2.0,520.34,Synthetic promotion,0.01,0,0.01,520.33,26.02,546.35,40.96,81.92,84.26,85.01
ABNAH Cafe Saket Premium,2026-03-21,BILL-OUT003-260321-0011,Delivery/Takeaway,Online,,,Beverage,Coffee Classics,996331,MENU0014,Flat White - Large,285.0,1.0,285.0,Synthetic promotion,0.47,0,0.47,284.53,14.23,298.76,45.76,45.76,83.92,84.68
ABNAH Cafe Saket Premium,2026-03-21,BILL-OUT003-260321-0012,Delivery/Takeaway,Online,,,Beverage,Coffee Classics,996331,MENU0015,Mocha - Regular,245.0,2.0,490.0,Synthetic promotion,22.7,0,22.7,467.3,23.36,490.66,42.67,85.34,81.74,82.61
ABNAH Cafe Saket Premium,2026-03-21,BILL-OUT003-260321-0013,Dine In,Dine In,Guest 5597,9000005597,Beverage,Coffee Classics,996331,MENU0016,Mocha - Medium,270.0,1.0,270.0,Synthetic promotion,15.07,0,15.07,254.93,12.75,267.68,48.42,48.42,81.01,81.91
ABNAH Cafe Saket Premium,2026-03-21,BILL-OUT003-260321-0014,Delivery/Takeaway,Online,Guest 4123,9000004123,Beverage,Coffee Classics,996331,MENU0017,Mocha - Large,295.0,1.0,295.0,Synthetic promotion,8.2,0,8.2,286.8,14.34,301.14,54.21,54.21,81.1,82.0
ABNAH Cafe Saket Premium,2026-03-21,BILL-OUT003-260321-0015,Delivery/Takeaway,Online,,,Beverage,Signature Coffee,996331,MENU0018,Sea Salt Mocha - Regular,275.0,3.0,825.0,Synthetic promotion,47.39,0,47.39,777.61,38.88,816.49,42.67,128.01,83.54,84.32
ABNAH Cafe Saket Premium,2026-03-21,BILL-OUT003-260321-0016,Dine In,Dine In,,,Beverage,Signature Coffee,996331,MENU0020,Sea Salt Mocha - Large,335.0,2.0,670.0,Synthetic promotion,39.03,0,39.03,630.97,31.55,662.52,54.21,108.42,82.82,83.64
ABNAH Cafe Saket Premium,2026-03-21,BILL-OUT003-260321-0017,Delivery/Takeaway,Mall Walk-in,,,Beverage,Signature Coffee,996331,MENU0021,Orange Zest Mocha - Regular,270.0,1.0,270.0,Synthetic promotion,5.66,0,5.66,264.34,13.22,277.56,42.67,42.67,83.86,84.63
ABNAH Cafe Saket Premium,2026-03-21,BILL-OUT003-260321-0018,Delivery/Takeaway,Mall Walk-in,,,Beverage,Signature Coffee,996331,MENU0022,Orange Zest Mocha - Medium,300.0,1.0,300.0,Synthetic promotion,1.19,0,1.19,298.81,14.94,313.75,48.42,48.42,83.8,84.57
ABNAH Cafe Saket Premium,2026-03-21,BILL-OUT003-260321-0019,Delivery/Takeaway,Online,Guest 2442,9000002442,Beverage,Signature Coffee,996331,MENU0023,Orange Zest Mocha - Large,330.0,2.0,660.0,Synthetic promotion,21.67,0,21.67,638.33,31.92,670.25,54.21,108.42,83.02,83.82
ABNAH Cafe Saket Premium,2026-03-21,BILL-OUT003-260321-0020,Dine In,Dine In,,,Beverage,Signature Coffee,996331,MENU0024,Caramel Macchiato - Regular,266.04,1.0,266.04,,0.0,0,0.0,266.04,13.3,279.34,42.42,42.42,84.06,84.81
ABNAH Cafe Saket Premium,2026-03-21,BILL-OUT003-260321-0021,Delivery/Takeaway,Mall Walk-in,Guest 6126,9000006126,Beverage,Signature Coffee,996331,MENU0025,Caramel Macchiato - Medium,298.37,4.0,1193.48,Synthetic promotion,0.01,0,0.01,1193.47,59.67,1253.14,48.13,192.52,83.87,84.64
ABNAH Cafe Saket Premium,2026-03-21,BILL-OUT003-260321-0022,Delivery/Takeaway,Online,Guest 0556,9000000556,Beverage,Signature Coffee,996331,MENU0027,French Vanilla Latte - Regular,269.06,4.0,1076.24,,0.0,0,0.0,1076.26,53.81,1130.07,42.17,168.68,84.33,85.07
ABNAH Cafe Saket Premium,2026-03-21,BILL-OUT003-260321-0023,Dine In,Dine In,,,Beverage,Signature Coffee,996331,MENU0028,French Vanilla Latte - Medium,295.0,2.0,590.0,Synthetic promotion,30.62,0,30.62,559.38,27.97,587.35,47.85,95.7,82.89,83.71
ABNAH Cafe Saket Premium,2026-03-21,BILL-OUT003-260321-0024,Dine In,Dine In,,,Beverage,Signature Coffee,996331,MENU0029,French Vanilla Latte - Large,325.0,2.0,650.0,Synthetic promotion,9.29,0,9.29,640.71,32.04,672.75,53.56,107.12,83.28,84.08
ABNAH Cafe Saket Premium,2026-03-21,BILL-OUT003-260321-0025,Delivery/Takeaway,Online,,,Beverage,Signature Coffee,996331,MENU0030,Vegan Iced Latte - Regular,285.56,2.0,571.12,,0.0,0,0.0,571.13,28.56,599.69,58.9,117.8,79.37,80.36
ABNAH Cafe Saket Premium,2026-03-21,BILL-OUT003-260321-0026,Dine In,Dine In,,,Beverage,Signature Coffee,996331,MENU0031,Vegan Iced Latte - Medium,310.0,1.0,310.0,Synthetic promotion,11.12,0,11.12,298.88,14.94,313.82,66.95,66.95,77.6,78.67
ABNAH Cafe Saket Premium,2026-03-21,BILL-OUT003-260321-0027,Dine In,Dine In,,,Beverage,Signature Coffee,996331,MENU0032,Vegan Iced Latte - Large,335.0,1.0,335.0,Synthetic promotion,5.78,0,5.78,329.22,16.46,345.68,75.02,75.02,77.21,78.3
ABNAH Cafe Saket Premium,2026-03-21,BILL-OUT003-260321-0028,Delivery/Takeaway,Online,,,Beverage,Cold Brew,996331,MENU0033,Classic Cold Brew - Regular,225.0,2.0,450.0,Synthetic promotion,4.34,0,4.34,445.66,22.28,467.94,25.6,51.2,88.51,89.06
ABNAH Cafe Saket Premium,2026-03-21,BILL-OUT003-260321-0029,Dine In,Dine In,,,Beverage,Cold Brew,996331,MENU0034,Classic Cold Brew - Medium,250.0,1.0,250.0,Synthetic promotion,0.3,0,0.3,249.7,12.48,262.18,28.66,28.66,88.52,89.07
ABNAH Cafe Saket Premium,2026-03-21,BILL-OUT003-260321-0030,Delivery/Takeaway,Mall Walk-in,,,Beverage,Cold Brew,996331,MENU0036,Coffee Lemonade - Regular,235.0,1.0,235.0,Synthetic promotion,6.56,0,6.56,228.44,11.42,239.86,29.45,29.45,87.11,87.72
ABNAH Cafe Saket Premium,2026-03-21,BILL-OUT003-260321-0031,Dine In,Dine In,,,Beverage,Cold Brew,996331,MENU0037,Coffee Lemonade - Medium,260.0,1.0,260.0,Synthetic promotion,9.1,0,9.1,250.9,12.54,263.44,33.09,33.09,86.81,87.44
ABNAH Cafe Saket Premium,2026-03-21,BILL-OUT003-260321-0032,Delivery/Takeaway,Mall Walk-in,,,Beverage,Cold Brew,996331,MENU0040,Vietnamese Shakerato - Medium,280.0,2.0,560.0,Synthetic promotion,32.96,0,32.96,527.04,26.35,553.39,28.66,57.32,89.12,89.64
ABNAH Cafe Saket Premium,2026-03-21,BILL-OUT003-260321-0033,Delivery/Takeaway,Mall Walk-in,,,Beverage,Cold Coffee,996331,MENU0042,Classic Cold Coffee - Regular,255.0,2.0,510.0,Synthetic promotion,21.02,0,21.02,488.98,24.45,513.43,38.56,77.12,84.23,84.98
ABNAH Cafe Saket Premium,2026-03-21,BILL-OUT003-260321-0034,Delivery/Takeaway,Mall Walk-in,,,Beverage,Cold Coffee,996331,MENU0043,Classic Cold Coffee - Medium,290.0,4.0,1160.0,Synthetic promotion,44.27,0,44.27,1115.73,55.79,1171.52,43.56,174.24,84.38,85.13
ABNAH Cafe Saket Premium,2026-03-21,BILL-OUT003-260321-0035,Dine In,Dine In,Guest 5324,9000005324,Beverage,Cold Coffee,996331,MENU0044,Classic Cold Coffee - Large,325.0,1.0,325.0,Synthetic promotion,10.31,0,10.31,314.69,15.73,330.42,48.58,48.58,84.56,85.3
ABNAH Cafe Saket Premium,2026-03-21,BILL-OUT003-260321-0036,Dine In,Dine In,,,Beverage,Cold Coffee,996331,MENU0046,Mocha Cold Coffee - Medium,320.24,3.0,960.72,Synthetic promotion,0.01,0,0.01,960.71,48.04,1008.75,51.03,153.09,84.06,84.82
ABNAH Cafe Saket Premium,2026-03-21,BILL-OUT003-260321-0037,Dine In,Dine In,,,Beverage,Cold Coffee,996331,MENU0047,Mocha Cold Coffee - Large,358.74,2.0,717.48,Synthetic promotion,0.01,0,0.01,717.47,35.87,753.34,57.03,114.06,84.1,84.86
ABNAH Cafe Saket Premium,2026-03-21,BILL-OUT003-260321-0038,Delivery/Takeaway,Online,Guest 5328,9000005328,Beverage,Cold Coffee,996331,MENU0048,Caramel Cold Coffee - Regular,285.0,3.0,855.0,Synthetic promotion,2.26,0,2.26,852.74,42.64,895.38,44.81,134.43,84.24,84.99
ABNAH Cafe Saket Premium,2026-03-21,BILL-OUT003-260321-0039,Delivery/Takeaway,Mall Walk-in,Guest 0772,9000000772,Beverage,Cold Coffee,996331,MENU0049,Caramel Cold Coffee - Medium,320.31,1.0,320.31,,0.0,0,0.0,320.31,16.02,336.33,50.74,50.74,84.16,84.91
ABNAH Cafe Saket Premium,2026-03-21,BILL-OUT003-260321-0040,Dine In,Dine In,,,Beverage,Cold Coffee,996331,MENU0050,Caramel Cold Coffee - Large,355.0,3.0,1065.0,Synthetic promotion,62.94,0,62.94,1002.06,50.1,1052.16,56.7,170.1,83.02,83.83
ABNAH Cafe Saket Premium,2026-03-21,BILL-OUT003-260321-0041,Delivery/Takeaway,Online,Guest 1236,9000001236,Beverage,Tea,996331,MENU0052,Masala Chai Latte - Medium,220.0,2.0,440.0,Synthetic promotion,14.04,0,14.04,425.96,21.3,447.26,40.96,81.92,80.77,81.68
ABNAH Cafe Saket Premium,2026-03-21,BILL-OUT003-260321-0042,Dine In,Dine In,,,Beverage,Tea,996331,MENU0054,Himalayan Green Tea,210.48,1.0,210.48,,0.0,0,0.0,210.48,10.52,221.0,8.67,8.67,95.88,96.08
ABNAH Cafe Saket Premium,2026-03-21,BILL-OUT003-260321-0043,Delivery/Takeaway,Mall Walk-in,Guest 8252,9000008252,Beverage,Iced Tea,996331,MENU0058,Lemon Iced Tea - Regular,207.09,3.0,621.27,Synthetic promotion,0.01,0,0.01,621.26,31.06,652.32,14.29,42.87,93.1,93.43
ABNAH Cafe Saket Premium,2026-03-21,BILL-OUT003-260321-0044,Delivery/Takeaway,Online,,,Beverage,Iced Tea,996331,MENU0059,Lemon Iced Tea - Medium,230.0,2.0,460.0,Synthetic promotion,22.28,0,22.28,437.72,21.89,459.61,15.66,31.32,92.84,93.19
ABNAH Cafe Saket Premium,2026-03-21,BILL-OUT003-260321-0045,Delivery/Takeaway,Online,Guest 4599,9000004599,Beverage,Iced Tea,996331,MENU0060,Lemon Iced Tea - Large,259.64,1.0,259.64,,0.0,0,0.0,259.64,12.98,272.62,17.03,17.03,93.44,93.75
ABNAH Cafe Saket Premium,2026-03-21,BILL-OUT003-260321-0046,Delivery/Takeaway,Online,,,Beverage,Iced Tea,996331,MENU0061,Hibiscus Lime Iced Tea - Regular,227.28,2.0,454.56,,0.0,0,0.0,454.57,22.73,477.3,24.09,48.18,89.4,89.91
ABNAH Cafe Saket Premium,2026-03-21,BILL-OUT003-260321-0047,Dine In,Dine In,,,Beverage,Iced Tea,996331,MENU0062,Hibiscus Lime Iced Tea - Medium,250.0,1.0,250.0,Synthetic promotion,4.63,0,4.63,245.37,12.27,257.64,26.94,26.94,89.02,89.54
ABNAH Cafe Saket Premium,2026-03-21,BILL-OUT003-260321-0048,Delivery/Takeaway,Mall Walk-in,,,Beverage,Iced Tea,996331,MENU0063,Hibiscus Lime Iced Tea - Large,275.0,1.0,275.0,Synthetic promotion,4.45,0,4.45,270.55,13.53,284.08,29.77,29.77,89.0,89.52
ABNAH Cafe Saket Premium,2026-03-21,BILL-OUT003-260321-0049,Delivery/Takeaway,Online,,,Beverage,Kids Beverage,996331,MENU0066,Hot Chocolate - Large,270.0,1.0,270.0,Synthetic promotion,9.28,0,9.28,260.72,13.04,273.76,44.98,44.98,82.75,83.57
ABNAH Cafe Saket Premium,2026-03-21,BILL-OUT003-260321-0050,Delivery/Takeaway,Mall Walk-in,Guest 8338,9000008338,Beverage,Shake,996331,MENU0068,Choco Chip Shake - Regular,295.0,1.0,295.0,Synthetic promotion,12.45,0,12.45,282.55,14.13,296.68,34.11,34.11,87.93,88.5
ABNAH Cafe Saket Premium,2026-03-21,BILL-OUT003-260321-0051,Delivery/Takeaway,Mall Walk-in,,,Beverage,Shake,996331,MENU0069,Choco Chip Shake - Medium,330.0,2.0,660.0,Synthetic promotion,27.24,0,27.24,632.76,31.64,664.4,38.42,76.84,87.86,88.43
ABNAH Cafe Saket Premium,2026-03-21,BILL-OUT003-260321-0052,Dine In,Dine In,,,Beverage,Shake,996331,MENU0071,Mixed Berry Shake - Regular,315.0,2.0,630.0,Synthetic promotion,2.43,0,2.43,627.57,31.38,658.95,61.21,122.42,80.49,81.42
ABNAH Cafe Saket Premium,2026-03-21,BILL-OUT003-260321-0053,Delivery/Takeaway,Mall Walk-in,Guest 5659,9000005659,Beverage,Shake,996331,MENU0072,Mixed Berry Shake - Medium,350.0,2.0,700.0,Synthetic promotion,40.91,0,40.91,659.09,32.95,692.04,69.6,139.2,78.88,79.89
ABNAH Cafe Saket Premium,2026-03-21,BILL-OUT003-260321-0054,Delivery/Takeaway,Online,,,Beverage,Shake,996331,MENU0073,Mixed Berry Shake - Large,391.98,1.0,391.98,,0.0,0,0.0,391.98,19.6,411.58,78.02,78.02,80.1,81.04
ABNAH Cafe Saket Premium,2026-03-21,BILL-OUT003-260321-0055,Dine In,Dine In,,,Beverage,Smoothie,996331,MENU0074,Seasonal Smoothie - Regular,305.0,1.0,305.0,Synthetic promotion,14.21,0,14.21,290.79,14.54,305.33,33.37,33.37,88.52,89.07
ABNAH Cafe Saket Premium,2026-03-21,BILL-OUT003-260321-0056,Delivery/Takeaway,Online,,,Beverage,Smoothie,996331,MENU0075,Seasonal Smoothie - Medium,342.73,1.0,342.73,,0.0,0,0.0,342.73,17.14,359.87,37.59,37.59,89.03,89.55
ABNAH Cafe Saket Premium,2026-03-21,BILL-OUT003-260321-0057,Dine In,Dine In,,,Beverage,Smoothie,996331,MENU0076,Seasonal Smoothie - Large,375.0,1.0,375.0,Synthetic promotion,16.05,0,16.05,358.95,17.95,376.9,41.83,41.83,88.35,88.9
ABNAH Cafe Saket Premium,2026-03-21,BILL-OUT003-260321-0058,Delivery/Takeaway,Online,,,Food,Wraps,996331,MENU0077,Spicy Paneer Wrap,275.0,2.0,550.0,Synthetic promotion,18.73,0,18.73,531.27,26.56,557.83,73.36,146.72,72.38,73.7
ABNAH Cafe Saket Premium,2026-03-21,BILL-OUT003-260321-0059,Dine In,Dine In,,,Food,Sandwiches,996331,MENU0082,Tandoori Chicken Sandwich,321.1,1.0,321.1,,0.0,0,0.0,321.1,16.05,337.15,87.66,87.66,72.7,74.0
ABNAH Cafe Saket Premium,2026-03-21,BILL-OUT003-260321-0060,Delivery/Takeaway,Mall Walk-in,,,Food,Snacks,996331,MENU0090,Marinara Cheese Pin Wheels,215.0,1.0,215.0,Synthetic promotion,6.12,0,6.12,208.88,10.44,219.32,38.29,38.29,81.67,82.54
ABNAH Cafe Saket Premium,2026-03-21,BILL-OUT003-260321-0061,Delivery/Takeaway,Online,,,Food,Baked Goods,996331,MENU0094,Butter Croissant,195.12,2.0,390.24,Synthetic promotion,0.01,0,0.01,390.23,19.51,409.74,58.04,116.08,70.25,71.67
ABNAH Cafe Saket Premium,2026-03-21,BILL-OUT003-260321-0062,Delivery/Takeaway,Online,,,Food,Baked Goods,996331,MENU0095,Almond Croissant,245.0,4.0,980.0,Synthetic promotion,17.77,0,17.77,962.23,48.11,1010.34,58.04,232.16,75.87,77.02
ABNAH Cafe Saket Premium,2026-03-21,BILL-OUT003-260321-0063,Dine In,Dine In,,,Food,Baked Goods,996331,MENU0096,Chocolate Croissant,235.0,3.0,705.0,Synthetic promotion,23.53,0,23.53,681.47,34.07,715.54,64.54,193.62,71.59,72.94
ABNAH Cafe Saket Premium,2026-03-21,BILL-OUT003-260321-0064,Dine In,Dine In,,,Food,Baked Goods,996331,MENU0098,Sriracha Chicken Croissant,275.0,2.0,550.0,Synthetic promotion,30.36,0,30.36,519.64,25.98,545.62,81.14,162.28,68.77,70.26
ABNAH Cafe Saket Premium,2026-03-21,BILL-OUT003-260321-0065,Dine In,Dine In,,,Dessert,Baked Goods,996331,MENU0099,Cinnamon Roll with Cream Cheese,220.0,3.0,660.0,Synthetic promotion,13.38,0,13.38,646.62,32.33,678.95,52.57,157.71,75.61,76.77
ABNAH Cafe Saket Premium,2026-03-21,BILL-OUT003-260321-0066,Delivery/Takeaway,Mall Walk-in,,,Dessert,Baked Goods,996331,MENU0101,Lemon Raspberry Tea Cake,215.0,2.0,430.0,Synthetic promotion,5.49,0,5.49,424.51,21.23,445.74,56.57,113.14,73.35,74.62
ABNAH Cafe Saket Premium,2026-03-21,BILL-OUT003-260321-0067,Dine In,Dine In,,,Dessert,Desserts,996331,MENU0102,Double Chocolate Truffle Cake,295.0,4.0,1180.0,Synthetic promotion,19.38,0,19.38,1160.62,58.03,1218.65,63.07,252.28,78.26,79.3
ABNAH Cafe Saket Premium,2026-03-21,BILL-OUT003-260321-0068,Delivery/Takeaway,Online,Guest 0949,9000000949,Dessert,Desserts,996331,MENU0103,Banoffee Pie,285.0,1.0,285.0,Synthetic promotion,2.78,0,2.78,282.22,14.11,296.33,56.57,56.57,79.96,80.91
ABNAH Cafe Saket Premium,2026-03-21,BILL-OUT003-260321-0069,Delivery/Takeaway,Mall Walk-in,,,Dessert,Desserts,996331,MENU0105,Soft-Centred Caramel Cookie,181.98,3.0,545.94,,0.0,0,0.0,545.94,27.3,573.24,46.02,138.06,74.71,75.92
ABNAH Cafe Saket Premium,2026-03-21,BILL-OUT003-260321-0070,Delivery/Takeaway,Online,,,Dessert,Desserts,996331,MENU0106,Death by Chocolate Cookie,190.0,2.0,380.0,Synthetic promotion,17.01,0,17.01,362.99,18.15,381.14,47.52,95.04,73.82,75.06
ABNAH Cafe Saket Premium,2026-03-21,BILL-OUT003-260321-0071,Delivery/Takeaway,Mall Walk-in,,,Dessert,Desserts,996331,MENU0107,Jaggery Parmesan Cookie,170.0,3.0,510.0,Synthetic promotion,22.49,0,22.49,487.51,24.38,511.89,41.02,123.06,74.76,75.96
ABNAH Cafe Saket Premium,2026-03-21,BILL-OUT003-260321-0072,Delivery/Takeaway,Online,,,Dessert,Desserts,996331,MENU0108,Apple Pie,270.0,2.0,540.0,Synthetic promotion,19.13,0,19.13,520.87,26.04,546.91,56.57,113.14,78.28,79.31
ABNAH Cafe Saket Premium,2026-03-21,BILL-OUT003-260321-0073,Delivery/Takeaway,Mall Walk-in,,,Dessert,Desserts,996331,MENU0109,Basque Cheesecake,310.0,3.0,930.0,Synthetic promotion,55.46,0,55.46,874.54,43.73,918.27,82.57,247.71,71.68,73.02
ABNAH Cafe Saket Premium,2026-03-21,BILL-OUT003-260321-0074,Delivery/Takeaway,Mall Walk-in,,,Dessert,Baked Goods,996331,MENU0110,Multigrain Walnut Tea Cake,225.0,1.0,225.0,Synthetic promotion,6.21,0,6.21,218.79,10.94,229.73,56.57,56.57,74.14,75.38
ABNAH Cafe Saket Premium,2026-03-22,BILL-OUT003-260322-0001,Delivery/Takeaway,Mall Walk-in,,,Beverage,Coffee Classics,996331,MENU0003,Americano - Regular,185.0,4.0,740.0,Synthetic promotion,15.54,0,15.54,724.46,36.22,760.68,23.21,92.84,87.18,87.8
ABNAH Cafe Saket Premium,2026-03-22,BILL-OUT003-260322-0002,Delivery/Takeaway,Mall Walk-in,,,Beverage,Coffee Classics,996331,MENU0004,Americano - Medium,210.0,2.0,420.0,Synthetic promotion,14.72,0,14.72,405.28,20.26,425.54,26.05,52.1,87.14,87.76
ABNAH Cafe Saket Premium,2026-03-22,BILL-OUT003-260322-0003,Delivery/Takeaway,Mall Walk-in,,,Beverage,Coffee Classics,996331,MENU0005,Americano - Large,235.0,1.0,235.0,Synthetic promotion,12.67,0,12.67,222.33,11.12,233.45,28.91,28.91,87.0,87.62
ABNAH Cafe Saket Premium,2026-03-22,BILL-OUT003-260322-0004,Delivery/Takeaway,Online,,,Beverage,Coffee Classics,996331,MENU0006,Latte - Regular,225.0,1.0,225.0,Synthetic promotion,5.71,0,5.71,219.29,10.96,230.25,36.17,36.17,83.51,84.29
ABNAH Cafe Saket Premium,2026-03-22,BILL-OUT003-260322-0005,Delivery/Takeaway,Online,Guest 1625,9000001625,Beverage,Coffee Classics,996331,MENU0007,Latte - Medium,250.0,3.0,750.0,Synthetic promotion,39.91,0,39.91,710.09,35.5,745.59,40.96,122.88,82.7,83.52
ABNAH Cafe Saket Premium,2026-03-22,BILL-OUT003-260322-0006,Delivery/Takeaway,Mall Walk-in,,,Beverage,Coffee Classics,996331,MENU0008,Latte - Large,275.0,2.0,550.0,Synthetic promotion,18.26,0,18.26,531.74,26.59,558.33,45.76,91.52,82.79,83.61
ABNAH Cafe Saket Premium,2026-03-22,BILL-OUT003-260322-0007,Dine In,Dine In,,,Beverage,Coffee Classics,996331,MENU0009,Cappuccino - Regular,225.07,4.0,900.28,,0.0,0,0.0,900.29,45.01,945.3,36.17,144.68,83.93,84.69
ABNAH Cafe Saket Premium,2026-03-22,BILL-OUT003-260322-0008,Dine In,Dine In,,,Beverage,Coffee Classics,996331,MENU0010,Cappuccino - Medium,250.0,3.0,750.0,Synthetic promotion,43.78,0,43.78,706.22,35.31,741.53,40.96,122.88,82.6,83.43
ABNAH Cafe Saket Premium,2026-03-22,BILL-OUT003-260322-0009,Delivery/Takeaway,Online,,,Beverage,Coffee Classics,996331,MENU0012,Flat White - Regular,235.0,1.0,235.0,Synthetic promotion,7.98,0,7.98,227.02,11.35,238.37,36.17,36.17,84.07,84.83
ABNAH Cafe Saket Premium,2026-03-22,BILL-OUT003-260322-0010,Delivery/Takeaway,Mall Walk-in,,,Beverage,Coffee Classics,996331,MENU0013,Flat White - Medium,260.0,2.0,520.0,Synthetic promotion,2.64,0,2.64,517.36,25.87,543.23,40.96,81.92,84.17,84.92
ABNAH Cafe Saket Premium,2026-03-22,BILL-OUT003-260322-0011,Dine In,Dine In,,,Beverage,Coffee Classics,996331,MENU0014,Flat White - Large,285.0,3.0,855.0,Synthetic promotion,3.83,0,3.83,851.17,42.56,893.73,45.76,137.28,83.87,84.64
ABNAH Cafe Saket Premium,2026-03-22,BILL-OUT003-260322-0012,Dine In,Dine In,Guest 3927,9000003927,Beverage,Coffee Classics,996331,MENU0015,Mocha - Regular,245.0,3.0,735.0,Synthetic promotion,35.27,0,35.27,699.73,34.99,734.72,42.67,128.01,81.71,82.58
ABNAH Cafe Saket Premium,2026-03-22,BILL-OUT003-260322-0013,Dine In,Dine In,,,Beverage,Coffee Classics,996331,MENU0016,Mocha - Medium,270.0,1.0,270.0,Synthetic promotion,10.4,0,10.4,259.6,12.98,272.58,48.42,48.42,81.35,82.24
ABNAH Cafe Saket Premium,2026-03-22,BILL-OUT003-260322-0014,Delivery/Takeaway,Mall Walk-in,,,Beverage,Coffee Classics,996331,MENU0017,Mocha - Large,295.0,1.0,295.0,Synthetic promotion,13.93,0,13.93,281.07,14.05,295.12,54.21,54.21,80.71,81.63
ABNAH Cafe Saket Premium,2026-03-22,BILL-OUT003-260322-0015,Dine In,Dine In,Guest 0174,9000000174,Beverage,Signature Coffee,996331,MENU0018,Sea Salt Mocha - Regular,275.0,2.0,550.0,Synthetic promotion,16.39,0,16.39,533.61,26.68,560.29,42.67,85.34,84.01,84.77
ABNAH Cafe Saket Premium,2026-03-22,BILL-OUT003-260322-0016,Delivery/Takeaway,Mall Walk-in,,,Beverage,Signature Coffee,996331,MENU0019,Sea Salt Mocha - Medium,305.0,2.0,610.0,Synthetic promotion,27.59,0,27.59,582.41,29.12,611.53,48.42,96.84,83.37,84.16
ABNAH Cafe Saket Premium,2026-03-22,BILL-OUT003-260322-0017,Delivery/Takeaway,Mall Walk-in,,,Beverage,Signature Coffee,996331,MENU0021,Orange Zest Mocha - Regular,270.0,2.0,540.0,Synthetic promotion,6.71,0,6.71,533.29,26.66,559.95,42.67,85.34,84.0,84.76
ABNAH Cafe Saket Premium,2026-03-22,BILL-OUT003-260322-0018,Delivery/Takeaway,Mall Walk-in,,,Beverage,Signature Coffee,996331,MENU0022,Orange Zest Mocha - Medium,300.0,1.0,300.0,Synthetic promotion,13.7,0,13.7,286.3,14.31,300.61,48.42,48.42,83.09,83.89
ABNAH Cafe Saket Premium,2026-03-22,BILL-OUT003-260322-0019,Delivery/Takeaway,Mall Walk-in,,,Beverage,Signature Coffee,996331,MENU0023,Orange Zest Mocha - Large,330.0,1.0,330.0,Synthetic promotion,15.56,0,15.56,314.44,15.72,330.16,54.21,54.21,82.76,83.58
ABNAH Cafe Saket Premium,2026-03-22,BILL-OUT003-260322-0020,Delivery/Takeaway,Mall Walk-in,,,Beverage,Signature Coffee,996331,MENU0024,Caramel Macchiato - Regular,265.0,1.0,265.0,Synthetic promotion,0.61,0,0.61,264.39,13.22,277.61,42.42,42.42,83.96,84.72
ABNAH Cafe Saket Premium,2026-03-22,BILL-OUT003-260322-0021,Delivery/Takeaway,Mall Walk-in,,,Beverage,Signature Coffee,996331,MENU0027,French Vanilla Latte - Regular,269.36,1.0,269.36,,0.0,0,0.0,269.36,13.47,282.83,42.17,42.17,84.34,85.09
ABNAH Cafe Saket Premium,2026-03-22,BILL-OUT003-260322-0022,Delivery/Takeaway,Online,,,Beverage,Signature Coffee,996331,MENU0028,French Vanilla Latte - Medium,295.0,1.0,295.0,Synthetic promotion,16.12,0,16.12,278.88,13.94,292.82,47.85,47.85,82.84,83.66
ABNAH Cafe Saket Premium,2026-03-22,BILL-OUT003-260322-0023,Delivery/Takeaway,Online,,,Beverage,Signature Coffee,996331,MENU0029,French Vanilla Latte - Large,325.0,1.0,325.0,Synthetic promotion,4.28,0,4.28,320.72,16.04,336.76,53.56,53.56,83.3,84.1
ABNAH Cafe Saket Premium,2026-03-22,BILL-OUT003-260322-0024,Delivery/Takeaway,Online,,,Beverage,Signature Coffee,996331,MENU0030,Vegan Iced Latte - Regular,285.0,4.0,1140.0,Synthetic promotion,14.89,0,14.89,1125.11,56.26,1181.37,58.9,235.6,79.06,80.06
ABNAH Cafe Saket Premium,2026-03-22,BILL-OUT003-260322-0025,Delivery/Takeaway,Mall Walk-in,Guest 3787,9000003787,Beverage,Signature Coffee,996331,MENU0031,Vegan Iced Latte - Medium,310.0,2.0,620.0,Synthetic promotion,18.79,0,18.79,601.21,30.06,631.27,66.95,133.9,77.73,78.79
ABNAH Cafe Saket Premium,2026-03-22,BILL-OUT003-260322-0026,Dine In,Dine In,,,Beverage,Cold Brew,996331,MENU0034,Classic Cold Brew - Medium,250.0,1.0,250.0,Synthetic promotion,14.14,0,14.14,235.86,11.79,247.65,28.66,28.66,87.85,88.43
ABNAH Cafe Saket Premium,2026-03-22,BILL-OUT003-260322-0027,Dine In,Dine In,,,Beverage,Cold Brew,996331,MENU0036,Coffee Lemonade - Regular,235.0,2.0,470.0,Synthetic promotion,9.77,0,9.77,460.23,23.01,483.24,29.45,58.9,87.2,87.81
ABNAH Cafe Saket Premium,2026-03-22,BILL-OUT003-260322-0028,Delivery/Takeaway,Mall Walk-in,,,Beverage,Cold Brew,996331,MENU0037,Coffee Lemonade - Medium,263.42,1.0,263.42,,0.0,0,0.0,263.42,13.17,276.59,33.09,33.09,87.44,88.04
ABNAH Cafe Saket Premium,2026-03-22,BILL-OUT003-260322-0029,Dine In,Dine In,,,Beverage,Cold Brew,996331,MENU0038,Coffee Lemonade - Large,285.0,1.0,285.0,Synthetic promotion,6.48,0,6.48,278.52,13.93,292.45,36.73,36.73,86.81,87.44
ABNAH Cafe Saket Premium,2026-03-22,BILL-OUT003-260322-0030,Dine In,Dine In,Guest 3122,9000003122,Beverage,Cold Brew,996331,MENU0039,Vietnamese Shakerato - Regular,255.0,1.0,255.0,Synthetic promotion,8.18,0,8.18,246.82,12.34,259.16,25.6,25.6,89.63,90.12
ABNAH Cafe Saket Premium,2026-03-22,BILL-OUT003-260322-0031,Delivery/Takeaway,Online,,,Beverage,Cold Brew,996331,MENU0040,Vietnamese Shakerato - Medium,280.0,2.0,560.0,Synthetic promotion,5.77,0,5.77,554.23,27.71,581.94,28.66,57.32,89.66,90.15
ABNAH Cafe Saket Premium,2026-03-22,BILL-OUT003-260322-0032,Delivery/Takeaway,Mall Walk-in,,,Beverage,Cold Brew,996331,MENU0041,Vietnamese Shakerato - Large,305.0,2.0,610.0,Synthetic promotion,3.77,0,3.77,606.23,30.31,636.54,31.73,63.46,89.53,90.03
ABNAH Cafe Saket Premium,2026-03-22,BILL-OUT003-260322-0033,Delivery/Takeaway,Online,,,Beverage,Cold Coffee,996331,MENU0042,Classic Cold Coffee - Regular,255.47,2.0,510.94,Synthetic promotion,0.01,0,0.01,510.93,25.55,536.48,38.56,77.12,84.91,85.62
ABNAH Cafe Saket Premium,2026-03-22,BILL-OUT003-260322-0034,Dine In,Dine In,Guest 7298,9000007298,Beverage,Cold Coffee,996331,MENU0043,Classic Cold Coffee - Medium,290.0,2.0,580.0,Synthetic promotion,14.81,0,14.81,565.19,28.26,593.45,43.56,87.12,84.59,85.32
ABNAH Cafe Saket Premium,2026-03-22,BILL-OUT003-260322-0035,Delivery/Takeaway,Mall Walk-in,,,Beverage,Cold Coffee,996331,MENU0044,Classic Cold Coffee - Large,325.0,2.0,650.0,Synthetic promotion,24.16,0,24.16,625.84,31.29,657.13,48.58,97.16,84.48,85.21
ABNAH Cafe Saket Premium,2026-03-22,BILL-OUT003-260322-0036,Delivery/Takeaway,Mall Walk-in,,,Beverage,Cold Coffee,996331,MENU0045,Mocha Cold Coffee - Regular,285.0,1.0,285.0,Synthetic promotion,14.56,0,14.56,270.44,13.52,283.96,45.06,45.06,83.34,84.13
ABNAH Cafe Saket Premium,2026-03-22,BILL-OUT003-260322-0037,Delivery/Takeaway,Online,,,Beverage,Cold Coffee,996331,MENU0046,Mocha Cold Coffee - Medium,320.0,3.0,960.0,Synthetic promotion,9.07,0,9.07,950.93,47.55,998.48,51.03,153.09,83.9,84.67
ABNAH Cafe Saket Premium,2026-03-22,BILL-OUT003-260322-0038,Delivery/Takeaway,Mall Walk-in,,,Beverage,Cold Coffee,996331,MENU0048,Caramel Cold Coffee - Regular,285.0,2.0,570.0,Synthetic promotion,8.08,0,8.08,561.92,28.1,590.02,44.81,89.62,84.05,84.81
ABNAH Cafe Saket Premium,2026-03-22,BILL-OUT003-260322-0039,Delivery/Takeaway,Mall Walk-in,,,Beverage,Cold Coffee,996331,MENU0049,Caramel Cold Coffee - Medium,322.68,3.0,968.04,,0.0,0,0.0,968.05,48.4,1016.45,50.74,152.22,84.28,85.02
ABNAH Cafe Saket Premium,2026-03-22,BILL-OUT003-260322-0040,Dine In,Dine In,Guest 7159,9000007159,Beverage,Tea,996331,MENU0052,Masala Chai Latte - Medium,224.31,2.0,448.62,Synthetic promotion,0.01,0,0.01,448.61,22.43,471.04,40.96,81.92,81.74,82.61
ABNAH Cafe Saket Premium,2026-03-22,BILL-OUT003-260322-0041,Delivery/Takeaway,Online,,,Beverage,Tea,996331,MENU0054,Himalayan Green Tea,210.0,3.0,630.0,Synthetic promotion,3.45,0,3.45,626.55,31.33,657.88,8.67,26.01,95.85,96.05
ABNAH Cafe Saket Premium,2026-03-22,BILL-OUT003-260322-0042,Dine In,Dine In,,,Beverage,Tea,996331,MENU0055,Japanese Matcha Latte - Regular,265.0,2.0,530.0,Synthetic promotion,12.28,0,12.28,517.72,25.89,543.61,36.17,72.34,86.03,86.69
ABNAH Cafe Saket Premium,2026-03-22,BILL-OUT003-260322-0043,Dine In,Dine In,,,Beverage,Tea,996331,MENU0056,Japanese Matcha Latte - Medium,299.22,2.0,598.44,,0.0,0,0.0,598.44,29.92,628.36,40.96,81.92,86.31,86.96
ABNAH Cafe Saket Premium,2026-03-22,BILL-OUT003-260322-0044,Delivery/Takeaway,Mall Walk-in,,,Beverage,Iced Tea,996331,MENU0059,Lemon Iced Tea - Medium,230.0,1.0,230.0,Synthetic promotion,9.88,0,9.88,220.12,11.01,231.13,15.66,15.66,92.89,93.22
ABNAH Cafe Saket Premium,2026-03-22,BILL-OUT003-260322-0045,Delivery/Takeaway,Mall Walk-in,,,Beverage,Iced Tea,996331,MENU0060,Lemon Iced Tea - Large,256.37,1.0,256.37,,0.0,0,0.0,256.37,12.82,269.19,17.03,17.03,93.36,93.67
ABNAH Cafe Saket Premium,2026-03-22,BILL-OUT003-260322-0046,Delivery/Takeaway,Online,,,Beverage,Iced Tea,996331,MENU0061,Hibiscus Lime Iced Tea - Regular,225.0,2.0,450.0,Synthetic promotion,3.78,0,3.78,446.22,22.31,468.53,24.09,48.18,89.2,89.72
ABNAH Cafe Saket Premium,2026-03-22,BILL-OUT003-260322-0047,Delivery/Takeaway,Mall Walk-in,,,Beverage,Iced Tea,996331,MENU0063,Hibiscus Lime Iced Tea - Large,275.0,1.0,275.0,Synthetic promotion,12.96,0,12.96,262.04,13.1,275.14,29.77,29.77,88.64,89.18
ABNAH Cafe Saket Premium,2026-03-22,BILL-OUT003-260322-0048,Delivery/Takeaway,Mall Walk-in,,,Beverage,Shake,996331,MENU0068,Choco Chip Shake - Regular,299.05,3.0,897.15,,0.0,0,0.0,897.16,44.86,942.02,34.11,102.33,88.59,89.14
ABNAH Cafe Saket Premium,2026-03-22,BILL-OUT003-260322-0049,Delivery/Takeaway,Mall Walk-in,,,Beverage,Shake,996331,MENU0070,Choco Chip Shake - Large,365.42,1.0,365.42,,0.0,0,0.0,365.42,18.27,383.69,42.79,42.79,88.29,88.85
ABNAH Cafe Saket Premium,2026-03-22,BILL-OUT003-260322-0050,Delivery/Takeaway,Online,Guest 7052,9000007052,Beverage,Shake,996331,MENU0071,Mixed Berry Shake - Regular,315.0,1.0,315.0,Synthetic promotion,8.25,0,8.25,306.75,15.34,322.09,61.21,61.21,80.05,81.0
ABNAH Cafe Saket Premium,2026-03-22,BILL-OUT003-260322-0051,Delivery/Takeaway,Online,,,Beverage,Smoothie,996331,MENU0075,Seasonal Smoothie - Medium,340.0,2.0,680.0,Synthetic promotion,35.79,0,35.79,644.21,32.21,676.42,37.59,75.18,88.33,88.89
ABNAH Cafe Saket Premium,2026-03-22,BILL-OUT003-260322-0052,Delivery/Takeaway,Mall Walk-in,Guest 7488,9000007488,Beverage,Smoothie,996331,MENU0076,Seasonal Smoothie - Large,375.0,1.0,375.0,Synthetic promotion,21.94,0,21.94,353.06,17.65,370.71,41.83,41.83,88.15,88.72
ABNAH Cafe Saket Premium,2026-03-22,BILL-OUT003-260322-0053,Delivery/Takeaway,Mall Walk-in,,,Food,Wraps,996331,MENU0078,Shredded Chicken Wrap,295.53,1.0,295.53,,0.0,0,0.0,295.53,14.78,310.31,70.05,70.05,76.3,77.43
ABNAH Cafe Saket Premium,2026-03-22,BILL-OUT003-260322-0054,Delivery/Takeaway,Online,,,Food,Sandwiches,996331,MENU0079,Smoked Chipotle Paneer Sandwich,298.8,3.0,896.4,,0.0,0,0.0,896.41,44.82,941.23,90.66,271.98,69.66,71.1
ABNAH Cafe Saket Premium,2026-03-22,BILL-OUT003-260322-0055,Delivery/Takeaway,Online,,,Food,Sandwiches,996331,MENU0080,Pesto Veg Sandwich,284.73,1.0,284.73,,0.0,0,0.0,284.73,14.24,298.97,91.86,91.86,67.74,69.27
ABNAH Cafe Saket Premium,2026-03-22,BILL-OUT003-260322-0056,Delivery/Takeaway,Mall Walk-in,,,Food,Breakfast,996331,MENU0086,Breakfast Pancakes,285.0,1.0,285.0,Synthetic promotion,8.98,0,8.98,276.02,13.8,289.82,66.89,66.89,75.77,76.92
ABNAH Cafe Saket Premium,2026-03-22,BILL-OUT003-260322-0057,Delivery/Takeaway,Online,,,Food,Breakfast,996331,MENU0088,Scallion Pepper Cream Cheese Bagel,265.0,2.0,530.0,Synthetic promotion,10.93,0,10.93,519.07,25.95,545.02,54.49,108.98,79.0,80.0
ABNAH Cafe Saket Premium,2026-03-22,BILL-OUT003-260322-0058,Delivery/Takeaway,Mall Walk-in,Guest 0018,9000000018,Food,Breakfast,996331,MENU0089,Masala Egg Bun,225.0,1.0,225.0,Synthetic promotion,7.31,0,7.31,217.69,10.88,228.57,42.74,42.74,80.37,81.3
ABNAH Cafe Saket Premium,2026-03-22,BILL-OUT003-260322-0059,Dine In,Dine In,,,Food,Snacks,996331,MENU0091,Pesto Sundried Tomato Pin Wheel,225.0,1.0,225.0,Synthetic promotion,12.89,0,12.89,212.11,10.61,222.72,42.04,42.04,80.18,81.12
ABNAH Cafe Saket Premium,2026-03-22,BILL-OUT003-260322-0060,Delivery/Takeaway,Mall Walk-in,,,Food,Snacks,996331,MENU0092,Turnover with Brioche Dough Chicken,255.0,1.0,255.0,Synthetic promotion,14.2,0,14.2,240.8,12.04,252.84,87.54,87.54,63.65,65.38
ABNAH Cafe Saket Premium,2026-03-22,BILL-OUT003-260322-0061,Delivery/Takeaway,Online,,,Food,Baked Goods,996331,MENU0094,Butter Croissant,195.0,1.0,195.0,Synthetic promotion,7.53,0,7.53,187.47,9.37,196.84,58.04,58.04,69.04,70.51
ABNAH Cafe Saket Premium,2026-03-22,BILL-OUT003-260322-0062,Dine In,Dine In,,,Food,Baked Goods,996331,MENU0095,Almond Croissant,245.0,2.0,490.0,Synthetic promotion,14.79,0,14.79,475.21,23.76,498.97,58.04,116.08,75.57,76.74
ABNAH Cafe Saket Premium,2026-03-22,BILL-OUT003-260322-0063,Dine In,Dine In,Guest 4119,9000004119,Food,Baked Goods,996331,MENU0096,Chocolate Croissant,235.0,1.0,235.0,Synthetic promotion,8.93,0,8.93,226.07,11.3,237.37,64.54,64.54,71.45,72.81
ABNAH Cafe Saket Premium,2026-03-22,BILL-OUT003-260322-0064,Delivery/Takeaway,Mall Walk-in,,,Food,Baked Goods,996331,MENU0097,Mushroom Cheese Croissant,255.0,4.0,1020.0,Synthetic promotion,51.77,0,51.77,968.23,48.41,1016.64,74.84,299.36,69.08,70.55
ABNAH Cafe Saket Premium,2026-03-22,BILL-OUT003-260322-0065,Delivery/Takeaway,Online,,,Food,Baked Goods,996331,MENU0098,Sriracha Chicken Croissant,275.0,2.0,550.0,Synthetic promotion,31.79,0,31.79,518.21,25.91,544.12,81.14,162.28,68.68,70.18
ABNAH Cafe Saket Premium,2026-03-22,BILL-OUT003-260322-0066,Delivery/Takeaway,Online,,,Dessert,Baked Goods,996331,MENU0099,Cinnamon Roll with Cream Cheese,220.0,1.0,220.0,Synthetic promotion,4.59,0,4.59,215.41,10.77,226.18,52.57,52.57,75.6,76.76
ABNAH Cafe Saket Premium,2026-03-22,BILL-OUT003-260322-0067,Delivery/Takeaway,Mall Walk-in,,,Dessert,Baked Goods,996331,MENU0100,Banana Walnut Tea Cake,205.0,2.0,410.0,Synthetic promotion,17.9,0,17.9,392.1,19.61,411.71,61.61,123.22,68.57,70.07
ABNAH Cafe Saket Premium,2026-03-22,BILL-OUT003-260322-0068,Dine In,Dine In,,,Dessert,Baked Goods,996331,MENU0101,Lemon Raspberry Tea Cake,215.0,2.0,430.0,Synthetic promotion,19.95,0,19.95,410.05,20.5,430.55,56.57,113.14,72.41,73.72
ABNAH Cafe Saket Premium,2026-03-22,BILL-OUT003-260322-0069,Delivery/Takeaway,Mall Walk-in,,,Dessert,Desserts,996331,MENU0102,Double Chocolate Truffle Cake,295.76,4.0,1183.04,,0.0,0,0.0,1183.06,59.15,1242.21,63.07,252.28,78.68,79.69
ABNAH Cafe Saket Premium,2026-03-22,BILL-OUT003-260322-0070,Delivery/Takeaway,Online,,,Dessert,Desserts,996331,MENU0104,Classic Chocolate Fudge Brownie,195.0,2.0,390.0,Synthetic promotion,15.18,0,15.18,374.82,18.74,393.56,51.02,102.04,72.78,74.07
ABNAH Cafe Saket Premium,2026-03-22,BILL-OUT003-260322-0071,Delivery/Takeaway,Online,,,Dessert,Desserts,996331,MENU0105,Soft-Centred Caramel Cookie,180.0,4.0,720.0,Synthetic promotion,34.94,0,34.94,685.06,34.25,719.31,46.02,184.08,73.13,74.41
ABNAH Cafe Saket Premium,2026-03-22,BILL-OUT003-260322-0072,Delivery/Takeaway,Mall Walk-in,,,Dessert,Desserts,996331,MENU0106,Death by Chocolate Cookie,190.0,2.0,380.0,Synthetic promotion,5.53,0,5.53,374.47,18.72,393.19,47.52,95.04,74.62,75.83
ABNAH Cafe Saket Premium,2026-03-22,BILL-OUT003-260322-0073,Delivery/Takeaway,Mall Walk-in,Guest 1991,9000001991,Dessert,Desserts,996331,MENU0107,Jaggery Parmesan Cookie,170.0,1.0,170.0,Synthetic promotion,1.07,0,1.07,168.93,8.45,177.38,41.02,41.02,75.72,76.87
ABNAH Cafe Saket Premium,2026-03-22,BILL-OUT003-260322-0074,Delivery/Takeaway,Online,,,Dessert,Baked Goods,996331,MENU0110,Multigrain Walnut Tea Cake,225.0,2.0,450.0,Synthetic promotion,20.33,0,20.33,429.67,21.48,451.15,56.57,113.14,73.67,74.92
ABNAH Cafe Saket Premium,2026-03-23,BILL-OUT003-260323-0001,Delivery/Takeaway,Online,,,Beverage,Coffee Classics,996331,MENU0003,Americano - Regular,185.0,9.0,1665.0,Synthetic promotion,20.02,0,20.02,1644.98,82.25,1727.23,23.21,208.89,87.3,87.91
ABNAH Cafe Saket Premium,2026-03-23,BILL-OUT003-260323-0002,Dine In,Dine In,,,Beverage,Coffee Classics,996331,MENU0005,Americano - Large,235.0,2.0,470.0,Synthetic promotion,4.28,0,4.28,465.72,23.29,489.01,28.91,57.82,87.58,88.18
ABNAH Cafe Saket Premium,2026-03-23,BILL-OUT003-260323-0003,Delivery/Takeaway,Mall Walk-in,,,Beverage,Coffee Classics,996331,MENU0006,Latte - Regular,225.0,2.0,450.0,Synthetic promotion,14.5,0,14.5,435.5,21.77,457.27,36.17,72.34,83.39,84.18
ABNAH Cafe Saket Premium,2026-03-23,BILL-OUT003-260323-0004,Dine In,Dine In,Guest 2881,9000002881,Beverage,Coffee Classics,996331,MENU0007,Latte - Medium,250.0,2.0,500.0,Synthetic promotion,27.66,0,27.66,472.34,23.62,495.96,40.96,81.92,82.66,83.48
ABNAH Cafe Saket Premium,2026-03-23,BILL-OUT003-260323-0005,Delivery/Takeaway,Online,,,Beverage,Coffee Classics,996331,MENU0008,Latte - Large,275.0,1.0,275.0,Synthetic promotion,1.29,0,1.29,273.71,13.69,287.4,45.76,45.76,83.28,84.08
ABNAH Cafe Saket Premium,2026-03-23,BILL-OUT003-260323-0006,Delivery/Takeaway,Online,,,Beverage,Coffee Classics,996331,MENU0009,Cappuccino - Regular,227.65,2.0,455.3,,0.0,0,0.0,455.3,22.77,478.07,36.17,72.34,84.11,84.87
ABNAH Cafe Saket Premium,2026-03-23,BILL-OUT003-260323-0007,Delivery/Takeaway,Online,,,Beverage,Coffee Classics,996331,MENU0010,Cappuccino - Medium,250.0,4.0,1000.0,Synthetic promotion,39.88,0,39.88,960.12,48.01,1008.13,40.96,163.84,82.94,83.75
ABNAH Cafe Saket Premium,2026-03-23,BILL-OUT003-260323-0008,Delivery/Takeaway,Online,,,Beverage,Coffee Classics,996331,MENU0012,Flat White - Regular,235.0,3.0,705.0,Synthetic promotion,31.23,0,31.23,673.77,33.69,707.46,36.17,108.51,83.9,84.66
ABNAH Cafe Saket Premium,2026-03-23,BILL-OUT003-260323-0009,Dine In,Dine In,,,Beverage,Coffee Classics,996331,MENU0013,Flat White - Medium,260.0,1.0,260.0,Synthetic promotion,10.21,0,10.21,249.79,12.49,262.28,40.96,40.96,83.6,84.38
ABNAH Cafe Saket Premium,2026-03-23,BILL-OUT003-260323-0010,Dine In,Dine In,,,Beverage,Coffee Classics,996331,MENU0014,Flat White - Large,288.95,1.0,288.95,,0.0,0,0.0,288.95,14.45,303.4,45.76,45.76,84.16,84.92
ABNAH Cafe Saket Premium,2026-03-23,BILL-OUT003-260323-0011,Dine In,Dine In,,,Beverage,Coffee Classics,996331,MENU0016,Mocha - Medium,270.0,2.0,540.0,Synthetic promotion,7.67,0,7.67,532.33,26.62,558.95,48.42,96.84,81.81,82.67
ABNAH Cafe Saket Premium,2026-03-23,BILL-OUT003-260323-0012,Dine In,Dine In,,,Beverage,Signature Coffee,996331,MENU0018,Sea Salt Mocha - Regular,279.63,1.0,279.63,,0.0,0,0.0,279.63,13.98,293.61,42.67,42.67,84.74,85.47
ABNAH Cafe Saket Premium,2026-03-23,BILL-OUT003-260323-0013,Delivery/Takeaway,Online,Guest 2573,9000002573,Beverage,Signature Coffee,996331,MENU0020,Sea Salt Mocha - Large,335.0,2.0,670.0,Synthetic promotion,15.41,0,15.41,654.59,32.73,687.32,54.21,108.42,83.44,84.23
ABNAH Cafe Saket Premium,2026-03-23,BILL-OUT003-260323-0014,Delivery/Takeaway,Mall Walk-in,,,Beverage,Signature Coffee,996331,MENU0022,Orange Zest Mocha - Medium,300.58,2.0,601.16,,0.0,0,0.0,601.17,30.06,631.23,48.42,96.84,83.89,84.66
ABNAH Cafe Saket Premium,2026-03-23,BILL-OUT003-260323-0015,Delivery/Takeaway,Online,,,Beverage,Signature Coffee,996331,MENU0023,Orange Zest Mocha - Large,330.0,1.0,330.0,Synthetic promotion,12.16,0,12.16,317.84,15.89,333.73,54.21,54.21,82.94,83.76
ABNAH Cafe Saket Premium,2026-03-23,BILL-OUT003-260323-0016,Delivery/Takeaway,Online,,,Beverage,Signature Coffee,996331,MENU0024,Caramel Macchiato - Regular,265.0,1.0,265.0,Synthetic promotion,3.78,0,3.78,261.22,13.06,274.28,42.42,42.42,83.76,84.53
ABNAH Cafe Saket Premium,2026-03-23,BILL-OUT003-260323-0017,Delivery/Takeaway,Online,,,Beverage,Signature Coffee,996331,MENU0025,Caramel Macchiato - Medium,295.0,2.0,590.0,Synthetic promotion,28.75,0,28.75,561.25,28.06,589.31,48.13,96.26,82.85,83.67
ABNAH Cafe Saket Premium,2026-03-23,BILL-OUT003-260323-0018,Delivery/Takeaway,Mall Walk-in,,,Beverage,Signature Coffee,996331,MENU0028,French Vanilla Latte - Medium,295.0,1.0,295.0,Synthetic promotion,7.88,0,7.88,287.12,14.36,301.48,47.85,47.85,83.33,84.13
ABNAH Cafe Saket Premium,2026-03-23,BILL-OUT003-260323-0019,Delivery/Takeaway,Online,Guest 7540,9000007540,Beverage,Signature Coffee,996331,MENU0029,French Vanilla Latte - Large,325.0,3.0,975.0,Synthetic promotion,19.33,0,19.33,955.67,47.78,1003.45,53.56,160.68,83.19,83.99
ABNAH Cafe Saket Premium,2026-03-23,BILL-OUT003-260323-0020,Delivery/Takeaway,Mall Walk-in,,,Beverage,Signature Coffee,996331,MENU0030,Vegan Iced Latte - Regular,285.0,2.0,570.0,Synthetic promotion,13.84,0,13.84,556.16,27.81,583.97,58.9,117.8,78.82,79.83
ABNAH Cafe Saket Premium,2026-03-23,BILL-OUT003-260323-0021,Delivery/Takeaway,Online,,,Beverage,Signature Coffee,996331,MENU0031,Vegan Iced Latte - Medium,310.0,1.0,310.0,Synthetic promotion,14.47,0,14.47,295.53,14.78,310.31,66.95,66.95,77.35,78.42
ABNAH Cafe Saket Premium,2026-03-23,BILL-OUT003-260323-0022,Dine In,Dine In,Guest 6445,9000006445,Beverage,Cold Brew,996331,MENU0033,Classic Cold Brew - Regular,225.0,2.0,450.0,Synthetic promotion,20.37,0,20.37,429.63,21.48,451.11,25.6,51.2,88.08,88.65
ABNAH Cafe Saket Premium,2026-03-23,BILL-OUT003-260323-0023,Dine In,Dine In,,,Beverage,Cold Brew,996331,MENU0034,Classic Cold Brew - Medium,250.0,1.0,250.0,Synthetic promotion,13.98,0,13.98,236.02,11.8,247.82,28.66,28.66,87.86,88.44
ABNAH Cafe Saket Premium,2026-03-23,BILL-OUT003-260323-0024,Delivery/Takeaway,Online,,,Beverage,Cold Brew,996331,MENU0036,Coffee Lemonade - Regular,235.0,1.0,235.0,Synthetic promotion,7.86,0,7.86,227.14,11.36,238.5,29.45,29.45,87.03,87.65
ABNAH Cafe Saket Premium,2026-03-23,BILL-OUT003-260323-0025,Dine In,Dine In,Guest 6985,9000006985,Beverage,Cold Brew,996331,MENU0040,Vietnamese Shakerato - Medium,280.0,1.0,280.0,Synthetic promotion,4.99,0,4.99,275.01,13.75,288.76,28.66,28.66,89.58,90.07
ABNAH Cafe Saket Premium,2026-03-23,BILL-OUT003-260323-0026,Delivery/Takeaway,Mall Walk-in,,,Beverage,Cold Coffee,996331,MENU0042,Classic Cold Coffee - Regular,255.0,2.0,510.0,Synthetic promotion,8.41,0,8.41,501.59,25.08,526.67,38.56,77.12,84.62,85.36
ABNAH Cafe Saket Premium,2026-03-23,BILL-OUT003-260323-0027,Delivery/Takeaway,Mall Walk-in,Guest 0737,9000000737,Beverage,Cold Coffee,996331,MENU0043,Classic Cold Coffee - Medium,290.0,1.0,290.0,Synthetic promotion,2.77,0,2.77,287.23,14.36,301.59,43.56,43.56,84.83,85.56
ABNAH Cafe Saket Premium,2026-03-23,BILL-OUT003-260323-0028,Delivery/Takeaway,Online,,,Beverage,Tea,996331,MENU0051,Masala Chai Latte - Regular,195.0,1.0,195.0,Synthetic promotion,5.47,0,5.47,189.53,9.48,199.01,36.17,36.17,80.92,81.83
ABNAH Cafe Saket Premium,2026-03-23,BILL-OUT003-260323-0029,Delivery/Takeaway,Mall Walk-in,Guest 4442,9000004442,Beverage,Tea,996331,MENU0052,Masala Chai Latte - Medium,224.25,2.0,448.5,,0.0,0,0.0,448.5,22.43,470.93,40.96,81.92,81.73,82.6
ABNAH Cafe Saket Premium,2026-03-23,BILL-OUT003-260323-0030,Dine In,Dine In,,,Beverage,Tea,996331,MENU0054,Himalayan Green Tea,210.0,1.0,210.0,Synthetic promotion,2.54,0,2.54,207.46,10.37,217.83,8.67,8.67,95.82,96.02
ABNAH Cafe Saket Premium,2026-03-23,BILL-OUT003-260323-0031,Dine In,Dine In,,,Beverage,Tea,996331,MENU0056,Japanese Matcha Latte - Medium,295.0,2.0,590.0,Synthetic promotion,2.62,0,2.62,587.38,29.37,616.75,40.96,81.92,86.05,86.72
ABNAH Cafe Saket Premium,2026-03-23,BILL-OUT003-260323-0032,Delivery/Takeaway,Online,Guest 7464,9000007464,Beverage,Iced Tea,996331,MENU0059,Lemon Iced Tea - Medium,230.0,1.0,230.0,Synthetic promotion,11.35,0,11.35,218.65,10.93,229.58,15.66,15.66,92.84,93.18
ABNAH Cafe Saket Premium,2026-03-23,BILL-OUT003-260323-0033,Delivery/Takeaway,Online,Guest 6352,9000006352,Beverage,Shake,996331,MENU0068,Choco Chip Shake - Regular,295.0,1.0,295.0,Synthetic promotion,0.42,0,0.42,294.58,14.73,309.31,34.11,34.11,88.42,88.97
ABNAH Cafe Saket Premium,2026-03-23,BILL-OUT003-260323-0034,Dine In,Dine In,,,Beverage,Shake,996331,MENU0070,Choco Chip Shake - Large,365.0,2.0,730.0,Synthetic promotion,13.51,0,13.51,716.49,35.82,752.31,42.79,85.58,88.06,88.62
ABNAH Cafe Saket Premium,2026-03-23,BILL-OUT003-260323-0035,Dine In,Dine In,,,Beverage,Shake,996331,MENU0071,Mixed Berry Shake - Regular,315.0,2.0,630.0,Synthetic promotion,4.61,0,4.61,625.39,31.27,656.66,61.21,122.42,80.43,81.36
ABNAH Cafe Saket Premium,2026-03-23,BILL-OUT003-260323-0036,Dine In,Dine In,,,Beverage,Shake,996331,MENU0072,Mixed Berry Shake - Medium,350.0,1.0,350.0,Synthetic promotion,11.53,0,11.53,338.47,16.92,355.39,69.6,69.6,79.44,80.42
ABNAH Cafe Saket Premium,2026-03-23,BILL-OUT003-260323-0037,Delivery/Takeaway,Online,,,Beverage,Smoothie,996331,MENU0074,Seasonal Smoothie - Regular,310.82,1.0,310.82,,0.0,0,0.0,310.82,15.54,326.36,33.37,33.37,89.26,89.78
ABNAH Cafe Saket Premium,2026-03-23,BILL-OUT003-260323-0038,Delivery/Takeaway,Online,,,Food,Wraps,996331,MENU0078,Shredded Chicken Wrap,295.0,2.0,590.0,Synthetic promotion,23.43,0,23.43,566.57,28.33,594.9,70.05,140.1,75.27,76.45
ABNAH Cafe Saket Premium,2026-03-23,BILL-OUT003-260323-0039,Dine In,Dine In,,,Food,Sandwiches,996331,MENU0079,Smoked Chipotle Paneer Sandwich,295.49,1.0,295.49,,0.0,0,0.0,295.49,14.77,310.26,90.66,90.66,69.32,70.78
ABNAH Cafe Saket Premium,2026-03-23,BILL-OUT003-260323-0040,Delivery/Takeaway,Online,,,Food,Sandwiches,996331,MENU0081,Pepper Chicken Sandwich,315.0,1.0,315.0,Synthetic promotion,0.08,0,0.08,314.92,15.75,330.67,87.66,87.66,72.16,73.49
ABNAH Cafe Saket Premium,2026-03-23,BILL-OUT003-260323-0041,Dine In,Dine In,Guest 1052,9000001052,Food,Sandwiches,996331,MENU0082,Tandoori Chicken Sandwich,320.0,1.0,320.0,Synthetic promotion,8.87,0,8.87,311.13,15.56,326.69,87.66,87.66,71.83,73.17
ABNAH Cafe Saket Premium,2026-03-23,BILL-OUT003-260323-0042,Dine In,Dine In,,,Food,Breakfast,996331,MENU0086,Breakfast Pancakes,285.0,1.0,285.0,Synthetic promotion,10.38,0,10.38,274.62,13.73,288.35,66.89,66.89,75.64,76.8
ABNAH Cafe Saket Premium,2026-03-23,BILL-OUT003-260323-0043,Delivery/Takeaway,Mall Walk-in,,,Food,Baked Goods,996331,MENU0096,Chocolate Croissant,235.0,1.0,235.0,Synthetic promotion,6.1,0,6.1,228.9,11.45,240.35,64.54,64.54,71.8,73.15
ABNAH Cafe Saket Premium,2026-03-23,BILL-OUT003-260323-0044,Dine In,Dine In,,,Food,Baked Goods,996331,MENU0097,Mushroom Cheese Croissant,257.41,2.0,514.82,,0.0,0,0.0,514.82,25.74,540.56,74.84,149.68,70.93,72.31
ABNAH Cafe Saket Premium,2026-03-23,BILL-OUT003-260323-0045,Delivery/Takeaway,Mall Walk-in,,,Dessert,Baked Goods,996331,MENU0099,Cinnamon Roll with Cream Cheese,220.0,2.0,440.0,Synthetic promotion,2.07,0,2.07,437.93,21.9,459.83,52.57,105.14,75.99,77.14
ABNAH Cafe Saket Premium,2026-03-23,BILL-OUT003-260323-0046,Delivery/Takeaway,Mall Walk-in,,,Dessert,Baked Goods,996331,MENU0100,Banana Walnut Tea Cake,205.0,1.0,205.0,Synthetic promotion,3.73,0,3.73,201.27,10.06,211.33,61.61,61.61,69.39,70.85
ABNAH Cafe Saket Premium,2026-03-23,BILL-OUT003-260323-0047,Delivery/Takeaway,Mall Walk-in,Guest 1167,9000001167,Dessert,Baked Goods,996331,MENU0101,Lemon Raspberry Tea Cake,215.0,1.0,215.0,Synthetic promotion,2.42,0,2.42,212.58,10.63,223.21,56.57,56.57,73.39,74.66
ABNAH Cafe Saket Premium,2026-03-23,BILL-OUT003-260323-0048,Dine In,Dine In,,,Dessert,Desserts,996331,MENU0102,Double Chocolate Truffle Cake,295.0,1.0,295.0,Synthetic promotion,17.02,0,17.02,277.98,13.9,291.88,63.07,63.07,77.31,78.39
ABNAH Cafe Saket Premium,2026-03-23,BILL-OUT003-260323-0049,Delivery/Takeaway,Mall Walk-in,,,Dessert,Desserts,996331,MENU0104,Classic Chocolate Fudge Brownie,195.0,1.0,195.0,Synthetic promotion,10.73,0,10.73,184.27,9.21,193.48,51.02,51.02,72.31,73.63
ABNAH Cafe Saket Premium,2026-03-23,BILL-OUT003-260323-0050,Delivery/Takeaway,Online,,,Dessert,Desserts,996331,MENU0106,Death by Chocolate Cookie,190.0,1.0,190.0,Synthetic promotion,10.68,0,10.68,179.32,8.97,188.29,47.52,47.52,73.5,74.76
ABNAH Cafe Saket Premium,2026-03-23,BILL-OUT003-260323-0051,Dine In,Dine In,Guest 1874,9000001874,Dessert,Desserts,996331,MENU0107,Jaggery Parmesan Cookie,170.0,2.0,340.0,Synthetic promotion,19.4,0,19.4,320.6,16.03,336.63,41.02,82.04,74.41,75.63
ABNAH Cafe Saket Premium,2026-03-23,BILL-OUT003-260323-0052,Delivery/Takeaway,Online,,,Dessert,Desserts,996331,MENU0108,Apple Pie,270.0,1.0,270.0,Synthetic promotion,15.24,0,15.24,254.76,12.74,267.5,56.57,56.57,77.79,78.85
ABNAH Cafe Saket Premium,2026-03-23,BILL-OUT003-260323-0053,Dine In,Dine In,,,Dessert,Desserts,996331,MENU0109,Basque Cheesecake,310.0,2.0,620.0,Synthetic promotion,10.84,0,10.84,609.16,30.46,639.62,82.57,165.14,72.89,74.18
ABNAH Cafe Saket Premium,2026-03-24,BILL-OUT003-260324-0001,Dine In,Dine In,,,Beverage,Coffee Classics,996331,MENU0003,Americano - Regular,186.18,2.0,372.36,,0.0,0,0.0,372.36,18.62,390.98,23.21,46.42,87.53,88.13
ABNAH Cafe Saket Premium,2026-03-24,BILL-OUT003-260324-0002,Delivery/Takeaway,Mall Walk-in,,,Beverage,Coffee Classics,996331,MENU0005,Americano - Large,235.0,2.0,470.0,Synthetic promotion,21.92,0,21.92,448.08,22.4,470.48,28.91,57.82,87.1,87.71
ABNAH Cafe Saket Premium,2026-03-24,BILL-OUT003-260324-0003,Delivery/Takeaway,Online,,,Beverage,Coffee Classics,996331,MENU0008,Latte - Large,275.0,1.0,275.0,Synthetic promotion,11.03,0,11.03,263.97,13.2,277.17,45.76,45.76,82.66,83.49
ABNAH Cafe Saket Premium,2026-03-24,BILL-OUT003-260324-0004,Delivery/Takeaway,Online,,,Beverage,Coffee Classics,996331,MENU0009,Cappuccino - Regular,226.63,5.0,1133.15,Synthetic promotion,0.01,0,0.01,1133.14,56.66,1189.8,36.17,180.85,84.04,84.8
ABNAH Cafe Saket Premium,2026-03-24,BILL-OUT003-260324-0005,Dine In,Dine In,,,Beverage,Coffee Classics,996331,MENU0010,Cappuccino - Medium,250.0,4.0,1000.0,Synthetic promotion,56.21,0,56.21,943.79,47.19,990.98,40.96,163.84,82.64,83.47
ABNAH Cafe Saket Premium,2026-03-24,BILL-OUT003-260324-0006,Dine In,Dine In,Guest 0508,9000000508,Beverage,Coffee Classics,996331,MENU0012,Flat White - Regular,235.0,1.0,235.0,Synthetic promotion,10.22,0,10.22,224.78,11.24,236.02,36.17,36.17,83.91,84.68
ABNAH Cafe Saket Premium,2026-03-24,BILL-OUT003-260324-0007,Delivery/Takeaway,Mall Walk-in,,,Beverage,Coffee Classics,996331,MENU0013,Flat White - Medium,260.0,2.0,520.0,Synthetic promotion,13.38,0,13.38,506.62,25.33,531.95,40.96,81.92,83.83,84.6
ABNAH Cafe Saket Premium,2026-03-24,BILL-OUT003-260324-0008,Delivery/Takeaway,Online,,,Beverage,Coffee Classics,996331,MENU0014,Flat White - Large,285.0,1.0,285.0,Synthetic promotion,14.47,0,14.47,270.53,13.53,284.06,45.76,45.76,83.09,83.89
ABNAH Cafe Saket Premium,2026-03-24,BILL-OUT003-260324-0009,Delivery/Takeaway,Mall Walk-in,,,Beverage,Coffee Classics,996331,MENU0016,Mocha - Medium,270.0,1.0,270.0,Synthetic promotion,0.22,0,0.22,269.78,13.49,283.27,48.42,48.42,82.05,82.91
ABNAH Cafe Saket Premium,2026-03-24,BILL-OUT003-260324-0010,Delivery/Takeaway,Online,Guest 5392,9000005392,Beverage,Signature Coffee,996331,MENU0018,Sea Salt Mocha - Regular,275.0,3.0,825.0,Synthetic promotion,13.13,0,13.13,811.87,40.59,852.46,42.67,128.01,84.23,84.98
ABNAH Cafe Saket Premium,2026-03-24,BILL-OUT003-260324-0011,Delivery/Takeaway,Mall Walk-in,Guest 8964,9000008964,Beverage,Signature Coffee,996331,MENU0019,Sea Salt Mocha - Medium,305.0,1.0,305.0,Synthetic promotion,2.57,0,2.57,302.43,15.12,317.55,48.42,48.42,83.99,84.75
ABNAH Cafe Saket Premium,2026-03-24,BILL-OUT003-260324-0012,Dine In,Dine In,Guest 2387,9000002387,Beverage,Signature Coffee,996331,MENU0022,Orange Zest Mocha - Medium,301.63,1.0,301.63,,0.0,0,0.0,301.63,15.08,316.71,48.42,48.42,83.95,84.71
ABNAH Cafe Saket Premium,2026-03-24,BILL-OUT003-260324-0013,Delivery/Takeaway,Mall Walk-in,,,Beverage,Signature Coffee,996331,MENU0027,French Vanilla Latte - Regular,269.69,2.0,539.38,Synthetic promotion,0.01,0,0.01,539.37,26.97,566.34,42.17,84.34,84.36,85.11
ABNAH Cafe Saket Premium,2026-03-24,BILL-OUT003-260324-0014,Delivery/Takeaway,Mall Walk-in,,,Beverage,Signature Coffee,996331,MENU0029,French Vanilla Latte - Large,325.0,1.0,325.0,Synthetic promotion,6.95,0,6.95,318.05,15.9,333.95,53.56,53.56,83.16,83.96
ABNAH Cafe Saket Premium,2026-03-24,BILL-OUT003-260324-0015,Delivery/Takeaway,Online,Guest 8068,9000008068,Beverage,Signature Coffee,996331,MENU0030,Vegan Iced Latte - Regular,285.0,1.0,285.0,Synthetic promotion,0.78,0,0.78,284.22,14.21,298.43,58.9,58.9,79.28,80.26
ABNAH Cafe Saket Premium,2026-03-24,BILL-OUT003-260324-0016,Delivery/Takeaway,Mall Walk-in,,,Beverage,Signature Coffee,996331,MENU0032,Vegan Iced Latte - Large,335.0,2.0,670.0,Synthetic promotion,8.16,0,8.16,661.84,33.09,694.93,75.02,150.04,77.33,78.41
ABNAH Cafe Saket Premium,2026-03-24,BILL-OUT003-260324-0017,Delivery/Takeaway,Mall Walk-in,,,Beverage,Cold Brew,996331,MENU0037,Coffee Lemonade - Medium,260.0,1.0,260.0,Synthetic promotion,0.13,0,0.13,259.87,12.99,272.86,33.09,33.09,87.27,87.87
ABNAH Cafe Saket Premium,2026-03-24,BILL-OUT003-260324-0018,Delivery/Takeaway,Mall Walk-in,Guest 7014,9000007014,Beverage,Cold Brew,996331,MENU0039,Vietnamese Shakerato - Regular,255.0,1.0,255.0,Synthetic promotion,4.91,0,4.91,250.09,12.5,262.59,25.6,25.6,89.76,90.25
ABNAH Cafe Saket Premium,2026-03-24,BILL-OUT003-260324-0019,Delivery/Takeaway,Mall Walk-in,,,Beverage,Cold Coffee,996331,MENU0042,Classic Cold Coffee - Regular,255.0,1.0,255.0,Synthetic promotion,10.72,0,10.72,244.28,12.21,256.49,38.56,38.56,84.21,84.97
ABNAH Cafe Saket Premium,2026-03-24,BILL-OUT003-260324-0020,Delivery/Takeaway,Mall Walk-in,,,Beverage,Cold Coffee,996331,MENU0044,Classic Cold Coffee - Large,328.69,2.0,657.38,,0.0,0,0.0,657.39,32.87,690.26,48.58,97.16,85.22,85.92
ABNAH Cafe Saket Premium,2026-03-24,BILL-OUT003-260324-0021,Dine In,Dine In,,,Beverage,Cold Coffee,996331,MENU0045,Mocha Cold Coffee - Regular,290.22,1.0,290.22,,0.0,0,0.0,290.22,14.51,304.73,45.06,45.06,84.47,85.21
ABNAH Cafe Saket Premium,2026-03-24,BILL-OUT003-260324-0022,Dine In,Dine In,,,Beverage,Cold Coffee,996331,MENU0047,Mocha Cold Coffee - Large,355.0,1.0,355.0,Synthetic promotion,9.79,0,9.79,345.21,17.26,362.47,57.03,57.03,83.48,84.27
ABNAH Cafe Saket Premium,2026-03-24,BILL-OUT003-260324-0023,Delivery/Takeaway,Mall Walk-in,Guest 2926,9000002926,Beverage,Cold Coffee,996331,MENU0048,Caramel Cold Coffee - Regular,285.54,1.0,285.54,,0.0,0,0.0,285.54,14.28,299.82,44.81,44.81,84.31,85.05
ABNAH Cafe Saket Premium,2026-03-24,BILL-OUT003-260324-0024,Dine In,Dine In,,,Beverage,Cold Coffee,996331,MENU0049,Caramel Cold Coffee - Medium,320.0,1.0,320.0,Synthetic promotion,0.71,0,0.71,319.29,15.96,335.25,50.74,50.74,84.11,84.87
ABNAH Cafe Saket Premium,2026-03-24,BILL-OUT003-260324-0025,Dine In,Dine In,,,Beverage,Tea,996331,MENU0051,Masala Chai Latte - Regular,195.0,2.0,390.0,Synthetic promotion,5.42,0,5.42,384.58,19.23,403.81,36.17,72.34,81.19,82.09
ABNAH Cafe Saket Premium,2026-03-24,BILL-OUT003-260324-0026,Delivery/Takeaway,Online,,,Beverage,Tea,996331,MENU0053,Masala Chai Latte - Large,248.79,1.0,248.79,,0.0,0,0.0,248.79,12.44,261.23,45.76,45.76,81.61,82.48
ABNAH Cafe Saket Premium,2026-03-24,BILL-OUT003-260324-0027,Delivery/Takeaway,Mall Walk-in,,,Beverage,Iced Tea,996331,MENU0062,Hibiscus Lime Iced Tea - Medium,250.0,1.0,250.0,Synthetic promotion,0.48,0,0.48,249.52,12.48,262.0,26.94,26.94,89.2,89.72
ABNAH Cafe Saket Premium,2026-03-24,BILL-OUT003-260324-0028,Dine In,Dine In,,,Beverage,Smoothie,996331,MENU0074,Seasonal Smoothie - Regular,305.0,1.0,305.0,Synthetic promotion,8.17,0,8.17,296.83,14.84,311.67,33.37,33.37,88.76,89.29
ABNAH Cafe Saket Premium,2026-03-24,BILL-OUT003-260324-0029,Delivery/Takeaway,Online,,,Food,Wraps,996331,MENU0078,Shredded Chicken Wrap,295.0,2.0,590.0,Synthetic promotion,12.03,0,12.03,577.97,28.9,606.87,70.05,140.1,75.76,76.91
ABNAH Cafe Saket Premium,2026-03-24,BILL-OUT003-260324-0030,Delivery/Takeaway,Online,,,Food,Sandwiches,996331,MENU0080,Pesto Veg Sandwich,280.0,1.0,280.0,Synthetic promotion,8.41,0,8.41,271.59,13.58,285.17,91.86,91.86,66.18,67.79
ABNAH Cafe Saket Premium,2026-03-24,BILL-OUT003-260324-0031,Delivery/Takeaway,Online,,,Food,Sandwiches,996331,MENU0081,Pepper Chicken Sandwich,315.0,3.0,945.0,Synthetic promotion,55.96,0,55.96,889.04,44.45,933.49,87.66,262.98,70.42,71.83
ABNAH Cafe Saket Premium,2026-03-24,BILL-OUT003-260324-0032,Delivery/Takeaway,Mall Walk-in,Guest 4061,9000004061,Food,Breakfast,996331,MENU0088,Scallion Pepper Cream Cheese Bagel,265.0,2.0,530.0,Synthetic promotion,17.43,0,17.43,512.57,25.63,538.2,54.49,108.98,78.74,79.75
ABNAH Cafe Saket Premium,2026-03-24,BILL-OUT003-260324-0033,Delivery/Takeaway,Mall Walk-in,,,Food,Snacks,996331,MENU0091,Pesto Sundried Tomato Pin Wheel,225.0,1.0,225.0,Synthetic promotion,11.44,0,11.44,213.56,10.68,224.24,42.04,42.04,80.31,81.25
ABNAH Cafe Saket Premium,2026-03-24,BILL-OUT003-260324-0034,Delivery/Takeaway,Mall Walk-in,,,Food,Snacks,996331,MENU0093,Turnover with Brioche Dough Veg,235.0,1.0,235.0,Synthetic promotion,7.94,0,7.94,227.06,11.35,238.41,89.94,89.94,60.39,62.28
ABNAH Cafe Saket Premium,2026-03-24,BILL-OUT003-260324-0035,Delivery/Takeaway,Online,,,Food,Baked Goods,996331,MENU0094,Butter Croissant,195.0,1.0,195.0,Synthetic promotion,11.52,0,11.52,183.48,9.17,192.65,58.04,58.04,68.37,69.87
ABNAH Cafe Saket Premium,2026-03-24,BILL-OUT003-260324-0036,Delivery/Takeaway,Mall Walk-in,,,Dessert,Baked Goods,996331,MENU0099,Cinnamon Roll with Cream Cheese,220.0,1.0,220.0,Synthetic promotion,6.99,0,6.99,213.01,10.65,223.66,52.57,52.57,75.32,76.5
ABNAH Cafe Saket Premium,2026-03-24,BILL-OUT003-260324-0037,Dine In,Dine In,,,Dessert,Baked Goods,996331,MENU0100,Banana Walnut Tea Cake,207.68,2.0,415.36,,0.0,0,0.0,415.36,20.77,436.13,61.61,123.22,70.33,71.75
ABNAH Cafe Saket Premium,2026-03-24,BILL-OUT003-260324-0038,Delivery/Takeaway,Mall Walk-in,,,Dessert,Baked Goods,996331,MENU0101,Lemon Raspberry Tea Cake,215.95,1.0,215.95,,0.0,0,0.0,215.95,10.8,226.75,56.57,56.57,73.8,75.05
ABNAH Cafe Saket Premium,2026-03-24,BILL-OUT003-260324-0039,Dine In,Dine In,Guest 0184,9000000184,Dessert,Desserts,996331,MENU0103,Banoffee Pie,285.0,1.0,285.0,Synthetic promotion,2.76,0,2.76,282.24,14.11,296.35,56.57,56.57,79.96,80.91
ABNAH Cafe Saket Premium,2026-03-24,BILL-OUT003-260324-0040,Dine In,Dine In,,,Dessert,Desserts,996331,MENU0105,Soft-Centred Caramel Cookie,180.0,1.0,180.0,Synthetic promotion,4.29,0,4.29,175.71,8.79,184.5,46.02,46.02,73.81,75.06
ABNAH Cafe Saket Premium,2026-03-24,BILL-OUT003-260324-0041,Delivery/Takeaway,Mall Walk-in,,,Dessert,Desserts,996331,MENU0108,Apple Pie,270.0,1.0,270.0,Synthetic promotion,4.02,0,4.02,265.98,13.3,279.28,56.57,56.57,78.73,79.74
ABNAH Cafe Saket Premium,2026-03-24,BILL-OUT003-260324-0042,Delivery/Takeaway,Mall Walk-in,,,Dessert,Desserts,996331,MENU0109,Basque Cheesecake,310.0,2.0,620.0,Synthetic promotion,27.9,0,27.9,592.1,29.61,621.71,82.57,165.14,72.11,73.44
ABNAH Cafe Saket Premium,2026-03-25,BILL-OUT003-260325-0001,Dine In,Dine In,,,Beverage,Coffee Classics,996331,MENU0003,Americano - Regular,187.12,1.0,187.12,,0.0,0,0.0,187.12,9.36,196.48,23.21,23.21,87.6,88.19
ABNAH Cafe Saket Premium,2026-03-25,BILL-OUT003-260325-0002,Dine In,Dine In,,,Beverage,Coffee Classics,996331,MENU0004,Americano - Medium,210.0,3.0,630.0,Synthetic promotion,12.41,0,12.41,617.59,30.88,648.47,26.05,78.15,87.35,87.95
ABNAH Cafe Saket Premium,2026-03-25,BILL-OUT003-260325-0003,Delivery/Takeaway,Mall Walk-in,,,Beverage,Coffee Classics,996331,MENU0007,Latte - Medium,250.0,3.0,750.0,Synthetic promotion,20.92,0,20.92,729.08,36.45,765.53,40.96,122.88,83.15,83.95
ABNAH Cafe Saket Premium,2026-03-25,BILL-OUT003-260325-0004,Delivery/Takeaway,Online,,,Beverage,Coffee Classics,996331,MENU0008,Latte - Large,275.0,3.0,825.0,Synthetic promotion,9.03,0,9.03,815.97,40.8,856.77,45.76,137.28,83.18,83.98
ABNAH Cafe Saket Premium,2026-03-25,BILL-OUT003-260325-0005,Delivery/Takeaway,Mall Walk-in,,,Beverage,Coffee Classics,996331,MENU0009,Cappuccino - Regular,225.0,4.0,900.0,Synthetic promotion,6.05,0,6.05,893.95,44.7,938.65,36.17,144.68,83.82,84.59
ABNAH Cafe Saket Premium,2026-03-25,BILL-OUT003-260325-0006,Dine In,Dine In,,,Beverage,Coffee Classics,996331,MENU0010,Cappuccino - Medium,250.0,3.0,750.0,Synthetic promotion,40.7,0,40.7,709.3,35.47,744.77,40.96,122.88,82.68,83.5
ABNAH Cafe Saket Premium,2026-03-25,BILL-OUT003-260325-0007,Delivery/Takeaway,Mall Walk-in,,,Beverage,Coffee Classics,996331,MENU0011,Cappuccino - Large,275.0,2.0,550.0,Synthetic promotion,6.01,0,6.01,543.99,27.2,571.19,45.76,91.52,83.18,83.98
ABNAH Cafe Saket Premium,2026-03-25,BILL-OUT003-260325-0008,Dine In,Dine In,Guest 2028,9000002028,Beverage,Coffee Classics,996331,MENU0012,Flat White - Regular,236.3,3.0,708.9,,0.0,0,0.0,708.9,35.45,744.35,36.17,108.51,84.69,85.42
ABNAH Cafe Saket Premium,2026-03-25,BILL-OUT003-260325-0009,Delivery/Takeaway,Mall Walk-in,,,Beverage,Coffee Classics,996331,MENU0013,Flat White - Medium,260.0,3.0,780.0,Synthetic promotion,11.13,0,11.13,768.87,38.44,807.31,40.96,122.88,84.02,84.78
ABNAH Cafe Saket Premium,2026-03-25,BILL-OUT003-260325-0010,Dine In,Dine In,,,Beverage,Coffee Classics,996331,MENU0015,Mocha - Regular,245.0,1.0,245.0,Synthetic promotion,5.81,0,5.81,239.19,11.96,251.15,42.67,42.67,82.16,83.01
ABNAH Cafe Saket Premium,2026-03-25,BILL-OUT003-260325-0011,Dine In,Dine In,,,Beverage,Coffee Classics,996331,MENU0016,Mocha - Medium,270.0,1.0,270.0,Synthetic promotion,0.34,0,0.34,269.66,13.48,283.14,48.42,48.42,82.04,82.9
ABNAH Cafe Saket Premium,2026-03-25,BILL-OUT003-260325-0012,Delivery/Takeaway,Online,,,Beverage,Signature Coffee,996331,MENU0019,Sea Salt Mocha - Medium,310.11,2.0,620.22,Synthetic promotion,0.01,0,0.01,620.21,31.01,651.22,48.42,96.84,84.39,85.13
ABNAH Cafe Saket Premium,2026-03-25,BILL-OUT003-260325-0013,Delivery/Takeaway,Online,,,Beverage,Signature Coffee,996331,MENU0020,Sea Salt Mocha - Large,335.0,1.0,335.0,Synthetic promotion,19.51,0,19.51,315.49,15.77,331.26,54.21,54.21,82.82,83.64
ABNAH Cafe Saket Premium,2026-03-25,BILL-OUT003-260325-0014,Dine In,Dine In,,,Beverage,Signature Coffee,996331,MENU0022,Orange Zest Mocha - Medium,301.51,2.0,603.02,,0.0,0,0.0,603.03,30.15,633.18,48.42,96.84,83.94,84.71
ABNAH Cafe Saket Premium,2026-03-25,BILL-OUT003-260325-0015,Delivery/Takeaway,Online,,,Beverage,Signature Coffee,996331,MENU0023,Orange Zest Mocha - Large,330.0,1.0,330.0,Synthetic promotion,18.01,0,18.01,311.99,15.6,327.59,54.21,54.21,82.62,83.45
ABNAH Cafe Saket Premium,2026-03-25,BILL-OUT003-260325-0016,Delivery/Takeaway,Mall Walk-in,,,Beverage,Signature Coffee,996331,MENU0024,Caramel Macchiato - Regular,265.0,3.0,795.0,Synthetic promotion,20.52,0,20.52,774.48,38.72,813.2,42.42,127.26,83.57,84.35
ABNAH Cafe Saket Premium,2026-03-25,BILL-OUT003-260325-0017,Delivery/Takeaway,Online,,,Beverage,Signature Coffee,996331,MENU0025,Caramel Macchiato - Medium,295.0,1.0,295.0,Synthetic promotion,6.16,0,6.16,288.84,14.44,303.28,48.13,48.13,83.34,84.13
ABNAH Cafe Saket Premium,2026-03-25,BILL-OUT003-260325-0018,Delivery/Takeaway,Mall Walk-in,,,Beverage,Signature Coffee,996331,MENU0027,French Vanilla Latte - Regular,265.0,2.0,530.0,Synthetic promotion,4.13,0,4.13,525.87,26.29,552.16,42.17,84.34,83.96,84.73
ABNAH Cafe Saket Premium,2026-03-25,BILL-OUT003-260325-0019,Dine In,Dine In,Guest 2314,9000002314,Beverage,Signature Coffee,996331,MENU0028,French Vanilla Latte - Medium,295.0,1.0,295.0,Synthetic promotion,4.15,0,4.15,290.85,14.54,305.39,47.85,47.85,83.55,84.33
ABNAH Cafe Saket Premium,2026-03-25,BILL-OUT003-260325-0020,Delivery/Takeaway,Mall Walk-in,Guest 2554,9000002554,Beverage,Signature Coffee,996331,MENU0030,Vegan Iced Latte - Regular,285.0,1.0,285.0,Synthetic promotion,4.37,0,4.37,280.63,14.03,294.66,58.9,58.9,79.01,80.01
ABNAH Cafe Saket Premium,2026-03-25,BILL-OUT003-260325-0021,Dine In,Dine In,Guest 1704,9000001704,Beverage,Signature Coffee,996331,MENU0032,Vegan Iced Latte - Large,339.67,1.0,339.67,,0.0,0,0.0,339.67,16.98,356.65,75.02,75.02,77.91,78.97
ABNAH Cafe Saket Premium,2026-03-25,BILL-OUT003-260325-0022,Delivery/Takeaway,Online,,,Beverage,Cold Brew,996331,MENU0033,Classic Cold Brew - Regular,225.0,1.0,225.0,Synthetic promotion,7.89,0,7.89,217.11,10.86,227.97,25.6,25.6,88.21,88.77
ABNAH Cafe Saket Premium,2026-03-25,BILL-OUT003-260325-0023,Dine In,Dine In,,,Beverage,Cold Brew,996331,MENU0034,Classic Cold Brew - Medium,251.01,1.0,251.01,,0.0,0,0.0,251.01,12.55,263.56,28.66,28.66,88.58,89.13
ABNAH Cafe Saket Premium,2026-03-25,BILL-OUT003-260325-0024,Delivery/Takeaway,Mall Walk-in,,,Beverage,Cold Brew,996331,MENU0037,Coffee Lemonade - Medium,260.0,2.0,520.0,Synthetic promotion,23.78,0,23.78,496.22,24.81,521.03,33.09,66.18,86.66,87.3
ABNAH Cafe Saket Premium,2026-03-25,BILL-OUT003-260325-0025,Delivery/Takeaway,Mall Walk-in,Guest 0970,9000000970,Beverage,Cold Brew,996331,MENU0038,Coffee Lemonade - Large,285.0,1.0,285.0,Synthetic promotion,12.83,0,12.83,272.17,13.61,285.78,36.73,36.73,86.5,87.15
ABNAH Cafe Saket Premium,2026-03-25,BILL-OUT003-260325-0026,Dine In,Dine In,,,Beverage,Cold Brew,996331,MENU0039,Vietnamese Shakerato - Regular,255.0,1.0,255.0,Synthetic promotion,5.38,0,5.38,249.62,12.48,262.1,25.6,25.6,89.74,90.23
ABNAH Cafe Saket Premium,2026-03-25,BILL-OUT003-260325-0027,Delivery/Takeaway,Mall Walk-in,,,Beverage,Cold Coffee,996331,MENU0042,Classic Cold Coffee - Regular,255.0,1.0,255.0,Synthetic promotion,8.66,0,8.66,246.34,12.32,258.66,38.56,38.56,84.35,85.09
ABNAH Cafe Saket Premium,2026-03-25,BILL-OUT003-260325-0028,Delivery/Takeaway,Online,,,Beverage,Cold Coffee,996331,MENU0044,Classic Cold Coffee - Large,325.0,1.0,325.0,Synthetic promotion,14.73,0,14.73,310.27,15.51,325.78,48.58,48.58,84.34,85.09
ABNAH Cafe Saket Premium,2026-03-25,BILL-OUT003-260325-0029,Delivery/Takeaway,Online,,,Beverage,Cold Coffee,996331,MENU0045,Mocha Cold Coffee - Regular,285.0,2.0,570.0,Synthetic promotion,7.14,0,7.14,562.86,28.14,591.0,45.06,90.12,83.99,84.75
ABNAH Cafe Saket Premium,2026-03-25,BILL-OUT003-260325-0030,Dine In,Dine In,Guest 8312,9000008312,Beverage,Cold Coffee,996331,MENU0046,Mocha Cold Coffee - Medium,320.0,1.0,320.0,Synthetic promotion,13.56,0,13.56,306.44,15.32,321.76,51.03,51.03,83.35,84.14
ABNAH Cafe Saket Premium,2026-03-25,BILL-OUT003-260325-0031,Delivery/Takeaway,Online,,,Beverage,Cold Coffee,996331,MENU0047,Mocha Cold Coffee - Large,355.0,1.0,355.0,Synthetic promotion,17.75,0,17.75,337.25,16.86,354.11,57.03,57.03,83.09,83.89
ABNAH Cafe Saket Premium,2026-03-25,BILL-OUT003-260325-0032,Delivery/Takeaway,Mall Walk-in,,,Beverage,Cold Coffee,996331,MENU0049,Caramel Cold Coffee - Medium,320.0,1.0,320.0,Synthetic promotion,4.85,0,4.85,315.15,15.76,330.91,50.74,50.74,83.9,84.67
ABNAH Cafe Saket Premium,2026-03-25,BILL-OUT003-260325-0033,Delivery/Takeaway,Online,,,Beverage,Cold Coffee,996331,MENU0050,Caramel Cold Coffee - Large,355.0,1.0,355.0,Synthetic promotion,14.05,0,14.05,340.95,17.05,358.0,56.7,56.7,83.37,84.16
ABNAH Cafe Saket Premium,2026-03-25,BILL-OUT003-260325-0034,Delivery/Takeaway,Online,,,Beverage,Tea,996331,MENU0051,Masala Chai Latte - Regular,195.0,2.0,390.0,Synthetic promotion,14.52,0,14.52,375.48,18.77,394.25,36.17,72.34,80.73,81.65
ABNAH Cafe Saket Premium,2026-03-25,BILL-OUT003-260325-0035,Dine In,Dine In,,,Beverage,Tea,996331,MENU0053,Masala Chai Latte - Large,248.76,1.0,248.76,,0.0,0,0.0,248.76,12.44,261.2,45.76,45.76,81.6,82.48
ABNAH Cafe Saket Premium,2026-03-25,BILL-OUT003-260325-0036,Delivery/Takeaway,Mall Walk-in,,,Beverage,Tea,996331,MENU0054,Himalayan Green Tea,210.0,1.0,210.0,Synthetic promotion,2.64,0,2.64,207.36,10.37,217.73,8.67,8.67,95.82,96.02
ABNAH Cafe Saket Premium,2026-03-25,BILL-OUT003-260325-0037,Dine In,Dine In,,,Beverage,Tea,996331,MENU0056,Japanese Matcha Latte - Medium,295.0,1.0,295.0,Synthetic promotion,0.05,0,0.05,294.95,14.75,309.7,40.96,40.96,86.11,86.77
ABNAH Cafe Saket Premium,2026-03-25,BILL-OUT003-260325-0038,Delivery/Takeaway,Mall Walk-in,,,Beverage,Tea,996331,MENU0057,Japanese Matcha Latte - Large,327.81,1.0,327.81,,0.0,0,0.0,327.81,16.39,344.2,45.76,45.76,86.04,86.71
ABNAH Cafe Saket Premium,2026-03-25,BILL-OUT003-260325-0039,Dine In,Dine In,,,Beverage,Iced Tea,996331,MENU0061,Hibiscus Lime Iced Tea - Regular,225.0,1.0,225.0,Synthetic promotion,1.87,0,1.87,223.13,11.16,234.29,24.09,24.09,89.2,89.72
ABNAH Cafe Saket Premium,2026-03-25,BILL-OUT003-260325-0040,Delivery/Takeaway,Mall Walk-in,,,Beverage,Shake,996331,MENU0072,Mixed Berry Shake - Medium,350.0,1.0,350.0,Synthetic promotion,7.1,0,7.1,342.9,17.14,360.04,69.6,69.6,79.7,80.67
ABNAH Cafe Saket Premium,2026-03-25,BILL-OUT003-260325-0041,Delivery/Takeaway,Mall Walk-in,,,Beverage,Shake,996331,MENU0073,Mixed Berry Shake - Large,390.8,3.0,1172.4,Synthetic promotion,0.01,0,0.01,1172.39,58.62,1231.01,78.02,234.06,80.04,80.99
ABNAH Cafe Saket Premium,2026-03-25,BILL-OUT003-260325-0042,Delivery/Takeaway,Mall Walk-in,Guest 3192,9000003192,Food,Wraps,996331,MENU0077,Spicy Paneer Wrap,275.0,2.0,550.0,Synthetic promotion,6.92,0,6.92,543.08,27.15,570.23,73.36,146.72,72.98,74.27
ABNAH Cafe Saket Premium,2026-03-25,BILL-OUT003-260325-0043,Delivery/Takeaway,Online,,,Food,Wraps,996331,MENU0078,Shredded Chicken Wrap,295.0,1.0,295.0,Synthetic promotion,0.86,0,0.86,294.14,14.71,308.85,70.05,70.05,76.18,77.32
ABNAH Cafe Saket Premium,2026-03-25,BILL-OUT003-260325-0044,Dine In,Dine In,,,Food,Sandwiches,996331,MENU0079,Smoked Chipotle Paneer Sandwich,295.0,1.0,295.0,Synthetic promotion,15.31,0,15.31,279.69,13.98,293.67,90.66,90.66,67.59,69.13
ABNAH Cafe Saket Premium,2026-03-25,BILL-OUT003-260325-0045,Delivery/Takeaway,Online,,,Food,Sandwiches,996331,MENU0080,Pesto Veg Sandwich,283.0,1.0,283.0,,0.0,0,0.0,283.0,14.15,297.15,91.86,91.86,67.54,69.09
ABNAH Cafe Saket Premium,2026-03-25,BILL-OUT003-260325-0046,Delivery/Takeaway,Online,Guest 5130,9000005130,Food,Sandwiches,996331,MENU0082,Tandoori Chicken Sandwich,320.0,2.0,640.0,Synthetic promotion,23.08,0,23.08,616.92,30.85,647.77,87.66,175.32,71.58,72.93
ABNAH Cafe Saket Premium,2026-03-25,BILL-OUT003-260325-0047,Delivery/Takeaway,Online,,,Food,Toasts,996331,MENU0083,Chilli Cheese Garlic Toast,235.0,1.0,235.0,Synthetic promotion,6.86,0,6.86,228.14,11.41,239.55,42.14,42.14,81.53,82.41
ABNAH Cafe Saket Premium,2026-03-25,BILL-OUT003-260325-0048,Delivery/Takeaway,Mall Walk-in,,,Food,Breakfast,996331,MENU0087,Cream Cheese Bagel,250.0,1.0,250.0,Synthetic promotion,11.17,0,11.17,238.83,11.94,250.77,54.49,54.49,77.18,78.27
ABNAH Cafe Saket Premium,2026-03-25,BILL-OUT003-260325-0049,Delivery/Takeaway,Mall Walk-in,,,Food,Breakfast,996331,MENU0089,Masala Egg Bun,227.86,2.0,455.72,,0.0,0,0.0,455.72,22.79,478.51,42.74,85.48,81.24,82.14
ABNAH Cafe Saket Premium,2026-03-25,BILL-OUT003-260325-0050,Delivery/Takeaway,Online,,,Food,Baked Goods,996331,MENU0096,Chocolate Croissant,238.84,1.0,238.84,,0.0,0,0.0,238.84,11.94,250.78,64.54,64.54,72.98,74.26
ABNAH Cafe Saket Premium,2026-03-25,BILL-OUT003-260325-0051,Dine In,Dine In,,,Food,Baked Goods,996331,MENU0097,Mushroom Cheese Croissant,255.0,1.0,255.0,Synthetic promotion,0.59,0,0.59,254.41,12.72,267.13,74.84,74.84,70.58,71.98
ABNAH Cafe Saket Premium,2026-03-25,BILL-OUT003-260325-0052,Dine In,Dine In,,,Food,Baked Goods,996331,MENU0098,Sriracha Chicken Croissant,275.0,2.0,550.0,Synthetic promotion,31.6,0,31.6,518.4,25.92,544.32,81.14,162.28,68.7,70.19
ABNAH Cafe Saket Premium,2026-03-25,BILL-OUT003-260325-0053,Dine In,Dine In,,,Dessert,Baked Goods,996331,MENU0099,Cinnamon Roll with Cream Cheese,223.06,1.0,223.06,,0.0,0,0.0,223.06,11.15,234.21,52.57,52.57,76.43,77.55
ABNAH Cafe Saket Premium,2026-03-25,BILL-OUT003-260325-0054,Delivery/Takeaway,Mall Walk-in,,,Dessert,Baked Goods,996331,MENU0100,Banana Walnut Tea Cake,205.0,1.0,205.0,Synthetic promotion,10.96,0,10.96,194.04,9.7,203.74,61.61,61.61,68.25,69.76
ABNAH Cafe Saket Premium,2026-03-25,BILL-OUT003-260325-0055,Dine In,Dine In,,,Dessert,Baked Goods,996331,MENU0101,Lemon Raspberry Tea Cake,215.0,3.0,645.0,Synthetic promotion,17.79,0,17.79,627.21,31.36,658.57,56.57,169.71,72.94,74.23
ABNAH Cafe Saket Premium,2026-03-25,BILL-OUT003-260325-0056,Dine In,Dine In,,,Dessert,Desserts,996331,MENU0102,Double Chocolate Truffle Cake,295.0,3.0,885.0,Synthetic promotion,3.85,0,3.85,881.15,44.06,925.21,63.07,189.21,78.53,79.55
ABNAH Cafe Saket Premium,2026-03-25,BILL-OUT003-260325-0057,Dine In,Dine In,Guest 1057,9000001057,Dessert,Desserts,996331,MENU0103,Banoffee Pie,288.85,1.0,288.85,,0.0,0,0.0,288.85,14.44,303.29,56.57,56.57,80.42,81.35
ABNAH Cafe Saket Premium,2026-03-25,BILL-OUT003-260325-0058,Delivery/Takeaway,Online,,,Dessert,Desserts,996331,MENU0105,Soft-Centred Caramel Cookie,180.0,1.0,180.0,Synthetic promotion,8.82,0,8.82,171.18,8.56,179.74,46.02,46.02,73.12,74.4
ABNAH Cafe Saket Premium,2026-03-25,BILL-OUT003-260325-0059,Dine In,Dine In,,,Dessert,Desserts,996331,MENU0108,Apple Pie,270.0,1.0,270.0,Synthetic promotion,12.44,0,12.44,257.56,12.88,270.44,56.57,56.57,78.04,79.08
ABNAH Cafe Saket Premium,2026-03-25,BILL-OUT003-260325-0060,Delivery/Takeaway,Mall Walk-in,,,Dessert,Baked Goods,996331,MENU0110,Multigrain Walnut Tea Cake,225.62,1.0,225.62,,0.0,0,0.0,225.62,11.28,236.9,56.57,56.57,74.93,76.12
ABNAH Cafe Saket Premium,2026-03-26,BILL-OUT003-260326-0001,Delivery/Takeaway,Mall Walk-in,,,Beverage,Espresso,996331,MENU0001,Espresso Shot - Solo,145.0,1.0,145.0,Synthetic promotion,8.33,0,8.33,136.67,6.83,143.5,13.63,13.63,90.03,90.5
ABNAH Cafe Saket Premium,2026-03-26,BILL-OUT003-260326-0002,Dine In,Dine In,,,Beverage,Coffee Classics,996331,MENU0004,Americano - Medium,210.0,1.0,210.0,Synthetic promotion,0.29,0,0.29,209.71,10.49,220.2,26.05,26.05,87.58,88.17
ABNAH Cafe Saket Premium,2026-03-26,BILL-OUT003-260326-0003,Delivery/Takeaway,Online,,,Beverage,Coffee Classics,996331,MENU0005,Americano - Large,235.0,1.0,235.0,Synthetic promotion,1.53,0,1.53,233.47,11.67,245.14,28.91,28.91,87.62,88.21
ABNAH Cafe Saket Premium,2026-03-26,BILL-OUT003-260326-0004,Dine In,Dine In,,,Beverage,Coffee Classics,996331,MENU0006,Latte - Regular,229.44,1.0,229.44,,0.0,0,0.0,229.44,11.47,240.91,36.17,36.17,84.24,84.99
ABNAH Cafe Saket Premium,2026-03-26,BILL-OUT003-260326-0005,Delivery/Takeaway,Mall Walk-in,,,Beverage,Coffee Classics,996331,MENU0007,Latte - Medium,250.0,2.0,500.0,Synthetic promotion,10.37,0,10.37,489.63,24.48,514.11,40.96,81.92,83.27,84.07
ABNAH Cafe Saket Premium,2026-03-26,BILL-OUT003-260326-0006,Dine In,Dine In,,,Beverage,Coffee Classics,996331,MENU0009,Cappuccino - Regular,225.0,2.0,450.0,Synthetic promotion,25.16,0,25.16,424.84,21.24,446.08,36.17,72.34,82.97,83.78
ABNAH Cafe Saket Premium,2026-03-26,BILL-OUT003-260326-0007,Delivery/Takeaway,Mall Walk-in,Guest 0522,9000000522,Beverage,Coffee Classics,996331,MENU0010,Cappuccino - Medium,250.0,2.0,500.0,Synthetic promotion,13.66,0,13.66,486.34,24.32,510.66,40.96,81.92,83.16,83.96
ABNAH Cafe Saket Premium,2026-03-26,BILL-OUT003-260326-0008,Delivery/Takeaway,Mall Walk-in,Guest 4032,9000004032,Beverage,Coffee Classics,996331,MENU0011,Cappuccino - Large,275.0,1.0,275.0,Synthetic promotion,15.14,0,15.14,259.86,12.99,272.85,45.76,45.76,82.39,83.23
ABNAH Cafe Saket Premium,2026-03-26,BILL-OUT003-260326-0009,Delivery/Takeaway,Mall Walk-in,Guest 1943,9000001943,Beverage,Coffee Classics,996331,MENU0012,Flat White - Regular,235.0,1.0,235.0,Synthetic promotion,4.37,0,4.37,230.63,11.53,242.16,36.17,36.17,84.32,85.06
ABNAH Cafe Saket Premium,2026-03-26,BILL-OUT003-260326-0010,Delivery/Takeaway,Online,,,Beverage,Coffee Classics,996331,MENU0013,Flat White - Medium,260.0,2.0,520.0,Synthetic promotion,3.33,0,3.33,516.67,25.83,542.5,40.96,81.92,84.14,84.9
ABNAH Cafe Saket Premium,2026-03-26,BILL-OUT003-260326-0011,Delivery/Takeaway,Mall Walk-in,,,Beverage,Coffee Classics,996331,MENU0014,Flat White - Large,285.0,1.0,285.0,Synthetic promotion,5.01,0,5.01,279.99,14.0,293.99,45.76,45.76,83.66,84.43
ABNAH Cafe Saket Premium,2026-03-26,BILL-OUT003-260326-0012,Delivery/Takeaway,Online,,,Beverage,Coffee Classics,996331,MENU0015,Mocha - Regular,245.0,1.0,245.0,Synthetic promotion,8.16,0,8.16,236.84,11.84,248.68,42.67,42.67,81.98,82.84
ABNAH Cafe Saket Premium,2026-03-26,BILL-OUT003-260326-0013,Dine In,Dine In,Guest 2658,9000002658,Beverage,Coffee Classics,996331,MENU0016,Mocha - Medium,270.0,2.0,540.0,Synthetic promotion,15.58,0,15.58,524.42,26.22,550.64,48.42,96.84,81.53,82.41
ABNAH Cafe Saket Premium,2026-03-26,BILL-OUT003-260326-0014,Dine In,Dine In,,,Beverage,Coffee Classics,996331,MENU0017,Mocha - Large,295.0,4.0,1180.0,Synthetic promotion,65.31,0,65.31,1114.69,55.73,1170.42,54.21,216.84,80.55,81.47
ABNAH Cafe Saket Premium,2026-03-26,BILL-OUT003-260326-0015,Delivery/Takeaway,Online,,,Beverage,Signature Coffee,996331,MENU0018,Sea Salt Mocha - Regular,275.0,2.0,550.0,Synthetic promotion,29.28,0,29.28,520.72,26.04,546.76,42.67,85.34,83.61,84.39
ABNAH Cafe Saket Premium,2026-03-26,BILL-OUT003-260326-0016,Delivery/Takeaway,Online,,,Beverage,Signature Coffee,996331,MENU0019,Sea Salt Mocha - Medium,305.0,2.0,610.0,Synthetic promotion,20.61,0,20.61,589.39,29.47,618.86,48.42,96.84,83.57,84.35
ABNAH Cafe Saket Premium,2026-03-26,BILL-OUT003-260326-0017,Dine In,Dine In,,,Beverage,Signature Coffee,996331,MENU0021,Orange Zest Mocha - Regular,270.0,2.0,540.0,Synthetic promotion,28.64,0,28.64,511.36,25.57,536.93,42.67,85.34,83.31,84.11
ABNAH Cafe Saket Premium,2026-03-26,BILL-OUT003-260326-0018,Delivery/Takeaway,Online,,,Beverage,Signature Coffee,996331,MENU0022,Orange Zest Mocha - Medium,300.0,2.0,600.0,Synthetic promotion,11.27,0,11.27,588.73,29.44,618.17,48.42,96.84,83.55,84.33
ABNAH Cafe Saket Premium,2026-03-26,BILL-OUT003-260326-0019,Dine In,Dine In,,,Beverage,Signature Coffee,996331,MENU0024,Caramel Macchiato - Regular,267.86,3.0,803.58,,0.0,0,0.0,803.59,40.18,843.77,42.42,127.26,84.16,84.92
ABNAH Cafe Saket Premium,2026-03-26,BILL-OUT003-260326-0020,Delivery/Takeaway,Online,,,Beverage,Signature Coffee,996331,MENU0025,Caramel Macchiato - Medium,295.0,1.0,295.0,Synthetic promotion,6.83,0,6.83,288.17,14.41,302.58,48.13,48.13,83.3,84.09
ABNAH Cafe Saket Premium,2026-03-26,BILL-OUT003-260326-0021,Delivery/Takeaway,Online,,,Beverage,Signature Coffee,996331,MENU0029,French Vanilla Latte - Large,325.0,1.0,325.0,Synthetic promotion,0.22,0,0.22,324.78,16.24,341.02,53.56,53.56,83.51,84.29
ABNAH Cafe Saket Premium,2026-03-26,BILL-OUT003-260326-0022,Delivery/Takeaway,Mall Walk-in,,,Beverage,Cold Brew,996331,MENU0033,Classic Cold Brew - Regular,227.01,1.0,227.01,,0.0,0,0.0,227.01,11.35,238.36,25.6,25.6,88.72,89.26
ABNAH Cafe Saket Premium,2026-03-26,BILL-OUT003-260326-0023,Delivery/Takeaway,Online,,,Beverage,Cold Brew,996331,MENU0039,Vietnamese Shakerato - Regular,255.0,2.0,510.0,Synthetic promotion,1.13,0,1.13,508.87,25.44,534.31,25.6,51.2,89.94,90.42
ABNAH Cafe Saket Premium,2026-03-26,BILL-OUT003-260326-0024,Dine In,Dine In,,,Beverage,Cold Brew,996331,MENU0041,Vietnamese Shakerato - Large,305.0,2.0,610.0,Synthetic promotion,31.35,0,31.35,578.65,28.93,607.58,31.73,63.46,89.03,89.56
ABNAH Cafe Saket Premium,2026-03-26,BILL-OUT003-260326-0025,Delivery/Takeaway,Online,Guest 3429,9000003429,Beverage,Cold Coffee,996331,MENU0042,Classic Cold Coffee - Regular,255.0,1.0,255.0,Synthetic promotion,14.25,0,14.25,240.75,12.04,252.79,38.56,38.56,83.98,84.75
ABNAH Cafe Saket Premium,2026-03-26,BILL-OUT003-260326-0026,Dine In,Dine In,,,Beverage,Cold Coffee,996331,MENU0044,Classic Cold Coffee - Large,325.0,2.0,650.0,Synthetic promotion,13.35,0,13.35,636.65,31.83,668.48,48.58,97.16,84.74,85.47
ABNAH Cafe Saket Premium,2026-03-26,BILL-OUT003-260326-0027,Dine In,Dine In,,,Beverage,Cold Coffee,996331,MENU0045,Mocha Cold Coffee - Regular,288.89,1.0,288.89,,0.0,0,0.0,288.89,14.44,303.33,45.06,45.06,84.4,85.14
ABNAH Cafe Saket Premium,2026-03-26,BILL-OUT003-260326-0028,Delivery/Takeaway,Online,,,Beverage,Cold Coffee,996331,MENU0048,Caramel Cold Coffee - Regular,285.0,1.0,285.0,Synthetic promotion,8.27,0,8.27,276.73,13.84,290.57,44.81,44.81,83.81,84.58
ABNAH Cafe Saket Premium,2026-03-26,BILL-OUT003-260326-0029,Dine In,Dine In,,,Beverage,Cold Coffee,996331,MENU0049,Caramel Cold Coffee - Medium,320.0,1.0,320.0,Synthetic promotion,9.85,0,9.85,310.15,15.51,325.66,50.74,50.74,83.64,84.42
ABNAH Cafe Saket Premium,2026-03-26,BILL-OUT003-260326-0030,Dine In,Dine In,Guest 1201,9000001201,Beverage,Tea,996331,MENU0051,Masala Chai Latte - Regular,198.35,1.0,198.35,,0.0,0,0.0,198.35,9.92,208.27,36.17,36.17,81.76,82.63
ABNAH Cafe Saket Premium,2026-03-26,BILL-OUT003-260326-0031,Delivery/Takeaway,Online,,,Beverage,Tea,996331,MENU0053,Masala Chai Latte - Large,249.89,1.0,249.89,,0.0,0,0.0,249.89,12.49,262.38,45.76,45.76,81.69,82.56
ABNAH Cafe Saket Premium,2026-03-26,BILL-OUT003-260326-0032,Delivery/Takeaway,Mall Walk-in,,,Beverage,Tea,996331,MENU0056,Japanese Matcha Latte - Medium,298.05,1.0,298.05,,0.0,0,0.0,298.05,14.9,312.95,40.96,40.96,86.26,86.91
ABNAH Cafe Saket Premium,2026-03-26,BILL-OUT003-260326-0033,Delivery/Takeaway,Mall Walk-in,Guest 1265,9000001265,Beverage,Iced Tea,996331,MENU0058,Lemon Iced Tea - Regular,208.1,2.0,416.2,,0.0,0,0.0,416.2,20.81,437.01,14.29,28.58,93.13,93.46
ABNAH Cafe Saket Premium,2026-03-26,BILL-OUT003-260326-0034,Delivery/Takeaway,Online,,,Beverage,Iced Tea,996331,MENU0059,Lemon Iced Tea - Medium,230.0,1.0,230.0,Synthetic promotion,3.84,0,3.84,226.16,11.31,237.47,15.66,15.66,93.08,93.41
ABNAH Cafe Saket Premium,2026-03-26,BILL-OUT003-260326-0035,Delivery/Takeaway,Mall Walk-in,,,Beverage,Shake,996331,MENU0071,Mixed Berry Shake - Regular,315.0,1.0,315.0,Synthetic promotion,8.72,0,8.72,306.28,15.31,321.59,61.21,61.21,80.02,80.97
ABNAH Cafe Saket Premium,2026-03-26,BILL-OUT003-260326-0036,Delivery/Takeaway,Online,,,Beverage,Shake,996331,MENU0072,Mixed Berry Shake - Medium,355.8,1.0,355.8,,0.0,0,0.0,355.8,17.79,373.59,69.6,69.6,80.44,81.37
ABNAH Cafe Saket Premium,2026-03-26,BILL-OUT003-260326-0037,Delivery/Takeaway,Online,,,Beverage,Smoothie,996331,MENU0076,Seasonal Smoothie - Large,375.0,1.0,375.0,Synthetic promotion,2.89,0,2.89,372.11,18.61,390.72,41.83,41.83,88.76,89.29
ABNAH Cafe Saket Premium,2026-03-26,BILL-OUT003-260326-0038,Dine In,Dine In,,,Food,Wraps,996331,MENU0078,Shredded Chicken Wrap,295.0,1.0,295.0,Synthetic promotion,9.88,0,9.88,285.12,14.26,299.38,70.05,70.05,75.43,76.6
ABNAH Cafe Saket Premium,2026-03-26,BILL-OUT003-260326-0039,Dine In,Dine In,,,Food,Sandwiches,996331,MENU0082,Tandoori Chicken Sandwich,322.4,1.0,322.4,,0.0,0,0.0,322.4,16.12,338.52,87.66,87.66,72.81,74.1
ABNAH Cafe Saket Premium,2026-03-26,BILL-OUT003-260326-0040,Delivery/Takeaway,Mall Walk-in,,,Food,Toasts,996331,MENU0084,Chicken Pepperoni Avocado Toast,330.0,1.0,330.0,Synthetic promotion,13.58,0,13.58,316.42,15.82,332.24,68.54,68.54,78.34,79.37
ABNAH Cafe Saket Premium,2026-03-26,BILL-OUT003-260326-0041,Delivery/Takeaway,Mall Walk-in,Guest 8963,9000008963,Food,Breakfast,996331,MENU0087,Cream Cheese Bagel,250.0,1.0,250.0,Synthetic promotion,1.09,0,1.09,248.91,12.45,261.36,54.49,54.49,78.11,79.15
ABNAH Cafe Saket Premium,2026-03-26,BILL-OUT003-260326-0042,Delivery/Takeaway,Mall Walk-in,,,Food,Breakfast,996331,MENU0088,Scallion Pepper Cream Cheese Bagel,265.0,1.0,265.0,Synthetic promotion,2.54,0,2.54,262.46,13.12,275.58,54.49,54.49,79.24,80.23
ABNAH Cafe Saket Premium,2026-03-26,BILL-OUT003-260326-0043,Dine In,Dine In,,,Food,Breakfast,996331,MENU0089,Masala Egg Bun,225.0,1.0,225.0,Synthetic promotion,11.22,0,11.22,213.78,10.69,224.47,42.74,42.74,80.01,80.96
ABNAH Cafe Saket Premium,2026-03-26,BILL-OUT003-260326-0044,Dine In,Dine In,,,Food,Snacks,996331,MENU0090,Marinara Cheese Pin Wheels,215.0,1.0,215.0,Synthetic promotion,12.41,0,12.41,202.59,10.13,212.72,38.29,38.29,81.1,82.0
ABNAH Cafe Saket Premium,2026-03-26,BILL-OUT003-260326-0045,Delivery/Takeaway,Mall Walk-in,,,Food,Snacks,996331,MENU0091,Pesto Sundried Tomato Pin Wheel,229.05,1.0,229.05,,0.0,0,0.0,229.05,11.45,240.5,42.04,42.04,81.65,82.52
ABNAH Cafe Saket Premium,2026-03-26,BILL-OUT003-260326-0046,Delivery/Takeaway,Online,,,Food,Baked Goods,996331,MENU0095,Almond Croissant,245.0,1.0,245.0,Synthetic promotion,6.85,0,6.85,238.15,11.91,250.06,58.04,58.04,75.63,76.79
ABNAH Cafe Saket Premium,2026-03-26,BILL-OUT003-260326-0047,Dine In,Dine In,,,Food,Baked Goods,996331,MENU0096,Chocolate Croissant,239.11,3.0,717.33,,0.0,0,0.0,717.34,35.87,753.21,64.54,193.62,73.01,74.29
ABNAH Cafe Saket Premium,2026-03-26,BILL-OUT003-260326-0048,Delivery/Takeaway,Mall Walk-in,,,Food,Baked Goods,996331,MENU0098,Sriracha Chicken Croissant,275.0,1.0,275.0,Synthetic promotion,4.69,0,4.69,270.31,13.52,283.83,81.14,81.14,69.98,71.41
ABNAH Cafe Saket Premium,2026-03-26,BILL-OUT003-260326-0049,Dine In,Dine In,,,Dessert,Desserts,996331,MENU0103,Banoffee Pie,285.0,1.0,285.0,Synthetic promotion,2.74,0,2.74,282.26,14.11,296.37,56.57,56.57,79.96,80.91
ABNAH Cafe Saket Premium,2026-03-26,BILL-OUT003-260326-0050,Delivery/Takeaway,Mall Walk-in,,,Dessert,Desserts,996331,MENU0105,Soft-Centred Caramel Cookie,180.0,1.0,180.0,Synthetic promotion,0.89,0,0.89,179.11,8.96,188.07,46.02,46.02,74.31,75.53
ABNAH Cafe Saket Premium,2026-03-26,BILL-OUT003-260326-0051,Delivery/Takeaway,Mall Walk-in,,,Dessert,Desserts,996331,MENU0106,Death by Chocolate Cookie,192.29,1.0,192.29,,0.0,0,0.0,192.29,9.61,201.9,47.52,47.52,75.29,76.46
ABNAH Cafe Saket Premium,2026-03-26,BILL-OUT003-260326-0052,Delivery/Takeaway,Mall Walk-in,,,Dessert,Desserts,996331,MENU0107,Jaggery Parmesan Cookie,172.88,1.0,172.88,,0.0,0,0.0,172.88,8.64,181.52,41.02,41.02,76.27,77.4
ABNAH Cafe Saket Premium,2026-03-26,BILL-OUT003-260326-0053,Delivery/Takeaway,Mall Walk-in,,,Dessert,Desserts,996331,MENU0108,Apple Pie,270.0,1.0,270.0,Synthetic promotion,1.76,0,1.76,268.24,13.41,281.65,56.57,56.57,78.91,79.91
ABNAH Cafe Saket Premium,2026-03-26,BILL-OUT003-260326-0054,Dine In,Dine In,,,Dessert,Desserts,996331,MENU0109,Basque Cheesecake,310.0,3.0,930.0,Synthetic promotion,21.31,0,21.31,908.69,45.43,954.12,82.57,247.71,72.74,74.04
ABNAH Cafe Saket Premium,2026-03-27,BILL-OUT003-260327-0001,Delivery/Takeaway,Online,,,Beverage,Espresso,996331,MENU0001,Espresso Shot - Solo,145.0,1.0,145.0,Synthetic promotion,0.06,0,0.06,144.94,7.25,152.19,13.63,13.63,90.6,91.04
ABNAH Cafe Saket Premium,2026-03-27,BILL-OUT003-260327-0002,Delivery/Takeaway,Online,Guest 4439,9000004439,Beverage,Coffee Classics,996331,MENU0003,Americano - Regular,186.66,2.0,373.32,,0.0,0,0.0,373.32,18.67,391.99,23.21,46.42,87.57,88.16
ABNAH Cafe Saket Premium,2026-03-27,BILL-OUT003-260327-0003,Delivery/Takeaway,Mall Walk-in,,,Beverage,Coffee Classics,996331,MENU0004,Americano - Medium,210.0,5.0,1050.0,Synthetic promotion,57.77,0,57.77,992.23,49.61,1041.84,26.05,130.25,86.87,87.5
ABNAH Cafe Saket Premium,2026-03-27,BILL-OUT003-260327-0004,Delivery/Takeaway,Mall Walk-in,,,Beverage,Coffee Classics,996331,MENU0005,Americano - Large,237.53,2.0,475.06,Synthetic promotion,0.01,0,0.01,475.05,23.75,498.8,28.91,57.82,87.83,88.41
ABNAH Cafe Saket Premium,2026-03-27,BILL-OUT003-260327-0005,Delivery/Takeaway,Online,,,Beverage,Coffee Classics,996331,MENU0006,Latte - Regular,227.31,3.0,681.93,,0.0,0,0.0,681.93,34.1,716.03,36.17,108.51,84.09,84.85
ABNAH Cafe Saket Premium,2026-03-27,BILL-OUT003-260327-0006,Delivery/Takeaway,Online,Guest 7237,9000007237,Beverage,Coffee Classics,996331,MENU0009,Cappuccino - Regular,225.0,1.0,225.0,Synthetic promotion,11.57,0,11.57,213.43,10.67,224.1,36.17,36.17,83.05,83.86
ABNAH Cafe Saket Premium,2026-03-27,BILL-OUT003-260327-0007,Delivery/Takeaway,Mall Walk-in,,,Beverage,Coffee Classics,996331,MENU0010,Cappuccino - Medium,254.47,2.0,508.94,Synthetic promotion,0.01,0,0.01,508.93,25.45,534.38,40.96,81.92,83.9,84.67
ABNAH Cafe Saket Premium,2026-03-27,BILL-OUT003-260327-0008,Dine In,Dine In,,,Beverage,Coffee Classics,996331,MENU0011,Cappuccino - Large,275.0,4.0,1100.0,Synthetic promotion,2.22,0,2.22,1097.78,54.89,1152.67,45.76,183.04,83.33,84.12
ABNAH Cafe Saket Premium,2026-03-27,BILL-OUT003-260327-0009,Delivery/Takeaway,Mall Walk-in,,,Beverage,Coffee Classics,996331,MENU0012,Flat White - Regular,235.0,2.0,470.0,Synthetic promotion,4.35,0,4.35,465.65,23.28,488.93,36.17,72.34,84.46,85.2
ABNAH Cafe Saket Premium,2026-03-27,BILL-OUT003-260327-0010,Delivery/Takeaway,Mall Walk-in,,,Beverage,Coffee Classics,996331,MENU0013,Flat White - Medium,260.96,5.0,1304.8,,0.0,0,0.0,1304.81,65.24,1370.05,40.96,204.8,84.3,85.05
ABNAH Cafe Saket Premium,2026-03-27,BILL-OUT003-260327-0011,Delivery/Takeaway,Mall Walk-in,,,Beverage,Coffee Classics,996331,MENU0014,Flat White - Large,285.0,1.0,285.0,Synthetic promotion,9.48,0,9.48,275.52,13.78,289.3,45.76,45.76,83.39,84.18
ABNAH Cafe Saket Premium,2026-03-27,BILL-OUT003-260327-0012,Dine In,Dine In,Guest 4517,9000004517,Beverage,Coffee Classics,996331,MENU0015,Mocha - Regular,245.0,4.0,980.0,Synthetic promotion,39.95,0,39.95,940.05,47.0,987.05,42.67,170.68,81.84,82.71
ABNAH Cafe Saket Premium,2026-03-27,BILL-OUT003-260327-0013,Delivery/Takeaway,Mall Walk-in,,,Beverage,Coffee Classics,996331,MENU0016,Mocha - Medium,270.22,4.0,1080.88,,0.0,0,0.0,1080.88,54.04,1134.92,48.42,193.68,82.08,82.93
ABNAH Cafe Saket Premium,2026-03-27,BILL-OUT003-260327-0014,Delivery/Takeaway,Mall Walk-in,,,Beverage,Coffee Classics,996331,MENU0017,Mocha - Large,295.0,2.0,590.0,Synthetic promotion,28.87,0,28.87,561.13,28.06,589.19,54.21,108.42,80.68,81.6
ABNAH Cafe Saket Premium,2026-03-27,BILL-OUT003-260327-0015,Delivery/Takeaway,Online,,,Beverage,Signature Coffee,996331,MENU0018,Sea Salt Mocha - Regular,276.65,1.0,276.65,,0.0,0,0.0,276.65,13.83,290.48,42.67,42.67,84.58,85.31
ABNAH Cafe Saket Premium,2026-03-27,BILL-OUT003-260327-0016,Delivery/Takeaway,Online,,,Beverage,Signature Coffee,996331,MENU0019,Sea Salt Mocha - Medium,309.26,2.0,618.52,,0.0,0,0.0,618.53,30.93,649.46,48.42,96.84,84.34,85.09
ABNAH Cafe Saket Premium,2026-03-27,BILL-OUT003-260327-0017,Dine In,Dine In,,,Beverage,Signature Coffee,996331,MENU0021,Orange Zest Mocha - Regular,270.0,1.0,270.0,Synthetic promotion,12.02,0,12.02,257.98,12.9,270.88,42.67,42.67,83.46,84.25
ABNAH Cafe Saket Premium,2026-03-27,BILL-OUT003-260327-0018,Delivery/Takeaway,Online,,,Beverage,Signature Coffee,996331,MENU0022,Orange Zest Mocha - Medium,305.69,2.0,611.38,,0.0,0,0.0,611.39,30.57,641.96,48.42,96.84,84.16,84.91
ABNAH Cafe Saket Premium,2026-03-27,BILL-OUT003-260327-0019,Delivery/Takeaway,Online,,,Beverage,Signature Coffee,996331,MENU0023,Orange Zest Mocha - Large,330.0,1.0,330.0,Synthetic promotion,14.23,0,14.23,315.77,15.79,331.56,54.21,54.21,82.83,83.65
ABNAH Cafe Saket Premium,2026-03-27,BILL-OUT003-260327-0020,Delivery/Takeaway,Online,,,Beverage,Signature Coffee,996331,MENU0024,Caramel Macchiato - Regular,265.0,3.0,795.0,Synthetic promotion,43.45,0,43.45,751.55,37.58,789.13,42.42,127.26,83.07,83.87
ABNAH Cafe Saket Premium,2026-03-27,BILL-OUT003-260327-0021,Delivery/Takeaway,Mall Walk-in,,,Beverage,Signature Coffee,996331,MENU0025,Caramel Macchiato - Medium,295.0,2.0,590.0,Synthetic promotion,6.0,0,6.0,584.0,29.2,613.2,48.13,96.26,83.52,84.3
ABNAH Cafe Saket Premium,2026-03-27,BILL-OUT003-260327-0022,Delivery/Takeaway,Mall Walk-in,,,Beverage,Signature Coffee,996331,MENU0027,French Vanilla Latte - Regular,265.0,2.0,530.0,Synthetic promotion,31.35,0,31.35,498.65,24.93,523.58,42.17,84.34,83.09,83.89
ABNAH Cafe Saket Premium,2026-03-27,BILL-OUT003-260327-0023,Dine In,Dine In,,,Beverage,Signature Coffee,996331,MENU0028,French Vanilla Latte - Medium,298.58,1.0,298.58,,0.0,0,0.0,298.58,14.93,313.51,47.85,47.85,83.97,84.74
ABNAH Cafe Saket Premium,2026-03-27,BILL-OUT003-260327-0024,Delivery/Takeaway,Online,,,Beverage,Signature Coffee,996331,MENU0030,Vegan Iced Latte - Regular,285.0,2.0,570.0,Synthetic promotion,1.65,0,1.65,568.35,28.42,596.77,58.9,117.8,79.27,80.26
ABNAH Cafe Saket Premium,2026-03-27,BILL-OUT003-260327-0025,Delivery/Takeaway,Mall Walk-in,Guest 7730,9000007730,Beverage,Signature Coffee,996331,MENU0031,Vegan Iced Latte - Medium,310.54,1.0,310.54,,0.0,0,0.0,310.54,15.53,326.07,66.95,66.95,78.44,79.47
ABNAH Cafe Saket Premium,2026-03-27,BILL-OUT003-260327-0026,Dine In,Dine In,,,Beverage,Signature Coffee,996331,MENU0032,Vegan Iced Latte - Large,335.0,1.0,335.0,Synthetic promotion,1.31,0,1.31,333.69,16.68,350.37,75.02,75.02,77.52,78.59
ABNAH Cafe Saket Premium,2026-03-27,BILL-OUT003-260327-0027,Delivery/Takeaway,Mall Walk-in,,,Beverage,Cold Brew,996331,MENU0037,Coffee Lemonade - Medium,260.0,2.0,520.0,Synthetic promotion,22.29,0,22.29,497.71,24.89,522.6,33.09,66.18,86.7,87.34
ABNAH Cafe Saket Premium,2026-03-27,BILL-OUT003-260327-0028,Delivery/Takeaway,Mall Walk-in,Guest 7449,9000007449,Beverage,Cold Brew,996331,MENU0039,Vietnamese Shakerato - Regular,255.0,1.0,255.0,Synthetic promotion,13.02,0,13.02,241.98,12.1,254.08,25.6,25.6,89.42,89.92
ABNAH Cafe Saket Premium,2026-03-27,BILL-OUT003-260327-0029,Delivery/Takeaway,Mall Walk-in,,,Beverage,Cold Brew,996331,MENU0040,Vietnamese Shakerato - Medium,280.0,1.0,280.0,Synthetic promotion,9.83,0,9.83,270.17,13.51,283.68,28.66,28.66,89.39,89.9
ABNAH Cafe Saket Premium,2026-03-27,BILL-OUT003-260327-0030,Delivery/Takeaway,Online,,,Beverage,Cold Coffee,996331,MENU0043,Classic Cold Coffee - Medium,290.0,2.0,580.0,Synthetic promotion,28.8,0,28.8,551.2,27.56,578.76,43.56,87.12,84.19,84.95
ABNAH Cafe Saket Premium,2026-03-27,BILL-OUT003-260327-0031,Dine In,Dine In,,,Beverage,Cold Coffee,996331,MENU0047,Mocha Cold Coffee - Large,355.0,2.0,710.0,Synthetic promotion,27.33,0,27.33,682.67,34.13,716.8,57.03,114.06,83.29,84.09
ABNAH Cafe Saket Premium,2026-03-27,BILL-OUT003-260327-0032,Delivery/Takeaway,Mall Walk-in,,,Beverage,Cold Coffee,996331,MENU0048,Caramel Cold Coffee - Regular,285.0,1.0,285.0,Synthetic promotion,8.0,0,8.0,277.0,13.85,290.85,44.81,44.81,83.82,84.59
ABNAH Cafe Saket Premium,2026-03-27,BILL-OUT003-260327-0033,Delivery/Takeaway,Mall Walk-in,,,Beverage,Cold Coffee,996331,MENU0049,Caramel Cold Coffee - Medium,320.0,1.0,320.0,Synthetic promotion,5.72,0,5.72,314.28,15.71,329.99,50.74,50.74,83.86,84.62
ABNAH Cafe Saket Premium,2026-03-27,BILL-OUT003-260327-0034,Delivery/Takeaway,Mall Walk-in,Guest 0556,9000000556,Beverage,Cold Coffee,996331,MENU0050,Caramel Cold Coffee - Large,361.93,1.0,361.93,,0.0,0,0.0,361.93,18.1,380.03,56.7,56.7,84.33,85.08
ABNAH Cafe Saket Premium,2026-03-27,BILL-OUT003-260327-0035,Delivery/Takeaway,Mall Walk-in,,,Beverage,Tea,996331,MENU0051,Masala Chai Latte - Regular,195.0,2.0,390.0,Synthetic promotion,1.3,0,1.3,388.7,19.43,408.13,36.17,72.34,81.39,82.28
ABNAH Cafe Saket Premium,2026-03-27,BILL-OUT003-260327-0036,Delivery/Takeaway,Online,,,Beverage,Tea,996331,MENU0056,Japanese Matcha Latte - Medium,295.0,2.0,590.0,Synthetic promotion,15.76,0,15.76,574.24,28.71,602.95,40.96,81.92,85.73,86.41
ABNAH Cafe Saket Premium,2026-03-27,BILL-OUT003-260327-0037,Delivery/Takeaway,Mall Walk-in,Guest 6080,9000006080,Beverage,Tea,996331,MENU0057,Japanese Matcha Latte - Large,329.66,1.0,329.66,,0.0,0,0.0,329.66,16.48,346.14,45.76,45.76,86.12,86.78
ABNAH Cafe Saket Premium,2026-03-27,BILL-OUT003-260327-0038,Delivery/Takeaway,Online,,,Beverage,Iced Tea,996331,MENU0058,Lemon Iced Tea - Regular,205.0,2.0,410.0,Synthetic promotion,21.71,0,21.71,388.29,19.41,407.7,14.29,28.58,92.64,92.99
ABNAH Cafe Saket Premium,2026-03-27,BILL-OUT003-260327-0039,Dine In,Dine In,,,Beverage,Iced Tea,996331,MENU0061,Hibiscus Lime Iced Tea - Regular,225.0,2.0,450.0,Synthetic promotion,11.4,0,11.4,438.6,21.93,460.53,24.09,48.18,89.02,89.54
ABNAH Cafe Saket Premium,2026-03-27,BILL-OUT003-260327-0040,Delivery/Takeaway,Mall Walk-in,,,Beverage,Iced Tea,996331,MENU0062,Hibiscus Lime Iced Tea - Medium,250.0,1.0,250.0,Synthetic promotion,14.84,0,14.84,235.16,11.76,246.92,26.94,26.94,88.54,89.09
ABNAH Cafe Saket Premium,2026-03-27,BILL-OUT003-260327-0041,Delivery/Takeaway,Mall Walk-in,,,Beverage,Iced Tea,996331,MENU0063,Hibiscus Lime Iced Tea - Large,275.0,1.0,275.0,Synthetic promotion,3.02,0,3.02,271.98,13.6,285.58,29.77,29.77,89.05,89.58
ABNAH Cafe Saket Premium,2026-03-27,BILL-OUT003-260327-0042,Dine In,Dine In,,,Beverage,Shake,996331,MENU0069,Choco Chip Shake - Medium,336.24,1.0,336.24,,0.0,0,0.0,336.24,16.81,353.05,38.42,38.42,88.57,89.12
ABNAH Cafe Saket Premium,2026-03-27,BILL-OUT003-260327-0043,Delivery/Takeaway,Online,,,Beverage,Shake,996331,MENU0070,Choco Chip Shake - Large,365.0,1.0,365.0,Synthetic promotion,3.46,0,3.46,361.54,18.08,379.62,42.79,42.79,88.16,88.73
ABNAH Cafe Saket Premium,2026-03-27,BILL-OUT003-260327-0044,Dine In,Dine In,,,Beverage,Shake,996331,MENU0071,Mixed Berry Shake - Regular,315.0,1.0,315.0,Synthetic promotion,17.54,0,17.54,297.46,14.87,312.33,61.21,61.21,79.42,80.4
ABNAH Cafe Saket Premium,2026-03-27,BILL-OUT003-260327-0045,Delivery/Takeaway,Online,,,Beverage,Smoothie,996331,MENU0074,Seasonal Smoothie - Regular,305.0,3.0,915.0,Synthetic promotion,46.69,0,46.69,868.31,43.42,911.73,33.37,100.11,88.47,89.02
ABNAH Cafe Saket Premium,2026-03-27,BILL-OUT003-260327-0046,Dine In,Dine In,Guest 5695,9000005695,Food,Sandwiches,996331,MENU0079,Smoked Chipotle Paneer Sandwich,295.29,1.0,295.29,,0.0,0,0.0,295.29,14.76,310.05,90.66,90.66,69.3,70.76
ABNAH Cafe Saket Premium,2026-03-27,BILL-OUT003-260327-0047,Dine In,Dine In,,,Food,Sandwiches,996331,MENU0080,Pesto Veg Sandwich,280.0,1.0,280.0,Synthetic promotion,6.23,0,6.23,273.77,13.69,287.46,91.86,91.86,66.45,68.04
ABNAH Cafe Saket Premium,2026-03-27,BILL-OUT003-260327-0048,Dine In,Dine In,,,Food,Toasts,996331,MENU0083,Chilli Cheese Garlic Toast,235.0,1.0,235.0,Synthetic promotion,1.38,0,1.38,233.62,11.68,245.3,42.14,42.14,81.96,82.82
ABNAH Cafe Saket Premium,2026-03-27,BILL-OUT003-260327-0049,Dine In,Dine In,,,Food,Toasts,996331,MENU0084,Chicken Pepperoni Avocado Toast,330.0,1.0,330.0,Synthetic promotion,15.37,0,15.37,314.63,15.73,330.36,68.54,68.54,78.22,79.25
ABNAH Cafe Saket Premium,2026-03-27,BILL-OUT003-260327-0050,Delivery/Takeaway,Online,,,Food,Breakfast,996331,MENU0087,Cream Cheese Bagel,250.0,1.0,250.0,Synthetic promotion,8.03,0,8.03,241.97,12.1,254.07,54.49,54.49,77.48,78.55
ABNAH Cafe Saket Premium,2026-03-27,BILL-OUT003-260327-0051,Delivery/Takeaway,Online,,,Food,Breakfast,996331,MENU0089,Masala Egg Bun,225.0,1.0,225.0,Synthetic promotion,6.4,0,6.4,218.6,10.93,229.53,42.74,42.74,80.45,81.38
ABNAH Cafe Saket Premium,2026-03-27,BILL-OUT003-260327-0052,Delivery/Takeaway,Online,,,Food,Snacks,996331,MENU0091,Pesto Sundried Tomato Pin Wheel,225.0,1.0,225.0,Synthetic promotion,6.98,0,6.98,218.02,10.9,228.92,42.04,42.04,80.72,81.64
ABNAH Cafe Saket Premium,2026-03-27,BILL-OUT003-260327-0053,Delivery/Takeaway,Online,,,Food,Baked Goods,996331,MENU0095,Almond Croissant,245.0,4.0,980.0,Synthetic promotion,58.79,0,58.79,921.21,46.06,967.27,58.04,232.16,74.8,76.0
ABNAH Cafe Saket Premium,2026-03-27,BILL-OUT003-260327-0054,Dine In,Dine In,,,Food,Baked Goods,996331,MENU0096,Chocolate Croissant,235.0,1.0,235.0,Synthetic promotion,0.78,0,0.78,234.22,11.71,245.93,64.54,64.54,72.44,73.76
ABNAH Cafe Saket Premium,2026-03-27,BILL-OUT003-260327-0055,Dine In,Dine In,Guest 8475,9000008475,Food,Baked Goods,996331,MENU0097,Mushroom Cheese Croissant,255.0,1.0,255.0,Synthetic promotion,8.6,0,8.6,246.4,12.32,258.72,74.84,74.84,69.63,71.07
ABNAH Cafe Saket Premium,2026-03-27,BILL-OUT003-260327-0056,Delivery/Takeaway,Online,,,Food,Baked Goods,996331,MENU0098,Sriracha Chicken Croissant,275.0,1.0,275.0,Synthetic promotion,14.34,0,14.34,260.66,13.03,273.69,81.14,81.14,68.87,70.35
ABNAH Cafe Saket Premium,2026-03-27,BILL-OUT003-260327-0057,Dine In,Dine In,,,Dessert,Baked Goods,996331,MENU0099,Cinnamon Roll with Cream Cheese,220.89,5.0,1104.45,,0.0,0,0.0,1104.45,55.22,1159.67,52.57,262.85,76.2,77.33
ABNAH Cafe Saket Premium,2026-03-27,BILL-OUT003-260327-0058,Delivery/Takeaway,Mall Walk-in,,,Dessert,Baked Goods,996331,MENU0100,Banana Walnut Tea Cake,205.0,2.0,410.0,Synthetic promotion,16.58,0,16.58,393.42,19.67,413.09,61.61,123.22,68.68,70.17
ABNAH Cafe Saket Premium,2026-03-27,BILL-OUT003-260327-0059,Dine In,Dine In,,,Dessert,Baked Goods,996331,MENU0101,Lemon Raspberry Tea Cake,215.0,1.0,215.0,Synthetic promotion,0.75,0,0.75,214.25,10.71,224.96,56.57,56.57,73.6,74.85
ABNAH Cafe Saket Premium,2026-03-27,BILL-OUT003-260327-0060,Delivery/Takeaway,Online,,,Dessert,Desserts,996331,MENU0102,Double Chocolate Truffle Cake,295.0,1.0,295.0,Synthetic promotion,6.22,0,6.22,288.78,14.44,303.22,63.07,63.07,78.16,79.2
ABNAH Cafe Saket Premium,2026-03-27,BILL-OUT003-260327-0061,Delivery/Takeaway,Online,,,Dessert,Desserts,996331,MENU0104,Classic Chocolate Fudge Brownie,195.58,1.0,195.58,,0.0,0,0.0,195.58,9.78,205.36,51.02,51.02,73.91,75.16
ABNAH Cafe Saket Premium,2026-03-27,BILL-OUT003-260327-0062,Delivery/Takeaway,Online,,,Dessert,Desserts,996331,MENU0106,Death by Chocolate Cookie,190.0,2.0,380.0,Synthetic promotion,18.59,0,18.59,361.41,18.07,379.48,47.52,95.04,73.7,74.96
ABNAH Cafe Saket Premium,2026-03-27,BILL-OUT003-260327-0063,Dine In,Dine In,,,Dessert,Desserts,996331,MENU0108,Apple Pie,271.45,1.0,271.45,,0.0,0,0.0,271.45,13.57,285.02,56.57,56.57,79.16,80.15
ABNAH Cafe Saket Premium,2026-03-27,BILL-OUT003-260327-0064,Delivery/Takeaway,Mall Walk-in,,,Dessert,Desserts,996331,MENU0109,Basque Cheesecake,310.0,1.0,310.0,Synthetic promotion,10.69,0,10.69,299.31,14.97,314.28,82.57,82.57,72.41,73.73
ABNAH Cafe Saket Premium,2026-03-27,BILL-OUT003-260327-0065,Dine In,Dine In,,,Dessert,Baked Goods,996331,MENU0110,Multigrain Walnut Tea Cake,225.0,3.0,675.0,Synthetic promotion,11.23,0,11.23,663.77,33.19,696.96,56.57,169.71,74.43,75.65
ABNAH Cafe Saket Premium,2026-03-28,BILL-OUT003-260328-0001,Dine In,Dine In,,,Beverage,Coffee Classics,996331,MENU0003,Americano - Regular,187.65,2.0,375.3,,0.0,0,0.0,375.3,18.77,394.07,23.21,46.42,87.63,88.22
ABNAH Cafe Saket Premium,2026-03-28,BILL-OUT003-260328-0002,Dine In,Dine In,,,Beverage,Coffee Classics,996331,MENU0004,Americano - Medium,211.98,2.0,423.96,,0.0,0,0.0,423.96,21.2,445.16,26.05,52.1,87.71,88.3
ABNAH Cafe Saket Premium,2026-03-28,BILL-OUT003-260328-0003,Dine In,Dine In,Guest 2776,9000002776,Beverage,Coffee Classics,996331,MENU0006,Latte - Regular,225.42,3.0,676.26,,0.0,0,0.0,676.26,33.81,710.07,36.17,108.51,83.95,84.72
ABNAH Cafe Saket Premium,2026-03-28,BILL-OUT003-260328-0004,Delivery/Takeaway,Mall Walk-in,Guest 1738,9000001738,Beverage,Coffee Classics,996331,MENU0007,Latte - Medium,254.43,7.0,1781.01,,0.0,0,0.0,1781.01,89.05,1870.06,40.96,286.72,83.9,84.67
ABNAH Cafe Saket Premium,2026-03-28,BILL-OUT003-260328-0005,Delivery/Takeaway,Online,,,Beverage,Coffee Classics,996331,MENU0008,Latte - Large,275.0,2.0,550.0,Synthetic promotion,1.33,0,1.33,548.67,27.43,576.1,45.76,91.52,83.32,84.11
ABNAH Cafe Saket Premium,2026-03-28,BILL-OUT003-260328-0006,Delivery/Takeaway,Mall Walk-in,,,Beverage,Coffee Classics,996331,MENU0009,Cappuccino - Regular,225.0,1.0,225.0,Synthetic promotion,12.83,0,12.83,212.17,10.61,222.78,36.17,36.17,82.95,83.76
ABNAH Cafe Saket Premium,2026-03-28,BILL-OUT003-260328-0007,Dine In,Dine In,,,Beverage,Coffee Classics,996331,MENU0010,Cappuccino - Medium,250.0,3.0,750.0,Synthetic promotion,36.06,0,36.06,713.94,35.7,749.64,40.96,122.88,82.79,83.61
ABNAH Cafe Saket Premium,2026-03-28,BILL-OUT003-260328-0008,Delivery/Takeaway,Mall Walk-in,,,Beverage,Coffee Classics,996331,MENU0011,Cappuccino - Large,277.56,2.0,555.12,,0.0,0,0.0,555.13,27.76,582.89,45.76,91.52,83.51,84.3
ABNAH Cafe Saket Premium,2026-03-28,BILL-OUT003-260328-0009,Dine In,Dine In,,,Beverage,Coffee Classics,996331,MENU0012,Flat White - Regular,235.0,3.0,705.0,Synthetic promotion,20.49,0,20.49,684.51,34.23,718.74,36.17,108.51,84.15,84.9
ABNAH Cafe Saket Premium,2026-03-28,BILL-OUT003-260328-0010,Delivery/Takeaway,Online,,,Beverage,Coffee Classics,996331,MENU0013,Flat White - Medium,260.0,3.0,780.0,Synthetic promotion,16.45,0,16.45,763.55,38.18,801.73,40.96,122.88,83.91,84.67
ABNAH Cafe Saket Premium,2026-03-28,BILL-OUT003-260328-0011,Delivery/Takeaway,Mall Walk-in,,,Beverage,Coffee Classics,996331,MENU0014,Flat White - Large,285.0,2.0,570.0,Synthetic promotion,22.66,0,22.66,547.34,27.37,574.71,45.76,91.52,83.28,84.08
ABNAH Cafe Saket Premium,2026-03-28,BILL-OUT003-260328-0012,Delivery/Takeaway,Online,,,Beverage,Coffee Classics,996331,MENU0016,Mocha - Medium,270.0,1.0,270.0,Synthetic promotion,2.42,0,2.42,267.58,13.38,280.96,48.42,48.42,81.9,82.77
ABNAH Cafe Saket Premium,2026-03-28,BILL-OUT003-260328-0013,Dine In,Dine In,,,Beverage,Coffee Classics,996331,MENU0017,Mocha - Large,295.0,1.0,295.0,Synthetic promotion,0.11,0,0.11,294.89,14.74,309.63,54.21,54.21,81.62,82.49
ABNAH Cafe Saket Premium,2026-03-28,BILL-OUT003-260328-0014,Delivery/Takeaway,Online,,,Beverage,Signature Coffee,996331,MENU0018,Sea Salt Mocha - Regular,275.0,2.0,550.0,Synthetic promotion,18.47,0,18.47,531.53,26.58,558.11,42.67,85.34,83.94,84.71
ABNAH Cafe Saket Premium,2026-03-28,BILL-OUT003-260328-0015,Delivery/Takeaway,Online,,,Beverage,Signature Coffee,996331,MENU0020,Sea Salt Mocha - Large,341.18,1.0,341.18,,0.0,0,0.0,341.18,17.06,358.24,54.21,54.21,84.11,84.87
ABNAH Cafe Saket Premium,2026-03-28,BILL-OUT003-260328-0016,Delivery/Takeaway,Mall Walk-in,,,Beverage,Signature Coffee,996331,MENU0021,Orange Zest Mocha - Regular,275.33,2.0,550.66,,0.0,0,0.0,550.67,27.53,578.2,42.67,85.34,84.5,85.24
ABNAH Cafe Saket Premium,2026-03-28,BILL-OUT003-260328-0017,Delivery/Takeaway,Online,,,Beverage,Signature Coffee,996331,MENU0022,Orange Zest Mocha - Medium,300.0,4.0,1200.0,Synthetic promotion,33.28,0,33.28,1166.72,58.34,1225.06,48.42,193.68,83.4,84.19
ABNAH Cafe Saket Premium,2026-03-28,BILL-OUT003-260328-0018,Dine In,Dine In,,,Beverage,Signature Coffee,996331,MENU0023,Orange Zest Mocha - Large,330.0,1.0,330.0,Synthetic promotion,12.39,0,12.39,317.61,15.88,333.49,54.21,54.21,82.93,83.74
ABNAH Cafe Saket Premium,2026-03-28,BILL-OUT003-260328-0019,Delivery/Takeaway,Mall Walk-in,,,Beverage,Signature Coffee,996331,MENU0024,Caramel Macchiato - Regular,265.0,1.0,265.0,Synthetic promotion,0.93,0,0.93,264.07,13.2,277.27,42.42,42.42,83.94,84.7
ABNAH Cafe Saket Premium,2026-03-28,BILL-OUT003-260328-0020,Delivery/Takeaway,Online,,,Beverage,Signature Coffee,996331,MENU0025,Caramel Macchiato - Medium,295.0,2.0,590.0,Synthetic promotion,20.41,0,20.41,569.59,28.48,598.07,48.13,96.26,83.1,83.9
ABNAH Cafe Saket Premium,2026-03-28,BILL-OUT003-260328-0021,Delivery/Takeaway,Mall Walk-in,,,Beverage,Signature Coffee,996331,MENU0026,Caramel Macchiato - Large,325.0,1.0,325.0,Synthetic promotion,6.47,0,6.47,318.53,15.93,334.46,53.88,53.88,83.08,83.89
ABNAH Cafe Saket Premium,2026-03-28,BILL-OUT003-260328-0022,Dine In,Dine In,,,Beverage,Signature Coffee,996331,MENU0027,French Vanilla Latte - Regular,265.0,2.0,530.0,Synthetic promotion,1.79,0,1.79,528.21,26.41,554.62,42.17,84.34,84.03,84.79
ABNAH Cafe Saket Premium,2026-03-28,BILL-OUT003-260328-0023,Delivery/Takeaway,Online,,,Beverage,Signature Coffee,996331,MENU0028,French Vanilla Latte - Medium,297.08,2.0,594.16,,0.0,0,0.0,594.16,29.71,623.87,47.85,95.7,83.89,84.66
ABNAH Cafe Saket Premium,2026-03-28,BILL-OUT003-260328-0024,Dine In,Dine In,,,Beverage,Signature Coffee,996331,MENU0029,French Vanilla Latte - Large,325.0,2.0,650.0,Synthetic promotion,31.42,0,31.42,618.58,30.93,649.51,53.56,107.12,82.68,83.51
ABNAH Cafe Saket Premium,2026-03-28,BILL-OUT003-260328-0025,Delivery/Takeaway,Online,,,Beverage,Signature Coffee,996331,MENU0030,Vegan Iced Latte - Regular,289.06,4.0,1156.24,Synthetic promotion,0.02,0,0.02,1156.22,57.81,1214.03,58.9,235.6,79.62,80.59
ABNAH Cafe Saket Premium,2026-03-28,BILL-OUT003-260328-0026,Delivery/Takeaway,Mall Walk-in,,,Beverage,Signature Coffee,996331,MENU0031,Vegan Iced Latte - Medium,310.0,3.0,930.0,Synthetic promotion,29.38,0,29.38,900.62,45.03,945.65,66.95,200.85,77.7,78.76
ABNAH Cafe Saket Premium,2026-03-28,BILL-OUT003-260328-0027,Delivery/Takeaway,Online,,,Beverage,Cold Brew,996331,MENU0034,Classic Cold Brew - Medium,254.97,1.0,254.97,,0.0,0,0.0,254.97,12.75,267.72,28.66,28.66,88.76,89.29
ABNAH Cafe Saket Premium,2026-03-28,BILL-OUT003-260328-0028,Dine In,Dine In,,,Beverage,Cold Brew,996331,MENU0035,Classic Cold Brew - Large,279.98,1.0,279.98,,0.0,0,0.0,279.98,14.0,293.98,31.73,31.73,88.67,89.21
ABNAH Cafe Saket Premium,2026-03-28,BILL-OUT003-260328-0029,Dine In,Dine In,,,Beverage,Cold Brew,996331,MENU0036,Coffee Lemonade - Regular,235.0,1.0,235.0,Synthetic promotion,12.89,0,12.89,222.11,11.11,233.22,29.45,29.45,86.74,87.37
ABNAH Cafe Saket Premium,2026-03-28,BILL-OUT003-260328-0030,Delivery/Takeaway,Online,Guest 5611,9000005611,Beverage,Cold Brew,996331,MENU0037,Coffee Lemonade - Medium,260.0,1.0,260.0,Synthetic promotion,6.74,0,6.74,253.26,12.66,265.92,33.09,33.09,86.93,87.56
ABNAH Cafe Saket Premium,2026-03-28,BILL-OUT003-260328-0031,Dine In,Dine In,,,Beverage,Cold Brew,996331,MENU0039,Vietnamese Shakerato - Regular,255.0,2.0,510.0,Synthetic promotion,14.96,0,14.96,495.04,24.75,519.79,25.6,51.2,89.66,90.15
ABNAH Cafe Saket Premium,2026-03-28,BILL-OUT003-260328-0032,Delivery/Takeaway,Online,,,Beverage,Cold Brew,996331,MENU0040,Vietnamese Shakerato - Medium,280.0,2.0,560.0,Synthetic promotion,21.08,0,21.08,538.92,26.95,565.87,28.66,57.32,89.36,89.87
ABNAH Cafe Saket Premium,2026-03-28,BILL-OUT003-260328-0033,Delivery/Takeaway,Mall Walk-in,,,Beverage,Cold Brew,996331,MENU0041,Vietnamese Shakerato - Large,308.3,2.0,616.6,,0.0,0,0.0,616.6,30.83,647.43,31.73,63.46,89.71,90.2
ABNAH Cafe Saket Premium,2026-03-28,BILL-OUT003-260328-0034,Delivery/Takeaway,Online,,,Beverage,Cold Coffee,996331,MENU0042,Classic Cold Coffee - Regular,255.0,2.0,510.0,Synthetic promotion,15.25,0,15.25,494.75,24.74,519.49,38.56,77.12,84.41,85.15
ABNAH Cafe Saket Premium,2026-03-28,BILL-OUT003-260328-0035,Delivery/Takeaway,Online,,,Beverage,Cold Coffee,996331,MENU0043,Classic Cold Coffee - Medium,290.0,1.0,290.0,Synthetic promotion,3.75,0,3.75,286.25,14.31,300.56,43.56,43.56,84.78,85.51
ABNAH Cafe Saket Premium,2026-03-28,BILL-OUT003-260328-0036,Delivery/Takeaway,Mall Walk-in,,,Beverage,Cold Coffee,996331,MENU0044,Classic Cold Coffee - Large,325.0,2.0,650.0,Synthetic promotion,9.22,0,9.22,640.78,32.04,672.82,48.58,97.16,84.84,85.56
ABNAH Cafe Saket Premium,2026-03-28,BILL-OUT003-260328-0037,Dine In,Dine In,,,Beverage,Cold Coffee,996331,MENU0045,Mocha Cold Coffee - Regular,289.59,3.0,868.77,,0.0,0,0.0,868.77,43.44,912.21,45.06,135.18,84.44,85.18
ABNAH Cafe Saket Premium,2026-03-28,BILL-OUT003-260328-0038,Delivery/Takeaway,Online,,,Beverage,Cold Coffee,996331,MENU0046,Mocha Cold Coffee - Medium,320.0,1.0,320.0,Synthetic promotion,0.33,0,0.33,319.67,15.98,335.65,51.03,51.03,84.04,84.8
ABNAH Cafe Saket Premium,2026-03-28,BILL-OUT003-260328-0039,Dine In,Dine In,,,Beverage,Cold Coffee,996331,MENU0047,Mocha Cold Coffee - Large,359.07,1.0,359.07,,0.0,0,0.0,359.07,17.95,377.02,57.03,57.03,84.12,84.87
ABNAH Cafe Saket Premium,2026-03-28,BILL-OUT003-260328-0040,Delivery/Takeaway,Online,,,Beverage,Cold Coffee,996331,MENU0048,Caramel Cold Coffee - Regular,285.0,3.0,855.0,Synthetic promotion,4.97,0,4.97,850.03,42.5,892.53,44.81,134.43,84.19,84.94
ABNAH Cafe Saket Premium,2026-03-28,BILL-OUT003-260328-0041,Dine In,Dine In,,,Beverage,Cold Coffee,996331,MENU0049,Caramel Cold Coffee - Medium,320.0,3.0,960.0,Synthetic promotion,17.1,0,17.1,942.9,47.15,990.05,50.74,152.22,83.86,84.63
ABNAH Cafe Saket Premium,2026-03-28,BILL-OUT003-260328-0042,Delivery/Takeaway,Online,Guest 1747,9000001747,Beverage,Cold Coffee,996331,MENU0050,Caramel Cold Coffee - Large,355.0,1.0,355.0,Synthetic promotion,3.47,0,3.47,351.53,17.58,369.11,56.7,56.7,83.87,84.64
ABNAH Cafe Saket Premium,2026-03-28,BILL-OUT003-260328-0043,Delivery/Takeaway,Online,,,Beverage,Tea,996331,MENU0051,Masala Chai Latte - Regular,198.4,3.0,595.2,Synthetic promotion,0.01,0,0.01,595.19,29.76,624.95,36.17,108.51,81.77,82.64
ABNAH Cafe Saket Premium,2026-03-28,BILL-OUT003-260328-0044,Dine In,Dine In,Guest 1995,9000001995,Beverage,Tea,996331,MENU0052,Masala Chai Latte - Medium,221.63,2.0,443.26,,0.0,0,0.0,443.27,22.16,465.43,40.96,81.92,81.52,82.4
ABNAH Cafe Saket Premium,2026-03-28,BILL-OUT003-260328-0045,Delivery/Takeaway,Online,Guest 7407,9000007407,Beverage,Tea,996331,MENU0053,Masala Chai Latte - Large,245.0,1.0,245.0,Synthetic promotion,2.39,0,2.39,242.61,12.13,254.74,45.76,45.76,81.14,82.04
ABNAH Cafe Saket Premium,2026-03-28,BILL-OUT003-260328-0046,Dine In,Dine In,Guest 3114,9000003114,Beverage,Tea,996331,MENU0054,Himalayan Green Tea,210.48,1.0,210.48,,0.0,0,0.0,210.48,10.52,221.0,8.67,8.67,95.88,96.08
ABNAH Cafe Saket Premium,2026-03-28,BILL-OUT003-260328-0047,Delivery/Takeaway,Mall Walk-in,,,Beverage,Tea,996331,MENU0056,Japanese Matcha Latte - Medium,295.0,2.0,590.0,Synthetic promotion,9.36,0,9.36,580.64,29.03,609.67,40.96,81.92,85.89,86.56
ABNAH Cafe Saket Premium,2026-03-28,BILL-OUT003-260328-0048,Delivery/Takeaway,Online,,,Beverage,Tea,996331,MENU0057,Japanese Matcha Latte - Large,325.0,2.0,650.0,Synthetic promotion,11.07,0,11.07,638.93,31.95,670.88,45.76,91.52,85.68,86.36
ABNAH Cafe Saket Premium,2026-03-28,BILL-OUT003-260328-0049,Delivery/Takeaway,Mall Walk-in,,,Beverage,Iced Tea,996331,MENU0059,Lemon Iced Tea - Medium,230.0,1.0,230.0,Synthetic promotion,9.34,0,9.34,220.66,11.03,231.69,15.66,15.66,92.9,93.24
ABNAH Cafe Saket Premium,2026-03-28,BILL-OUT003-260328-0050,Dine In,Dine In,,,Beverage,Iced Tea,996331,MENU0060,Lemon Iced Tea - Large,255.0,1.0,255.0,Synthetic promotion,7.22,0,7.22,247.78,12.39,260.17,17.03,17.03,93.13,93.45
ABNAH Cafe Saket Premium,2026-03-28,BILL-OUT003-260328-0051,Delivery/Takeaway,Mall Walk-in,,,Beverage,Iced Tea,996331,MENU0061,Hibiscus Lime Iced Tea - Regular,228.54,2.0,457.08,,0.0,0,0.0,457.08,22.85,479.93,24.09,48.18,89.46,89.96
ABNAH Cafe Saket Premium,2026-03-28,BILL-OUT003-260328-0052,Delivery/Takeaway,Online,Guest 8345,9000008345,Beverage,Iced Tea,996331,MENU0062,Hibiscus Lime Iced Tea - Medium,252.5,1.0,252.5,,0.0,0,0.0,252.5,12.62,265.12,26.94,26.94,89.33,89.84
ABNAH Cafe Saket Premium,2026-03-28,BILL-OUT003-260328-0053,Delivery/Takeaway,Online,,,Beverage,Iced Tea,996331,MENU0063,Hibiscus Lime Iced Tea - Large,275.0,1.0,275.0,Synthetic promotion,1.08,0,1.08,273.92,13.7,287.62,29.77,29.77,89.13,89.65
ABNAH Cafe Saket Premium,2026-03-28,BILL-OUT003-260328-0054,Delivery/Takeaway,Mall Walk-in,Guest 4044,9000004044,Beverage,Kids Beverage,996331,MENU0067,Babyccino - Regular,165.0,1.0,165.0,Synthetic promotion,3.89,0,3.89,161.11,8.06,169.17,14.21,14.21,91.18,91.6
ABNAH Cafe Saket Premium,2026-03-28,BILL-OUT003-260328-0055,Delivery/Takeaway,Online,Guest 4298,9000004298,Beverage,Shake,996331,MENU0068,Choco Chip Shake - Regular,297.9,1.0,297.9,,0.0,0,0.0,297.9,14.89,312.79,34.11,34.11,88.55,89.09
ABNAH Cafe Saket Premium,2026-03-28,BILL-OUT003-260328-0056,Delivery/Takeaway,Online,,,Beverage,Shake,996331,MENU0071,Mixed Berry Shake - Regular,315.0,1.0,315.0,Synthetic promotion,12.96,0,12.96,302.04,15.1,317.14,61.21,61.21,79.73,80.7
ABNAH Cafe Saket Premium,2026-03-28,BILL-OUT003-260328-0057,Delivery/Takeaway,Mall Walk-in,,,Beverage,Shake,996331,MENU0072,Mixed Berry Shake - Medium,350.0,2.0,700.0,Synthetic promotion,5.36,0,5.36,694.64,34.73,729.37,69.6,139.2,79.96,80.92
ABNAH Cafe Saket Premium,2026-03-28,BILL-OUT003-260328-0058,Dine In,Dine In,Guest 6221,9000006221,Beverage,Shake,996331,MENU0073,Mixed Berry Shake - Large,391.81,1.0,391.81,,0.0,0,0.0,391.81,19.59,411.4,78.02,78.02,80.09,81.04
ABNAH Cafe Saket Premium,2026-03-28,BILL-OUT003-260328-0059,Delivery/Takeaway,Mall Walk-in,,,Beverage,Smoothie,996331,MENU0076,Seasonal Smoothie - Large,375.0,1.0,375.0,Synthetic promotion,4.89,0,4.89,370.11,18.51,388.62,41.83,41.83,88.7,89.24
ABNAH Cafe Saket Premium,2026-03-28,BILL-OUT003-260328-0060,Delivery/Takeaway,Mall Walk-in,,,Food,Wraps,996331,MENU0077,Spicy Paneer Wrap,275.0,1.0,275.0,Synthetic promotion,2.8,0,2.8,272.2,13.61,285.81,73.36,73.36,73.05,74.33
ABNAH Cafe Saket Premium,2026-03-28,BILL-OUT003-260328-0061,Dine In,Dine In,,,Food,Sandwiches,996331,MENU0080,Pesto Veg Sandwich,280.0,2.0,560.0,Synthetic promotion,28.6,0,28.6,531.4,26.57,557.97,91.86,183.72,65.43,67.07
ABNAH Cafe Saket Premium,2026-03-28,BILL-OUT003-260328-0062,Delivery/Takeaway,Mall Walk-in,,,Food,Sandwiches,996331,MENU0081,Pepper Chicken Sandwich,315.0,2.0,630.0,Synthetic promotion,37.42,0,37.42,592.58,29.63,622.21,87.66,175.32,70.41,71.82
ABNAH Cafe Saket Premium,2026-03-28,BILL-OUT003-260328-0063,Delivery/Takeaway,Mall Walk-in,,,Food,Platter,996331,MENU0085,Hummus and Pita Platter,310.0,1.0,310.0,Synthetic promotion,9.99,0,9.99,300.01,15.0,315.01,45.45,45.45,84.85,85.57
ABNAH Cafe Saket Premium,2026-03-28,BILL-OUT003-260328-0064,Delivery/Takeaway,Online,Guest 8757,9000008757,Food,Snacks,996331,MENU0090,Marinara Cheese Pin Wheels,215.0,1.0,215.0,Synthetic promotion,10.44,0,10.44,204.56,10.23,214.79,38.29,38.29,81.28,82.17
ABNAH Cafe Saket Premium,2026-03-28,BILL-OUT003-260328-0065,Dine In,Dine In,,,Food,Snacks,996331,MENU0093,Turnover with Brioche Dough Veg,235.0,1.0,235.0,Synthetic promotion,12.71,0,12.71,222.29,11.11,233.4,89.94,89.94,59.54,61.47
ABNAH Cafe Saket Premium,2026-03-28,BILL-OUT003-260328-0066,Dine In,Dine In,,,Food,Baked Goods,996331,MENU0095,Almond Croissant,246.45,1.0,246.45,,0.0,0,0.0,246.45,12.32,258.77,58.04,58.04,76.45,77.57
ABNAH Cafe Saket Premium,2026-03-28,BILL-OUT003-260328-0067,Delivery/Takeaway,Mall Walk-in,,,Food,Baked Goods,996331,MENU0097,Mushroom Cheese Croissant,255.0,3.0,765.0,Synthetic promotion,13.04,0,13.04,751.96,37.6,789.56,74.84,224.52,70.14,71.56
ABNAH Cafe Saket Premium,2026-03-28,BILL-OUT003-260328-0068,Delivery/Takeaway,Online,,,Food,Baked Goods,996331,MENU0098,Sriracha Chicken Croissant,275.0,1.0,275.0,Synthetic promotion,5.34,0,5.34,269.66,13.48,283.14,81.14,81.14,69.91,71.34
ABNAH Cafe Saket Premium,2026-03-28,BILL-OUT003-260328-0069,Dine In,Dine In,Guest 8496,9000008496,Dessert,Baked Goods,996331,MENU0099,Cinnamon Roll with Cream Cheese,220.0,1.0,220.0,Synthetic promotion,4.77,0,4.77,215.23,10.76,225.99,52.57,52.57,75.57,76.74
ABNAH Cafe Saket Premium,2026-03-28,BILL-OUT003-260328-0070,Delivery/Takeaway,Online,,,Dessert,Desserts,996331,MENU0103,Banoffee Pie,287.6,1.0,287.6,,0.0,0,0.0,287.6,14.38,301.98,56.57,56.57,80.33,81.27
ABNAH Cafe Saket Premium,2026-03-28,BILL-OUT003-260328-0071,Delivery/Takeaway,Mall Walk-in,,,Dessert,Desserts,996331,MENU0104,Classic Chocolate Fudge Brownie,197.09,1.0,197.09,,0.0,0,0.0,197.09,9.85,206.94,51.02,51.02,74.11,75.35
ABNAH Cafe Saket Premium,2026-03-28,BILL-OUT003-260328-0072,Delivery/Takeaway,Online,,,Dessert,Desserts,996331,MENU0105,Soft-Centred Caramel Cookie,180.0,2.0,360.0,Synthetic promotion,16.16,0,16.16,343.84,17.19,361.03,46.02,92.04,73.23,74.51
ABNAH Cafe Saket Premium,2026-03-28,BILL-OUT003-260328-0073,Dine In,Dine In,,,Dessert,Desserts,996331,MENU0107,Jaggery Parmesan Cookie,170.0,1.0,170.0,Synthetic promotion,0.64,0,0.64,169.36,8.47,177.83,41.02,41.02,75.78,76.93
ABNAH Cafe Saket Premium,2026-03-28,BILL-OUT003-260328-0074,Dine In,Dine In,,,Dessert,Desserts,996331,MENU0108,Apple Pie,270.0,1.0,270.0,Synthetic promotion,12.15,0,12.15,257.85,12.89,270.74,56.57,56.57,78.06,79.11
ABNAH Cafe Saket Premium,2026-03-28,BILL-OUT003-260328-0075,Dine In,Dine In,,,Dessert,Desserts,996331,MENU0109,Basque Cheesecake,311.0,2.0,622.0,Synthetic promotion,0.01,0,0.01,621.99,31.1,653.09,82.57,165.14,73.45,74.71
ABNAH Cafe Saket Premium,2026-03-28,BILL-OUT003-260328-0076,Dine In,Dine In,,,Dessert,Baked Goods,996331,MENU0110,Multigrain Walnut Tea Cake,225.0,2.0,450.0,Synthetic promotion,16.83,0,16.83,433.17,21.66,454.83,56.57,113.14,73.88,75.12
ABNAH Cafe Saket Premium,2026-03-29,BILL-OUT003-260329-0001,Dine In,Dine In,,,Beverage,Coffee Classics,996331,MENU0003,Americano - Regular,185.0,2.0,370.0,Synthetic promotion,21.95,0,21.95,348.05,17.4,365.45,23.21,46.42,86.66,87.3
ABNAH Cafe Saket Premium,2026-03-29,BILL-OUT003-260329-0002,Delivery/Takeaway,Mall Walk-in,,,Beverage,Coffee Classics,996331,MENU0004,Americano - Medium,211.54,5.0,1057.7,,0.0,0,0.0,1057.72,52.89,1110.61,26.05,130.25,87.69,88.27
ABNAH Cafe Saket Premium,2026-03-29,BILL-OUT003-260329-0003,Dine In,Dine In,,,Beverage,Coffee Classics,996331,MENU0005,Americano - Large,235.0,1.0,235.0,Synthetic promotion,10.6,0,10.6,224.4,11.22,235.62,28.91,28.91,87.12,87.73
ABNAH Cafe Saket Premium,2026-03-29,BILL-OUT003-260329-0004,Dine In,Dine In,,,Beverage,Coffee Classics,996331,MENU0006,Latte - Regular,226.35,3.0,679.05,Synthetic promotion,0.01,0,0.01,679.04,33.95,712.99,36.17,108.51,84.02,84.78
ABNAH Cafe Saket Premium,2026-03-29,BILL-OUT003-260329-0005,Dine In,Dine In,,,Beverage,Coffee Classics,996331,MENU0007,Latte - Medium,250.0,2.0,500.0,Synthetic promotion,23.61,0,23.61,476.39,23.82,500.21,40.96,81.92,82.8,83.62
ABNAH Cafe Saket Premium,2026-03-29,BILL-OUT003-260329-0006,Delivery/Takeaway,Mall Walk-in,,,Beverage,Coffee Classics,996331,MENU0008,Latte - Large,275.6,1.0,275.6,,0.0,0,0.0,275.6,13.78,289.38,45.76,45.76,83.4,84.19
ABNAH Cafe Saket Premium,2026-03-29,BILL-OUT003-260329-0007,Delivery/Takeaway,Online,,,Beverage,Coffee Classics,996331,MENU0009,Cappuccino - Regular,225.51,6.0,1353.06,Synthetic promotion,0.01,0,0.01,1353.05,67.65,1420.7,36.17,217.02,83.96,84.72
ABNAH Cafe Saket Premium,2026-03-29,BILL-OUT003-260329-0008,Dine In,Dine In,,,Beverage,Coffee Classics,996331,MENU0010,Cappuccino - Medium,250.0,4.0,1000.0,Synthetic promotion,35.18,0,35.18,964.82,48.24,1013.06,40.96,163.84,83.02,83.83
ABNAH Cafe Saket Premium,2026-03-29,BILL-OUT003-260329-0009,Dine In,Dine In,,,Beverage,Coffee Classics,996331,MENU0011,Cappuccino - Large,275.0,2.0,550.0,Synthetic promotion,11.06,0,11.06,538.94,26.95,565.89,45.76,91.52,83.02,83.83
ABNAH Cafe Saket Premium,2026-03-29,BILL-OUT003-260329-0010,Dine In,Dine In,,,Beverage,Coffee Classics,996331,MENU0012,Flat White - Regular,235.86,1.0,235.86,,0.0,0,0.0,235.86,11.79,247.65,36.17,36.17,84.66,85.39
ABNAH Cafe Saket Premium,2026-03-29,BILL-OUT003-260329-0011,Delivery/Takeaway,Mall Walk-in,Guest 7915,9000007915,Beverage,Coffee Classics,996331,MENU0014,Flat White - Large,285.0,2.0,570.0,Synthetic promotion,31.09,0,31.09,538.91,26.95,565.86,45.76,91.52,83.02,83.83
ABNAH Cafe Saket Premium,2026-03-29,BILL-OUT003-260329-0012,Dine In,Dine In,Guest 2523,9000002523,Beverage,Coffee Classics,996331,MENU0015,Mocha - Regular,245.0,5.0,1225.0,Synthetic promotion,11.02,0,11.02,1213.98,60.7,1274.68,42.67,213.35,82.43,83.26
ABNAH Cafe Saket Premium,2026-03-29,BILL-OUT003-260329-0013,Dine In,Dine In,,,Beverage,Coffee Classics,996331,MENU0016,Mocha - Medium,274.77,3.0,824.31,,0.0,0,0.0,824.32,41.22,865.54,48.42,145.26,82.38,83.22
ABNAH Cafe Saket Premium,2026-03-29,BILL-OUT003-260329-0014,Dine In,Dine In,,,Beverage,Coffee Classics,996331,MENU0017,Mocha - Large,300.3,2.0,600.6,Synthetic promotion,0.01,0,0.01,600.59,30.03,630.62,54.21,108.42,81.95,82.81
ABNAH Cafe Saket Premium,2026-03-29,BILL-OUT003-260329-0015,Delivery/Takeaway,Mall Walk-in,,,Beverage,Signature Coffee,996331,MENU0019,Sea Salt Mocha - Medium,305.0,3.0,915.0,Synthetic promotion,37.05,0,37.05,877.95,43.9,921.85,48.42,145.26,83.45,84.24
ABNAH Cafe Saket Premium,2026-03-29,BILL-OUT003-260329-0016,Delivery/Takeaway,Mall Walk-in,,,Beverage,Signature Coffee,996331,MENU0021,Orange Zest Mocha - Regular,270.0,2.0,540.0,Synthetic promotion,4.38,0,4.38,535.62,26.78,562.4,42.67,85.34,84.07,84.83
ABNAH Cafe Saket Premium,2026-03-29,BILL-OUT003-260329-0017,Delivery/Takeaway,Online,,,Beverage,Signature Coffee,996331,MENU0022,Orange Zest Mocha - Medium,300.0,1.0,300.0,Synthetic promotion,9.07,0,9.07,290.93,14.55,305.48,48.42,48.42,83.36,84.15
ABNAH Cafe Saket Premium,2026-03-29,BILL-OUT003-260329-0018,Delivery/Takeaway,Online,,,Beverage,Signature Coffee,996331,MENU0024,Caramel Macchiato - Regular,265.0,1.0,265.0,Synthetic promotion,0.83,0,0.83,264.17,13.21,277.38,42.42,42.42,83.94,84.71
ABNAH Cafe Saket Premium,2026-03-29,BILL-OUT003-260329-0019,Delivery/Takeaway,Mall Walk-in,Guest 1461,9000001461,Beverage,Signature Coffee,996331,MENU0026,Caramel Macchiato - Large,325.0,1.0,325.0,Synthetic promotion,1.84,0,1.84,323.16,16.16,339.32,53.88,53.88,83.33,84.12
ABNAH Cafe Saket Premium,2026-03-29,BILL-OUT003-260329-0020,Dine In,Dine In,Guest 5121,9000005121,Beverage,Signature Coffee,996331,MENU0027,French Vanilla Latte - Regular,265.0,2.0,530.0,Synthetic promotion,3.94,0,3.94,526.06,26.3,552.36,42.17,84.34,83.97,84.73
ABNAH Cafe Saket Premium,2026-03-29,BILL-OUT003-260329-0021,Delivery/Takeaway,Mall Walk-in,,,Beverage,Signature Coffee,996331,MENU0028,French Vanilla Latte - Medium,295.0,2.0,590.0,Synthetic promotion,23.35,0,23.35,566.65,28.33,594.98,47.85,95.7,83.11,83.92
ABNAH Cafe Saket Premium,2026-03-29,BILL-OUT003-260329-0022,Delivery/Takeaway,Online,Guest 8709,9000008709,Beverage,Signature Coffee,996331,MENU0029,French Vanilla Latte - Large,326.58,2.0,653.16,,0.0,0,0.0,653.16,32.66,685.82,53.56,107.12,83.6,84.38
ABNAH Cafe Saket Premium,2026-03-29,BILL-OUT003-260329-0023,Delivery/Takeaway,Mall Walk-in,,,Beverage,Signature Coffee,996331,MENU0030,Vegan Iced Latte - Regular,289.76,2.0,579.52,,0.0,0,0.0,579.52,28.98,608.5,58.9,117.8,79.67,80.64
ABNAH Cafe Saket Premium,2026-03-29,BILL-OUT003-260329-0024,Dine In,Dine In,,,Beverage,Signature Coffee,996331,MENU0031,Vegan Iced Latte - Medium,310.0,2.0,620.0,Synthetic promotion,12.42,0,12.42,607.58,30.38,637.96,66.95,133.9,77.96,79.01
ABNAH Cafe Saket Premium,2026-03-29,BILL-OUT003-260329-0025,Dine In,Dine In,,,Beverage,Signature Coffee,996331,MENU0032,Vegan Iced Latte - Large,335.0,2.0,670.0,Synthetic promotion,14.57,0,14.57,655.43,32.77,688.2,75.02,150.04,77.11,78.2
ABNAH Cafe Saket Premium,2026-03-29,BILL-OUT003-260329-0026,Dine In,Dine In,,,Beverage,Cold Brew,996331,MENU0034,Classic Cold Brew - Medium,252.61,1.0,252.61,,0.0,0,0.0,252.61,12.63,265.24,28.66,28.66,88.65,89.19
ABNAH Cafe Saket Premium,2026-03-29,BILL-OUT003-260329-0027,Delivery/Takeaway,Online,,,Beverage,Cold Brew,996331,MENU0036,Coffee Lemonade - Regular,235.0,1.0,235.0,Synthetic promotion,5.21,0,5.21,229.79,11.49,241.28,29.45,29.45,87.18,87.79
ABNAH Cafe Saket Premium,2026-03-29,BILL-OUT003-260329-0028,Delivery/Takeaway,Mall Walk-in,,,Beverage,Cold Brew,996331,MENU0038,Coffee Lemonade - Large,288.82,1.0,288.82,,0.0,0,0.0,288.82,14.44,303.26,36.73,36.73,87.28,87.89
ABNAH Cafe Saket Premium,2026-03-29,BILL-OUT003-260329-0029,Dine In,Dine In,Guest 1144,9000001144,Beverage,Cold Brew,996331,MENU0040,Vietnamese Shakerato - Medium,280.0,1.0,280.0,Synthetic promotion,2.18,0,2.18,277.82,13.89,291.71,28.66,28.66,89.68,90.18
ABNAH Cafe Saket Premium,2026-03-29,BILL-OUT003-260329-0030,Delivery/Takeaway,Mall Walk-in,,,Beverage,Cold Coffee,996331,MENU0042,Classic Cold Coffee - Regular,255.0,2.0,510.0,Synthetic promotion,5.25,0,5.25,504.75,25.24,529.99,38.56,77.12,84.72,85.45
ABNAH Cafe Saket Premium,2026-03-29,BILL-OUT003-260329-0031,Delivery/Takeaway,Mall Walk-in,,,Beverage,Cold Coffee,996331,MENU0043,Classic Cold Coffee - Medium,290.0,3.0,870.0,Synthetic promotion,49.38,0,49.38,820.62,41.03,861.65,43.56,130.68,84.08,84.83
ABNAH Cafe Saket Premium,2026-03-29,BILL-OUT003-260329-0032,Dine In,Dine In,Guest 3804,9000003804,Beverage,Cold Coffee,996331,MENU0044,Classic Cold Coffee - Large,328.6,3.0,985.8,,0.0,0,0.0,985.8,49.29,1035.09,48.58,145.74,85.22,85.92
ABNAH Cafe Saket Premium,2026-03-29,BILL-OUT003-260329-0033,Delivery/Takeaway,Online,,,Beverage,Cold Coffee,996331,MENU0045,Mocha Cold Coffee - Regular,285.0,4.0,1140.0,Synthetic promotion,52.9,0,52.9,1087.1,54.35,1141.45,45.06,180.24,83.42,84.21
ABNAH Cafe Saket Premium,2026-03-29,BILL-OUT003-260329-0034,Delivery/Takeaway,Mall Walk-in,,,Beverage,Cold Coffee,996331,MENU0046,Mocha Cold Coffee - Medium,320.0,3.0,960.0,Synthetic promotion,33.66,0,33.66,926.34,46.32,972.66,51.03,153.09,83.47,84.26
ABNAH Cafe Saket Premium,2026-03-29,BILL-OUT003-260329-0035,Dine In,Dine In,,,Beverage,Cold Coffee,996331,MENU0048,Caramel Cold Coffee - Regular,289.56,2.0,579.12,Synthetic promotion,0.01,0,0.01,579.11,28.96,608.07,44.81,89.62,84.52,85.26
ABNAH Cafe Saket Premium,2026-03-29,BILL-OUT003-260329-0036,Delivery/Takeaway,Online,,,Beverage,Cold Coffee,996331,MENU0049,Caramel Cold Coffee - Medium,320.0,1.0,320.0,Synthetic promotion,8.49,0,8.49,311.51,15.58,327.09,50.74,50.74,83.71,84.49
ABNAH Cafe Saket Premium,2026-03-29,BILL-OUT003-260329-0037,Delivery/Takeaway,Online,,,Beverage,Cold Coffee,996331,MENU0050,Caramel Cold Coffee - Large,355.0,1.0,355.0,Synthetic promotion,10.17,0,10.17,344.83,17.24,362.07,56.7,56.7,83.56,84.34
ABNAH Cafe Saket Premium,2026-03-29,BILL-OUT003-260329-0038,Delivery/Takeaway,Online,,,Beverage,Tea,996331,MENU0051,Masala Chai Latte - Regular,195.0,2.0,390.0,Synthetic promotion,19.24,0,19.24,370.76,18.54,389.3,36.17,72.34,80.49,81.42
ABNAH Cafe Saket Premium,2026-03-29,BILL-OUT003-260329-0039,Delivery/Takeaway,Online,,,Beverage,Tea,996331,MENU0053,Masala Chai Latte - Large,247.96,1.0,247.96,,0.0,0,0.0,247.96,12.4,260.36,45.76,45.76,81.55,82.42
ABNAH Cafe Saket Premium,2026-03-29,BILL-OUT003-260329-0040,Delivery/Takeaway,Mall Walk-in,,,Beverage,Tea,996331,MENU0055,Japanese Matcha Latte - Regular,265.0,3.0,795.0,Synthetic promotion,30.29,0,30.29,764.71,38.24,802.95,36.17,108.51,85.81,86.49
ABNAH Cafe Saket Premium,2026-03-29,BILL-OUT003-260329-0041,Delivery/Takeaway,Online,,,Beverage,Tea,996331,MENU0056,Japanese Matcha Latte - Medium,295.0,3.0,885.0,Synthetic promotion,2.43,0,2.43,882.57,44.13,926.7,40.96,122.88,86.08,86.74
ABNAH Cafe Saket Premium,2026-03-29,BILL-OUT003-260329-0042,Delivery/Takeaway,Mall Walk-in,,,Beverage,Iced Tea,996331,MENU0058,Lemon Iced Tea - Regular,205.0,2.0,410.0,Synthetic promotion,23.93,0,23.93,386.07,19.3,405.37,14.29,28.58,92.6,92.95
ABNAH Cafe Saket Premium,2026-03-29,BILL-OUT003-260329-0043,Delivery/Takeaway,Online,,,Beverage,Iced Tea,996331,MENU0061,Hibiscus Lime Iced Tea - Regular,225.0,2.0,450.0,Synthetic promotion,0.52,0,0.52,449.48,22.47,471.95,24.09,48.18,89.28,89.79
ABNAH Cafe Saket Premium,2026-03-29,BILL-OUT003-260329-0044,Delivery/Takeaway,Online,,,Beverage,Iced Tea,996331,MENU0062,Hibiscus Lime Iced Tea - Medium,250.0,1.0,250.0,Synthetic promotion,14.53,0,14.53,235.47,11.77,247.24,26.94,26.94,88.56,89.1
ABNAH Cafe Saket Premium,2026-03-29,BILL-OUT003-260329-0045,Delivery/Takeaway,Online,,,Beverage,Shake,996331,MENU0068,Choco Chip Shake - Regular,299.06,1.0,299.06,,0.0,0,0.0,299.06,14.95,314.01,34.11,34.11,88.59,89.14
ABNAH Cafe Saket Premium,2026-03-29,BILL-OUT003-260329-0046,Dine In,Dine In,Guest 6136,9000006136,Beverage,Shake,996331,MENU0071,Mixed Berry Shake - Regular,315.0,2.0,630.0,Synthetic promotion,18.68,0,18.68,611.32,30.57,641.89,61.21,122.42,79.97,80.93
ABNAH Cafe Saket Premium,2026-03-29,BILL-OUT003-260329-0047,Delivery/Takeaway,Online,,,Beverage,Shake,996331,MENU0072,Mixed Berry Shake - Medium,350.0,1.0,350.0,Synthetic promotion,0.21,0,0.21,349.79,17.49,367.28,69.6,69.6,80.1,81.05
ABNAH Cafe Saket Premium,2026-03-29,BILL-OUT003-260329-0048,Delivery/Takeaway,Mall Walk-in,,,Beverage,Shake,996331,MENU0073,Mixed Berry Shake - Large,385.0,2.0,770.0,Synthetic promotion,32.04,0,32.04,737.96,36.9,774.86,78.02,156.04,78.86,79.86
ABNAH Cafe Saket Premium,2026-03-29,BILL-OUT003-260329-0049,Dine In,Dine In,Guest 8101,9000008101,Beverage,Smoothie,996331,MENU0074,Seasonal Smoothie - Regular,305.0,2.0,610.0,Synthetic promotion,16.5,0,16.5,593.5,29.68,623.18,33.37,66.74,88.75,89.29
ABNAH Cafe Saket Premium,2026-03-29,BILL-OUT003-260329-0050,Delivery/Takeaway,Mall Walk-in,,,Beverage,Smoothie,996331,MENU0075,Seasonal Smoothie - Medium,340.0,2.0,680.0,Synthetic promotion,3.34,0,3.34,676.66,33.83,710.49,37.59,75.18,88.89,89.42
ABNAH Cafe Saket Premium,2026-03-29,BILL-OUT003-260329-0051,Delivery/Takeaway,Online,,,Food,Wraps,996331,MENU0077,Spicy Paneer Wrap,275.0,1.0,275.0,Synthetic promotion,8.43,0,8.43,266.57,13.33,279.9,73.36,73.36,72.48,73.79
ABNAH Cafe Saket Premium,2026-03-29,BILL-OUT003-260329-0052,Dine In,Dine In,,,Food,Sandwiches,996331,MENU0080,Pesto Veg Sandwich,281.05,1.0,281.05,,0.0,0,0.0,281.05,14.05,295.1,91.86,91.86,67.32,68.87
ABNAH Cafe Saket Premium,2026-03-29,BILL-OUT003-260329-0053,Delivery/Takeaway,Mall Walk-in,Guest 1866,9000001866,Food,Sandwiches,996331,MENU0081,Pepper Chicken Sandwich,315.0,1.0,315.0,Synthetic promotion,6.43,0,6.43,308.57,15.43,324.0,87.66,87.66,71.59,72.94
ABNAH Cafe Saket Premium,2026-03-29,BILL-OUT003-260329-0054,Delivery/Takeaway,Mall Walk-in,,,Food,Toasts,996331,MENU0084,Chicken Pepperoni Avocado Toast,330.0,2.0,660.0,Synthetic promotion,35.35,0,35.35,624.65,31.23,655.88,68.54,137.08,78.05,79.1
ABNAH Cafe Saket Premium,2026-03-29,BILL-OUT003-260329-0055,Dine In,Dine In,,,Food,Breakfast,996331,MENU0087,Cream Cheese Bagel,250.0,1.0,250.0,Synthetic promotion,13.26,0,13.26,236.74,11.84,248.58,54.49,54.49,76.98,78.08
ABNAH Cafe Saket Premium,2026-03-29,BILL-OUT003-260329-0056,Delivery/Takeaway,Online,,,Food,Snacks,996331,MENU0091,Pesto Sundried Tomato Pin Wheel,225.56,1.0,225.56,,0.0,0,0.0,225.56,11.28,236.84,42.04,42.04,81.36,82.25
ABNAH Cafe Saket Premium,2026-03-29,BILL-OUT003-260329-0057,Delivery/Takeaway,Online,,,Food,Baked Goods,996331,MENU0094,Butter Croissant,195.0,1.0,195.0,Synthetic promotion,1.53,0,1.53,193.47,9.67,203.14,58.04,58.04,70.0,71.43
ABNAH Cafe Saket Premium,2026-03-29,BILL-OUT003-260329-0058,Delivery/Takeaway,Online,,,Food,Baked Goods,996331,MENU0096,Chocolate Croissant,235.0,1.0,235.0,Synthetic promotion,0.85,0,0.85,234.15,11.71,245.86,64.54,64.54,72.44,73.75
ABNAH Cafe Saket Premium,2026-03-29,BILL-OUT003-260329-0059,Delivery/Takeaway,Online,,,Food,Baked Goods,996331,MENU0098,Sriracha Chicken Croissant,275.0,5.0,1375.0,Synthetic promotion,35.59,0,35.59,1339.41,66.97,1406.38,81.14,405.7,69.71,71.15
ABNAH Cafe Saket Premium,2026-03-29,BILL-OUT003-260329-0060,Dine In,Dine In,,,Dessert,Baked Goods,996331,MENU0099,Cinnamon Roll with Cream Cheese,223.94,2.0,447.88,,0.0,0,0.0,447.88,22.39,470.27,52.57,105.14,76.52,77.64
ABNAH Cafe Saket Premium,2026-03-29,BILL-OUT003-260329-0061,Dine In,Dine In,,,Dessert,Baked Goods,996331,MENU0100,Banana Walnut Tea Cake,205.0,2.0,410.0,Synthetic promotion,9.6,0,9.6,400.4,20.02,420.42,61.61,123.22,69.23,70.69
ABNAH Cafe Saket Premium,2026-03-29,BILL-OUT003-260329-0062,Dine In,Dine In,,,Dessert,Baked Goods,996331,MENU0101,Lemon Raspberry Tea Cake,218.65,1.0,218.65,,0.0,0,0.0,218.65,10.93,229.58,56.57,56.57,74.13,75.36
ABNAH Cafe Saket Premium,2026-03-29,BILL-OUT003-260329-0063,Dine In,Dine In,,,Dessert,Desserts,996331,MENU0102,Double Chocolate Truffle Cake,297.94,1.0,297.94,,0.0,0,0.0,297.94,14.9,312.84,63.07,63.07,78.83,79.84
ABNAH Cafe Saket Premium,2026-03-29,BILL-OUT003-260329-0064,Delivery/Takeaway,Online,,,Dessert,Desserts,996331,MENU0103,Banoffee Pie,289.03,1.0,289.03,,0.0,0,0.0,289.03,14.45,303.48,56.57,56.57,80.43,81.36
ABNAH Cafe Saket Premium,2026-03-29,BILL-OUT003-260329-0065,Delivery/Takeaway,Mall Walk-in,,,Dessert,Desserts,996331,MENU0104,Classic Chocolate Fudge Brownie,195.0,4.0,780.0,Synthetic promotion,26.77,0,26.77,753.23,37.66,790.89,51.02,204.08,72.91,74.2
ABNAH Cafe Saket Premium,2026-03-29,BILL-OUT003-260329-0066,Dine In,Dine In,,,Dessert,Desserts,996331,MENU0105,Soft-Centred Caramel Cookie,180.0,2.0,360.0,Synthetic promotion,0.35,0,0.35,359.65,17.98,377.63,46.02,92.04,74.41,75.63
ABNAH Cafe Saket Premium,2026-03-29,BILL-OUT003-260329-0067,Dine In,Dine In,,,Dessert,Desserts,996331,MENU0107,Jaggery Parmesan Cookie,170.0,1.0,170.0,Synthetic promotion,2.08,0,2.08,167.92,8.4,176.32,41.02,41.02,75.57,76.74
ABNAH Cafe Saket Premium,2026-03-29,BILL-OUT003-260329-0068,Delivery/Takeaway,Online,,,Dessert,Desserts,996331,MENU0108,Apple Pie,273.28,2.0,546.56,,0.0,0,0.0,546.56,27.33,573.89,56.57,113.14,79.3,80.29
ABNAH Cafe Saket Premium,2026-03-29,BILL-OUT003-260329-0069,Delivery/Takeaway,Mall Walk-in,,,Dessert,Desserts,996331,MENU0109,Basque Cheesecake,310.0,1.0,310.0,Synthetic promotion,2.79,0,2.79,307.21,15.36,322.57,82.57,82.57,73.12,74.4
ABNAH Cafe Saket Premium,2026-03-30,BILL-OUT003-260330-0001,Delivery/Takeaway,Mall Walk-in,Guest 4905,9000004905,Beverage,Coffee Classics,996331,MENU0003,Americano - Regular,185.0,1.0,185.0,Synthetic promotion,9.28,0,9.28,175.72,8.79,184.51,23.21,23.21,86.79,87.42
ABNAH Cafe Saket Premium,2026-03-30,BILL-OUT003-260330-0002,Delivery/Takeaway,Online,,,Beverage,Coffee Classics,996331,MENU0005,Americano - Large,235.0,2.0,470.0,Synthetic promotion,1.16,0,1.16,468.84,23.44,492.28,28.91,57.82,87.67,88.25
ABNAH Cafe Saket Premium,2026-03-30,BILL-OUT003-260330-0003,Delivery/Takeaway,Online,,,Beverage,Coffee Classics,996331,MENU0006,Latte - Regular,225.0,1.0,225.0,Synthetic promotion,3.29,0,3.29,221.71,11.09,232.8,36.17,36.17,83.69,84.46
ABNAH Cafe Saket Premium,2026-03-30,BILL-OUT003-260330-0004,Dine In,Dine In,,,Beverage,Coffee Classics,996331,MENU0007,Latte - Medium,250.0,2.0,500.0,Synthetic promotion,21.56,0,21.56,478.44,23.92,502.36,40.96,81.92,82.88,83.69
ABNAH Cafe Saket Premium,2026-03-30,BILL-OUT003-260330-0005,Delivery/Takeaway,Online,,,Beverage,Coffee Classics,996331,MENU0009,Cappuccino - Regular,225.0,2.0,450.0,Synthetic promotion,13.99,0,13.99,436.01,21.8,457.81,36.17,72.34,83.41,84.2
ABNAH Cafe Saket Premium,2026-03-30,BILL-OUT003-260330-0006,Delivery/Takeaway,Mall Walk-in,,,Beverage,Coffee Classics,996331,MENU0010,Cappuccino - Medium,250.0,3.0,750.0,Synthetic promotion,19.07,0,19.07,730.93,36.55,767.48,40.96,122.88,83.19,83.99
ABNAH Cafe Saket Premium,2026-03-30,BILL-OUT003-260330-0007,Delivery/Takeaway,Online,,,Beverage,Coffee Classics,996331,MENU0011,Cappuccino - Large,277.49,1.0,277.49,,0.0,0,0.0,277.49,13.87,291.36,45.76,45.76,83.51,84.29
ABNAH Cafe Saket Premium,2026-03-30,BILL-OUT003-260330-0008,Delivery/Takeaway,Online,Guest 2706,9000002706,Beverage,Coffee Classics,996331,MENU0013,Flat White - Medium,260.0,4.0,1040.0,,0.0,0,0.0,1040.0,52.0,1092.0,40.96,163.84,84.25,85.0
ABNAH Cafe Saket Premium,2026-03-30,BILL-OUT003-260330-0009,Delivery/Takeaway,Mall Walk-in,,,Beverage,Coffee Classics,996331,MENU0014,Flat White - Large,289.04,1.0,289.04,,0.0,0,0.0,289.04,14.45,303.49,45.76,45.76,84.17,84.92
ABNAH Cafe Saket Premium,2026-03-30,BILL-OUT003-260330-0010,Delivery/Takeaway,Online,Guest 1636,9000001636,Beverage,Coffee Classics,996331,MENU0016,Mocha - Medium,270.0,3.0,810.0,Synthetic promotion,21.29,0,21.29,788.71,39.44,828.15,48.42,145.26,81.58,82.46
ABNAH Cafe Saket Premium,2026-03-30,BILL-OUT003-260330-0011,Dine In,Dine In,,,Beverage,Coffee Classics,996331,MENU0017,Mocha - Large,295.0,2.0,590.0,Synthetic promotion,26.53,0,26.53,563.47,28.17,591.64,54.21,108.42,80.76,81.67
ABNAH Cafe Saket Premium,2026-03-30,BILL-OUT003-260330-0012,Delivery/Takeaway,Online,,,Beverage,Signature Coffee,996331,MENU0020,Sea Salt Mocha - Large,335.0,1.0,335.0,Synthetic promotion,1.88,0,1.88,333.12,16.66,349.78,54.21,54.21,83.73,84.5
ABNAH Cafe Saket Premium,2026-03-30,BILL-OUT003-260330-0013,Delivery/Takeaway,Online,,,Beverage,Signature Coffee,996331,MENU0022,Orange Zest Mocha - Medium,304.0,1.0,304.0,,0.0,0,0.0,304.0,15.2,319.2,48.42,48.42,84.07,84.83
ABNAH Cafe Saket Premium,2026-03-30,BILL-OUT003-260330-0014,Dine In,Dine In,,,Beverage,Signature Coffee,996331,MENU0023,Orange Zest Mocha - Large,334.92,2.0,669.84,,0.0,0,0.0,669.84,33.49,703.33,54.21,108.42,83.81,84.58
ABNAH Cafe Saket Premium,2026-03-30,BILL-OUT003-260330-0015,Delivery/Takeaway,Online,,,Beverage,Signature Coffee,996331,MENU0025,Caramel Macchiato - Medium,295.0,2.0,590.0,Synthetic promotion,32.54,0,32.54,557.46,27.87,585.33,48.13,96.26,82.73,83.55
ABNAH Cafe Saket Premium,2026-03-30,BILL-OUT003-260330-0016,Delivery/Takeaway,Mall Walk-in,,,Beverage,Signature Coffee,996331,MENU0027,French Vanilla Latte - Regular,265.0,3.0,795.0,Synthetic promotion,21.96,0,21.96,773.04,38.65,811.69,42.17,126.51,83.63,84.41
ABNAH Cafe Saket Premium,2026-03-30,BILL-OUT003-260330-0017,Dine In,Dine In,,,Beverage,Signature Coffee,996331,MENU0028,French Vanilla Latte - Medium,295.0,1.0,295.0,Synthetic promotion,4.13,0,4.13,290.87,14.54,305.41,47.85,47.85,83.55,84.33
ABNAH Cafe Saket Premium,2026-03-30,BILL-OUT003-260330-0018,Dine In,Dine In,,,Beverage,Signature Coffee,996331,MENU0029,French Vanilla Latte - Large,325.0,1.0,325.0,Synthetic promotion,16.06,0,16.06,308.94,15.45,324.39,53.56,53.56,82.66,83.49
ABNAH Cafe Saket Premium,2026-03-30,BILL-OUT003-260330-0019,Dine In,Dine In,,,Beverage,Signature Coffee,996331,MENU0031,Vegan Iced Latte - Medium,312.64,1.0,312.64,,0.0,0,0.0,312.64,15.63,328.27,66.95,66.95,78.59,79.61
ABNAH Cafe Saket Premium,2026-03-30,BILL-OUT003-260330-0020,Delivery/Takeaway,Online,,,Beverage,Signature Coffee,996331,MENU0032,Vegan Iced Latte - Large,335.0,2.0,670.0,Synthetic promotion,1.08,0,1.08,668.92,33.45,702.37,75.02,150.04,77.57,78.64
ABNAH Cafe Saket Premium,2026-03-30,BILL-OUT003-260330-0021,Delivery/Takeaway,Mall Walk-in,,,Beverage,Cold Brew,996331,MENU0033,Classic Cold Brew - Regular,225.0,1.0,225.0,Synthetic promotion,11.07,0,11.07,213.93,10.7,224.63,25.6,25.6,88.03,88.6
ABNAH Cafe Saket Premium,2026-03-30,BILL-OUT003-260330-0022,Delivery/Takeaway,Mall Walk-in,Guest 7192,9000007192,Beverage,Cold Brew,996331,MENU0034,Classic Cold Brew - Medium,250.0,2.0,500.0,Synthetic promotion,17.69,0,17.69,482.31,24.12,506.43,28.66,57.32,88.12,88.68
ABNAH Cafe Saket Premium,2026-03-30,BILL-OUT003-260330-0023,Delivery/Takeaway,Online,,,Beverage,Cold Brew,996331,MENU0041,Vietnamese Shakerato - Large,305.0,1.0,305.0,Synthetic promotion,14.99,0,14.99,290.01,14.5,304.51,31.73,31.73,89.06,89.58
ABNAH Cafe Saket Premium,2026-03-30,BILL-OUT003-260330-0024,Delivery/Takeaway,Mall Walk-in,,,Beverage,Cold Coffee,996331,MENU0043,Classic Cold Coffee - Medium,290.0,2.0,580.0,Synthetic promotion,6.4,0,6.4,573.6,28.68,602.28,43.56,87.12,84.81,85.53
ABNAH Cafe Saket Premium,2026-03-30,BILL-OUT003-260330-0025,Delivery/Takeaway,Online,,,Beverage,Cold Coffee,996331,MENU0044,Classic Cold Coffee - Large,325.0,1.0,325.0,Synthetic promotion,0.55,0,0.55,324.45,16.22,340.67,48.58,48.58,85.03,85.74
ABNAH Cafe Saket Premium,2026-03-30,BILL-OUT003-260330-0026,Delivery/Takeaway,Online,,,Beverage,Cold Coffee,996331,MENU0045,Mocha Cold Coffee - Regular,285.0,3.0,855.0,Synthetic promotion,28.63,0,28.63,826.37,41.32,867.69,45.06,135.18,83.64,84.42
ABNAH Cafe Saket Premium,2026-03-30,BILL-OUT003-260330-0027,Dine In,Dine In,,,Beverage,Cold Coffee,996331,MENU0048,Caramel Cold Coffee - Regular,285.0,1.0,285.0,Synthetic promotion,8.37,0,8.37,276.63,13.83,290.46,44.81,44.81,83.8,84.57
ABNAH Cafe Saket Premium,2026-03-30,BILL-OUT003-260330-0028,Delivery/Takeaway,Online,,,Beverage,Cold Coffee,996331,MENU0049,Caramel Cold Coffee - Medium,323.54,1.0,323.54,,0.0,0,0.0,323.54,16.18,339.72,50.74,50.74,84.32,85.06
ABNAH Cafe Saket Premium,2026-03-30,BILL-OUT003-260330-0029,Dine In,Dine In,,,Beverage,Tea,996331,MENU0052,Masala Chai Latte - Medium,220.0,1.0,220.0,Synthetic promotion,1.37,0,1.37,218.63,10.93,229.56,40.96,40.96,81.27,82.16
ABNAH Cafe Saket Premium,2026-03-30,BILL-OUT003-260330-0030,Delivery/Takeaway,Mall Walk-in,,,Beverage,Tea,996331,MENU0055,Japanese Matcha Latte - Regular,265.0,1.0,265.0,Synthetic promotion,10.92,0,10.92,254.08,12.7,266.78,36.17,36.17,85.76,86.44
ABNAH Cafe Saket Premium,2026-03-30,BILL-OUT003-260330-0031,Delivery/Takeaway,Mall Walk-in,,,Beverage,Tea,996331,MENU0056,Japanese Matcha Latte - Medium,295.0,1.0,295.0,Synthetic promotion,17.16,0,17.16,277.84,13.89,291.73,40.96,40.96,85.26,85.96
ABNAH Cafe Saket Premium,2026-03-30,BILL-OUT003-260330-0032,Dine In,Dine In,,,Beverage,Tea,996331,MENU0057,Japanese Matcha Latte - Large,325.0,1.0,325.0,Synthetic promotion,15.36,0,15.36,309.64,15.48,325.12,45.76,45.76,85.22,85.93
ABNAH Cafe Saket Premium,2026-03-30,BILL-OUT003-260330-0033,Delivery/Takeaway,Online,,,Beverage,Iced Tea,996331,MENU0060,Lemon Iced Tea - Large,255.0,1.0,255.0,Synthetic promotion,7.14,0,7.14,247.86,12.39,260.25,17.03,17.03,93.13,93.46
ABNAH Cafe Saket Premium,2026-03-30,BILL-OUT003-260330-0034,Dine In,Dine In,,,Beverage,Shake,996331,MENU0072,Mixed Berry Shake - Medium,350.0,1.0,350.0,Synthetic promotion,19.97,0,19.97,330.03,16.5,346.53,69.6,69.6,78.91,79.92
ABNAH Cafe Saket Premium,2026-03-30,BILL-OUT003-260330-0035,Dine In,Dine In,,,Food,Sandwiches,996331,MENU0080,Pesto Veg Sandwich,280.0,1.0,280.0,Synthetic promotion,0.81,0,0.81,279.19,13.96,293.15,91.86,91.86,67.1,68.66
ABNAH Cafe Saket Premium,2026-03-30,BILL-OUT003-260330-0036,Dine In,Dine In,,,Food,Sandwiches,996331,MENU0082,Tandoori Chicken Sandwich,320.0,1.0,320.0,Synthetic promotion,13.67,0,13.67,306.33,15.32,321.65,87.66,87.66,71.38,72.75
ABNAH Cafe Saket Premium,2026-03-30,BILL-OUT003-260330-0037,Dine In,Dine In,,,Food,Breakfast,996331,MENU0088,Scallion Pepper Cream Cheese Bagel,269.76,1.0,269.76,,0.0,0,0.0,269.76,13.49,283.25,54.49,54.49,79.8,80.76
ABNAH Cafe Saket Premium,2026-03-30,BILL-OUT003-260330-0038,Delivery/Takeaway,Mall Walk-in,,,Food,Breakfast,996331,MENU0089,Masala Egg Bun,228.42,3.0,685.26,,0.0,0,0.0,685.26,34.26,719.52,42.74,128.22,81.29,82.18
ABNAH Cafe Saket Premium,2026-03-30,BILL-OUT003-260330-0039,Delivery/Takeaway,Online,Guest 6921,9000006921,Food,Snacks,996331,MENU0093,Turnover with Brioche Dough Veg,236.77,1.0,236.77,,0.0,0,0.0,236.77,11.84,248.61,89.94,89.94,62.01,63.82
ABNAH Cafe Saket Premium,2026-03-30,BILL-OUT003-260330-0040,Delivery/Takeaway,Mall Walk-in,,,Food,Baked Goods,996331,MENU0096,Chocolate Croissant,239.15,1.0,239.15,,0.0,0,0.0,239.15,11.96,251.11,64.54,64.54,73.01,74.3
ABNAH Cafe Saket Premium,2026-03-30,BILL-OUT003-260330-0041,Dine In,Dine In,,,Food,Baked Goods,996331,MENU0097,Mushroom Cheese Croissant,255.0,1.0,255.0,Synthetic promotion,0.76,0,0.76,254.24,12.71,266.95,74.84,74.84,70.56,71.96
ABNAH Cafe Saket Premium,2026-03-30,BILL-OUT003-260330-0042,Delivery/Takeaway,Mall Walk-in,,,Dessert,Baked Goods,996331,MENU0101,Lemon Raspberry Tea Cake,215.0,1.0,215.0,Synthetic promotion,6.3,0,6.3,208.7,10.44,219.14,56.57,56.57,72.89,74.19
ABNAH Cafe Saket Premium,2026-03-30,BILL-OUT003-260330-0043,Delivery/Takeaway,Online,Guest 1201,9000001201,Dessert,Desserts,996331,MENU0105,Soft-Centred Caramel Cookie,181.93,1.0,181.93,,0.0,0,0.0,181.93,9.1,191.03,46.02,46.02,74.7,75.91
ABNAH Cafe Saket Premium,2026-03-30,BILL-OUT003-260330-0044,Delivery/Takeaway,Mall Walk-in,,,Dessert,Desserts,996331,MENU0108,Apple Pie,270.0,1.0,270.0,Synthetic promotion,3.85,0,3.85,266.15,13.31,279.46,56.57,56.57,78.75,79.76
ABNAH Cafe Saket Premium,2026-03-31,BILL-OUT003-260331-0001,Delivery/Takeaway,Mall Walk-in,,,Beverage,Coffee Classics,996331,MENU0005,Americano - Large,235.0,6.0,1410.0,Synthetic promotion,27.9,0,27.9,1382.1,69.11,1451.21,28.91,173.46,87.45,88.05
ABNAH Cafe Saket Premium,2026-03-31,BILL-OUT003-260331-0002,Delivery/Takeaway,Online,Guest 0388,9000000388,Beverage,Coffee Classics,996331,MENU0006,Latte - Regular,225.0,2.0,450.0,Synthetic promotion,9.79,0,9.79,440.21,22.01,462.22,36.17,72.34,83.57,84.35
ABNAH Cafe Saket Premium,2026-03-31,BILL-OUT003-260331-0003,Dine In,Dine In,,,Beverage,Coffee Classics,996331,MENU0008,Latte - Large,275.0,1.0,275.0,Synthetic promotion,11.32,0,11.32,263.68,13.18,276.86,45.76,45.76,82.65,83.47
ABNAH Cafe Saket Premium,2026-03-31,BILL-OUT003-260331-0004,Delivery/Takeaway,Online,,,Beverage,Coffee Classics,996331,MENU0009,Cappuccino - Regular,225.0,2.0,450.0,Synthetic promotion,7.33,0,7.33,442.67,22.13,464.8,36.17,72.34,83.66,84.44
ABNAH Cafe Saket Premium,2026-03-31,BILL-OUT003-260331-0005,Dine In,Dine In,,,Beverage,Coffee Classics,996331,MENU0010,Cappuccino - Medium,253.87,2.0,507.74,,0.0,0,0.0,507.74,25.39,533.13,40.96,81.92,83.87,84.63
ABNAH Cafe Saket Premium,2026-03-31,BILL-OUT003-260331-0006,Delivery/Takeaway,Online,,,Beverage,Coffee Classics,996331,MENU0013,Flat White - Medium,260.0,3.0,780.0,Synthetic promotion,24.65,0,24.65,755.35,37.77,793.12,40.96,122.88,83.73,84.51
ABNAH Cafe Saket Premium,2026-03-31,BILL-OUT003-260331-0007,Delivery/Takeaway,Mall Walk-in,,,Beverage,Coffee Classics,996331,MENU0017,Mocha - Large,295.0,1.0,295.0,Synthetic promotion,16.09,0,16.09,278.91,13.95,292.86,54.21,54.21,80.56,81.49
ABNAH Cafe Saket Premium,2026-03-31,BILL-OUT003-260331-0008,Dine In,Dine In,,,Beverage,Signature Coffee,996331,MENU0019,Sea Salt Mocha - Medium,305.0,1.0,305.0,Synthetic promotion,14.05,0,14.05,290.95,14.55,305.5,48.42,48.42,83.36,84.15
ABNAH Cafe Saket Premium,2026-03-31,BILL-OUT003-260331-0009,Delivery/Takeaway,Mall Walk-in,,,Beverage,Signature Coffee,996331,MENU0020,Sea Salt Mocha - Large,338.13,1.0,338.13,,0.0,0,0.0,338.13,16.91,355.04,54.21,54.21,83.97,84.73
ABNAH Cafe Saket Premium,2026-03-31,BILL-OUT003-260331-0010,Delivery/Takeaway,Online,,,Beverage,Signature Coffee,996331,MENU0022,Orange Zest Mocha - Medium,301.83,1.0,301.83,,0.0,0,0.0,301.83,15.09,316.92,48.42,48.42,83.96,84.72
ABNAH Cafe Saket Premium,2026-03-31,BILL-OUT003-260331-0011,Delivery/Takeaway,Mall Walk-in,,,Beverage,Signature Coffee,996331,MENU0024,Caramel Macchiato - Regular,265.0,1.0,265.0,Synthetic promotion,7.7,0,7.7,257.3,12.87,270.17,42.42,42.42,83.51,84.3
ABNAH Cafe Saket Premium,2026-03-31,BILL-OUT003-260331-0012,Dine In,Dine In,,,Beverage,Signature Coffee,996331,MENU0027,French Vanilla Latte - Regular,265.0,1.0,265.0,Synthetic promotion,1.92,0,1.92,263.08,13.15,276.23,42.17,42.17,83.97,84.73
ABNAH Cafe Saket Premium,2026-03-31,BILL-OUT003-260331-0013,Dine In,Dine In,,,Beverage,Signature Coffee,996331,MENU0029,French Vanilla Latte - Large,325.0,1.0,325.0,Synthetic promotion,5.28,0,5.28,319.72,15.99,335.71,53.56,53.56,83.25,84.05
ABNAH Cafe Saket Premium,2026-03-31,BILL-OUT003-260331-0014,Delivery/Takeaway,Mall Walk-in,,,Beverage,Signature Coffee,996331,MENU0030,Vegan Iced Latte - Regular,285.0,1.0,285.0,Synthetic promotion,15.84,0,15.84,269.16,13.46,282.62,58.9,58.9,78.12,79.16
ABNAH Cafe Saket Premium,2026-03-31,BILL-OUT003-260331-0015,Delivery/Takeaway,Online,,,Beverage,Signature Coffee,996331,MENU0031,Vegan Iced Latte - Medium,310.0,4.0,1240.0,Synthetic promotion,18.44,0,18.44,1221.56,61.08,1282.64,66.95,267.8,78.08,79.12
ABNAH Cafe Saket Premium,2026-03-31,BILL-OUT003-260331-0016,Dine In,Dine In,,,Beverage,Cold Brew,996331,MENU0033,Classic Cold Brew - Regular,225.0,1.0,225.0,Synthetic promotion,13.11,0,13.11,211.89,10.59,222.48,25.6,25.6,87.92,88.49
ABNAH Cafe Saket Premium,2026-03-31,BILL-OUT003-260331-0017,Dine In,Dine In,,,Beverage,Cold Brew,996331,MENU0035,Classic Cold Brew - Large,275.0,1.0,275.0,Synthetic promotion,2.1,0,2.1,272.9,13.64,286.54,31.73,31.73,88.37,88.93
ABNAH Cafe Saket Premium,2026-03-31,BILL-OUT003-260331-0018,Delivery/Takeaway,Mall Walk-in,,,Beverage,Cold Brew,996331,MENU0036,Coffee Lemonade - Regular,235.0,1.0,235.0,Synthetic promotion,0.25,0,0.25,234.75,11.74,246.49,29.45,29.45,87.45,88.05
ABNAH Cafe Saket Premium,2026-03-31,BILL-OUT003-260331-0019,Delivery/Takeaway,Mall Walk-in,,,Beverage,Cold Brew,996331,MENU0037,Coffee Lemonade - Medium,260.0,3.0,780.0,Synthetic promotion,44.97,0,44.97,735.03,36.75,771.78,33.09,99.27,86.49,87.14
ABNAH Cafe Saket Premium,2026-03-31,BILL-OUT003-260331-0020,Delivery/Takeaway,Online,Guest 3933,9000003933,Beverage,Cold Brew,996331,MENU0039,Vietnamese Shakerato - Regular,255.0,1.0,255.0,Synthetic promotion,1.16,0,1.16,253.84,12.69,266.53,25.6,25.6,89.91,90.4
ABNAH Cafe Saket Premium,2026-03-31,BILL-OUT003-260331-0021,Dine In,Dine In,,,Beverage,Cold Brew,996331,MENU0040,Vietnamese Shakerato - Medium,280.0,1.0,280.0,Synthetic promotion,5.21,0,5.21,274.79,13.74,288.53,28.66,28.66,89.57,90.07
ABNAH Cafe Saket Premium,2026-03-31,BILL-OUT003-260331-0022,Dine In,Dine In,,,Beverage,Cold Coffee,996331,MENU0042,Classic Cold Coffee - Regular,258.06,3.0,774.18,Synthetic promotion,0.01,0,0.01,774.17,38.71,812.88,38.56,115.68,85.06,85.77
ABNAH Cafe Saket Premium,2026-03-31,BILL-OUT003-260331-0023,Delivery/Takeaway,Online,,,Beverage,Cold Coffee,996331,MENU0043,Classic Cold Coffee - Medium,290.0,4.0,1160.0,Synthetic promotion,23.63,0,23.63,1136.37,56.82,1193.19,43.56,174.24,84.67,85.4
ABNAH Cafe Saket Premium,2026-03-31,BILL-OUT003-260331-0024,Delivery/Takeaway,Online,,,Beverage,Cold Coffee,996331,MENU0044,Classic Cold Coffee - Large,325.0,1.0,325.0,Synthetic promotion,10.23,0,10.23,314.77,15.74,330.51,48.58,48.58,84.57,85.3
ABNAH Cafe Saket Premium,2026-03-31,BILL-OUT003-260331-0025,Delivery/Takeaway,Online,,,Beverage,Cold Coffee,996331,MENU0045,Mocha Cold Coffee - Regular,285.0,1.0,285.0,Synthetic promotion,6.16,0,6.16,278.84,13.94,292.78,45.06,45.06,83.84,84.61
ABNAH Cafe Saket Premium,2026-03-31,BILL-OUT003-260331-0026,Delivery/Takeaway,Mall Walk-in,,,Beverage,Cold Coffee,996331,MENU0050,Caramel Cold Coffee - Large,355.0,1.0,355.0,Synthetic promotion,7.15,0,7.15,347.85,17.39,365.24,56.7,56.7,83.7,84.48
ABNAH Cafe Saket Premium,2026-03-31,BILL-OUT003-260331-0027,Delivery/Takeaway,Online,,,Beverage,Tea,996331,MENU0051,Masala Chai Latte - Regular,195.0,2.0,390.0,Synthetic promotion,8.22,0,8.22,381.78,19.09,400.87,36.17,72.34,81.05,81.95
ABNAH Cafe Saket Premium,2026-03-31,BILL-OUT003-260331-0028,Delivery/Takeaway,Online,,,Beverage,Tea,996331,MENU0054,Himalayan Green Tea,210.0,1.0,210.0,Synthetic promotion,9.46,0,9.46,200.54,10.03,210.57,8.67,8.67,95.68,95.88
ABNAH Cafe Saket Premium,2026-03-31,BILL-OUT003-260331-0029,Delivery/Takeaway,Online,,,Beverage,Tea,996331,MENU0055,Japanese Matcha Latte - Regular,265.0,1.0,265.0,Synthetic promotion,11.65,0,11.65,253.35,12.67,266.02,36.17,36.17,85.72,86.4
ABNAH Cafe Saket Premium,2026-03-31,BILL-OUT003-260331-0030,Delivery/Takeaway,Online,,,Beverage,Kids Beverage,996331,MENU0064,Hot Chocolate - Regular,220.0,1.0,220.0,Synthetic promotion,10.15,0,10.15,209.85,10.49,220.34,35.57,35.57,83.05,83.86
ABNAH Cafe Saket Premium,2026-03-31,BILL-OUT003-260331-0031,Delivery/Takeaway,Mall Walk-in,Guest 8276,9000008276,Beverage,Kids Beverage,996331,MENU0066,Hot Chocolate - Large,270.0,1.0,270.0,Synthetic promotion,9.42,0,9.42,260.58,13.03,273.61,44.98,44.98,82.74,83.56
ABNAH Cafe Saket Premium,2026-03-31,BILL-OUT003-260331-0032,Dine In,Dine In,,,Beverage,Shake,996331,MENU0068,Choco Chip Shake - Regular,295.0,1.0,295.0,Synthetic promotion,5.66,0,5.66,289.34,14.47,303.81,34.11,34.11,88.21,88.77
ABNAH Cafe Saket Premium,2026-03-31,BILL-OUT003-260331-0033,Dine In,Dine In,,,Beverage,Shake,996331,MENU0070,Choco Chip Shake - Large,365.0,2.0,730.0,Synthetic promotion,18.33,0,18.33,711.67,35.58,747.25,42.79,85.58,87.97,88.55
ABNAH Cafe Saket Premium,2026-03-31,BILL-OUT003-260331-0034,Delivery/Takeaway,Online,,,Beverage,Shake,996331,MENU0071,Mixed Berry Shake - Regular,315.0,2.0,630.0,Synthetic promotion,1.15,0,1.15,628.85,31.44,660.29,61.21,122.42,80.53,81.46
ABNAH Cafe Saket Premium,2026-03-31,BILL-OUT003-260331-0035,Delivery/Takeaway,Mall Walk-in,,,Beverage,Shake,996331,MENU0072,Mixed Berry Shake - Medium,350.0,1.0,350.0,Synthetic promotion,7.65,0,7.65,342.35,17.12,359.47,69.6,69.6,79.67,80.64
ABNAH Cafe Saket Premium,2026-03-31,BILL-OUT003-260331-0036,Delivery/Takeaway,Mall Walk-in,Guest 5270,9000005270,Beverage,Smoothie,996331,MENU0074,Seasonal Smoothie - Regular,305.0,1.0,305.0,Synthetic promotion,4.14,0,4.14,300.86,15.04,315.9,33.37,33.37,88.91,89.44
ABNAH Cafe Saket Premium,2026-03-31,BILL-OUT003-260331-0037,Delivery/Takeaway,Mall Walk-in,,,Beverage,Smoothie,996331,MENU0075,Seasonal Smoothie - Medium,340.0,1.0,340.0,Synthetic promotion,8.3,0,8.3,331.7,16.59,348.29,37.59,37.59,88.67,89.21
ABNAH Cafe Saket Premium,2026-03-31,BILL-OUT003-260331-0038,Delivery/Takeaway,Online,Guest 2806,9000002806,Food,Sandwiches,996331,MENU0079,Smoked Chipotle Paneer Sandwich,295.0,1.0,295.0,Synthetic promotion,6.97,0,6.97,288.03,14.4,302.43,90.66,90.66,68.52,70.02
ABNAH Cafe Saket Premium,2026-03-31,BILL-OUT003-260331-0039,Dine In,Dine In,,,Food,Toasts,996331,MENU0083,Chilli Cheese Garlic Toast,235.0,1.0,235.0,Synthetic promotion,4.08,0,4.08,230.92,11.55,242.47,42.14,42.14,81.75,82.62
ABNAH Cafe Saket Premium,2026-03-31,BILL-OUT003-260331-0040,Delivery/Takeaway,Mall Walk-in,,,Food,Toasts,996331,MENU0084,Chicken Pepperoni Avocado Toast,333.4,2.0,666.8,,0.0,0,0.0,666.8,33.34,700.14,68.54,137.08,79.44,80.42
ABNAH Cafe Saket Premium,2026-03-31,BILL-OUT003-260331-0041,Delivery/Takeaway,Online,Guest 3715,9000003715,Food,Breakfast,996331,MENU0086,Breakfast Pancakes,285.0,3.0,855.0,Synthetic promotion,14.47,0,14.47,840.53,42.03,882.56,66.89,200.67,76.13,77.26
ABNAH Cafe Saket Premium,2026-03-31,BILL-OUT003-260331-0042,Delivery/Takeaway,Mall Walk-in,,,Food,Breakfast,996331,MENU0087,Cream Cheese Bagel,250.0,1.0,250.0,Synthetic promotion,9.32,0,9.32,240.68,12.03,252.71,54.49,54.49,77.36,78.44
ABNAH Cafe Saket Premium,2026-03-31,BILL-OUT003-260331-0043,Delivery/Takeaway,Online,,,Food,Breakfast,996331,MENU0089,Masala Egg Bun,225.0,1.0,225.0,Synthetic promotion,12.29,0,12.29,212.71,10.64,223.35,42.74,42.74,79.91,80.86
ABNAH Cafe Saket Premium,2026-03-31,BILL-OUT003-260331-0044,Delivery/Takeaway,Mall Walk-in,Guest 2588,9000002588,Food,Baked Goods,996331,MENU0094,Butter Croissant,195.0,1.0,195.0,Synthetic promotion,10.8,0,10.8,184.2,9.21,193.41,58.04,58.04,68.49,69.99
ABNAH Cafe Saket Premium,2026-03-31,BILL-OUT003-260331-0045,Delivery/Takeaway,Online,,,Food,Baked Goods,996331,MENU0095,Almond Croissant,246.61,1.0,246.61,,0.0,0,0.0,246.61,12.33,258.94,58.04,58.04,76.46,77.59
ABNAH Cafe Saket Premium,2026-03-31,BILL-OUT003-260331-0046,Dine In,Dine In,,,Dessert,Desserts,996331,MENU0105,Soft-Centred Caramel Cookie,180.0,1.0,180.0,Synthetic promotion,3.74,0,3.74,176.26,8.81,185.07,46.02,46.02,73.89,75.13
ABNAH Cafe Saket Premium,2026-03-31,BILL-OUT003-260331-0047,Delivery/Takeaway,Online,,,Dessert,Desserts,996331,MENU0106,Death by Chocolate Cookie,190.0,1.0,190.0,Synthetic promotion,9.09,0,9.09,180.91,9.05,189.96,47.52,47.52,73.73,74.98
ABNAH Cafe Saket Premium,2026-03-31,BILL-OUT003-260331-0048,Delivery/Takeaway,Mall Walk-in,,,Dessert,Desserts,996331,MENU0107,Jaggery Parmesan Cookie,170.0,1.0,170.0,Synthetic promotion,9.67,0,9.67,160.33,8.02,168.35,41.02,41.02,74.42,75.63
ABNAH Cafe Saket Premium,2026-03-31,BILL-OUT003-260331-0049,Dine In,Dine In,,,Dessert,Desserts,996331,MENU0109,Basque Cheesecake,315.94,3.0,947.82,,0.0,0,0.0,947.83,47.39,995.22,82.57,247.71,73.87,75.11
ABNAH Cafe Saket Premium,2026-03-31,BILL-OUT003-260331-0050,Dine In,Dine In,,,Dessert,Baked Goods,996331,MENU0110,Multigrain Walnut Tea Cake,225.0,1.0,225.0,Synthetic promotion,7.39,0,7.39,217.61,10.88,228.49,56.57,56.57,74.0,75.24
