id,source,target,type,label,status,confidence,rationale
edge:contains:page-p1-main:section-p1-main-01-sales-analysis,page:p1_main,section:p1_main:01_sales_analysis,contains,contains section,current,1.0,
edge:contains:page-p1-main:section-p1-main-02-settlements,page:p1_main,section:p1_main:02_settlements,contains,contains section,current,1.0,
edge:contains:page-p1-main:section-p1-main-03-discounts-offers,page:p1_main,section:p1_main:03_discounts_offers,contains,contains section,current,1.0,
edge:contains:page-p1-main:section-p1-main-04-tax-analysis,page:p1_main,section:p1_main:04_tax_analysis,contains,contains section,current,1.0,
edge:contains:page-p1-main:section-p1-main-05-performance,page:p1_main,section:p1_main:05_performance,contains,contains section,current,1.0,
edge:contains:page-p1-main:section-p1-main-06-misc,page:p1_main,section:p1_main:06_misc,contains,contains section,current,1.0,
edge:contains:page-p2-reports:section-p2-reports-01-analytics,page:p2_reports,section:p2_reports:01_analytics,contains,contains section,current,1.0,
edge:contains:page-p2-reports:section-p2-reports-02-attendance,page:p2_reports,section:p2_reports:02_attendance,contains,contains section,current,1.0,
edge:contains:page-p2-reports:section-p2-reports-03-audit,page:p2_reports,section:p2_reports:03_audit,contains,contains section,current,1.0,
edge:contains:page-p2-reports:section-p2-reports-04-category-item,page:p2_reports,section:p2_reports:04_category_item,contains,contains section,current,1.0,
edge:contains:page-p2-reports:section-p2-reports-05-crm,page:p2_reports,section:p2_reports:05_crm,contains,contains section,current,1.0,
edge:contains:page-p2-reports:section-p2-reports-06-prepaid-card,page:p2_reports,section:p2_reports:06_prepaid_card,contains,contains section,current,1.0,
edge:contains:page-p2-reports:section-p2-reports-07-sales,page:p2_reports,section:p2_reports:07_sales,contains,contains section,current,1.0,
edge:contains:page-p2-reports:section-p2-reports-08-gst,page:p2_reports,section:p2_reports:08_gst,contains,contains section,current,1.0,
edge:contains:page-p2-reports:section-p2-reports-09-staff-perf,page:p2_reports,section:p2_reports:09_staff_perf,contains,contains section,current,1.0,
edge:contains:page-p2-reports:section-p2-reports-10-cash-mgmt,page:p2_reports,section:p2_reports:10_cash_mgmt,contains,contains section,current,1.0,
edge:contains:page-p2-reports:section-p2-reports-11-banquet,page:p2_reports,section:p2_reports:11_banquet,contains,contains section,current,1.0,
edge:contains:page-p2-reports:section-p2-reports-12-bir,page:p2_reports,section:p2_reports:12_bir,contains,contains section,current,1.0,
edge:contains:page-p4-stock-admin:section-p4-stock-admin-01-enterprise-reports,page:p4_stock_admin,section:p4_stock_admin:01_enterprise_reports,contains,contains section,current,1.0,
edge:contains:page-p4-stock-admin:section-p4-stock-admin-02-transactional-reports,page:p4_stock_admin,section:p4_stock_admin:02_transactional_reports,contains,contains section,current,1.0,
edge:contains:page-p4-stock-admin:section-p4-stock-admin-03-po-so-reports,page:p4_stock_admin,section:p4_stock_admin:03_po_so_reports,contains,contains section,current,1.0,
edge:contains:page-p4-stock-admin:section-p4-stock-admin-04-indent-reports,page:p4_stock_admin,section:p4_stock_admin:04_indent_reports,contains,contains section,current,1.0,
edge:contains:page-p4-stock-admin:section-p4-stock-admin-05-aggregation-reports,page:p4_stock_admin,section:p4_stock_admin:05_aggregation_reports,contains,contains section,current,1.0,
edge:contains:page-p4-stock-admin:section-p4-stock-admin-06-analytical-reports,page:p4_stock_admin,section:p4_stock_admin:06_analytical_reports,contains,contains section,current,1.0,
edge:contains:page-p4-stock-admin:section-p4-stock-admin-07-other-reports,page:p4_stock_admin,section:p4_stock_admin:07_other_reports,contains,contains section,current,1.0,
edge:contains:page-p4-stock-admin:section-p4-stock-admin-08-summary,page:p4_stock_admin,section:p4_stock_admin:08_summary,contains,contains section,current,1.0,
edge:contains:page-p4-stock-admin:section-p4-stock-admin-09-bill-passing,page:p4_stock_admin,section:p4_stock_admin:09_bill_passing,contains,contains section,current,1.0,
edge:contains:page-p4-stock-admin:section-p4-stock-admin-10-catering,page:p4_stock_admin,section:p4_stock_admin:10_catering,contains,contains section,current,1.0,
edge:contains:section-p1-main-01-sales-analysis:report-p1-main-01-sales-analysis-01-outlet-sales,section:p1_main:01_sales_analysis,report:p1_main:01_sales_analysis:01_outlet_sales,contains,contains report,current,1.0,
edge:classifies:domain-sales-revenue:report-p1-main-01-sales-analysis-01-outlet-sales,domain:sales_revenue,report:p1_main:01_sales_analysis:01_outlet_sales,classifies,analytical domain,current,1.0,
edge:contains:section-p1-main-01-sales-analysis:report-p1-main-01-sales-analysis-02-brand-order-type-sales,section:p1_main:01_sales_analysis,report:p1_main:01_sales_analysis:02_brand_order_type_sales,contains,contains report,current,1.0,
edge:classifies:domain-sales-revenue:report-p1-main-01-sales-analysis-02-brand-order-type-sales,domain:sales_revenue,report:p1_main:01_sales_analysis:02_brand_order_type_sales,classifies,analytical domain,current,1.0,
edge:contains:section-p1-main-01-sales-analysis:report-p1-main-01-sales-analysis-03-hourly-sales-analysis,section:p1_main:01_sales_analysis,report:p1_main:01_sales_analysis:03_hourly_sales_analysis,contains,contains report,current,1.0,
edge:classifies:domain-sales-revenue:report-p1-main-01-sales-analysis-03-hourly-sales-analysis,domain:sales_revenue,report:p1_main:01_sales_analysis:03_hourly_sales_analysis,classifies,analytical domain,current,1.0,
edge:contains:section-p1-main-01-sales-analysis:report-p1-main-01-sales-analysis-04-hourly-item-sales-analysis,section:p1_main:01_sales_analysis,report:p1_main:01_sales_analysis:04_hourly_item_sales_analysis,contains,contains report,current,1.0,
edge:classifies:domain-sales-revenue:report-p1-main-01-sales-analysis-04-hourly-item-sales-analysis,domain:sales_revenue,report:p1_main:01_sales_analysis:04_hourly_item_sales_analysis,classifies,analytical domain,current,1.0,
edge:contains:section-p1-main-01-sales-analysis:report-p1-main-01-sales-analysis-05-daily-item-sales-analysis,section:p1_main:01_sales_analysis,report:p1_main:01_sales_analysis:05_daily_item_sales_analysis,contains,contains report,current,1.0,
edge:classifies:domain-sales-revenue:report-p1-main-01-sales-analysis-05-daily-item-sales-analysis,domain:sales_revenue,report:p1_main:01_sales_analysis:05_daily_item_sales_analysis,classifies,analytical domain,current,1.0,
edge:contains:section-p1-main-01-sales-analysis:report-p1-main-01-sales-analysis-06-consolidated-hourly-sales,section:p1_main:01_sales_analysis,report:p1_main:01_sales_analysis:06_consolidated_hourly_sales,contains,contains report,current,1.0,
edge:classifies:domain-sales-revenue:report-p1-main-01-sales-analysis-06-consolidated-hourly-sales,domain:sales_revenue,report:p1_main:01_sales_analysis:06_consolidated_hourly_sales,classifies,analytical domain,current,1.0,
edge:contains:section-p1-main-01-sales-analysis:report-p1-main-01-sales-analysis-07-consolidated-hourly-sales-tabwise,section:p1_main:01_sales_analysis,report:p1_main:01_sales_analysis:07_consolidated_hourly_sales_tabwise,contains,contains report,current,1.0,
edge:classifies:domain-sales-revenue:report-p1-main-01-sales-analysis-07-consolidated-hourly-sales-tabwise,domain:sales_revenue,report:p1_main:01_sales_analysis:07_consolidated_hourly_sales_tabwise,classifies,analytical domain,current,1.0,
edge:contains:section-p1-main-01-sales-analysis:report-p1-main-01-sales-analysis-08-daily-sales,section:p1_main:01_sales_analysis,report:p1_main:01_sales_analysis:08_daily_sales,contains,contains report,current,1.0,
edge:classifies:domain-sales-revenue:report-p1-main-01-sales-analysis-08-daily-sales,domain:sales_revenue,report:p1_main:01_sales_analysis:08_daily_sales,classifies,analytical domain,current,1.0,
edge:contains:section-p1-main-01-sales-analysis:report-p1-main-01-sales-analysis-09-daily-sales-analysis,section:p1_main:01_sales_analysis,report:p1_main:01_sales_analysis:09_daily_sales_analysis,contains,contains report,current,1.0,
edge:classifies:domain-sales-revenue:report-p1-main-01-sales-analysis-09-daily-sales-analysis,domain:sales_revenue,report:p1_main:01_sales_analysis:09_daily_sales_analysis,classifies,analytical domain,current,1.0,
edge:contains:section-p1-main-01-sales-analysis:report-p1-main-01-sales-analysis-10-daily-sales-tabwise,section:p1_main:01_sales_analysis,report:p1_main:01_sales_analysis:10_daily_sales_tabwise,contains,contains report,current,1.0,
edge:classifies:domain-sales-revenue:report-p1-main-01-sales-analysis-10-daily-sales-tabwise,domain:sales_revenue,report:p1_main:01_sales_analysis:10_daily_sales_tabwise,classifies,analytical domain,current,1.0,
edge:contains:section-p1-main-01-sales-analysis:report-p1-main-01-sales-analysis-11-daily-sales-sourcewise,section:p1_main:01_sales_analysis,report:p1_main:01_sales_analysis:11_daily_sales_sourcewise,contains,contains report,current,1.0,
edge:classifies:domain-sales-revenue:report-p1-main-01-sales-analysis-11-daily-sales-sourcewise,domain:sales_revenue,report:p1_main:01_sales_analysis:11_daily_sales_sourcewise,classifies,analytical domain,current,1.0,
edge:contains:section-p1-main-01-sales-analysis:report-p1-main-01-sales-analysis-12-daily-sales-with-categories,section:p1_main:01_sales_analysis,report:p1_main:01_sales_analysis:12_daily_sales_with_categories,contains,contains report,current,1.0,
edge:classifies:domain-sales-revenue:report-p1-main-01-sales-analysis-12-daily-sales-with-categories,domain:sales_revenue,report:p1_main:01_sales_analysis:12_daily_sales_with_categories,classifies,analytical domain,current,1.0,
edge:contains:section-p1-main-01-sales-analysis:report-p1-main-01-sales-analysis-13-item-hourly-sales-by-tab,section:p1_main:01_sales_analysis,report:p1_main:01_sales_analysis:13_item_hourly_sales_by_tab,contains,contains report,current,1.0,
edge:classifies:domain-sales-revenue:report-p1-main-01-sales-analysis-13-item-hourly-sales-by-tab,domain:sales_revenue,report:p1_main:01_sales_analysis:13_item_hourly_sales_by_tab,classifies,analytical domain,current,1.0,
edge:contains:section-p1-main-01-sales-analysis:report-p1-main-01-sales-analysis-14-hourly-sales-by-source,section:p1_main:01_sales_analysis,report:p1_main:01_sales_analysis:14_hourly_sales_by_source,contains,contains report,current,1.0,
edge:classifies:domain-sales-revenue:report-p1-main-01-sales-analysis-14-hourly-sales-by-source,domain:sales_revenue,report:p1_main:01_sales_analysis:14_hourly_sales_by_source,classifies,analytical domain,current,1.0,
edge:contains:section-p1-main-01-sales-analysis:report-p1-main-01-sales-analysis-15-day-part-sales,section:p1_main:01_sales_analysis,report:p1_main:01_sales_analysis:15_day_part_sales,contains,contains report,current,1.0,
edge:classifies:domain-sales-revenue:report-p1-main-01-sales-analysis-15-day-part-sales,domain:sales_revenue,report:p1_main:01_sales_analysis:15_day_part_sales,classifies,analytical domain,current,1.0,
edge:contains:section-p1-main-01-sales-analysis:report-p1-main-01-sales-analysis-16-day-part-product-sales,section:p1_main:01_sales_analysis,report:p1_main:01_sales_analysis:16_day_part_product_sales,contains,contains report,current,1.0,
edge:classifies:domain-sales-revenue:report-p1-main-01-sales-analysis-16-day-part-product-sales,domain:sales_revenue,report:p1_main:01_sales_analysis:16_day_part_product_sales,classifies,analytical domain,current,1.0,
edge:contains:section-p1-main-01-sales-analysis:report-p1-main-01-sales-analysis-17-day-part-product-detailed,section:p1_main:01_sales_analysis,report:p1_main:01_sales_analysis:17_day_part_product_detailed,contains,contains report,current,1.0,
edge:classifies:domain-sales-revenue:report-p1-main-01-sales-analysis-17-day-part-product-detailed,domain:sales_revenue,report:p1_main:01_sales_analysis:17_day_part_product_detailed,classifies,analytical domain,current,1.0,
edge:contains:section-p1-main-01-sales-analysis:report-p1-main-01-sales-analysis-18-brand-sales,section:p1_main:01_sales_analysis,report:p1_main:01_sales_analysis:18_brand_sales,contains,contains report,current,1.0,
edge:classifies:domain-sales-revenue:report-p1-main-01-sales-analysis-18-brand-sales,domain:sales_revenue,report:p1_main:01_sales_analysis:18_brand_sales,classifies,analytical domain,current,1.0,
edge:contains:section-p1-main-01-sales-analysis:report-p1-main-01-sales-analysis-19-sales-contribution,section:p1_main:01_sales_analysis,report:p1_main:01_sales_analysis:19_sales_contribution,contains,contains report,current,1.0,
edge:classifies:domain-sales-revenue:report-p1-main-01-sales-analysis-19-sales-contribution,domain:sales_revenue,report:p1_main:01_sales_analysis:19_sales_contribution,classifies,analytical domain,current,1.0,
edge:contains:section-p1-main-01-sales-analysis:report-p1-main-01-sales-analysis-20-billwise-section-sales-analysis,section:p1_main:01_sales_analysis,report:p1_main:01_sales_analysis:20_billwise_section_sales_analysis,contains,contains report,current,1.0,
edge:classifies:domain-sales-revenue:report-p1-main-01-sales-analysis-20-billwise-section-sales-analysis,domain:sales_revenue,report:p1_main:01_sales_analysis:20_billwise_section_sales_analysis,classifies,analytical domain,current,1.0,
edge:contains:section-p1-main-01-sales-analysis:report-p1-main-01-sales-analysis-21-section-sales-analysis,section:p1_main:01_sales_analysis,report:p1_main:01_sales_analysis:21_section_sales_analysis,contains,contains report,current,1.0,
edge:classifies:domain-sales-revenue:report-p1-main-01-sales-analysis-21-section-sales-analysis,domain:sales_revenue,report:p1_main:01_sales_analysis:21_section_sales_analysis,classifies,analytical domain,current,1.0,
edge:contains:section-p1-main-01-sales-analysis:report-p1-main-01-sales-analysis-22-source-analysis-summary,section:p1_main:01_sales_analysis,report:p1_main:01_sales_analysis:22_source_analysis_summary,contains,contains report,current,1.0,
edge:classifies:domain-sales-revenue:report-p1-main-01-sales-analysis-22-source-analysis-summary,domain:sales_revenue,report:p1_main:01_sales_analysis:22_source_analysis_summary,classifies,analytical domain,current,1.0,
edge:contains:section-p1-main-01-sales-analysis:report-p1-main-01-sales-analysis-23-source-wise-tab-wise-item-analysis,section:p1_main:01_sales_analysis,report:p1_main:01_sales_analysis:23_source_wise_tab_wise_item_analysis,contains,contains report,current,1.0,
edge:classifies:domain-sales-revenue:report-p1-main-01-sales-analysis-23-source-wise-tab-wise-item-analysis,domain:sales_revenue,report:p1_main:01_sales_analysis:23_source_wise_tab_wise_item_analysis,classifies,analytical domain,current,1.0,
edge:contains:section-p1-main-02-settlements:report-p1-main-02-settlements-01-settlement-analysis,section:p1_main:02_settlements,report:p1_main:02_settlements:01_settlement_analysis,contains,contains report,current,1.0,
edge:classifies:domain-sales-revenue:report-p1-main-02-settlements-01-settlement-analysis,domain:sales_revenue,report:p1_main:02_settlements:01_settlement_analysis,classifies,analytical domain,current,1.0,
edge:contains:section-p1-main-02-settlements:report-p1-main-02-settlements-02-settlement-analysis-consolidated,section:p1_main:02_settlements,report:p1_main:02_settlements:02_settlement_analysis_consolidated,contains,contains report,current,1.0,
edge:classifies:domain-sales-revenue:report-p1-main-02-settlements-02-settlement-analysis-consolidated,domain:sales_revenue,report:p1_main:02_settlements:02_settlement_analysis_consolidated,classifies,analytical domain,current,1.0,
edge:contains:section-p1-main-02-settlements:report-p1-main-02-settlements-03-daily-payments-breakup,section:p1_main:02_settlements,report:p1_main:02_settlements:03_daily_payments_breakup,contains,contains report,current,1.0,
edge:classifies:domain-sales-revenue:report-p1-main-02-settlements-03-daily-payments-breakup,domain:sales_revenue,report:p1_main:02_settlements:03_daily_payments_breakup,classifies,analytical domain,current,1.0,
edge:contains:section-p1-main-02-settlements:report-p1-main-02-settlements-04-daily-payments-breakup-consolidate,section:p1_main:02_settlements,report:p1_main:02_settlements:04_daily_payments_breakup_consolidate,contains,contains report,current,1.0,
edge:classifies:domain-sales-revenue:report-p1-main-02-settlements-04-daily-payments-breakup-consolidate,domain:sales_revenue,report:p1_main:02_settlements:04_daily_payments_breakup_consolidate,classifies,analytical domain,current,1.0,
edge:contains:section-p1-main-02-settlements:report-p1-main-02-settlements-05-billwise-settlement-analysis,section:p1_main:02_settlements,report:p1_main:02_settlements:05_billwise_settlement_analysis,contains,contains report,current,1.0,
edge:classifies:domain-sales-revenue:report-p1-main-02-settlements-05-billwise-settlement-analysis,domain:sales_revenue,report:p1_main:02_settlements:05_billwise_settlement_analysis,classifies,analytical domain,current,1.0,
edge:contains:section-p1-main-02-settlements:report-p1-main-02-settlements-06-enterprise-btc-report,section:p1_main:02_settlements,report:p1_main:02_settlements:06_enterprise_btc_report,contains,contains report,current,1.0,
edge:classifies:domain-sales-revenue:report-p1-main-02-settlements-06-enterprise-btc-report,domain:sales_revenue,report:p1_main:02_settlements:06_enterprise_btc_report,classifies,analytical domain,current,1.0,
edge:contains:section-p1-main-03-discounts-offers:report-p1-main-03-discounts-offers-01-daily-item-wise-discount,section:p1_main:03_discounts_offers,report:p1_main:03_discounts_offers:01_daily_item_wise_discount,contains,contains report,current,1.0,
edge:classifies:domain-sales-revenue:report-p1-main-03-discounts-offers-01-daily-item-wise-discount,domain:sales_revenue,report:p1_main:03_discounts_offers:01_daily_item_wise_discount,classifies,analytical domain,current,1.0,
edge:contains:section-p1-main-03-discounts-offers:report-p1-main-03-discounts-offers-02-daily-discount-billwise,section:p1_main:03_discounts_offers,report:p1_main:03_discounts_offers:02_daily_discount_billwise,contains,contains report,current,1.0,
edge:classifies:domain-sales-revenue:report-p1-main-03-discounts-offers-02-daily-discount-billwise,domain:sales_revenue,report:p1_main:03_discounts_offers:02_daily_discount_billwise,classifies,analytical domain,current,1.0,
edge:contains:section-p1-main-03-discounts-offers:report-p1-main-03-discounts-offers-03-offers-analysis,section:p1_main:03_discounts_offers,report:p1_main:03_discounts_offers:03_offers_analysis,contains,contains report,current,1.0,
edge:classifies:domain-sales-revenue:report-p1-main-03-discounts-offers-03-offers-analysis,domain:sales_revenue,report:p1_main:03_discounts_offers:03_offers_analysis,classifies,analytical domain,current,1.0,
edge:contains:section-p1-main-03-discounts-offers:report-p1-main-03-discounts-offers-04-offer-budget,section:p1_main:03_discounts_offers,report:p1_main:03_discounts_offers:04_offer_budget,contains,contains report,current,1.0,
edge:classifies:domain-sales-revenue:report-p1-main-03-discounts-offers-04-offer-budget,domain:sales_revenue,report:p1_main:03_discounts_offers:04_offer_budget,classifies,analytical domain,current,1.0,
edge:contains:section-p1-main-03-discounts-offers:report-p1-main-03-discounts-offers-05-discount-billwise-analysis,section:p1_main:03_discounts_offers,report:p1_main:03_discounts_offers:05_discount_billwise_analysis,contains,contains report,current,1.0,
edge:classifies:domain-sales-revenue:report-p1-main-03-discounts-offers-05-discount-billwise-analysis,domain:sales_revenue,report:p1_main:03_discounts_offers:05_discount_billwise_analysis,classifies,analytical domain,current,1.0,
edge:contains:section-p1-main-03-discounts-offers:report-p1-main-03-discounts-offers-06-offer-code-report,section:p1_main:03_discounts_offers,report:p1_main:03_discounts_offers:06_offer_code_report,contains,contains report,current,1.0,
edge:classifies:domain-sales-revenue:report-p1-main-03-discounts-offers-06-offer-code-report,domain:sales_revenue,report:p1_main:03_discounts_offers:06_offer_code_report,classifies,analytical domain,current,1.0,
edge:contains:section-p1-main-03-discounts-offers:report-p1-main-03-discounts-offers-07-offer-code-usage-report,section:p1_main:03_discounts_offers,report:p1_main:03_discounts_offers:07_offer_code_usage_report,contains,contains report,current,1.0,
edge:classifies:domain-sales-revenue:report-p1-main-03-discounts-offers-07-offer-code-usage-report,domain:sales_revenue,report:p1_main:03_discounts_offers:07_offer_code_usage_report,classifies,analytical domain,current,1.0,
edge:contains:section-p1-main-03-discounts-offers:report-p1-main-03-discounts-offers-08-discount-and-complimentary-analysi,section:p1_main:03_discounts_offers,report:p1_main:03_discounts_offers:08_discount_and_complimentary_analysi,contains,contains report,current,1.0,
edge:classifies:domain-sales-revenue:report-p1-main-03-discounts-offers-08-discount-and-complimentary-analysi,domain:sales_revenue,report:p1_main:03_discounts_offers:08_discount_and_complimentary_analysi,classifies,analytical domain,current,1.0,
edge:contains:section-p1-main-03-discounts-offers:report-p1-main-03-discounts-offers-09-entp-item-based-offer,section:p1_main:03_discounts_offers,report:p1_main:03_discounts_offers:09_entp_item_based_offer,contains,contains report,current,1.0,
edge:classifies:domain-sales-revenue:report-p1-main-03-discounts-offers-09-entp-item-based-offer,domain:sales_revenue,report:p1_main:03_discounts_offers:09_entp_item_based_offer,classifies,analytical domain,current,1.0,
edge:contains:section-p1-main-03-discounts-offers:report-p1-main-03-discounts-offers-10-complimentary-head,section:p1_main:03_discounts_offers,report:p1_main:03_discounts_offers:10_complimentary_head,contains,contains report,current,1.0,
edge:classifies:domain-sales-revenue:report-p1-main-03-discounts-offers-10-complimentary-head,domain:sales_revenue,report:p1_main:03_discounts_offers:10_complimentary_head,classifies,analytical domain,current,1.0,
edge:contains:section-p1-main-03-discounts-offers:report-p1-main-03-discounts-offers-11-complimentary-head-itemwise,section:p1_main:03_discounts_offers,report:p1_main:03_discounts_offers:11_complimentary_head_itemwise,contains,contains report,current,1.0,
edge:classifies:domain-sales-revenue:report-p1-main-03-discounts-offers-11-complimentary-head-itemwise,domain:sales_revenue,report:p1_main:03_discounts_offers:11_complimentary_head_itemwise,classifies,analytical domain,current,1.0,
edge:contains:section-p1-main-03-discounts-offers:report-p1-main-03-discounts-offers-12-consolidated-item-complimentary,section:p1_main:03_discounts_offers,report:p1_main:03_discounts_offers:12_consolidated_item_complimentary,contains,contains report,current,1.0,
edge:classifies:domain-sales-revenue:report-p1-main-03-discounts-offers-12-consolidated-item-complimentary,domain:sales_revenue,report:p1_main:03_discounts_offers:12_consolidated_item_complimentary,classifies,analytical domain,current,1.0,
edge:contains:section-p1-main-04-tax-analysis:report-p1-main-04-tax-analysis-01-daily-tax-analysis,section:p1_main:04_tax_analysis,report:p1_main:04_tax_analysis:01_daily_tax_analysis,contains,contains report,current,1.0,
edge:classifies:domain-sales-revenue:report-p1-main-04-tax-analysis-01-daily-tax-analysis,domain:sales_revenue,report:p1_main:04_tax_analysis:01_daily_tax_analysis,classifies,analytical domain,current,1.0,
edge:contains:section-p1-main-04-tax-analysis:report-p1-main-04-tax-analysis-02-daily-no-vat-analysis,section:p1_main:04_tax_analysis,report:p1_main:04_tax_analysis:02_daily_no_vat_analysis,contains,contains report,current,1.0,
edge:classifies:domain-sales-revenue:report-p1-main-04-tax-analysis-02-daily-no-vat-analysis,domain:sales_revenue,report:p1_main:04_tax_analysis:02_daily_no_vat_analysis,classifies,analytical domain,current,1.0,
edge:contains:section-p1-main-04-tax-analysis:report-p1-main-04-tax-analysis-03-super-category-wise-daily-taxes,section:p1_main:04_tax_analysis,report:p1_main:04_tax_analysis:03_super_category_wise_daily_taxes,contains,contains report,current,1.0,
edge:classifies:domain-sales-revenue:report-p1-main-04-tax-analysis-03-super-category-wise-daily-taxes,domain:sales_revenue,report:p1_main:04_tax_analysis:03_super_category_wise_daily_taxes,classifies,analytical domain,current,1.0,
edge:contains:section-p1-main-04-tax-analysis:report-p1-main-04-tax-analysis-04-super-category-wise-no-vat,section:p1_main:04_tax_analysis,report:p1_main:04_tax_analysis:04_super_category_wise_no_vat,contains,contains report,current,1.0,
edge:classifies:domain-sales-revenue:report-p1-main-04-tax-analysis-04-super-category-wise-no-vat,domain:sales_revenue,report:p1_main:04_tax_analysis:04_super_category_wise_no_vat,classifies,analytical domain,current,1.0,
edge:contains:section-p1-main-04-tax-analysis:report-p1-main-04-tax-analysis-05-tax-summary,section:p1_main:04_tax_analysis,report:p1_main:04_tax_analysis:05_tax_summary,contains,contains report,current,1.0,
edge:classifies:domain-sales-revenue:report-p1-main-04-tax-analysis-05-tax-summary,domain:sales_revenue,report:p1_main:04_tax_analysis:05_tax_summary,classifies,analytical domain,current,1.0,
edge:contains:section-p1-main-05-performance:report-p1-main-05-performance-01-menu-mix,section:p1_main:05_performance,report:p1_main:05_performance:01_menu_mix,contains,contains report,current,1.0,
edge:classifies:domain-sales-revenue:report-p1-main-05-performance-01-menu-mix,domain:sales_revenue,report:p1_main:05_performance:01_menu_mix,classifies,analytical domain,current,1.0,
edge:contains:section-p1-main-05-performance:report-p1-main-05-performance-02-category-analysis,section:p1_main:05_performance,report:p1_main:05_performance:02_category_analysis,contains,contains report,current,1.0,
edge:classifies:domain-sales-revenue:report-p1-main-05-performance-02-category-analysis,domain:sales_revenue,report:p1_main:05_performance:02_category_analysis,classifies,analytical domain,current,1.0,
edge:contains:section-p1-main-05-performance:report-p1-main-05-performance-03-super-category-sourcewise-sales,section:p1_main:05_performance,report:p1_main:05_performance:03_super_category_sourcewise_sales,contains,contains report,current,1.0,
edge:classifies:domain-sales-revenue:report-p1-main-05-performance-03-super-category-sourcewise-sales,domain:sales_revenue,report:p1_main:05_performance:03_super_category_sourcewise_sales,classifies,analytical domain,current,1.0,
edge:contains:section-p1-main-05-performance:report-p1-main-05-performance-04-super-category-tabwise-sourcewise,section:p1_main:05_performance,report:p1_main:05_performance:04_super_category_tabwise_sourcewise,contains,contains report,current,1.0,
edge:classifies:domain-sales-revenue:report-p1-main-05-performance-04-super-category-tabwise-sourcewise,domain:sales_revenue,report:p1_main:05_performance:04_super_category_tabwise_sourcewise,classifies,analytical domain,current,1.0,
edge:contains:section-p1-main-05-performance:report-p1-main-05-performance-05-item-analysis,section:p1_main:05_performance,report:p1_main:05_performance:05_item_analysis,contains,contains report,current,1.0,
edge:classifies:domain-sales-revenue:report-p1-main-05-performance-05-item-analysis,domain:sales_revenue,report:p1_main:05_performance:05_item_analysis,classifies,analytical domain,current,1.0,
edge:contains:section-p1-main-05-performance:report-p1-main-05-performance-06-item-source-report,section:p1_main:05_performance,report:p1_main:05_performance:06_item_source_report,contains,contains report,current,1.0,
edge:classifies:domain-sales-revenue:report-p1-main-05-performance-06-item-source-report,domain:sales_revenue,report:p1_main:05_performance:06_item_source_report,classifies,analytical domain,current,1.0,
edge:contains:section-p1-main-05-performance:report-p1-main-05-performance-07-itemwise-enterprise,section:p1_main:05_performance,report:p1_main:05_performance:07_itemwise_enterprise,contains,contains report,current,1.0,
edge:classifies:domain-sales-revenue:report-p1-main-05-performance-07-itemwise-enterprise,domain:sales_revenue,report:p1_main:05_performance:07_itemwise_enterprise,classifies,analytical domain,current,1.0,
edge:contains:section-p1-main-05-performance:report-p1-main-05-performance-08-tab-wise-item-analysis,section:p1_main:05_performance,report:p1_main:05_performance:08_tab_wise_item_analysis,contains,contains report,current,1.0,
edge:classifies:domain-sales-revenue:report-p1-main-05-performance-08-tab-wise-item-analysis,domain:sales_revenue,report:p1_main:05_performance:08_tab_wise_item_analysis,classifies,analytical domain,current,1.0,
edge:contains:section-p1-main-05-performance:report-p1-main-05-performance-09-item-incidence,section:p1_main:05_performance,report:p1_main:05_performance:09_item_incidence,contains,contains report,current,1.0,
edge:classifies:domain-sales-revenue:report-p1-main-05-performance-09-item-incidence,domain:sales_revenue,report:p1_main:05_performance:09_item_incidence,classifies,analytical domain,current,1.0,
edge:contains:section-p1-main-05-performance:report-p1-main-05-performance-10-highest-and-lowest-selling-items,section:p1_main:05_performance,report:p1_main:05_performance:10_highest_and_lowest_selling_items,contains,contains report,current,1.0,
edge:classifies:domain-sales-revenue:report-p1-main-05-performance-10-highest-and-lowest-selling-items,domain:sales_revenue,report:p1_main:05_performance:10_highest_and_lowest_selling_items,classifies,analytical domain,current,1.0,
edge:contains:section-p1-main-05-performance:report-p1-main-05-performance-11-tab-wise-analysis,section:p1_main:05_performance,report:p1_main:05_performance:11_tab_wise_analysis,contains,contains report,current,1.0,
edge:classifies:domain-sales-revenue:report-p1-main-05-performance-11-tab-wise-analysis,domain:sales_revenue,report:p1_main:05_performance:11_tab_wise_analysis,classifies,analytical domain,current,1.0,
edge:contains:section-p1-main-05-performance:report-p1-main-05-performance-12-brand-performance-section-wise,section:p1_main:05_performance,report:p1_main:05_performance:12_brand_performance_section_wise,contains,contains report,current,1.0,
edge:classifies:domain-sales-revenue:report-p1-main-05-performance-12-brand-performance-section-wise,domain:sales_revenue,report:p1_main:05_performance:12_brand_performance_section_wise,classifies,analytical domain,current,1.0,
edge:contains:section-p1-main-05-performance:report-p1-main-05-performance-13-brand-performance-report,section:p1_main:05_performance,report:p1_main:05_performance:13_brand_performance_report,contains,contains report,current,1.0,
edge:classifies:domain-sales-revenue:report-p1-main-05-performance-13-brand-performance-report,domain:sales_revenue,report:p1_main:05_performance:13_brand_performance_report,classifies,analytical domain,current,1.0,
edge:contains:section-p1-main-05-performance:report-p1-main-05-performance-14-combo-report,section:p1_main:05_performance,report:p1_main:05_performance:14_combo_report,contains,contains report,current,1.0,
edge:classifies:domain-sales-revenue:report-p1-main-05-performance-14-combo-report,domain:sales_revenue,report:p1_main:05_performance:14_combo_report,classifies,analytical domain,current,1.0,
edge:contains:section-p1-main-05-performance:report-p1-main-05-performance-15-meal-count-report,section:p1_main:05_performance,report:p1_main:05_performance:15_meal_count_report,contains,contains report,current,1.0,
edge:classifies:domain-sales-revenue:report-p1-main-05-performance-15-meal-count-report,domain:sales_revenue,report:p1_main:05_performance:15_meal_count_report,classifies,analytical domain,current,1.0,
edge:contains:section-p1-main-05-performance:report-p1-main-05-performance-16-user-attendance-report-detailed,section:p1_main:05_performance,report:p1_main:05_performance:16_user_attendance_report_detailed,contains,contains report,current,1.0,
edge:classifies:domain-sales-revenue:report-p1-main-05-performance-16-user-attendance-report-detailed,domain:sales_revenue,report:p1_main:05_performance:16_user_attendance_report_detailed,classifies,analytical domain,current,1.0,
edge:contains:section-p1-main-05-performance:report-p1-main-05-performance-17-user-attendance-report-summary,section:p1_main:05_performance,report:p1_main:05_performance:17_user_attendance_report_summary,contains,contains report,current,1.0,
edge:classifies:domain-sales-revenue:report-p1-main-05-performance-17-user-attendance-report-summary,domain:sales_revenue,report:p1_main:05_performance:17_user_attendance_report_summary,classifies,analytical domain,current,1.0,
edge:contains:section-p1-main-06-misc:report-p1-main-06-misc-01-void-bill-item-wise,section:p1_main:06_misc,report:p1_main:06_misc:01_void_bill_item_wise,contains,contains report,current,1.0,
edge:classifies:domain-sales-revenue:report-p1-main-06-misc-01-void-bill-item-wise,domain:sales_revenue,report:p1_main:06_misc:01_void_bill_item_wise,classifies,analytical domain,current,1.0,
edge:contains:section-p1-main-06-misc:report-p1-main-06-misc-02-cashier-report,section:p1_main:06_misc,report:p1_main:06_misc:02_cashier_report,contains,contains report,current,1.0,
edge:classifies:domain-sales-revenue:report-p1-main-06-misc-02-cashier-report,domain:sales_revenue,report:p1_main:06_misc:02_cashier_report,classifies,analytical domain,current,1.0,
edge:contains:section-p1-main-06-misc:report-p1-main-06-misc-03-budget-dsr-report,section:p1_main:06_misc,report:p1_main:06_misc:03_budget_dsr_report,contains,contains report,current,1.0,
edge:classifies:domain-sales-revenue:report-p1-main-06-misc-03-budget-dsr-report,domain:sales_revenue,report:p1_main:06_misc:03_budget_dsr_report,classifies,analytical domain,current,1.0,
edge:contains:section-p1-main-06-misc:report-p1-main-06-misc-04-crm-report,section:p1_main:06_misc,report:p1_main:06_misc:04_crm_report,contains,contains report,current,1.0,
edge:classifies:domain-sales-revenue:report-p1-main-06-misc-04-crm-report,domain:sales_revenue,report:p1_main:06_misc:04_crm_report,classifies,analytical domain,current,1.0,
edge:contains:section-p1-main-06-misc:report-p1-main-06-misc-05-voucher-report,section:p1_main:06_misc,report:p1_main:06_misc:05_voucher_report,contains,contains report,current,1.0,
edge:classifies:domain-sales-revenue:report-p1-main-06-misc-05-voucher-report,domain:sales_revenue,report:p1_main:06_misc:05_voucher_report,classifies,analytical domain,current,1.0,
edge:contains:section-p1-main-06-misc:report-p1-main-06-misc-06-sales-and-reload-report,section:p1_main:06_misc,report:p1_main:06_misc:06_sales_and_reload_report,contains,contains report,current,1.0,
edge:classifies:domain-sales-revenue:report-p1-main-06-misc-06-sales-and-reload-report,domain:sales_revenue,report:p1_main:06_misc:06_sales_and_reload_report,classifies,analytical domain,current,1.0,
edge:contains:section-p1-main-06-misc:report-p1-main-06-misc-07-msr-reload-report,section:p1_main:06_misc,report:p1_main:06_misc:07_msr_reload_report,contains,contains report,current,1.0,
edge:classifies:domain-sales-revenue:report-p1-main-06-misc-07-msr-reload-report,domain:sales_revenue,report:p1_main:06_misc:07_msr_reload_report,classifies,analytical domain,current,1.0,
edge:contains:section-p1-main-06-misc:report-p1-main-06-misc-08-gift-card-report,section:p1_main:06_misc,report:p1_main:06_misc:08_gift_card_report,contains,contains report,current,1.0,
edge:classifies:domain-sales-revenue:report-p1-main-06-misc-08-gift-card-report,domain:sales_revenue,report:p1_main:06_misc:08_gift_card_report,classifies,analytical domain,current,1.0,
edge:contains:section-p1-main-06-misc:report-p1-main-06-misc-09-super-categories-dsr,section:p1_main:06_misc,report:p1_main:06_misc:09_super_categories_dsr,contains,contains report,current,1.0,
edge:classifies:domain-sales-revenue:report-p1-main-06-misc-09-super-categories-dsr,domain:sales_revenue,report:p1_main:06_misc:09_super_categories_dsr,classifies,analytical domain,current,1.0,
edge:contains:section-p1-main-06-misc:report-p1-main-06-misc-10-online-orders-time-log,section:p1_main:06_misc,report:p1_main:06_misc:10_online_orders_time_log,contains,contains report,current,1.0,
edge:classifies:domain-sales-revenue:report-p1-main-06-misc-10-online-orders-time-log,domain:sales_revenue,report:p1_main:06_misc:10_online_orders_time_log,classifies,analytical domain,current,1.0,
edge:contains:section-p1-main-06-misc:report-p1-main-06-misc-11-entp-edc-report,section:p1_main:06_misc,report:p1_main:06_misc:11_entp_edc_report,contains,contains report,current,1.0,
edge:classifies:domain-sales-revenue:report-p1-main-06-misc-11-entp-edc-report,domain:sales_revenue,report:p1_main:06_misc:11_entp_edc_report,classifies,analytical domain,current,1.0,
edge:contains:section-p1-main-06-misc:report-p1-main-06-misc-12-entp-day-report,section:p1_main:06_misc,report:p1_main:06_misc:12_entp_day_report,contains,contains report,current,1.0,
edge:classifies:domain-sales-revenue:report-p1-main-06-misc-12-entp-day-report,domain:sales_revenue,report:p1_main:06_misc:12_entp_day_report,classifies,analytical domain,current,1.0,
edge:contains:section-p1-main-06-misc:report-p1-main-06-misc-13-entp-reprint-report,section:p1_main:06_misc,report:p1_main:06_misc:13_entp_reprint_report,contains,contains report,current,1.0,
edge:classifies:domain-sales-revenue:report-p1-main-06-misc-13-entp-reprint-report,domain:sales_revenue,report:p1_main:06_misc:13_entp_reprint_report,classifies,analytical domain,current,1.0,
edge:contains:section-p1-main-06-misc:report-p1-main-06-misc-14-filter-invoices-report,section:p1_main:06_misc,report:p1_main:06_misc:14_filter_invoices_report,contains,contains report,current,1.0,
edge:classifies:domain-vendor-procurement:report-p1-main-06-misc-14-filter-invoices-report,domain:vendor_procurement,report:p1_main:06_misc:14_filter_invoices_report,classifies,analytical domain,current,1.0,
edge:contains:section-p1-main-06-misc:report-p1-main-06-misc-15-item-out-of-stock,section:p1_main:06_misc,report:p1_main:06_misc:15_item_out_of_stock,contains,contains report,current,1.0,
edge:classifies:domain-inventory-consumption:report-p1-main-06-misc-15-item-out-of-stock,domain:inventory_consumption,report:p1_main:06_misc:15_item_out_of_stock,classifies,analytical domain,current,1.0,
edge:contains:section-p1-main-06-misc:report-p1-main-06-misc-16-whatsapp-message-report,section:p1_main:06_misc,report:p1_main:06_misc:16_whatsapp_message_report,contains,contains report,current,1.0,
edge:classifies:domain-sales-revenue:report-p1-main-06-misc-16-whatsapp-message-report,domain:sales_revenue,report:p1_main:06_misc:16_whatsapp_message_report,classifies,analytical domain,current,1.0,
edge:contains:section-p1-main-06-misc:report-p1-main-06-misc-17-call-center-report,section:p1_main:06_misc,report:p1_main:06_misc:17_call_center_report,contains,contains report,current,1.0,
edge:classifies:domain-sales-revenue:report-p1-main-06-misc-17-call-center-report,domain:sales_revenue,report:p1_main:06_misc:17_call_center_report,classifies,analytical domain,current,1.0,
edge:contains:section-p1-main-06-misc:report-p1-main-06-misc-18-item-recipe-report,section:p1_main:06_misc,report:p1_main:06_misc:18_item_recipe_report,contains,contains report,current,1.0,
edge:classifies:domain-inventory-consumption:report-p1-main-06-misc-18-item-recipe-report,domain:inventory_consumption,report:p1_main:06_misc:18_item_recipe_report,classifies,analytical domain,current,1.0,
edge:contains:section-p1-main-06-misc:report-p1-main-06-misc-19-refund-item-detail-report,section:p1_main:06_misc,report:p1_main:06_misc:19_refund_item_detail_report,contains,contains report,current,1.0,
edge:classifies:domain-sales-revenue:report-p1-main-06-misc-19-refund-item-detail-report,domain:sales_revenue,report:p1_main:06_misc:19_refund_item_detail_report,classifies,analytical domain,current,1.0,
edge:contains:section-p1-main-06-misc:report-p1-main-06-misc-20-shift-report,section:p1_main:06_misc,report:p1_main:06_misc:20_shift_report,contains,contains report,current,1.0,
edge:classifies:domain-sales-revenue:report-p1-main-06-misc-20-shift-report,domain:sales_revenue,report:p1_main:06_misc:20_shift_report,classifies,analytical domain,current,1.0,
edge:contains:section-p1-main-06-misc:report-p1-main-06-misc-21-expense-report,section:p1_main:06_misc,report:p1_main:06_misc:21_expense_report,contains,contains report,current,1.0,
edge:classifies:domain-sales-revenue:report-p1-main-06-misc-21-expense-report,domain:sales_revenue,report:p1_main:06_misc:21_expense_report,classifies,analytical domain,current,1.0,
edge:contains:section-p1-main-06-misc:report-p1-main-06-misc-22-aggregator-status-report,section:p1_main:06_misc,report:p1_main:06_misc:22_aggregator_status_report,contains,contains report,current,1.0,
edge:classifies:domain-sales-revenue:report-p1-main-06-misc-22-aggregator-status-report,domain:sales_revenue,report:p1_main:06_misc:22_aggregator_status_report,classifies,analytical domain,current,1.0,
edge:contains:section-p1-main-06-misc:report-p1-main-06-misc-23-staff-meal-report,section:p1_main:06_misc,report:p1_main:06_misc:23_staff_meal_report,contains,contains report,current,1.0,
edge:classifies:domain-sales-revenue:report-p1-main-06-misc-23-staff-meal-report,domain:sales_revenue,report:p1_main:06_misc:23_staff_meal_report,classifies,analytical domain,current,1.0,
edge:contains:section-p1-main-06-misc:report-p1-main-06-misc-24-advance-booking-report,section:p1_main:06_misc,report:p1_main:06_misc:24_advance_booking_report,contains,contains report,current,1.0,
edge:classifies:domain-sales-revenue:report-p1-main-06-misc-24-advance-booking-report,domain:sales_revenue,report:p1_main:06_misc:24_advance_booking_report,classifies,analytical domain,current,1.0,
edge:contains:section-p1-main-06-misc:report-p1-main-06-misc-25-removed-taxes-charges-report,section:p1_main:06_misc,report:p1_main:06_misc:25_removed_taxes_charges_report,contains,contains report,current,1.0,
edge:classifies:domain-sales-revenue:report-p1-main-06-misc-25-removed-taxes-charges-report,domain:sales_revenue,report:p1_main:06_misc:25_removed_taxes_charges_report,classifies,analytical domain,current,1.0,
edge:contains:section-p1-main-06-misc:report-p1-main-06-misc-26-unknown-miscellaneous-report-26,section:p1_main:06_misc,report:p1_main:06_misc:26_unknown_miscellaneous_report_26,contains,contains report,current,1.0,
edge:classifies:domain-sales-revenue:report-p1-main-06-misc-26-unknown-miscellaneous-report-26,domain:sales_revenue,report:p1_main:06_misc:26_unknown_miscellaneous_report_26,classifies,analytical domain,current,1.0,
edge:contains:section-p1-main-06-misc:report-p1-main-06-misc-27-unknown-miscellaneous-report-27,section:p1_main:06_misc,report:p1_main:06_misc:27_unknown_miscellaneous_report_27,contains,contains report,current,1.0,
edge:classifies:domain-sales-revenue:report-p1-main-06-misc-27-unknown-miscellaneous-report-27,domain:sales_revenue,report:p1_main:06_misc:27_unknown_miscellaneous_report_27,classifies,analytical domain,current,1.0,
edge:contains:section-p2-reports-01-analytics:report-p2-reports-01-analytics-01-hourly-sales-report,section:p2_reports:01_analytics,report:p2_reports:01_analytics:01_hourly_sales_report,contains,contains report,current,1.0,
edge:classifies:domain-sales-revenue:report-p2-reports-01-analytics-01-hourly-sales-report,domain:sales_revenue,report:p2_reports:01_analytics:01_hourly_sales_report,classifies,analytical domain,current,1.0,
edge:contains:section-p2-reports-01-analytics:report-p2-reports-01-analytics-02-half-hourly-sales-report,section:p2_reports:01_analytics,report:p2_reports:01_analytics:02_half_hourly_sales_report,contains,contains report,current,1.0,
edge:classifies:domain-sales-revenue:report-p2-reports-01-analytics-02-half-hourly-sales-report,domain:sales_revenue,report:p2_reports:01_analytics:02_half_hourly_sales_report,classifies,analytical domain,current,1.0,
edge:contains:section-p2-reports-01-analytics:report-p2-reports-01-analytics-03-hourly-sales-by-category,section:p2_reports:01_analytics,report:p2_reports:01_analytics:03_hourly_sales_by_category,contains,contains report,current,1.0,
edge:classifies:domain-sales-revenue:report-p2-reports-01-analytics-03-hourly-sales-by-category,domain:sales_revenue,report:p2_reports:01_analytics:03_hourly_sales_by_category,classifies,analytical domain,current,1.0,
edge:contains:section-p2-reports-01-analytics:report-p2-reports-01-analytics-04-growth-report,section:p2_reports:01_analytics,report:p2_reports:01_analytics:04_growth_report,contains,contains report,current,1.0,
edge:classifies:domain-sales-revenue:report-p2-reports-01-analytics-04-growth-report,domain:sales_revenue,report:p2_reports:01_analytics:04_growth_report,classifies,analytical domain,current,1.0,
edge:contains:section-p2-reports-01-analytics:report-p2-reports-01-analytics-05-average-bill,section:p2_reports:01_analytics,report:p2_reports:01_analytics:05_average_bill,contains,contains report,current,1.0,
edge:classifies:domain-sales-revenue:report-p2-reports-01-analytics-05-average-bill,domain:sales_revenue,report:p2_reports:01_analytics:05_average_bill,classifies,analytical domain,current,1.0,
edge:contains:section-p2-reports-01-analytics:report-p2-reports-01-analytics-06-income-analysis-report,section:p2_reports:01_analytics,report:p2_reports:01_analytics:06_income_analysis_report,contains,contains report,current,1.0,
edge:classifies:domain-sales-revenue:report-p2-reports-01-analytics-06-income-analysis-report,domain:sales_revenue,report:p2_reports:01_analytics:06_income_analysis_report,classifies,analytical domain,current,1.0,
edge:contains:section-p2-reports-01-analytics:report-p2-reports-01-analytics-07-forecast-comparison-report,section:p2_reports:01_analytics,report:p2_reports:01_analytics:07_forecast_comparison_report,contains,contains report,current,1.0,
edge:classifies:domain-sales-revenue:report-p2-reports-01-analytics-07-forecast-comparison-report,domain:sales_revenue,report:p2_reports:01_analytics:07_forecast_comparison_report,classifies,analytical domain,current,1.0,
edge:contains:section-p2-reports-01-analytics:report-p2-reports-01-analytics-08-food-cost-report,section:p2_reports:01_analytics,report:p2_reports:01_analytics:08_food_cost_report,contains,contains report,current,1.0,
edge:classifies:domain-inventory-consumption:report-p2-reports-01-analytics-08-food-cost-report,domain:inventory_consumption,report:p2_reports:01_analytics:08_food_cost_report,classifies,analytical domain,current,1.0,
edge:contains:section-p2-reports-01-analytics:report-p2-reports-01-analytics-09-kds-report,section:p2_reports:01_analytics,report:p2_reports:01_analytics:09_kds_report,contains,contains report,current,1.0,
edge:classifies:domain-sales-revenue:report-p2-reports-01-analytics-09-kds-report,domain:sales_revenue,report:p2_reports:01_analytics:09_kds_report,classifies,analytical domain,current,1.0,
edge:contains:section-p2-reports-01-analytics:report-p2-reports-01-analytics-10-location-wise-sales,section:p2_reports:01_analytics,report:p2_reports:01_analytics:10_location_wise_sales,contains,contains report,current,1.0,
edge:classifies:domain-sales-revenue:report-p2-reports-01-analytics-10-location-wise-sales,domain:sales_revenue,report:p2_reports:01_analytics:10_location_wise_sales,classifies,analytical domain,current,1.0,
edge:contains:section-p2-reports-02-attendance:report-p2-reports-02-attendance-01-user-attendance-report,section:p2_reports:02_attendance,report:p2_reports:02_attendance:01_user_attendance_report,contains,contains report,current,1.0,
edge:classifies:domain-sales-revenue:report-p2-reports-02-attendance-01-user-attendance-report,domain:sales_revenue,report:p2_reports:02_attendance:01_user_attendance_report,classifies,analytical domain,current,1.0,
edge:contains:section-p2-reports-02-attendance:report-p2-reports-02-attendance-02-single-user-attendance-report,section:p2_reports:02_attendance,report:p2_reports:02_attendance:02_single_user_attendance_report,contains,contains report,current,1.0,
edge:classifies:domain-sales-revenue:report-p2-reports-02-attendance-02-single-user-attendance-report,domain:sales_revenue,report:p2_reports:02_attendance:02_single_user_attendance_report,classifies,analytical domain,current,1.0,
edge:contains:section-p2-reports-03-audit:report-p2-reports-03-audit-01-kot-detail-report,section:p2_reports:03_audit,report:p2_reports:03_audit:01_kot_detail_report,contains,contains report,current,1.0,
edge:classifies:domain-sales-revenue:report-p2-reports-03-audit-01-kot-detail-report,domain:sales_revenue,report:p2_reports:03_audit:01_kot_detail_report,classifies,analytical domain,current,1.0,
edge:contains:section-p2-reports-03-audit:report-p2-reports-03-audit-02-day-opening-variance-report,section:p2_reports:03_audit,report:p2_reports:03_audit:02_day_opening_variance_report,contains,contains report,current,1.0,
edge:classifies:domain-sales-revenue:report-p2-reports-03-audit-02-day-opening-variance-report,domain:sales_revenue,report:p2_reports:03_audit:02_day_opening_variance_report,classifies,analytical domain,current,1.0,
edge:contains:section-p2-reports-03-audit:report-p2-reports-03-audit-03-kot-delete-history-report,section:p2_reports:03_audit,report:p2_reports:03_audit:03_kot_delete_history_report,contains,contains report,current,1.0,
edge:classifies:domain-sales-revenue:report-p2-reports-03-audit-03-kot-delete-history-report,domain:sales_revenue,report:p2_reports:03_audit:03_kot_delete_history_report,classifies,analytical domain,current,1.0,
edge:contains:section-p2-reports-03-audit:report-p2-reports-03-audit-04-complimentary-report,section:p2_reports:03_audit,report:p2_reports:03_audit:04_complimentary_report,contains,contains report,current,1.0,
edge:classifies:domain-sales-revenue:report-p2-reports-03-audit-04-complimentary-report,domain:sales_revenue,report:p2_reports:03_audit:04_complimentary_report,classifies,analytical domain,current,1.0,
edge:contains:section-p2-reports-03-audit:report-p2-reports-03-audit-05-complimentary-detail-report-headwi,section:p2_reports:03_audit,report:p2_reports:03_audit:05_complimentary_detail_report_headwi,contains,contains report,current,1.0,
edge:classifies:domain-sales-revenue:report-p2-reports-03-audit-05-complimentary-detail-report-headwi,domain:sales_revenue,report:p2_reports:03_audit:05_complimentary_detail_report_headwi,classifies,analytical domain,current,1.0,
edge:contains:section-p2-reports-03-audit:report-p2-reports-03-audit-06-discount-report,section:p2_reports:03_audit,report:p2_reports:03_audit:06_discount_report,contains,contains report,current,1.0,
edge:classifies:domain-sales-revenue:report-p2-reports-03-audit-06-discount-report,domain:sales_revenue,report:p2_reports:03_audit:06_discount_report,classifies,analytical domain,current,1.0,
edge:contains:section-p2-reports-03-audit:report-p2-reports-03-audit-07-discount-and-voucher-report,section:p2_reports:03_audit,report:p2_reports:03_audit:07_discount_and_voucher_report,contains,contains report,current,1.0,
edge:classifies:domain-sales-revenue:report-p2-reports-03-audit-07-discount-and-voucher-report,domain:sales_revenue,report:p2_reports:03_audit:07_discount_and_voucher_report,classifies,analytical domain,current,1.0,
edge:contains:section-p2-reports-03-audit:report-p2-reports-03-audit-08-offers-report,section:p2_reports:03_audit,report:p2_reports:03_audit:08_offers_report,contains,contains report,current,1.0,
edge:classifies:domain-sales-revenue:report-p2-reports-03-audit-08-offers-report,domain:sales_revenue,report:p2_reports:03_audit:08_offers_report,classifies,analytical domain,current,1.0,
edge:contains:section-p2-reports-03-audit:report-p2-reports-03-audit-09-reprint-report,section:p2_reports:03_audit,report:p2_reports:03_audit:09_reprint_report,contains,contains report,current,1.0,
edge:classifies:domain-sales-revenue:report-p2-reports-03-audit-09-reprint-report,domain:sales_revenue,report:p2_reports:03_audit:09_reprint_report,classifies,analytical domain,current,1.0,
edge:contains:section-p2-reports-03-audit:report-p2-reports-03-audit-10-kot-tracking-report,section:p2_reports:03_audit,report:p2_reports:03_audit:10_kot_tracking_report,contains,contains report,current,1.0,
edge:classifies:domain-sales-revenue:report-p2-reports-03-audit-10-kot-tracking-report,domain:sales_revenue,report:p2_reports:03_audit:10_kot_tracking_report,classifies,analytical domain,current,1.0,
edge:contains:section-p2-reports-03-audit:report-p2-reports-03-audit-11-removed-taxes-charges-report,section:p2_reports:03_audit,report:p2_reports:03_audit:11_removed_taxes_charges_report,contains,contains report,current,1.0,
edge:classifies:domain-sales-revenue:report-p2-reports-03-audit-11-removed-taxes-charges-report,domain:sales_revenue,report:p2_reports:03_audit:11_removed_taxes_charges_report,classifies,analytical domain,current,1.0,
edge:contains:section-p2-reports-03-audit:report-p2-reports-03-audit-12-report-by-time,section:p2_reports:03_audit,report:p2_reports:03_audit:12_report_by_time,contains,contains report,current,1.0,
edge:classifies:domain-sales-revenue:report-p2-reports-03-audit-12-report-by-time,domain:sales_revenue,report:p2_reports:03_audit:12_report_by_time,classifies,analytical domain,current,1.0,
edge:contains:section-p2-reports-03-audit:report-p2-reports-03-audit-13-feedback-report,section:p2_reports:03_audit,report:p2_reports:03_audit:13_feedback_report,contains,contains report,current,1.0,
edge:classifies:domain-sales-revenue:report-p2-reports-03-audit-13-feedback-report,domain:sales_revenue,report:p2_reports:03_audit:13_feedback_report,classifies,analytical domain,current,1.0,
edge:contains:section-p2-reports-03-audit:report-p2-reports-03-audit-14-no-feedback-report,section:p2_reports:03_audit,report:p2_reports:03_audit:14_no_feedback_report,contains,contains report,current,1.0,
edge:classifies:domain-sales-revenue:report-p2-reports-03-audit-14-no-feedback-report,domain:sales_revenue,report:p2_reports:03_audit:14_no_feedback_report,classifies,analytical domain,current,1.0,
edge:contains:section-p2-reports-03-audit:report-p2-reports-03-audit-15-wis-report,section:p2_reports:03_audit,report:p2_reports:03_audit:15_wis_report,contains,contains report,current,1.0,
edge:classifies:domain-sales-revenue:report-p2-reports-03-audit-15-wis-report,domain:sales_revenue,report:p2_reports:03_audit:15_wis_report,classifies,analytical domain,current,1.0,
edge:contains:section-p2-reports-03-audit:report-p2-reports-03-audit-16-feedback-report-advance,section:p2_reports:03_audit,report:p2_reports:03_audit:16_feedback_report_advance,contains,contains report,current,1.0,
edge:classifies:domain-sales-revenue:report-p2-reports-03-audit-16-feedback-report-advance,domain:sales_revenue,report:p2_reports:03_audit:16_feedback_report_advance,classifies,analytical domain,current,1.0,
edge:contains:section-p2-reports-03-audit:report-p2-reports-03-audit-17-feedback-followup-report,section:p2_reports:03_audit,report:p2_reports:03_audit:17_feedback_followup_report,contains,contains report,current,1.0,
edge:classifies:domain-sales-revenue:report-p2-reports-03-audit-17-feedback-followup-report,domain:sales_revenue,report:p2_reports:03_audit:17_feedback_followup_report,classifies,analytical domain,current,1.0,
edge:contains:section-p2-reports-03-audit:report-p2-reports-03-audit-18-feedback-without-bill-report,section:p2_reports:03_audit,report:p2_reports:03_audit:18_feedback_without_bill_report,contains,contains report,current,1.0,
edge:classifies:domain-sales-revenue:report-p2-reports-03-audit-18-feedback-without-bill-report,domain:sales_revenue,report:p2_reports:03_audit:18_feedback_without_bill_report,classifies,analytical domain,current,1.0,
edge:contains:section-p2-reports-03-audit:report-p2-reports-03-audit-19-oms-report-detail,section:p2_reports:03_audit,report:p2_reports:03_audit:19_oms_report_detail,contains,contains report,current,1.0,
edge:classifies:domain-sales-revenue:report-p2-reports-03-audit-19-oms-report-detail,domain:sales_revenue,report:p2_reports:03_audit:19_oms_report_detail,classifies,analytical domain,current,1.0,
edge:contains:section-p2-reports-03-audit:report-p2-reports-03-audit-20-oms-report-analysis,section:p2_reports:03_audit,report:p2_reports:03_audit:20_oms_report_analysis,contains,contains report,current,1.0,
edge:classifies:domain-sales-revenue:report-p2-reports-03-audit-20-oms-report-analysis,domain:sales_revenue,report:p2_reports:03_audit:20_oms_report_analysis,classifies,analytical domain,current,1.0,
edge:contains:section-p2-reports-03-audit:report-p2-reports-03-audit-21-revenue-report,section:p2_reports:03_audit,report:p2_reports:03_audit:21_revenue_report,contains,contains report,current,1.0,
edge:classifies:domain-sales-revenue:report-p2-reports-03-audit-21-revenue-report,domain:sales_revenue,report:p2_reports:03_audit:21_revenue_report,classifies,analytical domain,current,1.0,
edge:contains:section-p2-reports-03-audit:report-p2-reports-03-audit-22-negative-orders-report,section:p2_reports:03_audit,report:p2_reports:03_audit:22_negative_orders_report,contains,contains report,current,1.0,
edge:classifies:domain-sales-revenue:report-p2-reports-03-audit-22-negative-orders-report,domain:sales_revenue,report:p2_reports:03_audit:22_negative_orders_report,classifies,analytical domain,current,1.0,
edge:contains:section-p2-reports-03-audit:report-p2-reports-03-audit-23-call-center-report,section:p2_reports:03_audit,report:p2_reports:03_audit:23_call_center_report,contains,contains report,current,1.0,
edge:classifies:domain-sales-revenue:report-p2-reports-03-audit-23-call-center-report,domain:sales_revenue,report:p2_reports:03_audit:23_call_center_report,classifies,analytical domain,current,1.0,
edge:contains:section-p2-reports-03-audit:report-p2-reports-03-audit-24-delivery-audit-report,section:p2_reports:03_audit,report:p2_reports:03_audit:24_delivery_audit_report,contains,contains report,current,1.0,
edge:classifies:domain-sales-revenue:report-p2-reports-03-audit-24-delivery-audit-report,domain:sales_revenue,report:p2_reports:03_audit:24_delivery_audit_report,classifies,analytical domain,current,1.0,
edge:contains:section-p2-reports-03-audit:report-p2-reports-03-audit-25-service-charge-report,section:p2_reports:03_audit,report:p2_reports:03_audit:25_service_charge_report,contains,contains report,current,1.0,
edge:classifies:domain-sales-revenue:report-p2-reports-03-audit-25-service-charge-report,domain:sales_revenue,report:p2_reports:03_audit:25_service_charge_report,classifies,analytical domain,current,1.0,
edge:contains:section-p2-reports-03-audit:report-p2-reports-03-audit-26-tips-report,section:p2_reports:03_audit,report:p2_reports:03_audit:26_tips_report,contains,contains report,current,1.0,
edge:classifies:domain-sales-revenue:report-p2-reports-03-audit-26-tips-report,domain:sales_revenue,report:p2_reports:03_audit:26_tips_report,classifies,analytical domain,current,1.0,
edge:contains:section-p2-reports-03-audit:report-p2-reports-03-audit-27-charity-report,section:p2_reports:03_audit,report:p2_reports:03_audit:27_charity_report,contains,contains report,current,1.0,
edge:classifies:domain-sales-revenue:report-p2-reports-03-audit-27-charity-report,domain:sales_revenue,report:p2_reports:03_audit:27_charity_report,classifies,analytical domain,current,1.0,
edge:contains:section-p2-reports-03-audit:report-p2-reports-03-audit-28-non-taxable-item-report,section:p2_reports:03_audit,report:p2_reports:03_audit:28_non_taxable_item_report,contains,contains report,current,1.0,
edge:classifies:domain-sales-revenue:report-p2-reports-03-audit-28-non-taxable-item-report,domain:sales_revenue,report:p2_reports:03_audit:28_non_taxable_item_report,classifies,analytical domain,current,1.0,
edge:contains:section-p2-reports-03-audit:report-p2-reports-03-audit-29-edited-bills-report,section:p2_reports:03_audit,report:p2_reports:03_audit:29_edited_bills_report,contains,contains report,current,1.0,
edge:classifies:domain-sales-revenue:report-p2-reports-03-audit-29-edited-bills-report,domain:sales_revenue,report:p2_reports:03_audit:29_edited_bills_report,classifies,analytical domain,current,1.0,
edge:contains:section-p2-reports-03-audit:report-p2-reports-03-audit-30-food-bills-void-tax-report,section:p2_reports:03_audit,report:p2_reports:03_audit:30_food_bills_void_tax_report,contains,contains report,current,1.0,
edge:classifies:domain-sales-revenue:report-p2-reports-03-audit-30-food-bills-void-tax-report,domain:sales_revenue,report:p2_reports:03_audit:30_food_bills_void_tax_report,classifies,analytical domain,current,1.0,
edge:contains:section-p2-reports-03-audit:report-p2-reports-03-audit-31-online-orders-time-log,section:p2_reports:03_audit,report:p2_reports:03_audit:31_online_orders_time_log,contains,contains report,current,1.0,
edge:classifies:domain-sales-revenue:report-p2-reports-03-audit-31-online-orders-time-log,domain:sales_revenue,report:p2_reports:03_audit:31_online_orders_time_log,classifies,analytical domain,current,1.0,
edge:contains:section-p2-reports-03-audit:report-p2-reports-03-audit-32-happy-hour-report,section:p2_reports:03_audit,report:p2_reports:03_audit:32_happy_hour_report,contains,contains report,current,1.0,
edge:classifies:domain-sales-revenue:report-p2-reports-03-audit-32-happy-hour-report,domain:sales_revenue,report:p2_reports:03_audit:32_happy_hour_report,classifies,analytical domain,current,1.0,
edge:contains:section-p2-reports-03-audit:report-p2-reports-03-audit-33-item-based-offer-report,section:p2_reports:03_audit,report:p2_reports:03_audit:33_item_based_offer_report,contains,contains report,current,1.0,
edge:classifies:domain-sales-revenue:report-p2-reports-03-audit-33-item-based-offer-report,domain:sales_revenue,report:p2_reports:03_audit:33_item_based_offer_report,classifies,analytical domain,current,1.0,
edge:contains:section-p2-reports-03-audit:report-p2-reports-03-audit-34-virtual-user-report,section:p2_reports:03_audit,report:p2_reports:03_audit:34_virtual_user_report,contains,contains report,current,1.0,
edge:classifies:domain-sales-revenue:report-p2-reports-03-audit-34-virtual-user-report,domain:sales_revenue,report:p2_reports:03_audit:34_virtual_user_report,classifies,analytical domain,current,1.0,
edge:contains:section-p2-reports-03-audit:report-p2-reports-03-audit-35-bi-logs-report,section:p2_reports:03_audit,report:p2_reports:03_audit:35_bi_logs_report,contains,contains report,current,1.0,
edge:classifies:domain-sales-revenue:report-p2-reports-03-audit-35-bi-logs-report,domain:sales_revenue,report:p2_reports:03_audit:35_bi_logs_report,classifies,analytical domain,current,1.0,
edge:contains:section-p2-reports-03-audit:report-p2-reports-03-audit-36-rms-error-logs-report,section:p2_reports:03_audit,report:p2_reports:03_audit:36_rms_error_logs_report,contains,contains report,current,1.0,
edge:classifies:domain-sales-revenue:report-p2-reports-03-audit-36-rms-error-logs-report,domain:sales_revenue,report:p2_reports:03_audit:36_rms_error_logs_report,classifies,analytical domain,current,1.0,
edge:contains:section-p2-reports-03-audit:report-p2-reports-03-audit-37-offline-log-report,section:p2_reports:03_audit,report:p2_reports:03_audit:37_offline_log_report,contains,contains report,current,1.0,
edge:classifies:domain-sales-revenue:report-p2-reports-03-audit-37-offline-log-report,domain:sales_revenue,report:p2_reports:03_audit:37_offline_log_report,classifies,analytical domain,current,1.0,
edge:contains:section-p2-reports-03-audit:report-p2-reports-03-audit-38-aggregator-status-report,section:p2_reports:03_audit,report:p2_reports:03_audit:38_aggregator_status_report,contains,contains report,current,1.0,
edge:classifies:domain-sales-revenue:report-p2-reports-03-audit-38-aggregator-status-report,domain:sales_revenue,report:p2_reports:03_audit:38_aggregator_status_report,classifies,analytical domain,current,1.0,
edge:contains:section-p2-reports-03-audit:report-p2-reports-03-audit-39-custom-group-report,section:p2_reports:03_audit,report:p2_reports:03_audit:39_custom_group_report,contains,contains report,current,1.0,
edge:classifies:domain-sales-revenue:report-p2-reports-03-audit-39-custom-group-report,domain:sales_revenue,report:p2_reports:03_audit:39_custom_group_report,classifies,analytical domain,current,1.0,
edge:contains:section-p2-reports-03-audit:report-p2-reports-03-audit-40-bill-transfer-in-report,section:p2_reports:03_audit,report:p2_reports:03_audit:40_bill_transfer_in_report,contains,contains report,current,1.0,
edge:classifies:domain-sales-revenue:report-p2-reports-03-audit-40-bill-transfer-in-report,domain:sales_revenue,report:p2_reports:03_audit:40_bill_transfer_in_report,classifies,analytical domain,current,1.0,
edge:contains:section-p2-reports-03-audit:report-p2-reports-03-audit-41-audit-report,section:p2_reports:03_audit,report:p2_reports:03_audit:41_audit_report,contains,contains report,current,1.0,
edge:classifies:domain-sales-revenue:report-p2-reports-03-audit-41-audit-report,domain:sales_revenue,report:p2_reports:03_audit:41_audit_report,classifies,analytical domain,current,1.0,
edge:contains:section-p2-reports-03-audit:report-p2-reports-03-audit-42-msr-card-report,section:p2_reports:03_audit,report:p2_reports:03_audit:42_msr_card_report,contains,contains report,current,1.0,
edge:classifies:domain-sales-revenue:report-p2-reports-03-audit-42-msr-card-report,domain:sales_revenue,report:p2_reports:03_audit:42_msr_card_report,classifies,analytical domain,current,1.0,
edge:contains:section-p2-reports-03-audit:report-p2-reports-03-audit-43-billwise-distribution,section:p2_reports:03_audit,report:p2_reports:03_audit:43_billwise_distribution,contains,contains report,current,1.0,
edge:classifies:domain-sales-revenue:report-p2-reports-03-audit-43-billwise-distribution,domain:sales_revenue,report:p2_reports:03_audit:43_billwise_distribution,classifies,analytical domain,current,1.0,
edge:contains:section-p2-reports-03-audit:report-p2-reports-03-audit-44-bill-reprint-report,section:p2_reports:03_audit,report:p2_reports:03_audit:44_bill_reprint_report,contains,contains report,current,1.0,
edge:classifies:domain-sales-revenue:report-p2-reports-03-audit-44-bill-reprint-report,domain:sales_revenue,report:p2_reports:03_audit:44_bill_reprint_report,classifies,analytical domain,current,1.0,
edge:contains:section-p2-reports-03-audit:report-p2-reports-03-audit-45-billwise-sale-gst,section:p2_reports:03_audit,report:p2_reports:03_audit:45_billwise_sale_gst,contains,contains report,current,1.0,
edge:classifies:domain-sales-revenue:report-p2-reports-03-audit-45-billwise-sale-gst,domain:sales_revenue,report:p2_reports:03_audit:45_billwise_sale_gst,classifies,analytical domain,current,1.0,
edge:contains:section-p2-reports-03-audit:report-p2-reports-03-audit-46-cred-note-issued,section:p2_reports:03_audit,report:p2_reports:03_audit:46_cred_note_issued,contains,contains report,current,1.0,
edge:classifies:domain-sales-revenue:report-p2-reports-03-audit-46-cred-note-issued,domain:sales_revenue,report:p2_reports:03_audit:46_cred_note_issued,classifies,analytical domain,current,1.0,
edge:contains:section-p2-reports-03-audit:report-p2-reports-03-audit-47-day-part-daily-sales,section:p2_reports:03_audit,report:p2_reports:03_audit:47_day_part_daily_sales,contains,contains report,current,1.0,
edge:classifies:domain-sales-revenue:report-p2-reports-03-audit-47-day-part-daily-sales,domain:sales_revenue,report:p2_reports:03_audit:47_day_part_daily_sales,classifies,analytical domain,current,1.0,
edge:contains:section-p2-reports-03-audit:report-p2-reports-03-audit-48-button-disc-detail-report,section:p2_reports:03_audit,report:p2_reports:03_audit:48_button_disc_detail_report,contains,contains report,current,1.0,
edge:classifies:domain-sales-revenue:report-p2-reports-03-audit-48-button-disc-detail-report,domain:sales_revenue,report:p2_reports:03_audit:48_button_disc_detail_report,classifies,analytical domain,current,1.0,
edge:contains:section-p2-reports-03-audit:report-p2-reports-03-audit-49-staff-meal-report,section:p2_reports:03_audit,report:p2_reports:03_audit:49_staff_meal_report,contains,contains report,current,1.0,
edge:classifies:domain-sales-revenue:report-p2-reports-03-audit-49-staff-meal-report,domain:sales_revenue,report:p2_reports:03_audit:49_staff_meal_report,classifies,analytical domain,current,1.0,
edge:contains:section-p2-reports-03-audit:report-p2-reports-03-audit-50-bts-itemwise-report,section:p2_reports:03_audit,report:p2_reports:03_audit:50_bts_itemwise_report,contains,contains report,current,1.0,
edge:classifies:domain-sales-revenue:report-p2-reports-03-audit-50-bts-itemwise-report,domain:sales_revenue,report:p2_reports:03_audit:50_bts_itemwise_report,classifies,analytical domain,current,1.0,
edge:contains:section-p2-reports-04-category-item:report-p2-reports-04-category-item-01-item-by-source-report,section:p2_reports:04_category_item,report:p2_reports:04_category_item:01_item_by_source_report,contains,contains report,current,1.0,
edge:classifies:domain-sales-revenue:report-p2-reports-04-category-item-01-item-by-source-report,domain:sales_revenue,report:p2_reports:04_category_item:01_item_by_source_report,classifies,analytical domain,current,1.0,
edge:contains:section-p2-reports-04-category-item:report-p2-reports-04-category-item-02-item-wise-enterprise-report,section:p2_reports:04_category_item,report:p2_reports:04_category_item:02_item_wise_enterprise_report,contains,contains report,current,1.0,
edge:classifies:domain-sales-revenue:report-p2-reports-04-category-item-02-item-wise-enterprise-report,domain:sales_revenue,report:p2_reports:04_category_item:02_item_wise_enterprise_report,classifies,analytical domain,current,1.0,
edge:contains:section-p2-reports-04-category-item:report-p2-reports-04-category-item-03-sale-by-item-category,section:p2_reports:04_category_item,report:p2_reports:04_category_item:03_sale_by_item_category,contains,contains report,current,1.0,
edge:classifies:domain-sales-revenue:report-p2-reports-04-category-item-03-sale-by-item-category,domain:sales_revenue,report:p2_reports:04_category_item:03_sale_by_item_category,classifies,analytical domain,current,1.0,
edge:contains:section-p2-reports-04-category-item:report-p2-reports-04-category-item-04-item-comment-wise-consolidated-rep,section:p2_reports:04_category_item,report:p2_reports:04_category_item:04_item_comment_wise_consolidated_rep,contains,contains report,current,1.0,
edge:classifies:domain-sales-revenue:report-p2-reports-04-category-item-04-item-comment-wise-consolidated-rep,domain:sales_revenue,report:p2_reports:04_category_item:04_item_comment_wise_consolidated_rep,classifies,analytical domain,current,1.0,
edge:contains:section-p2-reports-04-category-item:report-p2-reports-04-category-item-05-itemwise-consolidate,section:p2_reports:04_category_item,report:p2_reports:04_category_item:05_itemwise_consolidate,contains,contains report,current,1.0,
edge:classifies:domain-sales-revenue:report-p2-reports-04-category-item-05-itemwise-consolidate,domain:sales_revenue,report:p2_reports:04_category_item:05_itemwise_consolidate,classifies,analytical domain,current,1.0,
edge:contains:section-p2-reports-04-category-item:report-p2-reports-04-category-item-06-section-category-wise-report,section:p2_reports:04_category_item,report:p2_reports:04_category_item:06_section_category_wise_report,contains,contains report,current,1.0,
edge:classifies:domain-sales-revenue:report-p2-reports-04-category-item-06-section-category-wise-report,domain:sales_revenue,report:p2_reports:04_category_item:06_section_category_wise_report,classifies,analytical domain,current,1.0,
edge:contains:section-p2-reports-04-category-item:report-p2-reports-04-category-item-07-section-tabwise-sales-report,section:p2_reports:04_category_item,report:p2_reports:04_category_item:07_section_tabwise_sales_report,contains,contains report,current,1.0,
edge:classifies:domain-sales-revenue:report-p2-reports-04-category-item-07-section-tabwise-sales-report,domain:sales_revenue,report:p2_reports:04_category_item:07_section_tabwise_sales_report,classifies,analytical domain,current,1.0,
edge:contains:section-p2-reports-04-category-item:report-p2-reports-04-category-item-08-itemwise-contribution,section:p2_reports:04_category_item,report:p2_reports:04_category_item:08_itemwise_contribution,contains,contains report,current,1.0,
edge:classifies:domain-sales-revenue:report-p2-reports-04-category-item-08-itemwise-contribution,domain:sales_revenue,report:p2_reports:04_category_item:08_itemwise_contribution,classifies,analytical domain,current,1.0,
edge:contains:section-p2-reports-04-category-item:report-p2-reports-04-category-item-09-menu-mix-report,section:p2_reports:04_category_item,report:p2_reports:04_category_item:09_menu_mix_report,contains,contains report,current,1.0,
edge:classifies:domain-sales-revenue:report-p2-reports-04-category-item-09-menu-mix-report,domain:sales_revenue,report:p2_reports:04_category_item:09_menu_mix_report,classifies,analytical domain,current,1.0,
edge:contains:section-p2-reports-04-category-item:report-p2-reports-04-category-item-10-item-incidence-report,section:p2_reports:04_category_item,report:p2_reports:04_category_item:10_item_incidence_report,contains,contains report,current,1.0,
edge:classifies:domain-sales-revenue:report-p2-reports-04-category-item-10-item-incidence-report,domain:sales_revenue,report:p2_reports:04_category_item:10_item_incidence_report,classifies,analytical domain,current,1.0,
edge:contains:section-p2-reports-04-category-item:report-p2-reports-04-category-item-11-sessionwise-item-sale,section:p2_reports:04_category_item,report:p2_reports:04_category_item:11_sessionwise_item_sale,contains,contains report,current,1.0,
edge:classifies:domain-sales-revenue:report-p2-reports-04-category-item-11-sessionwise-item-sale,domain:sales_revenue,report:p2_reports:04_category_item:11_sessionwise_item_sale,classifies,analytical domain,current,1.0,
edge:contains:section-p2-reports-04-category-item:report-p2-reports-04-category-item-12-product-report,section:p2_reports:04_category_item,report:p2_reports:04_category_item:12_product_report,contains,contains report,current,1.0,
edge:classifies:domain-sales-revenue:report-p2-reports-04-category-item-12-product-report,domain:sales_revenue,report:p2_reports:04_category_item:12_product_report,classifies,analytical domain,current,1.0,
edge:contains:section-p2-reports-04-category-item:report-p2-reports-04-category-item-13-combo-report,section:p2_reports:04_category_item,report:p2_reports:04_category_item:13_combo_report,contains,contains report,current,1.0,
edge:classifies:domain-sales-revenue:report-p2-reports-04-category-item-13-combo-report,domain:sales_revenue,report:p2_reports:04_category_item:13_combo_report,classifies,analytical domain,current,1.0,
edge:contains:section-p2-reports-04-category-item:report-p2-reports-04-category-item-14-assorted-items-report,section:p2_reports:04_category_item,report:p2_reports:04_category_item:14_assorted_items_report,contains,contains report,current,1.0,
edge:classifies:domain-sales-revenue:report-p2-reports-04-category-item-14-assorted-items-report,domain:sales_revenue,report:p2_reports:04_category_item:14_assorted_items_report,classifies,analytical domain,current,1.0,
edge:contains:section-p2-reports-04-category-item:report-p2-reports-04-category-item-15-addon-report,section:p2_reports:04_category_item,report:p2_reports:04_category_item:15_addon_report,contains,contains report,current,1.0,
edge:classifies:domain-sales-revenue:report-p2-reports-04-category-item-15-addon-report,domain:sales_revenue,report:p2_reports:04_category_item:15_addon_report,classifies,analytical domain,current,1.0,
edge:contains:section-p2-reports-04-category-item:report-p2-reports-04-category-item-16-product-price-variation-report,section:p2_reports:04_category_item,report:p2_reports:04_category_item:16_product_price_variation_report,contains,contains report,current,1.0,
edge:classifies:domain-sales-revenue:report-p2-reports-04-category-item-16-product-price-variation-report,domain:sales_revenue,report:p2_reports:04_category_item:16_product_price_variation_report,classifies,analytical domain,current,1.0,
edge:contains:section-p2-reports-04-category-item:report-p2-reports-04-category-item-17-hourly-item-detail-billwise-with-s,section:p2_reports:04_category_item,report:p2_reports:04_category_item:17_hourly_item_detail_billwise_with_s,contains,contains report,current,1.0,
edge:classifies:domain-sales-revenue:report-p2-reports-04-category-item-17-hourly-item-detail-billwise-with-s,domain:sales_revenue,report:p2_reports:04_category_item:17_hourly_item_detail_billwise_with_s,classifies,analytical domain,current,1.0,
edge:contains:section-p2-reports-04-category-item:report-p2-reports-04-category-item-18-item-stock-status-report,section:p2_reports:04_category_item,report:p2_reports:04_category_item:18_item_stock_status_report,contains,contains report,current,1.0,
edge:classifies:domain-inventory-consumption:report-p2-reports-04-category-item-18-item-stock-status-report,domain:inventory_consumption,report:p2_reports:04_category_item:18_item_stock_status_report,classifies,analytical domain,current,1.0,
edge:contains:section-p2-reports-05-crm:report-p2-reports-05-crm-01-crm-report,section:p2_reports:05_crm,report:p2_reports:05_crm:01_crm_report,contains,contains report,current,1.0,
edge:classifies:domain-sales-revenue:report-p2-reports-05-crm-01-crm-report,domain:sales_revenue,report:p2_reports:05_crm:01_crm_report,classifies,analytical domain,current,1.0,
edge:contains:section-p2-reports-05-crm:report-p2-reports-05-crm-02-bill-and-customer-consolidated-rep,section:p2_reports:05_crm,report:p2_reports:05_crm:02_bill_and_customer_consolidated_rep,contains,contains report,current,1.0,
edge:classifies:domain-sales-revenue:report-p2-reports-05-crm-02-bill-and-customer-consolidated-rep,domain:sales_revenue,report:p2_reports:05_crm:02_bill_and_customer_consolidated_rep,classifies,analytical domain,current,1.0,
edge:contains:section-p2-reports-05-crm:report-p2-reports-05-crm-03-call-details-report,section:p2_reports:05_crm,report:p2_reports:05_crm:03_call_details_report,contains,contains report,current,1.0,
edge:classifies:domain-sales-revenue:report-p2-reports-05-crm-03-call-details-report,domain:sales_revenue,report:p2_reports:05_crm:03_call_details_report,classifies,analytical domain,current,1.0,
edge:contains:section-p2-reports-06-prepaid-card:report-p2-reports-06-prepaid-card-01-card-report,section:p2_reports:06_prepaid_card,report:p2_reports:06_prepaid_card:01_card_report,contains,contains report,current,1.0,
edge:classifies:domain-sales-revenue:report-p2-reports-06-prepaid-card-01-card-report,domain:sales_revenue,report:p2_reports:06_prepaid_card:01_card_report,classifies,analytical domain,current,1.0,
edge:contains:section-p2-reports-07-sales:report-p2-reports-07-sales-01-payment-details-report,section:p2_reports:07_sales,report:p2_reports:07_sales:01_payment_details_report,contains,contains report,current,1.0,
edge:classifies:domain-sales-revenue:report-p2-reports-07-sales-01-payment-details-report,domain:sales_revenue,report:p2_reports:07_sales:01_payment_details_report,classifies,analytical domain,current,1.0,
edge:contains:section-p2-reports-07-sales:report-p2-reports-07-sales-02-payments-breakup-detailed,section:p2_reports:07_sales,report:p2_reports:07_sales:02_payments_breakup_detailed,contains,contains report,current,1.0,
edge:classifies:domain-sales-revenue:report-p2-reports-07-sales-02-payments-breakup-detailed,domain:sales_revenue,report:p2_reports:07_sales:02_payments_breakup_detailed,classifies,analytical domain,current,1.0,
edge:contains:section-p2-reports-07-sales:report-p2-reports-07-sales-03-tax-summary-report,section:p2_reports:07_sales,report:p2_reports:07_sales:03_tax_summary_report,contains,contains report,current,1.0,
edge:classifies:domain-sales-revenue:report-p2-reports-07-sales-03-tax-summary-report,domain:sales_revenue,report:p2_reports:07_sales:03_tax_summary_report,classifies,analytical domain,current,1.0,
edge:contains:section-p2-reports-07-sales:report-p2-reports-07-sales-04-taxation-sale-report,section:p2_reports:07_sales,report:p2_reports:07_sales:04_taxation_sale_report,contains,contains report,current,1.0,
edge:classifies:domain-sales-revenue:report-p2-reports-07-sales-04-taxation-sale-report,domain:sales_revenue,report:p2_reports:07_sales:04_taxation_sale_report,classifies,analytical domain,current,1.0,
edge:contains:section-p2-reports-07-sales:report-p2-reports-07-sales-05-category-wise-sales-report,section:p2_reports:07_sales,report:p2_reports:07_sales:05_category_wise_sales_report,contains,contains report,current,1.0,
edge:classifies:domain-sales-revenue:report-p2-reports-07-sales-05-category-wise-sales-report,domain:sales_revenue,report:p2_reports:07_sales:05_category_wise_sales_report,classifies,analytical domain,current,1.0,
edge:contains:section-p2-reports-07-sales:report-p2-reports-07-sales-06-bill-item-detail-report,section:p2_reports:07_sales,report:p2_reports:07_sales:06_bill_item_detail_report,contains,contains report,current,1.0,
edge:classifies:domain-sales-revenue:report-p2-reports-07-sales-06-bill-item-detail-report,domain:sales_revenue,report:p2_reports:07_sales:06_bill_item_detail_report,classifies,analytical domain,current,1.0,
edge:contains:section-p2-reports-07-sales:report-p2-reports-07-sales-07-settlement-report,section:p2_reports:07_sales,report:p2_reports:07_sales:07_settlement_report,contains,contains report,current,1.0,
edge:classifies:domain-sales-revenue:report-p2-reports-07-sales-07-settlement-report,domain:sales_revenue,report:p2_reports:07_sales:07_settlement_report,classifies,analytical domain,current,1.0,
edge:contains:section-p2-reports-07-sales:report-p2-reports-07-sales-08-ttr-settlement-report,section:p2_reports:07_sales,report:p2_reports:07_sales:08_ttr_settlement_report,contains,contains report,current,1.0,
edge:classifies:domain-sales-revenue:report-p2-reports-07-sales-08-ttr-settlement-report,domain:sales_revenue,report:p2_reports:07_sales:08_ttr_settlement_report,classifies,analytical domain,current,1.0,
edge:contains:section-p2-reports-07-sales:report-p2-reports-07-sales-09-payments-breakup-report,section:p2_reports:07_sales,report:p2_reports:07_sales:09_payments_breakup_report,contains,contains report,current,1.0,
edge:classifies:domain-sales-revenue:report-p2-reports-07-sales-09-payments-breakup-report,domain:sales_revenue,report:p2_reports:07_sales:09_payments_breakup_report,classifies,analytical domain,current,1.0,
edge:contains:section-p2-reports-07-sales:report-p2-reports-07-sales-10-btc-settlement-report,section:p2_reports:07_sales,report:p2_reports:07_sales:10_btc_settlement_report,contains,contains report,current,1.0,
edge:classifies:domain-sales-revenue:report-p2-reports-07-sales-10-btc-settlement-report,domain:sales_revenue,report:p2_reports:07_sales:10_btc_settlement_report,classifies,analytical domain,current,1.0,
edge:contains:section-p2-reports-07-sales:report-p2-reports-07-sales-11-online-other-payment-detail-report,section:p2_reports:07_sales,report:p2_reports:07_sales:11_online_other_payment_detail_report,contains,contains report,current,1.0,
edge:classifies:domain-sales-revenue:report-p2-reports-07-sales-11-online-other-payment-detail-report,domain:sales_revenue,report:p2_reports:07_sales:11_online_other_payment_detail_report,classifies,analytical domain,current,1.0,
edge:contains:section-p2-reports-07-sales:report-p2-reports-07-sales-12-online-other-payment-consolidated,section:p2_reports:07_sales,report:p2_reports:07_sales:12_online_other_payment_consolidated,contains,contains report,current,1.0,
edge:classifies:domain-sales-revenue:report-p2-reports-07-sales-12-online-other-payment-consolidated,domain:sales_revenue,report:p2_reports:07_sales:12_online_other_payment_consolidated,classifies,analytical domain,current,1.0,
edge:contains:section-p2-reports-07-sales:report-p2-reports-07-sales-13-coupon-report,section:p2_reports:07_sales,report:p2_reports:07_sales:13_coupon_report,contains,contains report,current,1.0,
edge:classifies:domain-sales-revenue:report-p2-reports-07-sales-13-coupon-report,domain:sales_revenue,report:p2_reports:07_sales:13_coupon_report,classifies,analytical domain,current,1.0,
edge:contains:section-p2-reports-07-sales:report-p2-reports-07-sales-14-instance-wise-report,section:p2_reports:07_sales,report:p2_reports:07_sales:14_instance_wise_report,contains,contains report,current,1.0,
edge:classifies:domain-sales-revenue:report-p2-reports-07-sales-14-instance-wise-report,domain:sales_revenue,report:p2_reports:07_sales:14_instance_wise_report,classifies,analytical domain,current,1.0,
edge:contains:section-p2-reports-07-sales:report-p2-reports-07-sales-15-delivery-report,section:p2_reports:07_sales,report:p2_reports:07_sales:15_delivery_report,contains,contains report,current,1.0,
edge:classifies:domain-sales-revenue:report-p2-reports-07-sales-15-delivery-report,domain:sales_revenue,report:p2_reports:07_sales:15_delivery_report,classifies,analytical domain,current,1.0,
edge:contains:section-p2-reports-07-sales:report-p2-reports-07-sales-16-daily-sales-report,section:p2_reports:07_sales,report:p2_reports:07_sales:16_daily_sales_report,contains,contains report,current,1.0,
edge:classifies:domain-sales-revenue:report-p2-reports-07-sales-16-daily-sales-report,domain:sales_revenue,report:p2_reports:07_sales:16_daily_sales_report,classifies,analytical domain,current,1.0,
edge:contains:section-p2-reports-07-sales:report-p2-reports-07-sales-17-daily-sales-summary-report,section:p2_reports:07_sales,report:p2_reports:07_sales:17_daily_sales_summary_report,contains,contains report,current,1.0,
edge:classifies:domain-sales-revenue:report-p2-reports-07-sales-17-daily-sales-summary-report,domain:sales_revenue,report:p2_reports:07_sales:17_daily_sales_summary_report,classifies,analytical domain,current,1.0,
edge:contains:section-p2-reports-07-sales:report-p2-reports-07-sales-18-day-wise-sales-report,section:p2_reports:07_sales,report:p2_reports:07_sales:18_day_wise_sales_report,contains,contains report,current,1.0,
edge:classifies:domain-sales-revenue:report-p2-reports-07-sales-18-day-wise-sales-report,domain:sales_revenue,report:p2_reports:07_sales:18_day_wise_sales_report,classifies,analytical domain,current,1.0,
edge:contains:section-p2-reports-07-sales:report-p2-reports-07-sales-19-daily-sales-report-detailed,section:p2_reports:07_sales,report:p2_reports:07_sales:19_daily_sales_report_detailed,contains,contains report,current,1.0,
edge:classifies:domain-sales-revenue:report-p2-reports-07-sales-19-daily-sales-report-detailed,domain:sales_revenue,report:p2_reports:07_sales:19_daily_sales_report_detailed,classifies,analytical domain,current,1.0,
edge:contains:section-p2-reports-07-sales:report-p2-reports-07-sales-20-day-closing-report,section:p2_reports:07_sales,report:p2_reports:07_sales:20_day_closing_report,contains,contains report,current,1.0,
edge:classifies:domain-sales-revenue:report-p2-reports-07-sales-20-day-closing-report,domain:sales_revenue,report:p2_reports:07_sales:20_day_closing_report,classifies,analytical domain,current,1.0,
edge:contains:section-p2-reports-07-sales:report-p2-reports-07-sales-21-week-cost-report,section:p2_reports:07_sales,report:p2_reports:07_sales:21_week_cost_report,contains,contains report,current,1.0,
edge:classifies:domain-sales-revenue:report-p2-reports-07-sales-21-week-cost-report,domain:sales_revenue,report:p2_reports:07_sales:21_week_cost_report,classifies,analytical domain,current,1.0,
edge:contains:section-p2-reports-07-sales:report-p2-reports-07-sales-22-mtax-log-report,section:p2_reports:07_sales,report:p2_reports:07_sales:22_mtax_log_report,contains,contains report,current,1.0,
edge:classifies:domain-sales-revenue:report-p2-reports-07-sales-22-mtax-log-report,domain:sales_revenue,report:p2_reports:07_sales:22_mtax_log_report,classifies,analytical domain,current,1.0,
edge:contains:section-p2-reports-07-sales:report-p2-reports-07-sales-23-hourly-sales-summary,section:p2_reports:07_sales,report:p2_reports:07_sales:23_hourly_sales_summary,contains,contains report,current,1.0,
edge:classifies:domain-sales-revenue:report-p2-reports-07-sales-23-hourly-sales-summary,domain:sales_revenue,report:p2_reports:07_sales:23_hourly_sales_summary,classifies,analytical domain,current,1.0,
edge:contains:section-p2-reports-07-sales:report-p2-reports-07-sales-24-source-wise-analysis-report,section:p2_reports:07_sales,report:p2_reports:07_sales:24_source_wise_analysis_report,contains,contains report,current,1.0,
edge:classifies:domain-sales-revenue:report-p2-reports-07-sales-24-source-wise-analysis-report,domain:sales_revenue,report:p2_reports:07_sales:24_source_wise_analysis_report,classifies,analytical domain,current,1.0,
edge:contains:section-p2-reports-07-sales:report-p2-reports-07-sales-25-bill-no-wise-report,section:p2_reports:07_sales,report:p2_reports:07_sales:25_bill_no_wise_report,contains,contains report,current,1.0,
edge:classifies:domain-sales-revenue:report-p2-reports-07-sales-25-bill-no-wise-report,domain:sales_revenue,report:p2_reports:07_sales:25_bill_no_wise_report,classifies,analytical domain,current,1.0,
edge:contains:section-p2-reports-07-sales:report-p2-reports-07-sales-26-bill-status-sales-report,section:p2_reports:07_sales,report:p2_reports:07_sales:26_bill_status_sales_report,contains,contains report,current,1.0,
edge:classifies:domain-sales-revenue:report-p2-reports-07-sales-26-bill-status-sales-report,domain:sales_revenue,report:p2_reports:07_sales:26_bill_status_sales_report,classifies,analytical domain,current,1.0,
edge:contains:section-p2-reports-07-sales:report-p2-reports-07-sales-27-advance-booking-report,section:p2_reports:07_sales,report:p2_reports:07_sales:27_advance_booking_report,contains,contains report,current,1.0,
edge:classifies:domain-sales-revenue:report-p2-reports-07-sales-27-advance-booking-report,domain:sales_revenue,report:p2_reports:07_sales:27_advance_booking_report,classifies,analytical domain,current,1.0,
edge:contains:section-p2-reports-07-sales:report-p2-reports-07-sales-28-advance-booking-session-consolidat,section:p2_reports:07_sales,report:p2_reports:07_sales:28_advance_booking_session_consolidat,contains,contains report,current,1.0,
edge:classifies:domain-sales-revenue:report-p2-reports-07-sales-28-advance-booking-session-consolidat,domain:sales_revenue,report:p2_reports:07_sales:28_advance_booking_session_consolidat,classifies,analytical domain,current,1.0,
edge:contains:section-p2-reports-07-sales:report-p2-reports-07-sales-29-day-check-close-report,section:p2_reports:07_sales,report:p2_reports:07_sales:29_day_check_close_report,contains,contains report,current,1.0,
edge:classifies:domain-sales-revenue:report-p2-reports-07-sales-29-day-check-close-report,domain:sales_revenue,report:p2_reports:07_sales:29_day_check_close_report,classifies,analytical domain,current,1.0,
edge:contains:section-p2-reports-07-sales:report-p2-reports-07-sales-30-enterprise-settlement-report,section:p2_reports:07_sales,report:p2_reports:07_sales:30_enterprise_settlement_report,contains,contains report,current,1.0,
edge:classifies:domain-sales-revenue:report-p2-reports-07-sales-30-enterprise-settlement-report,domain:sales_revenue,report:p2_reports:07_sales:30_enterprise_settlement_report,classifies,analytical domain,current,1.0,
edge:contains:section-p2-reports-07-sales:report-p2-reports-07-sales-31-online-orders-report,section:p2_reports:07_sales,report:p2_reports:07_sales:31_online_orders_report,contains,contains report,current,1.0,
edge:classifies:domain-sales-revenue:report-p2-reports-07-sales-31-online-orders-report,domain:sales_revenue,report:p2_reports:07_sales:31_online_orders_report,classifies,analytical domain,current,1.0,
edge:contains:section-p2-reports-07-sales:report-p2-reports-07-sales-32-daily-sales-breakup,section:p2_reports:07_sales,report:p2_reports:07_sales:32_daily_sales_breakup,contains,contains report,current,1.0,
edge:classifies:domain-sales-revenue:report-p2-reports-07-sales-32-daily-sales-breakup,domain:sales_revenue,report:p2_reports:07_sales:32_daily_sales_breakup,classifies,analytical domain,current,1.0,
edge:contains:section-p2-reports-07-sales:report-p2-reports-07-sales-33-food-sold-report,section:p2_reports:07_sales,report:p2_reports:07_sales:33_food_sold_report,contains,contains report,current,1.0,
edge:classifies:domain-sales-revenue:report-p2-reports-07-sales-33-food-sold-report,domain:sales_revenue,report:p2_reports:07_sales:33_food_sold_report,classifies,analytical domain,current,1.0,
edge:contains:section-p2-reports-07-sales:report-p2-reports-07-sales-34-bill-wise-sales-gst-billwise,section:p2_reports:07_sales,report:p2_reports:07_sales:34_bill_wise_sales_gst_billwise,contains,contains report,current,1.0,
edge:classifies:domain-sales-revenue:report-p2-reports-07-sales-34-bill-wise-sales-gst-billwise,domain:sales_revenue,report:p2_reports:07_sales:34_bill_wise_sales_gst_billwise,classifies,analytical domain,current,1.0,
edge:contains:section-p2-reports-07-sales:report-p2-reports-07-sales-35-wtd-sos-comparison,section:p2_reports:07_sales,report:p2_reports:07_sales:35_wtd_sos_comparison,contains,contains report,current,1.0,
edge:classifies:domain-sales-revenue:report-p2-reports-07-sales-35-wtd-sos-comparison,domain:sales_revenue,report:p2_reports:07_sales:35_wtd_sos_comparison,classifies,analytical domain,current,1.0,
edge:contains:section-p2-reports-07-sales:report-p2-reports-07-sales-36-gross-sale-wastage-report,section:p2_reports:07_sales,report:p2_reports:07_sales:36_gross_sale_wastage_report,contains,contains report,current,1.0,
edge:classifies:domain-inventory-consumption:report-p2-reports-07-sales-36-gross-sale-wastage-report,domain:inventory_consumption,report:p2_reports:07_sales:36_gross_sale_wastage_report,classifies,analytical domain,current,1.0,
edge:contains:section-p2-reports-07-sales:report-p2-reports-07-sales-37-dsh-item-wise-report,section:p2_reports:07_sales,report:p2_reports:07_sales:37_dsh_item_wise_report,contains,contains report,current,1.0,
edge:classifies:domain-sales-revenue:report-p2-reports-07-sales-37-dsh-item-wise-report,domain:sales_revenue,report:p2_reports:07_sales:37_dsh_item_wise_report,classifies,analytical domain,current,1.0,
edge:contains:section-p2-reports-07-sales:report-p2-reports-07-sales-38-daily-sales-reversal,section:p2_reports:07_sales,report:p2_reports:07_sales:38_daily_sales_reversal,contains,contains report,current,1.0,
edge:classifies:domain-sales-revenue:report-p2-reports-07-sales-38-daily-sales-reversal,domain:sales_revenue,report:p2_reports:07_sales:38_daily_sales_reversal,classifies,analytical domain,current,1.0,
edge:contains:section-p2-reports-07-sales:report-p2-reports-07-sales-39-day-wise-revenue-report,section:p2_reports:07_sales,report:p2_reports:07_sales:39_day_wise_revenue_report,contains,contains report,current,1.0,
edge:classifies:domain-sales-revenue:report-p2-reports-07-sales-39-day-wise-revenue-report,domain:sales_revenue,report:p2_reports:07_sales:39_day_wise_revenue_report,classifies,analytical domain,current,1.0,
edge:contains:section-p2-reports-07-sales:report-p2-reports-07-sales-40-online-order-payment-details-repor,section:p2_reports:07_sales,report:p2_reports:07_sales:40_online_order_payment_details_repor,contains,contains report,current,1.0,
edge:classifies:domain-sales-revenue:report-p2-reports-07-sales-40-online-order-payment-details-repor,domain:sales_revenue,report:p2_reports:07_sales:40_online_order_payment_details_repor,classifies,analytical domain,current,1.0,
edge:contains:section-p2-reports-07-sales:report-p2-reports-07-sales-41-msr-card-reload-report,section:p2_reports:07_sales,report:p2_reports:07_sales:41_msr_card_reload_report,contains,contains report,current,1.0,
edge:classifies:domain-sales-revenue:report-p2-reports-07-sales-41-msr-card-reload-report,domain:sales_revenue,report:p2_reports:07_sales:41_msr_card_reload_report,classifies,analytical domain,current,1.0,
edge:contains:section-p2-reports-08-gst:report-p2-reports-08-gst-01-item-wise-gst-report,section:p2_reports:08_gst,report:p2_reports:08_gst:01_item_wise_gst_report,contains,contains report,current,1.0,
edge:classifies:domain-sales-revenue:report-p2-reports-08-gst-01-item-wise-gst-report,domain:sales_revenue,report:p2_reports:08_gst:01_item_wise_gst_report,classifies,analytical domain,current,1.0,
edge:contains:section-p2-reports-08-gst:report-p2-reports-08-gst-02-gst-wise-report,section:p2_reports:08_gst,report:p2_reports:08_gst:02_gst_wise_report,contains,contains report,current,1.0,
edge:classifies:domain-sales-revenue:report-p2-reports-08-gst-02-gst-wise-report,domain:sales_revenue,report:p2_reports:08_gst:02_gst_wise_report,classifies,analytical domain,current,1.0,
edge:contains:section-p2-reports-08-gst:report-p2-reports-08-gst-03-non-gst-wise-report,section:p2_reports:08_gst,report:p2_reports:08_gst:03_non_gst_wise_report,contains,contains report,current,1.0,
edge:classifies:domain-sales-revenue:report-p2-reports-08-gst-03-non-gst-wise-report,domain:sales_revenue,report:p2_reports:08_gst:03_non_gst_wise_report,classifies,analytical domain,current,1.0,
edge:contains:section-p2-reports-08-gst:report-p2-reports-08-gst-04-instance-wise-gst-report,section:p2_reports:08_gst,report:p2_reports:08_gst:04_instance_wise_gst_report,contains,contains report,current,1.0,
edge:classifies:domain-sales-revenue:report-p2-reports-08-gst-04-instance-wise-gst-report,domain:sales_revenue,report:p2_reports:08_gst:04_instance_wise_gst_report,classifies,analytical domain,current,1.0,
edge:contains:section-p2-reports-08-gst:report-p2-reports-08-gst-05-gstr-report,section:p2_reports:08_gst,report:p2_reports:08_gst:05_gstr_report,contains,contains report,current,1.0,
edge:classifies:domain-sales-revenue:report-p2-reports-08-gst-05-gstr-report,domain:sales_revenue,report:p2_reports:08_gst:05_gstr_report,classifies,analytical domain,current,1.0,
edge:contains:section-p2-reports-08-gst:report-p2-reports-08-gst-06-tab-wise-gst-report,section:p2_reports:08_gst,report:p2_reports:08_gst:06_tab_wise_gst_report,contains,contains report,current,1.0,
edge:classifies:domain-sales-revenue:report-p2-reports-08-gst-06-tab-wise-gst-report,domain:sales_revenue,report:p2_reports:08_gst:06_tab_wise_gst_report,classifies,analytical domain,current,1.0,
edge:contains:section-p2-reports-08-gst:report-p2-reports-08-gst-07-hsn-report,section:p2_reports:08_gst,report:p2_reports:08_gst:07_hsn_report,contains,contains report,current,1.0,
edge:classifies:domain-sales-revenue:report-p2-reports-08-gst-07-hsn-report,domain:sales_revenue,report:p2_reports:08_gst:07_hsn_report,classifies,analytical domain,current,1.0,
edge:contains:section-p2-reports-08-gst:report-p2-reports-08-gst-08-item-per-bill-count-report,section:p2_reports:08_gst,report:p2_reports:08_gst:08_item_per_bill_count_report,contains,contains report,current,1.0,
edge:classifies:domain-sales-revenue:report-p2-reports-08-gst-08-item-per-bill-count-report,domain:sales_revenue,report:p2_reports:08_gst:08_item_per_bill_count_report,classifies,analytical domain,current,1.0,
edge:contains:section-p2-reports-09-staff-perf:report-p2-reports-09-staff-perf-01-tab-user-waiter-cashier-breakdown,section:p2_reports:09_staff_perf,report:p2_reports:09_staff_perf:01_tab_user_waiter_cashier_breakdown,contains,contains report,current,1.0,
edge:classifies:domain-sales-revenue:report-p2-reports-09-staff-perf-01-tab-user-waiter-cashier-breakdown,domain:sales_revenue,report:p2_reports:09_staff_perf:01_tab_user_waiter_cashier_breakdown,classifies,analytical domain,current,1.0,
edge:contains:section-p2-reports-09-staff-perf:report-p2-reports-09-staff-perf-02-server-report-card,section:p2_reports:09_staff_perf,report:p2_reports:09_staff_perf:02_server_report_card,contains,contains report,current,1.0,
edge:classifies:domain-sales-revenue:report-p2-reports-09-staff-perf-02-server-report-card,domain:sales_revenue,report:p2_reports:09_staff_perf:02_server_report_card,classifies,analytical domain,current,1.0,
edge:contains:section-p2-reports-09-staff-perf:report-p2-reports-09-staff-perf-03-compare-servers,section:p2_reports:09_staff_perf,report:p2_reports:09_staff_perf:03_compare_servers,contains,contains report,current,1.0,
edge:classifies:domain-sales-revenue:report-p2-reports-09-staff-perf-03-compare-servers,domain:sales_revenue,report:p2_reports:09_staff_perf:03_compare_servers,classifies,analytical domain,current,1.0,
edge:contains:section-p2-reports-09-staff-perf:report-p2-reports-09-staff-perf-04-delivery-rider-tracking-report,section:p2_reports:09_staff_perf,report:p2_reports:09_staff_perf:04_delivery_rider_tracking_report,contains,contains report,current,1.0,
edge:classifies:domain-sales-revenue:report-p2-reports-09-staff-perf-04-delivery-rider-tracking-report,domain:sales_revenue,report:p2_reports:09_staff_perf:04_delivery_rider_tracking_report,classifies,analytical domain,current,1.0,
edge:contains:section-p2-reports-09-staff-perf:report-p2-reports-09-staff-perf-05-employee-performance-by-category,section:p2_reports:09_staff_perf,report:p2_reports:09_staff_perf:05_employee_performance_by_category,contains,contains report,current,1.0,
edge:classifies:domain-sales-revenue:report-p2-reports-09-staff-perf-05-employee-performance-by-category,domain:sales_revenue,report:p2_reports:09_staff_perf:05_employee_performance_by_category,classifies,analytical domain,current,1.0,
edge:contains:section-p2-reports-10-cash-mgmt:report-p2-reports-10-cash-mgmt-01-day-report,section:p2_reports:10_cash_mgmt,report:p2_reports:10_cash_mgmt:01_day_report,contains,contains report,current,1.0,
edge:classifies:domain-sales-revenue:report-p2-reports-10-cash-mgmt-01-day-report,domain:sales_revenue,report:p2_reports:10_cash_mgmt:01_day_report,classifies,analytical domain,current,1.0,
edge:contains:section-p2-reports-10-cash-mgmt:report-p2-reports-10-cash-mgmt-02-shift-report,section:p2_reports:10_cash_mgmt,report:p2_reports:10_cash_mgmt:02_shift_report,contains,contains report,current,1.0,
edge:classifies:domain-sales-revenue:report-p2-reports-10-cash-mgmt-02-shift-report,domain:sales_revenue,report:p2_reports:10_cash_mgmt:02_shift_report,classifies,analytical domain,current,1.0,
edge:contains:section-p2-reports-10-cash-mgmt:report-p2-reports-10-cash-mgmt-03-envelope-report,section:p2_reports:10_cash_mgmt,report:p2_reports:10_cash_mgmt:03_envelope_report,contains,contains report,current,1.0,
edge:classifies:domain-sales-revenue:report-p2-reports-10-cash-mgmt-03-envelope-report,domain:sales_revenue,report:p2_reports:10_cash_mgmt:03_envelope_report,classifies,analytical domain,current,1.0,
edge:contains:section-p2-reports-10-cash-mgmt:report-p2-reports-10-cash-mgmt-04-cash-in-cash-out-report,section:p2_reports:10_cash_mgmt,report:p2_reports:10_cash_mgmt:04_cash_in_cash_out_report,contains,contains report,current,1.0,
edge:classifies:domain-sales-revenue:report-p2-reports-10-cash-mgmt-04-cash-in-cash-out-report,domain:sales_revenue,report:p2_reports:10_cash_mgmt:04_cash_in_cash_out_report,classifies,analytical domain,current,1.0,
edge:contains:section-p2-reports-10-cash-mgmt:report-p2-reports-10-cash-mgmt-05-multi-currency-detail-report,section:p2_reports:10_cash_mgmt,report:p2_reports:10_cash_mgmt:05_multi_currency_detail_report,contains,contains report,current,1.0,
edge:classifies:domain-sales-revenue:report-p2-reports-10-cash-mgmt-05-multi-currency-detail-report,domain:sales_revenue,report:p2_reports:10_cash_mgmt:05_multi_currency_detail_report,classifies,analytical domain,current,1.0,
edge:contains:section-p2-reports-11-banquet:report-p2-reports-11-banquet-01-banquet-function-list-report,section:p2_reports:11_banquet,report:p2_reports:11_banquet:01_banquet_function_list_report,contains,contains report,current,1.0,
edge:classifies:domain-sales-revenue:report-p2-reports-11-banquet-01-banquet-function-list-report,domain:sales_revenue,report:p2_reports:11_banquet:01_banquet_function_list_report,classifies,analytical domain,current,1.0,
edge:contains:section-p2-reports-11-banquet:report-p2-reports-11-banquet-02-banquet-sales-register,section:p2_reports:11_banquet,report:p2_reports:11_banquet:02_banquet_sales_register,contains,contains report,current,1.0,
edge:classifies:domain-sales-revenue:report-p2-reports-11-banquet-02-banquet-sales-register,domain:sales_revenue,report:p2_reports:11_banquet:02_banquet_sales_register,classifies,analytical domain,current,1.0,
edge:contains:section-p2-reports-11-banquet:report-p2-reports-11-banquet-03-day-wise-sales-register,section:p2_reports:11_banquet,report:p2_reports:11_banquet:03_day_wise_sales_register,contains,contains report,current,1.0,
edge:classifies:domain-sales-revenue:report-p2-reports-11-banquet-03-day-wise-sales-register,domain:sales_revenue,report:p2_reports:11_banquet:03_day_wise_sales_register,classifies,analytical domain,current,1.0,
edge:contains:section-p2-reports-12-bir:report-p2-reports-12-bir-01-cashierwise-x-report,section:p2_reports:12_bir,report:p2_reports:12_bir:01_cashierwise_x_report,contains,contains report,current,1.0,
edge:classifies:domain-sales-revenue:report-p2-reports-12-bir-01-cashierwise-x-report,domain:sales_revenue,report:p2_reports:12_bir:01_cashierwise_x_report,classifies,analytical domain,current,1.0,
edge:contains:section-p2-reports-12-bir:report-p2-reports-12-bir-02-z-report,section:p2_reports:12_bir,report:p2_reports:12_bir:02_z_report,contains,contains report,current,1.0,
edge:classifies:domain-sales-revenue:report-p2-reports-12-bir-02-z-report,domain:sales_revenue,report:p2_reports:12_bir:02_z_report,classifies,analytical domain,current,1.0,
edge:contains:section-p2-reports-12-bir:report-p2-reports-12-bir-03-audit-log-report,section:p2_reports:12_bir,report:p2_reports:12_bir:03_audit_log_report,contains,contains report,current,1.0,
edge:classifies:domain-sales-revenue:report-p2-reports-12-bir-03-audit-log-report,domain:sales_revenue,report:p2_reports:12_bir:03_audit_log_report,classifies,analytical domain,current,1.0,
edge:contains:section-p2-reports-12-bir:report-p2-reports-12-bir-04-naac-sales-report,section:p2_reports:12_bir,report:p2_reports:12_bir:04_naac_sales_report,contains,contains report,current,1.0,
edge:classifies:domain-sales-revenue:report-p2-reports-12-bir-04-naac-sales-report,domain:sales_revenue,report:p2_reports:12_bir:04_naac_sales_report,classifies,analytical domain,current,1.0,
edge:contains:section-p2-reports-12-bir:report-p2-reports-12-bir-05-pwd-sales-report,section:p2_reports:12_bir,report:p2_reports:12_bir:05_pwd_sales_report,contains,contains report,current,1.0,
edge:classifies:domain-sales-revenue:report-p2-reports-12-bir-05-pwd-sales-report,domain:sales_revenue,report:p2_reports:12_bir:05_pwd_sales_report,classifies,analytical domain,current,1.0,
edge:contains:section-p2-reports-12-bir:report-p2-reports-12-bir-06-bir-sales-summary-report,section:p2_reports:12_bir,report:p2_reports:12_bir:06_bir_sales_summary_report,contains,contains report,current,1.0,
edge:classifies:domain-sales-revenue:report-p2-reports-12-bir-06-bir-sales-summary-report,domain:sales_revenue,report:p2_reports:12_bir:06_bir_sales_summary_report,classifies,analytical domain,current,1.0,
edge:contains:section-p2-reports-12-bir:report-p2-reports-12-bir-07-solo-parent-sales-report,section:p2_reports:12_bir,report:p2_reports:12_bir:07_solo_parent_sales_report,contains,contains report,current,1.0,
edge:classifies:domain-sales-revenue:report-p2-reports-12-bir-07-solo-parent-sales-report,domain:sales_revenue,report:p2_reports:12_bir:07_solo_parent_sales_report,classifies,analytical domain,current,1.0,
edge:contains:section-p2-reports-12-bir:report-p2-reports-12-bir-08-senior-citizen-sales-report,section:p2_reports:12_bir,report:p2_reports:12_bir:08_senior_citizen_sales_report,contains,contains report,current,1.0,
edge:classifies:domain-sales-revenue:report-p2-reports-12-bir-08-senior-citizen-sales-report,domain:sales_revenue,report:p2_reports:12_bir:08_senior_citizen_sales_report,classifies,analytical domain,current,1.0,
edge:contains:section-p2-reports-12-bir:report-p2-reports-12-bir-09-20-e-journal-report,section:p2_reports:12_bir,report:p2_reports:12_bir:09_20_e_journal_report,contains,contains report,current,1.0,
edge:classifies:domain-sales-revenue:report-p2-reports-12-bir-09-20-e-journal-report,domain:sales_revenue,report:p2_reports:12_bir:09_20_e_journal_report,classifies,analytical domain,current,1.0,
edge:contains:section-p4-stock-admin-01-enterprise-reports:report-p4-stock-admin-01-enterprise-reports-01-enterprise-entry,section:p4_stock_admin:01_enterprise_reports,report:p4_stock_admin:01_enterprise_reports:01_enterprise_entry,contains,contains report,current,1.0,
edge:classifies:domain-vendor-procurement:report-p4-stock-admin-01-enterprise-reports-01-enterprise-entry,domain:vendor_procurement,report:p4_stock_admin:01_enterprise_reports:01_enterprise_entry,classifies,analytical domain,current,1.0,
edge:contains:section-p4-stock-admin-01-enterprise-reports:report-p4-stock-admin-01-enterprise-reports-02-erp-vendor-price,section:p4_stock_admin:01_enterprise_reports,report:p4_stock_admin:01_enterprise_reports:02_erp_vendor_price,contains,contains report,current,1.0,
edge:classifies:domain-vendor-procurement:report-p4-stock-admin-01-enterprise-reports-02-erp-vendor-price,domain:vendor_procurement,report:p4_stock_admin:01_enterprise_reports:02_erp_vendor_price,classifies,analytical domain,current,1.0,
edge:contains:section-p4-stock-admin-01-enterprise-reports:report-p4-stock-admin-01-enterprise-reports-03-enterprise-stock-return,section:p4_stock_admin:01_enterprise_reports,report:p4_stock_admin:01_enterprise_reports:03_enterprise_stock_return,contains,contains report,current,1.0,
edge:classifies:domain-vendor-procurement:report-p4-stock-admin-01-enterprise-reports-03-enterprise-stock-return,domain:vendor_procurement,report:p4_stock_admin:01_enterprise_reports:03_enterprise_stock_return,classifies,analytical domain,current,1.0,
edge:contains:section-p4-stock-admin-01-enterprise-reports:report-p4-stock-admin-01-enterprise-reports-04-enterprise-consumption,section:p4_stock_admin:01_enterprise_reports,report:p4_stock_admin:01_enterprise_reports:04_enterprise_consumption,contains,contains report,current,1.0,
edge:classifies:domain-vendor-procurement:report-p4-stock-admin-01-enterprise-reports-04-enterprise-consumption,domain:vendor_procurement,report:p4_stock_admin:01_enterprise_reports:04_enterprise_consumption,classifies,analytical domain,current,1.0,
edge:contains:section-p4-stock-admin-01-enterprise-reports:report-p4-stock-admin-01-enterprise-reports-05-enterprise-stock-re-order,section:p4_stock_admin:01_enterprise_reports,report:p4_stock_admin:01_enterprise_reports:05_enterprise_stock_re_order,contains,contains report,current,1.0,
edge:classifies:domain-vendor-procurement:report-p4-stock-admin-01-enterprise-reports-05-enterprise-stock-re-order,domain:vendor_procurement,report:p4_stock_admin:01_enterprise_reports:05_enterprise_stock_re_order,classifies,analytical domain,current,1.0,
edge:contains:section-p4-stock-admin-01-enterprise-reports:report-p4-stock-admin-01-enterprise-reports-06-enterprise-purchase-order,section:p4_stock_admin:01_enterprise_reports,report:p4_stock_admin:01_enterprise_reports:06_enterprise_purchase_order,contains,contains report,current,1.0,
edge:classifies:domain-vendor-procurement:report-p4-stock-admin-01-enterprise-reports-06-enterprise-purchase-order,domain:vendor_procurement,report:p4_stock_admin:01_enterprise_reports:06_enterprise_purchase_order,classifies,analytical domain,current,1.0,
edge:contains:section-p4-stock-admin-01-enterprise-reports:report-p4-stock-admin-01-enterprise-reports-07-enterprise-consolidated-indent,section:p4_stock_admin:01_enterprise_reports,report:p4_stock_admin:01_enterprise_reports:07_enterprise_consolidated_indent,contains,contains report,current,1.0,
edge:classifies:domain-vendor-procurement:report-p4-stock-admin-01-enterprise-reports-07-enterprise-consolidated-indent,domain:vendor_procurement,report:p4_stock_admin:01_enterprise_reports:07_enterprise_consolidated_indent,classifies,analytical domain,current,1.0,
edge:contains:section-p4-stock-admin-01-enterprise-reports:report-p4-stock-admin-01-enterprise-reports-08-enterprise-variance,section:p4_stock_admin:01_enterprise_reports,report:p4_stock_admin:01_enterprise_reports:08_enterprise_variance,contains,contains report,current,1.0,
edge:classifies:domain-vendor-procurement:report-p4-stock-admin-01-enterprise-reports-08-enterprise-variance,domain:vendor_procurement,report:p4_stock_admin:01_enterprise_reports:08_enterprise_variance,classifies,analytical domain,current,1.0,
edge:contains:section-p4-stock-admin-01-enterprise-reports:report-p4-stock-admin-01-enterprise-reports-09-enterprise-categorywise-cogs,section:p4_stock_admin:01_enterprise_reports,report:p4_stock_admin:01_enterprise_reports:09_enterprise_categorywise_cogs,contains,contains report,current,1.0,
edge:classifies:domain-vendor-procurement:report-p4-stock-admin-01-enterprise-reports-09-enterprise-categorywise-cogs,domain:vendor_procurement,report:p4_stock_admin:01_enterprise_reports:09_enterprise_categorywise_cogs,classifies,analytical domain,current,1.0,
edge:contains:section-p4-stock-admin-01-enterprise-reports:report-p4-stock-admin-01-enterprise-reports-10-enterprise-bill-passing,section:p4_stock_admin:01_enterprise_reports,report:p4_stock_admin:01_enterprise_reports:10_enterprise_bill_passing,contains,contains report,current,1.0,
edge:classifies:domain-vendor-procurement:report-p4-stock-admin-01-enterprise-reports-10-enterprise-bill-passing,domain:vendor_procurement,report:p4_stock_admin:01_enterprise_reports:10_enterprise_bill_passing,classifies,analytical domain,current,1.0,
edge:contains:section-p4-stock-admin-01-enterprise-reports:report-p4-stock-admin-01-enterprise-reports-11-enterprise-credit-note-report,section:p4_stock_admin:01_enterprise_reports,report:p4_stock_admin:01_enterprise_reports:11_enterprise_credit_note_report,contains,contains report,current,1.0,
edge:classifies:domain-vendor-procurement:report-p4-stock-admin-01-enterprise-reports-11-enterprise-credit-note-report,domain:vendor_procurement,report:p4_stock_admin:01_enterprise_reports:11_enterprise_credit_note_report,classifies,analytical domain,current,1.0,
edge:contains:section-p4-stock-admin-01-enterprise-reports:report-p4-stock-admin-01-enterprise-reports-12-enterprise-wastage-report,section:p4_stock_admin:01_enterprise_reports,report:p4_stock_admin:01_enterprise_reports:12_enterprise_wastage_report,contains,contains report,current,1.0,
edge:classifies:domain-vendor-procurement:report-p4-stock-admin-01-enterprise-reports-12-enterprise-wastage-report,domain:vendor_procurement,report:p4_stock_admin:01_enterprise_reports:12_enterprise_wastage_report,classifies,analytical domain,current,1.0,
edge:contains:section-p4-stock-admin-01-enterprise-reports:report-p4-stock-admin-01-enterprise-reports-13-enterprise-purchase-summary-report,section:p4_stock_admin:01_enterprise_reports,report:p4_stock_admin:01_enterprise_reports:13_enterprise_purchase_summary_report,contains,contains report,current,1.0,
edge:classifies:domain-vendor-procurement:report-p4-stock-admin-01-enterprise-reports-13-enterprise-purchase-summary-report,domain:vendor_procurement,report:p4_stock_admin:01_enterprise_reports:13_enterprise_purchase_summary_report,classifies,analytical domain,current,1.0,
edge:contains:section-p4-stock-admin-01-enterprise-reports:report-p4-stock-admin-01-enterprise-reports-14-enterprise-internal-indent-report,section:p4_stock_admin:01_enterprise_reports,report:p4_stock_admin:01_enterprise_reports:14_enterprise_internal_indent_report,contains,contains report,current,1.0,
edge:classifies:domain-vendor-procurement:report-p4-stock-admin-01-enterprise-reports-14-enterprise-internal-indent-report,domain:vendor_procurement,report:p4_stock_admin:01_enterprise_reports:14_enterprise_internal_indent_report,classifies,analytical domain,current,1.0,
edge:contains:section-p4-stock-admin-01-enterprise-reports:report-p4-stock-admin-01-enterprise-reports-15-enterprise-food-cost-report,section:p4_stock_admin:01_enterprise_reports,report:p4_stock_admin:01_enterprise_reports:15_enterprise_food_cost_report,contains,contains report,current,1.0,
edge:classifies:domain-vendor-procurement:report-p4-stock-admin-01-enterprise-reports-15-enterprise-food-cost-report,domain:vendor_procurement,report:p4_stock_admin:01_enterprise_reports:15_enterprise_food_cost_report,classifies,analytical domain,current,1.0,
edge:contains:section-p4-stock-admin-02-transactional-reports:report-p4-stock-admin-02-transactional-reports-01-entry-report,section:p4_stock_admin:02_transactional_reports,report:p4_stock_admin:02_transactional_reports:01_entry_report,contains,contains report,current,1.0,
edge:classifies:domain-vendor-procurement:report-p4-stock-admin-02-transactional-reports-01-entry-report,domain:vendor_procurement,report:p4_stock_admin:02_transactional_reports:01_entry_report,classifies,analytical domain,current,1.0,
edge:contains:section-p4-stock-admin-02-transactional-reports:report-p4-stock-admin-02-transactional-reports-02-entry-sync-report,section:p4_stock_admin:02_transactional_reports,report:p4_stock_admin:02_transactional_reports:02_entry_sync_report,contains,contains report,current,1.0,
edge:classifies:domain-vendor-procurement:report-p4-stock-admin-02-transactional-reports-02-entry-sync-report,domain:vendor_procurement,report:p4_stock_admin:02_transactional_reports:02_entry_sync_report,classifies,analytical domain,current,1.0,
edge:contains:section-p4-stock-admin-02-transactional-reports:report-p4-stock-admin-02-transactional-reports-03-payment-report,section:p4_stock_admin:02_transactional_reports,report:p4_stock_admin:02_transactional_reports:03_payment_report,contains,contains report,current,1.0,
edge:classifies:domain-vendor-procurement:report-p4-stock-admin-02-transactional-reports-03-payment-report,domain:vendor_procurement,report:p4_stock_admin:02_transactional_reports:03_payment_report,classifies,analytical domain,current,1.0,
edge:contains:section-p4-stock-admin-02-transactional-reports:report-p4-stock-admin-02-transactional-reports-04-stock-return,section:p4_stock_admin:02_transactional_reports,report:p4_stock_admin:02_transactional_reports:04_stock_return,contains,contains report,current,1.0,
edge:classifies:domain-vendor-procurement:report-p4-stock-admin-02-transactional-reports-04-stock-return,domain:vendor_procurement,report:p4_stock_admin:02_transactional_reports:04_stock_return,classifies,analytical domain,current,1.0,
edge:contains:section-p4-stock-admin-02-transactional-reports:report-p4-stock-admin-02-transactional-reports-05-purchase-detail,section:p4_stock_admin:02_transactional_reports,report:p4_stock_admin:02_transactional_reports:05_purchase_detail,contains,contains report,current,1.0,
edge:classifies:domain-vendor-procurement:report-p4-stock-admin-02-transactional-reports-05-purchase-detail,domain:vendor_procurement,report:p4_stock_admin:02_transactional_reports:05_purchase_detail,classifies,analytical domain,current,1.0,
edge:contains:section-p4-stock-admin-02-transactional-reports:report-p4-stock-admin-02-transactional-reports-06-purchase-detail-consolidated,section:p4_stock_admin:02_transactional_reports,report:p4_stock_admin:02_transactional_reports:06_purchase_detail_consolidated,contains,contains report,current,1.0,
edge:classifies:domain-vendor-procurement:report-p4-stock-admin-02-transactional-reports-06-purchase-detail-consolidated,domain:vendor_procurement,report:p4_stock_admin:02_transactional_reports:06_purchase_detail_consolidated,classifies,analytical domain,current,1.0,
edge:contains:section-p4-stock-admin-02-transactional-reports:report-p4-stock-admin-02-transactional-reports-07-purchase-requisition-report,section:p4_stock_admin:02_transactional_reports,report:p4_stock_admin:02_transactional_reports:07_purchase_requisition_report,contains,contains report,current,1.0,
edge:classifies:domain-vendor-procurement:report-p4-stock-admin-02-transactional-reports-07-purchase-requisition-report,domain:vendor_procurement,report:p4_stock_admin:02_transactional_reports:07_purchase_requisition_report,classifies,analytical domain,current,1.0,
edge:contains:section-p4-stock-admin-02-transactional-reports:report-p4-stock-admin-02-transactional-reports-08-cut-code-report,section:p4_stock_admin:02_transactional_reports,report:p4_stock_admin:02_transactional_reports:08_cut_code_report,contains,contains report,current,1.0,
edge:classifies:domain-vendor-procurement:report-p4-stock-admin-02-transactional-reports-08-cut-code-report,domain:vendor_procurement,report:p4_stock_admin:02_transactional_reports:08_cut_code_report,classifies,analytical domain,current,1.0,
edge:contains:section-p4-stock-admin-02-transactional-reports:report-p4-stock-admin-02-transactional-reports-09-bill-passing-report,section:p4_stock_admin:02_transactional_reports,report:p4_stock_admin:02_transactional_reports:09_bill_passing_report,contains,contains report,current,1.0,
edge:classifies:domain-vendor-procurement:report-p4-stock-admin-02-transactional-reports-09-bill-passing-report,domain:vendor_procurement,report:p4_stock_admin:02_transactional_reports:09_bill_passing_report,classifies,analytical domain,current,1.0,
edge:contains:section-p4-stock-admin-02-transactional-reports:report-p4-stock-admin-02-transactional-reports-10-stock-in-stock-out-report,section:p4_stock_admin:02_transactional_reports,report:p4_stock_admin:02_transactional_reports:10_stock_in_stock_out_report,contains,contains report,current,1.0,
edge:classifies:domain-vendor-procurement:report-p4-stock-admin-02-transactional-reports-10-stock-in-stock-out-report,domain:vendor_procurement,report:p4_stock_admin:02_transactional_reports:10_stock_in_stock_out_report,classifies,analytical domain,current,1.0,
edge:contains:section-p4-stock-admin-03-po-so-reports:report-p4-stock-admin-03-po-so-reports-01-purchase-order,section:p4_stock_admin:03_po_so_reports,report:p4_stock_admin:03_po_so_reports:01_purchase_order,contains,contains report,current,1.0,
edge:classifies:domain-vendor-procurement:report-p4-stock-admin-03-po-so-reports-01-purchase-order,domain:vendor_procurement,report:p4_stock_admin:03_po_so_reports:01_purchase_order,classifies,analytical domain,current,1.0,
edge:contains:section-p4-stock-admin-03-po-so-reports:report-p4-stock-admin-03-po-so-reports-02-standing-purchase-order,section:p4_stock_admin:03_po_so_reports,report:p4_stock_admin:03_po_so_reports:02_standing_purchase_order,contains,contains report,current,1.0,
edge:classifies:domain-vendor-procurement:report-p4-stock-admin-03-po-so-reports-02-standing-purchase-order,domain:vendor_procurement,report:p4_stock_admin:03_po_so_reports:02_standing_purchase_order,classifies,analytical domain,current,1.0,
edge:contains:section-p4-stock-admin-03-po-so-reports:report-p4-stock-admin-03-po-so-reports-03-sales-order,section:p4_stock_admin:03_po_so_reports,report:p4_stock_admin:03_po_so_reports:03_sales_order,contains,contains report,current,1.0,
edge:classifies:domain-vendor-procurement:report-p4-stock-admin-03-po-so-reports-03-sales-order,domain:vendor_procurement,report:p4_stock_admin:03_po_so_reports:03_sales_order,classifies,analytical domain,current,1.0,
edge:contains:section-p4-stock-admin-03-po-so-reports:report-p4-stock-admin-03-po-so-reports-04-openreturn-sales-order-report,section:p4_stock_admin:03_po_so_reports,report:p4_stock_admin:03_po_so_reports:04_openreturn_sales_order_report,contains,contains report,current,1.0,
edge:classifies:domain-vendor-procurement:report-p4-stock-admin-03-po-so-reports-04-openreturn-sales-order-report,domain:vendor_procurement,report:p4_stock_admin:03_po_so_reports:04_openreturn_sales_order_report,classifies,analytical domain,current,1.0,
edge:contains:section-p4-stock-admin-03-po-so-reports:report-p4-stock-admin-03-po-so-reports-05-erp-vendor-invoice,section:p4_stock_admin:03_po_so_reports,report:p4_stock_admin:03_po_so_reports:05_erp_vendor_invoice,contains,contains report,current,1.0,
edge:classifies:domain-vendor-procurement:report-p4-stock-admin-03-po-so-reports-05-erp-vendor-invoice,domain:vendor_procurement,report:p4_stock_admin:03_po_so_reports:05_erp_vendor_invoice,classifies,analytical domain,current,1.0,
edge:contains:section-p4-stock-admin-03-po-so-reports:report-p4-stock-admin-03-po-so-reports-06-consolidated-salesorder-report-rec,section:p4_stock_admin:03_po_so_reports,report:p4_stock_admin:03_po_so_reports:06_consolidated_salesorder_report_rec,contains,contains report,current,1.0,
edge:classifies:domain-vendor-procurement:report-p4-stock-admin-03-po-so-reports-06-consolidated-salesorder-report-rec,domain:vendor_procurement,report:p4_stock_admin:03_po_so_reports:06_consolidated_salesorder_report_rec,classifies,analytical domain,current,1.0,
edge:contains:section-p4-stock-admin-04-indent-reports:report-p4-stock-admin-04-indent-reports-01-indent-report,section:p4_stock_admin:04_indent_reports,report:p4_stock_admin:04_indent_reports:01_indent_report,contains,contains report,current,1.0,
edge:classifies:domain-vendor-procurement:report-p4-stock-admin-04-indent-reports-01-indent-report,domain:vendor_procurement,report:p4_stock_admin:04_indent_reports:01_indent_report,classifies,analytical domain,current,1.0,
edge:contains:section-p4-stock-admin-04-indent-reports:report-p4-stock-admin-04-indent-reports-02-consolidated-indent,section:p4_stock_admin:04_indent_reports,report:p4_stock_admin:04_indent_reports:02_consolidated_indent,contains,contains report,current,1.0,
edge:classifies:domain-vendor-procurement:report-p4-stock-admin-04-indent-reports-02-consolidated-indent,domain:vendor_procurement,report:p4_stock_admin:04_indent_reports:02_consolidated_indent,classifies,analytical domain,current,1.0,
edge:contains:section-p4-stock-admin-04-indent-reports:report-p4-stock-admin-04-indent-reports-03-consolidated-indent-items,section:p4_stock_admin:04_indent_reports,report:p4_stock_admin:04_indent_reports:03_consolidated_indent_items,contains,contains report,current,1.0,
edge:classifies:domain-vendor-procurement:report-p4-stock-admin-04-indent-reports-03-consolidated-indent-items,domain:vendor_procurement,report:p4_stock_admin:04_indent_reports:03_consolidated_indent_items,classifies,analytical domain,current,1.0,
edge:contains:section-p4-stock-admin-04-indent-reports:report-p4-stock-admin-04-indent-reports-04-issue-report,section:p4_stock_admin:04_indent_reports,report:p4_stock_admin:04_indent_reports:04_issue_report,contains,contains report,current,1.0,
edge:classifies:domain-vendor-procurement:report-p4-stock-admin-04-indent-reports-04-issue-report,domain:vendor_procurement,report:p4_stock_admin:04_indent_reports:04_issue_report,classifies,analytical domain,current,1.0,
edge:contains:section-p4-stock-admin-04-indent-reports:report-p4-stock-admin-04-indent-reports-05-consolidated-indent-report-outlet,section:p4_stock_admin:04_indent_reports,report:p4_stock_admin:04_indent_reports:05_consolidated_indent_report_outlet,contains,contains report,current,1.0,
edge:classifies:domain-vendor-procurement:report-p4-stock-admin-04-indent-reports-05-consolidated-indent-report-outlet,domain:vendor_procurement,report:p4_stock_admin:04_indent_reports:05_consolidated_indent_report_outlet,classifies,analytical domain,current,1.0,
edge:contains:section-p4-stock-admin-04-indent-reports:report-p4-stock-admin-04-indent-reports-06-suspense-report,section:p4_stock_admin:04_indent_reports,report:p4_stock_admin:04_indent_reports:06_suspense_report,contains,contains report,current,1.0,
edge:classifies:domain-vendor-procurement:report-p4-stock-admin-04-indent-reports-06-suspense-report,domain:vendor_procurement,report:p4_stock_admin:04_indent_reports:06_suspense_report,classifies,analytical domain,current,1.0,
edge:contains:section-p4-stock-admin-04-indent-reports:report-p4-stock-admin-04-indent-reports-07-bulk-return-report,section:p4_stock_admin:04_indent_reports,report:p4_stock_admin:04_indent_reports:07_bulk_return_report,contains,contains report,current,1.0,
edge:classifies:domain-vendor-procurement:report-p4-stock-admin-04-indent-reports-07-bulk-return-report,domain:vendor_procurement,report:p4_stock_admin:04_indent_reports:07_bulk_return_report,classifies,analytical domain,current,1.0,
edge:contains:section-p4-stock-admin-05-aggregation-reports:report-p4-stock-admin-05-aggregation-reports-01-item-wise-inflation-report,section:p4_stock_admin:05_aggregation_reports,report:p4_stock_admin:05_aggregation_reports:01_item_wise_inflation_report,contains,contains report,current,1.0,
edge:classifies:domain-vendor-procurement:report-p4-stock-admin-05-aggregation-reports-01-item-wise-inflation-report,domain:vendor_procurement,report:p4_stock_admin:05_aggregation_reports:01_item_wise_inflation_report,classifies,analytical domain,current,1.0,
edge:contains:section-p4-stock-admin-05-aggregation-reports:report-p4-stock-admin-05-aggregation-reports-02-consumption-report,section:p4_stock_admin:05_aggregation_reports,report:p4_stock_admin:05_aggregation_reports:02_consumption_report,contains,contains report,current,1.0,
edge:classifies:domain-vendor-procurement:report-p4-stock-admin-05-aggregation-reports-02-consumption-report,domain:vendor_procurement,report:p4_stock_admin:05_aggregation_reports:02_consumption_report,classifies,analytical domain,current,1.0,
edge:contains:section-p4-stock-admin-05-aggregation-reports:report-p4-stock-admin-05-aggregation-reports-03-variance-report,section:p4_stock_admin:05_aggregation_reports,report:p4_stock_admin:05_aggregation_reports:03_variance_report,contains,contains report,current,1.0,
edge:classifies:domain-vendor-procurement:report-p4-stock-admin-05-aggregation-reports-03-variance-report,domain:vendor_procurement,report:p4_stock_admin:05_aggregation_reports:03_variance_report,classifies,analytical domain,current,1.0,
edge:contains:section-p4-stock-admin-05-aggregation-reports:report-p4-stock-admin-05-aggregation-reports-04-intermediate-semi,section:p4_stock_admin:05_aggregation_reports,report:p4_stock_admin:05_aggregation_reports:04_intermediate_semi,contains,contains report,current,1.0,
edge:classifies:domain-vendor-procurement:report-p4-stock-admin-05-aggregation-reports-04-intermediate-semi,domain:vendor_procurement,report:p4_stock_admin:05_aggregation_reports:04_intermediate_semi,classifies,analytical domain,current,1.0,
edge:contains:section-p4-stock-admin-05-aggregation-reports:report-p4-stock-admin-05-aggregation-reports-05-movement-report,section:p4_stock_admin:05_aggregation_reports,report:p4_stock_admin:05_aggregation_reports:05_movement_report,contains,contains report,current,1.0,
edge:classifies:domain-vendor-procurement:report-p4-stock-admin-05-aggregation-reports-05-movement-report,domain:vendor_procurement,report:p4_stock_admin:05_aggregation_reports:05_movement_report,classifies,analytical domain,current,1.0,
edge:contains:section-p4-stock-admin-05-aggregation-reports:report-p4-stock-admin-05-aggregation-reports-06-finished-food,section:p4_stock_admin:05_aggregation_reports,report:p4_stock_admin:05_aggregation_reports:06_finished_food,contains,contains report,current,1.0,
edge:classifies:domain-vendor-procurement:report-p4-stock-admin-05-aggregation-reports-06-finished-food,domain:vendor_procurement,report:p4_stock_admin:05_aggregation_reports:06_finished_food,classifies,analytical domain,current,1.0,
edge:contains:section-p4-stock-admin-05-aggregation-reports:report-p4-stock-admin-05-aggregation-reports-07-recipe-consumption-report,section:p4_stock_admin:05_aggregation_reports,report:p4_stock_admin:05_aggregation_reports:07_recipe_consumption_report,contains,contains report,current,1.0,
edge:classifies:domain-vendor-procurement:report-p4-stock-admin-05-aggregation-reports-07-recipe-consumption-report,domain:vendor_procurement,report:p4_stock_admin:05_aggregation_reports:07_recipe_consumption_report,classifies,analytical domain,current,1.0,
edge:contains:section-p4-stock-admin-06-analytical-reports:report-p4-stock-admin-06-analytical-reports-01-booking-journal,section:p4_stock_admin:06_analytical_reports,report:p4_stock_admin:06_analytical_reports:01_booking_journal,contains,contains report,current,1.0,
edge:classifies:domain-vendor-procurement:report-p4-stock-admin-06-analytical-reports-01-booking-journal,domain:vendor_procurement,report:p4_stock_admin:06_analytical_reports:01_booking_journal,classifies,analytical domain,current,1.0,
edge:contains:section-p4-stock-admin-06-analytical-reports:report-p4-stock-admin-06-analytical-reports-02-food-cost-report,section:p4_stock_admin:06_analytical_reports,report:p4_stock_admin:06_analytical_reports:02_food_cost_report,contains,contains report,current,1.0,
edge:classifies:domain-vendor-procurement:report-p4-stock-admin-06-analytical-reports-02-food-cost-report,domain:vendor_procurement,report:p4_stock_admin:06_analytical_reports:02_food_cost_report,classifies,analytical domain,current,1.0,
edge:contains:section-p4-stock-admin-06-analytical-reports:report-p4-stock-admin-06-analytical-reports-03-re-order-level,section:p4_stock_admin:06_analytical_reports,report:p4_stock_admin:06_analytical_reports:03_re_order_level,contains,contains report,current,1.0,
edge:classifies:domain-vendor-procurement:report-p4-stock-admin-06-analytical-reports-03-re-order-level,domain:vendor_procurement,report:p4_stock_admin:06_analytical_reports:03_re_order_level,classifies,analytical domain,current,1.0,
edge:contains:section-p4-stock-admin-06-analytical-reports:report-p4-stock-admin-06-analytical-reports-04-closing-stock-report,section:p4_stock_admin:06_analytical_reports,report:p4_stock_admin:06_analytical_reports:04_closing_stock_report,contains,contains report,current,1.0,
edge:classifies:domain-vendor-procurement:report-p4-stock-admin-06-analytical-reports-04-closing-stock-report,domain:vendor_procurement,report:p4_stock_admin:06_analytical_reports:04_closing_stock_report,classifies,analytical domain,current,1.0,
edge:contains:section-p4-stock-admin-06-analytical-reports:report-p4-stock-admin-06-analytical-reports-05-cost-margin-report,section:p4_stock_admin:06_analytical_reports,report:p4_stock_admin:06_analytical_reports:05_cost_margin_report,contains,contains report,current,1.0,
edge:classifies:domain-vendor-procurement:report-p4-stock-admin-06-analytical-reports-05-cost-margin-report,domain:vendor_procurement,report:p4_stock_admin:06_analytical_reports:05_cost_margin_report,classifies,analytical domain,current,1.0,
edge:contains:section-p4-stock-admin-06-analytical-reports:report-p4-stock-admin-06-analytical-reports-06-pricing-ledger,section:p4_stock_admin:06_analytical_reports,report:p4_stock_admin:06_analytical_reports:06_pricing_ledger,contains,contains report,current,1.0,
edge:classifies:domain-vendor-procurement:report-p4-stock-admin-06-analytical-reports-06-pricing-ledger,domain:vendor_procurement,report:p4_stock_admin:06_analytical_reports:06_pricing_ledger,classifies,analytical domain,current,1.0,
edge:contains:section-p4-stock-admin-06-analytical-reports:report-p4-stock-admin-06-analytical-reports-07-purchase-summary,section:p4_stock_admin:06_analytical_reports,report:p4_stock_admin:06_analytical_reports:07_purchase_summary,contains,contains report,current,1.0,
edge:classifies:domain-vendor-procurement:report-p4-stock-admin-06-analytical-reports-07-purchase-summary,domain:vendor_procurement,report:p4_stock_admin:06_analytical_reports:07_purchase_summary,classifies,analytical domain,current,1.0,
edge:contains:section-p4-stock-admin-06-analytical-reports:report-p4-stock-admin-06-analytical-reports-08-stock-recipe-report,section:p4_stock_admin:06_analytical_reports,report:p4_stock_admin:06_analytical_reports:08_stock_recipe_report,contains,contains report,current,1.0,
edge:classifies:domain-vendor-procurement:report-p4-stock-admin-06-analytical-reports-08-stock-recipe-report,domain:vendor_procurement,report:p4_stock_admin:06_analytical_reports:08_stock_recipe_report,classifies,analytical domain,current,1.0,
edge:contains:section-p4-stock-admin-07-other-reports:report-p4-stock-admin-07-other-reports-01-advance-ordering-report,section:p4_stock_admin:07_other_reports,report:p4_stock_admin:07_other_reports:01_advance_ordering_report,contains,contains report,current,1.0,
edge:classifies:domain-vendor-procurement:report-p4-stock-admin-07-other-reports-01-advance-ordering-report,domain:vendor_procurement,report:p4_stock_admin:07_other_reports:01_advance_ordering_report,classifies,analytical domain,current,1.0,
edge:contains:section-p4-stock-admin-07-other-reports:report-p4-stock-admin-07-other-reports-02-nc-head-consumption-cost,section:p4_stock_admin:07_other_reports,report:p4_stock_admin:07_other_reports:02_nc_head_consumption_cost,contains,contains report,current,1.0,
edge:classifies:domain-vendor-procurement:report-p4-stock-admin-07-other-reports-02-nc-head-consumption-cost,domain:vendor_procurement,report:p4_stock_admin:07_other_reports:02_nc_head_consumption_cost,classifies,analytical domain,current,1.0,
edge:contains:section-p4-stock-admin-07-other-reports:report-p4-stock-admin-07-other-reports-03-expiry-report,section:p4_stock_admin:07_other_reports,report:p4_stock_admin:07_other_reports:03_expiry_report,contains,contains report,current,1.0,
edge:classifies:domain-vendor-procurement:report-p4-stock-admin-07-other-reports-03-expiry-report,domain:vendor_procurement,report:p4_stock_admin:07_other_reports:03_expiry_report,classifies,analytical domain,current,1.0,
edge:contains:section-p4-stock-admin-07-other-reports:report-p4-stock-admin-07-other-reports-04-default-cost-report,section:p4_stock_admin:07_other_reports,report:p4_stock_admin:07_other_reports:04_default_cost_report,contains,contains report,current,1.0,
edge:classifies:domain-vendor-procurement:report-p4-stock-admin-07-other-reports-04-default-cost-report,domain:vendor_procurement,report:p4_stock_admin:07_other_reports:04_default_cost_report,classifies,analytical domain,current,1.0,
edge:contains:section-p4-stock-admin-07-other-reports:report-p4-stock-admin-07-other-reports-05-kitchen-wise-item-report,section:p4_stock_admin:07_other_reports,report:p4_stock_admin:07_other_reports:05_kitchen_wise_item_report,contains,contains report,current,1.0,
edge:classifies:domain-vendor-procurement:report-p4-stock-admin-07-other-reports-05-kitchen-wise-item-report,domain:vendor_procurement,report:p4_stock_admin:07_other_reports:05_kitchen_wise_item_report,classifies,analytical domain,current,1.0,
edge:contains:section-p4-stock-admin-07-other-reports:report-p4-stock-admin-07-other-reports-06-vendor-pricing-report,section:p4_stock_admin:07_other_reports,report:p4_stock_admin:07_other_reports:06_vendor_pricing_report,contains,contains report,current,1.0,
edge:classifies:domain-vendor-procurement:report-p4-stock-admin-07-other-reports-06-vendor-pricing-report,domain:vendor_procurement,report:p4_stock_admin:07_other_reports:06_vendor_pricing_report,classifies,analytical domain,current,1.0,
edge:contains:section-p4-stock-admin-07-other-reports:report-p4-stock-admin-07-other-reports-07-late-delivery-report,section:p4_stock_admin:07_other_reports,report:p4_stock_admin:07_other_reports:07_late_delivery_report,contains,contains report,current,1.0,
edge:classifies:domain-vendor-procurement:report-p4-stock-admin-07-other-reports-07-late-delivery-report,domain:vendor_procurement,report:p4_stock_admin:07_other_reports:07_late_delivery_report,classifies,analytical domain,current,1.0,
edge:contains:section-p4-stock-admin-07-other-reports:report-p4-stock-admin-07-other-reports-08-rr-reports,section:p4_stock_admin:07_other_reports,report:p4_stock_admin:07_other_reports:08_rr_reports,contains,contains report,current,1.0,
edge:classifies:domain-vendor-procurement:report-p4-stock-admin-07-other-reports-08-rr-reports,domain:vendor_procurement,report:p4_stock_admin:07_other_reports:08_rr_reports,classifies,analytical domain,current,1.0,
edge:contains:section-p4-stock-admin-07-other-reports:report-p4-stock-admin-07-other-reports-09-pending-requests,section:p4_stock_admin:07_other_reports,report:p4_stock_admin:07_other_reports:09_pending_requests,contains,contains report,current,1.0,
edge:classifies:domain-vendor-procurement:report-p4-stock-admin-07-other-reports-09-pending-requests,domain:vendor_procurement,report:p4_stock_admin:07_other_reports:09_pending_requests,classifies,analytical domain,current,1.0,
edge:contains:section-p4-stock-admin-07-other-reports:report-p4-stock-admin-07-other-reports-10-manual-month-end-report,section:p4_stock_admin:07_other_reports,report:p4_stock_admin:07_other_reports:10_manual_month_end_report,contains,contains report,current,1.0,
edge:classifies:domain-vendor-procurement:report-p4-stock-admin-07-other-reports-10-manual-month-end-report,domain:vendor_procurement,report:p4_stock_admin:07_other_reports:10_manual_month_end_report,classifies,analytical domain,current,1.0,
edge:contains:section-p4-stock-admin-07-other-reports:report-p4-stock-admin-07-other-reports-11-hsn-wise-summary,section:p4_stock_admin:07_other_reports,report:p4_stock_admin:07_other_reports:11_hsn_wise_summary,contains,contains report,current,1.0,
edge:classifies:domain-vendor-procurement:report-p4-stock-admin-07-other-reports-11-hsn-wise-summary,domain:vendor_procurement,report:p4_stock_admin:07_other_reports:11_hsn_wise_summary,classifies,analytical domain,current,1.0,
edge:contains:section-p4-stock-admin-07-other-reports:report-p4-stock-admin-07-other-reports-12-sales-payout-report,section:p4_stock_admin:07_other_reports,report:p4_stock_admin:07_other_reports:12_sales_payout_report,contains,contains report,current,1.0,
edge:classifies:domain-vendor-procurement:report-p4-stock-admin-07-other-reports-12-sales-payout-report,domain:vendor_procurement,report:p4_stock_admin:07_other_reports:12_sales_payout_report,classifies,analytical domain,current,1.0,
edge:contains:section-p4-stock-admin-07-other-reports:report-p4-stock-admin-07-other-reports-13-vendor-last-5-purchase-price,section:p4_stock_admin:07_other_reports,report:p4_stock_admin:07_other_reports:13_vendor_last_5_purchase_price,contains,contains report,current,1.0,
edge:classifies:domain-vendor-procurement:report-p4-stock-admin-07-other-reports-13-vendor-last-5-purchase-price,domain:vendor_procurement,report:p4_stock_admin:07_other_reports:13_vendor_last_5_purchase_price,classifies,analytical domain,current,1.0,
edge:contains:section-p4-stock-admin-07-other-reports:report-p4-stock-admin-07-other-reports-14-yield-report,section:p4_stock_admin:07_other_reports,report:p4_stock_admin:07_other_reports:14_yield_report,contains,contains report,current,1.0,
edge:classifies:domain-vendor-procurement:report-p4-stock-admin-07-other-reports-14-yield-report,domain:vendor_procurement,report:p4_stock_admin:07_other_reports:14_yield_report,classifies,analytical domain,current,1.0,
edge:contains:section-p4-stock-admin-07-other-reports:report-p4-stock-admin-07-other-reports-15-production-plan-report,section:p4_stock_admin:07_other_reports,report:p4_stock_admin:07_other_reports:15_production_plan_report,contains,contains report,current,1.0,
edge:classifies:domain-vendor-procurement:report-p4-stock-admin-07-other-reports-15-production-plan-report,domain:vendor_procurement,report:p4_stock_admin:07_other_reports:15_production_plan_report,classifies,analytical domain,current,1.0,
edge:contains:section-p4-stock-admin-07-other-reports:report-p4-stock-admin-07-other-reports-16-gate-pass-report,section:p4_stock_admin:07_other_reports,report:p4_stock_admin:07_other_reports:16_gate_pass_report,contains,contains report,current,1.0,
edge:classifies:domain-vendor-procurement:report-p4-stock-admin-07-other-reports-16-gate-pass-report,domain:vendor_procurement,report:p4_stock_admin:07_other_reports:16_gate_pass_report,classifies,analytical domain,current,1.0,
edge:contains:section-p4-stock-admin-07-other-reports:report-p4-stock-admin-07-other-reports-17-bin-packaging-report,section:p4_stock_admin:07_other_reports,report:p4_stock_admin:07_other_reports:17_bin_packaging_report,contains,contains report,current,1.0,
edge:classifies:domain-vendor-procurement:report-p4-stock-admin-07-other-reports-17-bin-packaging-report,domain:vendor_procurement,report:p4_stock_admin:07_other_reports:17_bin_packaging_report,classifies,analytical domain,current,1.0,
edge:contains:section-p4-stock-admin-08-summary:report-p4-stock-admin-08-summary-01-deployment-summary,section:p4_stock_admin:08_summary,report:p4_stock_admin:08_summary:01_deployment_summary,contains,contains report,current,1.0,
edge:classifies:domain-inventory-consumption:report-p4-stock-admin-08-summary-01-deployment-summary,domain:inventory_consumption,report:p4_stock_admin:08_summary:01_deployment_summary,classifies,analytical domain,current,1.0,
edge:contains:section-p4-stock-admin-09-bill-passing:report-p4-stock-admin-09-bill-passing-01-bill-passing,section:p4_stock_admin:09_bill_passing,report:p4_stock_admin:09_bill_passing:01_bill_passing,contains,contains report,current,1.0,
edge:classifies:domain-vendor-procurement:report-p4-stock-admin-09-bill-passing-01-bill-passing,domain:vendor_procurement,report:p4_stock_admin:09_bill_passing:01_bill_passing,classifies,analytical domain,current,1.0,
edge:contains:section-p4-stock-admin-10-catering:report-p4-stock-admin-10-catering-01-catering,section:p4_stock_admin:10_catering,report:p4_stock_admin:10_catering:01_catering,contains,contains report,current,1.0,
edge:classifies:domain-inventory-consumption:report-p4-stock-admin-10-catering-01-catering,domain:inventory_consumption,report:p4_stock_admin:10_catering:01_catering,classifies,analytical domain,current,1.0,
edge:exposes-field:report-p1-main-01-sales-analysis-17-day-part-product-detailed:field-a-la-carteqty,report:p1_main:01_sales_analysis:17_day_part_product_detailed,field:a_la_carteqty,exposes_field,exposes field,extracted,0.75,Derived schema candidate; local evidence references are excluded.
edge:exposes-field:report-p1-main-01-sales-analysis-12-daily-sales-with-categories:field-add,report:p1_main:01_sales_analysis:12_daily_sales_with_categories,field:add,exposes_field,exposes field,extracted,0.75,Derived schema candidate; local evidence references are excluded.
edge:exposes-field:report-p1-main-01-sales-analysis-19-sales-contribution:field-add-on,report:p1_main:01_sales_analysis:19_sales_contribution,field:add_on,exposes_field,exposes field,extracted,0.75,Derived schema candidate; local evidence references are excluded.
edge:exposes-field:report-p1-main-04-tax-analysis-05-tax-summary:field-advance,report:p1_main:04_tax_analysis:05_tax_summary,field:advance,exposes_field,exposes field,extracted,0.75,Derived schema candidate; local evidence references are excluded.
edge:exposes-field:report-p1-main-01-sales-analysis-04-hourly-item-sales-analysis:field-amount,report:p1_main:01_sales_analysis:04_hourly_item_sales_analysis,field:amount,exposes_field,exposes field,extracted,0.75,Derived schema candidate; local evidence references are excluded.
edge:exposes-field:report-p1-main-01-sales-analysis-08-daily-sales:field-amount,report:p1_main:01_sales_analysis:08_daily_sales,field:amount,exposes_field,exposes field,extracted,0.75,Derived schema candidate; local evidence references are excluded.
edge:exposes-field:report-p1-main-01-sales-analysis-12-daily-sales-with-categories:field-amount,report:p1_main:01_sales_analysis:12_daily_sales_with_categories,field:amount,exposes_field,exposes field,extracted,0.75,Derived schema candidate; local evidence references are excluded.
edge:exposes-field:report-p1-main-01-sales-analysis-15-day-part-sales:field-amount,report:p1_main:01_sales_analysis:15_day_part_sales,field:amount,exposes_field,exposes field,extracted,0.75,Derived schema candidate; local evidence references are excluded.
edge:exposes-field:report-p1-main-02-settlements-06-enterprise-btc-report:field-amount,report:p1_main:02_settlements:06_enterprise_btc_report,field:amount,exposes_field,exposes field,extracted,0.75,Derived schema candidate; local evidence references are excluded.
edge:exposes-field:report-p1-main-03-discounts-offers-11-complimentary-head-itemwise:field-amount,report:p1_main:03_discounts_offers:11_complimentary_head_itemwise,field:amount,exposes_field,exposes field,extracted,0.75,Derived schema candidate; local evidence references are excluded.
edge:exposes-field:report-p1-main-03-discounts-offers-12-consolidated-item-complimentary:field-amount,report:p1_main:03_discounts_offers:12_consolidated_item_complimentary,field:amount,exposes_field,exposes field,extracted,0.75,Derived schema candidate; local evidence references are excluded.
edge:exposes-field:report-p1-main-04-tax-analysis-05-tax-summary:field-amount,report:p1_main:04_tax_analysis:05_tax_summary,field:amount,exposes_field,exposes field,extracted,0.75,Derived schema candidate; local evidence references are excluded.
edge:exposes-field:report-p1-main-05-performance-01-menu-mix:field-amount,report:p1_main:05_performance:01_menu_mix,field:amount,exposes_field,exposes field,extracted,0.75,Derived schema candidate; local evidence references are excluded.
edge:exposes-field:report-p1-main-05-performance-02-category-analysis:field-amount,report:p1_main:05_performance:02_category_analysis,field:amount,exposes_field,exposes field,extracted,0.75,Derived schema candidate; local evidence references are excluded.
edge:exposes-field:report-p1-main-05-performance-06-item-source-report:field-amount,report:p1_main:05_performance:06_item_source_report,field:amount,exposes_field,exposes field,extracted,0.75,Derived schema candidate; local evidence references are excluded.
edge:exposes-field:report-p1-main-05-performance-07-itemwise-enterprise:field-amount,report:p1_main:05_performance:07_itemwise_enterprise,field:amount,exposes_field,exposes field,extracted,0.75,Derived schema candidate; local evidence references are excluded.
edge:exposes-field:report-p1-main-05-performance-12-brand-performance-section-wise:field-apb,report:p1_main:05_performance:12_brand_performance_section_wise,field:apb,exposes_field,exposes field,extracted,0.75,Derived schema candidate; local evidence references are excluded.
edge:exposes-field:report-p1-main-01-sales-analysis-02-brand-order-type-sales:field-apc,report:p1_main:01_sales_analysis:02_brand_order_type_sales,field:apc,exposes_field,exposes field,extracted,0.75,Derived schema candidate; local evidence references are excluded.
edge:exposes-field:report-p1-main-05-performance-12-brand-performance-section-wise:field-apc,report:p1_main:05_performance:12_brand_performance_section_wise,field:apc,exposes_field,exposes field,extracted,0.75,Derived schema candidate; local evidence references are excluded.
edge:exposes-field:report-p1-main-03-discounts-offers-06-offer-code-report:field-applicable-net-amount,report:p1_main:03_discounts_offers:06_offer_code_report,field:applicable_net_amount,exposes_field,exposes field,extracted,0.75,Derived schema candidate; local evidence references are excluded.
edge:exposes-field:report-p1-main-03-discounts-offers-06-offer-code-report:field-applicablegrossamount,report:p1_main:03_discounts_offers:06_offer_code_report,field:applicablegrossamount,exposes_field,exposes field,extracted,0.75,Derived schema candidate; local evidence references are excluded.
edge:exposes-field:report-p1-main-05-performance-14-combo-report:field-appliedofferweighteddiscount,report:p1_main:05_performance:14_combo_report,field:appliedofferweighteddiscount,exposes_field,exposes field,extracted,0.75,Derived schema candidate; local evidence references are excluded.
edge:exposes-field:report-p1-main-01-sales-analysis-02-brand-order-type-sales:field-apt,report:p1_main:01_sales_analysis:02_brand_order_type_sales,field:apt,exposes_field,exposes field,extracted,0.75,Derived schema candidate; local evidence references are excluded.
edge:exposes-field:report-p1-main-01-sales-analysis-15-day-part-sales:field-apt,report:p1_main:01_sales_analysis:15_day_part_sales,field:apt,exposes_field,exposes field,extracted,0.75,Derived schema candidate; local evidence references are excluded.
edge:exposes-field:report-p1-main-01-sales-analysis-19-sales-contribution:field-apt,report:p1_main:01_sales_analysis:19_sales_contribution,field:apt,exposes_field,exposes field,extracted,0.75,Derived schema candidate; local evidence references are excluded.
edge:exposes-field:report-p1-main-01-sales-analysis-09-daily-sales-analysis:field-area,report:p1_main:01_sales_analysis:09_daily_sales_analysis,field:area,exposes_field,exposes field,extracted,0.75,Derived schema candidate; local evidence references are excluded.
edge:exposes-field:report-p1-main-01-sales-analysis-10-daily-sales-tabwise:field-area,report:p1_main:01_sales_analysis:10_daily_sales_tabwise,field:area,exposes_field,exposes field,extracted,0.75,Derived schema candidate; local evidence references are excluded.
edge:exposes-field:report-p1-main-01-sales-analysis-11-daily-sales-sourcewise:field-area,report:p1_main:01_sales_analysis:11_daily_sales_sourcewise,field:area,exposes_field,exposes field,extracted,0.75,Derived schema candidate; local evidence references are excluded.
edge:exposes-field:report-p1-main-05-performance-03-super-category-sourcewise-sales:field-area,report:p1_main:05_performance:03_super_category_sourcewise_sales,field:area,exposes_field,exposes field,extracted,0.75,Derived schema candidate; local evidence references are excluded.
edge:exposes-field:report-p1-main-05-performance-04-super-category-tabwise-sourcewise:field-area,report:p1_main:05_performance:04_super_category_tabwise_sourcewise,field:area,exposes_field,exposes field,extracted,0.75,Derived schema candidate; local evidence references are excluded.
edge:exposes-field:report-p1-main-01-sales-analysis-09-daily-sales-analysis:field-averagedailysales,report:p1_main:01_sales_analysis:09_daily_sales_analysis,field:averagedailysales,exposes_field,exposes field,extracted,0.75,Derived schema candidate; local evidence references are excluded.
edge:exposes-field:report-p1-main-01-sales-analysis-09-daily-sales-analysis:field-averagedailysales-growth,report:p1_main:01_sales_analysis:09_daily_sales_analysis,field:averagedailysales_growth,exposes_field,exposes field,extracted,0.75,Derived schema candidate; local evidence references are excluded.
edge:exposes-field:report-p1-main-01-sales-analysis-01-outlet-sales:field-avg-per-bill,report:p1_main:01_sales_analysis:01_outlet_sales,field:avg_per_bill,exposes_field,exposes field,extracted,0.75,Derived schema candidate; local evidence references are excluded.
edge:exposes-field:report-p1-main-01-sales-analysis-01-outlet-sales:field-avg-per-cover,report:p1_main:01_sales_analysis:01_outlet_sales,field:avg_per_cover,exposes_field,exposes field,extracted,0.75,Derived schema candidate; local evidence references are excluded.
edge:exposes-field:report-p1-main-01-sales-analysis-04-hourly-item-sales-analysis:field-b,report:p1_main:01_sales_analysis:04_hourly_item_sales_analysis,field:b,exposes_field,exposes field,extracted,0.75,Derived schema candidate; local evidence references are excluded.
edge:exposes-field:report-p1-main-01-sales-analysis-20-billwise-section-sales-analysis:field-beverage,report:p1_main:01_sales_analysis:20_billwise_section_sales_analysis,field:beverage,exposes_field,exposes field,extracted,0.75,Derived schema candidate; local evidence references are excluded.
edge:exposes-field:report-p1-main-01-sales-analysis-21-section-sales-analysis:field-beverage,report:p1_main:01_sales_analysis:21_section_sales_analysis,field:beverage,exposes_field,exposes field,extracted,0.75,Derived schema candidate; local evidence references are excluded.
edge:exposes-field:report-p1-main-05-performance-12-brand-performance-section-wise:field-beveragesales,report:p1_main:05_performance:12_brand_performance_section_wise,field:beveragesales,exposes_field,exposes field,extracted,0.75,Derived schema candidate; local evidence references are excluded.
edge:exposes-field:report-p1-main-03-discounts-offers-02-daily-discount-billwise:field-bill-date,report:p1_main:03_discounts_offers:02_daily_discount_billwise,field:bill_date,exposes_field,exposes field,extracted,0.75,Derived schema candidate; local evidence references are excluded.
edge:exposes-field:report-p1-main-03-discounts-offers-05-discount-billwise-analysis:field-bill-date,report:p1_main:03_discounts_offers:05_discount_billwise_analysis,field:bill_date,exposes_field,exposes field,extracted,0.75,Derived schema candidate; local evidence references are excluded.
edge:exposes-field:report-p1-main-03-discounts-offers-08-discount-and-complimentary-analysi:field-bill-date,report:p1_main:03_discounts_offers:08_discount_and_complimentary_analysi,field:bill_date,exposes_field,exposes field,extracted,0.75,Derived schema candidate; local evidence references are excluded.
edge:exposes-field:report-p1-main-02-settlements-06-enterprise-btc-report:field-bill-no,report:p1_main:02_settlements:06_enterprise_btc_report,field:bill_no,exposes_field,exposes field,extracted,0.75,Derived schema candidate; local evidence references are excluded.
edge:exposes-field:report-p1-main-03-discounts-offers-05-discount-billwise-analysis:field-bill-number,report:p1_main:03_discounts_offers:05_discount_billwise_analysis,field:bill_number,exposes_field,exposes field,extracted,0.75,Derived schema candidate; local evidence references are excluded.
edge:exposes-field:report-p1-main-03-discounts-offers-08-discount-and-complimentary-analysi:field-bill-number,report:p1_main:03_discounts_offers:08_discount_and_complimentary_analysi,field:bill_number,exposes_field,exposes field,extracted,0.75,Derived schema candidate; local evidence references are excluded.
edge:exposes-field:report-p1-main-01-sales-analysis-20-billwise-section-sales-analysis:field-bill-time,report:p1_main:01_sales_analysis:20_billwise_section_sales_analysis,field:bill_time,exposes_field,exposes field,extracted,0.75,Derived schema candidate; local evidence references are excluded.
edge:exposes-field:report-p1-main-02-settlements-05-billwise-settlement-analysis:field-bill-time,report:p1_main:02_settlements:05_billwise_settlement_analysis,field:bill_time,exposes_field,exposes field,extracted,0.75,Derived schema candidate; local evidence references are excluded.
edge:exposes-field:report-p1-main-03-discounts-offers-02-daily-discount-billwise:field-billamount,report:p1_main:03_discounts_offers:02_daily_discount_billwise,field:billamount,exposes_field,exposes field,extracted,0.75,Derived schema candidate; local evidence references are excluded.
edge:exposes-field:report-p1-main-03-discounts-offers-05-discount-billwise-analysis:field-billamount,report:p1_main:03_discounts_offers:05_discount_billwise_analysis,field:billamount,exposes_field,exposes field,extracted,0.75,Derived schema candidate; local evidence references are excluded.
edge:exposes-field:report-p1-main-03-discounts-offers-08-discount-and-complimentary-analysi:field-billamount,report:p1_main:03_discounts_offers:08_discount_and_complimentary_analysi,field:billamount,exposes_field,exposes field,extracted,0.75,Derived schema candidate; local evidence references are excluded.
edge:exposes-field:report-p1-main-02-settlements-05-billwise-settlement-analysis:field-billnumber,report:p1_main:02_settlements:05_billwise_settlement_analysis,field:billnumber,exposes_field,exposes field,extracted,0.75,Derived schema candidate; local evidence references are excluded.
edge:exposes-field:report-p1-main-03-discounts-offers-02-daily-discount-billwise:field-billnumber,report:p1_main:03_discounts_offers:02_daily_discount_billwise,field:billnumber,exposes_field,exposes field,extracted,0.75,Derived schema candidate; local evidence references are excluded.
edge:exposes-field:report-p1-main-01-sales-analysis-01-outlet-sales:field-bills,report:p1_main:01_sales_analysis:01_outlet_sales,field:bills,exposes_field,exposes field,extracted,0.75,Derived schema candidate; local evidence references are excluded.
edge:exposes-field:report-p1-main-01-sales-analysis-04-hourly-item-sales-analysis:field-bills,report:p1_main:01_sales_analysis:04_hourly_item_sales_analysis,field:bills,exposes_field,exposes field,extracted,0.75,Derived schema candidate; local evidence references are excluded.
edge:exposes-field:report-p1-main-01-sales-analysis-08-daily-sales:field-bills,report:p1_main:01_sales_analysis:08_daily_sales,field:bills,exposes_field,exposes field,extracted,0.75,Derived schema candidate; local evidence references are excluded.
edge:exposes-field:report-p1-main-01-sales-analysis-12-daily-sales-with-categories:field-bills,report:p1_main:01_sales_analysis:12_daily_sales_with_categories,field:bills,exposes_field,exposes field,extracted,0.75,Derived schema candidate; local evidence references are excluded.
edge:exposes-field:report-p1-main-01-sales-analysis-14-hourly-sales-by-source:field-bills,report:p1_main:01_sales_analysis:14_hourly_sales_by_source,field:bills,exposes_field,exposes field,extracted,0.75,Derived schema candidate; local evidence references are excluded.
edge:exposes-field:report-p1-main-01-sales-analysis-19-sales-contribution:field-bills,report:p1_main:01_sales_analysis:19_sales_contribution,field:bills,exposes_field,exposes field,extracted,0.75,Derived schema candidate; local evidence references are excluded.
edge:exposes-field:report-p1-main-01-sales-analysis-23-source-wise-tab-wise-item-analysis:field-bills,report:p1_main:01_sales_analysis:23_source_wise_tab_wise_item_analysis,field:bills,exposes_field,exposes field,extracted,0.75,Derived schema candidate; local evidence references are excluded.
edge:exposes-field:report-p1-main-05-performance-12-brand-performance-section-wise:field-bills,report:p1_main:05_performance:12_brand_performance_section_wise,field:bills,exposes_field,exposes field,extracted,0.75,Derived schema candidate; local evidence references are excluded.
edge:exposes-field:report-p1-main-05-performance-13-brand-performance-report:field-bills,report:p1_main:05_performance:13_brand_performance_report,field:bills,exposes_field,exposes field,extracted,0.75,Derived schema candidate; local evidence references are excluded.
edge:exposes-field:report-p1-main-02-settlements-05-billwise-settlement-analysis:field-billuser,report:p1_main:02_settlements:05_billwise_settlement_analysis,field:billuser,exposes_field,exposes field,extracted,0.75,Derived schema candidate; local evidence references are excluded.
edge:exposes-field:report-p1-main-01-sales-analysis-12-daily-sales-with-categories:field-bowls,report:p1_main:01_sales_analysis:12_daily_sales_with_categories,field:bowls,exposes_field,exposes field,extracted,0.75,Derived schema candidate; local evidence references are excluded.
edge:exposes-field:report-p1-main-01-sales-analysis-19-sales-contribution:field-bowls,report:p1_main:01_sales_analysis:19_sales_contribution,field:bowls,exposes_field,exposes field,extracted,0.75,Derived schema candidate; local evidence references are excluded.
edge:exposes-field:report-p1-main-01-sales-analysis-02-brand-order-type-sales:field-brand,report:p1_main:01_sales_analysis:02_brand_order_type_sales,field:brand,exposes_field,exposes field,extracted,0.75,Derived schema candidate; local evidence references are excluded.
edge:exposes-field:report-p1-main-03-discounts-offers-04-offer-budget:field-brand,report:p1_main:03_discounts_offers:04_offer_budget,field:brand,exposes_field,exposes field,extracted,0.75,Derived schema candidate; local evidence references are excluded.
edge:exposes-field:report-p1-main-01-sales-analysis-12-daily-sales-with-categories:field-breads,report:p1_main:01_sales_analysis:12_daily_sales_with_categories,field:breads,exposes_field,exposes field,extracted,0.75,Derived schema candidate; local evidence references are excluded.
edge:exposes-field:report-p1-main-01-sales-analysis-12-daily-sales-with-categories:field-brekkie,report:p1_main:01_sales_analysis:12_daily_sales_with_categories,field:brekkie,exposes_field,exposes field,extracted,0.75,Derived schema candidate; local evidence references are excluded.
edge:exposes-field:report-p1-main-01-sales-analysis-19-sales-contribution:field-brekkie,report:p1_main:01_sales_analysis:19_sales_contribution,field:brekkie,exposes_field,exposes field,extracted,0.75,Derived schema candidate; local evidence references are excluded.
edge:exposes-field:report-p1-main-01-sales-analysis-12-daily-sales-with-categories:field-brew,report:p1_main:01_sales_analysis:12_daily_sales_with_categories,field:brew,exposes_field,exposes field,extracted,0.75,Derived schema candidate; local evidence references are excluded.
edge:exposes-field:report-p1-main-01-sales-analysis-12-daily-sales-with-categories:field-brioche,report:p1_main:01_sales_analysis:12_daily_sales_with_categories,field:brioche,exposes_field,exposes field,extracted,0.75,Derived schema candidate; local evidence references are excluded.
edge:exposes-field:report-p1-main-01-sales-analysis-19-sales-contribution:field-brioche-sandwich,report:p1_main:01_sales_analysis:19_sales_contribution,field:brioche_sandwich,exposes_field,exposes field,extracted,0.75,Derived schema candidate; local evidence references are excluded.
edge:exposes-field:report-p1-main-01-sales-analysis-12-daily-sales-with-categories:field-brownies,report:p1_main:01_sales_analysis:12_daily_sales_with_categories,field:brownies,exposes_field,exposes field,extracted,0.75,Derived schema candidate; local evidence references are excluded.
edge:exposes-field:report-p1-main-01-sales-analysis-19-sales-contribution:field-brownies,report:p1_main:01_sales_analysis:19_sales_contribution,field:brownies,exposes_field,exposes field,extracted,0.75,Derived schema candidate; local evidence references are excluded.
edge:exposes-field:report-p1-main-04-tax-analysis-05-tax-summary:field-btc,report:p1_main:04_tax_analysis:05_tax_summary,field:btc,exposes_field,exposes field,extracted,0.75,Derived schema candidate; local evidence references are excluded.
edge:exposes-field:report-p1-main-03-discounts-offers-04-offer-budget:field-budget,report:p1_main:03_discounts_offers:04_offer_budget,field:budget,exposes_field,exposes field,extracted,0.75,Derived schema candidate; local evidence references are excluded.
edge:exposes-field:report-p1-main-01-sales-analysis-09-daily-sales-analysis:field-building-type,report:p1_main:01_sales_analysis:09_daily_sales_analysis,field:building_type,exposes_field,exposes field,extracted,0.75,Derived schema candidate; local evidence references are excluded.
edge:exposes-field:report-p1-main-01-sales-analysis-10-daily-sales-tabwise:field-building-type,report:p1_main:01_sales_analysis:10_daily_sales_tabwise,field:building_type,exposes_field,exposes field,extracted,0.75,Derived schema candidate; local evidence references are excluded.
edge:exposes-field:report-p1-main-01-sales-analysis-11-daily-sales-sourcewise:field-building-type,report:p1_main:01_sales_analysis:11_daily_sales_sourcewise,field:building_type,exposes_field,exposes field,extracted,0.75,Derived schema candidate; local evidence references are excluded.
edge:exposes-field:report-p1-main-05-performance-03-super-category-sourcewise-sales:field-building-type,report:p1_main:05_performance:03_super_category_sourcewise_sales,field:building_type,exposes_field,exposes field,extracted,0.75,Derived schema candidate; local evidence references are excluded.
edge:exposes-field:report-p1-main-05-performance-04-super-category-tabwise-sourcewise:field-building-type,report:p1_main:05_performance:04_super_category_tabwise_sourcewise,field:building_type,exposes_field,exposes field,extracted,0.75,Derived schema candidate; local evidence references are excluded.
edge:exposes-field:report-p1-main-01-sales-analysis-12-daily-sales-with-categories:field-buns,report:p1_main:01_sales_analysis:12_daily_sales_with_categories,field:buns,exposes_field,exposes field,extracted,0.75,Derived schema candidate; local evidence references are excluded.
edge:exposes-field:report-p1-main-01-sales-analysis-19-sales-contribution:field-buns,report:p1_main:01_sales_analysis:19_sales_contribution,field:buns,exposes_field,exposes field,extracted,0.75,Derived schema candidate; local evidence references are excluded.
edge:exposes-field:report-p1-main-01-sales-analysis-16-day-part-product-sales:field-businessdate,report:p1_main:01_sales_analysis:16_day_part_product_sales,field:businessdate,exposes_field,exposes field,extracted,0.75,Derived schema candidate; local evidence references are excluded.
edge:exposes-field:report-p1-main-03-discounts-offers-05-discount-billwise-analysis:field-businessdate,report:p1_main:03_discounts_offers:05_discount_billwise_analysis,field:businessdate,exposes_field,exposes field,extracted,0.75,Derived schema candidate; local evidence references are excluded.
edge:exposes-field:report-p1-main-03-discounts-offers-08-discount-and-complimentary-analysi:field-businessdate,report:p1_main:03_discounts_offers:08_discount_and_complimentary_analysi,field:businessdate,exposes_field,exposes field,extracted,0.75,Derived schema candidate; local evidence references are excluded.
edge:exposes-field:report-p1-main-02-settlements-06-enterprise-btc-report:field-businessdatedeploymentname,report:p1_main:02_settlements:06_enterprise_btc_report,field:businessdatedeploymentname,exposes_field,exposes field,extracted,0.75,Derived schema candidate; local evidence references are excluded.
edge:exposes-field:report-p1-main-03-discounts-offers-09-entp-item-based-offer:field-buy-item,report:p1_main:03_discounts_offers:09_entp_item_based_offer,field:buy_item,exposes_field,exposes field,extracted,0.75,Derived schema candidate; local evidence references are excluded.
edge:exposes-field:report-p1-main-03-discounts-offers-09-entp-item-based-offer:field-buy-value,report:p1_main:03_discounts_offers:09_entp_item_based_offer,field:buy_value,exposes_field,exposes field,extracted,0.75,Derived schema candidate; local evidence references are excluded.
edge:exposes-field:report-p1-main-01-sales-analysis-12-daily-sales-with-categories:field-cake,report:p1_main:01_sales_analysis:12_daily_sales_with_categories,field:cake,exposes_field,exposes field,extracted,0.75,Derived schema candidate; local evidence references are excluded.
edge:exposes-field:report-p1-main-01-sales-analysis-12-daily-sales-with-categories:field-cakes,report:p1_main:01_sales_analysis:12_daily_sales_with_categories,field:cakes,exposes_field,exposes field,extracted,0.75,Derived schema candidate; local evidence references are excluded.
edge:exposes-field:report-p1-main-01-sales-analysis-19-sales-contribution:field-cakes,report:p1_main:01_sales_analysis:19_sales_contribution,field:cakes,exposes_field,exposes field,extracted,0.75,Derived schema candidate; local evidence references are excluded.
edge:exposes-field:report-p1-main-01-sales-analysis-21-section-sales-analysis:field-cash,report:p1_main:01_sales_analysis:21_section_sales_analysis,field:cash,exposes_field,exposes field,extracted,0.75,Derived schema candidate; local evidence references are excluded.
edge:exposes-field:report-p1-main-02-settlements-01-settlement-analysis:field-cash,report:p1_main:02_settlements:01_settlement_analysis,field:cash,exposes_field,exposes field,extracted,0.75,Derived schema candidate; local evidence references are excluded.
edge:exposes-field:report-p1-main-02-settlements-02-settlement-analysis-consolidated:field-cash,report:p1_main:02_settlements:02_settlement_analysis_consolidated,field:cash,exposes_field,exposes field,extracted,0.75,Derived schema candidate; local evidence references are excluded.
edge:exposes-field:report-p1-main-02-settlements-03-daily-payments-breakup:field-cash,report:p1_main:02_settlements:03_daily_payments_breakup,field:cash,exposes_field,exposes field,extracted,0.75,Derived schema candidate; local evidence references are excluded.
edge:exposes-field:report-p1-main-02-settlements-04-daily-payments-breakup-consolidate:field-cash,report:p1_main:02_settlements:04_daily_payments_breakup_consolidate,field:cash,exposes_field,exposes field,extracted,0.75,Derived schema candidate; local evidence references are excluded.
edge:exposes-field:report-p1-main-04-tax-analysis-05-tax-summary:field-cash,report:p1_main:04_tax_analysis:05_tax_summary,field:cash,exposes_field,exposes field,extracted,0.75,Derived schema candidate; local evidence references are excluded.
edge:exposes-field:report-p1-main-01-sales-analysis-05-daily-item-sales-analysis:field-category,report:p1_main:01_sales_analysis:05_daily_item_sales_analysis,field:category,exposes_field,exposes field,extracted,0.75,Derived schema candidate; local evidence references are excluded.
edge:exposes-field:report-p1-main-01-sales-analysis-16-day-part-product-sales:field-category,report:p1_main:01_sales_analysis:16_day_part_product_sales,field:category,exposes_field,exposes field,extracted,0.75,Derived schema candidate; local evidence references are excluded.
edge:exposes-field:report-p1-main-03-discounts-offers-11-complimentary-head-itemwise:field-category,report:p1_main:03_discounts_offers:11_complimentary_head_itemwise,field:category,exposes_field,exposes field,extracted,0.75,Derived schema candidate; local evidence references are excluded.
edge:exposes-field:report-p1-main-05-performance-02-category-analysis:field-category,report:p1_main:05_performance:02_category_analysis,field:category,exposes_field,exposes field,extracted,0.75,Derived schema candidate; local evidence references are excluded.
edge:exposes-field:report-p1-main-05-performance-11-tab-wise-analysis:field-category,report:p1_main:05_performance:11_tab_wise_analysis,field:category,exposes_field,exposes field,extracted,0.75,Derived schema candidate; local evidence references are excluded.
edge:exposes-field:report-p1-main-01-sales-analysis-17-day-part-product-detailed:field-category-item-code-item-name,report:p1_main:01_sales_analysis:17_day_part_product_detailed,field:category_item_code_item_name,exposes_field,exposes field,extracted,0.75,Derived schema candidate; local evidence references are excluded.
edge:exposes-field:report-p1-main-01-sales-analysis-23-source-wise-tab-wise-item-analysis:field-category-name,report:p1_main:01_sales_analysis:23_source_wise_tab_wise_item_analysis,field:category_name,exposes_field,exposes field,extracted,0.75,Derived schema candidate; local evidence references are excluded.
edge:exposes-field:report-p1-main-05-performance-05-item-analysis:field-category-name,report:p1_main:05_performance:05_item_analysis,field:category_name,exposes_field,exposes field,extracted,0.75,Derived schema candidate; local evidence references are excluded.
edge:exposes-field:report-p1-main-05-performance-06-item-source-report:field-category-name,report:p1_main:05_performance:06_item_source_report,field:category_name,exposes_field,exposes field,extracted,0.75,Derived schema candidate; local evidence references are excluded.
edge:exposes-field:report-p1-main-05-performance-08-tab-wise-item-analysis:field-category-name-item-name-item-qty,report:p1_main:05_performance:08_tab_wise_item_analysis,field:category_name_item_name_item_qty,exposes_field,exposes field,extracted,0.75,Derived schema candidate; local evidence references are excluded.
edge:exposes-field:report-p1-main-01-sales-analysis-04-hourly-item-sales-analysis:field-categorysuper-category,report:p1_main:01_sales_analysis:04_hourly_item_sales_analysis,field:categorysuper_category,exposes_field,exposes field,extracted,0.75,Derived schema candidate; local evidence references are excluded.
edge:exposes-field:report-p1-main-05-performance-02-category-analysis:field-categorytotal,report:p1_main:05_performance:02_category_analysis,field:categorytotal,exposes_field,exposes field,extracted,0.75,Derived schema candidate; local evidence references are excluded.
edge:exposes-field:report-p1-main-01-sales-analysis-08-daily-sales:field-cgst,report:p1_main:01_sales_analysis:08_daily_sales,field:cgst,exposes_field,exposes field,extracted,0.75,Derived schema candidate; local evidence references are excluded.
edge:exposes-field:report-p1-main-01-sales-analysis-12-daily-sales-with-categories:field-cgst,report:p1_main:01_sales_analysis:12_daily_sales_with_categories,field:cgst,exposes_field,exposes field,extracted,0.75,Derived schema candidate; local evidence references are excluded.
edge:exposes-field:report-p1-main-04-tax-analysis-05-tax-summary:field-cgst-gst-18,report:p1_main:04_tax_analysis:05_tax_summary,field:cgst_gst_18,exposes_field,exposes field,extracted,0.75,Derived schema candidate; local evidence references are excluded.
edge:exposes-field:report-p1-main-04-tax-analysis-05-tax-summary:field-cgst-gst-5,report:p1_main:04_tax_analysis:05_tax_summary,field:cgst_gst_5,exposes_field,exposes field,extracted,0.75,Derived schema candidate; local evidence references are excluded.
edge:exposes-field:report-p1-main-01-sales-analysis-12-daily-sales-with-categories:field-chai,report:p1_main:01_sales_analysis:12_daily_sales_with_categories,field:chai,exposes_field,exposes field,extracted,0.75,Derived schema candidate; local evidence references are excluded.
edge:exposes-field:report-p1-main-01-sales-analysis-19-sales-contribution:field-chai,report:p1_main:01_sales_analysis:19_sales_contribution,field:chai,exposes_field,exposes field,extracted,0.75,Derived schema candidate; local evidence references are excluded.
edge:exposes-field:report-p1-main-01-sales-analysis-01-outlet-sales:field-charges,report:p1_main:01_sales_analysis:01_outlet_sales,field:charges,exposes_field,exposes field,extracted,0.75,Derived schema candidate; local evidence references are excluded.
edge:exposes-field:report-p1-main-01-sales-analysis-02-brand-order-type-sales:field-charges,report:p1_main:01_sales_analysis:02_brand_order_type_sales,field:charges,exposes_field,exposes field,extracted,0.75,Derived schema candidate; local evidence references are excluded.
edge:exposes-field:report-p1-main-01-sales-analysis-03-hourly-sales-analysis:field-charges,report:p1_main:01_sales_analysis:03_hourly_sales_analysis,field:charges,exposes_field,exposes field,extracted,0.75,Derived schema candidate; local evidence references are excluded.
edge:exposes-field:report-p1-main-01-sales-analysis-08-daily-sales:field-charges,report:p1_main:01_sales_analysis:08_daily_sales,field:charges,exposes_field,exposes field,extracted,0.75,Derived schema candidate; local evidence references are excluded.
edge:exposes-field:report-p1-main-01-sales-analysis-11-daily-sales-sourcewise:field-charges,report:p1_main:01_sales_analysis:11_daily_sales_sourcewise,field:charges,exposes_field,exposes field,extracted,0.75,Derived schema candidate; local evidence references are excluded.
edge:exposes-field:report-p1-main-01-sales-analysis-12-daily-sales-with-categories:field-charges,report:p1_main:01_sales_analysis:12_daily_sales_with_categories,field:charges,exposes_field,exposes field,extracted,0.75,Derived schema candidate; local evidence references are excluded.
edge:exposes-field:report-p1-main-04-tax-analysis-05-tax-summary:field-charges,report:p1_main:04_tax_analysis:05_tax_summary,field:charges,exposes_field,exposes field,extracted,0.75,Derived schema candidate; local evidence references are excluded.
edge:exposes-field:report-p1-main-05-performance-12-brand-performance-section-wise:field-charges,report:p1_main:05_performance:12_brand_performance_section_wise,field:charges,exposes_field,exposes field,extracted,0.75,Derived schema candidate; local evidence references are excluded.
edge:exposes-field:report-p1-main-05-performance-13-brand-performance-report:field-charges,report:p1_main:05_performance:13_brand_performance_report,field:charges,exposes_field,exposes field,extracted,0.75,Derived schema candidate; local evidence references are excluded.
edge:exposes-field:report-p1-main-01-sales-analysis-12-daily-sales-with-categories:field-chocolate,report:p1_main:01_sales_analysis:12_daily_sales_with_categories,field:chocolate,exposes_field,exposes field,extracted,0.75,Derived schema candidate; local evidence references are excluded.
edge:exposes-field:report-p1-main-01-sales-analysis-12-daily-sales-with-categories:field-choice,report:p1_main:01_sales_analysis:12_daily_sales_with_categories,field:choice,exposes_field,exposes field,extracted,0.75,Derived schema candidate; local evidence references are excluded.
edge:exposes-field:report-p1-main-01-sales-analysis-19-sales-contribution:field-choiceofmilk,report:p1_main:01_sales_analysis:19_sales_contribution,field:choiceofmilk,exposes_field,exposes field,extracted,0.75,Derived schema candidate; local evidence references are excluded.
edge:exposes-field:report-p1-main-01-sales-analysis-01-outlet-sales:field-cluster,report:p1_main:01_sales_analysis:01_outlet_sales,field:cluster,exposes_field,exposes field,extracted,0.75,Derived schema candidate; local evidence references are excluded.
edge:exposes-field:report-p1-main-01-sales-analysis-02-brand-order-type-sales:field-cluster,report:p1_main:01_sales_analysis:02_brand_order_type_sales,field:cluster,exposes_field,exposes field,extracted,0.75,Derived schema candidate; local evidence references are excluded.
edge:exposes-field:report-p1-main-01-sales-analysis-03-hourly-sales-analysis:field-cluster,report:p1_main:01_sales_analysis:03_hourly_sales_analysis,field:cluster,exposes_field,exposes field,extracted,0.75,Derived schema candidate; local evidence references are excluded.
edge:exposes-field:report-p1-main-01-sales-analysis-06-consolidated-hourly-sales:field-cluster,report:p1_main:01_sales_analysis:06_consolidated_hourly_sales,field:cluster,exposes_field,exposes field,extracted,0.75,Derived schema candidate; local evidence references are excluded.
edge:exposes-field:report-p1-main-01-sales-analysis-08-daily-sales:field-cluster,report:p1_main:01_sales_analysis:08_daily_sales,field:cluster,exposes_field,exposes field,extracted,0.75,Derived schema candidate; local evidence references are excluded.
edge:exposes-field:report-p1-main-01-sales-analysis-09-daily-sales-analysis:field-cluster,report:p1_main:01_sales_analysis:09_daily_sales_analysis,field:cluster,exposes_field,exposes field,extracted,0.75,Derived schema candidate; local evidence references are excluded.
edge:exposes-field:report-p1-main-01-sales-analysis-12-daily-sales-with-categories:field-cluster,report:p1_main:01_sales_analysis:12_daily_sales_with_categories,field:cluster,exposes_field,exposes field,extracted,0.75,Derived schema candidate; local evidence references are excluded.
edge:exposes-field:report-p1-main-01-sales-analysis-15-day-part-sales:field-cluster,report:p1_main:01_sales_analysis:15_day_part_sales,field:cluster,exposes_field,exposes field,extracted,0.75,Derived schema candidate; local evidence references are excluded.
edge:exposes-field:report-p1-main-01-sales-analysis-16-day-part-product-sales:field-cluster,report:p1_main:01_sales_analysis:16_day_part_product_sales,field:cluster,exposes_field,exposes field,extracted,0.75,Derived schema candidate; local evidence references are excluded.
edge:exposes-field:report-p1-main-01-sales-analysis-19-sales-contribution:field-cluster,report:p1_main:01_sales_analysis:19_sales_contribution,field:cluster,exposes_field,exposes field,extracted,0.75,Derived schema candidate; local evidence references are excluded.
edge:exposes-field:report-p1-main-01-sales-analysis-21-section-sales-analysis:field-cluster,report:p1_main:01_sales_analysis:21_section_sales_analysis,field:cluster,exposes_field,exposes field,extracted,0.75,Derived schema candidate; local evidence references are excluded.
edge:exposes-field:report-p1-main-02-settlements-02-settlement-analysis-consolidated:field-cluster,report:p1_main:02_settlements:02_settlement_analysis_consolidated,field:cluster,exposes_field,exposes field,extracted,0.75,Derived schema candidate; local evidence references are excluded.
edge:exposes-field:report-p1-main-03-discounts-offers-04-offer-budget:field-cluster,report:p1_main:03_discounts_offers:04_offer_budget,field:cluster,exposes_field,exposes field,extracted,0.75,Derived schema candidate; local evidence references are excluded.
edge:exposes-field:report-p1-main-05-performance-08-tab-wise-item-analysis:field-cluster,report:p1_main:05_performance:08_tab_wise_item_analysis,field:cluster,exposes_field,exposes field,extracted,0.75,Derived schema candidate; local evidence references are excluded.
edge:exposes-field:report-p1-main-05-performance-10-highest-and-lowest-selling-items:field-cluster,report:p1_main:05_performance:10_highest_and_lowest_selling_items,field:cluster,exposes_field,exposes field,extracted,0.75,Derived schema candidate; local evidence references are excluded.
edge:exposes-field:report-p1-main-03-discounts-offers-07-offer-code-usage-report:field-code,report:p1_main:03_discounts_offers:07_offer_code_usage_report,field:code,exposes_field,exposes field,extracted,0.75,Derived schema candidate; local evidence references are excluded.
edge:exposes-field:report-p1-main-03-discounts-offers-07-offer-code-usage-report:field-code-list,report:p1_main:03_discounts_offers:07_offer_code_usage_report,field:code_list,exposes_field,exposes field,extracted,0.75,Derived schema candidate; local evidence references are excluded.
edge:exposes-field:report-p1-main-01-sales-analysis-12-daily-sales-with-categories:field-coffee,report:p1_main:01_sales_analysis:12_daily_sales_with_categories,field:coffee,exposes_field,exposes field,extracted,0.75,Derived schema candidate; local evidence references are excluded.
edge:exposes-field:report-p1-main-01-sales-analysis-19-sales-contribution:field-coffee,report:p1_main:01_sales_analysis:19_sales_contribution,field:coffee,exposes_field,exposes field,extracted,0.75,Derived schema candidate; local evidence references are excluded.
edge:exposes-field:report-p1-main-01-sales-analysis-12-daily-sales-with-categories:field-cold,report:p1_main:01_sales_analysis:12_daily_sales_with_categories,field:cold,exposes_field,exposes field,extracted,0.75,Derived schema candidate; local evidence references are excluded.
edge:exposes-field:report-p1-main-01-sales-analysis-19-sales-contribution:field-cold-brew,report:p1_main:01_sales_analysis:19_sales_contribution,field:cold_brew,exposes_field,exposes field,extracted,0.75,Derived schema candidate; local evidence references are excluded.
edge:exposes-field:report-p1-main-05-performance-05-item-analysis:field-combo-constituent-qtytotal-qtyamount,report:p1_main:05_performance:05_item_analysis,field:combo_constituent_qtytotal_qtyamount,exposes_field,exposes field,extracted,0.75,Derived schema candidate; local evidence references are excluded.
edge:exposes-field:report-p1-main-05-performance-14-combo-report:field-combo-itemsubtotal,report:p1_main:05_performance:14_combo_report,field:combo_itemsubtotal,exposes_field,exposes field,extracted,0.75,Derived schema candidate; local evidence references are excluded.
edge:exposes-field:report-p1-main-05-performance-14-combo-report:field-combo-name,report:p1_main:05_performance:14_combo_report,field:combo_name,exposes_field,exposes field,extracted,0.75,Derived schema candidate; local evidence references are excluded.
edge:exposes-field:report-p1-main-01-sales-analysis-17-day-part-product-detailed:field-combo-qty,report:p1_main:01_sales_analysis:17_day_part_product_detailed,field:combo_qty,exposes_field,exposes field,extracted,0.75,Derived schema candidate; local evidence references are excluded.
edge:exposes-field:report-p1-main-05-performance-14-combo-report:field-combo-quantity,report:p1_main:05_performance:14_combo_report,field:combo_quantity,exposes_field,exposes field,extracted,0.75,Derived schema candidate; local evidence references are excluded.
edge:exposes-field:report-p1-main-05-performance-14-combo-report:field-combo-selection-items-name,report:p1_main:05_performance:14_combo_report,field:combo_selection_items_name,exposes_field,exposes field,extracted,0.75,Derived schema candidate; local evidence references are excluded.
edge:exposes-field:report-p1-main-05-performance-14-combo-report:field-combo-subtotal,report:p1_main:05_performance:14_combo_report,field:combo_subtotal,exposes_field,exposes field,extracted,0.75,Derived schema candidate; local evidence references are excluded.
edge:exposes-field:report-p1-main-05-performance-08-tab-wise-item-analysis:field-comboconsituentqty,report:p1_main:05_performance:08_tab_wise_item_analysis,field:comboconsituentqty,exposes_field,exposes field,extracted,0.75,Derived schema candidate; local evidence references are excluded.
edge:exposes-field:report-p1-main-05-performance-14-combo-report:field-combodiscount,report:p1_main:05_performance:14_combo_report,field:combodiscount,exposes_field,exposes field,extracted,0.75,Derived schema candidate; local evidence references are excluded.
edge:exposes-field:report-p1-main-05-performance-14-combo-report:field-comboitemdiscount,report:p1_main:05_performance:14_combo_report,field:comboitemdiscount,exposes_field,exposes field,extracted,0.75,Derived schema candidate; local evidence references are excluded.
edge:exposes-field:report-p1-main-05-performance-14-combo-report:field-comboitemtaxes,report:p1_main:05_performance:14_combo_report,field:comboitemtaxes,exposes_field,exposes field,extracted,0.75,Derived schema candidate; local evidence references are excluded.
edge:exposes-field:report-p1-main-05-performance-14-combo-report:field-comboselectionitemqty,report:p1_main:05_performance:14_combo_report,field:comboselectionitemqty,exposes_field,exposes field,extracted,0.75,Derived schema candidate; local evidence references are excluded.
edge:exposes-field:report-p1-main-02-settlements-06-enterprise-btc-report:field-company-name,report:p1_main:02_settlements:06_enterprise_btc_report,field:company_name,exposes_field,exposes field,extracted,0.75,Derived schema candidate; local evidence references are excluded.
edge:exposes-field:report-p1-main-01-sales-analysis-04-hourly-item-sales-analysis:field-complimentary,report:p1_main:01_sales_analysis:04_hourly_item_sales_analysis,field:complimentary,exposes_field,exposes field,extracted,0.75,Derived schema candidate; local evidence references are excluded.
edge:exposes-field:report-p1-main-03-discounts-offers-01-daily-item-wise-discount:field-complimentary,report:p1_main:03_discounts_offers:01_daily_item_wise_discount,field:complimentary,exposes_field,exposes field,extracted,0.75,Derived schema candidate; local evidence references are excluded.
edge:exposes-field:report-p1-main-03-discounts-offers-02-daily-discount-billwise:field-complimentary,report:p1_main:03_discounts_offers:02_daily_discount_billwise,field:complimentary,exposes_field,exposes field,extracted,0.75,Derived schema candidate; local evidence references are excluded.
edge:exposes-field:report-p1-main-01-sales-analysis-20-billwise-section-sales-analysis:field-complimentary-amount,report:p1_main:01_sales_analysis:20_billwise_section_sales_analysis,field:complimentary_amount,exposes_field,exposes field,extracted,0.75,Derived schema candidate; local evidence references are excluded.
edge:exposes-field:report-p1-main-01-sales-analysis-01-outlet-sales:field-complimentary-covers,report:p1_main:01_sales_analysis:01_outlet_sales,field:complimentary_covers,exposes_field,exposes field,extracted,0.75,Derived schema candidate; local evidence references are excluded.
edge:exposes-field:report-p1-main-03-discounts-offers-08-discount-and-complimentary-analysi:field-complimentaryamount,report:p1_main:03_discounts_offers:08_discount_and_complimentary_analysi,field:complimentaryamount,exposes_field,exposes field,extracted,0.75,Derived schema candidate; local evidence references are excluded.
edge:exposes-field:report-p1-main-03-discounts-offers-11-complimentary-head-itemwise:field-complimentaryhead,report:p1_main:03_discounts_offers:11_complimentary_head_itemwise,field:complimentaryhead,exposes_field,exposes field,extracted,0.75,Derived schema candidate; local evidence references are excluded.
edge:exposes-field:report-p1-main-03-discounts-offers-01-daily-item-wise-discount:field-complimentaryqty,report:p1_main:03_discounts_offers:01_daily_item_wise_discount,field:complimentaryqty,exposes_field,exposes field,extracted,0.75,Derived schema candidate; local evidence references are excluded.
edge:exposes-field:report-p1-main-03-discounts-offers-08-discount-and-complimentary-analysi:field-complimentaryremarks,report:p1_main:03_discounts_offers:08_discount_and_complimentary_analysi,field:complimentaryremarks,exposes_field,exposes field,extracted,0.75,Derived schema candidate; local evidence references are excluded.
edge:exposes-field:report-p1-main-05-performance-02-category-analysis:field-contribution,report:p1_main:05_performance:02_category_analysis,field:contribution,exposes_field,exposes field,extracted,0.75,Derived schema candidate; local evidence references are excluded.
edge:exposes-field:report-p1-main-05-performance-05-item-analysis:field-contribution,report:p1_main:05_performance:05_item_analysis,field:contribution,exposes_field,exposes field,extracted,0.75,Derived schema candidate; local evidence references are excluded.
edge:exposes-field:report-p1-main-05-performance-06-item-source-report:field-contributioncogs,report:p1_main:05_performance:06_item_source_report,field:contributioncogs,exposes_field,exposes field,extracted,0.75,Derived schema candidate; local evidence references are excluded.
edge:exposes-field:report-p1-main-01-sales-analysis-22-source-analysis-summary:field-contributionofnetsales,report:p1_main:01_sales_analysis:22_source_analysis_summary,field:contributionofnetsales,exposes_field,exposes field,extracted,0.75,Derived schema candidate; local evidence references are excluded.
edge:exposes-field:report-p1-main-01-sales-analysis-12-daily-sales-with-categories:field-cookies,report:p1_main:01_sales_analysis:12_daily_sales_with_categories,field:cookies,exposes_field,exposes field,extracted,0.75,Derived schema candidate; local evidence references are excluded.
edge:exposes-field:report-p1-main-01-sales-analysis-19-sales-contribution:field-cookies,report:p1_main:01_sales_analysis:19_sales_contribution,field:cookies,exposes_field,exposes field,extracted,0.75,Derived schema candidate; local evidence references are excluded.
edge:exposes-field:report-p1-main-01-sales-analysis-12-daily-sales-with-categories:field-coolers,report:p1_main:01_sales_analysis:12_daily_sales_with_categories,field:coolers,exposes_field,exposes field,extracted,0.75,Derived schema candidate; local evidence references are excluded.
edge:exposes-field:report-p1-main-01-sales-analysis-19-sales-contribution:field-coolers,report:p1_main:01_sales_analysis:19_sales_contribution,field:coolers,exposes_field,exposes field,extracted,0.75,Derived schema candidate; local evidence references are excluded.
edge:exposes-field:report-p1-main-03-discounts-offers-06-offer-code-report:field-count,report:p1_main:03_discounts_offers:06_offer_code_report,field:count,exposes_field,exposes field,extracted,0.75,Derived schema candidate; local evidence references are excluded.
edge:exposes-field:report-p1-main-01-sales-analysis-20-billwise-section-sales-analysis:field-country,report:p1_main:01_sales_analysis:20_billwise_section_sales_analysis,field:country,exposes_field,exposes field,extracted,0.75,Derived schema candidate; local evidence references are excluded.
edge:exposes-field:report-p1-main-04-tax-analysis-05-tax-summary:field-coupon,report:p1_main:04_tax_analysis:05_tax_summary,field:coupon,exposes_field,exposes field,extracted,0.75,Derived schema candidate; local evidence references are excluded.
edge:exposes-field:report-p1-main-01-sales-analysis-01-outlet-sales:field-covers,report:p1_main:01_sales_analysis:01_outlet_sales,field:covers,exposes_field,exposes field,extracted,0.75,Derived schema candidate; local evidence references are excluded.
edge:exposes-field:report-p1-main-01-sales-analysis-10-daily-sales-tabwise:field-covers,report:p1_main:01_sales_analysis:10_daily_sales_tabwise,field:covers,exposes_field,exposes field,extracted,0.75,Derived schema candidate; local evidence references are excluded.
edge:exposes-field:report-p1-main-05-performance-12-brand-performance-section-wise:field-covers,report:p1_main:05_performance:12_brand_performance_section_wise,field:covers,exposes_field,exposes field,extracted,0.75,Derived schema candidate; local evidence references are excluded.
edge:exposes-field:report-p1-main-02-settlements-02-settlement-analysis-consolidated:field-creditcard,report:p1_main:02_settlements:02_settlement_analysis_consolidated,field:creditcard,exposes_field,exposes field,extracted,0.75,Derived schema candidate; local evidence references are excluded.
edge:exposes-field:report-p1-main-02-settlements-04-daily-payments-breakup-consolidate:field-creditcard,report:p1_main:02_settlements:04_daily_payments_breakup_consolidate,field:creditcard,exposes_field,exposes field,extracted,0.75,Derived schema candidate; local evidence references are excluded.
edge:exposes-field:report-p1-main-04-tax-analysis-05-tax-summary:field-creditcard,report:p1_main:04_tax_analysis:05_tax_summary,field:creditcard,exposes_field,exposes field,extracted,0.75,Derived schema candidate; local evidence references are excluded.
edge:exposes-field:report-p1-main-01-sales-analysis-12-daily-sales-with-categories:field-croissant,report:p1_main:01_sales_analysis:12_daily_sales_with_categories,field:croissant,exposes_field,exposes field,extracted,0.75,Derived schema candidate; local evidence references are excluded.
edge:exposes-field:report-p1-main-01-sales-analysis-19-sales-contribution:field-croissant,report:p1_main:01_sales_analysis:19_sales_contribution,field:croissant,exposes_field,exposes field,extracted,0.75,Derived schema candidate; local evidence references are excluded.
edge:exposes-field:report-p1-main-01-sales-analysis-19-sales-contribution:field-currency,report:p1_main:01_sales_analysis:19_sales_contribution,field:currency,exposes_field,exposes field,extracted,0.75,Derived schema candidate; local evidence references are excluded.
edge:exposes-field:report-p1-main-01-sales-analysis-20-billwise-section-sales-analysis:field-currencynet-value-discountamount,report:p1_main:01_sales_analysis:20_billwise_section_sales_analysis,field:currencynet_value_discountamount,exposes_field,exposes field,extracted,0.75,Derived schema candidate; local evidence references are excluded.
edge:exposes-field:report-p1-main-01-sales-analysis-09-daily-sales-analysis:field-currentday,report:p1_main:01_sales_analysis:09_daily_sales_analysis,field:currentday,exposes_field,exposes field,extracted,0.75,Derived schema candidate; local evidence references are excluded.
edge:exposes-field:report-p1-main-02-settlements-05-billwise-settlement-analysis:field-customer-channel,report:p1_main:02_settlements:05_billwise_settlement_analysis,field:customer_channel,exposes_field,exposes field,extracted,0.75,Derived schema candidate; local evidence references are excluded.
edge:exposes-field:report-p1-main-03-discounts-offers-05-discount-billwise-analysis:field-customername,report:p1_main:03_discounts_offers:05_discount_billwise_analysis,field:customername,exposes_field,exposes field,extracted,0.75,Derived schema candidate; local evidence references are excluded.
edge:exposes-field:report-p1-main-03-discounts-offers-05-discount-billwise-analysis:field-customernumber,report:p1_main:03_discounts_offers:05_discount_billwise_analysis,field:customernumber,exposes_field,exposes field,extracted,0.75,Derived schema candidate; local evidence references are excluded.
edge:exposes-field:report-p1-main-01-sales-analysis-03-hourly-sales-analysis:field-date,report:p1_main:01_sales_analysis:03_hourly_sales_analysis,field:date,exposes_field,exposes field,extracted,0.75,Derived schema candidate; local evidence references are excluded.
edge:exposes-field:report-p1-main-01-sales-analysis-04-hourly-item-sales-analysis:field-date,report:p1_main:01_sales_analysis:04_hourly_item_sales_analysis,field:date,exposes_field,exposes field,extracted,0.75,Derived schema candidate; local evidence references are excluded.
edge:exposes-field:report-p1-main-01-sales-analysis-05-daily-item-sales-analysis:field-date,report:p1_main:01_sales_analysis:05_daily_item_sales_analysis,field:date,exposes_field,exposes field,extracted,0.75,Derived schema candidate; local evidence references are excluded.
edge:exposes-field:report-p1-main-01-sales-analysis-08-daily-sales:field-date,report:p1_main:01_sales_analysis:08_daily_sales,field:date,exposes_field,exposes field,extracted,0.75,Derived schema candidate; local evidence references are excluded.
edge:exposes-field:report-p1-main-01-sales-analysis-10-daily-sales-tabwise:field-date,report:p1_main:01_sales_analysis:10_daily_sales_tabwise,field:date,exposes_field,exposes field,extracted,0.75,Derived schema candidate; local evidence references are excluded.
edge:exposes-field:report-p1-main-01-sales-analysis-11-daily-sales-sourcewise:field-date,report:p1_main:01_sales_analysis:11_daily_sales_sourcewise,field:date,exposes_field,exposes field,extracted,0.75,Derived schema candidate; local evidence references are excluded.
edge:exposes-field:report-p1-main-01-sales-analysis-12-daily-sales-with-categories:field-date,report:p1_main:01_sales_analysis:12_daily_sales_with_categories,field:date,exposes_field,exposes field,extracted,0.75,Derived schema candidate; local evidence references are excluded.
edge:exposes-field:report-p1-main-01-sales-analysis-13-item-hourly-sales-by-tab:field-date,report:p1_main:01_sales_analysis:13_item_hourly_sales_by_tab,field:date,exposes_field,exposes field,extracted,0.75,Derived schema candidate; local evidence references are excluded.
edge:exposes-field:report-p1-main-01-sales-analysis-14-hourly-sales-by-source:field-date,report:p1_main:01_sales_analysis:14_hourly_sales_by_source,field:date,exposes_field,exposes field,extracted,0.75,Derived schema candidate; local evidence references are excluded.
edge:exposes-field:report-p1-main-01-sales-analysis-21-section-sales-analysis:field-date,report:p1_main:01_sales_analysis:21_section_sales_analysis,field:date,exposes_field,exposes field,extracted,0.75,Derived schema candidate; local evidence references are excluded.
edge:exposes-field:report-p1-main-02-settlements-03-daily-payments-breakup:field-date,report:p1_main:02_settlements:03_daily_payments_breakup,field:date,exposes_field,exposes field,extracted,0.75,Derived schema candidate; local evidence references are excluded.
edge:exposes-field:report-p1-main-02-settlements-04-daily-payments-breakup-consolidate:field-date,report:p1_main:02_settlements:04_daily_payments_breakup_consolidate,field:date,exposes_field,exposes field,extracted,0.75,Derived schema candidate; local evidence references are excluded.
edge:exposes-field:report-p1-main-02-settlements-05-billwise-settlement-analysis:field-date,report:p1_main:02_settlements:05_billwise_settlement_analysis,field:date,exposes_field,exposes field,extracted,0.75,Derived schema candidate; local evidence references are excluded.
edge:exposes-field:report-p1-main-02-settlements-06-enterprise-btc-report:field-date,report:p1_main:02_settlements:06_enterprise_btc_report,field:date,exposes_field,exposes field,extracted,0.75,Derived schema candidate; local evidence references are excluded.
edge:exposes-field:report-p1-main-03-discounts-offers-01-daily-item-wise-discount:field-date,report:p1_main:03_discounts_offers:01_daily_item_wise_discount,field:date,exposes_field,exposes field,extracted,0.75,Derived schema candidate; local evidence references are excluded.
edge:exposes-field:report-p1-main-03-discounts-offers-06-offer-code-report:field-date,report:p1_main:03_discounts_offers:06_offer_code_report,field:date,exposes_field,exposes field,extracted,0.75,Derived schema candidate; local evidence references are excluded.
edge:exposes-field:report-p1-main-03-discounts-offers-11-complimentary-head-itemwise:field-date,report:p1_main:03_discounts_offers:11_complimentary_head_itemwise,field:date,exposes_field,exposes field,extracted,0.75,Derived schema candidate; local evidence references are excluded.
edge:exposes-field:report-p1-main-04-tax-analysis-01-daily-tax-analysis:field-date,report:p1_main:04_tax_analysis:01_daily_tax_analysis,field:date,exposes_field,exposes field,extracted,0.75,Derived schema candidate; local evidence references are excluded.
edge:exposes-field:report-p1-main-04-tax-analysis-02-daily-no-vat-analysis:field-date,report:p1_main:04_tax_analysis:02_daily_no_vat_analysis,field:date,exposes_field,exposes field,extracted,0.75,Derived schema candidate; local evidence references are excluded.
edge:exposes-field:report-p1-main-04-tax-analysis-03-super-category-wise-daily-taxes:field-date,report:p1_main:04_tax_analysis:03_super_category_wise_daily_taxes,field:date,exposes_field,exposes field,extracted,0.75,Derived schema candidate; local evidence references are excluded.
edge:exposes-field:report-p1-main-04-tax-analysis-04-super-category-wise-no-vat:field-date,report:p1_main:04_tax_analysis:04_super_category_wise_no_vat,field:date,exposes_field,exposes field,extracted,0.75,Derived schema candidate; local evidence references are excluded.
edge:exposes-field:report-p1-main-04-tax-analysis-05-tax-summary:field-date,report:p1_main:04_tax_analysis:05_tax_summary,field:date,exposes_field,exposes field,extracted,0.75,Derived schema candidate; local evidence references are excluded.
edge:exposes-field:report-p1-main-05-performance-04-super-category-tabwise-sourcewise:field-date,report:p1_main:05_performance:04_super_category_tabwise_sourcewise,field:date,exposes_field,exposes field,extracted,0.75,Derived schema candidate; local evidence references are excluded.
edge:exposes-field:report-p1-main-05-performance-13-brand-performance-report:field-date,report:p1_main:05_performance:13_brand_performance_report,field:date,exposes_field,exposes field,extracted,0.75,Derived schema candidate; local evidence references are excluded.
edge:exposes-field:report-p1-main-01-sales-analysis-04-hourly-item-sales-analysis:field-day,report:p1_main:01_sales_analysis:04_hourly_item_sales_analysis,field:day,exposes_field,exposes field,extracted,0.75,Derived schema candidate; local evidence references are excluded.
edge:exposes-field:report-p1-main-05-performance-11-tab-wise-analysis:field-day,report:p1_main:05_performance:11_tab_wise_analysis,field:day,exposes_field,exposes field,extracted,0.75,Derived schema candidate; local evidence references are excluded.
edge:exposes-field:report-p1-main-01-sales-analysis-15-day-part-sales:field-day-session,report:p1_main:01_sales_analysis:15_day_part_sales,field:day_session,exposes_field,exposes field,extracted,0.75,Derived schema candidate; local evidence references are excluded.
edge:exposes-field:report-p1-main-01-sales-analysis-16-day-part-product-sales:field-daysessions,report:p1_main:01_sales_analysis:16_day_part_product_sales,field:daysessions,exposes_field,exposes field,extracted,0.75,Derived schema candidate; local evidence references are excluded.
edge:exposes-field:report-p1-main-02-settlements-04-daily-payments-breakup-consolidate:field-debitcard,report:p1_main:02_settlements:04_daily_payments_breakup_consolidate,field:debitcard,exposes_field,exposes field,extracted,0.75,Derived schema candidate; local evidence references are excluded.
edge:exposes-field:report-p1-main-04-tax-analysis-05-tax-summary:field-debitcard,report:p1_main:04_tax_analysis:05_tax_summary,field:debitcard,exposes_field,exposes field,extracted,0.75,Derived schema candidate; local evidence references are excluded.
edge:exposes-field:report-p1-main-01-sales-analysis-02-brand-order-type-sales:field-delivery,report:p1_main:01_sales_analysis:02_brand_order_type_sales,field:delivery,exposes_field,exposes field,extracted,0.75,Derived schema candidate; local evidence references are excluded.
edge:exposes-field:report-p1-main-05-performance-12-brand-performance-section-wise:field-delivery,report:p1_main:05_performance:12_brand_performance_section_wise,field:delivery,exposes_field,exposes field,extracted,0.75,Derived schema candidate; local evidence references are excluded.
edge:exposes-field:report-p1-main-05-performance-13-brand-performance-report:field-delivery,report:p1_main:05_performance:13_brand_performance_report,field:delivery,exposes_field,exposes field,extracted,0.75,Derived schema candidate; local evidence references are excluded.
edge:exposes-field:report-p1-main-01-sales-analysis-19-sales-contribution:field-delivery-sales,report:p1_main:01_sales_analysis:19_sales_contribution,field:delivery_sales,exposes_field,exposes field,extracted,0.75,Derived schema candidate; local evidence references are excluded.
edge:exposes-field:report-p1-main-01-sales-analysis-20-billwise-section-sales-analysis:field-deliveryrev,report:p1_main:01_sales_analysis:20_billwise_section_sales_analysis,field:deliveryrev,exposes_field,exposes field,extracted,0.75,Derived schema candidate; local evidence references are excluded.
edge:exposes-field:report-p1-main-05-performance-12-brand-performance-section-wise:field-deliverysales,report:p1_main:05_performance:12_brand_performance_section_wise,field:deliverysales,exposes_field,exposes field,extracted,0.75,Derived schema candidate; local evidence references are excluded.
edge:exposes-field:report-p1-main-01-sales-analysis-02-brand-order-type-sales:field-deployment,report:p1_main:01_sales_analysis:02_brand_order_type_sales,field:deployment,exposes_field,exposes field,extracted,0.75,Derived schema candidate; local evidence references are excluded.
edge:exposes-field:report-p1-main-01-sales-analysis-15-day-part-sales:field-deployment,report:p1_main:01_sales_analysis:15_day_part_sales,field:deployment,exposes_field,exposes field,extracted,0.75,Derived schema candidate; local evidence references are excluded.
edge:exposes-field:report-p1-main-01-sales-analysis-22-source-analysis-summary:field-deployment,report:p1_main:01_sales_analysis:22_source_analysis_summary,field:deployment,exposes_field,exposes field,extracted,0.75,Derived schema candidate; local evidence references are excluded.
edge:exposes-field:report-p1-main-02-settlements-01-settlement-analysis:field-deployment,report:p1_main:02_settlements:01_settlement_analysis,field:deployment,exposes_field,exposes field,extracted,0.75,Derived schema candidate; local evidence references are excluded.
edge:exposes-field:report-p1-main-02-settlements-02-settlement-analysis-consolidated:field-deployment,report:p1_main:02_settlements:02_settlement_analysis_consolidated,field:deployment,exposes_field,exposes field,extracted,0.75,Derived schema candidate; local evidence references are excluded.
edge:exposes-field:report-p1-main-03-discounts-offers-09-entp-item-based-offer:field-deployment,report:p1_main:03_discounts_offers:09_entp_item_based_offer,field:deployment,exposes_field,exposes field,extracted,0.75,Derived schema candidate; local evidence references are excluded.
edge:exposes-field:report-p1-main-04-tax-analysis-05-tax-summary:field-deployment,report:p1_main:04_tax_analysis:05_tax_summary,field:deployment,exposes_field,exposes field,extracted,0.75,Derived schema candidate; local evidence references are excluded.
edge:exposes-field:report-p1-main-05-performance-02-category-analysis:field-deployment,report:p1_main:05_performance:02_category_analysis,field:deployment,exposes_field,exposes field,extracted,0.75,Derived schema candidate; local evidence references are excluded.
edge:exposes-field:report-p1-main-05-performance-10-highest-and-lowest-selling-items:field-deployment,report:p1_main:05_performance:10_highest_and_lowest_selling_items,field:deployment,exposes_field,exposes field,extracted,0.75,Derived schema candidate; local evidence references are excluded.
edge:exposes-field:report-p1-main-05-performance-11-tab-wise-analysis:field-deployment,report:p1_main:05_performance:11_tab_wise_analysis,field:deployment,exposes_field,exposes field,extracted,0.75,Derived schema candidate; local evidence references are excluded.
edge:exposes-field:report-p1-main-05-performance-01-menu-mix:field-deployment-category,report:p1_main:05_performance:01_menu_mix,field:deployment_category,exposes_field,exposes field,extracted,0.75,Derived schema candidate; local evidence references are excluded.
edge:exposes-field:report-p1-main-01-sales-analysis-17-day-part-product-detailed:field-deployment-name,report:p1_main:01_sales_analysis:17_day_part_product_detailed,field:deployment_name,exposes_field,exposes field,extracted,0.75,Derived schema candidate; local evidence references are excluded.
edge:exposes-field:report-p1-main-01-sales-analysis-23-source-wise-tab-wise-item-analysis:field-deployment-name,report:p1_main:01_sales_analysis:23_source_wise_tab_wise_item_analysis,field:deployment_name,exposes_field,exposes field,extracted,0.75,Derived schema candidate; local evidence references are excluded.
edge:exposes-field:report-p1-main-05-performance-15-meal-count-report:field-deployment-name,report:p1_main:05_performance:15_meal_count_report,field:deployment_name,exposes_field,exposes field,extracted,0.75,Derived schema candidate; local evidence references are excluded.
edge:exposes-field:report-p1-main-01-sales-analysis-16-day-part-product-sales:field-deploymentname,report:p1_main:01_sales_analysis:16_day_part_product_sales,field:deploymentname,exposes_field,exposes field,extracted,0.75,Derived schema candidate; local evidence references are excluded.
edge:exposes-field:report-p1-main-01-sales-analysis-21-section-sales-analysis:field-deploymentname,report:p1_main:01_sales_analysis:21_section_sales_analysis,field:deploymentname,exposes_field,exposes field,extracted,0.75,Derived schema candidate; local evidence references are excluded.
edge:exposes-field:report-p1-main-03-discounts-offers-11-complimentary-head-itemwise:field-deploymentname,report:p1_main:03_discounts_offers:11_complimentary_head_itemwise,field:deploymentname,exposes_field,exposes field,extracted,0.75,Derived schema candidate; local evidence references are excluded.
edge:exposes-field:report-p1-main-05-performance-05-item-analysis:field-deploymentname,report:p1_main:05_performance:05_item_analysis,field:deploymentname,exposes_field,exposes field,extracted,0.75,Derived schema candidate; local evidence references are excluded.
edge:exposes-field:report-p1-main-05-performance-08-tab-wise-item-analysis:field-deploymentname,report:p1_main:05_performance:08_tab_wise_item_analysis,field:deploymentname,exposes_field,exposes field,extracted,0.75,Derived schema candidate; local evidence references are excluded.
edge:exposes-field:report-p1-main-05-performance-11-tab-wise-analysis:field-description,report:p1_main:05_performance:11_tab_wise_analysis,field:description,exposes_field,exposes field,extracted,0.75,Derived schema candidate; local evidence references are excluded.
edge:exposes-field:report-p1-main-01-sales-analysis-12-daily-sales-with-categories:field-desserts,report:p1_main:01_sales_analysis:12_daily_sales_with_categories,field:desserts,exposes_field,exposes field,extracted,0.75,Derived schema candidate; local evidence references are excluded.
edge:exposes-field:report-p1-main-05-performance-11-tab-wise-analysis:field-dine-in,report:p1_main:05_performance:11_tab_wise_analysis,field:dine_in,exposes_field,exposes field,extracted,0.75,Derived schema candidate; local evidence references are excluded.
edge:exposes-field:report-p1-main-01-sales-analysis-01-outlet-sales:field-discount,report:p1_main:01_sales_analysis:01_outlet_sales,field:discount,exposes_field,exposes field,extracted,0.75,Derived schema candidate; local evidence references are excluded.
edge:exposes-field:report-p1-main-01-sales-analysis-03-hourly-sales-analysis:field-discount,report:p1_main:01_sales_analysis:03_hourly_sales_analysis,field:discount,exposes_field,exposes field,extracted,0.75,Derived schema candidate; local evidence references are excluded.
edge:exposes-field:report-p1-main-01-sales-analysis-04-hourly-item-sales-analysis:field-discount,report:p1_main:01_sales_analysis:04_hourly_item_sales_analysis,field:discount,exposes_field,exposes field,extracted,0.75,Derived schema candidate; local evidence references are excluded.
edge:exposes-field:report-p1-main-01-sales-analysis-07-consolidated-hourly-sales-tabwise:field-discount,report:p1_main:01_sales_analysis:07_consolidated_hourly_sales_tabwise,field:discount,exposes_field,exposes field,extracted,0.75,Derived schema candidate; local evidence references are excluded.
edge:exposes-field:report-p1-main-01-sales-analysis-08-daily-sales:field-discount,report:p1_main:01_sales_analysis:08_daily_sales,field:discount,exposes_field,exposes field,extracted,0.75,Derived schema candidate; local evidence references are excluded.
edge:exposes-field:report-p1-main-01-sales-analysis-10-daily-sales-tabwise:field-discount,report:p1_main:01_sales_analysis:10_daily_sales_tabwise,field:discount,exposes_field,exposes field,extracted,0.75,Derived schema candidate; local evidence references are excluded.
edge:exposes-field:report-p1-main-01-sales-analysis-11-daily-sales-sourcewise:field-discount,report:p1_main:01_sales_analysis:11_daily_sales_sourcewise,field:discount,exposes_field,exposes field,extracted,0.75,Derived schema candidate; local evidence references are excluded.
edge:exposes-field:report-p1-main-01-sales-analysis-12-daily-sales-with-categories:field-discount,report:p1_main:01_sales_analysis:12_daily_sales_with_categories,field:discount,exposes_field,exposes field,extracted,0.75,Derived schema candidate; local evidence references are excluded.
edge:exposes-field:report-p1-main-01-sales-analysis-15-day-part-sales:field-discount,report:p1_main:01_sales_analysis:15_day_part_sales,field:discount,exposes_field,exposes field,extracted,0.75,Derived schema candidate; local evidence references are excluded.
edge:exposes-field:report-p1-main-01-sales-analysis-17-day-part-product-detailed:field-discount,report:p1_main:01_sales_analysis:17_day_part_product_detailed,field:discount,exposes_field,exposes field,extracted,0.75,Derived schema candidate; local evidence references are excluded.
edge:exposes-field:report-p1-main-01-sales-analysis-21-section-sales-analysis:field-discount,report:p1_main:01_sales_analysis:21_section_sales_analysis,field:discount,exposes_field,exposes field,extracted,0.75,Derived schema candidate; local evidence references are excluded.
edge:exposes-field:report-p1-main-02-settlements-05-billwise-settlement-analysis:field-discount,report:p1_main:02_settlements:05_billwise_settlement_analysis,field:discount,exposes_field,exposes field,extracted,0.75,Derived schema candidate; local evidence references are excluded.
edge:exposes-field:report-p1-main-03-discounts-offers-05-discount-billwise-analysis:field-discount,report:p1_main:03_discounts_offers:05_discount_billwise_analysis,field:discount,exposes_field,exposes field,extracted,0.75,Derived schema candidate; local evidence references are excluded.
edge:exposes-field:report-p1-main-03-discounts-offers-08-discount-and-complimentary-analysi:field-discount,report:p1_main:03_discounts_offers:08_discount_and_complimentary_analysi,field:discount,exposes_field,exposes field,extracted,0.75,Derived schema candidate; local evidence references are excluded.
edge:exposes-field:report-p1-main-04-tax-analysis-05-tax-summary:field-discount,report:p1_main:04_tax_analysis:05_tax_summary,field:discount,exposes_field,exposes field,extracted,0.75,Derived schema candidate; local evidence references are excluded.
edge:exposes-field:report-p1-main-05-performance-01-menu-mix:field-discount,report:p1_main:05_performance:01_menu_mix,field:discount,exposes_field,exposes field,extracted,0.75,Derived schema candidate; local evidence references are excluded.
edge:exposes-field:report-p1-main-05-performance-02-category-analysis:field-discount,report:p1_main:05_performance:02_category_analysis,field:discount,exposes_field,exposes field,extracted,0.75,Derived schema candidate; local evidence references are excluded.
edge:exposes-field:report-p1-main-05-performance-03-super-category-sourcewise-sales:field-discount,report:p1_main:05_performance:03_super_category_sourcewise_sales,field:discount,exposes_field,exposes field,extracted,0.75,Derived schema candidate; local evidence references are excluded.
edge:exposes-field:report-p1-main-05-performance-08-tab-wise-item-analysis:field-discount,report:p1_main:05_performance:08_tab_wise_item_analysis,field:discount,exposes_field,exposes field,extracted,0.75,Derived schema candidate; local evidence references are excluded.
edge:exposes-field:report-p1-main-05-performance-09-item-incidence:field-discount,report:p1_main:05_performance:09_item_incidence,field:discount,exposes_field,exposes field,extracted,0.75,Derived schema candidate; local evidence references are excluded.
edge:exposes-field:report-p1-main-03-discounts-offers-04-offer-budget:field-discountamount,report:p1_main:03_discounts_offers:04_offer_budget,field:discountamount,exposes_field,exposes field,extracted,0.75,Derived schema candidate; local evidence references are excluded.
edge:exposes-field:report-p1-main-03-discounts-offers-05-discount-billwise-analysis:field-discountamount,report:p1_main:03_discounts_offers:05_discount_billwise_analysis,field:discountamount,exposes_field,exposes field,extracted,0.75,Derived schema candidate; local evidence references are excluded.
edge:exposes-field:report-p1-main-03-discounts-offers-06-offer-code-report:field-discountamount,report:p1_main:03_discounts_offers:06_offer_code_report,field:discountamount,exposes_field,exposes field,extracted,0.75,Derived schema candidate; local evidence references are excluded.
edge:exposes-field:report-p1-main-03-discounts-offers-08-discount-and-complimentary-analysi:field-discountamount,report:p1_main:03_discounts_offers:08_discount_and_complimentary_analysi,field:discountamount,exposes_field,exposes field,extracted,0.75,Derived schema candidate; local evidence references are excluded.
edge:exposes-field:report-p1-main-01-sales-analysis-23-source-wise-tab-wise-item-analysis:field-discountnet-amount,report:p1_main:01_sales_analysis:23_source_wise_tab_wise_item_analysis,field:discountnet_amount,exposes_field,exposes field,extracted,0.75,Derived schema candidate; local evidence references are excluded.
edge:exposes-field:report-p1-main-05-performance-05-item-analysis:field-discountnet-amount,report:p1_main:05_performance:05_item_analysis,field:discountnet_amount,exposes_field,exposes field,extracted,0.75,Derived schema candidate; local evidence references are excluded.
edge:exposes-field:report-p1-main-05-performance-06-item-source-report:field-discountnetamount,report:p1_main:05_performance:06_item_source_report,field:discountnetamount,exposes_field,exposes field,extracted,0.75,Derived schema candidate; local evidence references are excluded.
edge:exposes-field:report-p1-main-05-performance-04-super-category-tabwise-sourcewise:field-discountnetsale,report:p1_main:05_performance:04_super_category_tabwise_sourcewise,field:discountnetsale,exposes_field,exposes field,extracted,0.75,Derived schema candidate; local evidence references are excluded.
edge:exposes-field:report-p1-main-03-discounts-offers-01-daily-item-wise-discount:field-discountqty,report:p1_main:03_discounts_offers:01_daily_item_wise_discount,field:discountqty,exposes_field,exposes field,extracted,0.75,Derived schema candidate; local evidence references are excluded.
edge:exposes-field:report-p1-main-03-discounts-offers-02-daily-discount-billwise:field-discountremarks,report:p1_main:03_discounts_offers:02_daily_discount_billwise,field:discountremarks,exposes_field,exposes field,extracted,0.75,Derived schema candidate; local evidence references are excluded.
edge:exposes-field:report-p1-main-03-discounts-offers-05-discount-billwise-analysis:field-discountremarks,report:p1_main:03_discounts_offers:05_discount_billwise_analysis,field:discountremarks,exposes_field,exposes field,extracted,0.75,Derived schema candidate; local evidence references are excluded.
edge:exposes-field:report-p1-main-03-discounts-offers-08-discount-and-complimentary-analysi:field-discountremarks,report:p1_main:03_discounts_offers:08_discount_and_complimentary_analysi,field:discountremarks,exposes_field,exposes field,extracted,0.75,Derived schema candidate; local evidence references are excluded.
edge:exposes-field:report-p1-main-01-sales-analysis-12-daily-sales-with-categories:field-drinks,report:p1_main:01_sales_analysis:12_daily_sales_with_categories,field:drinks,exposes_field,exposes field,extracted,0.75,Derived schema candidate; local evidence references are excluded.
edge:exposes-field:report-p1-main-01-sales-analysis-12-daily-sales-with-categories:field-drinkware,report:p1_main:01_sales_analysis:12_daily_sales_with_categories,field:drinkware,exposes_field,exposes field,extracted,0.75,Derived schema candidate; local evidence references are excluded.
edge:exposes-field:report-p1-main-05-performance-10-highest-and-lowest-selling-items:field-duration,report:p1_main:05_performance:10_highest_and_lowest_selling_items,field:duration,exposes_field,exposes field,extracted,0.75,Derived schema candidate; local evidence references are excluded.
edge:exposes-field:report-p1-main-05-performance-11-tab-wise-analysis:field-ecom,report:p1_main:05_performance:11_tab_wise_analysis,field:ecom,exposes_field,exposes field,extracted,0.75,Derived schema candidate; local evidence references are excluded.
edge:exposes-field:report-p1-main-02-settlements-05-billwise-settlement-analysis:field-electronicbill,report:p1_main:02_settlements:05_billwise_settlement_analysis,field:electronicbill,exposes_field,exposes field,extracted,0.75,Derived schema candidate; local evidence references are excluded.
edge:exposes-field:report-p1-main-01-sales-analysis-03-hourly-sales-analysis:field-employee,report:p1_main:01_sales_analysis:03_hourly_sales_analysis,field:employee,exposes_field,exposes field,extracted,0.75,Derived schema candidate; local evidence references are excluded.
edge:exposes-field:report-p1-main-01-sales-analysis-12-daily-sales-with-categories:field-employee,report:p1_main:01_sales_analysis:12_daily_sales_with_categories,field:employee,exposes_field,exposes field,extracted,0.75,Derived schema candidate; local evidence references are excluded.
edge:exposes-field:report-p1-main-02-settlements-06-enterprise-btc-report:field-employee-code,report:p1_main:02_settlements:06_enterprise_btc_report,field:employee_code,exposes_field,exposes field,extracted,0.75,Derived schema candidate; local evidence references are excluded.
edge:exposes-field:report-p1-main-01-sales-analysis-01-outlet-sales:field-employee-meal-bills,report:p1_main:01_sales_analysis:01_outlet_sales,field:employee_meal_bills,exposes_field,exposes field,extracted,0.75,Derived schema candidate; local evidence references are excluded.
edge:exposes-field:report-p1-main-01-sales-analysis-02-brand-order-type-sales:field-employee-meal-bills,report:p1_main:01_sales_analysis:02_brand_order_type_sales,field:employee_meal_bills,exposes_field,exposes field,extracted,0.75,Derived schema candidate; local evidence references are excluded.
edge:exposes-field:report-p1-main-01-sales-analysis-11-daily-sales-sourcewise:field-employee-meal-bills,report:p1_main:01_sales_analysis:11_daily_sales_sourcewise,field:employee_meal_bills,exposes_field,exposes field,extracted,0.75,Derived schema candidate; local evidence references are excluded.
edge:exposes-field:report-p1-main-01-sales-analysis-15-day-part-sales:field-employee-meal-bills,report:p1_main:01_sales_analysis:15_day_part_sales,field:employee_meal_bills,exposes_field,exposes field,extracted,0.75,Derived schema candidate; local evidence references are excluded.
edge:exposes-field:report-p1-main-01-sales-analysis-19-sales-contribution:field-employee-meal-bills,report:p1_main:01_sales_analysis:19_sales_contribution,field:employee_meal_bills,exposes_field,exposes field,extracted,0.75,Derived schema candidate; local evidence references are excluded.
edge:exposes-field:report-p1-main-05-performance-12-brand-performance-section-wise:field-employee-meal-bills,report:p1_main:05_performance:12_brand_performance_section_wise,field:employee_meal_bills,exposes_field,exposes field,extracted,0.75,Derived schema candidate; local evidence references are excluded.
edge:exposes-field:report-p1-main-02-settlements-06-enterprise-btc-report:field-employee-name,report:p1_main:02_settlements:06_enterprise_btc_report,field:employee_name,exposes_field,exposes field,extracted,0.75,Derived schema candidate; local evidence references are excluded.
edge:exposes-field:report-p1-main-01-sales-analysis-19-sales-contribution:field-employeemeal,report:p1_main:01_sales_analysis:19_sales_contribution,field:employeemeal,exposes_field,exposes field,extracted,0.75,Derived schema candidate; local evidence references are excluded.
edge:exposes-field:report-p1-main-01-sales-analysis-12-daily-sales-with-categories:field-flat,report:p1_main:01_sales_analysis:12_daily_sales_with_categories,field:flat,exposes_field,exposes field,extracted,0.75,Derived schema candidate; local evidence references are excluded.
edge:exposes-field:report-p1-main-01-sales-analysis-19-sales-contribution:field-flat-breads,report:p1_main:01_sales_analysis:19_sales_contribution,field:flat_breads,exposes_field,exposes field,extracted,0.75,Derived schema candidate; local evidence references are excluded.
edge:exposes-field:report-p1-main-01-sales-analysis-12-daily-sales-with-categories:field-foccacia,report:p1_main:01_sales_analysis:12_daily_sales_with_categories,field:foccacia,exposes_field,exposes field,extracted,0.75,Derived schema candidate; local evidence references are excluded.
edge:exposes-field:report-p1-main-01-sales-analysis-19-sales-contribution:field-foccacia-sandwich,report:p1_main:01_sales_analysis:19_sales_contribution,field:foccacia_sandwich,exposes_field,exposes field,extracted,0.75,Derived schema candidate; local evidence references are excluded.
edge:exposes-field:report-p1-main-01-sales-analysis-20-billwise-section-sales-analysis:field-food,report:p1_main:01_sales_analysis:20_billwise_section_sales_analysis,field:food,exposes_field,exposes field,extracted,0.75,Derived schema candidate; local evidence references are excluded.
edge:exposes-field:report-p1-main-01-sales-analysis-21-section-sales-analysis:field-food,report:p1_main:01_sales_analysis:21_section_sales_analysis,field:food,exposes_field,exposes field,extracted,0.75,Derived schema candidate; local evidence references are excluded.
edge:exposes-field:report-p1-main-05-performance-12-brand-performance-section-wise:field-foodsales,report:p1_main:05_performance:12_brand_performance_section_wise,field:foodsales,exposes_field,exposes field,extracted,0.75,Derived schema candidate; local evidence references are excluded.
edge:exposes-field:report-p1-main-01-sales-analysis-01-outlet-sales:field-format,report:p1_main:01_sales_analysis:01_outlet_sales,field:format,exposes_field,exposes field,extracted,0.75,Derived schema candidate; local evidence references are excluded.
edge:exposes-field:report-p1-main-01-sales-analysis-02-brand-order-type-sales:field-format,report:p1_main:01_sales_analysis:02_brand_order_type_sales,field:format,exposes_field,exposes field,extracted,0.75,Derived schema candidate; local evidence references are excluded.
edge:exposes-field:report-p1-main-01-sales-analysis-03-hourly-sales-analysis:field-format,report:p1_main:01_sales_analysis:03_hourly_sales_analysis,field:format,exposes_field,exposes field,extracted,0.75,Derived schema candidate; local evidence references are excluded.
edge:exposes-field:report-p1-main-01-sales-analysis-06-consolidated-hourly-sales:field-format,report:p1_main:01_sales_analysis:06_consolidated_hourly_sales,field:format,exposes_field,exposes field,extracted,0.75,Derived schema candidate; local evidence references are excluded.
edge:exposes-field:report-p1-main-01-sales-analysis-08-daily-sales:field-format,report:p1_main:01_sales_analysis:08_daily_sales,field:format,exposes_field,exposes field,extracted,0.75,Derived schema candidate; local evidence references are excluded.
edge:exposes-field:report-p1-main-01-sales-analysis-09-daily-sales-analysis:field-format,report:p1_main:01_sales_analysis:09_daily_sales_analysis,field:format,exposes_field,exposes field,extracted,0.75,Derived schema candidate; local evidence references are excluded.
edge:exposes-field:report-p1-main-01-sales-analysis-12-daily-sales-with-categories:field-format,report:p1_main:01_sales_analysis:12_daily_sales_with_categories,field:format,exposes_field,exposes field,extracted,0.75,Derived schema candidate; local evidence references are excluded.
edge:exposes-field:report-p1-main-01-sales-analysis-15-day-part-sales:field-format,report:p1_main:01_sales_analysis:15_day_part_sales,field:format,exposes_field,exposes field,extracted,0.75,Derived schema candidate; local evidence references are excluded.
edge:exposes-field:report-p1-main-01-sales-analysis-16-day-part-product-sales:field-format,report:p1_main:01_sales_analysis:16_day_part_product_sales,field:format,exposes_field,exposes field,extracted,0.75,Derived schema candidate; local evidence references are excluded.
edge:exposes-field:report-p1-main-01-sales-analysis-19-sales-contribution:field-format,report:p1_main:01_sales_analysis:19_sales_contribution,field:format,exposes_field,exposes field,extracted,0.75,Derived schema candidate; local evidence references are excluded.
edge:exposes-field:report-p1-main-01-sales-analysis-21-section-sales-analysis:field-format,report:p1_main:01_sales_analysis:21_section_sales_analysis,field:format,exposes_field,exposes field,extracted,0.75,Derived schema candidate; local evidence references are excluded.
edge:exposes-field:report-p1-main-02-settlements-02-settlement-analysis-consolidated:field-format,report:p1_main:02_settlements:02_settlement_analysis_consolidated,field:format,exposes_field,exposes field,extracted,0.75,Derived schema candidate; local evidence references are excluded.
edge:exposes-field:report-p1-main-03-discounts-offers-04-offer-budget:field-format,report:p1_main:03_discounts_offers:04_offer_budget,field:format,exposes_field,exposes field,extracted,0.75,Derived schema candidate; local evidence references are excluded.
edge:exposes-field:report-p1-main-05-performance-08-tab-wise-item-analysis:field-format,report:p1_main:05_performance:08_tab_wise_item_analysis,field:format,exposes_field,exposes field,extracted,0.75,Derived schema candidate; local evidence references are excluded.
edge:exposes-field:report-p1-main-05-performance-10-highest-and-lowest-selling-items:field-format,report:p1_main:05_performance:10_highest_and_lowest_selling_items,field:format,exposes_field,exposes field,extracted,0.75,Derived schema candidate; local evidence references are excluded.
edge:exposes-field:report-p1-main-01-sales-analysis-12-daily-sales-with-categories:field-frappes,report:p1_main:01_sales_analysis:12_daily_sales_with_categories,field:frappes,exposes_field,exposes field,extracted,0.75,Derived schema candidate; local evidence references are excluded.
edge:exposes-field:report-p1-main-01-sales-analysis-19-sales-contribution:field-frappes,report:p1_main:01_sales_analysis:19_sales_contribution,field:frappes,exposes_field,exposes field,extracted,0.75,Derived schema candidate; local evidence references are excluded.
edge:exposes-field:report-p1-main-03-discounts-offers-09-entp-item-based-offer:field-get-item,report:p1_main:03_discounts_offers:09_entp_item_based_offer,field:get_item,exposes_field,exposes field,extracted,0.75,Derived schema candidate; local evidence references are excluded.
edge:exposes-field:report-p1-main-03-discounts-offers-09-entp-item-based-offer:field-get-value,report:p1_main:03_discounts_offers:09_entp_item_based_offer,field:get_value,exposes_field,exposes field,extracted,0.75,Derived schema candidate; local evidence references are excluded.
edge:exposes-field:report-p1-main-04-tax-analysis-05-tax-summary:field-grandtotal,report:p1_main:04_tax_analysis:05_tax_summary,field:grandtotal,exposes_field,exposes field,extracted,0.75,Derived schema candidate; local evidence references are excluded.
edge:exposes-field:report-p1-main-01-sales-analysis-03-hourly-sales-analysis:field-gross,report:p1_main:01_sales_analysis:03_hourly_sales_analysis,field:gross,exposes_field,exposes field,extracted,0.75,Derived schema candidate; local evidence references are excluded.
edge:exposes-field:report-p1-main-01-sales-analysis-08-daily-sales:field-gross,report:p1_main:01_sales_analysis:08_daily_sales,field:gross,exposes_field,exposes field,extracted,0.75,Derived schema candidate; local evidence references are excluded.
edge:exposes-field:report-p1-main-01-sales-analysis-12-daily-sales-with-categories:field-gross,report:p1_main:01_sales_analysis:12_daily_sales_with_categories,field:gross,exposes_field,exposes field,extracted,0.75,Derived schema candidate; local evidence references are excluded.
edge:exposes-field:report-p1-main-01-sales-analysis-01-outlet-sales:field-gross-amount,report:p1_main:01_sales_analysis:01_outlet_sales,field:gross_amount,exposes_field,exposes field,extracted,0.75,Derived schema candidate; local evidence references are excluded.
edge:exposes-field:report-p1-main-01-sales-analysis-10-daily-sales-tabwise:field-gross-amount,report:p1_main:01_sales_analysis:10_daily_sales_tabwise,field:gross_amount,exposes_field,exposes field,extracted,0.75,Derived schema candidate; local evidence references are excluded.
edge:exposes-field:report-p1-main-01-sales-analysis-11-daily-sales-sourcewise:field-gross-amount,report:p1_main:01_sales_analysis:11_daily_sales_sourcewise,field:gross_amount,exposes_field,exposes field,extracted,0.75,Derived schema candidate; local evidence references are excluded.
edge:exposes-field:report-p1-main-01-sales-analysis-23-source-wise-tab-wise-item-analysis:field-gross-amount,report:p1_main:01_sales_analysis:23_source_wise_tab_wise_item_analysis,field:gross_amount,exposes_field,exposes field,extracted,0.75,Derived schema candidate; local evidence references are excluded.
edge:exposes-field:report-p1-main-02-settlements-05-billwise-settlement-analysis:field-gross-amount,report:p1_main:02_settlements:05_billwise_settlement_analysis,field:gross_amount,exposes_field,exposes field,extracted,0.75,Derived schema candidate; local evidence references are excluded.
edge:exposes-field:report-p1-main-03-discounts-offers-05-discount-billwise-analysis:field-gross-amount,report:p1_main:03_discounts_offers:05_discount_billwise_analysis,field:gross_amount,exposes_field,exposes field,extracted,0.75,Derived schema candidate; local evidence references are excluded.
edge:exposes-field:report-p1-main-03-discounts-offers-08-discount-and-complimentary-analysi:field-gross-amount,report:p1_main:03_discounts_offers:08_discount_and_complimentary_analysi,field:gross_amount,exposes_field,exposes field,extracted,0.75,Derived schema candidate; local evidence references are excluded.
edge:exposes-field:report-p1-main-05-performance-03-super-category-sourcewise-sales:field-gross-amount,report:p1_main:05_performance:03_super_category_sourcewise_sales,field:gross_amount,exposes_field,exposes field,extracted,0.75,Derived schema candidate; local evidence references are excluded.
edge:exposes-field:report-p1-main-05-performance-05-item-analysis:field-gross-amount,report:p1_main:05_performance:05_item_analysis,field:gross_amount,exposes_field,exposes field,extracted,0.75,Derived schema candidate; local evidence references are excluded.
edge:exposes-field:report-p1-main-05-performance-10-highest-and-lowest-selling-items:field-gross-amount,report:p1_main:05_performance:10_highest_and_lowest_selling_items,field:gross_amount,exposes_field,exposes field,extracted,0.75,Derived schema candidate; local evidence references are excluded.
edge:exposes-field:report-p1-main-01-sales-analysis-14-hourly-sales-by-source:field-gross-sale,report:p1_main:01_sales_analysis:14_hourly_sales_by_source,field:gross_sale,exposes_field,exposes field,extracted,0.75,Derived schema candidate; local evidence references are excluded.
edge:exposes-field:report-p1-main-05-performance-08-tab-wise-item-analysis:field-grossamount-bills,report:p1_main:05_performance:08_tab_wise_item_analysis,field:grossamount_bills,exposes_field,exposes field,extracted,0.75,Derived schema candidate; local evidence references are excluded.
edge:exposes-field:report-p1-main-01-sales-analysis-17-day-part-product-detailed:field-grosssale-ofsales-ofsupercategory,report:p1_main:01_sales_analysis:17_day_part_product_detailed,field:grosssale_ofsales_ofsupercategory,exposes_field,exposes field,extracted,0.75,Derived schema candidate; local evidence references are excluded.
edge:exposes-field:report-p1-main-01-sales-analysis-04-hourly-item-sales-analysis:field-grosssales,report:p1_main:01_sales_analysis:04_hourly_item_sales_analysis,field:grosssales,exposes_field,exposes field,extracted,0.75,Derived schema candidate; local evidence references are excluded.
edge:exposes-field:report-p1-main-01-sales-analysis-07-consolidated-hourly-sales-tabwise:field-grosssales,report:p1_main:01_sales_analysis:07_consolidated_hourly_sales_tabwise,field:grosssales,exposes_field,exposes field,extracted,0.75,Derived schema candidate; local evidence references are excluded.
edge:exposes-field:report-p1-main-01-sales-analysis-21-section-sales-analysis:field-grosssales,report:p1_main:01_sales_analysis:21_section_sales_analysis,field:grosssales,exposes_field,exposes field,extracted,0.75,Derived schema candidate; local evidence references are excluded.
edge:exposes-field:report-p1-main-03-discounts-offers-04-offer-budget:field-grosssales,report:p1_main:03_discounts_offers:04_offer_budget,field:grosssales,exposes_field,exposes field,extracted,0.75,Derived schema candidate; local evidence references are excluded.
edge:exposes-field:report-p1-main-01-sales-analysis-02-brand-order-type-sales:field-grosstotal,report:p1_main:01_sales_analysis:02_brand_order_type_sales,field:grosstotal,exposes_field,exposes field,extracted,0.75,Derived schema candidate; local evidence references are excluded.
edge:exposes-field:report-p1-main-01-sales-analysis-03-hourly-sales-analysis:field-gst-18,report:p1_main:01_sales_analysis:03_hourly_sales_analysis,field:gst_18,exposes_field,exposes field,extracted,0.75,Derived schema candidate; local evidence references are excluded.
edge:exposes-field:report-p1-main-01-sales-analysis-08-daily-sales:field-gst-18,report:p1_main:01_sales_analysis:08_daily_sales,field:gst_18,exposes_field,exposes field,extracted,0.75,Derived schema candidate; local evidence references are excluded.
edge:exposes-field:report-p1-main-01-sales-analysis-12-daily-sales-with-categories:field-gst-18,report:p1_main:01_sales_analysis:12_daily_sales_with_categories,field:gst_18,exposes_field,exposes field,extracted,0.75,Derived schema candidate; local evidence references are excluded.
edge:exposes-field:report-p1-main-01-sales-analysis-21-section-sales-analysis:field-gst-18,report:p1_main:01_sales_analysis:21_section_sales_analysis,field:gst_18,exposes_field,exposes field,extracted,0.75,Derived schema candidate; local evidence references are excluded.
edge:exposes-field:report-p1-main-02-settlements-01-settlement-analysis:field-gst-18,report:p1_main:02_settlements:01_settlement_analysis,field:gst_18,exposes_field,exposes field,extracted,0.75,Derived schema candidate; local evidence references are excluded.
edge:exposes-field:report-p1-main-02-settlements-02-settlement-analysis-consolidated:field-gst-18,report:p1_main:02_settlements:02_settlement_analysis_consolidated,field:gst_18,exposes_field,exposes field,extracted,0.75,Derived schema candidate; local evidence references are excluded.
edge:exposes-field:report-p1-main-04-tax-analysis-05-tax-summary:field-gst-18-amount,report:p1_main:04_tax_analysis:05_tax_summary,field:gst_18_amount,exposes_field,exposes field,extracted,0.75,Derived schema candidate; local evidence references are excluded.
edge:exposes-field:report-p1-main-02-settlements-05-billwise-settlement-analysis:field-gst-18-gst-5-packaging-charge-cart-swiggy,report:p1_main:02_settlements:05_billwise_settlement_analysis,field:gst_18_gst_5_packaging_charge_cart_swiggy,exposes_field,exposes field,extracted,0.75,Derived schema candidate; local evidence references are excluded.
edge:exposes-field:report-p1-main-01-sales-analysis-04-hourly-item-sales-analysis:field-gst-18-total-tax,report:p1_main:01_sales_analysis:04_hourly_item_sales_analysis,field:gst_18_total_tax,exposes_field,exposes field,extracted,0.75,Derived schema candidate; local evidence references are excluded.
edge:exposes-field:report-p1-main-01-sales-analysis-03-hourly-sales-analysis:field-gst-5,report:p1_main:01_sales_analysis:03_hourly_sales_analysis,field:gst_5,exposes_field,exposes field,extracted,0.75,Derived schema candidate; local evidence references are excluded.
edge:exposes-field:report-p1-main-01-sales-analysis-04-hourly-item-sales-analysis:field-gst-5,report:p1_main:01_sales_analysis:04_hourly_item_sales_analysis,field:gst_5,exposes_field,exposes field,extracted,0.75,Derived schema candidate; local evidence references are excluded.
edge:exposes-field:report-p1-main-01-sales-analysis-08-daily-sales:field-gst-5,report:p1_main:01_sales_analysis:08_daily_sales,field:gst_5,exposes_field,exposes field,extracted,0.75,Derived schema candidate; local evidence references are excluded.
edge:exposes-field:report-p1-main-01-sales-analysis-12-daily-sales-with-categories:field-gst-5,report:p1_main:01_sales_analysis:12_daily_sales_with_categories,field:gst_5,exposes_field,exposes field,extracted,0.75,Derived schema candidate; local evidence references are excluded.
edge:exposes-field:report-p1-main-01-sales-analysis-15-day-part-sales:field-gst-5,report:p1_main:01_sales_analysis:15_day_part_sales,field:gst_5,exposes_field,exposes field,extracted,0.75,Derived schema candidate; local evidence references are excluded.
edge:exposes-field:report-p1-main-01-sales-analysis-21-section-sales-analysis:field-gst-5,report:p1_main:01_sales_analysis:21_section_sales_analysis,field:gst_5,exposes_field,exposes field,extracted,0.75,Derived schema candidate; local evidence references are excluded.
edge:exposes-field:report-p1-main-02-settlements-01-settlement-analysis:field-gst-5,report:p1_main:02_settlements:01_settlement_analysis,field:gst_5,exposes_field,exposes field,extracted,0.75,Derived schema candidate; local evidence references are excluded.
edge:exposes-field:report-p1-main-02-settlements-02-settlement-analysis-consolidated:field-gst-5,report:p1_main:02_settlements:02_settlement_analysis_consolidated,field:gst_5,exposes_field,exposes field,extracted,0.75,Derived schema candidate; local evidence references are excluded.
edge:exposes-field:report-p1-main-05-performance-03-super-category-sourcewise-sales:field-gst-5,report:p1_main:05_performance:03_super_category_sourcewise_sales,field:gst_5,exposes_field,exposes field,extracted,0.75,Derived schema candidate; local evidence references are excluded.
edge:exposes-field:report-p1-main-04-tax-analysis-05-tax-summary:field-gst-5-amount,report:p1_main:04_tax_analysis:05_tax_summary,field:gst_5_amount,exposes_field,exposes field,extracted,0.75,Derived schema candidate; local evidence references are excluded.
edge:exposes-field:report-p1-main-02-settlements-06-enterprise-btc-report:field-gst-5-gst-18-totalgstpaymentstatus,report:p1_main:02_settlements:06_enterprise_btc_report,field:gst_5_gst_18_totalgstpaymentstatus,exposes_field,exposes field,extracted,0.75,Derived schema candidate; local evidence references are excluded.
edge:exposes-field:report-p1-main-01-sales-analysis-12-daily-sales-with-categories:field-hojicha,report:p1_main:01_sales_analysis:12_daily_sales_with_categories,field:hojicha,exposes_field,exposes field,extracted,0.75,Derived schema candidate; local evidence references are excluded.
edge:exposes-field:report-p1-main-01-sales-analysis-12-daily-sales-with-categories:field-hot,report:p1_main:01_sales_analysis:12_daily_sales_with_categories,field:hot,exposes_field,exposes field,extracted,0.75,Derived schema candidate; local evidence references are excluded.
edge:exposes-field:report-p1-main-01-sales-analysis-19-sales-contribution:field-hot-chocolate,report:p1_main:01_sales_analysis:19_sales_contribution,field:hot_chocolate,exposes_field,exposes field,extracted,0.75,Derived schema candidate; local evidence references are excluded.
edge:exposes-field:report-p1-main-01-sales-analysis-03-hourly-sales-analysis:field-hour,report:p1_main:01_sales_analysis:03_hourly_sales_analysis,field:hour,exposes_field,exposes field,extracted,0.75,Derived schema candidate; local evidence references are excluded.
edge:exposes-field:report-p1-main-01-sales-analysis-04-hourly-item-sales-analysis:field-hour,report:p1_main:01_sales_analysis:04_hourly_item_sales_analysis,field:hour,exposes_field,exposes field,extracted,0.75,Derived schema candidate; local evidence references are excluded.
edge:exposes-field:report-p1-main-01-sales-analysis-13-item-hourly-sales-by-tab:field-hour,report:p1_main:01_sales_analysis:13_item_hourly_sales_by_tab,field:hour,exposes_field,exposes field,extracted,0.75,Derived schema candidate; local evidence references are excluded.
edge:exposes-field:report-p1-main-01-sales-analysis-14-hourly-sales-by-source:field-hour,report:p1_main:01_sales_analysis:14_hourly_sales_by_source,field:hour,exposes_field,exposes field,extracted,0.75,Derived schema candidate; local evidence references are excluded.
edge:exposes-field:report-p1-main-01-sales-analysis-20-billwise-section-sales-analysis:field-hour,report:p1_main:01_sales_analysis:20_billwise_section_sales_analysis,field:hour,exposes_field,exposes field,extracted,0.75,Derived schema candidate; local evidence references are excluded.
edge:exposes-field:report-p1-main-05-performance-15-meal-count-report:field-hour,report:p1_main:05_performance:15_meal_count_report,field:hour,exposes_field,exposes field,extracted,0.75,Derived schema candidate; local evidence references are excluded.
edge:exposes-field:report-p1-main-01-sales-analysis-12-daily-sales-with-categories:field-iced,report:p1_main:01_sales_analysis:12_daily_sales_with_categories,field:iced,exposes_field,exposes field,extracted,0.75,Derived schema candidate; local evidence references are excluded.
edge:exposes-field:report-p1-main-01-sales-analysis-19-sales-contribution:field-iced-coffee,report:p1_main:01_sales_analysis:19_sales_contribution,field:iced_coffee,exposes_field,exposes field,extracted,0.75,Derived schema candidate; local evidence references are excluded.
edge:exposes-field:report-p1-main-01-sales-analysis-19-sales-contribution:field-iced-matcha-hojicha,report:p1_main:01_sales_analysis:19_sales_contribution,field:iced_matcha_hojicha,exposes_field,exposes field,extracted,0.75,Derived schema candidate; local evidence references are excluded.
edge:exposes-field:report-p1-main-05-performance-09-item-incidence:field-incidence,report:p1_main:05_performance:09_item_incidence,field:incidence,exposes_field,exposes field,extracted,0.75,Derived schema candidate; local evidence references are excluded.
edge:exposes-field:report-p1-main-01-sales-analysis-20-billwise-section-sales-analysis:field-invoicenodate,report:p1_main:01_sales_analysis:20_billwise_section_sales_analysis,field:invoicenodate,exposes_field,exposes field,extracted,0.75,Derived schema candidate; local evidence references are excluded.
edge:exposes-field:report-p1-main-01-sales-analysis-16-day-part-product-sales:field-item,report:p1_main:01_sales_analysis:16_day_part_product_sales,field:item,exposes_field,exposes field,extracted,0.75,Derived schema candidate; local evidence references are excluded.
edge:exposes-field:report-p1-main-03-discounts-offers-12-consolidated-item-complimentary:field-item,report:p1_main:03_discounts_offers:12_consolidated_item_complimentary,field:item,exposes_field,exposes field,extracted,0.75,Derived schema candidate; local evidence references are excluded.
edge:exposes-field:report-p1-main-05-performance-01-menu-mix:field-item,report:p1_main:05_performance:01_menu_mix,field:item,exposes_field,exposes field,extracted,0.75,Derived schema candidate; local evidence references are excluded.
edge:exposes-field:report-p1-main-05-performance-05-item-analysis:field-item,report:p1_main:05_performance:05_item_analysis,field:item,exposes_field,exposes field,extracted,0.75,Derived schema candidate; local evidence references are excluded.
edge:exposes-field:report-p1-main-05-performance-07-itemwise-enterprise:field-item,report:p1_main:05_performance:07_itemwise_enterprise,field:item,exposes_field,exposes field,extracted,0.75,Derived schema candidate; local evidence references are excluded.
edge:exposes-field:report-p1-main-05-performance-10-highest-and-lowest-selling-items:field-item,report:p1_main:05_performance:10_highest_and_lowest_selling_items,field:item,exposes_field,exposes field,extracted,0.75,Derived schema candidate; local evidence references are excluded.
edge:exposes-field:report-p1-main-01-sales-analysis-16-day-part-product-sales:field-item-code,report:p1_main:01_sales_analysis:16_day_part_product_sales,field:item_code,exposes_field,exposes field,extracted,0.75,Derived schema candidate; local evidence references are excluded.
edge:exposes-field:report-p1-main-01-sales-analysis-04-hourly-item-sales-analysis:field-item-name,report:p1_main:01_sales_analysis:04_hourly_item_sales_analysis,field:item_name,exposes_field,exposes field,extracted,0.75,Derived schema candidate; local evidence references are excluded.
edge:exposes-field:report-p1-main-01-sales-analysis-05-daily-item-sales-analysis:field-item-name,report:p1_main:01_sales_analysis:05_daily_item_sales_analysis,field:item_name,exposes_field,exposes field,extracted,0.75,Derived schema candidate; local evidence references are excluded.
edge:exposes-field:report-p1-main-01-sales-analysis-13-item-hourly-sales-by-tab:field-item-name,report:p1_main:01_sales_analysis:13_item_hourly_sales_by_tab,field:item_name,exposes_field,exposes field,extracted,0.75,Derived schema candidate; local evidence references are excluded.
edge:exposes-field:report-p1-main-01-sales-analysis-23-source-wise-tab-wise-item-analysis:field-item-name,report:p1_main:01_sales_analysis:23_source_wise_tab_wise_item_analysis,field:item_name,exposes_field,exposes field,extracted,0.75,Derived schema candidate; local evidence references are excluded.
edge:exposes-field:report-p1-main-03-discounts-offers-01-daily-item-wise-discount:field-item-name,report:p1_main:03_discounts_offers:01_daily_item_wise_discount,field:item_name,exposes_field,exposes field,extracted,0.75,Derived schema candidate; local evidence references are excluded.
edge:exposes-field:report-p1-main-03-discounts-offers-09-entp-item-based-offer:field-item-name,report:p1_main:03_discounts_offers:09_entp_item_based_offer,field:item_name,exposes_field,exposes field,extracted,0.75,Derived schema candidate; local evidence references are excluded.
edge:exposes-field:report-p1-main-03-discounts-offers-11-complimentary-head-itemwise:field-item-name,report:p1_main:03_discounts_offers:11_complimentary_head_itemwise,field:item_name,exposes_field,exposes field,extracted,0.75,Derived schema candidate; local evidence references are excluded.
edge:exposes-field:report-p1-main-05-performance-09-item-incidence:field-item-name,report:p1_main:05_performance:09_item_incidence,field:item_name,exposes_field,exposes field,extracted,0.75,Derived schema candidate; local evidence references are excluded.
edge:exposes-field:report-p1-main-05-performance-01-menu-mix:field-item-no,report:p1_main:05_performance:01_menu_mix,field:item_no,exposes_field,exposes field,extracted,0.75,Derived schema candidate; local evidence references are excluded.
edge:exposes-field:report-p1-main-01-sales-analysis-04-hourly-item-sales-analysis:field-item-number,report:p1_main:01_sales_analysis:04_hourly_item_sales_analysis,field:item_number,exposes_field,exposes field,extracted,0.75,Derived schema candidate; local evidence references are excluded.
edge:exposes-field:report-p1-main-01-sales-analysis-17-day-part-product-detailed:field-item-price-subtotal,report:p1_main:01_sales_analysis:17_day_part_product_detailed,field:item_price_subtotal,exposes_field,exposes field,extracted,0.75,Derived schema candidate; local evidence references are excluded.
edge:exposes-field:report-p1-main-01-sales-analysis-23-source-wise-tab-wise-item-analysis:field-item-qty,report:p1_main:01_sales_analysis:23_source_wise_tab_wise_item_analysis,field:item_qty,exposes_field,exposes field,extracted,0.75,Derived schema candidate; local evidence references are excluded.
edge:exposes-field:report-p1-main-05-performance-06-item-source-report:field-itemcodeitemname,report:p1_main:05_performance:06_item_source_report,field:itemcodeitemname,exposes_field,exposes field,extracted,0.75,Derived schema candidate; local evidence references are excluded.
edge:exposes-field:report-p1-main-05-performance-09-item-incidence:field-itemcodesection,report:p1_main:05_performance:09_item_incidence,field:itemcodesection,exposes_field,exposes field,extracted,0.75,Derived schema candidate; local evidence references are excluded.
edge:exposes-field:report-p1-main-01-sales-analysis-05-daily-item-sales-analysis:field-itemnumber,report:p1_main:01_sales_analysis:05_daily_item_sales_analysis,field:itemnumber,exposes_field,exposes field,extracted,0.75,Derived schema candidate; local evidence references are excluded.
edge:exposes-field:report-p1-main-01-sales-analysis-13-item-hourly-sales-by-tab:field-itemnumber,report:p1_main:01_sales_analysis:13_item_hourly_sales_by_tab,field:itemnumber,exposes_field,exposes field,extracted,0.75,Derived schema candidate; local evidence references are excluded.
edge:exposes-field:report-p1-main-03-discounts-offers-01-daily-item-wise-discount:field-itemnumber,report:p1_main:03_discounts_offers:01_daily_item_wise_discount,field:itemnumber,exposes_field,exposes field,extracted,0.75,Derived schema candidate; local evidence references are excluded.
edge:exposes-field:report-p1-main-03-discounts-offers-11-complimentary-head-itemwise:field-itemnumber,report:p1_main:03_discounts_offers:11_complimentary_head_itemwise,field:itemnumber,exposes_field,exposes field,extracted,0.75,Derived schema candidate; local evidence references are excluded.
edge:exposes-field:report-p1-main-05-performance-05-item-analysis:field-itemqty,report:p1_main:05_performance:05_item_analysis,field:itemqty,exposes_field,exposes field,extracted,0.75,Derived schema candidate; local evidence references are excluded.
edge:exposes-field:report-p1-main-05-performance-06-item-source-report:field-itemqty,report:p1_main:05_performance:06_item_source_report,field:itemqty,exposes_field,exposes field,extracted,0.75,Derived schema candidate; local evidence references are excluded.
edge:exposes-field:report-p1-main-05-performance-09-item-incidence:field-itemqty,report:p1_main:05_performance:09_item_incidence,field:itemqty,exposes_field,exposes field,extracted,0.75,Derived schema candidate; local evidence references are excluded.
edge:exposes-field:report-p1-main-01-sales-analysis-08-daily-sales:field-items,report:p1_main:01_sales_analysis:08_daily_sales,field:items,exposes_field,exposes field,extracted,0.75,Derived schema candidate; local evidence references are excluded.
edge:exposes-field:report-p1-main-01-sales-analysis-12-daily-sales-with-categories:field-items,report:p1_main:01_sales_analysis:12_daily_sales_with_categories,field:items,exposes_field,exposes field,extracted,0.75,Derived schema candidate; local evidence references are excluded.
edge:exposes-field:report-p1-main-01-sales-analysis-12-daily-sales-with-categories:field-jar,report:p1_main:01_sales_analysis:12_daily_sales_with_categories,field:jar,exposes_field,exposes field,extracted,0.75,Derived schema candidate; local evidence references are excluded.
edge:exposes-field:report-p1-main-01-sales-analysis-19-sales-contribution:field-jardesserts,report:p1_main:01_sales_analysis:19_sales_contribution,field:jardesserts,exposes_field,exposes field,extracted,0.75,Derived schema candidate; local evidence references are excluded.
edge:exposes-field:report-p1-main-01-sales-analysis-08-daily-sales:field-level,report:p1_main:01_sales_analysis:08_daily_sales,field:level,exposes_field,exposes field,extracted,0.75,Derived schema candidate; local evidence references are excluded.
edge:exposes-field:report-p1-main-01-sales-analysis-12-daily-sales-with-categories:field-level,report:p1_main:01_sales_analysis:12_daily_sales_with_categories,field:level,exposes_field,exposes field,extracted,0.75,Derived schema candidate; local evidence references are excluded.
edge:exposes-field:report-p1-main-03-discounts-offers-02-daily-discount-billwise:field-manualdiscount,report:p1_main:03_discounts_offers:02_daily_discount_billwise,field:manualdiscount,exposes_field,exposes field,extracted,0.75,Derived schema candidate; local evidence references are excluded.
edge:exposes-field:report-p1-main-03-discounts-offers-01-daily-item-wise-discount:field-manualdiscount-express,report:p1_main:03_discounts_offers:01_daily_item_wise_discount,field:manualdiscount_express,exposes_field,exposes field,extracted,0.75,Derived schema candidate; local evidence references are excluded.
edge:exposes-field:report-p1-main-01-sales-analysis-12-daily-sales-with-categories:field-matcha,report:p1_main:01_sales_analysis:12_daily_sales_with_categories,field:matcha,exposes_field,exposes field,extracted,0.75,Derived schema candidate; local evidence references are excluded.
edge:exposes-field:report-p1-main-01-sales-analysis-19-sales-contribution:field-matcha-hojicha,report:p1_main:01_sales_analysis:19_sales_contribution,field:matcha_hojicha,exposes_field,exposes field,extracted,0.75,Derived schema candidate; local evidence references are excluded.
edge:exposes-field:report-p1-main-01-sales-analysis-12-daily-sales-with-categories:field-meal,report:p1_main:01_sales_analysis:12_daily_sales_with_categories,field:meal,exposes_field,exposes field,extracted,0.75,Derived schema candidate; local evidence references are excluded.
edge:exposes-field:report-p1-main-01-sales-analysis-17-day-part-product-detailed:field-meal-period,report:p1_main:01_sales_analysis:17_day_part_product_detailed,field:meal_period,exposes_field,exposes field,extracted,0.75,Derived schema candidate; local evidence references are excluded.
edge:exposes-field:report-p1-main-01-sales-analysis-03-hourly-sales-analysis:field-meals,report:p1_main:01_sales_analysis:03_hourly_sales_analysis,field:meals,exposes_field,exposes field,extracted,0.75,Derived schema candidate; local evidence references are excluded.
edge:exposes-field:report-p1-main-01-sales-analysis-12-daily-sales-with-categories:field-merchandise,report:p1_main:01_sales_analysis:12_daily_sales_with_categories,field:merchandise,exposes_field,exposes field,extracted,0.75,Derived schema candidate; local evidence references are excluded.
edge:exposes-field:report-p1-main-01-sales-analysis-19-sales-contribution:field-merchandise,report:p1_main:01_sales_analysis:19_sales_contribution,field:merchandise,exposes_field,exposes field,extracted,0.75,Derived schema candidate; local evidence references are excluded.
edge:exposes-field:report-p1-main-01-sales-analysis-20-billwise-section-sales-analysis:field-merchandise-gst-0,report:p1_main:01_sales_analysis:20_billwise_section_sales_analysis,field:merchandise_gst_0,exposes_field,exposes field,extracted,0.75,Derived schema candidate; local evidence references are excluded.
edge:exposes-field:report-p1-main-01-sales-analysis-20-billwise-section-sales-analysis:field-merchandise-gst-18,report:p1_main:01_sales_analysis:20_billwise_section_sales_analysis,field:merchandise_gst_18,exposes_field,exposes field,extracted,0.75,Derived schema candidate; local evidence references are excluded.
edge:exposes-field:report-p1-main-01-sales-analysis-21-section-sales-analysis:field-merchandise-gst-18,report:p1_main:01_sales_analysis:21_section_sales_analysis,field:merchandise_gst_18,exposes_field,exposes field,extracted,0.75,Derived schema candidate; local evidence references are excluded.
edge:exposes-field:report-p1-main-01-sales-analysis-21-section-sales-analysis:field-merchandise-gst-5,report:p1_main:01_sales_analysis:21_section_sales_analysis,field:merchandise_gst_5,exposes_field,exposes field,extracted,0.75,Derived schema candidate; local evidence references are excluded.
edge:exposes-field:report-p1-main-05-performance-12-brand-performance-section-wise:field-merchandise-gst-5-sales,report:p1_main:05_performance:12_brand_performance_section_wise,field:merchandise_gst_5_sales,exposes_field,exposes field,extracted,0.75,Derived schema candidate; local evidence references are excluded.
edge:exposes-field:report-p1-main-01-sales-analysis-21-section-sales-analysis:field-merchandise-gst-o,report:p1_main:01_sales_analysis:21_section_sales_analysis,field:merchandise_gst_o,exposes_field,exposes field,extracted,0.75,Derived schema candidate; local evidence references are excluded.
edge:exposes-field:report-p1-main-01-sales-analysis-20-billwise-section-sales-analysis:field-merchandiseac-gst-5,report:p1_main:01_sales_analysis:20_billwise_section_sales_analysis,field:merchandiseac_gst_5,exposes_field,exposes field,extracted,0.75,Derived schema candidate; local evidence references are excluded.
edge:exposes-field:report-p1-main-01-sales-analysis-12-daily-sales-with-categories:field-milk,report:p1_main:01_sales_analysis:12_daily_sales_with_categories,field:milk,exposes_field,exposes field,extracted,0.75,Derived schema candidate; local evidence references are excluded.
edge:exposes-field:report-p1-main-02-settlements-05-billwise-settlement-analysis:field-modename,report:p1_main:02_settlements:05_billwise_settlement_analysis,field:modename,exposes_field,exposes field,extracted,0.75,Derived schema candidate; local evidence references are excluded.
edge:exposes-field:report-p1-main-05-performance-11-tab-wise-analysis:field-mom-change,report:p1_main:05_performance:11_tab_wise_analysis,field:mom_change,exposes_field,exposes field,extracted,0.75,Derived schema candidate; local evidence references are excluded.
edge:exposes-field:report-p1-main-01-sales-analysis-19-sales-contribution:field-month,report:p1_main:01_sales_analysis:19_sales_contribution,field:month,exposes_field,exposes field,extracted,0.75,Derived schema candidate; local evidence references are excluded.
edge:exposes-field:report-p1-main-05-performance-11-tab-wise-analysis:field-monthtodate,report:p1_main:05_performance:11_tab_wise_analysis,field:monthtodate,exposes_field,exposes field,extracted,0.75,Derived schema candidate; local evidence references are excluded.
edge:exposes-field:report-p1-main-02-settlements-05-billwise-settlement-analysis:field-msr-loyalty,report:p1_main:02_settlements:05_billwise_settlement_analysis,field:msr_loyalty,exposes_field,exposes field,extracted,0.75,Derived schema candidate; local evidence references are excluded.
edge:exposes-field:report-p1-main-01-sales-analysis-09-daily-sales-analysis:field-mtd,report:p1_main:01_sales_analysis:09_daily_sales_analysis,field:mtd,exposes_field,exposes field,extracted,0.75,Derived schema candidate; local evidence references are excluded.
edge:exposes-field:report-p1-main-01-sales-analysis-09-daily-sales-analysis:field-mtd-cm-pm,report:p1_main:01_sales_analysis:09_daily_sales_analysis,field:mtd_cm_pm,exposes_field,exposes field,extracted,0.75,Derived schema candidate; local evidence references are excluded.
edge:exposes-field:report-p1-main-01-sales-analysis-12-daily-sales-with-categories:field-muffin,report:p1_main:01_sales_analysis:12_daily_sales_with_categories,field:muffin,exposes_field,exposes field,extracted,0.75,Derived schema candidate; local evidence references are excluded.
edge:exposes-field:report-p1-main-01-sales-analysis-19-sales-contribution:field-muffin,report:p1_main:01_sales_analysis:19_sales_contribution,field:muffin,exposes_field,exposes field,extracted,0.75,Derived schema candidate; local evidence references are excluded.
edge:exposes-field:report-p1-main-01-sales-analysis-03-hourly-sales-analysis:field-name,report:p1_main:01_sales_analysis:03_hourly_sales_analysis,field:name,exposes_field,exposes field,extracted,0.75,Derived schema candidate; local evidence references are excluded.
edge:exposes-field:report-p1-main-05-performance-10-highest-and-lowest-selling-items:field-net-amount,report:p1_main:05_performance:10_highest_and_lowest_selling_items,field:net_amount,exposes_field,exposes field,extracted,0.75,Derived schema candidate; local evidence references are excluded.
edge:exposes-field:report-p1-main-01-sales-analysis-03-hourly-sales-analysis:field-net-sale,report:p1_main:01_sales_analysis:03_hourly_sales_analysis,field:net_sale,exposes_field,exposes field,extracted,0.75,Derived schema candidate; local evidence references are excluded.
edge:exposes-field:report-p1-main-01-sales-analysis-05-daily-item-sales-analysis:field-net-sale,report:p1_main:01_sales_analysis:05_daily_item_sales_analysis,field:net_sale,exposes_field,exposes field,extracted,0.75,Derived schema candidate; local evidence references are excluded.
edge:exposes-field:report-p1-main-01-sales-analysis-08-daily-sales:field-net-sale,report:p1_main:01_sales_analysis:08_daily_sales,field:net_sale,exposes_field,exposes field,extracted,0.75,Derived schema candidate; local evidence references are excluded.
edge:exposes-field:report-p1-main-01-sales-analysis-10-daily-sales-tabwise:field-net-sale,report:p1_main:01_sales_analysis:10_daily_sales_tabwise,field:net_sale,exposes_field,exposes field,extracted,0.75,Derived schema candidate; local evidence references are excluded.
edge:exposes-field:report-p1-main-01-sales-analysis-13-item-hourly-sales-by-tab:field-net-sale,report:p1_main:01_sales_analysis:13_item_hourly_sales_by_tab,field:net_sale,exposes_field,exposes field,extracted,0.75,Derived schema candidate; local evidence references are excluded.
edge:exposes-field:report-p1-main-01-sales-analysis-14-hourly-sales-by-source:field-net-sale,report:p1_main:01_sales_analysis:14_hourly_sales_by_source,field:net_sale,exposes_field,exposes field,extracted,0.75,Derived schema candidate; local evidence references are excluded.
edge:exposes-field:report-p1-main-01-sales-analysis-15-day-part-sales:field-net-sale,report:p1_main:01_sales_analysis:15_day_part_sales,field:net_sale,exposes_field,exposes field,extracted,0.75,Derived schema candidate; local evidence references are excluded.
edge:exposes-field:report-p1-main-02-settlements-05-billwise-settlement-analysis:field-net-sale,report:p1_main:02_settlements:05_billwise_settlement_analysis,field:net_sale,exposes_field,exposes field,extracted,0.75,Derived schema candidate; local evidence references are excluded.
edge:exposes-field:report-p1-main-05-performance-03-super-category-sourcewise-sales:field-net-sale,report:p1_main:05_performance:03_super_category_sourcewise_sales,field:net_sale,exposes_field,exposes field,extracted,0.75,Derived schema candidate; local evidence references are excluded.
edge:exposes-field:report-p1-main-01-sales-analysis-01-outlet-sales:field-net-sales,report:p1_main:01_sales_analysis:01_outlet_sales,field:net_sales,exposes_field,exposes field,extracted,0.75,Derived schema candidate; local evidence references are excluded.
edge:exposes-field:report-p1-main-01-sales-analysis-02-brand-order-type-sales:field-net-sales,report:p1_main:01_sales_analysis:02_brand_order_type_sales,field:net_sales,exposes_field,exposes field,extracted,0.75,Derived schema candidate; local evidence references are excluded.
edge:exposes-field:report-p1-main-01-sales-analysis-06-consolidated-hourly-sales:field-net-sales,report:p1_main:01_sales_analysis:06_consolidated_hourly_sales,field:net_sales,exposes_field,exposes field,extracted,0.75,Derived schema candidate; local evidence references are excluded.
edge:exposes-field:report-p1-main-01-sales-analysis-07-consolidated-hourly-sales-tabwise:field-net-sales,report:p1_main:01_sales_analysis:07_consolidated_hourly_sales_tabwise,field:net_sales,exposes_field,exposes field,extracted,0.75,Derived schema candidate; local evidence references are excluded.
edge:exposes-field:report-p1-main-01-sales-analysis-08-daily-sales:field-net-sales,report:p1_main:01_sales_analysis:08_daily_sales,field:net_sales,exposes_field,exposes field,extracted,0.75,Derived schema candidate; local evidence references are excluded.
edge:exposes-field:report-p1-main-01-sales-analysis-21-section-sales-analysis:field-net-sales,report:p1_main:01_sales_analysis:21_section_sales_analysis,field:net_sales,exposes_field,exposes field,extracted,0.75,Derived schema candidate; local evidence references are excluded.
edge:exposes-field:report-p1-main-01-sales-analysis-22-source-analysis-summary:field-net-sales,report:p1_main:01_sales_analysis:22_source_analysis_summary,field:net_sales,exposes_field,exposes field,extracted,0.75,Derived schema candidate; local evidence references are excluded.
edge:exposes-field:report-p1-main-03-discounts-offers-04-offer-budget:field-net-sales,report:p1_main:03_discounts_offers:04_offer_budget,field:net_sales,exposes_field,exposes field,extracted,0.75,Derived schema candidate; local evidence references are excluded.
edge:exposes-field:report-p1-main-05-performance-13-brand-performance-report:field-net-sales,report:p1_main:05_performance:13_brand_performance_report,field:net_sales,exposes_field,exposes field,extracted,0.75,Derived schema candidate; local evidence references are excluded.
edge:exposes-field:report-p1-main-05-performance-09-item-incidence:field-net-sales-bills,report:p1_main:05_performance:09_item_incidence,field:net_sales_bills,exposes_field,exposes field,extracted,0.75,Derived schema candidate; local evidence references are excluded.
edge:exposes-field:report-p1-main-05-performance-12-brand-performance-section-wise:field-net-sales-table,report:p1_main:05_performance:12_brand_performance_section_wise,field:net_sales_table,exposes_field,exposes field,extracted,0.75,Derived schema candidate; local evidence references are excluded.
edge:exposes-field:report-p1-main-03-discounts-offers-02-daily-discount-billwise:field-netamount,report:p1_main:03_discounts_offers:02_daily_discount_billwise,field:netamount,exposes_field,exposes field,extracted,0.75,Derived schema candidate; local evidence references are excluded.
edge:exposes-field:report-p1-main-05-performance-01-menu-mix:field-netamount,report:p1_main:05_performance:01_menu_mix,field:netamount,exposes_field,exposes field,extracted,0.75,Derived schema candidate; local evidence references are excluded.
edge:exposes-field:report-p1-main-05-performance-02-category-analysis:field-netamount,report:p1_main:05_performance:02_category_analysis,field:netamount,exposes_field,exposes field,extracted,0.75,Derived schema candidate; local evidence references are excluded.
edge:exposes-field:report-p1-main-05-performance-08-tab-wise-item-analysis:field-netamourtotaltax,report:p1_main:05_performance:08_tab_wise_item_analysis,field:netamourtotaltax,exposes_field,exposes field,extracted,0.75,Derived schema candidate; local evidence references are excluded.
edge:exposes-field:report-p1-main-01-sales-analysis-04-hourly-item-sales-analysis:field-netsale,report:p1_main:01_sales_analysis:04_hourly_item_sales_analysis,field:netsale,exposes_field,exposes field,extracted,0.75,Derived schema candidate; local evidence references are excluded.
edge:exposes-field:report-p1-main-01-sales-analysis-11-daily-sales-sourcewise:field-netsale,report:p1_main:01_sales_analysis:11_daily_sales_sourcewise,field:netsale,exposes_field,exposes field,extracted,0.75,Derived schema candidate; local evidence references are excluded.
edge:exposes-field:report-p1-main-01-sales-analysis-12-daily-sales-with-categories:field-netsale,report:p1_main:01_sales_analysis:12_daily_sales_with_categories,field:netsale,exposes_field,exposes field,extracted,0.75,Derived schema candidate; local evidence references are excluded.
edge:exposes-field:report-p1-main-01-sales-analysis-17-day-part-product-detailed:field-netsale,report:p1_main:01_sales_analysis:17_day_part_product_detailed,field:netsale,exposes_field,exposes field,extracted,0.75,Derived schema candidate; local evidence references are excluded.
edge:exposes-field:report-p1-main-05-performance-12-brand-performance-section-wise:field-netsales-delivery,report:p1_main:05_performance:12_brand_performance_section_wise,field:netsales_delivery,exposes_field,exposes field,extracted,0.75,Derived schema candidate; local evidence references are excluded.
edge:exposes-field:report-p1-main-05-performance-12-brand-performance-section-wise:field-netsales-takeout,report:p1_main:05_performance:12_brand_performance_section_wise,field:netsales_takeout,exposes_field,exposes field,extracted,0.75,Derived schema candidate; local evidence references are excluded.
edge:exposes-field:report-p1-main-01-sales-analysis-08-daily-sales:field-no-of,report:p1_main:01_sales_analysis:08_daily_sales,field:no_of,exposes_field,exposes field,extracted,0.75,Derived schema candidate; local evidence references are excluded.
edge:exposes-field:report-p1-main-01-sales-analysis-10-daily-sales-tabwise:field-no-of-bills,report:p1_main:01_sales_analysis:10_daily_sales_tabwise,field:no_of_bills,exposes_field,exposes field,extracted,0.75,Derived schema candidate; local evidence references are excluded.
edge:exposes-field:report-p1-main-01-sales-analysis-11-daily-sales-sourcewise:field-no-of-bills,report:p1_main:01_sales_analysis:11_daily_sales_sourcewise,field:no_of_bills,exposes_field,exposes field,extracted,0.75,Derived schema candidate; local evidence references are excluded.
edge:exposes-field:report-p1-main-04-tax-analysis-05-tax-summary:field-no-of-bills,report:p1_main:04_tax_analysis:05_tax_summary,field:no_of_bills,exposes_field,exposes field,extracted,0.75,Derived schema candidate; local evidence references are excluded.
edge:exposes-field:report-p1-main-05-performance-03-super-category-sourcewise-sales:field-no-of-items,report:p1_main:05_performance:03_super_category_sourcewise_sales,field:no_of_items,exposes_field,exposes field,extracted,0.75,Derived schema candidate; local evidence references are excluded.
edge:exposes-field:report-p1-main-05-performance-04-super-category-tabwise-sourcewise:field-no-of-items,report:p1_main:05_performance:04_super_category_tabwise_sourcewise,field:no_of_items,exposes_field,exposes field,extracted,0.75,Derived schema candidate; local evidence references are excluded.
edge:exposes-field:report-p1-main-01-sales-analysis-02-brand-order-type-sales:field-no-of-tickets,report:p1_main:01_sales_analysis:02_brand_order_type_sales,field:no_of_tickets,exposes_field,exposes field,extracted,0.75,Derived schema candidate; local evidence references are excluded.
edge:exposes-field:report-p1-main-01-sales-analysis-15-day-part-sales:field-no-of-tickets,report:p1_main:01_sales_analysis:15_day_part_sales,field:no_of_tickets,exposes_field,exposes field,extracted,0.75,Derived schema candidate; local evidence references are excluded.
edge:exposes-field:report-p1-main-01-sales-analysis-06-consolidated-hourly-sales:field-no-ofbills,report:p1_main:01_sales_analysis:06_consolidated_hourly_sales,field:no_ofbills,exposes_field,exposes field,extracted,0.75,Derived schema candidate; local evidence references are excluded.
edge:exposes-field:report-p1-main-01-sales-analysis-07-consolidated-hourly-sales-tabwise:field-no-ofbills,report:p1_main:01_sales_analysis:07_consolidated_hourly_sales_tabwise,field:no_ofbills,exposes_field,exposes field,extracted,0.75,Derived schema candidate; local evidence references are excluded.
edge:exposes-field:report-p1-main-04-tax-analysis-05-tax-summary:field-no-ofbills,report:p1_main:04_tax_analysis:05_tax_summary,field:no_ofbills,exposes_field,exposes field,extracted,0.75,Derived schema candidate; local evidence references are excluded.
edge:exposes-field:report-p1-main-01-sales-analysis-10-daily-sales-tabwise:field-no-ofitems,report:p1_main:01_sales_analysis:10_daily_sales_tabwise,field:no_ofitems,exposes_field,exposes field,extracted,0.75,Derived schema candidate; local evidence references are excluded.
edge:exposes-field:report-p1-main-01-sales-analysis-11-daily-sales-sourcewise:field-no-ofitems,report:p1_main:01_sales_analysis:11_daily_sales_sourcewise,field:no_ofitems,exposes_field,exposes field,extracted,0.75,Derived schema candidate; local evidence references are excluded.
edge:exposes-field:report-p1-main-04-tax-analysis-04-super-category-wise-no-vat:field-no-vat-amount-net,report:p1_main:04_tax_analysis:04_super_category_wise_no_vat,field:no_vat_amount_net,exposes_field,exposes field,extracted,0.75,Derived schema candidate; local evidence references are excluded.
edge:exposes-field:report-p1-main-01-sales-analysis-03-hourly-sales-analysis:field-nob,report:p1_main:01_sales_analysis:03_hourly_sales_analysis,field:nob,exposes_field,exposes field,extracted,0.75,Derived schema candidate; local evidence references are excluded.
edge:exposes-field:report-p1-main-01-sales-analysis-12-daily-sales-with-categories:field-noof,report:p1_main:01_sales_analysis:12_daily_sales_with_categories,field:noof,exposes_field,exposes field,extracted,0.75,Derived schema candidate; local evidence references are excluded.
edge:exposes-field:report-p1-main-01-sales-analysis-02-brand-order-type-sales:field-noofcovers,report:p1_main:01_sales_analysis:02_brand_order_type_sales,field:noofcovers,exposes_field,exposes field,extracted,0.75,Derived schema candidate; local evidence references are excluded.
edge:exposes-field:report-p1-main-01-sales-analysis-02-brand-order-type-sales:field-noofitems,report:p1_main:01_sales_analysis:02_brand_order_type_sales,field:noofitems,exposes_field,exposes field,extracted,0.75,Derived schema candidate; local evidence references are excluded.
edge:exposes-field:report-p1-main-04-tax-analysis-02-daily-no-vat-analysis:field-novat-amount-net,report:p1_main:04_tax_analysis:02_daily_no_vat_analysis,field:novat_amount_net,exposes_field,exposes field,extracted,0.75,Derived schema candidate; local evidence references are excluded.
edge:exposes-field:report-p1-main-01-sales-analysis-12-daily-sales-with-categories:field-of,report:p1_main:01_sales_analysis:12_daily_sales_with_categories,field:of,exposes_field,exposes field,extracted,0.75,Derived schema candidate; local evidence references are excluded.
edge:exposes-field:report-p1-main-01-sales-analysis-08-daily-sales:field-off,report:p1_main:01_sales_analysis:08_daily_sales,field:off,exposes_field,exposes field,extracted,0.75,Derived schema candidate; local evidence references are excluded.
edge:exposes-field:report-p1-main-01-sales-analysis-12-daily-sales-with-categories:field-off,report:p1_main:01_sales_analysis:12_daily_sales_with_categories,field:off,exposes_field,exposes field,extracted,0.75,Derived schema candidate; local evidence references are excluded.
edge:exposes-field:report-p1-main-03-discounts-offers-05-discount-billwise-analysis:field-offercode,report:p1_main:03_discounts_offers:05_discount_billwise_analysis,field:offercode,exposes_field,exposes field,extracted,0.75,Derived schema candidate; local evidence references are excluded.
edge:exposes-field:report-p1-main-03-discounts-offers-06-offer-code-report:field-offercode,report:p1_main:03_discounts_offers:06_offer_code_report,field:offercode,exposes_field,exposes field,extracted,0.75,Derived schema candidate; local evidence references are excluded.
edge:exposes-field:report-p1-main-03-discounts-offers-04-offer-budget:field-offername,report:p1_main:03_discounts_offers:04_offer_budget,field:offername,exposes_field,exposes field,extracted,0.75,Derived schema candidate; local evidence references are excluded.
edge:exposes-field:report-p1-main-03-discounts-offers-06-offer-code-report:field-offername,report:p1_main:03_discounts_offers:06_offer_code_report,field:offername,exposes_field,exposes field,extracted,0.75,Derived schema candidate; local evidence references are excluded.
edge:exposes-field:report-p1-main-03-discounts-offers-09-entp-item-based-offer:field-offername,report:p1_main:03_discounts_offers:09_entp_item_based_offer,field:offername,exposes_field,exposes field,extracted,0.75,Derived schema candidate; local evidence references are excluded.
edge:exposes-field:report-p1-main-01-sales-analysis-12-daily-sales-with-categories:field-on,report:p1_main:01_sales_analysis:12_daily_sales_with_categories,field:on,exposes_field,exposes field,extracted,0.75,Derived schema candidate; local evidence references are excluded.
edge:exposes-field:report-p1-main-04-tax-analysis-05-tax-summary:field-online,report:p1_main:04_tax_analysis:05_tax_summary,field:online,exposes_field,exposes field,extracted,0.75,Derived schema candidate; local evidence references are excluded.
edge:exposes-field:report-p1-main-02-settlements-05-billwise-settlement-analysis:field-orderld,report:p1_main:02_settlements:05_billwise_settlement_analysis,field:orderld,exposes_field,exposes field,extracted,0.75,Derived schema candidate; local evidence references are excluded.
edge:exposes-field:report-p1-main-01-sales-analysis-22-source-analysis-summary:field-orders,report:p1_main:01_sales_analysis:22_source_analysis_summary,field:orders,exposes_field,exposes field,extracted,0.75,Derived schema candidate; local evidence references are excluded.
edge:exposes-field:report-p1-main-04-tax-analysis-05-tax-summary:field-other,report:p1_main:04_tax_analysis:05_tax_summary,field:other,exposes_field,exposes field,extracted,0.75,Derived schema candidate; local evidence references are excluded.
edge:exposes-field:report-p1-main-02-settlements-01-settlement-analysis:field-others,report:p1_main:02_settlements:01_settlement_analysis,field:others,exposes_field,exposes field,extracted,0.75,Derived schema candidate; local evidence references are excluded.
edge:exposes-field:report-p1-main-02-settlements-03-daily-payments-breakup:field-others,report:p1_main:02_settlements:03_daily_payments_breakup,field:others,exposes_field,exposes field,extracted,0.75,Derived schema candidate; local evidence references are excluded.
edge:exposes-field:report-p1-main-01-sales-analysis-03-hourly-sales-analysis:field-outlet,report:p1_main:01_sales_analysis:03_hourly_sales_analysis,field:outlet,exposes_field,exposes field,extracted,0.75,Derived schema candidate; local evidence references are excluded.
edge:exposes-field:report-p1-main-01-sales-analysis-09-daily-sales-analysis:field-outlet,report:p1_main:01_sales_analysis:09_daily_sales_analysis,field:outlet,exposes_field,exposes field,extracted,0.75,Derived schema candidate; local evidence references are excluded.
edge:exposes-field:report-p1-main-03-discounts-offers-06-offer-code-report:field-outlet,report:p1_main:03_discounts_offers:06_offer_code_report,field:outlet,exposes_field,exposes field,extracted,0.75,Derived schema candidate; local evidence references are excluded.
edge:exposes-field:report-p1-main-05-performance-09-item-incidence:field-outlet,report:p1_main:05_performance:09_item_incidence,field:outlet,exposes_field,exposes field,extracted,0.75,Derived schema candidate; local evidence references are excluded.
edge:exposes-field:report-p1-main-01-sales-analysis-01-outlet-sales:field-outlet-name,report:p1_main:01_sales_analysis:01_outlet_sales,field:outlet_name,exposes_field,exposes field,extracted,0.75,Derived schema candidate; local evidence references are excluded.
edge:exposes-field:report-p1-main-01-sales-analysis-04-hourly-item-sales-analysis:field-outlet-name,report:p1_main:01_sales_analysis:04_hourly_item_sales_analysis,field:outlet_name,exposes_field,exposes field,extracted,0.75,Derived schema candidate; local evidence references are excluded.
edge:exposes-field:report-p1-main-01-sales-analysis-05-daily-item-sales-analysis:field-outlet-name,report:p1_main:01_sales_analysis:05_daily_item_sales_analysis,field:outlet_name,exposes_field,exposes field,extracted,0.75,Derived schema candidate; local evidence references are excluded.
edge:exposes-field:report-p1-main-01-sales-analysis-06-consolidated-hourly-sales:field-outlet-name,report:p1_main:01_sales_analysis:06_consolidated_hourly_sales,field:outlet_name,exposes_field,exposes field,extracted,0.75,Derived schema candidate; local evidence references are excluded.
edge:exposes-field:report-p1-main-01-sales-analysis-07-consolidated-hourly-sales-tabwise:field-outlet-name,report:p1_main:01_sales_analysis:07_consolidated_hourly_sales_tabwise,field:outlet_name,exposes_field,exposes field,extracted,0.75,Derived schema candidate; local evidence references are excluded.
edge:exposes-field:report-p1-main-01-sales-analysis-08-daily-sales:field-outlet-name,report:p1_main:01_sales_analysis:08_daily_sales,field:outlet_name,exposes_field,exposes field,extracted,0.75,Derived schema candidate; local evidence references are excluded.
edge:exposes-field:report-p1-main-01-sales-analysis-10-daily-sales-tabwise:field-outlet-name,report:p1_main:01_sales_analysis:10_daily_sales_tabwise,field:outlet_name,exposes_field,exposes field,extracted,0.75,Derived schema candidate; local evidence references are excluded.
edge:exposes-field:report-p1-main-01-sales-analysis-11-daily-sales-sourcewise:field-outlet-name,report:p1_main:01_sales_analysis:11_daily_sales_sourcewise,field:outlet_name,exposes_field,exposes field,extracted,0.75,Derived schema candidate; local evidence references are excluded.
edge:exposes-field:report-p1-main-01-sales-analysis-12-daily-sales-with-categories:field-outlet-name,report:p1_main:01_sales_analysis:12_daily_sales_with_categories,field:outlet_name,exposes_field,exposes field,extracted,0.75,Derived schema candidate; local evidence references are excluded.
edge:exposes-field:report-p1-main-01-sales-analysis-13-item-hourly-sales-by-tab:field-outlet-name,report:p1_main:01_sales_analysis:13_item_hourly_sales_by_tab,field:outlet_name,exposes_field,exposes field,extracted,0.75,Derived schema candidate; local evidence references are excluded.
edge:exposes-field:report-p1-main-01-sales-analysis-14-hourly-sales-by-source:field-outlet-name,report:p1_main:01_sales_analysis:14_hourly_sales_by_source,field:outlet_name,exposes_field,exposes field,extracted,0.75,Derived schema candidate; local evidence references are excluded.
edge:exposes-field:report-p1-main-01-sales-analysis-19-sales-contribution:field-outlet-name,report:p1_main:01_sales_analysis:19_sales_contribution,field:outlet_name,exposes_field,exposes field,extracted,0.75,Derived schema candidate; local evidence references are excluded.
edge:exposes-field:report-p1-main-01-sales-analysis-20-billwise-section-sales-analysis:field-outlet-name,report:p1_main:01_sales_analysis:20_billwise_section_sales_analysis,field:outlet_name,exposes_field,exposes field,extracted,0.75,Derived schema candidate; local evidence references are excluded.
edge:exposes-field:report-p1-main-02-settlements-03-daily-payments-breakup:field-outlet-name,report:p1_main:02_settlements:03_daily_payments_breakup,field:outlet_name,exposes_field,exposes field,extracted,0.75,Derived schema candidate; local evidence references are excluded.
edge:exposes-field:report-p1-main-02-settlements-04-daily-payments-breakup-consolidate:field-outlet-name,report:p1_main:02_settlements:04_daily_payments_breakup_consolidate,field:outlet_name,exposes_field,exposes field,extracted,0.75,Derived schema candidate; local evidence references are excluded.
edge:exposes-field:report-p1-main-03-discounts-offers-01-daily-item-wise-discount:field-outlet-name,report:p1_main:03_discounts_offers:01_daily_item_wise_discount,field:outlet_name,exposes_field,exposes field,extracted,0.75,Derived schema candidate; local evidence references are excluded.
edge:exposes-field:report-p1-main-03-discounts-offers-02-daily-discount-billwise:field-outlet-name,report:p1_main:03_discounts_offers:02_daily_discount_billwise,field:outlet_name,exposes_field,exposes field,extracted,0.75,Derived schema candidate; local evidence references are excluded.
edge:exposes-field:report-p1-main-03-discounts-offers-04-offer-budget:field-outlet-name,report:p1_main:03_discounts_offers:04_offer_budget,field:outlet_name,exposes_field,exposes field,extracted,0.75,Derived schema candidate; local evidence references are excluded.
edge:exposes-field:report-p1-main-03-discounts-offers-05-discount-billwise-analysis:field-outlet-name,report:p1_main:03_discounts_offers:05_discount_billwise_analysis,field:outlet_name,exposes_field,exposes field,extracted,0.75,Derived schema candidate; local evidence references are excluded.
edge:exposes-field:report-p1-main-03-discounts-offers-08-discount-and-complimentary-analysi:field-outlet-name,report:p1_main:03_discounts_offers:08_discount_and_complimentary_analysi,field:outlet_name,exposes_field,exposes field,extracted,0.75,Derived schema candidate; local evidence references are excluded.
edge:exposes-field:report-p1-main-03-discounts-offers-12-consolidated-item-complimentary:field-outlet-name,report:p1_main:03_discounts_offers:12_consolidated_item_complimentary,field:outlet_name,exposes_field,exposes field,extracted,0.75,Derived schema candidate; local evidence references are excluded.
edge:exposes-field:report-p1-main-04-tax-analysis-01-daily-tax-analysis:field-outlet-name,report:p1_main:04_tax_analysis:01_daily_tax_analysis,field:outlet_name,exposes_field,exposes field,extracted,0.75,Derived schema candidate; local evidence references are excluded.
edge:exposes-field:report-p1-main-04-tax-analysis-02-daily-no-vat-analysis:field-outlet-name,report:p1_main:04_tax_analysis:02_daily_no_vat_analysis,field:outlet_name,exposes_field,exposes field,extracted,0.75,Derived schema candidate; local evidence references are excluded.
edge:exposes-field:report-p1-main-04-tax-analysis-03-super-category-wise-daily-taxes:field-outlet-name,report:p1_main:04_tax_analysis:03_super_category_wise_daily_taxes,field:outlet_name,exposes_field,exposes field,extracted,0.75,Derived schema candidate; local evidence references are excluded.
edge:exposes-field:report-p1-main-04-tax-analysis-04-super-category-wise-no-vat:field-outlet-name,report:p1_main:04_tax_analysis:04_super_category_wise_no_vat,field:outlet_name,exposes_field,exposes field,extracted,0.75,Derived schema candidate; local evidence references are excluded.
edge:exposes-field:report-p1-main-05-performance-03-super-category-sourcewise-sales:field-outlet-name,report:p1_main:05_performance:03_super_category_sourcewise_sales,field:outlet_name,exposes_field,exposes field,extracted,0.75,Derived schema candidate; local evidence references are excluded.
edge:exposes-field:report-p1-main-05-performance-04-super-category-tabwise-sourcewise:field-outlet-name,report:p1_main:05_performance:04_super_category_tabwise_sourcewise,field:outlet_name,exposes_field,exposes field,extracted,0.75,Derived schema candidate; local evidence references are excluded.
edge:exposes-field:report-p1-main-05-performance-06-item-source-report:field-outlet-name,report:p1_main:05_performance:06_item_source_report,field:outlet_name,exposes_field,exposes field,extracted,0.75,Derived schema candidate; local evidence references are excluded.
edge:exposes-field:report-p1-main-05-performance-12-brand-performance-section-wise:field-outlet-name,report:p1_main:05_performance:12_brand_performance_section_wise,field:outlet_name,exposes_field,exposes field,extracted,0.75,Derived schema candidate; local evidence references are excluded.
edge:exposes-field:report-p1-main-05-performance-13-brand-performance-report:field-outlet-name,report:p1_main:05_performance:13_brand_performance_report,field:outlet_name,exposes_field,exposes field,extracted,0.75,Derived schema candidate; local evidence references are excluded.
edge:exposes-field:report-p1-main-05-performance-14-combo-report:field-outlet-name,report:p1_main:05_performance:14_combo_report,field:outlet_name,exposes_field,exposes field,extracted,0.75,Derived schema candidate; local evidence references are excluded.
edge:exposes-field:report-p1-main-01-sales-analysis-19-sales-contribution:field-overall-sales-value,report:p1_main:01_sales_analysis:19_sales_contribution,field:overall_sales_value,exposes_field,exposes field,extracted,0.75,Derived schema candidate; local evidence references are excluded.
edge:exposes-field:report-p1-main-01-sales-analysis-12-daily-sales-with-categories:field-packaged,report:p1_main:01_sales_analysis:12_daily_sales_with_categories,field:packaged,exposes_field,exposes field,extracted,0.75,Derived schema candidate; local evidence references are excluded.
edge:exposes-field:report-p1-main-01-sales-analysis-19-sales-contribution:field-packagedwater,report:p1_main:01_sales_analysis:19_sales_contribution,field:packagedwater,exposes_field,exposes field,extracted,0.75,Derived schema candidate; local evidence references are excluded.
edge:exposes-field:report-p1-main-01-sales-analysis-21-section-sales-analysis:field-packagingcharge-cart-swiggy,report:p1_main:01_sales_analysis:21_section_sales_analysis,field:packagingcharge_cart_swiggy,exposes_field,exposes field,extracted,0.75,Derived schema candidate; local evidence references are excluded.
edge:exposes-field:report-p1-main-02-settlements-06-enterprise-btc-report:field-payment-modestaff-meal-bill,report:p1_main:02_settlements:06_enterprise_btc_report,field:payment_modestaff_meal_bill,exposes_field,exposes field,extracted,0.75,Derived schema candidate; local evidence references are excluded.
edge:exposes-field:report-p1-main-05-performance-01-menu-mix:field-percentageofsales,report:p1_main:05_performance:01_menu_mix,field:percentageofsales,exposes_field,exposes field,extracted,0.75,Derived schema candidate; local evidence references are excluded.
edge:exposes-field:report-p1-main-02-settlements-04-daily-payments-breakup-consolidate:field-pinelabsplutus,report:p1_main:02_settlements:04_daily_payments_breakup_consolidate,field:pinelabsplutus,exposes_field,exposes field,extracted,0.75,Derived schema candidate; local evidence references are excluded.
edge:exposes-field:report-p1-main-02-settlements-04-daily-payments-breakup-consolidate:field-pinelabsplutusupi,report:p1_main:02_settlements:04_daily_payments_breakup_consolidate,field:pinelabsplutusupi,exposes_field,exposes field,extracted,0.75,Derived schema candidate; local evidence references are excluded.
edge:exposes-field:report-p1-main-01-sales-analysis-12-daily-sales-with-categories:field-plastic,report:p1_main:01_sales_analysis:12_daily_sales_with_categories,field:plastic,exposes_field,exposes field,extracted,0.75,Derived schema candidate; local evidence references are excluded.
edge:exposes-field:report-p1-main-01-sales-analysis-19-sales-contribution:field-plasticdrinkware,report:p1_main:01_sales_analysis:19_sales_contribution,field:plasticdrinkware,exposes_field,exposes field,extracted,0.75,Derived schema candidate; local evidence references are excluded.
edge:exposes-field:report-p1-main-01-sales-analysis-22-source-analysis-summary:field-pos,report:p1_main:01_sales_analysis:22_source_analysis_summary,field:pos,exposes_field,exposes field,extracted,0.75,Derived schema candidate; local evidence references are excluded.
edge:exposes-field:report-p1-main-05-performance-11-tab-wise-analysis:field-prevmonth,report:p1_main:05_performance:11_tab_wise_analysis,field:prevmonth,exposes_field,exposes field,extracted,0.75,Derived schema candidate; local evidence references are excluded.
edge:exposes-field:report-p1-main-01-sales-analysis-08-daily-sales:field-product,report:p1_main:01_sales_analysis:08_daily_sales,field:product,exposes_field,exposes field,extracted,0.75,Derived schema candidate; local evidence references are excluded.
edge:exposes-field:report-p1-main-01-sales-analysis-12-daily-sales-with-categories:field-product,report:p1_main:01_sales_analysis:12_daily_sales_with_categories,field:product,exposes_field,exposes field,extracted,0.75,Derived schema candidate; local evidence references are excluded.
edge:exposes-field:report-p1-main-03-discounts-offers-01-daily-item-wise-discount:field-promodiscount,report:p1_main:03_discounts_offers:01_daily_item_wise_discount,field:promodiscount,exposes_field,exposes field,extracted,0.75,Derived schema candidate; local evidence references are excluded.
edge:exposes-field:report-p1-main-03-discounts-offers-02-daily-discount-billwise:field-promodiscount,report:p1_main:03_discounts_offers:02_daily_discount_billwise,field:promodiscount,exposes_field,exposes field,extracted,0.75,Derived schema candidate; local evidence references are excluded.
edge:exposes-field:report-p1-main-03-discounts-offers-02-daily-discount-billwise:field-promotionname,report:p1_main:03_discounts_offers:02_daily_discount_billwise,field:promotionname,exposes_field,exposes field,extracted,0.75,Derived schema candidate; local evidence references are excluded.
edge:exposes-field:report-p1-main-03-discounts-offers-05-discount-billwise-analysis:field-promotionname,report:p1_main:03_discounts_offers:05_discount_billwise_analysis,field:promotionname,exposes_field,exposes field,extracted,0.75,Derived schema candidate; local evidence references are excluded.
edge:exposes-field:report-p1-main-03-discounts-offers-08-discount-and-complimentary-analysi:field-promotionname,report:p1_main:03_discounts_offers:08_discount_and_complimentary_analysi,field:promotionname,exposes_field,exposes field,extracted,0.75,Derived schema candidate; local evidence references are excluded.
edge:exposes-field:report-p1-main-01-sales-analysis-12-daily-sales-with-categories:field-protein,report:p1_main:01_sales_analysis:12_daily_sales_with_categories,field:protein,exposes_field,exposes field,extracted,0.75,Derived schema candidate; local evidence references are excluded.
edge:exposes-field:report-p1-main-01-sales-analysis-19-sales-contribution:field-proteindrinks,report:p1_main:01_sales_analysis:19_sales_contribution,field:proteindrinks,exposes_field,exposes field,extracted,0.75,Derived schema candidate; local evidence references are excluded.
edge:exposes-field:report-p1-main-01-sales-analysis-12-daily-sales-with-categories:field-puff,report:p1_main:01_sales_analysis:12_daily_sales_with_categories,field:puff,exposes_field,exposes field,extracted,0.75,Derived schema candidate; local evidence references are excluded.
edge:exposes-field:report-p1-main-01-sales-analysis-19-sales-contribution:field-puff,report:p1_main:01_sales_analysis:19_sales_contribution,field:puff,exposes_field,exposes field,extracted,0.75,Derived schema candidate; local evidence references are excluded.
edge:exposes-field:report-p1-main-01-sales-analysis-22-source-analysis-summary:field-qr,report:p1_main:01_sales_analysis:22_source_analysis_summary,field:qr,exposes_field,exposes field,extracted,0.75,Derived schema candidate; local evidence references are excluded.
edge:exposes-field:report-p1-main-05-performance-11-tab-wise-analysis:field-qrcode,report:p1_main:05_performance:11_tab_wise_analysis,field:qrcode,exposes_field,exposes field,extracted,0.75,Derived schema candidate; local evidence references are excluded.
edge:exposes-field:report-p1-main-01-sales-analysis-04-hourly-item-sales-analysis:field-qty,report:p1_main:01_sales_analysis:04_hourly_item_sales_analysis,field:qty,exposes_field,exposes field,extracted,0.75,Derived schema candidate; local evidence references are excluded.
edge:exposes-field:report-p1-main-01-sales-analysis-05-daily-item-sales-analysis:field-qty,report:p1_main:01_sales_analysis:05_daily_item_sales_analysis,field:qty,exposes_field,exposes field,extracted,0.75,Derived schema candidate; local evidence references are excluded.
edge:exposes-field:report-p1-main-01-sales-analysis-13-item-hourly-sales-by-tab:field-qty,report:p1_main:01_sales_analysis:13_item_hourly_sales_by_tab,field:qty,exposes_field,exposes field,extracted,0.75,Derived schema candidate; local evidence references are excluded.
edge:exposes-field:report-p1-main-03-discounts-offers-02-daily-discount-billwise:field-qty,report:p1_main:03_discounts_offers:02_daily_discount_billwise,field:qty,exposes_field,exposes field,extracted,0.75,Derived schema candidate; local evidence references are excluded.
edge:exposes-field:report-p1-main-03-discounts-offers-09-entp-item-based-offer:field-qty,report:p1_main:03_discounts_offers:09_entp_item_based_offer,field:qty,exposes_field,exposes field,extracted,0.75,Derived schema candidate; local evidence references are excluded.
edge:exposes-field:report-p1-main-03-discounts-offers-11-complimentary-head-itemwise:field-qty,report:p1_main:03_discounts_offers:11_complimentary_head_itemwise,field:qty,exposes_field,exposes field,extracted,0.75,Derived schema candidate; local evidence references are excluded.
edge:exposes-field:report-p1-main-03-discounts-offers-12-consolidated-item-complimentary:field-qty,report:p1_main:03_discounts_offers:12_consolidated_item_complimentary,field:qty,exposes_field,exposes field,extracted,0.75,Derived schema candidate; local evidence references are excluded.
edge:exposes-field:report-p1-main-05-performance-01-menu-mix:field-qty,report:p1_main:05_performance:01_menu_mix,field:qty,exposes_field,exposes field,extracted,0.75,Derived schema candidate; local evidence references are excluded.
edge:exposes-field:report-p1-main-05-performance-02-category-analysis:field-qty,report:p1_main:05_performance:02_category_analysis,field:qty,exposes_field,exposes field,extracted,0.75,Derived schema candidate; local evidence references are excluded.
edge:exposes-field:report-p1-main-05-performance-07-itemwise-enterprise:field-qty,report:p1_main:05_performance:07_itemwise_enterprise,field:qty,exposes_field,exposes field,extracted,0.75,Derived schema candidate; local evidence references are excluded.
edge:exposes-field:report-p1-main-05-performance-15-meal-count-report:field-qty,report:p1_main:05_performance:15_meal_count_report,field:qty,exposes_field,exposes field,extracted,0.75,Derived schema candidate; local evidence references are excluded.
edge:exposes-field:report-p1-main-01-sales-analysis-16-day-part-product-sales:field-quantity,report:p1_main:01_sales_analysis:16_day_part_product_sales,field:quantity,exposes_field,exposes field,extracted,0.75,Derived schema candidate; local evidence references are excluded.
edge:exposes-field:report-p1-main-05-performance-10-highest-and-lowest-selling-items:field-quantity,report:p1_main:05_performance:10_highest_and_lowest_selling_items,field:quantity,exposes_field,exposes field,extracted,0.75,Derived schema candidate; local evidence references are excluded.
edge:exposes-field:report-p1-main-01-sales-analysis-23-source-wise-tab-wise-item-analysis:field-rate,report:p1_main:01_sales_analysis:23_source_wise_tab_wise_item_analysis,field:rate,exposes_field,exposes field,extracted,0.75,Derived schema candidate; local evidence references are excluded.
edge:exposes-field:report-p1-main-03-discounts-offers-12-consolidated-item-complimentary:field-rate,report:p1_main:03_discounts_offers:12_consolidated_item_complimentary,field:rate,exposes_field,exposes field,extracted,0.75,Derived schema candidate; local evidence references are excluded.
edge:exposes-field:report-p1-main-05-performance-01-menu-mix:field-rate,report:p1_main:05_performance:01_menu_mix,field:rate,exposes_field,exposes field,extracted,0.75,Derived schema candidate; local evidence references are excluded.
edge:exposes-field:report-p1-main-05-performance-05-item-analysis:field-rate,report:p1_main:05_performance:05_item_analysis,field:rate,exposes_field,exposes field,extracted,0.75,Derived schema candidate; local evidence references are excluded.
edge:exposes-field:report-p1-main-05-performance-08-tab-wise-item-analysis:field-rate,report:p1_main:05_performance:08_tab_wise_item_analysis,field:rate,exposes_field,exposes field,extracted,0.75,Derived schema candidate; local evidence references are excluded.
edge:exposes-field:report-p1-main-05-performance-15-meal-count-report:field-rate,report:p1_main:05_performance:15_meal_count_report,field:rate,exposes_field,exposes field,extracted,0.75,Derived schema candidate; local evidence references are excluded.
edge:exposes-field:report-p1-main-01-sales-analysis-21-section-sales-analysis:field-razorpay,report:p1_main:01_sales_analysis:21_section_sales_analysis,field:razorpay,exposes_field,exposes field,extracted,0.75,Derived schema candidate; local evidence references are excluded.
edge:exposes-field:report-p1-main-02-settlements-01-settlement-analysis:field-razorpay,report:p1_main:02_settlements:01_settlement_analysis,field:razorpay,exposes_field,exposes field,extracted,0.75,Derived schema candidate; local evidence references are excluded.
edge:exposes-field:report-p1-main-02-settlements-02-settlement-analysis-consolidated:field-razorpay,report:p1_main:02_settlements:02_settlement_analysis_consolidated,field:razorpay,exposes_field,exposes field,extracted,0.75,Derived schema candidate; local evidence references are excluded.
edge:exposes-field:report-p1-main-02-settlements-03-daily-payments-breakup:field-razorpay,report:p1_main:02_settlements:03_daily_payments_breakup,field:razorpay,exposes_field,exposes field,extracted,0.75,Derived schema candidate; local evidence references are excluded.
edge:exposes-field:report-p1-main-02-settlements-04-daily-payments-breakup-consolidate:field-razorpay,report:p1_main:02_settlements:04_daily_payments_breakup_consolidate,field:razorpay,exposes_field,exposes field,extracted,0.75,Derived schema candidate; local evidence references are excluded.
edge:exposes-field:report-p1-main-02-settlements-04-daily-payments-breakup-consolidate:field-razorpaywebsite,report:p1_main:02_settlements:04_daily_payments_breakup_consolidate,field:razorpaywebsite,exposes_field,exposes field,extracted,0.75,Derived schema candidate; local evidence references are excluded.
edge:exposes-field:report-p1-main-01-sales-analysis-09-daily-sales-analysis:field-region,report:p1_main:01_sales_analysis:09_daily_sales_analysis,field:region,exposes_field,exposes field,extracted,0.75,Derived schema candidate; local evidence references are excluded.
edge:exposes-field:report-p1-main-01-sales-analysis-10-daily-sales-tabwise:field-region,report:p1_main:01_sales_analysis:10_daily_sales_tabwise,field:region,exposes_field,exposes field,extracted,0.75,Derived schema candidate; local evidence references are excluded.
edge:exposes-field:report-p1-main-01-sales-analysis-11-daily-sales-sourcewise:field-region,report:p1_main:01_sales_analysis:11_daily_sales_sourcewise,field:region,exposes_field,exposes field,extracted,0.75,Derived schema candidate; local evidence references are excluded.
edge:exposes-field:report-p1-main-05-performance-04-super-category-tabwise-sourcewise:field-region,report:p1_main:05_performance:04_super_category_tabwise_sourcewise,field:region,exposes_field,exposes field,extracted,0.75,Derived schema candidate; local evidence references are excluded.
edge:exposes-field:report-p1-main-01-sales-analysis-09-daily-sales-analysis:field-region-wise,report:p1_main:01_sales_analysis:09_daily_sales_analysis,field:region_wise,exposes_field,exposes field,extracted,0.75,Derived schema candidate; local evidence references are excluded.
edge:exposes-field:report-p1-main-05-performance-03-super-category-sourcewise-sales:field-reglon,report:p1_main:05_performance:03_super_category_sourcewise_sales,field:reglon,exposes_field,exposes field,extracted,0.75,Derived schema candidate; local evidence references are excluded.
edge:exposes-field:report-p1-main-01-sales-analysis-21-section-sales-analysis:field-restaurantpackagingcharges,report:p1_main:01_sales_analysis:21_section_sales_analysis,field:restaurantpackagingcharges,exposes_field,exposes field,extracted,0.75,Derived schema candidate; local evidence references are excluded.
edge:exposes-field:report-p1-main-02-settlements-05-billwise-settlement-analysis:field-restaurantpackagingcharges,report:p1_main:02_settlements:05_billwise_settlement_analysis,field:restaurantpackagingcharges,exposes_field,exposes field,extracted,0.75,Derived schema candidate; local evidence references are excluded.
edge:exposes-field:report-p1-main-01-sales-analysis-12-daily-sales-with-categories:field-rolls,report:p1_main:01_sales_analysis:12_daily_sales_with_categories,field:rolls,exposes_field,exposes field,extracted,0.75,Derived schema candidate; local evidence references are excluded.
edge:exposes-field:report-p1-main-01-sales-analysis-19-sales-contribution:field-rolls,report:p1_main:01_sales_analysis:19_sales_contribution,field:rolls,exposes_field,exposes field,extracted,0.75,Derived schema candidate; local evidence references are excluded.
edge:exposes-field:report-p1-main-01-sales-analysis-08-daily-sales:field-round,report:p1_main:01_sales_analysis:08_daily_sales,field:round,exposes_field,exposes field,extracted,0.75,Derived schema candidate; local evidence references are excluded.
edge:exposes-field:report-p1-main-01-sales-analysis-12-daily-sales-with-categories:field-round,report:p1_main:01_sales_analysis:12_daily_sales_with_categories,field:round,exposes_field,exposes field,extracted,0.75,Derived schema candidate; local evidence references are excluded.
edge:exposes-field:report-p1-main-01-sales-analysis-10-daily-sales-tabwise:field-round-off,report:p1_main:01_sales_analysis:10_daily_sales_tabwise,field:round_off,exposes_field,exposes field,extracted,0.75,Derived schema candidate; local evidence references are excluded.
edge:exposes-field:report-p1-main-05-performance-03-super-category-sourcewise-sales:field-round-off,report:p1_main:05_performance:03_super_category_sourcewise_sales,field:round_off,exposes_field,exposes field,extracted,0.75,Derived schema candidate; local evidence references are excluded.
edge:exposes-field:report-p1-main-01-sales-analysis-11-daily-sales-sourcewise:field-roundoff,report:p1_main:01_sales_analysis:11_daily_sales_sourcewise,field:roundoff,exposes_field,exposes field,extracted,0.75,Derived schema candidate; local evidence references are excluded.
edge:exposes-field:report-p1-main-04-tax-analysis-05-tax-summary:field-roundoff,report:p1_main:04_tax_analysis:05_tax_summary,field:roundoff,exposes_field,exposes field,extracted,0.75,Derived schema candidate; local evidence references are excluded.
edge:exposes-field:report-p1-main-03-discounts-offers-07-offer-code-usage-report:field-s-no,report:p1_main:03_discounts_offers:07_offer_code_usage_report,field:s_no,exposes_field,exposes field,extracted,0.75,Derived schema candidate; local evidence references are excluded.
edge:exposes-field:report-p1-main-05-performance-02-category-analysis:field-s-no,report:p1_main:05_performance:02_category_analysis,field:s_no,exposes_field,exposes field,extracted,0.75,Derived schema candidate; local evidence references are excluded.
edge:exposes-field:report-p1-main-05-performance-07-itemwise-enterprise:field-s-no,report:p1_main:05_performance:07_itemwise_enterprise,field:s_no,exposes_field,exposes field,extracted,0.75,Derived schema candidate; local evidence references are excluded.
edge:exposes-field:report-p1-main-01-sales-analysis-01-outlet-sales:field-sale,report:p1_main:01_sales_analysis:01_outlet_sales,field:sale,exposes_field,exposes field,extracted,0.75,Derived schema candidate; local evidence references are excluded.
edge:exposes-field:report-p1-main-01-sales-analysis-03-hourly-sales-analysis:field-sale,report:p1_main:01_sales_analysis:03_hourly_sales_analysis,field:sale,exposes_field,exposes field,extracted,0.75,Derived schema candidate; local evidence references are excluded.
edge:exposes-field:report-p1-main-01-sales-analysis-08-daily-sales:field-sale,report:p1_main:01_sales_analysis:08_daily_sales,field:sale,exposes_field,exposes field,extracted,0.75,Derived schema candidate; local evidence references are excluded.
edge:exposes-field:report-p1-main-01-sales-analysis-10-daily-sales-tabwise:field-sale,report:p1_main:01_sales_analysis:10_daily_sales_tabwise,field:sale,exposes_field,exposes field,extracted,0.75,Derived schema candidate; local evidence references are excluded.
edge:exposes-field:report-p1-main-01-sales-analysis-11-daily-sales-sourcewise:field-sale,report:p1_main:01_sales_analysis:11_daily_sales_sourcewise,field:sale,exposes_field,exposes field,extracted,0.75,Derived schema candidate; local evidence references are excluded.
edge:exposes-field:report-p1-main-01-sales-analysis-12-daily-sales-with-categories:field-sale,report:p1_main:01_sales_analysis:12_daily_sales_with_categories,field:sale,exposes_field,exposes field,extracted,0.75,Derived schema candidate; local evidence references are excluded.
edge:exposes-field:report-p1-main-05-performance-03-super-category-sourcewise-sales:field-sale,report:p1_main:05_performance:03_super_category_sourcewise_sales,field:sale,exposes_field,exposes field,extracted,0.75,Derived schema candidate; local evidence references are excluded.
edge:exposes-field:report-p1-main-05-performance-04-super-category-tabwise-sourcewise:field-sale,report:p1_main:05_performance:04_super_category_tabwise_sourcewise,field:sale,exposes_field,exposes field,extracted,0.75,Derived schema candidate; local evidence references are excluded.
edge:exposes-field:report-p1-main-01-sales-analysis-07-consolidated-hourly-sales-tabwise:field-sales,report:p1_main:01_sales_analysis:07_consolidated_hourly_sales_tabwise,field:sales,exposes_field,exposes field,extracted,0.75,Derived schema candidate; local evidence references are excluded.
edge:exposes-field:report-p1-main-01-sales-analysis-09-daily-sales-analysis:field-sales,report:p1_main:01_sales_analysis:09_daily_sales_analysis,field:sales,exposes_field,exposes field,extracted,0.75,Derived schema candidate; local evidence references are excluded.
edge:exposes-field:report-p1-main-01-sales-analysis-21-section-sales-analysis:field-sales,report:p1_main:01_sales_analysis:21_section_sales_analysis,field:sales,exposes_field,exposes field,extracted,0.75,Derived schema candidate; local evidence references are excluded.
edge:exposes-field:report-p1-main-05-performance-13-brand-performance-report:field-sales,report:p1_main:05_performance:13_brand_performance_report,field:sales,exposes_field,exposes field,extracted,0.75,Derived schema candidate; local evidence references are excluded.
edge:exposes-field:report-p1-main-01-sales-analysis-12-daily-sales-with-categories:field-sandos,report:p1_main:01_sales_analysis:12_daily_sales_with_categories,field:sandos,exposes_field,exposes field,extracted,0.75,Derived schema candidate; local evidence references are excluded.
edge:exposes-field:report-p1-main-01-sales-analysis-19-sales-contribution:field-sandos,report:p1_main:01_sales_analysis:19_sales_contribution,field:sandos,exposes_field,exposes field,extracted,0.75,Derived schema candidate; local evidence references are excluded.
edge:exposes-field:report-p1-main-01-sales-analysis-12-daily-sales-with-categories:field-sandwich,report:p1_main:01_sales_analysis:12_daily_sales_with_categories,field:sandwich,exposes_field,exposes field,extracted,0.75,Derived schema candidate; local evidence references are excluded.
edge:exposes-field:report-p1-main-03-discounts-offers-11-complimentary-head-itemwise:field-section,report:p1_main:03_discounts_offers:11_complimentary_head_itemwise,field:section,exposes_field,exposes field,extracted,0.75,Derived schema candidate; local evidence references are excluded.
edge:exposes-field:report-p1-main-03-discounts-offers-12-consolidated-item-complimentary:field-segment,report:p1_main:03_discounts_offers:12_consolidated_item_complimentary,field:segment,exposes_field,exposes field,extracted,0.75,Derived schema candidate; local evidence references are excluded.
edge:exposes-field:report-p1-main-02-settlements-01-settlement-analysis:field-settlement,report:p1_main:02_settlements:01_settlement_analysis,field:settlement,exposes_field,exposes field,extracted,0.75,Derived schema candidate; local evidence references are excluded.
edge:exposes-field:report-p1-main-03-discounts-offers-05-discount-billwise-analysis:field-settlementmode,report:p1_main:03_discounts_offers:05_discount_billwise_analysis,field:settlementmode,exposes_field,exposes field,extracted,0.75,Derived schema candidate; local evidence references are excluded.
edge:exposes-field:report-p1-main-02-settlements-05-billwise-settlement-analysis:field-settlementmodesubtotal,report:p1_main:02_settlements:05_billwise_settlement_analysis,field:settlementmodesubtotal,exposes_field,exposes field,extracted,0.75,Derived schema candidate; local evidence references are excluded.
edge:exposes-field:report-p1-main-01-sales-analysis-08-daily-sales:field-sgst,report:p1_main:01_sales_analysis:08_daily_sales,field:sgst,exposes_field,exposes field,extracted,0.75,Derived schema candidate; local evidence references are excluded.
edge:exposes-field:report-p1-main-01-sales-analysis-12-daily-sales-with-categories:field-sgst,report:p1_main:01_sales_analysis:12_daily_sales_with_categories,field:sgst,exposes_field,exposes field,extracted,0.75,Derived schema candidate; local evidence references are excluded.
edge:exposes-field:report-p1-main-04-tax-analysis-05-tax-summary:field-sgst-gst-18,report:p1_main:04_tax_analysis:05_tax_summary,field:sgst_gst_18,exposes_field,exposes field,extracted,0.75,Derived schema candidate; local evidence references are excluded.
edge:exposes-field:report-p1-main-04-tax-analysis-05-tax-summary:field-sgst-gst-5,report:p1_main:04_tax_analysis:05_tax_summary,field:sgst_gst_5,exposes_field,exposes field,extracted,0.75,Derived schema candidate; local evidence references are excluded.
edge:exposes-field:report-p1-main-01-sales-analysis-12-daily-sales-with-categories:field-smoothie,report:p1_main:01_sales_analysis:12_daily_sales_with_categories,field:smoothie,exposes_field,exposes field,extracted,0.75,Derived schema candidate; local evidence references are excluded.
edge:exposes-field:report-p1-main-01-sales-analysis-19-sales-contribution:field-smoothie,report:p1_main:01_sales_analysis:19_sales_contribution,field:smoothie,exposes_field,exposes field,extracted,0.75,Derived schema candidate; local evidence references are excluded.
edge:exposes-field:report-p1-main-01-sales-analysis-11-daily-sales-sourcewise:field-source,report:p1_main:01_sales_analysis:11_daily_sales_sourcewise,field:source,exposes_field,exposes field,extracted,0.75,Derived schema candidate; local evidence references are excluded.
edge:exposes-field:report-p1-main-01-sales-analysis-14-hourly-sales-by-source:field-source,report:p1_main:01_sales_analysis:14_hourly_sales_by_source,field:source,exposes_field,exposes field,extracted,0.75,Derived schema candidate; local evidence references are excluded.
edge:exposes-field:report-p1-main-01-sales-analysis-23-source-wise-tab-wise-item-analysis:field-source,report:p1_main:01_sales_analysis:23_source_wise_tab_wise_item_analysis,field:source,exposes_field,exposes field,extracted,0.75,Derived schema candidate; local evidence references are excluded.
edge:exposes-field:report-p1-main-02-settlements-05-billwise-settlement-analysis:field-source,report:p1_main:02_settlements:05_billwise_settlement_analysis,field:source,exposes_field,exposes field,extracted,0.75,Derived schema candidate; local evidence references are excluded.
edge:exposes-field:report-p1-main-03-discounts-offers-02-daily-discount-billwise:field-source,report:p1_main:03_discounts_offers:02_daily_discount_billwise,field:source,exposes_field,exposes field,extracted,0.75,Derived schema candidate; local evidence references are excluded.
edge:exposes-field:report-p1-main-03-discounts-offers-05-discount-billwise-analysis:field-source,report:p1_main:03_discounts_offers:05_discount_billwise_analysis,field:source,exposes_field,exposes field,extracted,0.75,Derived schema candidate; local evidence references are excluded.
edge:exposes-field:report-p1-main-03-discounts-offers-08-discount-and-complimentary-analysi:field-source,report:p1_main:03_discounts_offers:08_discount_and_complimentary_analysi,field:source,exposes_field,exposes field,extracted,0.75,Derived schema candidate; local evidence references are excluded.
edge:exposes-field:report-p1-main-05-performance-03-super-category-sourcewise-sales:field-source,report:p1_main:05_performance:03_super_category_sourcewise_sales,field:source,exposes_field,exposes field,extracted,0.75,Derived schema candidate; local evidence references are excluded.
edge:exposes-field:report-p1-main-05-performance-06-item-source-report:field-source,report:p1_main:05_performance:06_item_source_report,field:source,exposes_field,exposes field,extracted,0.75,Derived schema candidate; local evidence references are excluded.
edge:exposes-field:report-p1-main-01-sales-analysis-12-daily-sales-with-categories:field-sourdough,report:p1_main:01_sales_analysis:12_daily_sales_with_categories,field:sourdough,exposes_field,exposes field,extracted,0.75,Derived schema candidate; local evidence references are excluded.
edge:exposes-field:report-p1-main-01-sales-analysis-19-sales-contribution:field-sourdough-sandwich,report:p1_main:01_sales_analysis:19_sales_contribution,field:sourdough_sandwich,exposes_field,exposes field,extracted,0.75,Derived schema candidate; local evidence references are excluded.
edge:exposes-field:report-p1-main-01-sales-analysis-12-daily-sales-with-categories:field-specialty,report:p1_main:01_sales_analysis:12_daily_sales_with_categories,field:specialty,exposes_field,exposes field,extracted,0.75,Derived schema candidate; local evidence references are excluded.
edge:exposes-field:report-p1-main-01-sales-analysis-19-sales-contribution:field-specialty-coffee,report:p1_main:01_sales_analysis:19_sales_contribution,field:specialty_coffee,exposes_field,exposes field,extracted,0.75,Derived schema candidate; local evidence references are excluded.
edge:exposes-field:report-p1-main-01-sales-analysis-12-daily-sales-with-categories:field-stationery,report:p1_main:01_sales_analysis:12_daily_sales_with_categories,field:stationery,exposes_field,exposes field,extracted,0.75,Derived schema candidate; local evidence references are excluded.
edge:exposes-field:report-p1-main-01-sales-analysis-19-sales-contribution:field-stationery,report:p1_main:01_sales_analysis:19_sales_contribution,field:stationery,exposes_field,exposes field,extracted,0.75,Derived schema candidate; local evidence references are excluded.
edge:exposes-field:report-p1-main-01-sales-analysis-21-section-sales-analysis:field-storeid,report:p1_main:01_sales_analysis:21_section_sales_analysis,field:storeid,exposes_field,exposes field,extracted,0.75,Derived schema candidate; local evidence references are excluded.
edge:exposes-field:report-p1-main-02-settlements-03-daily-payments-breakup:field-storeid,report:p1_main:02_settlements:03_daily_payments_breakup,field:storeid,exposes_field,exposes field,extracted,0.75,Derived schema candidate; local evidence references are excluded.
edge:exposes-field:report-p1-main-04-tax-analysis-05-tax-summary:field-storeld,report:p1_main:04_tax_analysis:05_tax_summary,field:storeld,exposes_field,exposes field,extracted,0.75,Derived schema candidate; local evidence references are excluded.
edge:exposes-field:report-p1-main-02-settlements-05-billwise-settlement-analysis:field-storename,report:p1_main:02_settlements:05_billwise_settlement_analysis,field:storename,exposes_field,exposes field,extracted,0.75,Derived schema candidate; local evidence references are excluded.
edge:exposes-field:report-p1-main-01-sales-analysis-23-source-wise-tab-wise-item-analysis:field-subtotal,report:p1_main:01_sales_analysis:23_source_wise_tab_wise_item_analysis,field:subtotal,exposes_field,exposes field,extracted,0.75,Derived schema candidate; local evidence references are excluded.
edge:exposes-field:report-p1-main-03-discounts-offers-04-offer-budget:field-subtotal,report:p1_main:03_discounts_offers:04_offer_budget,field:subtotal,exposes_field,exposes field,extracted,0.75,Derived schema candidate; local evidence references are excluded.
edge:exposes-field:report-p1-main-03-discounts-offers-05-discount-billwise-analysis:field-subtotal,report:p1_main:03_discounts_offers:05_discount_billwise_analysis,field:subtotal,exposes_field,exposes field,extracted,0.75,Derived schema candidate; local evidence references are excluded.
edge:exposes-field:report-p1-main-03-discounts-offers-08-discount-and-complimentary-analysi:field-subtotal,report:p1_main:03_discounts_offers:08_discount_and_complimentary_analysi,field:subtotal,exposes_field,exposes field,extracted,0.75,Derived schema candidate; local evidence references are excluded.
edge:exposes-field:report-p1-main-05-performance-08-tab-wise-item-analysis:field-subtotal,report:p1_main:05_performance:08_tab_wise_item_analysis,field:subtotal,exposes_field,exposes field,extracted,0.75,Derived schema candidate; local evidence references are excluded.
edge:exposes-field:report-p1-main-05-performance-09-item-incidence:field-subtotal,report:p1_main:05_performance:09_item_incidence,field:subtotal,exposes_field,exposes field,extracted,0.75,Derived schema candidate; local evidence references are excluded.
edge:exposes-field:report-p1-main-01-sales-analysis-17-day-part-product-detailed:field-super-category,report:p1_main:01_sales_analysis:17_day_part_product_detailed,field:super_category,exposes_field,exposes field,extracted,0.75,Derived schema candidate; local evidence references are excluded.
edge:exposes-field:report-p1-main-05-performance-03-super-category-sourcewise-sales:field-super-category,report:p1_main:05_performance:03_super_category_sourcewise_sales,field:super_category,exposes_field,exposes field,extracted,0.75,Derived schema candidate; local evidence references are excluded.
edge:exposes-field:report-p1-main-05-performance-09-item-incidence:field-super-category-category-name,report:p1_main:05_performance:09_item_incidence,field:super_category_category_name,exposes_field,exposes field,extracted,0.75,Derived schema candidate; local evidence references are excluded.
edge:exposes-field:report-p1-main-01-sales-analysis-23-source-wise-tab-wise-item-analysis:field-super-categoryname,report:p1_main:01_sales_analysis:23_source_wise_tab_wise_item_analysis,field:super_categoryname,exposes_field,exposes field,extracted,0.75,Derived schema candidate; local evidence references are excluded.
edge:exposes-field:report-p1-main-05-performance-08-tab-wise-item-analysis:field-super-categoryname,report:p1_main:05_performance:08_tab_wise_item_analysis,field:super_categoryname,exposes_field,exposes field,extracted,0.75,Derived schema candidate; local evidence references are excluded.
edge:exposes-field:report-p1-main-05-performance-04-super-category-tabwise-sourcewise:field-super-categorytab-name-source,report:p1_main:05_performance:04_super_category_tabwise_sourcewise,field:super_categorytab_name_source,exposes_field,exposes field,extracted,0.75,Derived schema candidate; local evidence references are excluded.
edge:exposes-field:report-p1-main-01-sales-analysis-05-daily-item-sales-analysis:field-supercategory,report:p1_main:01_sales_analysis:05_daily_item_sales_analysis,field:supercategory,exposes_field,exposes field,extracted,0.75,Derived schema candidate; local evidence references are excluded.
edge:exposes-field:report-p1-main-01-sales-analysis-16-day-part-product-sales:field-supercategory,report:p1_main:01_sales_analysis:16_day_part_product_sales,field:supercategory,exposes_field,exposes field,extracted,0.75,Derived schema candidate; local evidence references are excluded.
edge:exposes-field:report-p1-main-04-tax-analysis-03-super-category-wise-daily-taxes:field-supercategory,report:p1_main:04_tax_analysis:03_super_category_wise_daily_taxes,field:supercategory,exposes_field,exposes field,extracted,0.75,Derived schema candidate; local evidence references are excluded.
edge:exposes-field:report-p1-main-04-tax-analysis-04-super-category-wise-no-vat:field-supercategory,report:p1_main:04_tax_analysis:04_super_category_wise_no_vat,field:supercategory,exposes_field,exposes field,extracted,0.75,Derived schema candidate; local evidence references are excluded.
edge:exposes-field:report-p1-main-05-performance-01-menu-mix:field-supercategory,report:p1_main:05_performance:01_menu_mix,field:supercategory,exposes_field,exposes field,extracted,0.75,Derived schema candidate; local evidence references are excluded.
edge:exposes-field:report-p1-main-05-performance-05-item-analysis:field-supercategoryname,report:p1_main:05_performance:05_item_analysis,field:supercategoryname,exposes_field,exposes field,extracted,0.75,Derived schema candidate; local evidence references are excluded.
edge:exposes-field:report-p1-main-05-performance-06-item-source-report:field-supercategorynamerate,report:p1_main:05_performance:06_item_source_report,field:supercategorynamerate,exposes_field,exposes field,extracted,0.75,Derived schema candidate; local evidence references are excluded.
edge:exposes-field:report-p1-main-01-sales-analysis-21-section-sales-analysis:field-swiggy,report:p1_main:01_sales_analysis:21_section_sales_analysis,field:swiggy,exposes_field,exposes field,extracted,0.75,Derived schema candidate; local evidence references are excluded.
edge:exposes-field:report-p1-main-01-sales-analysis-22-source-analysis-summary:field-swiggy,report:p1_main:01_sales_analysis:22_source_analysis_summary,field:swiggy,exposes_field,exposes field,extracted,0.75,Derived schema candidate; local evidence references are excluded.
edge:exposes-field:report-p1-main-02-settlements-01-settlement-analysis:field-swiggy,report:p1_main:02_settlements:01_settlement_analysis,field:swiggy,exposes_field,exposes field,extracted,0.75,Derived schema candidate; local evidence references are excluded.
edge:exposes-field:report-p1-main-02-settlements-02-settlement-analysis-consolidated:field-swiggy,report:p1_main:02_settlements:02_settlement_analysis_consolidated,field:swiggy,exposes_field,exposes field,extracted,0.75,Derived schema candidate; local evidence references are excluded.
edge:exposes-field:report-p1-main-02-settlements-03-daily-payments-breakup:field-swiggy,report:p1_main:02_settlements:03_daily_payments_breakup,field:swiggy,exposes_field,exposes field,extracted,0.75,Derived schema candidate; local evidence references are excluded.
edge:exposes-field:report-p1-main-02-settlements-04-daily-payments-breakup-consolidate:field-swiggy,report:p1_main:02_settlements:04_daily_payments_breakup_consolidate,field:swiggy,exposes_field,exposes field,extracted,0.75,Derived schema candidate; local evidence references are excluded.
edge:exposes-field:report-p1-main-01-sales-analysis-07-consolidated-hourly-sales-tabwise:field-tab,report:p1_main:01_sales_analysis:07_consolidated_hourly_sales_tabwise,field:tab,exposes_field,exposes field,extracted,0.75,Derived schema candidate; local evidence references are excluded.
edge:exposes-field:report-p1-main-01-sales-analysis-20-billwise-section-sales-analysis:field-tab,report:p1_main:01_sales_analysis:20_billwise_section_sales_analysis,field:tab,exposes_field,exposes field,extracted,0.75,Derived schema candidate; local evidence references are excluded.
edge:exposes-field:report-p1-main-03-discounts-offers-08-discount-and-complimentary-analysi:field-tab,report:p1_main:03_discounts_offers:08_discount_and_complimentary_analysi,field:tab,exposes_field,exposes field,extracted,0.75,Derived schema candidate; local evidence references are excluded.
edge:exposes-field:report-p1-main-05-performance-06-item-source-report:field-tab,report:p1_main:05_performance:06_item_source_report,field:tab,exposes_field,exposes field,extracted,0.75,Derived schema candidate; local evidence references are excluded.
edge:exposes-field:report-p1-main-03-discounts-offers-05-discount-billwise-analysis:field-tab-name,report:p1_main:03_discounts_offers:05_discount_billwise_analysis,field:tab_name,exposes_field,exposes field,extracted,0.75,Derived schema candidate; local evidence references are excluded.
edge:exposes-field:report-p1-main-05-performance-15-meal-count-report:field-tab-name,report:p1_main:05_performance:15_meal_count_report,field:tab_name,exposes_field,exposes field,extracted,0.75,Derived schema candidate; local evidence references are excluded.
edge:exposes-field:report-p1-main-05-performance-08-tab-wise-item-analysis:field-tab-name-item-code-section,report:p1_main:05_performance:08_tab_wise_item_analysis,field:tab_name_item_code_section,exposes_field,exposes field,extracted,0.75,Derived schema candidate; local evidence references are excluded.
edge:exposes-field:report-p1-main-01-sales-analysis-17-day-part-product-detailed:field-tab-name-section,report:p1_main:01_sales_analysis:17_day_part_product_detailed,field:tab_name_section,exposes_field,exposes field,extracted,0.75,Derived schema candidate; local evidence references are excluded.
edge:exposes-field:report-p1-main-01-sales-analysis-02-brand-order-type-sales:field-table,report:p1_main:01_sales_analysis:02_brand_order_type_sales,field:table,exposes_field,exposes field,extracted,0.75,Derived schema candidate; local evidence references are excluded.
edge:exposes-field:report-p1-main-05-performance-12-brand-performance-section-wise:field-table,report:p1_main:05_performance:12_brand_performance_section_wise,field:table,exposes_field,exposes field,extracted,0.75,Derived schema candidate; local evidence references are excluded.
edge:exposes-field:report-p1-main-05-performance-13-brand-performance-report:field-table,report:p1_main:05_performance:13_brand_performance_report,field:table,exposes_field,exposes field,extracted,0.75,Derived schema candidate; local evidence references are excluded.
edge:exposes-field:report-p1-main-01-sales-analysis-19-sales-contribution:field-table-sales,report:p1_main:01_sales_analysis:19_sales_contribution,field:table_sales,exposes_field,exposes field,extracted,0.75,Derived schema candidate; local evidence references are excluded.
edge:exposes-field:report-p1-main-05-performance-12-brand-performance-section-wise:field-tablesales,report:p1_main:05_performance:12_brand_performance_section_wise,field:tablesales,exposes_field,exposes field,extracted,0.75,Derived schema candidate; local evidence references are excluded.
edge:exposes-field:report-p1-main-01-sales-analysis-23-source-wise-tab-wise-item-analysis:field-tabnameitemcode-section,report:p1_main:01_sales_analysis:23_source_wise_tab_wise_item_analysis,field:tabnameitemcode_section,exposes_field,exposes field,extracted,0.75,Derived schema candidate; local evidence references are excluded.
edge:exposes-field:report-p1-main-01-sales-analysis-10-daily-sales-tabwise:field-tabs,report:p1_main:01_sales_analysis:10_daily_sales_tabwise,field:tabs,exposes_field,exposes field,extracted,0.75,Derived schema candidate; local evidence references are excluded.
edge:exposes-field:report-p1-main-03-discounts-offers-02-daily-discount-billwise:field-tabtype,report:p1_main:03_discounts_offers:02_daily_discount_billwise,field:tabtype,exposes_field,exposes field,extracted,0.75,Derived schema candidate; local evidence references are excluded.
edge:exposes-field:report-p1-main-05-performance-11-tab-wise-analysis:field-takeaway,report:p1_main:05_performance:11_tab_wise_analysis,field:takeaway,exposes_field,exposes field,extracted,0.75,Derived schema candidate; local evidence references are excluded.
edge:exposes-field:report-p1-main-01-sales-analysis-02-brand-order-type-sales:field-takeout,report:p1_main:01_sales_analysis:02_brand_order_type_sales,field:takeout,exposes_field,exposes field,extracted,0.75,Derived schema candidate; local evidence references are excluded.
edge:exposes-field:report-p1-main-05-performance-12-brand-performance-section-wise:field-takeout,report:p1_main:05_performance:12_brand_performance_section_wise,field:takeout,exposes_field,exposes field,extracted,0.75,Derived schema candidate; local evidence references are excluded.
edge:exposes-field:report-p1-main-05-performance-13-brand-performance-report:field-takeout,report:p1_main:05_performance:13_brand_performance_report,field:takeout,exposes_field,exposes field,extracted,0.75,Derived schema candidate; local evidence references are excluded.
edge:exposes-field:report-p1-main-01-sales-analysis-19-sales-contribution:field-takeoutsales,report:p1_main:01_sales_analysis:19_sales_contribution,field:takeoutsales,exposes_field,exposes field,extracted,0.75,Derived schema candidate; local evidence references are excluded.
edge:exposes-field:report-p1-main-05-performance-12-brand-performance-section-wise:field-takeoutsales,report:p1_main:05_performance:12_brand_performance_section_wise,field:takeoutsales,exposes_field,exposes field,extracted,0.75,Derived schema candidate; local evidence references are excluded.
edge:exposes-field:report-p1-main-01-sales-analysis-01-outlet-sales:field-tax,report:p1_main:01_sales_analysis:01_outlet_sales,field:tax,exposes_field,exposes field,extracted,0.75,Derived schema candidate; local evidence references are excluded.
edge:exposes-field:report-p1-main-01-sales-analysis-08-daily-sales:field-tax,report:p1_main:01_sales_analysis:08_daily_sales,field:tax,exposes_field,exposes field,extracted,0.75,Derived schema candidate; local evidence references are excluded.
edge:exposes-field:report-p1-main-01-sales-analysis-12-daily-sales-with-categories:field-tax,report:p1_main:01_sales_analysis:12_daily_sales_with_categories,field:tax,exposes_field,exposes field,extracted,0.75,Derived schema candidate; local evidence references are excluded.
edge:exposes-field:report-p1-main-03-discounts-offers-02-daily-discount-billwise:field-tax,report:p1_main:03_discounts_offers:02_daily_discount_billwise,field:tax,exposes_field,exposes field,extracted,0.75,Derived schema candidate; local evidence references are excluded.
edge:exposes-field:report-p1-main-04-tax-analysis-01-daily-tax-analysis:field-taxableamount,report:p1_main:04_tax_analysis:01_daily_tax_analysis,field:taxableamount,exposes_field,exposes field,extracted,0.75,Derived schema candidate; local evidence references are excluded.
edge:exposes-field:report-p1-main-04-tax-analysis-03-super-category-wise-daily-taxes:field-taxableamount,report:p1_main:04_tax_analysis:03_super_category_wise_daily_taxes,field:taxableamount,exposes_field,exposes field,extracted,0.75,Derived schema candidate; local evidence references are excluded.
edge:exposes-field:report-p1-main-04-tax-analysis-01-daily-tax-analysis:field-taxamount,report:p1_main:04_tax_analysis:01_daily_tax_analysis,field:taxamount,exposes_field,exposes field,extracted,0.75,Derived schema candidate; local evidence references are excluded.
edge:exposes-field:report-p1-main-04-tax-analysis-03-super-category-wise-daily-taxes:field-taxamount,report:p1_main:04_tax_analysis:03_super_category_wise_daily_taxes,field:taxamount,exposes_field,exposes field,extracted,0.75,Derived schema candidate; local evidence references are excluded.
edge:exposes-field:report-p1-main-03-discounts-offers-04-offer-budget:field-taxes,report:p1_main:03_discounts_offers:04_offer_budget,field:taxes,exposes_field,exposes field,extracted,0.75,Derived schema candidate; local evidence references are excluded.
edge:exposes-field:report-p1-main-04-tax-analysis-01-daily-tax-analysis:field-taxname,report:p1_main:04_tax_analysis:01_daily_tax_analysis,field:taxname,exposes_field,exposes field,extracted,0.75,Derived schema candidate; local evidence references are excluded.
edge:exposes-field:report-p1-main-04-tax-analysis-03-super-category-wise-daily-taxes:field-taxname,report:p1_main:04_tax_analysis:03_super_category_wise_daily_taxes,field:taxname,exposes_field,exposes field,extracted,0.75,Derived schema candidate; local evidence references are excluded.
edge:exposes-field:report-p1-main-01-sales-analysis-12-daily-sales-with-categories:field-tea,report:p1_main:01_sales_analysis:12_daily_sales_with_categories,field:tea,exposes_field,exposes field,extracted,0.75,Derived schema candidate; local evidence references are excluded.
edge:exposes-field:report-p1-main-01-sales-analysis-19-sales-contribution:field-tea-cake,report:p1_main:01_sales_analysis:19_sales_contribution,field:tea_cake,exposes_field,exposes field,extracted,0.75,Derived schema candidate; local evidence references are excluded.
edge:exposes-field:report-p1-main-01-sales-analysis-07-consolidated-hourly-sales-tabwise:field-time-slot,report:p1_main:01_sales_analysis:07_consolidated_hourly_sales_tabwise,field:time_slot,exposes_field,exposes field,extracted,0.75,Derived schema candidate; local evidence references are excluded.
edge:exposes-field:report-p1-main-01-sales-analysis-06-consolidated-hourly-sales:field-timeslot,report:p1_main:01_sales_analysis:06_consolidated_hourly_sales,field:timeslot,exposes_field,exposes field,extracted,0.75,Derived schema candidate; local evidence references are excluded.
edge:exposes-field:report-p1-main-02-settlements-01-settlement-analysis:field-tip,report:p1_main:02_settlements:01_settlement_analysis,field:tip,exposes_field,exposes field,extracted,0.75,Derived schema candidate; local evidence references are excluded.
edge:exposes-field:report-p1-main-02-settlements-05-billwise-settlement-analysis:field-tip-amount,report:p1_main:02_settlements:05_billwise_settlement_analysis,field:tip_amount,exposes_field,exposes field,extracted,0.75,Derived schema candidate; local evidence references are excluded.
edge:exposes-field:report-p1-main-01-sales-analysis-12-daily-sales-with-categories:field-toasts,report:p1_main:01_sales_analysis:12_daily_sales_with_categories,field:toasts,exposes_field,exposes field,extracted,0.75,Derived schema candidate; local evidence references are excluded.
edge:exposes-field:report-p1-main-01-sales-analysis-19-sales-contribution:field-toasts,report:p1_main:01_sales_analysis:19_sales_contribution,field:toasts,exposes_field,exposes field,extracted,0.75,Derived schema candidate; local evidence references are excluded.
edge:exposes-field:report-p1-main-01-sales-analysis-03-hourly-sales-analysis:field-total,report:p1_main:01_sales_analysis:03_hourly_sales_analysis,field:total,exposes_field,exposes field,extracted,0.75,Derived schema candidate; local evidence references are excluded.
edge:exposes-field:report-p1-main-01-sales-analysis-08-daily-sales:field-total,report:p1_main:01_sales_analysis:08_daily_sales,field:total,exposes_field,exposes field,extracted,0.75,Derived schema candidate; local evidence references are excluded.
edge:exposes-field:report-p1-main-01-sales-analysis-12-daily-sales-with-categories:field-total,report:p1_main:01_sales_analysis:12_daily_sales_with_categories,field:total,exposes_field,exposes field,extracted,0.75,Derived schema candidate; local evidence references are excluded.
edge:exposes-field:report-p1-main-02-settlements-01-settlement-analysis:field-total,report:p1_main:02_settlements:01_settlement_analysis,field:total,exposes_field,exposes field,extracted,0.75,Derived schema candidate; local evidence references are excluded.
edge:exposes-field:report-p1-main-02-settlements-04-daily-payments-breakup-consolidate:field-total,report:p1_main:02_settlements:04_daily_payments_breakup_consolidate,field:total,exposes_field,exposes field,extracted,0.75,Derived schema candidate; local evidence references are excluded.
edge:exposes-field:report-p1-main-05-performance-11-tab-wise-analysis:field-total,report:p1_main:05_performance:11_tab_wise_analysis,field:total,exposes_field,exposes field,extracted,0.75,Derived schema candidate; local evidence references are excluded.
edge:exposes-field:report-p1-main-05-performance-13-brand-performance-report:field-total,report:p1_main:05_performance:13_brand_performance_report,field:total,exposes_field,exposes field,extracted,0.75,Derived schema candidate; local evidence references are excluded.
edge:exposes-field:report-p1-main-05-performance-03-super-category-sourcewise-sales:field-total-amount,report:p1_main:05_performance:03_super_category_sourcewise_sales,field:total_amount,exposes_field,exposes field,extracted,0.75,Derived schema candidate; local evidence references are excluded.
edge:exposes-field:report-p1-main-01-sales-analysis-01-outlet-sales:field-total-bills,report:p1_main:01_sales_analysis:01_outlet_sales,field:total_bills,exposes_field,exposes field,extracted,0.75,Derived schema candidate; local evidence references are excluded.
edge:exposes-field:report-p1-main-01-sales-analysis-10-daily-sales-tabwise:field-total-charges,report:p1_main:01_sales_analysis:10_daily_sales_tabwise,field:total_charges,exposes_field,exposes field,extracted,0.75,Derived schema candidate; local evidence references are excluded.
edge:exposes-field:report-p1-main-01-sales-analysis-04-hourly-item-sales-analysis:field-total-discount,report:p1_main:01_sales_analysis:04_hourly_item_sales_analysis,field:total_discount,exposes_field,exposes field,extracted,0.75,Derived schema candidate; local evidence references are excluded.
edge:exposes-field:report-p1-main-01-sales-analysis-15-day-part-sales:field-total-gross-sale,report:p1_main:01_sales_analysis:15_day_part_sales,field:total_gross_sale,exposes_field,exposes field,extracted,0.75,Derived schema candidate; local evidence references are excluded.
edge:exposes-field:report-p1-main-01-sales-analysis-01-outlet-sales:field-total-net-sales,report:p1_main:01_sales_analysis:01_outlet_sales,field:total_net_sales,exposes_field,exposes field,extracted,0.75,Derived schema candidate; local evidence references are excluded.
edge:exposes-field:report-p1-main-05-performance-15-meal-count-report:field-total-price,report:p1_main:05_performance:15_meal_count_report,field:total_price,exposes_field,exposes field,extracted,0.75,Derived schema candidate; local evidence references are excluded.
edge:exposes-field:report-p1-main-01-sales-analysis-17-day-part-product-detailed:field-total-qty,report:p1_main:01_sales_analysis:17_day_part_product_detailed,field:total_qty,exposes_field,exposes field,extracted,0.75,Derived schema candidate; local evidence references are excluded.
edge:exposes-field:report-p1-main-01-sales-analysis-23-source-wise-tab-wise-item-analysis:field-total-qty,report:p1_main:01_sales_analysis:23_source_wise_tab_wise_item_analysis,field:total_qty,exposes_field,exposes field,extracted,0.75,Derived schema candidate; local evidence references are excluded.
edge:exposes-field:report-p1-main-05-performance-08-tab-wise-item-analysis:field-total-qty,report:p1_main:05_performance:08_tab_wise_item_analysis,field:total_qty,exposes_field,exposes field,extracted,0.75,Derived schema candidate; local evidence references are excluded.
edge:exposes-field:report-p1-main-01-sales-analysis-07-consolidated-hourly-sales-tabwise:field-total-tax,report:p1_main:01_sales_analysis:07_consolidated_hourly_sales_tabwise,field:total_tax,exposes_field,exposes field,extracted,0.75,Derived schema candidate; local evidence references are excluded.
edge:exposes-field:report-p1-main-05-performance-06-item-source-report:field-total-taxgrossamount,report:p1_main:05_performance:06_item_source_report,field:total_taxgrossamount,exposes_field,exposes field,extracted,0.75,Derived schema candidate; local evidence references are excluded.
edge:exposes-field:report-p1-main-05-performance-04-super-category-tabwise-sourcewise:field-total-taxtotalamountround-off-gross-amount,report:p1_main:05_performance:04_super_category_tabwise_sourcewise,field:total_taxtotalamountround_off_gross_amount,exposes_field,exposes field,extracted,0.75,Derived schema candidate; local evidence references are excluded.
edge:exposes-field:report-p1-main-01-sales-analysis-10-daily-sales-tabwise:field-totalamount,report:p1_main:01_sales_analysis:10_daily_sales_tabwise,field:totalamount,exposes_field,exposes field,extracted,0.75,Derived schema candidate; local evidence references are excluded.
edge:exposes-field:report-p1-main-01-sales-analysis-11-daily-sales-sourcewise:field-totalamount,report:p1_main:01_sales_analysis:11_daily_sales_sourcewise,field:totalamount,exposes_field,exposes field,extracted,0.75,Derived schema candidate; local evidence references are excluded.
edge:exposes-field:report-p1-main-01-sales-analysis-07-consolidated-hourly-sales-tabwise:field-totalcharges,report:p1_main:01_sales_analysis:07_consolidated_hourly_sales_tabwise,field:totalcharges,exposes_field,exposes field,extracted,0.75,Derived schema candidate; local evidence references are excluded.
edge:exposes-field:report-p1-main-01-sales-analysis-22-source-analysis-summary:field-totalorders,report:p1_main:01_sales_analysis:22_source_analysis_summary,field:totalorders,exposes_field,exposes field,extracted,0.75,Derived schema candidate; local evidence references are excluded.
edge:exposes-field:report-p1-main-01-sales-analysis-22-source-analysis-summary:field-totalsale,report:p1_main:01_sales_analysis:22_source_analysis_summary,field:totalsale,exposes_field,exposes field,extracted,0.75,Derived schema candidate; local evidence references are excluded.
edge:exposes-field:report-p1-main-02-settlements-02-settlement-analysis-consolidated:field-totalsettlement,report:p1_main:02_settlements:02_settlement_analysis_consolidated,field:totalsettlement,exposes_field,exposes field,extracted,0.75,Derived schema candidate; local evidence references are excluded.
edge:exposes-field:report-p1-main-01-sales-analysis-02-brand-order-type-sales:field-totaltax,report:p1_main:01_sales_analysis:02_brand_order_type_sales,field:totaltax,exposes_field,exposes field,extracted,0.75,Derived schema candidate; local evidence references are excluded.
edge:exposes-field:report-p1-main-01-sales-analysis-10-daily-sales-tabwise:field-totaltax,report:p1_main:01_sales_analysis:10_daily_sales_tabwise,field:totaltax,exposes_field,exposes field,extracted,0.75,Derived schema candidate; local evidence references are excluded.
edge:exposes-field:report-p1-main-01-sales-analysis-11-daily-sales-sourcewise:field-totaltax,report:p1_main:01_sales_analysis:11_daily_sales_sourcewise,field:totaltax,exposes_field,exposes field,extracted,0.75,Derived schema candidate; local evidence references are excluded.
edge:exposes-field:report-p1-main-01-sales-analysis-17-day-part-product-detailed:field-totaltax,report:p1_main:01_sales_analysis:17_day_part_product_detailed,field:totaltax,exposes_field,exposes field,extracted,0.75,Derived schema candidate; local evidence references are excluded.
edge:exposes-field:report-p1-main-01-sales-analysis-23-source-wise-tab-wise-item-analysis:field-totaltax,report:p1_main:01_sales_analysis:23_source_wise_tab_wise_item_analysis,field:totaltax,exposes_field,exposes field,extracted,0.75,Derived schema candidate; local evidence references are excluded.
edge:exposes-field:report-p1-main-05-performance-05-item-analysis:field-totaltax,report:p1_main:05_performance:05_item_analysis,field:totaltax,exposes_field,exposes field,extracted,0.75,Derived schema candidate; local evidence references are excluded.
edge:exposes-field:report-p1-main-03-discounts-offers-07-offer-code-usage-report:field-totalusage,report:p1_main:03_discounts_offers:07_offer_code_usage_report,field:totalusage,exposes_field,exposes field,extracted,0.75,Derived schema candidate; local evidence references are excluded.
edge:exposes-field:report-p1-main-01-sales-analysis-09-daily-sales-analysis:field-transactiongrowth,report:p1_main:01_sales_analysis:09_daily_sales_analysis,field:transactiongrowth,exposes_field,exposes field,extracted,0.75,Derived schema candidate; local evidence references are excluded.
edge:exposes-field:report-p1-main-02-settlements-05-billwise-settlement-analysis:field-transactionnumber,report:p1_main:02_settlements:05_billwise_settlement_analysis,field:transactionnumber,exposes_field,exposes field,extracted,0.75,Derived schema candidate; local evidence references are excluded.
edge:exposes-field:report-p1-main-04-tax-analysis-05-tax-summary:field-ttr,report:p1_main:04_tax_analysis:05_tax_summary,field:ttr,exposes_field,exposes field,extracted,0.75,Derived schema candidate; local evidence references are excluded.
edge:exposes-field:report-p1-main-01-sales-analysis-21-section-sales-analysis:field-undefined,report:p1_main:01_sales_analysis:21_section_sales_analysis,field:undefined,exposes_field,exposes field,extracted,0.75,Derived schema candidate; local evidence references are excluded.
edge:exposes-field:report-p1-main-03-discounts-offers-07-offer-code-usage-report:field-unused,report:p1_main:03_discounts_offers:07_offer_code_usage_report,field:unused,exposes_field,exposes field,extracted,0.75,Derived schema candidate; local evidence references are excluded.
edge:exposes-field:report-p1-main-02-settlements-04-daily-payments-breakup-consolidate:field-upi,report:p1_main:02_settlements:04_daily_payments_breakup_consolidate,field:upi,exposes_field,exposes field,extracted,0.75,Derived schema candidate; local evidence references are excluded.
edge:exposes-field:report-p1-main-03-discounts-offers-07-offer-code-usage-report:field-used,report:p1_main:03_discounts_offers:07_offer_code_usage_report,field:used,exposes_field,exposes field,extracted,0.75,Derived schema candidate; local evidence references are excluded.
edge:exposes-field:report-p1-main-03-discounts-offers-05-discount-billwise-analysis:field-user,report:p1_main:03_discounts_offers:05_discount_billwise_analysis,field:user,exposes_field,exposes field,extracted,0.75,Derived schema candidate; local evidence references are excluded.
edge:exposes-field:report-p1-main-03-discounts-offers-08-discount-and-complimentary-analysi:field-user,report:p1_main:03_discounts_offers:08_discount_and_complimentary_analysi,field:user,exposes_field,exposes field,extracted,0.75,Derived schema candidate; local evidence references are excluded.
edge:exposes-field:report-p1-main-01-sales-analysis-21-section-sales-analysis:field-visa,report:p1_main:01_sales_analysis:21_section_sales_analysis,field:visa,exposes_field,exposes field,extracted,0.75,Derived schema candidate; local evidence references are excluded.
edge:exposes-field:report-p1-main-01-sales-analysis-12-daily-sales-with-categories:field-water,report:p1_main:01_sales_analysis:12_daily_sales_with_categories,field:water,exposes_field,exposes field,extracted,0.75,Derived schema candidate; local evidence references are excluded.
edge:exposes-field:report-p1-main-01-sales-analysis-20-billwise-section-sales-analysis:field-week,report:p1_main:01_sales_analysis:20_billwise_section_sales_analysis,field:week,exposes_field,exposes field,extracted,0.75,Derived schema candidate; local evidence references are excluded.
edge:exposes-field:report-p1-main-01-sales-analysis-12-daily-sales-with-categories:field-wellness,report:p1_main:01_sales_analysis:12_daily_sales_with_categories,field:wellness,exposes_field,exposes field,extracted,0.75,Derived schema candidate; local evidence references are excluded.
edge:exposes-field:report-p1-main-01-sales-analysis-19-sales-contribution:field-wellness-tea,report:p1_main:01_sales_analysis:19_sales_contribution,field:wellness_tea,exposes_field,exposes field,extracted,0.75,Derived schema candidate; local evidence references are excluded.
edge:exposes-field:report-p1-main-01-sales-analysis-08-daily-sales:field-with,report:p1_main:01_sales_analysis:08_daily_sales,field:with,exposes_field,exposes field,extracted,0.75,Derived schema candidate; local evidence references are excluded.
edge:exposes-field:report-p1-main-01-sales-analysis-09-daily-sales-analysis:field-wow-cw-pw,report:p1_main:01_sales_analysis:09_daily_sales_analysis,field:wow_cw_pw,exposes_field,exposes field,extracted,0.75,Derived schema candidate; local evidence references are excluded.
edge:exposes-field:report-p1-main-01-sales-analysis-09-daily-sales-analysis:field-wtd-cw-pw,report:p1_main:01_sales_analysis:09_daily_sales_analysis,field:wtd_cw_pw,exposes_field,exposes field,extracted,0.75,Derived schema candidate; local evidence references are excluded.
edge:exposes-field:report-p1-main-01-sales-analysis-09-daily-sales-analysis:field-ytd,report:p1_main:01_sales_analysis:09_daily_sales_analysis,field:ytd,exposes_field,exposes field,extracted,0.75,Derived schema candidate; local evidence references are excluded.
edge:exposes-field:report-p1-main-01-sales-analysis-09-daily-sales-analysis:field-ytd-cy-py,report:p1_main:01_sales_analysis:09_daily_sales_analysis,field:ytd_cy_py,exposes_field,exposes field,extracted,0.75,Derived schema candidate; local evidence references are excluded.
edge:exposes-field:report-p1-main-01-sales-analysis-21-section-sales-analysis:field-zomato,report:p1_main:01_sales_analysis:21_section_sales_analysis,field:zomato,exposes_field,exposes field,extracted,0.75,Derived schema candidate; local evidence references are excluded.
edge:exposes-field:report-p1-main-01-sales-analysis-22-source-analysis-summary:field-zomato,report:p1_main:01_sales_analysis:22_source_analysis_summary,field:zomato,exposes_field,exposes field,extracted,0.75,Derived schema candidate; local evidence references are excluded.
edge:exposes-field:report-p1-main-02-settlements-01-settlement-analysis:field-zomato,report:p1_main:02_settlements:01_settlement_analysis,field:zomato,exposes_field,exposes field,extracted,0.75,Derived schema candidate; local evidence references are excluded.
edge:exposes-field:report-p1-main-02-settlements-02-settlement-analysis-consolidated:field-zomato,report:p1_main:02_settlements:02_settlement_analysis_consolidated,field:zomato,exposes_field,exposes field,extracted,0.75,Derived schema candidate; local evidence references are excluded.
edge:exposes-field:report-p1-main-02-settlements-03-daily-payments-breakup:field-zomato,report:p1_main:02_settlements:03_daily_payments_breakup,field:zomato,exposes_field,exposes field,extracted,0.75,Derived schema candidate; local evidence references are excluded.
edge:exposes-field:report-p1-main-02-settlements-04-daily-payments-breakup-consolidate:field-zomato,report:p1_main:02_settlements:04_daily_payments_breakup_consolidate,field:zomato,exposes_field,exposes field,extracted,0.75,Derived schema candidate; local evidence references are excluded.
edge:api-coverage:report-p4-stock-admin-01-enterprise-reports-01-enterprise-entry:api-rw-api-029,report:p4_stock_admin:01_enterprise_reports:01_enterprise_entry,api:rw_api_029,api_coverage,candidate API coverage,candidate_not_uat_verified,0.72,"Semantic candidate: the public inventory endpoint exposes stock, PO, vendor and inventory-transaction entities. UAT response fields must confirm exact report equivalence."
edge:api-coverage:report-p4-stock-admin-01-enterprise-reports-02-erp-vendor-price:api-rw-api-029,report:p4_stock_admin:01_enterprise_reports:02_erp_vendor_price,api:rw_api_029,api_coverage,candidate API coverage,candidate_not_uat_verified,0.72,"Semantic candidate: the public inventory endpoint exposes stock, PO, vendor and inventory-transaction entities. UAT response fields must confirm exact report equivalence."
edge:api-coverage:report-p4-stock-admin-01-enterprise-reports-03-enterprise-stock-return:api-rw-api-029,report:p4_stock_admin:01_enterprise_reports:03_enterprise_stock_return,api:rw_api_029,api_coverage,candidate API coverage,candidate_not_uat_verified,0.72,"Semantic candidate: the public inventory endpoint exposes stock, PO, vendor and inventory-transaction entities. UAT response fields must confirm exact report equivalence."
edge:api-coverage:report-p4-stock-admin-01-enterprise-reports-04-enterprise-consumption:api-rw-api-029,report:p4_stock_admin:01_enterprise_reports:04_enterprise_consumption,api:rw_api_029,api_coverage,candidate API coverage,candidate_not_uat_verified,0.72,"Semantic candidate: the public inventory endpoint exposes stock, PO, vendor and inventory-transaction entities. UAT response fields must confirm exact report equivalence."
edge:api-coverage:report-p4-stock-admin-01-enterprise-reports-05-enterprise-stock-re-order:api-rw-api-029,report:p4_stock_admin:01_enterprise_reports:05_enterprise_stock_re_order,api:rw_api_029,api_coverage,candidate API coverage,candidate_not_uat_verified,0.72,"Semantic candidate: the public inventory endpoint exposes stock, PO, vendor and inventory-transaction entities. UAT response fields must confirm exact report equivalence."
edge:api-coverage:report-p4-stock-admin-01-enterprise-reports-06-enterprise-purchase-order:api-rw-api-029,report:p4_stock_admin:01_enterprise_reports:06_enterprise_purchase_order,api:rw_api_029,api_coverage,candidate API coverage,candidate_not_uat_verified,0.72,"Semantic candidate: the public inventory endpoint exposes stock, PO, vendor and inventory-transaction entities. UAT response fields must confirm exact report equivalence."
edge:api-coverage:report-p4-stock-admin-01-enterprise-reports-08-enterprise-variance:api-rw-api-029,report:p4_stock_admin:01_enterprise_reports:08_enterprise_variance,api:rw_api_029,api_coverage,candidate API coverage,candidate_not_uat_verified,0.72,"Semantic candidate: the public inventory endpoint exposes stock, PO, vendor and inventory-transaction entities. UAT response fields must confirm exact report equivalence."
edge:api-coverage:report-p4-stock-admin-01-enterprise-reports-10-enterprise-bill-passing:api-rw-api-029,report:p4_stock_admin:01_enterprise_reports:10_enterprise_bill_passing,api:rw_api_029,api_coverage,candidate API coverage,candidate_not_uat_verified,0.72,"Semantic candidate: the public inventory endpoint exposes stock, PO, vendor and inventory-transaction entities. UAT response fields must confirm exact report equivalence."
edge:api-coverage:report-p4-stock-admin-01-enterprise-reports-12-enterprise-wastage-report:api-rw-api-029,report:p4_stock_admin:01_enterprise_reports:12_enterprise_wastage_report,api:rw_api_029,api_coverage,candidate API coverage,candidate_not_uat_verified,0.72,"Semantic candidate: the public inventory endpoint exposes stock, PO, vendor and inventory-transaction entities. UAT response fields must confirm exact report equivalence."
edge:api-coverage:report-p4-stock-admin-01-enterprise-reports-13-enterprise-purchase-summary-report:api-rw-api-029,report:p4_stock_admin:01_enterprise_reports:13_enterprise_purchase_summary_report,api:rw_api_029,api_coverage,candidate API coverage,candidate_not_uat_verified,0.72,"Semantic candidate: the public inventory endpoint exposes stock, PO, vendor and inventory-transaction entities. UAT response fields must confirm exact report equivalence."
edge:api-coverage:report-p4-stock-admin-01-enterprise-reports-15-enterprise-food-cost-report:api-rw-api-029,report:p4_stock_admin:01_enterprise_reports:15_enterprise_food_cost_report,api:rw_api_029,api_coverage,candidate API coverage,candidate_not_uat_verified,0.72,"Semantic candidate: the public inventory endpoint exposes stock, PO, vendor and inventory-transaction entities. UAT response fields must confirm exact report equivalence."
edge:api-coverage:report-p4-stock-admin-02-transactional-reports-01-entry-report:api-rw-api-029,report:p4_stock_admin:02_transactional_reports:01_entry_report,api:rw_api_029,api_coverage,candidate API coverage,candidate_not_uat_verified,0.72,"Semantic candidate: the public inventory endpoint exposes stock, PO, vendor and inventory-transaction entities. UAT response fields must confirm exact report equivalence."
edge:api-coverage:report-p4-stock-admin-02-transactional-reports-02-entry-sync-report:api-rw-api-029,report:p4_stock_admin:02_transactional_reports:02_entry_sync_report,api:rw_api_029,api_coverage,candidate API coverage,candidate_not_uat_verified,0.72,"Semantic candidate: the public inventory endpoint exposes stock, PO, vendor and inventory-transaction entities. UAT response fields must confirm exact report equivalence."
edge:api-coverage:report-p4-stock-admin-02-transactional-reports-04-stock-return:api-rw-api-029,report:p4_stock_admin:02_transactional_reports:04_stock_return,api:rw_api_029,api_coverage,candidate API coverage,candidate_not_uat_verified,0.72,"Semantic candidate: the public inventory endpoint exposes stock, PO, vendor and inventory-transaction entities. UAT response fields must confirm exact report equivalence."
edge:api-coverage:report-p4-stock-admin-02-transactional-reports-05-purchase-detail:api-rw-api-029,report:p4_stock_admin:02_transactional_reports:05_purchase_detail,api:rw_api_029,api_coverage,candidate API coverage,candidate_not_uat_verified,0.72,"Semantic candidate: the public inventory endpoint exposes stock, PO, vendor and inventory-transaction entities. UAT response fields must confirm exact report equivalence."
edge:api-coverage:report-p4-stock-admin-02-transactional-reports-06-purchase-detail-consolidated:api-rw-api-029,report:p4_stock_admin:02_transactional_reports:06_purchase_detail_consolidated,api:rw_api_029,api_coverage,candidate API coverage,candidate_not_uat_verified,0.72,"Semantic candidate: the public inventory endpoint exposes stock, PO, vendor and inventory-transaction entities. UAT response fields must confirm exact report equivalence."
edge:api-coverage:report-p4-stock-admin-02-transactional-reports-07-purchase-requisition-report:api-rw-api-029,report:p4_stock_admin:02_transactional_reports:07_purchase_requisition_report,api:rw_api_029,api_coverage,candidate API coverage,candidate_not_uat_verified,0.72,"Semantic candidate: the public inventory endpoint exposes stock, PO, vendor and inventory-transaction entities. UAT response fields must confirm exact report equivalence."
edge:api-coverage:report-p4-stock-admin-02-transactional-reports-09-bill-passing-report:api-rw-api-029,report:p4_stock_admin:02_transactional_reports:09_bill_passing_report,api:rw_api_029,api_coverage,candidate API coverage,candidate_not_uat_verified,0.72,"Semantic candidate: the public inventory endpoint exposes stock, PO, vendor and inventory-transaction entities. UAT response fields must confirm exact report equivalence."
edge:api-coverage:report-p4-stock-admin-02-transactional-reports-10-stock-in-stock-out-report:api-rw-api-029,report:p4_stock_admin:02_transactional_reports:10_stock_in_stock_out_report,api:rw_api_029,api_coverage,candidate API coverage,candidate_not_uat_verified,0.72,"Semantic candidate: the public inventory endpoint exposes stock, PO, vendor and inventory-transaction entities. UAT response fields must confirm exact report equivalence."
edge:api-coverage:report-p4-stock-admin-03-po-so-reports-01-purchase-order:api-rw-api-029,report:p4_stock_admin:03_po_so_reports:01_purchase_order,api:rw_api_029,api_coverage,candidate API coverage,candidate_not_uat_verified,0.72,"Semantic candidate: the public inventory endpoint exposes stock, PO, vendor and inventory-transaction entities. UAT response fields must confirm exact report equivalence."
edge:api-coverage:report-p4-stock-admin-03-po-so-reports-02-standing-purchase-order:api-rw-api-029,report:p4_stock_admin:03_po_so_reports:02_standing_purchase_order,api:rw_api_029,api_coverage,candidate API coverage,candidate_not_uat_verified,0.72,"Semantic candidate: the public inventory endpoint exposes stock, PO, vendor and inventory-transaction entities. UAT response fields must confirm exact report equivalence."
edge:api-coverage:report-p4-stock-admin-03-po-so-reports-05-erp-vendor-invoice:api-rw-api-029,report:p4_stock_admin:03_po_so_reports:05_erp_vendor_invoice,api:rw_api_029,api_coverage,candidate API coverage,candidate_not_uat_verified,0.72,"Semantic candidate: the public inventory endpoint exposes stock, PO, vendor and inventory-transaction entities. UAT response fields must confirm exact report equivalence."
edge:api-coverage:report-p4-stock-admin-05-aggregation-reports-02-consumption-report:api-rw-api-029,report:p4_stock_admin:05_aggregation_reports:02_consumption_report,api:rw_api_029,api_coverage,candidate API coverage,candidate_not_uat_verified,0.72,"Semantic candidate: the public inventory endpoint exposes stock, PO, vendor and inventory-transaction entities. UAT response fields must confirm exact report equivalence."
edge:api-coverage:report-p4-stock-admin-05-aggregation-reports-03-variance-report:api-rw-api-029,report:p4_stock_admin:05_aggregation_reports:03_variance_report,api:rw_api_029,api_coverage,candidate API coverage,candidate_not_uat_verified,0.72,"Semantic candidate: the public inventory endpoint exposes stock, PO, vendor and inventory-transaction entities. UAT response fields must confirm exact report equivalence."
edge:api-coverage:report-p4-stock-admin-05-aggregation-reports-05-movement-report:api-rw-api-029,report:p4_stock_admin:05_aggregation_reports:05_movement_report,api:rw_api_029,api_coverage,candidate API coverage,candidate_not_uat_verified,0.72,"Semantic candidate: the public inventory endpoint exposes stock, PO, vendor and inventory-transaction entities. UAT response fields must confirm exact report equivalence."
edge:api-coverage:report-p4-stock-admin-05-aggregation-reports-07-recipe-consumption-report:api-rw-api-029,report:p4_stock_admin:05_aggregation_reports:07_recipe_consumption_report,api:rw_api_029,api_coverage,candidate API coverage,candidate_not_uat_verified,0.72,"Semantic candidate: the public inventory endpoint exposes stock, PO, vendor and inventory-transaction entities. UAT response fields must confirm exact report equivalence."
edge:api-coverage:report-p4-stock-admin-06-analytical-reports-02-food-cost-report:api-rw-api-029,report:p4_stock_admin:06_analytical_reports:02_food_cost_report,api:rw_api_029,api_coverage,candidate API coverage,candidate_not_uat_verified,0.72,"Semantic candidate: the public inventory endpoint exposes stock, PO, vendor and inventory-transaction entities. UAT response fields must confirm exact report equivalence."
edge:api-coverage:report-p4-stock-admin-06-analytical-reports-03-re-order-level:api-rw-api-029,report:p4_stock_admin:06_analytical_reports:03_re_order_level,api:rw_api_029,api_coverage,candidate API coverage,candidate_not_uat_verified,0.72,"Semantic candidate: the public inventory endpoint exposes stock, PO, vendor and inventory-transaction entities. UAT response fields must confirm exact report equivalence."
edge:api-coverage:report-p4-stock-admin-06-analytical-reports-04-closing-stock-report:api-rw-api-029,report:p4_stock_admin:06_analytical_reports:04_closing_stock_report,api:rw_api_029,api_coverage,candidate API coverage,candidate_not_uat_verified,0.72,"Semantic candidate: the public inventory endpoint exposes stock, PO, vendor and inventory-transaction entities. UAT response fields must confirm exact report equivalence."
edge:api-coverage:report-p4-stock-admin-06-analytical-reports-07-purchase-summary:api-rw-api-029,report:p4_stock_admin:06_analytical_reports:07_purchase_summary,api:rw_api_029,api_coverage,candidate API coverage,candidate_not_uat_verified,0.72,"Semantic candidate: the public inventory endpoint exposes stock, PO, vendor and inventory-transaction entities. UAT response fields must confirm exact report equivalence."
edge:api-coverage:report-p4-stock-admin-06-analytical-reports-08-stock-recipe-report:api-rw-api-029,report:p4_stock_admin:06_analytical_reports:08_stock_recipe_report,api:rw_api_029,api_coverage,candidate API coverage,candidate_not_uat_verified,0.72,"Semantic candidate: the public inventory endpoint exposes stock, PO, vendor and inventory-transaction entities. UAT response fields must confirm exact report equivalence."
edge:api-coverage:report-p4-stock-admin-07-other-reports-02-nc-head-consumption-cost:api-rw-api-029,report:p4_stock_admin:07_other_reports:02_nc_head_consumption_cost,api:rw_api_029,api_coverage,candidate API coverage,candidate_not_uat_verified,0.72,"Semantic candidate: the public inventory endpoint exposes stock, PO, vendor and inventory-transaction entities. UAT response fields must confirm exact report equivalence."
edge:api-coverage:report-p4-stock-admin-07-other-reports-03-expiry-report:api-rw-api-029,report:p4_stock_admin:07_other_reports:03_expiry_report,api:rw_api_029,api_coverage,candidate API coverage,candidate_not_uat_verified,0.72,"Semantic candidate: the public inventory endpoint exposes stock, PO, vendor and inventory-transaction entities. UAT response fields must confirm exact report equivalence."
edge:api-coverage:report-p4-stock-admin-07-other-reports-06-vendor-pricing-report:api-rw-api-029,report:p4_stock_admin:07_other_reports:06_vendor_pricing_report,api:rw_api_029,api_coverage,candidate API coverage,candidate_not_uat_verified,0.72,"Semantic candidate: the public inventory endpoint exposes stock, PO, vendor and inventory-transaction entities. UAT response fields must confirm exact report equivalence."
edge:api-coverage:report-p4-stock-admin-07-other-reports-13-vendor-last-5-purchase-price:api-rw-api-029,report:p4_stock_admin:07_other_reports:13_vendor_last_5_purchase_price,api:rw_api_029,api_coverage,candidate API coverage,candidate_not_uat_verified,0.72,"Semantic candidate: the public inventory endpoint exposes stock, PO, vendor and inventory-transaction entities. UAT response fields must confirm exact report equivalence."
edge:api-coverage:report-p4-stock-admin-09-bill-passing-01-bill-passing:api-rw-api-029,report:p4_stock_admin:09_bill_passing:01_bill_passing,api:rw_api_029,api_coverage,candidate API coverage,candidate_not_uat_verified,0.72,"Semantic candidate: the public inventory endpoint exposes stock, PO, vendor and inventory-transaction entities. UAT response fields must confirm exact report equivalence."
edge:api-coverage:report-p4-stock-admin-01-enterprise-reports-07-enterprise-consolidated-indent:api-rw-api-030,report:p4_stock_admin:01_enterprise_reports:07_enterprise_consolidated_indent,api:rw_api_030,api_coverage,candidate API coverage,candidate_not_uat_verified,0.78,Semantic candidate: the public indent endpoint exposes supplier/receiver store movement and indent item lines. UAT must confirm lifecycle and receipt fields.
edge:api-coverage:report-p4-stock-admin-01-enterprise-reports-14-enterprise-internal-indent-report:api-rw-api-030,report:p4_stock_admin:01_enterprise_reports:14_enterprise_internal_indent_report,api:rw_api_030,api_coverage,candidate API coverage,candidate_not_uat_verified,0.78,Semantic candidate: the public indent endpoint exposes supplier/receiver store movement and indent item lines. UAT must confirm lifecycle and receipt fields.
edge:api-coverage:report-p4-stock-admin-04-indent-reports-01-indent-report:api-rw-api-030,report:p4_stock_admin:04_indent_reports:01_indent_report,api:rw_api_030,api_coverage,candidate API coverage,candidate_not_uat_verified,0.78,Semantic candidate: the public indent endpoint exposes supplier/receiver store movement and indent item lines. UAT must confirm lifecycle and receipt fields.
edge:api-coverage:report-p4-stock-admin-04-indent-reports-02-consolidated-indent:api-rw-api-030,report:p4_stock_admin:04_indent_reports:02_consolidated_indent,api:rw_api_030,api_coverage,candidate API coverage,candidate_not_uat_verified,0.78,Semantic candidate: the public indent endpoint exposes supplier/receiver store movement and indent item lines. UAT must confirm lifecycle and receipt fields.
edge:api-coverage:report-p4-stock-admin-04-indent-reports-03-consolidated-indent-items:api-rw-api-030,report:p4_stock_admin:04_indent_reports:03_consolidated_indent_items,api:rw_api_030,api_coverage,candidate API coverage,candidate_not_uat_verified,0.78,Semantic candidate: the public indent endpoint exposes supplier/receiver store movement and indent item lines. UAT must confirm lifecycle and receipt fields.
edge:api-coverage:report-p4-stock-admin-04-indent-reports-04-issue-report:api-rw-api-030,report:p4_stock_admin:04_indent_reports:04_issue_report,api:rw_api_030,api_coverage,candidate API coverage,candidate_not_uat_verified,0.78,Semantic candidate: the public indent endpoint exposes supplier/receiver store movement and indent item lines. UAT must confirm lifecycle and receipt fields.
edge:api-coverage:report-p4-stock-admin-04-indent-reports-05-consolidated-indent-report-outlet:api-rw-api-030,report:p4_stock_admin:04_indent_reports:05_consolidated_indent_report_outlet,api:rw_api_030,api_coverage,candidate API coverage,candidate_not_uat_verified,0.78,Semantic candidate: the public indent endpoint exposes supplier/receiver store movement and indent item lines. UAT must confirm lifecycle and receipt fields.
edge:api-coverage:report-p4-stock-admin-04-indent-reports-06-suspense-report:api-rw-api-030,report:p4_stock_admin:04_indent_reports:06_suspense_report,api:rw_api_030,api_coverage,candidate API coverage,candidate_not_uat_verified,0.78,Semantic candidate: the public indent endpoint exposes supplier/receiver store movement and indent item lines. UAT must confirm lifecycle and receipt fields.
edge:api-coverage:report-p4-stock-admin-04-indent-reports-07-bulk-return-report:api-rw-api-030,report:p4_stock_admin:04_indent_reports:07_bulk_return_report,api:rw_api_030,api_coverage,candidate API coverage,candidate_not_uat_verified,0.78,Semantic candidate: the public indent endpoint exposes supplier/receiver store movement and indent item lines. UAT must confirm lifecycle and receipt fields.
edge:api-coverage:report-p1-main-01-sales-analysis-01-outlet-sales:api-rw-api-001,report:p1_main:01_sales_analysis:01_outlet_sales,api:rw_api_001,api_coverage,candidate API coverage,candidate_not_uat_verified,0.58,"Semantic candidate: bill/KOT line data may reproduce parts of this report, but report calculations and filters are not yet verified."
edge:api-coverage:report-p1-main-01-sales-analysis-02-brand-order-type-sales:api-rw-api-001,report:p1_main:01_sales_analysis:02_brand_order_type_sales,api:rw_api_001,api_coverage,candidate API coverage,candidate_not_uat_verified,0.58,"Semantic candidate: bill/KOT line data may reproduce parts of this report, but report calculations and filters are not yet verified."
edge:api-coverage:report-p1-main-01-sales-analysis-03-hourly-sales-analysis:api-rw-api-001,report:p1_main:01_sales_analysis:03_hourly_sales_analysis,api:rw_api_001,api_coverage,candidate API coverage,candidate_not_uat_verified,0.58,"Semantic candidate: bill/KOT line data may reproduce parts of this report, but report calculations and filters are not yet verified."
edge:api-coverage:report-p1-main-01-sales-analysis-04-hourly-item-sales-analysis:api-rw-api-001,report:p1_main:01_sales_analysis:04_hourly_item_sales_analysis,api:rw_api_001,api_coverage,candidate API coverage,candidate_not_uat_verified,0.58,"Semantic candidate: bill/KOT line data may reproduce parts of this report, but report calculations and filters are not yet verified."
edge:api-coverage:report-p1-main-01-sales-analysis-05-daily-item-sales-analysis:api-rw-api-001,report:p1_main:01_sales_analysis:05_daily_item_sales_analysis,api:rw_api_001,api_coverage,candidate API coverage,candidate_not_uat_verified,0.58,"Semantic candidate: bill/KOT line data may reproduce parts of this report, but report calculations and filters are not yet verified."
edge:api-coverage:report-p1-main-01-sales-analysis-06-consolidated-hourly-sales:api-rw-api-001,report:p1_main:01_sales_analysis:06_consolidated_hourly_sales,api:rw_api_001,api_coverage,candidate API coverage,candidate_not_uat_verified,0.58,"Semantic candidate: bill/KOT line data may reproduce parts of this report, but report calculations and filters are not yet verified."
edge:api-coverage:report-p1-main-01-sales-analysis-07-consolidated-hourly-sales-tabwise:api-rw-api-001,report:p1_main:01_sales_analysis:07_consolidated_hourly_sales_tabwise,api:rw_api_001,api_coverage,candidate API coverage,candidate_not_uat_verified,0.58,"Semantic candidate: bill/KOT line data may reproduce parts of this report, but report calculations and filters are not yet verified."
edge:api-coverage:report-p1-main-01-sales-analysis-08-daily-sales:api-rw-api-001,report:p1_main:01_sales_analysis:08_daily_sales,api:rw_api_001,api_coverage,candidate API coverage,candidate_not_uat_verified,0.58,"Semantic candidate: bill/KOT line data may reproduce parts of this report, but report calculations and filters are not yet verified."
edge:api-coverage:report-p1-main-01-sales-analysis-09-daily-sales-analysis:api-rw-api-001,report:p1_main:01_sales_analysis:09_daily_sales_analysis,api:rw_api_001,api_coverage,candidate API coverage,candidate_not_uat_verified,0.58,"Semantic candidate: bill/KOT line data may reproduce parts of this report, but report calculations and filters are not yet verified."
edge:api-coverage:report-p1-main-01-sales-analysis-10-daily-sales-tabwise:api-rw-api-001,report:p1_main:01_sales_analysis:10_daily_sales_tabwise,api:rw_api_001,api_coverage,candidate API coverage,candidate_not_uat_verified,0.58,"Semantic candidate: bill/KOT line data may reproduce parts of this report, but report calculations and filters are not yet verified."
edge:api-coverage:report-p1-main-01-sales-analysis-11-daily-sales-sourcewise:api-rw-api-001,report:p1_main:01_sales_analysis:11_daily_sales_sourcewise,api:rw_api_001,api_coverage,candidate API coverage,candidate_not_uat_verified,0.58,"Semantic candidate: bill/KOT line data may reproduce parts of this report, but report calculations and filters are not yet verified."
edge:api-coverage:report-p1-main-01-sales-analysis-12-daily-sales-with-categories:api-rw-api-001,report:p1_main:01_sales_analysis:12_daily_sales_with_categories,api:rw_api_001,api_coverage,candidate API coverage,candidate_not_uat_verified,0.58,"Semantic candidate: bill/KOT line data may reproduce parts of this report, but report calculations and filters are not yet verified."
edge:api-coverage:report-p1-main-01-sales-analysis-13-item-hourly-sales-by-tab:api-rw-api-001,report:p1_main:01_sales_analysis:13_item_hourly_sales_by_tab,api:rw_api_001,api_coverage,candidate API coverage,candidate_not_uat_verified,0.58,"Semantic candidate: bill/KOT line data may reproduce parts of this report, but report calculations and filters are not yet verified."
edge:api-coverage:report-p1-main-01-sales-analysis-14-hourly-sales-by-source:api-rw-api-001,report:p1_main:01_sales_analysis:14_hourly_sales_by_source,api:rw_api_001,api_coverage,candidate API coverage,candidate_not_uat_verified,0.58,"Semantic candidate: bill/KOT line data may reproduce parts of this report, but report calculations and filters are not yet verified."
edge:api-coverage:report-p1-main-01-sales-analysis-15-day-part-sales:api-rw-api-001,report:p1_main:01_sales_analysis:15_day_part_sales,api:rw_api_001,api_coverage,candidate API coverage,candidate_not_uat_verified,0.58,"Semantic candidate: bill/KOT line data may reproduce parts of this report, but report calculations and filters are not yet verified."
edge:api-coverage:report-p1-main-01-sales-analysis-16-day-part-product-sales:api-rw-api-001,report:p1_main:01_sales_analysis:16_day_part_product_sales,api:rw_api_001,api_coverage,candidate API coverage,candidate_not_uat_verified,0.58,"Semantic candidate: bill/KOT line data may reproduce parts of this report, but report calculations and filters are not yet verified."
edge:api-coverage:report-p1-main-01-sales-analysis-17-day-part-product-detailed:api-rw-api-001,report:p1_main:01_sales_analysis:17_day_part_product_detailed,api:rw_api_001,api_coverage,candidate API coverage,candidate_not_uat_verified,0.58,"Semantic candidate: bill/KOT line data may reproduce parts of this report, but report calculations and filters are not yet verified."
edge:api-coverage:report-p1-main-01-sales-analysis-18-brand-sales:api-rw-api-001,report:p1_main:01_sales_analysis:18_brand_sales,api:rw_api_001,api_coverage,candidate API coverage,candidate_not_uat_verified,0.58,"Semantic candidate: bill/KOT line data may reproduce parts of this report, but report calculations and filters are not yet verified."
edge:api-coverage:report-p1-main-01-sales-analysis-19-sales-contribution:api-rw-api-001,report:p1_main:01_sales_analysis:19_sales_contribution,api:rw_api_001,api_coverage,candidate API coverage,candidate_not_uat_verified,0.58,"Semantic candidate: bill/KOT line data may reproduce parts of this report, but report calculations and filters are not yet verified."
edge:api-coverage:report-p1-main-01-sales-analysis-20-billwise-section-sales-analysis:api-rw-api-001,report:p1_main:01_sales_analysis:20_billwise_section_sales_analysis,api:rw_api_001,api_coverage,candidate API coverage,candidate_not_uat_verified,0.58,"Semantic candidate: bill/KOT line data may reproduce parts of this report, but report calculations and filters are not yet verified."
edge:api-coverage:report-p1-main-01-sales-analysis-21-section-sales-analysis:api-rw-api-001,report:p1_main:01_sales_analysis:21_section_sales_analysis,api:rw_api_001,api_coverage,candidate API coverage,candidate_not_uat_verified,0.58,"Semantic candidate: bill/KOT line data may reproduce parts of this report, but report calculations and filters are not yet verified."
edge:api-coverage:report-p1-main-01-sales-analysis-22-source-analysis-summary:api-rw-api-001,report:p1_main:01_sales_analysis:22_source_analysis_summary,api:rw_api_001,api_coverage,candidate API coverage,candidate_not_uat_verified,0.58,"Semantic candidate: bill/KOT line data may reproduce parts of this report, but report calculations and filters are not yet verified."
edge:api-coverage:report-p1-main-01-sales-analysis-23-source-wise-tab-wise-item-analysis:api-rw-api-001,report:p1_main:01_sales_analysis:23_source_wise_tab_wise_item_analysis,api:rw_api_001,api_coverage,candidate API coverage,candidate_not_uat_verified,0.58,"Semantic candidate: bill/KOT line data may reproduce parts of this report, but report calculations and filters are not yet verified."
edge:api-coverage:report-p1-main-02-settlements-01-settlement-analysis:api-rw-api-001,report:p1_main:02_settlements:01_settlement_analysis,api:rw_api_001,api_coverage,candidate API coverage,candidate_not_uat_verified,0.58,"Semantic candidate: bill/KOT line data may reproduce parts of this report, but report calculations and filters are not yet verified."
edge:api-coverage:report-p1-main-02-settlements-02-settlement-analysis-consolidated:api-rw-api-001,report:p1_main:02_settlements:02_settlement_analysis_consolidated,api:rw_api_001,api_coverage,candidate API coverage,candidate_not_uat_verified,0.58,"Semantic candidate: bill/KOT line data may reproduce parts of this report, but report calculations and filters are not yet verified."
edge:api-coverage:report-p1-main-02-settlements-03-daily-payments-breakup:api-rw-api-001,report:p1_main:02_settlements:03_daily_payments_breakup,api:rw_api_001,api_coverage,candidate API coverage,candidate_not_uat_verified,0.58,"Semantic candidate: bill/KOT line data may reproduce parts of this report, but report calculations and filters are not yet verified."
edge:api-coverage:report-p1-main-02-settlements-04-daily-payments-breakup-consolidate:api-rw-api-001,report:p1_main:02_settlements:04_daily_payments_breakup_consolidate,api:rw_api_001,api_coverage,candidate API coverage,candidate_not_uat_verified,0.58,"Semantic candidate: bill/KOT line data may reproduce parts of this report, but report calculations and filters are not yet verified."
edge:api-coverage:report-p1-main-02-settlements-05-billwise-settlement-analysis:api-rw-api-001,report:p1_main:02_settlements:05_billwise_settlement_analysis,api:rw_api_001,api_coverage,candidate API coverage,candidate_not_uat_verified,0.58,"Semantic candidate: bill/KOT line data may reproduce parts of this report, but report calculations and filters are not yet verified."
edge:api-coverage:report-p1-main-02-settlements-06-enterprise-btc-report:api-rw-api-001,report:p1_main:02_settlements:06_enterprise_btc_report,api:rw_api_001,api_coverage,candidate API coverage,candidate_not_uat_verified,0.58,"Semantic candidate: bill/KOT line data may reproduce parts of this report, but report calculations and filters are not yet verified."
edge:api-coverage:report-p1-main-03-discounts-offers-01-daily-item-wise-discount:api-rw-api-001,report:p1_main:03_discounts_offers:01_daily_item_wise_discount,api:rw_api_001,api_coverage,candidate API coverage,candidate_not_uat_verified,0.58,"Semantic candidate: bill/KOT line data may reproduce parts of this report, but report calculations and filters are not yet verified."
edge:api-coverage:report-p1-main-03-discounts-offers-02-daily-discount-billwise:api-rw-api-001,report:p1_main:03_discounts_offers:02_daily_discount_billwise,api:rw_api_001,api_coverage,candidate API coverage,candidate_not_uat_verified,0.58,"Semantic candidate: bill/KOT line data may reproduce parts of this report, but report calculations and filters are not yet verified."
edge:api-coverage:report-p1-main-03-discounts-offers-03-offers-analysis:api-rw-api-001,report:p1_main:03_discounts_offers:03_offers_analysis,api:rw_api_001,api_coverage,candidate API coverage,candidate_not_uat_verified,0.58,"Semantic candidate: bill/KOT line data may reproduce parts of this report, but report calculations and filters are not yet verified."
edge:api-coverage:report-p1-main-03-discounts-offers-04-offer-budget:api-rw-api-001,report:p1_main:03_discounts_offers:04_offer_budget,api:rw_api_001,api_coverage,candidate API coverage,candidate_not_uat_verified,0.58,"Semantic candidate: bill/KOT line data may reproduce parts of this report, but report calculations and filters are not yet verified."
edge:api-coverage:report-p1-main-03-discounts-offers-05-discount-billwise-analysis:api-rw-api-001,report:p1_main:03_discounts_offers:05_discount_billwise_analysis,api:rw_api_001,api_coverage,candidate API coverage,candidate_not_uat_verified,0.58,"Semantic candidate: bill/KOT line data may reproduce parts of this report, but report calculations and filters are not yet verified."
edge:api-coverage:report-p1-main-03-discounts-offers-06-offer-code-report:api-rw-api-001,report:p1_main:03_discounts_offers:06_offer_code_report,api:rw_api_001,api_coverage,candidate API coverage,candidate_not_uat_verified,0.58,"Semantic candidate: bill/KOT line data may reproduce parts of this report, but report calculations and filters are not yet verified."
edge:api-coverage:report-p1-main-03-discounts-offers-07-offer-code-usage-report:api-rw-api-001,report:p1_main:03_discounts_offers:07_offer_code_usage_report,api:rw_api_001,api_coverage,candidate API coverage,candidate_not_uat_verified,0.58,"Semantic candidate: bill/KOT line data may reproduce parts of this report, but report calculations and filters are not yet verified."
edge:api-coverage:report-p1-main-03-discounts-offers-08-discount-and-complimentary-analysi:api-rw-api-001,report:p1_main:03_discounts_offers:08_discount_and_complimentary_analysi,api:rw_api_001,api_coverage,candidate API coverage,candidate_not_uat_verified,0.58,"Semantic candidate: bill/KOT line data may reproduce parts of this report, but report calculations and filters are not yet verified."
edge:api-coverage:report-p1-main-03-discounts-offers-09-entp-item-based-offer:api-rw-api-001,report:p1_main:03_discounts_offers:09_entp_item_based_offer,api:rw_api_001,api_coverage,candidate API coverage,candidate_not_uat_verified,0.58,"Semantic candidate: bill/KOT line data may reproduce parts of this report, but report calculations and filters are not yet verified."
edge:api-coverage:report-p1-main-03-discounts-offers-10-complimentary-head:api-rw-api-001,report:p1_main:03_discounts_offers:10_complimentary_head,api:rw_api_001,api_coverage,candidate API coverage,candidate_not_uat_verified,0.58,"Semantic candidate: bill/KOT line data may reproduce parts of this report, but report calculations and filters are not yet verified."
edge:api-coverage:report-p1-main-03-discounts-offers-11-complimentary-head-itemwise:api-rw-api-001,report:p1_main:03_discounts_offers:11_complimentary_head_itemwise,api:rw_api_001,api_coverage,candidate API coverage,candidate_not_uat_verified,0.58,"Semantic candidate: bill/KOT line data may reproduce parts of this report, but report calculations and filters are not yet verified."
edge:api-coverage:report-p1-main-03-discounts-offers-12-consolidated-item-complimentary:api-rw-api-001,report:p1_main:03_discounts_offers:12_consolidated_item_complimentary,api:rw_api_001,api_coverage,candidate API coverage,candidate_not_uat_verified,0.58,"Semantic candidate: bill/KOT line data may reproduce parts of this report, but report calculations and filters are not yet verified."
edge:api-coverage:report-p1-main-04-tax-analysis-03-super-category-wise-daily-taxes:api-rw-api-001,report:p1_main:04_tax_analysis:03_super_category_wise_daily_taxes,api:rw_api_001,api_coverage,candidate API coverage,candidate_not_uat_verified,0.58,"Semantic candidate: bill/KOT line data may reproduce parts of this report, but report calculations and filters are not yet verified."
edge:api-coverage:report-p1-main-04-tax-analysis-04-super-category-wise-no-vat:api-rw-api-001,report:p1_main:04_tax_analysis:04_super_category_wise_no_vat,api:rw_api_001,api_coverage,candidate API coverage,candidate_not_uat_verified,0.58,"Semantic candidate: bill/KOT line data may reproduce parts of this report, but report calculations and filters are not yet verified."
edge:api-coverage:report-p1-main-05-performance-02-category-analysis:api-rw-api-001,report:p1_main:05_performance:02_category_analysis,api:rw_api_001,api_coverage,candidate API coverage,candidate_not_uat_verified,0.58,"Semantic candidate: bill/KOT line data may reproduce parts of this report, but report calculations and filters are not yet verified."
edge:api-coverage:report-p1-main-05-performance-03-super-category-sourcewise-sales:api-rw-api-001,report:p1_main:05_performance:03_super_category_sourcewise_sales,api:rw_api_001,api_coverage,candidate API coverage,candidate_not_uat_verified,0.58,"Semantic candidate: bill/KOT line data may reproduce parts of this report, but report calculations and filters are not yet verified."
edge:api-coverage:report-p1-main-05-performance-04-super-category-tabwise-sourcewise:api-rw-api-001,report:p1_main:05_performance:04_super_category_tabwise_sourcewise,api:rw_api_001,api_coverage,candidate API coverage,candidate_not_uat_verified,0.58,"Semantic candidate: bill/KOT line data may reproduce parts of this report, but report calculations and filters are not yet verified."
edge:api-coverage:report-p1-main-05-performance-05-item-analysis:api-rw-api-001,report:p1_main:05_performance:05_item_analysis,api:rw_api_001,api_coverage,candidate API coverage,candidate_not_uat_verified,0.58,"Semantic candidate: bill/KOT line data may reproduce parts of this report, but report calculations and filters are not yet verified."
edge:api-coverage:report-p1-main-05-performance-06-item-source-report:api-rw-api-001,report:p1_main:05_performance:06_item_source_report,api:rw_api_001,api_coverage,candidate API coverage,candidate_not_uat_verified,0.58,"Semantic candidate: bill/KOT line data may reproduce parts of this report, but report calculations and filters are not yet verified."
edge:api-coverage:report-p1-main-05-performance-07-itemwise-enterprise:api-rw-api-001,report:p1_main:05_performance:07_itemwise_enterprise,api:rw_api_001,api_coverage,candidate API coverage,candidate_not_uat_verified,0.58,"Semantic candidate: bill/KOT line data may reproduce parts of this report, but report calculations and filters are not yet verified."
edge:api-coverage:report-p1-main-05-performance-08-tab-wise-item-analysis:api-rw-api-001,report:p1_main:05_performance:08_tab_wise_item_analysis,api:rw_api_001,api_coverage,candidate API coverage,candidate_not_uat_verified,0.58,"Semantic candidate: bill/KOT line data may reproduce parts of this report, but report calculations and filters are not yet verified."
edge:api-coverage:report-p1-main-05-performance-09-item-incidence:api-rw-api-001,report:p1_main:05_performance:09_item_incidence,api:rw_api_001,api_coverage,candidate API coverage,candidate_not_uat_verified,0.58,"Semantic candidate: bill/KOT line data may reproduce parts of this report, but report calculations and filters are not yet verified."
edge:api-coverage:report-p1-main-05-performance-10-highest-and-lowest-selling-items:api-rw-api-001,report:p1_main:05_performance:10_highest_and_lowest_selling_items,api:rw_api_001,api_coverage,candidate API coverage,candidate_not_uat_verified,0.58,"Semantic candidate: bill/KOT line data may reproduce parts of this report, but report calculations and filters are not yet verified."
edge:api-coverage:report-p1-main-06-misc-01-void-bill-item-wise:api-rw-api-001,report:p1_main:06_misc:01_void_bill_item_wise,api:rw_api_001,api_coverage,candidate API coverage,candidate_not_uat_verified,0.58,"Semantic candidate: bill/KOT line data may reproduce parts of this report, but report calculations and filters are not yet verified."
edge:api-coverage:report-p1-main-06-misc-06-sales-and-reload-report:api-rw-api-001,report:p1_main:06_misc:06_sales_and_reload_report,api:rw_api_001,api_coverage,candidate API coverage,candidate_not_uat_verified,0.58,"Semantic candidate: bill/KOT line data may reproduce parts of this report, but report calculations and filters are not yet verified."
edge:api-coverage:report-p1-main-06-misc-10-online-orders-time-log:api-rw-api-001,report:p1_main:06_misc:10_online_orders_time_log,api:rw_api_001,api_coverage,candidate API coverage,candidate_not_uat_verified,0.58,"Semantic candidate: bill/KOT line data may reproduce parts of this report, but report calculations and filters are not yet verified."
edge:api-coverage:report-p1-main-06-misc-15-item-out-of-stock:api-rw-api-001,report:p1_main:06_misc:15_item_out_of_stock,api:rw_api_001,api_coverage,candidate API coverage,candidate_not_uat_verified,0.58,"Semantic candidate: bill/KOT line data may reproduce parts of this report, but report calculations and filters are not yet verified."
edge:api-coverage:report-p1-main-06-misc-18-item-recipe-report:api-rw-api-001,report:p1_main:06_misc:18_item_recipe_report,api:rw_api_001,api_coverage,candidate API coverage,candidate_not_uat_verified,0.58,"Semantic candidate: bill/KOT line data may reproduce parts of this report, but report calculations and filters are not yet verified."
edge:api-coverage:report-p1-main-06-misc-19-refund-item-detail-report:api-rw-api-001,report:p1_main:06_misc:19_refund_item_detail_report,api:rw_api_001,api_coverage,candidate API coverage,candidate_not_uat_verified,0.58,"Semantic candidate: bill/KOT line data may reproduce parts of this report, but report calculations and filters are not yet verified."
edge:api-coverage:report-p2-reports-01-analytics-01-hourly-sales-report:api-rw-api-001,report:p2_reports:01_analytics:01_hourly_sales_report,api:rw_api_001,api_coverage,candidate API coverage,candidate_not_uat_verified,0.58,"Semantic candidate: bill/KOT line data may reproduce parts of this report, but report calculations and filters are not yet verified."
edge:api-coverage:report-p2-reports-01-analytics-02-half-hourly-sales-report:api-rw-api-001,report:p2_reports:01_analytics:02_half_hourly_sales_report,api:rw_api_001,api_coverage,candidate API coverage,candidate_not_uat_verified,0.58,"Semantic candidate: bill/KOT line data may reproduce parts of this report, but report calculations and filters are not yet verified."
edge:api-coverage:report-p2-reports-01-analytics-03-hourly-sales-by-category:api-rw-api-001,report:p2_reports:01_analytics:03_hourly_sales_by_category,api:rw_api_001,api_coverage,candidate API coverage,candidate_not_uat_verified,0.58,"Semantic candidate: bill/KOT line data may reproduce parts of this report, but report calculations and filters are not yet verified."
edge:api-coverage:report-p2-reports-01-analytics-05-average-bill:api-rw-api-001,report:p2_reports:01_analytics:05_average_bill,api:rw_api_001,api_coverage,candidate API coverage,candidate_not_uat_verified,0.58,"Semantic candidate: bill/KOT line data may reproduce parts of this report, but report calculations and filters are not yet verified."
edge:api-coverage:report-p2-reports-01-analytics-10-location-wise-sales:api-rw-api-001,report:p2_reports:01_analytics:10_location_wise_sales,api:rw_api_001,api_coverage,candidate API coverage,candidate_not_uat_verified,0.58,"Semantic candidate: bill/KOT line data may reproduce parts of this report, but report calculations and filters are not yet verified."
edge:api-coverage:report-p2-reports-03-audit-06-discount-report:api-rw-api-001,report:p2_reports:03_audit:06_discount_report,api:rw_api_001,api_coverage,candidate API coverage,candidate_not_uat_verified,0.58,"Semantic candidate: bill/KOT line data may reproduce parts of this report, but report calculations and filters are not yet verified."
edge:api-coverage:report-p2-reports-03-audit-07-discount-and-voucher-report:api-rw-api-001,report:p2_reports:03_audit:07_discount_and_voucher_report,api:rw_api_001,api_coverage,candidate API coverage,candidate_not_uat_verified,0.58,"Semantic candidate: bill/KOT line data may reproduce parts of this report, but report calculations and filters are not yet verified."
edge:api-coverage:report-p2-reports-03-audit-18-feedback-without-bill-report:api-rw-api-001,report:p2_reports:03_audit:18_feedback_without_bill_report,api:rw_api_001,api_coverage,candidate API coverage,candidate_not_uat_verified,0.58,"Semantic candidate: bill/KOT line data may reproduce parts of this report, but report calculations and filters are not yet verified."
edge:api-coverage:report-p2-reports-03-audit-21-revenue-report:api-rw-api-001,report:p2_reports:03_audit:21_revenue_report,api:rw_api_001,api_coverage,candidate API coverage,candidate_not_uat_verified,0.58,"Semantic candidate: bill/KOT line data may reproduce parts of this report, but report calculations and filters are not yet verified."
edge:api-coverage:report-p2-reports-03-audit-22-negative-orders-report:api-rw-api-001,report:p2_reports:03_audit:22_negative_orders_report,api:rw_api_001,api_coverage,candidate API coverage,candidate_not_uat_verified,0.58,"Semantic candidate: bill/KOT line data may reproduce parts of this report, but report calculations and filters are not yet verified."
edge:api-coverage:report-p2-reports-03-audit-28-non-taxable-item-report:api-rw-api-001,report:p2_reports:03_audit:28_non_taxable_item_report,api:rw_api_001,api_coverage,candidate API coverage,candidate_not_uat_verified,0.58,"Semantic candidate: bill/KOT line data may reproduce parts of this report, but report calculations and filters are not yet verified."
edge:api-coverage:report-p2-reports-03-audit-29-edited-bills-report:api-rw-api-001,report:p2_reports:03_audit:29_edited_bills_report,api:rw_api_001,api_coverage,candidate API coverage,candidate_not_uat_verified,0.58,"Semantic candidate: bill/KOT line data may reproduce parts of this report, but report calculations and filters are not yet verified."
edge:api-coverage:report-p2-reports-03-audit-30-food-bills-void-tax-report:api-rw-api-001,report:p2_reports:03_audit:30_food_bills_void_tax_report,api:rw_api_001,api_coverage,candidate API coverage,candidate_not_uat_verified,0.58,"Semantic candidate: bill/KOT line data may reproduce parts of this report, but report calculations and filters are not yet verified."
edge:api-coverage:report-p2-reports-03-audit-31-online-orders-time-log:api-rw-api-001,report:p2_reports:03_audit:31_online_orders_time_log,api:rw_api_001,api_coverage,candidate API coverage,candidate_not_uat_verified,0.58,"Semantic candidate: bill/KOT line data may reproduce parts of this report, but report calculations and filters are not yet verified."
edge:api-coverage:report-p2-reports-03-audit-33-item-based-offer-report:api-rw-api-001,report:p2_reports:03_audit:33_item_based_offer_report,api:rw_api_001,api_coverage,candidate API coverage,candidate_not_uat_verified,0.58,"Semantic candidate: bill/KOT line data may reproduce parts of this report, but report calculations and filters are not yet verified."
edge:api-coverage:report-p2-reports-03-audit-40-bill-transfer-in-report:api-rw-api-001,report:p2_reports:03_audit:40_bill_transfer_in_report,api:rw_api_001,api_coverage,candidate API coverage,candidate_not_uat_verified,0.58,"Semantic candidate: bill/KOT line data may reproduce parts of this report, but report calculations and filters are not yet verified."
edge:api-coverage:report-p2-reports-03-audit-43-billwise-distribution:api-rw-api-001,report:p2_reports:03_audit:43_billwise_distribution,api:rw_api_001,api_coverage,candidate API coverage,candidate_not_uat_verified,0.58,"Semantic candidate: bill/KOT line data may reproduce parts of this report, but report calculations and filters are not yet verified."
edge:api-coverage:report-p2-reports-03-audit-44-bill-reprint-report:api-rw-api-001,report:p2_reports:03_audit:44_bill_reprint_report,api:rw_api_001,api_coverage,candidate API coverage,candidate_not_uat_verified,0.58,"Semantic candidate: bill/KOT line data may reproduce parts of this report, but report calculations and filters are not yet verified."
edge:api-coverage:report-p2-reports-03-audit-45-billwise-sale-gst:api-rw-api-001,report:p2_reports:03_audit:45_billwise_sale_gst,api:rw_api_001,api_coverage,candidate API coverage,candidate_not_uat_verified,0.58,"Semantic candidate: bill/KOT line data may reproduce parts of this report, but report calculations and filters are not yet verified."
edge:api-coverage:report-p2-reports-03-audit-47-day-part-daily-sales:api-rw-api-001,report:p2_reports:03_audit:47_day_part_daily_sales,api:rw_api_001,api_coverage,candidate API coverage,candidate_not_uat_verified,0.58,"Semantic candidate: bill/KOT line data may reproduce parts of this report, but report calculations and filters are not yet verified."
edge:api-coverage:report-p2-reports-03-audit-50-bts-itemwise-report:api-rw-api-001,report:p2_reports:03_audit:50_bts_itemwise_report,api:rw_api_001,api_coverage,candidate API coverage,candidate_not_uat_verified,0.58,"Semantic candidate: bill/KOT line data may reproduce parts of this report, but report calculations and filters are not yet verified."
edge:api-coverage:report-p2-reports-04-category-item-01-item-by-source-report:api-rw-api-001,report:p2_reports:04_category_item:01_item_by_source_report,api:rw_api_001,api_coverage,candidate API coverage,candidate_not_uat_verified,0.58,"Semantic candidate: bill/KOT line data may reproduce parts of this report, but report calculations and filters are not yet verified."
edge:api-coverage:report-p2-reports-04-category-item-02-item-wise-enterprise-report:api-rw-api-001,report:p2_reports:04_category_item:02_item_wise_enterprise_report,api:rw_api_001,api_coverage,candidate API coverage,candidate_not_uat_verified,0.58,"Semantic candidate: bill/KOT line data may reproduce parts of this report, but report calculations and filters are not yet verified."
edge:api-coverage:report-p2-reports-04-category-item-03-sale-by-item-category:api-rw-api-001,report:p2_reports:04_category_item:03_sale_by_item_category,api:rw_api_001,api_coverage,candidate API coverage,candidate_not_uat_verified,0.58,"Semantic candidate: bill/KOT line data may reproduce parts of this report, but report calculations and filters are not yet verified."
edge:api-coverage:report-p2-reports-04-category-item-04-item-comment-wise-consolidated-rep:api-rw-api-001,report:p2_reports:04_category_item:04_item_comment_wise_consolidated_rep,api:rw_api_001,api_coverage,candidate API coverage,candidate_not_uat_verified,0.58,"Semantic candidate: bill/KOT line data may reproduce parts of this report, but report calculations and filters are not yet verified."
edge:api-coverage:report-p2-reports-04-category-item-05-itemwise-consolidate:api-rw-api-001,report:p2_reports:04_category_item:05_itemwise_consolidate,api:rw_api_001,api_coverage,candidate API coverage,candidate_not_uat_verified,0.58,"Semantic candidate: bill/KOT line data may reproduce parts of this report, but report calculations and filters are not yet verified."
edge:api-coverage:report-p2-reports-04-category-item-06-section-category-wise-report:api-rw-api-001,report:p2_reports:04_category_item:06_section_category_wise_report,api:rw_api_001,api_coverage,candidate API coverage,candidate_not_uat_verified,0.58,"Semantic candidate: bill/KOT line data may reproduce parts of this report, but report calculations and filters are not yet verified."
edge:api-coverage:report-p2-reports-04-category-item-07-section-tabwise-sales-report:api-rw-api-001,report:p2_reports:04_category_item:07_section_tabwise_sales_report,api:rw_api_001,api_coverage,candidate API coverage,candidate_not_uat_verified,0.58,"Semantic candidate: bill/KOT line data may reproduce parts of this report, but report calculations and filters are not yet verified."
edge:api-coverage:report-p2-reports-04-category-item-08-itemwise-contribution:api-rw-api-001,report:p2_reports:04_category_item:08_itemwise_contribution,api:rw_api_001,api_coverage,candidate API coverage,candidate_not_uat_verified,0.58,"Semantic candidate: bill/KOT line data may reproduce parts of this report, but report calculations and filters are not yet verified."
edge:api-coverage:report-p2-reports-04-category-item-09-menu-mix-report:api-rw-api-001,report:p2_reports:04_category_item:09_menu_mix_report,api:rw_api_001,api_coverage,candidate API coverage,candidate_not_uat_verified,0.58,"Semantic candidate: bill/KOT line data may reproduce parts of this report, but report calculations and filters are not yet verified."
edge:api-coverage:report-p2-reports-04-category-item-10-item-incidence-report:api-rw-api-001,report:p2_reports:04_category_item:10_item_incidence_report,api:rw_api_001,api_coverage,candidate API coverage,candidate_not_uat_verified,0.58,"Semantic candidate: bill/KOT line data may reproduce parts of this report, but report calculations and filters are not yet verified."
edge:api-coverage:report-p2-reports-04-category-item-11-sessionwise-item-sale:api-rw-api-001,report:p2_reports:04_category_item:11_sessionwise_item_sale,api:rw_api_001,api_coverage,candidate API coverage,candidate_not_uat_verified,0.58,"Semantic candidate: bill/KOT line data may reproduce parts of this report, but report calculations and filters are not yet verified."
edge:api-coverage:report-p2-reports-04-category-item-12-product-report:api-rw-api-001,report:p2_reports:04_category_item:12_product_report,api:rw_api_001,api_coverage,candidate API coverage,candidate_not_uat_verified,0.58,"Semantic candidate: bill/KOT line data may reproduce parts of this report, but report calculations and filters are not yet verified."
edge:api-coverage:report-p2-reports-04-category-item-13-combo-report:api-rw-api-001,report:p2_reports:04_category_item:13_combo_report,api:rw_api_001,api_coverage,candidate API coverage,candidate_not_uat_verified,0.58,"Semantic candidate: bill/KOT line data may reproduce parts of this report, but report calculations and filters are not yet verified."
edge:api-coverage:report-p2-reports-04-category-item-14-assorted-items-report:api-rw-api-001,report:p2_reports:04_category_item:14_assorted_items_report,api:rw_api_001,api_coverage,candidate API coverage,candidate_not_uat_verified,0.58,"Semantic candidate: bill/KOT line data may reproduce parts of this report, but report calculations and filters are not yet verified."
edge:api-coverage:report-p2-reports-04-category-item-15-addon-report:api-rw-api-001,report:p2_reports:04_category_item:15_addon_report,api:rw_api_001,api_coverage,candidate API coverage,candidate_not_uat_verified,0.58,"Semantic candidate: bill/KOT line data may reproduce parts of this report, but report calculations and filters are not yet verified."
edge:api-coverage:report-p2-reports-04-category-item-16-product-price-variation-report:api-rw-api-001,report:p2_reports:04_category_item:16_product_price_variation_report,api:rw_api_001,api_coverage,candidate API coverage,candidate_not_uat_verified,0.58,"Semantic candidate: bill/KOT line data may reproduce parts of this report, but report calculations and filters are not yet verified."
edge:api-coverage:report-p2-reports-04-category-item-17-hourly-item-detail-billwise-with-s:api-rw-api-001,report:p2_reports:04_category_item:17_hourly_item_detail_billwise_with_s,api:rw_api_001,api_coverage,candidate API coverage,candidate_not_uat_verified,0.58,"Semantic candidate: bill/KOT line data may reproduce parts of this report, but report calculations and filters are not yet verified."
edge:api-coverage:report-p2-reports-04-category-item-18-item-stock-status-report:api-rw-api-001,report:p2_reports:04_category_item:18_item_stock_status_report,api:rw_api_001,api_coverage,candidate API coverage,candidate_not_uat_verified,0.58,"Semantic candidate: bill/KOT line data may reproduce parts of this report, but report calculations and filters are not yet verified."
edge:api-coverage:report-p2-reports-05-crm-02-bill-and-customer-consolidated-rep:api-rw-api-001,report:p2_reports:05_crm:02_bill_and_customer_consolidated_rep,api:rw_api_001,api_coverage,candidate API coverage,candidate_not_uat_verified,0.58,"Semantic candidate: bill/KOT line data may reproduce parts of this report, but report calculations and filters are not yet verified."
edge:api-coverage:report-p2-reports-07-sales-01-payment-details-report:api-rw-api-001,report:p2_reports:07_sales:01_payment_details_report,api:rw_api_001,api_coverage,candidate API coverage,candidate_not_uat_verified,0.58,"Semantic candidate: bill/KOT line data may reproduce parts of this report, but report calculations and filters are not yet verified."
edge:api-coverage:report-p2-reports-07-sales-02-payments-breakup-detailed:api-rw-api-001,report:p2_reports:07_sales:02_payments_breakup_detailed,api:rw_api_001,api_coverage,candidate API coverage,candidate_not_uat_verified,0.58,"Semantic candidate: bill/KOT line data may reproduce parts of this report, but report calculations and filters are not yet verified."
edge:api-coverage:report-p2-reports-07-sales-03-tax-summary-report:api-rw-api-001,report:p2_reports:07_sales:03_tax_summary_report,api:rw_api_001,api_coverage,candidate API coverage,candidate_not_uat_verified,0.58,"Semantic candidate: bill/KOT line data may reproduce parts of this report, but report calculations and filters are not yet verified."
edge:api-coverage:report-p2-reports-07-sales-04-taxation-sale-report:api-rw-api-001,report:p2_reports:07_sales:04_taxation_sale_report,api:rw_api_001,api_coverage,candidate API coverage,candidate_not_uat_verified,0.58,"Semantic candidate: bill/KOT line data may reproduce parts of this report, but report calculations and filters are not yet verified."
edge:api-coverage:report-p2-reports-07-sales-05-category-wise-sales-report:api-rw-api-001,report:p2_reports:07_sales:05_category_wise_sales_report,api:rw_api_001,api_coverage,candidate API coverage,candidate_not_uat_verified,0.58,"Semantic candidate: bill/KOT line data may reproduce parts of this report, but report calculations and filters are not yet verified."
edge:api-coverage:report-p2-reports-07-sales-06-bill-item-detail-report:api-rw-api-001,report:p2_reports:07_sales:06_bill_item_detail_report,api:rw_api_001,api_coverage,candidate API coverage,candidate_not_uat_verified,0.58,"Semantic candidate: bill/KOT line data may reproduce parts of this report, but report calculations and filters are not yet verified."
edge:api-coverage:report-p2-reports-07-sales-07-settlement-report:api-rw-api-001,report:p2_reports:07_sales:07_settlement_report,api:rw_api_001,api_coverage,candidate API coverage,candidate_not_uat_verified,0.58,"Semantic candidate: bill/KOT line data may reproduce parts of this report, but report calculations and filters are not yet verified."
edge:api-coverage:report-p2-reports-07-sales-08-ttr-settlement-report:api-rw-api-001,report:p2_reports:07_sales:08_ttr_settlement_report,api:rw_api_001,api_coverage,candidate API coverage,candidate_not_uat_verified,0.58,"Semantic candidate: bill/KOT line data may reproduce parts of this report, but report calculations and filters are not yet verified."
edge:api-coverage:report-p2-reports-07-sales-09-payments-breakup-report:api-rw-api-001,report:p2_reports:07_sales:09_payments_breakup_report,api:rw_api_001,api_coverage,candidate API coverage,candidate_not_uat_verified,0.58,"Semantic candidate: bill/KOT line data may reproduce parts of this report, but report calculations and filters are not yet verified."
edge:api-coverage:report-p2-reports-07-sales-10-btc-settlement-report:api-rw-api-001,report:p2_reports:07_sales:10_btc_settlement_report,api:rw_api_001,api_coverage,candidate API coverage,candidate_not_uat_verified,0.58,"Semantic candidate: bill/KOT line data may reproduce parts of this report, but report calculations and filters are not yet verified."
edge:api-coverage:report-p2-reports-07-sales-11-online-other-payment-detail-report:api-rw-api-001,report:p2_reports:07_sales:11_online_other_payment_detail_report,api:rw_api_001,api_coverage,candidate API coverage,candidate_not_uat_verified,0.58,"Semantic candidate: bill/KOT line data may reproduce parts of this report, but report calculations and filters are not yet verified."
edge:api-coverage:report-p2-reports-07-sales-12-online-other-payment-consolidated:api-rw-api-001,report:p2_reports:07_sales:12_online_other_payment_consolidated,api:rw_api_001,api_coverage,candidate API coverage,candidate_not_uat_verified,0.58,"Semantic candidate: bill/KOT line data may reproduce parts of this report, but report calculations and filters are not yet verified."
edge:api-coverage:report-p2-reports-07-sales-13-coupon-report:api-rw-api-001,report:p2_reports:07_sales:13_coupon_report,api:rw_api_001,api_coverage,candidate API coverage,candidate_not_uat_verified,0.58,"Semantic candidate: bill/KOT line data may reproduce parts of this report, but report calculations and filters are not yet verified."
edge:api-coverage:report-p2-reports-07-sales-14-instance-wise-report:api-rw-api-001,report:p2_reports:07_sales:14_instance_wise_report,api:rw_api_001,api_coverage,candidate API coverage,candidate_not_uat_verified,0.58,"Semantic candidate: bill/KOT line data may reproduce parts of this report, but report calculations and filters are not yet verified."
edge:api-coverage:report-p2-reports-07-sales-15-delivery-report:api-rw-api-001,report:p2_reports:07_sales:15_delivery_report,api:rw_api_001,api_coverage,candidate API coverage,candidate_not_uat_verified,0.58,"Semantic candidate: bill/KOT line data may reproduce parts of this report, but report calculations and filters are not yet verified."
edge:api-coverage:report-p2-reports-07-sales-16-daily-sales-report:api-rw-api-001,report:p2_reports:07_sales:16_daily_sales_report,api:rw_api_001,api_coverage,candidate API coverage,candidate_not_uat_verified,0.58,"Semantic candidate: bill/KOT line data may reproduce parts of this report, but report calculations and filters are not yet verified."
edge:api-coverage:report-p2-reports-07-sales-17-daily-sales-summary-report:api-rw-api-001,report:p2_reports:07_sales:17_daily_sales_summary_report,api:rw_api_001,api_coverage,candidate API coverage,candidate_not_uat_verified,0.58,"Semantic candidate: bill/KOT line data may reproduce parts of this report, but report calculations and filters are not yet verified."
edge:api-coverage:report-p2-reports-07-sales-18-day-wise-sales-report:api-rw-api-001,report:p2_reports:07_sales:18_day_wise_sales_report,api:rw_api_001,api_coverage,candidate API coverage,candidate_not_uat_verified,0.58,"Semantic candidate: bill/KOT line data may reproduce parts of this report, but report calculations and filters are not yet verified."
edge:api-coverage:report-p2-reports-07-sales-19-daily-sales-report-detailed:api-rw-api-001,report:p2_reports:07_sales:19_daily_sales_report_detailed,api:rw_api_001,api_coverage,candidate API coverage,candidate_not_uat_verified,0.58,"Semantic candidate: bill/KOT line data may reproduce parts of this report, but report calculations and filters are not yet verified."
edge:api-coverage:report-p2-reports-07-sales-20-day-closing-report:api-rw-api-001,report:p2_reports:07_sales:20_day_closing_report,api:rw_api_001,api_coverage,candidate API coverage,candidate_not_uat_verified,0.58,"Semantic candidate: bill/KOT line data may reproduce parts of this report, but report calculations and filters are not yet verified."
edge:api-coverage:report-p2-reports-07-sales-21-week-cost-report:api-rw-api-001,report:p2_reports:07_sales:21_week_cost_report,api:rw_api_001,api_coverage,candidate API coverage,candidate_not_uat_verified,0.58,"Semantic candidate: bill/KOT line data may reproduce parts of this report, but report calculations and filters are not yet verified."
edge:api-coverage:report-p2-reports-07-sales-22-mtax-log-report:api-rw-api-001,report:p2_reports:07_sales:22_mtax_log_report,api:rw_api_001,api_coverage,candidate API coverage,candidate_not_uat_verified,0.58,"Semantic candidate: bill/KOT line data may reproduce parts of this report, but report calculations and filters are not yet verified."
edge:api-coverage:report-p2-reports-07-sales-23-hourly-sales-summary:api-rw-api-001,report:p2_reports:07_sales:23_hourly_sales_summary,api:rw_api_001,api_coverage,candidate API coverage,candidate_not_uat_verified,0.58,"Semantic candidate: bill/KOT line data may reproduce parts of this report, but report calculations and filters are not yet verified."
edge:api-coverage:report-p2-reports-07-sales-24-source-wise-analysis-report:api-rw-api-001,report:p2_reports:07_sales:24_source_wise_analysis_report,api:rw_api_001,api_coverage,candidate API coverage,candidate_not_uat_verified,0.58,"Semantic candidate: bill/KOT line data may reproduce parts of this report, but report calculations and filters are not yet verified."
edge:api-coverage:report-p2-reports-07-sales-25-bill-no-wise-report:api-rw-api-001,report:p2_reports:07_sales:25_bill_no_wise_report,api:rw_api_001,api_coverage,candidate API coverage,candidate_not_uat_verified,0.58,"Semantic candidate: bill/KOT line data may reproduce parts of this report, but report calculations and filters are not yet verified."
edge:api-coverage:report-p2-reports-07-sales-26-bill-status-sales-report:api-rw-api-001,report:p2_reports:07_sales:26_bill_status_sales_report,api:rw_api_001,api_coverage,candidate API coverage,candidate_not_uat_verified,0.58,"Semantic candidate: bill/KOT line data may reproduce parts of this report, but report calculations and filters are not yet verified."
edge:api-coverage:report-p2-reports-07-sales-27-advance-booking-report:api-rw-api-001,report:p2_reports:07_sales:27_advance_booking_report,api:rw_api_001,api_coverage,candidate API coverage,candidate_not_uat_verified,0.58,"Semantic candidate: bill/KOT line data may reproduce parts of this report, but report calculations and filters are not yet verified."
edge:api-coverage:report-p2-reports-07-sales-28-advance-booking-session-consolidat:api-rw-api-001,report:p2_reports:07_sales:28_advance_booking_session_consolidat,api:rw_api_001,api_coverage,candidate API coverage,candidate_not_uat_verified,0.58,"Semantic candidate: bill/KOT line data may reproduce parts of this report, but report calculations and filters are not yet verified."
edge:api-coverage:report-p2-reports-07-sales-29-day-check-close-report:api-rw-api-001,report:p2_reports:07_sales:29_day_check_close_report,api:rw_api_001,api_coverage,candidate API coverage,candidate_not_uat_verified,0.58,"Semantic candidate: bill/KOT line data may reproduce parts of this report, but report calculations and filters are not yet verified."
edge:api-coverage:report-p2-reports-07-sales-30-enterprise-settlement-report:api-rw-api-001,report:p2_reports:07_sales:30_enterprise_settlement_report,api:rw_api_001,api_coverage,candidate API coverage,candidate_not_uat_verified,0.58,"Semantic candidate: bill/KOT line data may reproduce parts of this report, but report calculations and filters are not yet verified."
edge:api-coverage:report-p2-reports-07-sales-31-online-orders-report:api-rw-api-001,report:p2_reports:07_sales:31_online_orders_report,api:rw_api_001,api_coverage,candidate API coverage,candidate_not_uat_verified,0.58,"Semantic candidate: bill/KOT line data may reproduce parts of this report, but report calculations and filters are not yet verified."
edge:api-coverage:report-p2-reports-07-sales-32-daily-sales-breakup:api-rw-api-001,report:p2_reports:07_sales:32_daily_sales_breakup,api:rw_api_001,api_coverage,candidate API coverage,candidate_not_uat_verified,0.58,"Semantic candidate: bill/KOT line data may reproduce parts of this report, but report calculations and filters are not yet verified."
edge:api-coverage:report-p2-reports-07-sales-33-food-sold-report:api-rw-api-001,report:p2_reports:07_sales:33_food_sold_report,api:rw_api_001,api_coverage,candidate API coverage,candidate_not_uat_verified,0.58,"Semantic candidate: bill/KOT line data may reproduce parts of this report, but report calculations and filters are not yet verified."
edge:api-coverage:report-p2-reports-07-sales-34-bill-wise-sales-gst-billwise:api-rw-api-001,report:p2_reports:07_sales:34_bill_wise_sales_gst_billwise,api:rw_api_001,api_coverage,candidate API coverage,candidate_not_uat_verified,0.58,"Semantic candidate: bill/KOT line data may reproduce parts of this report, but report calculations and filters are not yet verified."
edge:api-coverage:report-p2-reports-07-sales-35-wtd-sos-comparison:api-rw-api-001,report:p2_reports:07_sales:35_wtd_sos_comparison,api:rw_api_001,api_coverage,candidate API coverage,candidate_not_uat_verified,0.58,"Semantic candidate: bill/KOT line data may reproduce parts of this report, but report calculations and filters are not yet verified."
edge:api-coverage:report-p2-reports-07-sales-36-gross-sale-wastage-report:api-rw-api-001,report:p2_reports:07_sales:36_gross_sale_wastage_report,api:rw_api_001,api_coverage,candidate API coverage,candidate_not_uat_verified,0.58,"Semantic candidate: bill/KOT line data may reproduce parts of this report, but report calculations and filters are not yet verified."
edge:api-coverage:report-p2-reports-07-sales-37-dsh-item-wise-report:api-rw-api-001,report:p2_reports:07_sales:37_dsh_item_wise_report,api:rw_api_001,api_coverage,candidate API coverage,candidate_not_uat_verified,0.58,"Semantic candidate: bill/KOT line data may reproduce parts of this report, but report calculations and filters are not yet verified."
edge:api-coverage:report-p2-reports-07-sales-38-daily-sales-reversal:api-rw-api-001,report:p2_reports:07_sales:38_daily_sales_reversal,api:rw_api_001,api_coverage,candidate API coverage,candidate_not_uat_verified,0.58,"Semantic candidate: bill/KOT line data may reproduce parts of this report, but report calculations and filters are not yet verified."
edge:api-coverage:report-p2-reports-07-sales-39-day-wise-revenue-report:api-rw-api-001,report:p2_reports:07_sales:39_day_wise_revenue_report,api:rw_api_001,api_coverage,candidate API coverage,candidate_not_uat_verified,0.58,"Semantic candidate: bill/KOT line data may reproduce parts of this report, but report calculations and filters are not yet verified."
edge:api-coverage:report-p2-reports-07-sales-40-online-order-payment-details-repor:api-rw-api-001,report:p2_reports:07_sales:40_online_order_payment_details_repor,api:rw_api_001,api_coverage,candidate API coverage,candidate_not_uat_verified,0.58,"Semantic candidate: bill/KOT line data may reproduce parts of this report, but report calculations and filters are not yet verified."
edge:api-coverage:report-p2-reports-07-sales-41-msr-card-reload-report:api-rw-api-001,report:p2_reports:07_sales:41_msr_card_reload_report,api:rw_api_001,api_coverage,candidate API coverage,candidate_not_uat_verified,0.58,"Semantic candidate: bill/KOT line data may reproduce parts of this report, but report calculations and filters are not yet verified."
edge:api-coverage:report-p2-reports-08-gst-01-item-wise-gst-report:api-rw-api-001,report:p2_reports:08_gst:01_item_wise_gst_report,api:rw_api_001,api_coverage,candidate API coverage,candidate_not_uat_verified,0.58,"Semantic candidate: bill/KOT line data may reproduce parts of this report, but report calculations and filters are not yet verified."
edge:api-coverage:report-p2-reports-08-gst-08-item-per-bill-count-report:api-rw-api-001,report:p2_reports:08_gst:08_item_per_bill_count_report,api:rw_api_001,api_coverage,candidate API coverage,candidate_not_uat_verified,0.58,"Semantic candidate: bill/KOT line data may reproduce parts of this report, but report calculations and filters are not yet verified."
edge:api-coverage:report-p2-reports-09-staff-perf-05-employee-performance-by-category:api-rw-api-001,report:p2_reports:09_staff_perf:05_employee_performance_by_category,api:rw_api_001,api_coverage,candidate API coverage,candidate_not_uat_verified,0.58,"Semantic candidate: bill/KOT line data may reproduce parts of this report, but report calculations and filters are not yet verified."
edge:api-coverage:report-p2-reports-11-banquet-02-banquet-sales-register:api-rw-api-001,report:p2_reports:11_banquet:02_banquet_sales_register,api:rw_api_001,api_coverage,candidate API coverage,candidate_not_uat_verified,0.58,"Semantic candidate: bill/KOT line data may reproduce parts of this report, but report calculations and filters are not yet verified."
edge:api-coverage:report-p2-reports-11-banquet-03-day-wise-sales-register:api-rw-api-001,report:p2_reports:11_banquet:03_day_wise_sales_register,api:rw_api_001,api_coverage,candidate API coverage,candidate_not_uat_verified,0.58,"Semantic candidate: bill/KOT line data may reproduce parts of this report, but report calculations and filters are not yet verified."
edge:api-coverage:report-p2-reports-12-bir-04-naac-sales-report:api-rw-api-001,report:p2_reports:12_bir:04_naac_sales_report,api:rw_api_001,api_coverage,candidate API coverage,candidate_not_uat_verified,0.58,"Semantic candidate: bill/KOT line data may reproduce parts of this report, but report calculations and filters are not yet verified."
edge:api-coverage:report-p2-reports-12-bir-05-pwd-sales-report:api-rw-api-001,report:p2_reports:12_bir:05_pwd_sales_report,api:rw_api_001,api_coverage,candidate API coverage,candidate_not_uat_verified,0.58,"Semantic candidate: bill/KOT line data may reproduce parts of this report, but report calculations and filters are not yet verified."
edge:api-coverage:report-p2-reports-12-bir-06-bir-sales-summary-report:api-rw-api-001,report:p2_reports:12_bir:06_bir_sales_summary_report,api:rw_api_001,api_coverage,candidate API coverage,candidate_not_uat_verified,0.58,"Semantic candidate: bill/KOT line data may reproduce parts of this report, but report calculations and filters are not yet verified."
edge:api-coverage:report-p2-reports-12-bir-07-solo-parent-sales-report:api-rw-api-001,report:p2_reports:12_bir:07_solo_parent_sales_report,api:rw_api_001,api_coverage,candidate API coverage,candidate_not_uat_verified,0.58,"Semantic candidate: bill/KOT line data may reproduce parts of this report, but report calculations and filters are not yet verified."
edge:api-coverage:report-p2-reports-12-bir-08-senior-citizen-sales-report:api-rw-api-001,report:p2_reports:12_bir:08_senior_citizen_sales_report,api:rw_api_001,api_coverage,candidate API coverage,candidate_not_uat_verified,0.58,"Semantic candidate: bill/KOT line data may reproduce parts of this report, but report calculations and filters are not yet verified."
edge:api-coverage:report-p1-main-06-misc-12-entp-day-report:api-rw-api-002,report:p1_main:06_misc:12_entp_day_report,api:rw_api_002,api_coverage,candidate API coverage,candidate_not_uat_verified,0.62,"Semantic candidate: invoice-level API totals may validate this report, subject to UAT grain and return handling."
edge:api-coverage:report-p1-main-06-misc-14-filter-invoices-report:api-rw-api-002,report:p1_main:06_misc:14_filter_invoices_report,api:rw_api_002,api_coverage,candidate API coverage,candidate_not_uat_verified,0.62,"Semantic candidate: invoice-level API totals may validate this report, subject to UAT grain and return handling."
edge:api-coverage:report-p2-reports-07-sales-17-daily-sales-summary-report:api-rw-api-002,report:p2_reports:07_sales:17_daily_sales_summary_report,api:rw_api_002,api_coverage,candidate API coverage,candidate_not_uat_verified,0.62,"Semantic candidate: invoice-level API totals may validate this report, subject to UAT grain and return handling."
edge:api-coverage:report-p2-reports-10-cash-mgmt-01-day-report:api-rw-api-002,report:p2_reports:10_cash_mgmt:01_day_report,api:rw_api_002,api_coverage,candidate API coverage,candidate_not_uat_verified,0.62,"Semantic candidate: invoice-level API totals may validate this report, subject to UAT grain and return handling."
edge:api-coverage:report-p2-reports-12-bir-06-bir-sales-summary-report:api-rw-api-002,report:p2_reports:12_bir:06_bir_sales_summary_report,api:rw_api_002,api_coverage,candidate API coverage,candidate_not_uat_verified,0.62,"Semantic candidate: invoice-level API totals may validate this report, subject to UAT grain and return handling."
edge:api-coverage:report-p1-main-05-performance-01-menu-mix:api-rw-api-004,report:p1_main:05_performance:01_menu_mix,api:rw_api_004,api_coverage,candidate API coverage,candidate_not_uat_verified,0.55,Semantic candidate: menu sync can enrich menu/item dimensions; it is not assumed to reproduce report measures.
edge:api-coverage:report-p1-main-06-misc-18-item-recipe-report:api-rw-api-004,report:p1_main:06_misc:18_item_recipe_report,api:rw_api_004,api_coverage,candidate API coverage,candidate_not_uat_verified,0.55,Semantic candidate: menu sync can enrich menu/item dimensions; it is not assumed to reproduce report measures.
edge:api-coverage:report-p2-reports-04-category-item-09-menu-mix-report:api-rw-api-004,report:p2_reports:04_category_item:09_menu_mix_report,api:rw_api_004,api_coverage,candidate API coverage,candidate_not_uat_verified,0.55,Semantic candidate: menu sync can enrich menu/item dimensions; it is not assumed to reproduce report measures.
edge:api-coverage:report-p4-stock-admin-06-analytical-reports-08-stock-recipe-report:api-rw-api-004,report:p4_stock_admin:06_analytical_reports:08_stock_recipe_report,api:rw_api_004,api_coverage,candidate API coverage,candidate_not_uat_verified,0.55,Semantic candidate: menu sync can enrich menu/item dimensions; it is not assumed to reproduce report measures.
edge:api-coverage:report-p4-stock-admin-01-enterprise-reports-05-enterprise-stock-re-order:api-rw-api-005,report:p4_stock_admin:01_enterprise_reports:05_enterprise_stock_re_order,api:rw_api_005,api_coverage,candidate API coverage,candidate_not_uat_verified,0.7,Semantic candidate: online availability can supplement stockout context but cannot replace inventory balances.
edge:api-coverage:report-p4-stock-admin-06-analytical-reports-03-re-order-level:api-rw-api-005,report:p4_stock_admin:06_analytical_reports:03_re_order_level,api:rw_api_005,api_coverage,candidate API coverage,candidate_not_uat_verified,0.7,Semantic candidate: online availability can supplement stockout context but cannot replace inventory balances.
edge:model-depends-on:model-std-sales-report:model-raw-sales-report-out001,model:std_sales_report,model:raw_sales_report_out001,model_depends_on,depends on,current,1.0,01_std_sales_report.sql
edge:model-depends-on:model-std-sales-report:model-raw-sales-report-out002,model:std_sales_report,model:raw_sales_report_out002,model_depends_on,depends on,current,1.0,01_std_sales_report.sql
edge:model-depends-on:model-std-sales-report:model-raw-sales-report-out003,model:std_sales_report,model:raw_sales_report_out003,model_depends_on,depends on,current,1.0,01_std_sales_report.sql
edge:model-depends-on:model-std-purchase-report:model-raw-purchase-report-out001,model:std_purchase_report,model:raw_purchase_report_out001,model_depends_on,depends on,current,1.0,02_std_purchase_report.sql
edge:model-depends-on:model-std-purchase-report:model-raw-purchase-report-out002,model:std_purchase_report,model:raw_purchase_report_out002,model_depends_on,depends on,current,1.0,02_std_purchase_report.sql
edge:model-depends-on:model-std-purchase-report:model-raw-purchase-report-out003,model:std_purchase_report,model:raw_purchase_report_out003,model_depends_on,depends on,current,1.0,02_std_purchase_report.sql
edge:model-depends-on:model-std-entry-report:model-raw-entry-report-out001,model:std_entry_report,model:raw_entry_report_out001,model_depends_on,depends on,current,1.0,03_std_entry_report.sql
edge:model-depends-on:model-std-entry-report:model-raw-entry-report-out002,model:std_entry_report,model:raw_entry_report_out002,model_depends_on,depends on,current,1.0,03_std_entry_report.sql
edge:model-depends-on:model-std-entry-report:model-raw-entry-report-out003,model:std_entry_report,model:raw_entry_report_out003,model_depends_on,depends on,current,1.0,03_std_entry_report.sql
edge:model-depends-on:model-std-inventory-closing-report:model-raw-inventory-closing-report-out001,model:std_inventory_closing_report,model:raw_inventory_closing_report_out001,model_depends_on,depends on,current,1.0,04_std_inventory_closing_report.sql
edge:model-depends-on:model-std-inventory-closing-report:model-raw-inventory-closing-report-out002,model:std_inventory_closing_report,model:raw_inventory_closing_report_out002,model_depends_on,depends on,current,1.0,04_std_inventory_closing_report.sql
edge:model-depends-on:model-std-inventory-closing-report:model-raw-inventory-closing-report-out003,model:std_inventory_closing_report,model:raw_inventory_closing_report_out003,model_depends_on,depends on,current,1.0,04_std_inventory_closing_report.sql
edge:model-depends-on:model-std-menu-master:model-raw-menu-master,model:std_menu_master,model:raw_menu_master,model_depends_on,depends on,current,1.0,05_std_menu_master.sql
edge:model-depends-on:model-std-vendor-report:model-raw-vendor-report,model:std_vendor_report,model:raw_vendor_report,model_depends_on,depends on,current,1.0,06_std_vendor_report.sql
edge:model-depends-on:model-std-recipe-bom:model-raw-brand-recipe-consumption,model:std_recipe_bom,model:raw_brand_recipe_consumption,model_depends_on,depends on,current,1.0,07_std_recipe_bom.sql
edge:model-depends-on:model-std-holiday-calendar:model-raw-indian-calendar-holidays,model:std_holiday_calendar,model:raw_indian_calendar_holidays,model_depends_on,depends on,current,1.0,08_std_holiday_calendar.sql
edge:model-depends-on:model-std-manual-events:model-raw-manual-calendar-events,model:std_manual_events,model:raw_manual_calendar_events,model_depends_on,depends on,current,1.0,09_std_manual_events.sql
edge:model-depends-on:model-std-competitor-pricing:model-raw-competitor-pricing,model:std_competitor_pricing,model:raw_competitor_pricing,model_depends_on,depends on,current,1.0,10_std_competitor_pricing.sql
edge:model-depends-on:model-dim-date:model-std-entry-report,model:dim_date,model:std_entry_report,model_depends_on,depends on,current,1.0,11_dim_date.sql
edge:model-depends-on:model-dim-date:model-std-holiday-calendar,model:dim_date,model:std_holiday_calendar,model_depends_on,depends on,current,1.0,11_dim_date.sql
edge:model-depends-on:model-dim-date:model-std-inventory-closing-report,model:dim_date,model:std_inventory_closing_report,model_depends_on,depends on,current,1.0,11_dim_date.sql
edge:model-depends-on:model-dim-date:model-std-manual-events,model:dim_date,model:std_manual_events,model_depends_on,depends on,current,1.0,11_dim_date.sql
edge:model-depends-on:model-dim-date:model-std-purchase-report,model:dim_date,model:std_purchase_report,model_depends_on,depends on,current,1.0,11_dim_date.sql
edge:model-depends-on:model-dim-date:model-std-sales-report,model:dim_date,model:std_sales_report,model_depends_on,depends on,current,1.0,11_dim_date.sql
edge:model-depends-on:model-dim-menu-item:model-std-menu-master,model:dim_menu_item,model:std_menu_master,model_depends_on,depends on,current,1.0,13_dim_menu_item.sql
edge:model-depends-on:model-dim-menu-item:model-std-sales-report,model:dim_menu_item,model:std_sales_report,model_depends_on,depends on,current,1.0,13_dim_menu_item.sql
edge:model-depends-on:model-dim-vendor:model-std-entry-report,model:dim_vendor,model:std_entry_report,model_depends_on,depends on,current,1.0,14_dim_vendor.sql
edge:model-depends-on:model-dim-vendor:model-std-purchase-report,model:dim_vendor,model:std_purchase_report,model_depends_on,depends on,current,1.0,14_dim_vendor.sql
edge:model-depends-on:model-dim-vendor:model-std-vendor-report,model:dim_vendor,model:std_vendor_report,model_depends_on,depends on,current,1.0,14_dim_vendor.sql
edge:model-depends-on:model-dim-ingredient:model-std-entry-report,model:dim_ingredient,model:std_entry_report,model_depends_on,depends on,current,1.0,15_dim_ingredient.sql
edge:model-depends-on:model-dim-ingredient:model-std-inventory-closing-report,model:dim_ingredient,model:std_inventory_closing_report,model_depends_on,depends on,current,1.0,15_dim_ingredient.sql
edge:model-depends-on:model-dim-ingredient:model-std-purchase-report,model:dim_ingredient,model:std_purchase_report,model_depends_on,depends on,current,1.0,15_dim_ingredient.sql
edge:model-depends-on:model-dim-ingredient:model-std-recipe-bom,model:dim_ingredient,model:std_recipe_bom,model_depends_on,depends on,current,1.0,15_dim_ingredient.sql
edge:model-depends-on:model-dim-event:model-std-manual-events,model:dim_event,model:std_manual_events,model_depends_on,depends on,current,1.0,16_dim_event.sql
edge:model-depends-on:model-fact-sales:model-dim-menu-item,model:fact_sales,model:dim_menu_item,model_depends_on,depends on,current,1.0,17_fact_sales.sql
edge:model-depends-on:model-fact-sales:model-std-holiday-calendar,model:fact_sales,model:std_holiday_calendar,model_depends_on,depends on,current,1.0,17_fact_sales.sql
edge:model-depends-on:model-fact-sales:model-std-sales-report,model:fact_sales,model:std_sales_report,model_depends_on,depends on,current,1.0,17_fact_sales.sql
edge:model-depends-on:model-fact-purchase-order:model-dim-ingredient,model:fact_purchase_order,model:dim_ingredient,model_depends_on,depends on,current,1.0,18_fact_purchase_order.sql
edge:model-depends-on:model-fact-purchase-order:model-dim-vendor,model:fact_purchase_order,model:dim_vendor,model_depends_on,depends on,current,1.0,18_fact_purchase_order.sql
edge:model-depends-on:model-fact-purchase-order:model-std-purchase-report,model:fact_purchase_order,model:std_purchase_report,model_depends_on,depends on,current,1.0,18_fact_purchase_order.sql
edge:model-depends-on:model-fact-entry-receipt:model-dim-ingredient,model:fact_entry_receipt,model:dim_ingredient,model_depends_on,depends on,current,1.0,19_fact_entry_receipt.sql
edge:model-depends-on:model-fact-entry-receipt:model-dim-vendor,model:fact_entry_receipt,model:dim_vendor,model_depends_on,depends on,current,1.0,19_fact_entry_receipt.sql
edge:model-depends-on:model-fact-entry-receipt:model-std-entry-report,model:fact_entry_receipt,model:std_entry_report,model_depends_on,depends on,current,1.0,19_fact_entry_receipt.sql
edge:model-depends-on:model-fact-inventory-closing:model-dim-ingredient,model:fact_inventory_closing,model:dim_ingredient,model_depends_on,depends on,current,1.0,20_fact_inventory_closing.sql
edge:model-depends-on:model-fact-inventory-closing:model-std-inventory-closing-report,model:fact_inventory_closing,model:std_inventory_closing_report,model_depends_on,depends on,current,1.0,20_fact_inventory_closing.sql
edge:model-depends-on:model-fact-theoretical-consumption:model-fact-sales,model:fact_theoretical_consumption,model:fact_sales,model_depends_on,depends on,current,1.0,21_fact_theoretical_consumption.sql
edge:model-depends-on:model-fact-theoretical-consumption:model-std-recipe-bom,model:fact_theoretical_consumption,model:std_recipe_bom,model_depends_on,depends on,current,1.0,21_fact_theoretical_consumption.sql
edge:model-depends-on:model-fact-po-receipt-comparison:model-fact-entry-receipt,model:fact_po_receipt_comparison,model:fact_entry_receipt,model_depends_on,depends on,current,1.0,22_fact_po_receipt_comparison.sql
edge:model-depends-on:model-fact-po-receipt-comparison:model-fact-purchase-order,model:fact_po_receipt_comparison,model:fact_purchase_order,model_depends_on,depends on,current,1.0,22_fact_po_receipt_comparison.sql
edge:model-depends-on:model-fact-event-sales-impact:model-dim-event,model:fact_event_sales_impact,model:dim_event,model_depends_on,depends on,current,1.0,23_fact_event_sales_impact.sql
edge:model-depends-on:model-fact-event-sales-impact:model-fact-sales,model:fact_event_sales_impact,model:fact_sales,model_depends_on,depends on,current,1.0,23_fact_event_sales_impact.sql
edge:model-depends-on:model-fact-competitor-price-position:model-fact-sales,model:fact_competitor_price_position,model:fact_sales,model_depends_on,depends on,current,1.0,24_fact_competitor_price_position.sql
edge:model-depends-on:model-fact-competitor-price-position:model-std-competitor-pricing,model:fact_competitor_price_position,model:std_competitor_pricing,model_depends_on,depends on,current,1.0,24_fact_competitor_price_position.sql
edge:model-depends-on:model-fact-outlet-daily-health:model-dim-event,model:fact_outlet_daily_health,model:dim_event,model_depends_on,depends on,current,1.0,25_fact_outlet_daily_health.sql
edge:model-depends-on:model-fact-outlet-daily-health:model-fact-entry-receipt,model:fact_outlet_daily_health,model:fact_entry_receipt,model_depends_on,depends on,current,1.0,25_fact_outlet_daily_health.sql
edge:model-depends-on:model-fact-outlet-daily-health:model-fact-inventory-closing,model:fact_outlet_daily_health,model:fact_inventory_closing,model_depends_on,depends on,current,1.0,25_fact_outlet_daily_health.sql
edge:model-depends-on:model-fact-outlet-daily-health:model-fact-purchase-order,model:fact_outlet_daily_health,model:fact_purchase_order,model_depends_on,depends on,current,1.0,25_fact_outlet_daily_health.sql
edge:model-depends-on:model-fact-outlet-daily-health:model-fact-sales,model:fact_outlet_daily_health,model:fact_sales,model_depends_on,depends on,current,1.0,25_fact_outlet_daily_health.sql
edge:model-depends-on:model-sum-vendor-share:model-fact-vendor-spend,model:sum_vendor_share,model:fact_vendor_spend,model_depends_on,depends on,current,1.0,26_sum_vendor_share.sql
edge:model-depends-on:model-sum-inventory-risk:model-fact-inventory-closing,model:sum_inventory_risk,model:fact_inventory_closing,model_depends_on,depends on,current,1.0,27_sum_inventory_risk.sql
edge:model-depends-on:model-sum-inventory-risk:model-fact-theoretical-consumption,model:sum_inventory_risk,model:fact_theoretical_consumption,model_depends_on,depends on,current,1.0,27_sum_inventory_risk.sql
edge:model-depends-on:model-sum-event-impact:model-fact-event-sales-impact,model:sum_event_impact,model:fact_event_sales_impact,model_depends_on,depends on,current,1.0,28_sum_event_impact.sql
edge:model-depends-on:model-sum-competitor-positioning:model-fact-competitor-price-position,model:sum_competitor_positioning,model:fact_competitor_price_position,model_depends_on,depends on,current,1.0,29_sum_competitor_positioning.sql
edge:model-depends-on:model-dim-holiday:model-std-holiday-calendar,model:dim_holiday,model:std_holiday_calendar,model_depends_on,depends on,current,1.0,30_dim_holiday.sql
edge:model-depends-on:model-dim-competitor:model-std-competitor-pricing,model:dim_competitor,model:std_competitor_pricing,model_depends_on,depends on,current,1.0,31_dim_competitor.sql
edge:model-depends-on:model-fact-vendor-spend:model-fact-entry-receipt,model:fact_vendor_spend,model:fact_entry_receipt,model_depends_on,depends on,current,1.0,32_fact_vendor_spend.sql
edge:model-depends-on:model-fact-vendor-spend:model-fact-purchase-order,model:fact_vendor_spend,model:fact_purchase_order,model_depends_on,depends on,current,1.0,32_fact_vendor_spend.sql
edge:model-depends-on:model-sum-executive-kpis:model-dim-event,model:sum_executive_kpis,model:dim_event,model_depends_on,depends on,current,1.0,33_sum_executive_kpis.sql
edge:model-depends-on:model-sum-executive-kpis:model-dim-outlet,model:sum_executive_kpis,model:dim_outlet,model_depends_on,depends on,current,1.0,33_sum_executive_kpis.sql
edge:model-depends-on:model-sum-executive-kpis:model-fact-inventory-closing,model:sum_executive_kpis,model:fact_inventory_closing,model_depends_on,depends on,current,1.0,33_sum_executive_kpis.sql
edge:model-depends-on:model-sum-executive-kpis:model-fact-sales,model:sum_executive_kpis,model:fact_sales,model_depends_on,depends on,current,1.0,33_sum_executive_kpis.sql
edge:model-depends-on:model-sum-executive-kpis:model-fact-vendor-spend,model:sum_executive_kpis,model:fact_vendor_spend,model_depends_on,depends on,current,1.0,33_sum_executive_kpis.sql
edge:model-depends-on:model-sum-outlet-health:model-fact-outlet-daily-health,model:sum_outlet_health,model:fact_outlet_daily_health,model_depends_on,depends on,current,1.0,34_sum_outlet_health.sql
edge:model-depends-on:model-sum-sales-category-mix:model-fact-sales,model:sum_sales_category_mix,model:fact_sales,model_depends_on,depends on,current,1.0,35_sum_sales_category_mix.sql
edge:model-depends-on:model-sum-menu-item-performance:model-fact-sales,model:sum_menu_item_performance,model:fact_sales,model_depends_on,depends on,current,1.0,36_sum_menu_item_performance.sql
edge:model-depends-on:model-sum-menu-item-performance:model-std-competitor-pricing,model:sum_menu_item_performance,model:std_competitor_pricing,model_depends_on,depends on,current,1.0,36_sum_menu_item_performance.sql
edge:model-depends-on:model-sum-event-markers:model-fact-event-sales-impact,model:sum_event_markers,model:fact_event_sales_impact,model_depends_on,depends on,current,1.0,37_sum_event_markers.sql
edge:api-maps-to-model:api-rw-api-029:model-fact-entry-receipt,api:rw_api_029,model:fact_entry_receipt,api_maps_to_model,candidate model target,candidate_not_uat_verified,0.8,Confirm whether stock_entry equals GRN/receipt for ABNAH and whether PO number is always present.
edge:api-maps-to-model:api-rw-api-029:model-fact-inventory-movement,api:rw_api_029,model:fact_inventory_movement,api_maps_to_model,candidate model target,candidate_not_uat_verified,0.8,Confirm whether stock_entry equals GRN/receipt for ABNAH and whether PO number is always present.
edge:api-maps-to-model:api-rw-api-029:model-fact-po-receipt-comparison,api:rw_api_029,model:fact_po_receipt_comparison,api_maps_to_model,candidate model target,candidate_not_uat_verified,0.8,Confirm if entity=po includes full PO status lifecycle and PO-to-GRN linkage.
edge:api-maps-to-model:api-rw-api-029:model-fact-purchase-order,api:rw_api_029,model:fact_purchase_order,api_maps_to_model,candidate model target,candidate_not_uat_verified,0.8,Confirm if entity=po includes full PO status lifecycle and PO-to-GRN linkage.
edge:api-maps-to-model:api-rw-api-029:model-fact-inventory-closing,api:rw_api_029,model:fact_inventory_closing,api_maps_to_model,candidate model target,candidate_not_uat_verified,0.8,Confirm whether this can replace or validate daily closing stock.
edge:api-maps-to-model:api-rw-api-029:model-fact-physical-stock-count,api:rw_api_029,model:fact_physical_stock_count,api_maps_to_model,candidate model target,candidate_not_uat_verified,0.8,Confirm whether this can replace or validate daily closing stock.
edge:api-maps-to-model:api-rw-api-029:model-fact-inventory-wastage,api:rw_api_029,model:fact_inventory_wastage,api_maps_to_model,candidate model target,candidate_not_uat_verified,0.8,Confirm reason/comment fields and whether wastage has approval/status fields.
edge:api-maps-to-model:api-rw-api-029:model-sum-inventory-risk,api:rw_api_029,model:sum_inventory_risk,api_maps_to_model,candidate model target,candidate_not_uat_verified,0.8,Confirm reason/comment fields and whether wastage has approval/status fields.
edge:api-maps-to-model:api-rw-api-029:model-fact-vendor-return,api:rw_api_029,model:fact_vendor_return,api_maps_to_model,candidate model target,candidate_not_uat_verified,0.8,Confirm whether returns include rejection/QC reason and original GRN/PO reference.
edge:api-maps-to-model:api-rw-api-029:model-fact-actual-consumption,api:rw_api_029,model:fact_actual_consumption,api_maps_to_model,candidate model target,candidate_not_uat_verified,0.6,"Confirm whether stock_sale represents raw-material consumption, internal sale, or another inventory movement type."
edge:api-maps-to-model:api-rw-api-030:model-fact-indent,api:rw_api_030,model:fact_indent,api_maps_to_model,candidate model target,candidate_not_uat_verified,0.8,Confirm whether receiving quantities and partial status are returned for receiver view.
edge:api-maps-to-model:api-rw-api-030:model-fact-interstore-transfer-request,api:rw_api_030,model:fact_interstore_transfer_request,api_maps_to_model,candidate model target,candidate_not_uat_verified,0.8,Confirm whether receiving quantities and partial status are returned for receiver view.
edge:api-maps-to-model:api-rw-api-001:model-fact-bill-item-line,api:rw_api_001,model:fact_bill_item_line,api_maps_to_model,candidate model target,candidate_not_uat_verified,0.8,Need item id/code consistency with recipe/BOM item mapping.
edge:api-maps-to-model:api-rw-api-001:model-fact-sales,api:rw_api_001,model:fact_sales,api_maps_to_model,candidate model target,candidate_not_uat_verified,0.8,Need item id/code consistency with recipe/BOM item mapping.
edge:api-maps-to-model:api-rw-api-002:model-fact-invoice-summary,api:rw_api_002,model:fact_invoice_summary,api_maps_to_model,candidate model target,candidate_not_uat_verified,0.6,Useful for reconciliation but not enough for item-level consumption.
edge:api-maps-to-model:api-rw-api-002:model-sum-sales-validation,api:rw_api_002,model:sum_sales_validation,api_maps_to_model,candidate model target,candidate_not_uat_verified,0.6,Useful for reconciliation but not enough for item-level consumption.
edge:api-maps-to-model:api-rw-api-004:model-dim-menu-category,api:rw_api_004,model:dim_menu_category,api_maps_to_model,candidate model target,candidate_not_uat_verified,0.8,Confirm which menu API version ABNAH uses and whether menu item ids match bill item ids.
edge:api-maps-to-model:api-rw-api-004:model-dim-menu-item,api:rw_api_004,model:dim_menu_item,api_maps_to_model,candidate model target,candidate_not_uat_verified,0.8,Confirm which menu API version ABNAH uses and whether menu item ids match bill item ids.
edge:api-maps-to-model:api-rw-api-005:model-fact-menu-availability,api:rw_api_005,model:fact_menu_availability,api_maps_to_model,candidate model target,candidate_not_uat_verified,0.6,"Treat as online availability signal, not inventory truth."
