page,section,report_name,report_folder,priority_domain,capture_method,schema_source_status,filters_count,headers_count,hscroll_count,vscroll_count,exports_count,notes_count,screenshot_required_rule,schema_template_path,next_action
p1_main,01_sales_analysis,Outlet Sales,p1_main/01_sales_analysis/01_outlet_sales,sales_revenue,screenshots_ocr_then_schema_index,screenshot_schema_and_filter_available,1,0,2,0,0,0,already screenshot-first; OCR headers/hscroll segments and preserve filter/context screenshots,,run OCR later and extract field list
p1_main,01_sales_analysis,Brand Order Type Sales,p1_main/01_sales_analysis/02_brand_order_type_sales,sales_revenue,screenshots_ocr_then_schema_index,screenshot_schema_and_filter_available,1,0,2,0,0,0,already screenshot-first; OCR headers/hscroll segments and preserve filter/context screenshots,,run OCR later and extract field list
p1_main,01_sales_analysis,Hourly Sales Analysis,p1_main/01_sales_analysis/03_hourly_sales_analysis,sales_revenue,screenshots_ocr_then_schema_index,screenshot_schema_and_filter_available,1,1,0,0,0,1,already screenshot-first; OCR headers/hscroll segments and preserve filter/context screenshots,,run OCR later and extract field list
p1_main,01_sales_analysis,Hourly Item Sales Analysis,p1_main/01_sales_analysis/04_hourly_item_sales_analysis,sales_revenue,screenshots_ocr_then_schema_index,screenshot_schema_and_filter_available,1,0,2,0,0,0,already screenshot-first; OCR headers/hscroll segments and preserve filter/context screenshots,,run OCR later and extract field list
p1_main,01_sales_analysis,Daily Item Sales Analysis,p1_main/01_sales_analysis/05_daily_item_sales_analysis,sales_revenue,screenshots_ocr_then_schema_index,screenshot_schema_and_filter_available,1,1,0,0,0,0,already screenshot-first; OCR headers/hscroll segments and preserve filter/context screenshots,,run OCR later and extract field list
p1_main,01_sales_analysis,Consolidated Hourly Sales,p1_main/01_sales_analysis/06_consolidated_hourly_sales,sales_revenue,screenshots_ocr_then_schema_index,screenshot_schema_and_filter_available,1,1,0,0,0,0,already screenshot-first; OCR headers/hscroll segments and preserve filter/context screenshots,,run OCR later and extract field list
p1_main,01_sales_analysis,Consolidated Hourly Sales Tabwise,p1_main/01_sales_analysis/07_consolidated_hourly_sales_tabwise,sales_revenue,screenshots_ocr_then_schema_index,screenshot_schema_and_filter_available,1,1,0,0,0,0,already screenshot-first; OCR headers/hscroll segments and preserve filter/context screenshots,,run OCR later and extract field list
p1_main,01_sales_analysis,Daily Sales,p1_main/01_sales_analysis/08_daily_sales,sales_revenue,screenshots_ocr_then_schema_index,screenshot_schema_and_filter_available,1,0,2,0,0,0,already screenshot-first; OCR headers/hscroll segments and preserve filter/context screenshots,,run OCR later and extract field list
p1_main,01_sales_analysis,Daily Sales Analysis,p1_main/01_sales_analysis/09_daily_sales_analysis,sales_revenue,screenshots_ocr_then_schema_index,screenshot_schema_and_filter_available,1,0,3,0,0,0,already screenshot-first; OCR headers/hscroll segments and preserve filter/context screenshots,,run OCR later and extract field list
p1_main,01_sales_analysis,Daily Sales Tabwise,p1_main/01_sales_analysis/10_daily_sales_tabwise,sales_revenue,screenshots_ocr_then_schema_index,screenshot_schema_and_filter_available,1,0,2,0,0,0,already screenshot-first; OCR headers/hscroll segments and preserve filter/context screenshots,,run OCR later and extract field list
p1_main,01_sales_analysis,Daily Sales Sourcewise,p1_main/01_sales_analysis/11_daily_sales_sourcewise,sales_revenue,screenshots_ocr_then_schema_index,screenshot_schema_and_filter_available,1,0,2,0,0,0,already screenshot-first; OCR headers/hscroll segments and preserve filter/context screenshots,,run OCR later and extract field list
p1_main,01_sales_analysis,Daily Sales With Categories,p1_main/01_sales_analysis/12_daily_sales_with_categories,sales_revenue,screenshots_ocr_then_schema_index,screenshot_schema_and_filter_available,1,0,5,0,0,0,already screenshot-first; OCR headers/hscroll segments and preserve filter/context screenshots,,run OCR later and extract field list
p1_main,01_sales_analysis,Item Hourly Sales By Tab,p1_main/01_sales_analysis/13_item_hourly_sales_by_tab,sales_revenue,screenshots_ocr_then_schema_index,screenshot_schema_and_filter_available,1,1,0,0,0,0,already screenshot-first; OCR headers/hscroll segments and preserve filter/context screenshots,,run OCR later and extract field list
p1_main,01_sales_analysis,Hourly Sales By Source,p1_main/01_sales_analysis/14_hourly_sales_by_source,sales_revenue,screenshots_ocr_then_schema_index,screenshot_schema_and_filter_available,1,1,0,0,0,0,already screenshot-first; OCR headers/hscroll segments and preserve filter/context screenshots,,run OCR later and extract field list
p1_main,01_sales_analysis,Day Part Sales,p1_main/01_sales_analysis/15_day_part_sales,sales_revenue,screenshots_ocr_then_schema_index,screenshot_schema_and_filter_available,1,2,0,1,0,0,already screenshot-first; OCR headers/hscroll segments and preserve filter/context screenshots,,run OCR later and extract field list
p1_main,01_sales_analysis,Day Part Product Sales,p1_main/01_sales_analysis/16_day_part_product_sales,sales_revenue,screenshots_ocr_then_schema_index,screenshot_schema_and_filter_available,1,1,0,0,0,1,already screenshot-first; OCR headers/hscroll segments and preserve filter/context screenshots,,run OCR later and extract field list
p1_main,01_sales_analysis,day_part_product_detailed,p1_main/01_sales_analysis/17_day_part_product_detailed,sales_revenue,screenshots_ocr_then_schema_index,screenshot_schema_and_filter_available,1,0,2,0,0,0,already screenshot-first; OCR headers/hscroll segments and preserve filter/context screenshots,,run OCR later and extract field list
p1_main,01_sales_analysis,Brand Sales,p1_main/01_sales_analysis/18_brand_sales,sales_revenue,screenshots_ocr_then_schema_index,filter_and_context_only_needs_schema,1,0,0,3,0,1,already screenshot-first; OCR headers/hscroll segments and preserve filter/context screenshots,,capture/paste headers or export if report is still needed
p1_main,01_sales_analysis,Sales Contribution,p1_main/01_sales_analysis/19_sales_contribution,sales_revenue,screenshots_ocr_then_schema_index,screenshot_schema_and_filter_available,1,0,5,0,0,0,already screenshot-first; OCR headers/hscroll segments and preserve filter/context screenshots,,run OCR later and extract field list
p1_main,01_sales_analysis,Billwise Section Sales Analysis,p1_main/01_sales_analysis/20_billwise_section_sales_analysis,sales_revenue,screenshots_ocr_then_schema_index,screenshot_schema_and_filter_available,1,0,2,0,0,0,already screenshot-first; OCR headers/hscroll segments and preserve filter/context screenshots,,run OCR later and extract field list
p1_main,01_sales_analysis,section_sales_analysis,p1_main/01_sales_analysis/21_section_sales_analysis,sales_revenue,screenshots_ocr_then_schema_index,screenshot_schema_and_filter_available,1,0,3,0,0,0,already screenshot-first; OCR headers/hscroll segments and preserve filter/context screenshots,,run OCR later and extract field list
p1_main,01_sales_analysis,source_analysis_summary,p1_main/01_sales_analysis/22_source_analysis_summary,sales_revenue,screenshots_ocr_then_schema_index,screenshot_schema_and_filter_available,1,0,2,0,0,0,already screenshot-first; OCR headers/hscroll segments and preserve filter/context screenshots,,run OCR later and extract field list
p1_main,01_sales_analysis,source_wise_tab_wise_item_analysis,p1_main/01_sales_analysis/23_source_wise_tab_wise_item_analysis,sales_revenue,screenshots_ocr_then_schema_index,screenshot_schema_and_filter_available,1,0,2,0,0,0,already screenshot-first; OCR headers/hscroll segments and preserve filter/context screenshots,,run OCR later and extract field list
p1_main,02_settlements,Settlement Analysis,p1_main/02_settlements/01_settlement_analysis,sales_revenue,screenshots_ocr_then_schema_index,screenshot_schema_and_filter_available,1,1,0,0,0,0,already screenshot-first; OCR headers/hscroll segments and preserve filter/context screenshots,,run OCR later and extract field list
p1_main,02_settlements,Settlement Analysis Consolidated,p1_main/02_settlements/02_settlement_analysis_consolidated,sales_revenue,screenshots_ocr_then_schema_index,screenshot_schema_and_filter_available,1,1,0,0,0,0,already screenshot-first; OCR headers/hscroll segments and preserve filter/context screenshots,,run OCR later and extract field list
p1_main,02_settlements,Daily Payments Breakup,p1_main/02_settlements/03_daily_payments_breakup,sales_revenue,screenshots_ocr_then_schema_index,screenshot_schema_and_filter_available,1,1,0,0,0,0,already screenshot-first; OCR headers/hscroll segments and preserve filter/context screenshots,,run OCR later and extract field list
p1_main,02_settlements,Daily Payments Breakup Consolidated,p1_main/02_settlements/04_daily_payments_breakup_consolidate,sales_revenue,screenshots_ocr_then_schema_index,screenshot_schema_and_filter_available,1,1,0,0,0,0,already screenshot-first; OCR headers/hscroll segments and preserve filter/context screenshots,,run OCR later and extract field list
p1_main,02_settlements,Billwise Settlement Analysis,p1_main/02_settlements/05_billwise_settlement_analysis,sales_revenue,screenshots_ocr_then_schema_index,screenshot_schema_and_filter_available,1,0,2,0,0,0,already screenshot-first; OCR headers/hscroll segments and preserve filter/context screenshots,,run OCR later and extract field list
p1_main,02_settlements,Enterprise BTC Report,p1_main/02_settlements/06_enterprise_btc_report,sales_revenue,screenshots_ocr_then_schema_index,screenshot_schema_and_filter_available,1,1,0,0,0,0,already screenshot-first; OCR headers/hscroll segments and preserve filter/context screenshots,,run OCR later and extract field list
p1_main,03_discounts_offers,Daily Item Wise Discount,p1_main/03_discounts_offers/01_daily_item_wise_discount,sales_revenue,screenshots_ocr_then_schema_index,screenshot_schema_and_filter_available,1,1,0,0,0,0,already screenshot-first; OCR headers/hscroll segments and preserve filter/context screenshots,,run OCR later and extract field list
p1_main,03_discounts_offers,Daily Discount Billwise,p1_main/03_discounts_offers/02_daily_discount_billwise,sales_revenue,screenshots_ocr_then_schema_index,screenshot_schema_and_filter_available,1,0,2,0,0,0,already screenshot-first; OCR headers/hscroll segments and preserve filter/context screenshots,,run OCR later and extract field list
p1_main,03_discounts_offers,Offers Analysis,p1_main/03_discounts_offers/03_offers_analysis,sales_revenue,screenshots_ocr_then_schema_index,filter_only_needs_schema,1,0,0,0,0,0,already screenshot-first; OCR headers/hscroll segments and preserve filter/context screenshots,,capture/paste headers or export if report is still needed
p1_main,03_discounts_offers,Offer Budget,p1_main/03_discounts_offers/04_offer_budget,sales_revenue,screenshots_ocr_then_schema_index,screenshot_schema_and_filter_available,1,1,0,0,0,0,already screenshot-first; OCR headers/hscroll segments and preserve filter/context screenshots,,run OCR later and extract field list
p1_main,03_discounts_offers,Discount Billwise Analysis,p1_main/03_discounts_offers/05_discount_billwise_analysis,sales_revenue,screenshots_ocr_then_schema_index,screenshot_schema_and_filter_available,1,0,2,0,0,0,already screenshot-first; OCR headers/hscroll segments and preserve filter/context screenshots,,run OCR later and extract field list
p1_main,03_discounts_offers,Offer Code Report,p1_main/03_discounts_offers/06_offer_code_report,sales_revenue,screenshots_ocr_then_schema_index,screenshot_schema_and_filter_available,1,1,0,0,0,0,already screenshot-first; OCR headers/hscroll segments and preserve filter/context screenshots,,run OCR later and extract field list
p1_main,03_discounts_offers,Offer Code Usage Report,p1_main/03_discounts_offers/07_offer_code_usage_report,sales_revenue,screenshots_ocr_then_schema_index,screenshot_schema_and_filter_available,1,1,0,0,0,0,already screenshot-first; OCR headers/hscroll segments and preserve filter/context screenshots,,run OCR later and extract field list
p1_main,03_discounts_offers,Discount And Complimentary Analysis,p1_main/03_discounts_offers/08_discount_and_complimentary_analysi,sales_revenue,screenshots_ocr_then_schema_index,screenshot_schema_available_filter_missing_or_common,0,0,2,0,0,0,already screenshot-first; OCR headers/hscroll segments and preserve filter/context screenshots,,run OCR later and extract field list
p1_main,03_discounts_offers,Entp Item Based Offer,p1_main/03_discounts_offers/09_entp_item_based_offer,sales_revenue,screenshots_ocr_then_schema_index,screenshot_schema_and_filter_available,1,1,0,0,0,0,already screenshot-first; OCR headers/hscroll segments and preserve filter/context screenshots,,run OCR later and extract field list
p1_main,03_discounts_offers,Complimentary Head,p1_main/03_discounts_offers/10_complimentary_head,sales_revenue,screenshots_ocr_then_schema_index,not_captured,0,0,0,0,0,0,already screenshot-first; OCR headers/hscroll segments and preserve filter/context screenshots,,capture/paste headers or export if report is still needed
p1_main,03_discounts_offers,Complimentary Head Itemwise,p1_main/03_discounts_offers/11_complimentary_head_itemwise,sales_revenue,screenshots_ocr_then_schema_index,screenshot_schema_and_filter_available,1,1,0,0,0,0,already screenshot-first; OCR headers/hscroll segments and preserve filter/context screenshots,,run OCR later and extract field list
p1_main,03_discounts_offers,Consolidated Item Complimentary,p1_main/03_discounts_offers/12_consolidated_item_complimentary,sales_revenue,screenshots_ocr_then_schema_index,screenshot_schema_and_filter_available,1,1,0,0,0,0,already screenshot-first; OCR headers/hscroll segments and preserve filter/context screenshots,,run OCR later and extract field list
p1_main,04_tax_analysis,Daily Tax Analysis,p1_main/04_tax_analysis/01_daily_tax_analysis,sales_revenue,screenshots_ocr_then_schema_index,screenshot_schema_and_filter_available,1,1,0,0,0,0,already screenshot-first; OCR headers/hscroll segments and preserve filter/context screenshots,,run OCR later and extract field list
p1_main,04_tax_analysis,Daily No VAT Analysis,p1_main/04_tax_analysis/02_daily_no_vat_analysis,sales_revenue,screenshots_ocr_then_schema_index,screenshot_schema_and_filter_available,1,1,0,0,0,0,already screenshot-first; OCR headers/hscroll segments and preserve filter/context screenshots,,run OCR later and extract field list
p1_main,04_tax_analysis,Super Category Wise Daily Taxes,p1_main/04_tax_analysis/03_super_category_wise_daily_taxes,sales_revenue,screenshots_ocr_then_schema_index,screenshot_schema_and_filter_available,1,1,0,0,0,0,already screenshot-first; OCR headers/hscroll segments and preserve filter/context screenshots,,run OCR later and extract field list
p1_main,04_tax_analysis,Super Category Wise No VAT,p1_main/04_tax_analysis/04_super_category_wise_no_vat,sales_revenue,screenshots_ocr_then_schema_index,screenshot_schema_and_filter_available,1,1,0,0,0,0,already screenshot-first; OCR headers/hscroll segments and preserve filter/context screenshots,,run OCR later and extract field list
p1_main,04_tax_analysis,Tax Summary,p1_main/04_tax_analysis/05_tax_summary,sales_revenue,screenshots_ocr_then_schema_index,screenshot_schema_and_filter_available,1,0,3,0,0,0,already screenshot-first; OCR headers/hscroll segments and preserve filter/context screenshots,,run OCR later and extract field list
p1_main,05_performance,Menu Mix,p1_main/05_performance/01_menu_mix,sales_revenue,screenshots_ocr_then_schema_index,screenshot_schema_and_filter_available,1,1,0,0,0,0,already screenshot-first; OCR headers/hscroll segments and preserve filter/context screenshots,,run OCR later and extract field list
p1_main,05_performance,Category Analysis,p1_main/05_performance/02_category_analysis,sales_revenue,screenshots_ocr_then_schema_index,screenshot_schema_and_filter_available,1,1,0,0,0,0,already screenshot-first; OCR headers/hscroll segments and preserve filter/context screenshots,,run OCR later and extract field list
p1_main,05_performance,Super Category Sourcewise Sales,p1_main/05_performance/03_super_category_sourcewise_sales,sales_revenue,screenshots_ocr_then_schema_index,screenshot_schema_and_filter_available,1,1,0,0,0,0,already screenshot-first; OCR headers/hscroll segments and preserve filter/context screenshots,,run OCR later and extract field list
p1_main,05_performance,Super Category Tabwise Sourcewise Sales,p1_main/05_performance/04_super_category_tabwise_sourcewise,sales_revenue,screenshots_ocr_then_schema_index,screenshot_schema_available_filter_missing_or_common,0,1,0,0,0,0,already screenshot-first; OCR headers/hscroll segments and preserve filter/context screenshots,,run OCR later and extract field list
p1_main,05_performance,Item Analysis,p1_main/05_performance/05_item_analysis,sales_revenue,screenshots_ocr_then_schema_index,screenshot_schema_and_filter_available,1,0,2,0,0,0,already screenshot-first; OCR headers/hscroll segments and preserve filter/context screenshots,,run OCR later and extract field list
p1_main,05_performance,item_source_report,p1_main/05_performance/06_item_source_report,sales_revenue,screenshots_ocr_then_schema_index,screenshot_schema_and_filter_available,1,1,0,0,0,0,already screenshot-first; OCR headers/hscroll segments and preserve filter/context screenshots,,run OCR later and extract field list
p1_main,05_performance,itemwise Enterprise,p1_main/05_performance/07_itemwise_enterprise,sales_revenue,screenshots_ocr_then_schema_index,screenshot_schema_and_filter_available,1,1,0,0,0,0,already screenshot-first; OCR headers/hscroll segments and preserve filter/context screenshots,,run OCR later and extract field list
p1_main,05_performance,Tab Wise Item Analysis,p1_main/05_performance/08_tab_wise_item_analysis,sales_revenue,screenshots_ocr_then_schema_index,screenshot_schema_and_filter_available,1,0,2,0,0,0,already screenshot-first; OCR headers/hscroll segments and preserve filter/context screenshots,,run OCR later and extract field list
p1_main,05_performance,item_incidence,p1_main/05_performance/09_item_incidence,sales_revenue,screenshots_ocr_then_schema_index,screenshot_schema_and_filter_available,1,1,0,0,0,0,already screenshot-first; OCR headers/hscroll segments and preserve filter/context screenshots,,run OCR later and extract field list
p1_main,05_performance,Highest And Lowest Selling Items,p1_main/05_performance/10_highest_and_lowest_selling_items,sales_revenue,screenshots_ocr_then_schema_index,screenshot_schema_and_filter_available,1,1,0,0,0,0,already screenshot-first; OCR headers/hscroll segments and preserve filter/context screenshots,,run OCR later and extract field list
p1_main,05_performance,Tab Wise Analysis,p1_main/05_performance/11_tab_wise_analysis,sales_revenue,screenshots_ocr_then_schema_index,screenshot_schema_and_filter_available,1,0,3,0,0,0,already screenshot-first; OCR headers/hscroll segments and preserve filter/context screenshots,,run OCR later and extract field list
p1_main,05_performance,Brand Performance Section Wise,p1_main/05_performance/12_brand_performance_section_wise,sales_revenue,screenshots_ocr_then_schema_index,screenshot_schema_and_filter_available,1,0,3,0,0,0,already screenshot-first; OCR headers/hscroll segments and preserve filter/context screenshots,,run OCR later and extract field list
p1_main,05_performance,Brand Performance Report,p1_main/05_performance/13_brand_performance_report,sales_revenue,screenshots_ocr_then_schema_index,screenshot_schema_and_filter_available,1,0,2,0,0,0,already screenshot-first; OCR headers/hscroll segments and preserve filter/context screenshots,,run OCR later and extract field list
p1_main,05_performance,Combo Report,p1_main/05_performance/14_combo_report,sales_revenue,screenshots_ocr_then_schema_index,screenshot_schema_and_filter_available,1,0,2,0,0,0,already screenshot-first; OCR headers/hscroll segments and preserve filter/context screenshots,,run OCR later and extract field list
p1_main,05_performance,Meal Count Report,p1_main/05_performance/15_meal_count_report,sales_revenue,screenshots_ocr_then_schema_index,screenshot_schema_and_filter_available,1,1,0,0,0,0,already screenshot-first; OCR headers/hscroll segments and preserve filter/context screenshots,,run OCR later and extract field list
p1_main,05_performance,user_attendance_report_detailed,p1_main/05_performance/16_user_attendance_report_detailed,sales_revenue,screenshots_ocr_then_schema_index,not_captured,0,0,0,0,0,0,already screenshot-first; OCR headers/hscroll segments and preserve filter/context screenshots,,capture/paste headers or export if report is still needed
p1_main,05_performance,user_attendance_report_summary,p1_main/05_performance/17_user_attendance_report_summary,sales_revenue,screenshots_ocr_then_schema_index,not_captured,0,0,0,0,0,0,already screenshot-first; OCR headers/hscroll segments and preserve filter/context screenshots,,capture/paste headers or export if report is still needed
p1_main,06_misc,Void Bill Item Wise,p1_main/06_misc/01_void_bill_item_wise,sales_revenue,screenshots_ocr_then_schema_index,not_captured,0,0,0,0,0,0,already screenshot-first; OCR headers/hscroll segments and preserve filter/context screenshots,,capture/paste headers or export if report is still needed
p1_main,06_misc,Cashier Report,p1_main/06_misc/02_cashier_report,sales_revenue,screenshots_ocr_then_schema_index,not_captured,0,0,0,0,0,0,already screenshot-first; OCR headers/hscroll segments and preserve filter/context screenshots,,capture/paste headers or export if report is still needed
p1_main,06_misc,Budget DSR Report,p1_main/06_misc/03_budget_dsr_report,sales_revenue,screenshots_ocr_then_schema_index,not_captured,0,0,0,0,0,0,already screenshot-first; OCR headers/hscroll segments and preserve filter/context screenshots,,capture/paste headers or export if report is still needed
p1_main,06_misc,CRM Report,p1_main/06_misc/04_crm_report,sales_revenue,screenshots_ocr_then_schema_index,not_captured,0,0,0,0,0,0,already screenshot-first; OCR headers/hscroll segments and preserve filter/context screenshots,,capture/paste headers or export if report is still needed
p1_main,06_misc,Voucher Report,p1_main/06_misc/05_voucher_report,sales_revenue,screenshots_ocr_then_schema_index,not_captured,0,0,0,0,0,0,already screenshot-first; OCR headers/hscroll segments and preserve filter/context screenshots,,capture/paste headers or export if report is still needed
p1_main,06_misc,sales_and_reload_report,p1_main/06_misc/06_sales_and_reload_report,sales_revenue,screenshots_ocr_then_schema_index,not_captured,0,0,0,0,0,0,already screenshot-first; OCR headers/hscroll segments and preserve filter/context screenshots,,capture/paste headers or export if report is still needed
p1_main,06_misc,msr_reload_report,p1_main/06_misc/07_msr_reload_report,sales_revenue,screenshots_ocr_then_schema_index,not_captured,0,0,0,0,0,0,already screenshot-first; OCR headers/hscroll segments and preserve filter/context screenshots,,capture/paste headers or export if report is still needed
p1_main,06_misc,Gift Card Report,p1_main/06_misc/08_gift_card_report,sales_revenue,screenshots_ocr_then_schema_index,not_captured,0,0,0,0,0,0,already screenshot-first; OCR headers/hscroll segments and preserve filter/context screenshots,,capture/paste headers or export if report is still needed
p1_main,06_misc,Super Categories DSR,p1_main/06_misc/09_super_categories_dsr,sales_revenue,screenshots_ocr_then_schema_index,not_captured,0,0,0,0,0,0,already screenshot-first; OCR headers/hscroll segments and preserve filter/context screenshots,,capture/paste headers or export if report is still needed
p1_main,06_misc,Online Orders Time Log,p1_main/06_misc/10_online_orders_time_log,sales_revenue,screenshots_ocr_then_schema_index,not_captured,0,0,0,0,0,0,already screenshot-first; OCR headers/hscroll segments and preserve filter/context screenshots,,capture/paste headers or export if report is still needed
p1_main,06_misc,Entp EDC Report,p1_main/06_misc/11_entp_edc_report,sales_revenue,screenshots_ocr_then_schema_index,not_captured,0,0,0,0,0,0,already screenshot-first; OCR headers/hscroll segments and preserve filter/context screenshots,,capture/paste headers or export if report is still needed
p1_main,06_misc,Entp Day Report,p1_main/06_misc/12_entp_day_report,sales_revenue,screenshots_ocr_then_schema_index,not_captured,0,0,0,0,0,0,already screenshot-first; OCR headers/hscroll segments and preserve filter/context screenshots,,capture/paste headers or export if report is still needed
p1_main,06_misc,Entp Reprint Report,p1_main/06_misc/13_entp_reprint_report,sales_revenue,screenshots_ocr_then_schema_index,not_captured,0,0,0,0,0,0,already screenshot-first; OCR headers/hscroll segments and preserve filter/context screenshots,,capture/paste headers or export if report is still needed
p1_main,06_misc,filter_invoices_report,p1_main/06_misc/14_filter_invoices_report,vendor_procurement,screenshots_ocr_then_schema_index,not_captured,0,0,0,0,0,0,already screenshot-first; OCR headers/hscroll segments and preserve filter/context screenshots,,capture/paste headers or export if report is still needed
p1_main,06_misc,item_out_of_stock,p1_main/06_misc/15_item_out_of_stock,inventory_consumption,screenshots_ocr_then_schema_index,not_captured,0,0,0,0,0,0,already screenshot-first; OCR headers/hscroll segments and preserve filter/context screenshots,,capture/paste headers or export if report is still needed
p1_main,06_misc,Whatsapp Message Report,p1_main/06_misc/16_whatsapp_message_report,sales_revenue,screenshots_ocr_then_schema_index,not_captured,0,0,0,0,0,0,already screenshot-first; OCR headers/hscroll segments and preserve filter/context screenshots,,capture/paste headers or export if report is still needed
p1_main,06_misc,Call Center Report,p1_main/06_misc/17_call_center_report,sales_revenue,screenshots_ocr_then_schema_index,not_captured,0,0,0,0,0,0,already screenshot-first; OCR headers/hscroll segments and preserve filter/context screenshots,,capture/paste headers or export if report is still needed
p1_main,06_misc,Item Recipe Report,p1_main/06_misc/18_item_recipe_report,inventory_consumption,screenshots_ocr_then_schema_index,not_captured,0,0,0,0,0,0,already screenshot-first; OCR headers/hscroll segments and preserve filter/context screenshots,,capture/paste headers or export if report is still needed
p1_main,06_misc,Refund Item Detail Report,p1_main/06_misc/19_refund_item_detail_report,sales_revenue,screenshots_ocr_then_schema_index,not_captured,0,0,0,0,0,0,already screenshot-first; OCR headers/hscroll segments and preserve filter/context screenshots,,capture/paste headers or export if report is still needed
p1_main,06_misc,Shift Report,p1_main/06_misc/20_shift_report,sales_revenue,screenshots_ocr_then_schema_index,not_captured,0,0,0,0,0,0,already screenshot-first; OCR headers/hscroll segments and preserve filter/context screenshots,,capture/paste headers or export if report is still needed
p1_main,06_misc,Expense Report,p1_main/06_misc/21_expense_report,sales_revenue,screenshots_ocr_then_schema_index,not_captured,0,0,0,0,0,0,already screenshot-first; OCR headers/hscroll segments and preserve filter/context screenshots,,capture/paste headers or export if report is still needed
p1_main,06_misc,Aggregator Status Report,p1_main/06_misc/22_aggregator_status_report,sales_revenue,screenshots_ocr_then_schema_index,not_captured,0,0,0,0,0,0,already screenshot-first; OCR headers/hscroll segments and preserve filter/context screenshots,,capture/paste headers or export if report is still needed
p1_main,06_misc,Staff Meal Report,p1_main/06_misc/23_staff_meal_report,sales_revenue,screenshots_ocr_then_schema_index,not_captured,0,0,0,0,0,0,already screenshot-first; OCR headers/hscroll segments and preserve filter/context screenshots,,capture/paste headers or export if report is still needed
p1_main,06_misc,Advance Booking Report,p1_main/06_misc/24_advance_booking_report,sales_revenue,screenshots_ocr_then_schema_index,not_captured,0,0,0,0,0,0,already screenshot-first; OCR headers/hscroll segments and preserve filter/context screenshots,,capture/paste headers or export if report is still needed
p1_main,06_misc,Removed Taxes Charges Report,p1_main/06_misc/25_removed_taxes_charges_report,sales_revenue,screenshots_ocr_then_schema_index,not_captured,0,0,0,0,0,0,already screenshot-first; OCR headers/hscroll segments and preserve filter/context screenshots,,capture/paste headers or export if report is still needed
p1_main,06_misc,Unknown Miscellaneous Report 26,p1_main/06_misc/26_unknown_miscellaneous_report_26,sales_revenue,screenshots_ocr_then_schema_index,not_captured,0,0,0,0,0,0,already screenshot-first; OCR headers/hscroll segments and preserve filter/context screenshots,,capture/paste headers or export if report is still needed
p1_main,06_misc,Unknown Miscellaneous Report 27,p1_main/06_misc/27_unknown_miscellaneous_report_27,sales_revenue,screenshots_ocr_then_schema_index,not_captured,0,0,0,0,0,0,already screenshot-first; OCR headers/hscroll segments and preserve filter/context screenshots,,capture/paste headers or export if report is still needed
p2_reports,01_analytics,Hourly Sales Report,p2_reports/01_analytics/01_hourly_sales_report,sales_revenue,csv_header_text_first_optional_screenshots,schema_text_template_ready,0,0,0,0,0,0,"not required when exact CSV headers are pasted; take screenshots only for no-export reports, unique filters, grouped/pivot layouts, or confusing totals",,paste CSV headers; screenshots only for no-export or confusing grouped reports
p2_reports,01_analytics,half_hourly_sales_report,p2_reports/01_analytics/02_half_hourly_sales_report,sales_revenue,csv_header_text_first_optional_screenshots,schema_text_template_ready,0,0,0,0,0,0,"not required when exact CSV headers are pasted; take screenshots only for no-export reports, unique filters, grouped/pivot layouts, or confusing totals",,paste CSV headers; screenshots only for no-export or confusing grouped reports
p2_reports,01_analytics,Hourly Sales By Category,p2_reports/01_analytics/03_hourly_sales_by_category,sales_revenue,csv_header_text_first_optional_screenshots,schema_text_template_ready,0,0,0,0,0,0,"not required when exact CSV headers are pasted; take screenshots only for no-export reports, unique filters, grouped/pivot layouts, or confusing totals",,paste CSV headers; screenshots only for no-export or confusing grouped reports
p2_reports,01_analytics,Growth Report,p2_reports/01_analytics/04_growth_report,sales_revenue,csv_header_text_first_optional_screenshots,schema_text_template_ready,0,0,0,0,0,0,"not required when exact CSV headers are pasted; take screenshots only for no-export reports, unique filters, grouped/pivot layouts, or confusing totals",,paste CSV headers; screenshots only for no-export or confusing grouped reports
p2_reports,01_analytics,Average Bill,p2_reports/01_analytics/05_average_bill,sales_revenue,csv_header_text_first_optional_screenshots,schema_text_template_ready,0,0,0,0,0,0,"not required when exact CSV headers are pasted; take screenshots only for no-export reports, unique filters, grouped/pivot layouts, or confusing totals",,paste CSV headers; screenshots only for no-export or confusing grouped reports
p2_reports,01_analytics,Income Analysis Report,p2_reports/01_analytics/06_income_analysis_report,sales_revenue,csv_header_text_first_optional_screenshots,schema_text_template_ready,0,0,0,0,0,0,"not required when exact CSV headers are pasted; take screenshots only for no-export reports, unique filters, grouped/pivot layouts, or confusing totals",,paste CSV headers; screenshots only for no-export or confusing grouped reports
p2_reports,01_analytics,Forecast Comparison Report,p2_reports/01_analytics/07_forecast_comparison_report,sales_revenue,csv_header_text_first_optional_screenshots,schema_text_template_ready,0,0,0,0,0,0,"not required when exact CSV headers are pasted; take screenshots only for no-export reports, unique filters, grouped/pivot layouts, or confusing totals",,paste CSV headers; screenshots only for no-export or confusing grouped reports
p2_reports,01_analytics,Food Cost Report,p2_reports/01_analytics/08_food_cost_report,inventory_consumption,csv_header_text_first_optional_screenshots,schema_text_template_ready,0,0,0,0,0,0,"not required when exact CSV headers are pasted; take screenshots only for no-export reports, unique filters, grouped/pivot layouts, or confusing totals",,paste CSV headers; screenshots only for no-export or confusing grouped reports
p2_reports,01_analytics,KDS Report,p2_reports/01_analytics/09_kds_report,sales_revenue,csv_header_text_first_optional_screenshots,schema_text_template_ready,0,0,0,0,0,0,"not required when exact CSV headers are pasted; take screenshots only for no-export reports, unique filters, grouped/pivot layouts, or confusing totals",,paste CSV headers; screenshots only for no-export or confusing grouped reports
p2_reports,01_analytics,Location Wise Sales,p2_reports/01_analytics/10_location_wise_sales,sales_revenue,csv_header_text_first_optional_screenshots,schema_text_template_ready,0,0,0,0,0,0,"not required when exact CSV headers are pasted; take screenshots only for no-export reports, unique filters, grouped/pivot layouts, or confusing totals",,paste CSV headers; screenshots only for no-export or confusing grouped reports
p2_reports,02_attendance,User Attendance Report,p2_reports/02_attendance/01_user_attendance_report,sales_revenue,csv_header_text_first_optional_screenshots,schema_text_template_ready,0,0,0,0,0,0,"not required when exact CSV headers are pasted; take screenshots only for no-export reports, unique filters, grouped/pivot layouts, or confusing totals",,paste CSV headers; screenshots only for no-export or confusing grouped reports
p2_reports,02_attendance,Single User Attendance Report,p2_reports/02_attendance/02_single_user_attendance_report,sales_revenue,csv_header_text_first_optional_screenshots,schema_text_template_ready,0,0,0,0,0,0,"not required when exact CSV headers are pasted; take screenshots only for no-export reports, unique filters, grouped/pivot layouts, or confusing totals",,paste CSV headers; screenshots only for no-export or confusing grouped reports
p2_reports,03_audit,KOT Detail Report,p2_reports/03_audit/01_kot_detail_report,sales_revenue,csv_header_text_first_optional_screenshots,schema_text_template_ready,0,0,0,0,0,0,"not required when exact CSV headers are pasted; take screenshots only for no-export reports, unique filters, grouped/pivot layouts, or confusing totals",,paste CSV headers; screenshots only for no-export or confusing grouped reports
p2_reports,03_audit,Day Opening Variance Report,p2_reports/03_audit/02_day_opening_variance_report,sales_revenue,csv_header_text_first_optional_screenshots,schema_text_template_ready,0,0,0,0,0,0,"not required when exact CSV headers are pasted; take screenshots only for no-export reports, unique filters, grouped/pivot layouts, or confusing totals",,paste CSV headers; screenshots only for no-export or confusing grouped reports
p2_reports,03_audit,KOT Delete History Report,p2_reports/03_audit/03_kot_delete_history_report,sales_revenue,csv_header_text_first_optional_screenshots,schema_text_template_ready,0,0,0,0,0,0,"not required when exact CSV headers are pasted; take screenshots only for no-export reports, unique filters, grouped/pivot layouts, or confusing totals",,paste CSV headers; screenshots only for no-export or confusing grouped reports
p2_reports,03_audit,Complimentary Report,p2_reports/03_audit/04_complimentary_report,sales_revenue,csv_header_text_first_optional_screenshots,schema_text_template_ready,0,0,0,0,0,0,"not required when exact CSV headers are pasted; take screenshots only for no-export reports, unique filters, grouped/pivot layouts, or confusing totals",,paste CSV headers; screenshots only for no-export or confusing grouped reports
p2_reports,03_audit,Complimentary Detail Report Headwise,p2_reports/03_audit/05_complimentary_detail_report_headwi,sales_revenue,csv_header_text_first_optional_screenshots,schema_text_template_ready,0,0,0,0,0,0,"not required when exact CSV headers are pasted; take screenshots only for no-export reports, unique filters, grouped/pivot layouts, or confusing totals",,paste CSV headers; screenshots only for no-export or confusing grouped reports
p2_reports,03_audit,Discount Report,p2_reports/03_audit/06_discount_report,sales_revenue,csv_header_text_first_optional_screenshots,schema_text_template_ready,0,0,0,0,0,0,"not required when exact CSV headers are pasted; take screenshots only for no-export reports, unique filters, grouped/pivot layouts, or confusing totals",,paste CSV headers; screenshots only for no-export or confusing grouped reports
p2_reports,03_audit,discount_and_voucher_report,p2_reports/03_audit/07_discount_and_voucher_report,sales_revenue,csv_header_text_first_optional_screenshots,schema_text_template_ready,0,0,0,0,0,0,"not required when exact CSV headers are pasted; take screenshots only for no-export reports, unique filters, grouped/pivot layouts, or confusing totals",,paste CSV headers; screenshots only for no-export or confusing grouped reports
p2_reports,03_audit,Offers Report,p2_reports/03_audit/08_offers_report,sales_revenue,csv_header_text_first_optional_screenshots,schema_text_template_ready,0,0,0,0,0,0,"not required when exact CSV headers are pasted; take screenshots only for no-export reports, unique filters, grouped/pivot layouts, or confusing totals",,paste CSV headers; screenshots only for no-export or confusing grouped reports
p2_reports,03_audit,Reprint Report,p2_reports/03_audit/09_reprint_report,sales_revenue,csv_header_text_first_optional_screenshots,schema_text_template_ready,0,0,0,0,0,0,"not required when exact CSV headers are pasted; take screenshots only for no-export reports, unique filters, grouped/pivot layouts, or confusing totals",,paste CSV headers; screenshots only for no-export or confusing grouped reports
p2_reports,03_audit,KOT Tracking Report,p2_reports/03_audit/10_kot_tracking_report,sales_revenue,csv_header_text_first_optional_screenshots,schema_text_template_ready,0,0,0,0,0,0,"not required when exact CSV headers are pasted; take screenshots only for no-export reports, unique filters, grouped/pivot layouts, or confusing totals",,paste CSV headers; screenshots only for no-export or confusing grouped reports
p2_reports,03_audit,Removed Taxes Charges Report,p2_reports/03_audit/11_removed_taxes_charges_report,sales_revenue,csv_header_text_first_optional_screenshots,schema_text_template_ready,0,0,0,0,0,0,"not required when exact CSV headers are pasted; take screenshots only for no-export reports, unique filters, grouped/pivot layouts, or confusing totals",,paste CSV headers; screenshots only for no-export or confusing grouped reports
p2_reports,03_audit,Report By Time,p2_reports/03_audit/12_report_by_time,sales_revenue,csv_header_text_first_optional_screenshots,schema_text_template_ready,0,0,0,0,0,0,"not required when exact CSV headers are pasted; take screenshots only for no-export reports, unique filters, grouped/pivot layouts, or confusing totals",,paste CSV headers; screenshots only for no-export or confusing grouped reports
p2_reports,03_audit,Feedback Report,p2_reports/03_audit/13_feedback_report,sales_revenue,csv_header_text_first_optional_screenshots,schema_text_template_ready,0,0,0,0,0,0,"not required when exact CSV headers are pasted; take screenshots only for no-export reports, unique filters, grouped/pivot layouts, or confusing totals",,paste CSV headers; screenshots only for no-export or confusing grouped reports
p2_reports,03_audit,No Feedback Report,p2_reports/03_audit/14_no_feedback_report,sales_revenue,csv_header_text_first_optional_screenshots,schema_text_template_ready,0,0,0,0,0,0,"not required when exact CSV headers are pasted; take screenshots only for no-export reports, unique filters, grouped/pivot layouts, or confusing totals",,paste CSV headers; screenshots only for no-export or confusing grouped reports
p2_reports,03_audit,Wis Report,p2_reports/03_audit/15_wis_report,sales_revenue,csv_header_text_first_optional_screenshots,schema_text_template_ready,0,0,0,0,0,0,"not required when exact CSV headers are pasted; take screenshots only for no-export reports, unique filters, grouped/pivot layouts, or confusing totals",,paste CSV headers; screenshots only for no-export or confusing grouped reports
p2_reports,03_audit,Feedback Report Advance,p2_reports/03_audit/16_feedback_report_advance,sales_revenue,csv_header_text_first_optional_screenshots,schema_text_template_ready,0,0,0,0,0,0,"not required when exact CSV headers are pasted; take screenshots only for no-export reports, unique filters, grouped/pivot layouts, or confusing totals",,paste CSV headers; screenshots only for no-export or confusing grouped reports
p2_reports,03_audit,Feedback Followup Report,p2_reports/03_audit/17_feedback_followup_report,sales_revenue,csv_header_text_first_optional_screenshots,schema_text_template_ready,0,0,0,0,0,0,"not required when exact CSV headers are pasted; take screenshots only for no-export reports, unique filters, grouped/pivot layouts, or confusing totals",,paste CSV headers; screenshots only for no-export or confusing grouped reports
p2_reports,03_audit,Feedback Without Bill Report,p2_reports/03_audit/18_feedback_without_bill_report,sales_revenue,csv_header_text_first_optional_screenshots,schema_text_template_ready,0,0,0,0,0,0,"not required when exact CSV headers are pasted; take screenshots only for no-export reports, unique filters, grouped/pivot layouts, or confusing totals",,paste CSV headers; screenshots only for no-export or confusing grouped reports
p2_reports,03_audit,OMS Report Detail,p2_reports/03_audit/19_oms_report_detail,sales_revenue,csv_header_text_first_optional_screenshots,schema_text_template_ready,0,0,0,0,0,0,"not required when exact CSV headers are pasted; take screenshots only for no-export reports, unique filters, grouped/pivot layouts, or confusing totals",,paste CSV headers; screenshots only for no-export or confusing grouped reports
p2_reports,03_audit,OMS Report Analysis,p2_reports/03_audit/20_oms_report_analysis,sales_revenue,csv_header_text_first_optional_screenshots,schema_text_template_ready,0,0,0,0,0,0,"not required when exact CSV headers are pasted; take screenshots only for no-export reports, unique filters, grouped/pivot layouts, or confusing totals",,paste CSV headers; screenshots only for no-export or confusing grouped reports
p2_reports,03_audit,Revenue Report,p2_reports/03_audit/21_revenue_report,sales_revenue,csv_header_text_first_optional_screenshots,schema_text_template_ready,0,0,0,0,0,0,"not required when exact CSV headers are pasted; take screenshots only for no-export reports, unique filters, grouped/pivot layouts, or confusing totals",,paste CSV headers; screenshots only for no-export or confusing grouped reports
p2_reports,03_audit,Negative Orders Report,p2_reports/03_audit/22_negative_orders_report,sales_revenue,csv_header_text_first_optional_screenshots,schema_text_template_ready,0,0,0,0,0,0,"not required when exact CSV headers are pasted; take screenshots only for no-export reports, unique filters, grouped/pivot layouts, or confusing totals",,paste CSV headers; screenshots only for no-export or confusing grouped reports
p2_reports,03_audit,Call Center Report,p2_reports/03_audit/23_call_center_report,sales_revenue,csv_header_text_first_optional_screenshots,schema_text_template_ready,0,0,0,0,0,0,"not required when exact CSV headers are pasted; take screenshots only for no-export reports, unique filters, grouped/pivot layouts, or confusing totals",,paste CSV headers; screenshots only for no-export or confusing grouped reports
p2_reports,03_audit,Delivery Audit Report,p2_reports/03_audit/24_delivery_audit_report,sales_revenue,csv_header_text_first_optional_screenshots,schema_text_template_ready,0,0,0,0,0,0,"not required when exact CSV headers are pasted; take screenshots only for no-export reports, unique filters, grouped/pivot layouts, or confusing totals",,paste CSV headers; screenshots only for no-export or confusing grouped reports
p2_reports,03_audit,Service Charge Report,p2_reports/03_audit/25_service_charge_report,sales_revenue,csv_header_text_first_optional_screenshots,schema_text_template_ready,0,0,0,0,0,0,"not required when exact CSV headers are pasted; take screenshots only for no-export reports, unique filters, grouped/pivot layouts, or confusing totals",,paste CSV headers; screenshots only for no-export or confusing grouped reports
p2_reports,03_audit,Tips Report,p2_reports/03_audit/26_tips_report,sales_revenue,csv_header_text_first_optional_screenshots,schema_text_template_ready,0,0,0,0,0,0,"not required when exact CSV headers are pasted; take screenshots only for no-export reports, unique filters, grouped/pivot layouts, or confusing totals",,paste CSV headers; screenshots only for no-export or confusing grouped reports
p2_reports,03_audit,Charity Report,p2_reports/03_audit/27_charity_report,sales_revenue,csv_header_text_first_optional_screenshots,schema_text_template_ready,0,0,0,0,0,0,"not required when exact CSV headers are pasted; take screenshots only for no-export reports, unique filters, grouped/pivot layouts, or confusing totals",,paste CSV headers; screenshots only for no-export or confusing grouped reports
p2_reports,03_audit,Non Taxable Item Report,p2_reports/03_audit/28_non_taxable_item_report,sales_revenue,csv_header_text_first_optional_screenshots,schema_text_template_ready,0,0,0,0,0,0,"not required when exact CSV headers are pasted; take screenshots only for no-export reports, unique filters, grouped/pivot layouts, or confusing totals",,paste CSV headers; screenshots only for no-export or confusing grouped reports
p2_reports,03_audit,Edited Bills Report,p2_reports/03_audit/29_edited_bills_report,sales_revenue,csv_header_text_first_optional_screenshots,schema_text_template_ready,0,0,0,0,0,0,"not required when exact CSV headers are pasted; take screenshots only for no-export reports, unique filters, grouped/pivot layouts, or confusing totals",,paste CSV headers; screenshots only for no-export or confusing grouped reports
p2_reports,03_audit,Food Bills Void Tax Report,p2_reports/03_audit/30_food_bills_void_tax_report,sales_revenue,csv_header_text_first_optional_screenshots,schema_text_template_ready,0,0,0,0,0,0,"not required when exact CSV headers are pasted; take screenshots only for no-export reports, unique filters, grouped/pivot layouts, or confusing totals",,paste CSV headers; screenshots only for no-export or confusing grouped reports
p2_reports,03_audit,Online Orders Time Log,p2_reports/03_audit/31_online_orders_time_log,sales_revenue,csv_header_text_first_optional_screenshots,schema_text_template_ready,0,0,0,0,0,0,"not required when exact CSV headers are pasted; take screenshots only for no-export reports, unique filters, grouped/pivot layouts, or confusing totals",,paste CSV headers; screenshots only for no-export or confusing grouped reports
p2_reports,03_audit,Happy Hour Report,p2_reports/03_audit/32_happy_hour_report,sales_revenue,csv_header_text_first_optional_screenshots,schema_text_template_ready,0,0,0,0,0,0,"not required when exact CSV headers are pasted; take screenshots only for no-export reports, unique filters, grouped/pivot layouts, or confusing totals",,paste CSV headers; screenshots only for no-export or confusing grouped reports
p2_reports,03_audit,Item Based Offer Report,p2_reports/03_audit/33_item_based_offer_report,sales_revenue,csv_header_text_first_optional_screenshots,schema_text_template_ready,0,0,0,0,0,0,"not required when exact CSV headers are pasted; take screenshots only for no-export reports, unique filters, grouped/pivot layouts, or confusing totals",,paste CSV headers; screenshots only for no-export or confusing grouped reports
p2_reports,03_audit,Virtual User Report,p2_reports/03_audit/34_virtual_user_report,sales_revenue,csv_header_text_first_optional_screenshots,schema_text_template_ready,0,0,0,0,0,0,"not required when exact CSV headers are pasted; take screenshots only for no-export reports, unique filters, grouped/pivot layouts, or confusing totals",,paste CSV headers; screenshots only for no-export or confusing grouped reports
p2_reports,03_audit,BI Logs Report,p2_reports/03_audit/35_bi_logs_report,sales_revenue,csv_header_text_first_optional_screenshots,schema_text_template_ready,0,0,0,0,0,0,"not required when exact CSV headers are pasted; take screenshots only for no-export reports, unique filters, grouped/pivot layouts, or confusing totals",,paste CSV headers; screenshots only for no-export or confusing grouped reports
p2_reports,03_audit,RMS Error Logs Report,p2_reports/03_audit/36_rms_error_logs_report,sales_revenue,csv_header_text_first_optional_screenshots,schema_text_template_ready,0,0,0,0,0,0,"not required when exact CSV headers are pasted; take screenshots only for no-export reports, unique filters, grouped/pivot layouts, or confusing totals",,paste CSV headers; screenshots only for no-export or confusing grouped reports
p2_reports,03_audit,Offline Log Report,p2_reports/03_audit/37_offline_log_report,sales_revenue,csv_header_text_first_optional_screenshots,schema_text_template_ready,0,0,0,0,0,0,"not required when exact CSV headers are pasted; take screenshots only for no-export reports, unique filters, grouped/pivot layouts, or confusing totals",,paste CSV headers; screenshots only for no-export or confusing grouped reports
p2_reports,03_audit,Aggregator Status Report,p2_reports/03_audit/38_aggregator_status_report,sales_revenue,csv_header_text_first_optional_screenshots,schema_text_template_ready,0,0,0,0,0,0,"not required when exact CSV headers are pasted; take screenshots only for no-export reports, unique filters, grouped/pivot layouts, or confusing totals",,paste CSV headers; screenshots only for no-export or confusing grouped reports
p2_reports,03_audit,Custom Group Report,p2_reports/03_audit/39_custom_group_report,sales_revenue,csv_header_text_first_optional_screenshots,schema_text_template_ready,0,0,0,0,0,0,"not required when exact CSV headers are pasted; take screenshots only for no-export reports, unique filters, grouped/pivot layouts, or confusing totals",,paste CSV headers; screenshots only for no-export or confusing grouped reports
p2_reports,03_audit,Bill Transfer In Report,p2_reports/03_audit/40_bill_transfer_in_report,sales_revenue,csv_header_text_first_optional_screenshots,schema_text_template_ready,0,0,0,0,0,0,"not required when exact CSV headers are pasted; take screenshots only for no-export reports, unique filters, grouped/pivot layouts, or confusing totals",,paste CSV headers; screenshots only for no-export or confusing grouped reports
p2_reports,03_audit,audit_report,p2_reports/03_audit/41_audit_report,sales_revenue,csv_header_text_first_optional_screenshots,schema_text_template_ready,0,0,0,0,0,0,"not required when exact CSV headers are pasted; take screenshots only for no-export reports, unique filters, grouped/pivot layouts, or confusing totals",,paste CSV headers; screenshots only for no-export or confusing grouped reports
p2_reports,03_audit,msr_card_report,p2_reports/03_audit/42_msr_card_report,sales_revenue,csv_header_text_first_optional_screenshots,schema_text_template_ready,0,0,0,0,0,0,"not required when exact CSV headers are pasted; take screenshots only for no-export reports, unique filters, grouped/pivot layouts, or confusing totals",,paste CSV headers; screenshots only for no-export or confusing grouped reports
p2_reports,03_audit,billwise_distribution,p2_reports/03_audit/43_billwise_distribution,sales_revenue,csv_header_text_first_optional_screenshots,schema_text_template_ready,0,0,0,0,0,0,"not required when exact CSV headers are pasted; take screenshots only for no-export reports, unique filters, grouped/pivot layouts, or confusing totals",,paste CSV headers; screenshots only for no-export or confusing grouped reports
p2_reports,03_audit,bill_reprint_report,p2_reports/03_audit/44_bill_reprint_report,sales_revenue,csv_header_text_first_optional_screenshots,schema_text_template_ready,0,0,0,0,0,0,"not required when exact CSV headers are pasted; take screenshots only for no-export reports, unique filters, grouped/pivot layouts, or confusing totals",,paste CSV headers; screenshots only for no-export or confusing grouped reports
p2_reports,03_audit,Billwise_sale_GST,p2_reports/03_audit/45_billwise_sale_gst,sales_revenue,csv_header_text_first_optional_screenshots,schema_text_template_ready,0,0,0,0,0,0,"not required when exact CSV headers are pasted; take screenshots only for no-export reports, unique filters, grouped/pivot layouts, or confusing totals",,paste CSV headers; screenshots only for no-export or confusing grouped reports
p2_reports,03_audit,cred_note_issued,p2_reports/03_audit/46_cred_note_issued,sales_revenue,csv_header_text_first_optional_screenshots,schema_text_template_ready,0,0,0,0,0,0,"not required when exact CSV headers are pasted; take screenshots only for no-export reports, unique filters, grouped/pivot layouts, or confusing totals",,paste CSV headers; screenshots only for no-export or confusing grouped reports
p2_reports,03_audit,day_part_daily_sales,p2_reports/03_audit/47_day_part_daily_sales,sales_revenue,csv_header_text_first_optional_screenshots,schema_text_template_ready,0,0,0,0,0,0,"not required when exact CSV headers are pasted; take screenshots only for no-export reports, unique filters, grouped/pivot layouts, or confusing totals",,paste CSV headers; screenshots only for no-export or confusing grouped reports
p2_reports,03_audit,button_disc_detail_report,p2_reports/03_audit/48_button_disc_detail_report,sales_revenue,csv_header_text_first_optional_screenshots,schema_text_template_ready,0,0,0,0,0,0,"not required when exact CSV headers are pasted; take screenshots only for no-export reports, unique filters, grouped/pivot layouts, or confusing totals",,paste CSV headers; screenshots only for no-export or confusing grouped reports
p2_reports,03_audit,staff_meal_report,p2_reports/03_audit/49_staff_meal_report,sales_revenue,csv_header_text_first_optional_screenshots,schema_text_template_ready,0,0,0,0,0,0,"not required when exact CSV headers are pasted; take screenshots only for no-export reports, unique filters, grouped/pivot layouts, or confusing totals",,paste CSV headers; screenshots only for no-export or confusing grouped reports
p2_reports,03_audit,BTS Itemwise Report,p2_reports/03_audit/50_bts_itemwise_report,sales_revenue,csv_header_text_first_optional_screenshots,schema_text_template_ready,0,0,0,0,0,0,"not required when exact CSV headers are pasted; take screenshots only for no-export reports, unique filters, grouped/pivot layouts, or confusing totals",,paste CSV headers; screenshots only for no-export or confusing grouped reports
p2_reports,04_category_item,Item By Source Report,p2_reports/04_category_item/01_item_by_source_report,sales_revenue,csv_header_text_first_optional_screenshots,schema_text_template_ready,0,0,0,0,0,0,"not required when exact CSV headers are pasted; take screenshots only for no-export reports, unique filters, grouped/pivot layouts, or confusing totals",,paste CSV headers; screenshots only for no-export or confusing grouped reports
p2_reports,04_category_item,Item Wise Enterprise Report,p2_reports/04_category_item/02_item_wise_enterprise_report,sales_revenue,csv_header_text_first_optional_screenshots,schema_text_template_ready,0,0,0,0,0,0,"not required when exact CSV headers are pasted; take screenshots only for no-export reports, unique filters, grouped/pivot layouts, or confusing totals",,paste CSV headers; screenshots only for no-export or confusing grouped reports
p2_reports,04_category_item,Sale By Item Category,p2_reports/04_category_item/03_sale_by_item_category,sales_revenue,csv_header_text_first_optional_screenshots,schema_text_template_ready,0,0,0,0,0,0,"not required when exact CSV headers are pasted; take screenshots only for no-export reports, unique filters, grouped/pivot layouts, or confusing totals",,paste CSV headers; screenshots only for no-export or confusing grouped reports
p2_reports,04_category_item,Item Comment Wise Consolidated Report,p2_reports/04_category_item/04_item_comment_wise_consolidated_rep,sales_revenue,csv_header_text_first_optional_screenshots,schema_text_template_ready,0,0,0,0,0,0,"not required when exact CSV headers are pasted; take screenshots only for no-export reports, unique filters, grouped/pivot layouts, or confusing totals",,paste CSV headers; screenshots only for no-export or confusing grouped reports
p2_reports,04_category_item,Itemwise Consolidate,p2_reports/04_category_item/05_itemwise_consolidate,sales_revenue,csv_header_text_first_optional_screenshots,schema_text_template_ready,0,0,0,0,0,0,"not required when exact CSV headers are pasted; take screenshots only for no-export reports, unique filters, grouped/pivot layouts, or confusing totals",,paste CSV headers; screenshots only for no-export or confusing grouped reports
p2_reports,04_category_item,Section Category Wise Report,p2_reports/04_category_item/06_section_category_wise_report,sales_revenue,csv_header_text_first_optional_screenshots,schema_text_template_ready,0,0,0,0,0,0,"not required when exact CSV headers are pasted; take screenshots only for no-export reports, unique filters, grouped/pivot layouts, or confusing totals",,paste CSV headers; screenshots only for no-export or confusing grouped reports
p2_reports,04_category_item,Section Tabwise Sales Report,p2_reports/04_category_item/07_section_tabwise_sales_report,sales_revenue,csv_header_text_first_optional_screenshots,schema_text_template_ready,0,0,0,0,0,0,"not required when exact CSV headers are pasted; take screenshots only for no-export reports, unique filters, grouped/pivot layouts, or confusing totals",,paste CSV headers; screenshots only for no-export or confusing grouped reports
p2_reports,04_category_item,Itemwise Contribution,p2_reports/04_category_item/08_itemwise_contribution,sales_revenue,csv_header_text_first_optional_screenshots,schema_text_template_ready,0,0,0,0,0,0,"not required when exact CSV headers are pasted; take screenshots only for no-export reports, unique filters, grouped/pivot layouts, or confusing totals",,paste CSV headers; screenshots only for no-export or confusing grouped reports
p2_reports,04_category_item,Menu Mix Report,p2_reports/04_category_item/09_menu_mix_report,sales_revenue,csv_header_text_first_optional_screenshots,schema_text_template_ready,0,0,0,0,0,0,"not required when exact CSV headers are pasted; take screenshots only for no-export reports, unique filters, grouped/pivot layouts, or confusing totals",,paste CSV headers; screenshots only for no-export or confusing grouped reports
p2_reports,04_category_item,item_incidence_report,p2_reports/04_category_item/10_item_incidence_report,sales_revenue,csv_header_text_first_optional_screenshots,schema_text_template_ready,0,0,0,0,0,0,"not required when exact CSV headers are pasted; take screenshots only for no-export reports, unique filters, grouped/pivot layouts, or confusing totals",,paste CSV headers; screenshots only for no-export or confusing grouped reports
p2_reports,04_category_item,Sessionwise Item Sale,p2_reports/04_category_item/11_sessionwise_item_sale,sales_revenue,csv_header_text_first_optional_screenshots,schema_text_template_ready,0,0,0,0,0,0,"not required when exact CSV headers are pasted; take screenshots only for no-export reports, unique filters, grouped/pivot layouts, or confusing totals",,paste CSV headers; screenshots only for no-export or confusing grouped reports
p2_reports,04_category_item,Product Report,p2_reports/04_category_item/12_product_report,sales_revenue,csv_header_text_first_optional_screenshots,schema_text_template_ready,0,0,0,0,0,0,"not required when exact CSV headers are pasted; take screenshots only for no-export reports, unique filters, grouped/pivot layouts, or confusing totals",,paste CSV headers; screenshots only for no-export or confusing grouped reports
p2_reports,04_category_item,Combo Report,p2_reports/04_category_item/13_combo_report,sales_revenue,csv_header_text_first_optional_screenshots,schema_text_template_ready,0,0,0,0,0,0,"not required when exact CSV headers are pasted; take screenshots only for no-export reports, unique filters, grouped/pivot layouts, or confusing totals",,paste CSV headers; screenshots only for no-export or confusing grouped reports
p2_reports,04_category_item,assorted_items_report,p2_reports/04_category_item/14_assorted_items_report,sales_revenue,csv_header_text_first_optional_screenshots,schema_text_template_ready,0,0,0,0,0,0,"not required when exact CSV headers are pasted; take screenshots only for no-export reports, unique filters, grouped/pivot layouts, or confusing totals",,paste CSV headers; screenshots only for no-export or confusing grouped reports
p2_reports,04_category_item,AddOn Report,p2_reports/04_category_item/15_addon_report,sales_revenue,csv_header_text_first_optional_screenshots,schema_text_template_ready,0,0,0,0,0,0,"not required when exact CSV headers are pasted; take screenshots only for no-export reports, unique filters, grouped/pivot layouts, or confusing totals",,paste CSV headers; screenshots only for no-export or confusing grouped reports
p2_reports,04_category_item,Product Price Variation Report,p2_reports/04_category_item/16_product_price_variation_report,sales_revenue,csv_header_text_first_optional_screenshots,schema_text_template_ready,0,0,0,0,0,0,"not required when exact CSV headers are pasted; take screenshots only for no-export reports, unique filters, grouped/pivot layouts, or confusing totals",,paste CSV headers; screenshots only for no-export or confusing grouped reports
p2_reports,04_category_item,Hourly Item Detail Billwise With Settlement Mode,p2_reports/04_category_item/17_hourly_item_detail_billwise_with_s,sales_revenue,csv_header_text_first_optional_screenshots,schema_text_template_ready,0,0,0,0,0,0,"not required when exact CSV headers are pasted; take screenshots only for no-export reports, unique filters, grouped/pivot layouts, or confusing totals",,paste CSV headers; screenshots only for no-export or confusing grouped reports
p2_reports,04_category_item,Item Stock Status Report,p2_reports/04_category_item/18_item_stock_status_report,inventory_consumption,csv_header_text_first_optional_screenshots,schema_text_template_ready,0,0,0,0,0,0,"not required when exact CSV headers are pasted; take screenshots only for no-export reports, unique filters, grouped/pivot layouts, or confusing totals",,paste CSV headers; screenshots only for no-export or confusing grouped reports
p2_reports,05_crm,CRM Report,p2_reports/05_crm/01_crm_report,sales_revenue,csv_header_text_first_optional_screenshots,schema_text_template_ready,0,0,0,0,0,0,"not required when exact CSV headers are pasted; take screenshots only for no-export reports, unique filters, grouped/pivot layouts, or confusing totals",,paste CSV headers; screenshots only for no-export or confusing grouped reports
p2_reports,05_crm,Bill And Customer Consolidated Report,p2_reports/05_crm/02_bill_and_customer_consolidated_rep,sales_revenue,csv_header_text_first_optional_screenshots,schema_text_template_ready,0,0,0,0,0,0,"not required when exact CSV headers are pasted; take screenshots only for no-export reports, unique filters, grouped/pivot layouts, or confusing totals",,paste CSV headers; screenshots only for no-export or confusing grouped reports
p2_reports,05_crm,Call Details Report,p2_reports/05_crm/03_call_details_report,sales_revenue,csv_header_text_first_optional_screenshots,schema_text_template_ready,0,0,0,0,0,0,"not required when exact CSV headers are pasted; take screenshots only for no-export reports, unique filters, grouped/pivot layouts, or confusing totals",,paste CSV headers; screenshots only for no-export or confusing grouped reports
p2_reports,06_prepaid_card,Card Report,p2_reports/06_prepaid_card/01_card_report,sales_revenue,csv_header_text_first_optional_screenshots,schema_text_template_ready,0,0,0,0,0,0,"not required when exact CSV headers are pasted; take screenshots only for no-export reports, unique filters, grouped/pivot layouts, or confusing totals",,paste CSV headers; screenshots only for no-export or confusing grouped reports
p2_reports,07_sales,Payment Details Report,p2_reports/07_sales/01_payment_details_report,sales_revenue,csv_header_text_first_optional_screenshots,schema_text_template_ready,0,0,0,0,0,0,"not required when exact CSV headers are pasted; take screenshots only for no-export reports, unique filters, grouped/pivot layouts, or confusing totals",,paste CSV headers; screenshots only for no-export or confusing grouped reports
p2_reports,07_sales,payments_breakup_detailed,p2_reports/07_sales/02_payments_breakup_detailed,sales_revenue,csv_header_text_first_optional_screenshots,schema_text_template_ready,0,0,0,0,0,0,"not required when exact CSV headers are pasted; take screenshots only for no-export reports, unique filters, grouped/pivot layouts, or confusing totals",,paste CSV headers; screenshots only for no-export or confusing grouped reports
p2_reports,07_sales,Tax Summary Report,p2_reports/07_sales/03_tax_summary_report,sales_revenue,csv_header_text_first_optional_screenshots,schema_text_template_ready,0,0,0,0,0,0,"not required when exact CSV headers are pasted; take screenshots only for no-export reports, unique filters, grouped/pivot layouts, or confusing totals",,paste CSV headers; screenshots only for no-export or confusing grouped reports
p2_reports,07_sales,Taxation Sale Report,p2_reports/07_sales/04_taxation_sale_report,sales_revenue,csv_header_text_first_optional_screenshots,schema_text_template_ready,0,0,0,0,0,0,"not required when exact CSV headers are pasted; take screenshots only for no-export reports, unique filters, grouped/pivot layouts, or confusing totals",,paste CSV headers; screenshots only for no-export or confusing grouped reports
p2_reports,07_sales,Category Wise Sales Report,p2_reports/07_sales/05_category_wise_sales_report,sales_revenue,csv_header_text_first_optional_screenshots,schema_text_template_ready,0,0,0,0,0,0,"not required when exact CSV headers are pasted; take screenshots only for no-export reports, unique filters, grouped/pivot layouts, or confusing totals",,paste CSV headers; screenshots only for no-export or confusing grouped reports
p2_reports,07_sales,Bill Item Detail Report,p2_reports/07_sales/06_bill_item_detail_report,sales_revenue,csv_header_text_first_optional_screenshots,schema_text_template_ready,0,0,0,0,0,0,"not required when exact CSV headers are pasted; take screenshots only for no-export reports, unique filters, grouped/pivot layouts, or confusing totals",,paste CSV headers; screenshots only for no-export or confusing grouped reports
p2_reports,07_sales,Settlement Report,p2_reports/07_sales/07_settlement_report,sales_revenue,csv_header_text_first_optional_screenshots,schema_text_template_ready,0,0,0,0,0,0,"not required when exact CSV headers are pasted; take screenshots only for no-export reports, unique filters, grouped/pivot layouts, or confusing totals",,paste CSV headers; screenshots only for no-export or confusing grouped reports
p2_reports,07_sales,TTR Settlement Report,p2_reports/07_sales/08_ttr_settlement_report,sales_revenue,csv_header_text_first_optional_screenshots,schema_text_template_ready,0,0,0,0,0,0,"not required when exact CSV headers are pasted; take screenshots only for no-export reports, unique filters, grouped/pivot layouts, or confusing totals",,paste CSV headers; screenshots only for no-export or confusing grouped reports
p2_reports,07_sales,Payments Breakup Report,p2_reports/07_sales/09_payments_breakup_report,sales_revenue,csv_header_text_first_optional_screenshots,schema_text_template_ready,0,0,0,0,0,0,"not required when exact CSV headers are pasted; take screenshots only for no-export reports, unique filters, grouped/pivot layouts, or confusing totals",,paste CSV headers; screenshots only for no-export or confusing grouped reports
p2_reports,07_sales,BTC Settlement Report,p2_reports/07_sales/10_btc_settlement_report,sales_revenue,csv_header_text_first_optional_screenshots,schema_text_template_ready,0,0,0,0,0,0,"not required when exact CSV headers are pasted; take screenshots only for no-export reports, unique filters, grouped/pivot layouts, or confusing totals",,paste CSV headers; screenshots only for no-export or confusing grouped reports
p2_reports,07_sales,Online Other Payment Detail Report,p2_reports/07_sales/11_online_other_payment_detail_report,sales_revenue,csv_header_text_first_optional_screenshots,schema_text_template_ready,0,0,0,0,0,0,"not required when exact CSV headers are pasted; take screenshots only for no-export reports, unique filters, grouped/pivot layouts, or confusing totals",,paste CSV headers; screenshots only for no-export or confusing grouped reports
p2_reports,07_sales,Online Other Payment Consolidated Report,p2_reports/07_sales/12_online_other_payment_consolidated,sales_revenue,csv_header_text_first_optional_screenshots,schema_text_template_ready,0,0,0,0,0,0,"not required when exact CSV headers are pasted; take screenshots only for no-export reports, unique filters, grouped/pivot layouts, or confusing totals",,paste CSV headers; screenshots only for no-export or confusing grouped reports
p2_reports,07_sales,Coupon Report,p2_reports/07_sales/13_coupon_report,sales_revenue,csv_header_text_first_optional_screenshots,schema_text_template_ready,0,0,0,0,0,0,"not required when exact CSV headers are pasted; take screenshots only for no-export reports, unique filters, grouped/pivot layouts, or confusing totals",,paste CSV headers; screenshots only for no-export or confusing grouped reports
p2_reports,07_sales,Instance Wise Report,p2_reports/07_sales/14_instance_wise_report,sales_revenue,csv_header_text_first_optional_screenshots,schema_text_template_ready,0,0,0,0,0,0,"not required when exact CSV headers are pasted; take screenshots only for no-export reports, unique filters, grouped/pivot layouts, or confusing totals",,paste CSV headers; screenshots only for no-export or confusing grouped reports
p2_reports,07_sales,Delivery Report,p2_reports/07_sales/15_delivery_report,sales_revenue,csv_header_text_first_optional_screenshots,schema_text_template_ready,0,0,0,0,0,0,"not required when exact CSV headers are pasted; take screenshots only for no-export reports, unique filters, grouped/pivot layouts, or confusing totals",,paste CSV headers; screenshots only for no-export or confusing grouped reports
p2_reports,07_sales,Daily Sales Report,p2_reports/07_sales/16_daily_sales_report,sales_revenue,csv_header_text_first_optional_screenshots,schema_text_template_ready,0,0,0,0,0,0,"not required when exact CSV headers are pasted; take screenshots only for no-export reports, unique filters, grouped/pivot layouts, or confusing totals",,paste CSV headers; screenshots only for no-export or confusing grouped reports
p2_reports,07_sales,Daily Sales Summary Report,p2_reports/07_sales/17_daily_sales_summary_report,sales_revenue,csv_header_text_first_optional_screenshots,schema_text_template_ready,0,0,0,0,0,0,"not required when exact CSV headers are pasted; take screenshots only for no-export reports, unique filters, grouped/pivot layouts, or confusing totals",,paste CSV headers; screenshots only for no-export or confusing grouped reports
p2_reports,07_sales,Day Wise Sales Report,p2_reports/07_sales/18_day_wise_sales_report,sales_revenue,csv_header_text_first_optional_screenshots,schema_text_template_ready,0,0,0,0,0,0,"not required when exact CSV headers are pasted; take screenshots only for no-export reports, unique filters, grouped/pivot layouts, or confusing totals",,paste CSV headers; screenshots only for no-export or confusing grouped reports
p2_reports,07_sales,Daily Sales Report Detailed,p2_reports/07_sales/19_daily_sales_report_detailed,sales_revenue,csv_header_text_first_optional_screenshots,schema_text_template_ready,0,0,0,0,0,0,"not required when exact CSV headers are pasted; take screenshots only for no-export reports, unique filters, grouped/pivot layouts, or confusing totals",,paste CSV headers; screenshots only for no-export or confusing grouped reports
p2_reports,07_sales,Day Closing Report,p2_reports/07_sales/20_day_closing_report,sales_revenue,csv_header_text_first_optional_screenshots,schema_text_template_ready,0,0,0,0,0,0,"not required when exact CSV headers are pasted; take screenshots only for no-export reports, unique filters, grouped/pivot layouts, or confusing totals",,paste CSV headers; screenshots only for no-export or confusing grouped reports
p2_reports,07_sales,Week Cost Report,p2_reports/07_sales/21_week_cost_report,sales_revenue,csv_header_text_first_optional_screenshots,schema_text_template_ready,0,0,0,0,0,0,"not required when exact CSV headers are pasted; take screenshots only for no-export reports, unique filters, grouped/pivot layouts, or confusing totals",,paste CSV headers; screenshots only for no-export or confusing grouped reports
p2_reports,07_sales,MTAX Log Report,p2_reports/07_sales/22_mtax_log_report,sales_revenue,csv_header_text_first_optional_screenshots,schema_text_template_ready,0,0,0,0,0,0,"not required when exact CSV headers are pasted; take screenshots only for no-export reports, unique filters, grouped/pivot layouts, or confusing totals",,paste CSV headers; screenshots only for no-export or confusing grouped reports
p2_reports,07_sales,hourly_sales_summary,p2_reports/07_sales/23_hourly_sales_summary,sales_revenue,csv_header_text_first_optional_screenshots,schema_text_template_ready,0,0,0,0,0,0,"not required when exact CSV headers are pasted; take screenshots only for no-export reports, unique filters, grouped/pivot layouts, or confusing totals",,paste CSV headers; screenshots only for no-export or confusing grouped reports
p2_reports,07_sales,Source Analysis Summary,p2_reports/07_sales/24_source_wise_analysis_report,sales_revenue,csv_header_text_first_optional_screenshots,schema_text_template_ready,0,0,0,0,0,0,"not required when exact CSV headers are pasted; take screenshots only for no-export reports, unique filters, grouped/pivot layouts, or confusing totals",,paste CSV headers; screenshots only for no-export or confusing grouped reports
p2_reports,07_sales,Bill No Wise Report,p2_reports/07_sales/25_bill_no_wise_report,sales_revenue,csv_header_text_first_optional_screenshots,schema_text_template_ready,0,0,0,0,0,0,"not required when exact CSV headers are pasted; take screenshots only for no-export reports, unique filters, grouped/pivot layouts, or confusing totals",,paste CSV headers; screenshots only for no-export or confusing grouped reports
p2_reports,07_sales,Bill Status Sales Report,p2_reports/07_sales/26_bill_status_sales_report,sales_revenue,csv_header_text_first_optional_screenshots,schema_text_template_ready,0,0,0,0,0,0,"not required when exact CSV headers are pasted; take screenshots only for no-export reports, unique filters, grouped/pivot layouts, or confusing totals",,paste CSV headers; screenshots only for no-export or confusing grouped reports
p2_reports,07_sales,Advance Booking Report,p2_reports/07_sales/27_advance_booking_report,sales_revenue,csv_header_text_first_optional_screenshots,schema_text_template_ready,0,0,0,0,0,0,"not required when exact CSV headers are pasted; take screenshots only for no-export reports, unique filters, grouped/pivot layouts, or confusing totals",,paste CSV headers; screenshots only for no-export or confusing grouped reports
p2_reports,07_sales,Advance Booking Session Consolidated,p2_reports/07_sales/28_advance_booking_session_consolidat,sales_revenue,csv_header_text_first_optional_screenshots,schema_text_template_ready,0,0,0,0,0,0,"not required when exact CSV headers are pasted; take screenshots only for no-export reports, unique filters, grouped/pivot layouts, or confusing totals",,paste CSV headers; screenshots only for no-export or confusing grouped reports
p2_reports,07_sales,Day Check Close Report,p2_reports/07_sales/29_day_check_close_report,sales_revenue,csv_header_text_first_optional_screenshots,schema_text_template_ready,0,0,0,0,0,0,"not required when exact CSV headers are pasted; take screenshots only for no-export reports, unique filters, grouped/pivot layouts, or confusing totals",,paste CSV headers; screenshots only for no-export or confusing grouped reports
p2_reports,07_sales,Enterprise Settlement Report,p2_reports/07_sales/30_enterprise_settlement_report,sales_revenue,csv_header_text_first_optional_screenshots,schema_text_template_ready,0,0,0,0,0,0,"not required when exact CSV headers are pasted; take screenshots only for no-export reports, unique filters, grouped/pivot layouts, or confusing totals",,paste CSV headers; screenshots only for no-export or confusing grouped reports
p2_reports,07_sales,Online Orders Report,p2_reports/07_sales/31_online_orders_report,sales_revenue,csv_header_text_first_optional_screenshots,schema_text_template_ready,0,0,0,0,0,0,"not required when exact CSV headers are pasted; take screenshots only for no-export reports, unique filters, grouped/pivot layouts, or confusing totals",,paste CSV headers; screenshots only for no-export or confusing grouped reports
p2_reports,07_sales,Daily Sales Breakup,p2_reports/07_sales/32_daily_sales_breakup,sales_revenue,csv_header_text_first_optional_screenshots,schema_text_template_ready,0,0,0,0,0,0,"not required when exact CSV headers are pasted; take screenshots only for no-export reports, unique filters, grouped/pivot layouts, or confusing totals",,paste CSV headers; screenshots only for no-export or confusing grouped reports
p2_reports,07_sales,Gross/Net Margin Report,p2_reports/07_sales/33_food_sold_report,sales_revenue,csv_header_text_first_optional_screenshots,schema_text_template_ready,0,0,0,0,0,0,"not required when exact CSV headers are pasted; take screenshots only for no-export reports, unique filters, grouped/pivot layouts, or confusing totals",,paste CSV headers; screenshots only for no-export or confusing grouped reports
p2_reports,07_sales,Bill Wise Sales GST BillWise,p2_reports/07_sales/34_bill_wise_sales_gst_billwise,sales_revenue,csv_header_text_first_optional_screenshots,schema_text_template_ready,0,0,0,0,0,0,"not required when exact CSV headers are pasted; take screenshots only for no-export reports, unique filters, grouped/pivot layouts, or confusing totals",,paste CSV headers; screenshots only for no-export or confusing grouped reports
p2_reports,07_sales,WTD SOS Comparison,p2_reports/07_sales/35_wtd_sos_comparison,sales_revenue,csv_header_text_first_optional_screenshots,schema_text_template_ready,0,0,0,0,0,0,"not required when exact CSV headers are pasted; take screenshots only for no-export reports, unique filters, grouped/pivot layouts, or confusing totals",,paste CSV headers; screenshots only for no-export or confusing grouped reports
p2_reports,07_sales,Gross Sale Wastage Report,p2_reports/07_sales/36_gross_sale_wastage_report,inventory_consumption,csv_header_text_first_optional_screenshots,schema_text_template_ready,0,0,0,0,0,0,"not required when exact CSV headers are pasted; take screenshots only for no-export reports, unique filters, grouped/pivot layouts, or confusing totals",,paste CSV headers; screenshots only for no-export or confusing grouped reports
p2_reports,07_sales,DSH Item Wise Report,p2_reports/07_sales/37_dsh_item_wise_report,sales_revenue,csv_header_text_first_optional_screenshots,schema_text_template_ready,0,0,0,0,0,0,"not required when exact CSV headers are pasted; take screenshots only for no-export reports, unique filters, grouped/pivot layouts, or confusing totals",,paste CSV headers; screenshots only for no-export or confusing grouped reports
p2_reports,07_sales,Daily Sales Revenue,p2_reports/07_sales/38_daily_sales_reversal,sales_revenue,csv_header_text_first_optional_screenshots,schema_text_template_ready,0,0,0,0,0,0,"not required when exact CSV headers are pasted; take screenshots only for no-export reports, unique filters, grouped/pivot layouts, or confusing totals",,paste CSV headers; screenshots only for no-export or confusing grouped reports
p2_reports,07_sales,Day Wise Revenue Report,p2_reports/07_sales/39_day_wise_revenue_report,sales_revenue,csv_header_text_first_optional_screenshots,schema_text_template_ready,0,0,0,0,0,0,"not required when exact CSV headers are pasted; take screenshots only for no-export reports, unique filters, grouped/pivot layouts, or confusing totals",,paste CSV headers; screenshots only for no-export or confusing grouped reports
p2_reports,07_sales,Online Order Payment Details Report,p2_reports/07_sales/40_online_order_payment_details_repor,sales_revenue,csv_header_text_first_optional_screenshots,schema_text_template_ready,0,0,0,0,0,0,"not required when exact CSV headers are pasted; take screenshots only for no-export reports, unique filters, grouped/pivot layouts, or confusing totals",,paste CSV headers; screenshots only for no-export or confusing grouped reports
p2_reports,07_sales,msr_card_reload_report,p2_reports/07_sales/41_msr_card_reload_report,sales_revenue,csv_header_text_first_optional_screenshots,schema_text_template_ready,0,0,0,0,0,0,"not required when exact CSV headers are pasted; take screenshots only for no-export reports, unique filters, grouped/pivot layouts, or confusing totals",,paste CSV headers; screenshots only for no-export or confusing grouped reports
p2_reports,08_gst,Item Wise GST Report,p2_reports/08_gst/01_item_wise_gst_report,sales_revenue,csv_header_text_first_optional_screenshots,schema_text_template_ready,0,0,0,0,0,0,"not required when exact CSV headers are pasted; take screenshots only for no-export reports, unique filters, grouped/pivot layouts, or confusing totals",,paste CSV headers; screenshots only for no-export or confusing grouped reports
p2_reports,08_gst,GST Wise Report,p2_reports/08_gst/02_gst_wise_report,sales_revenue,csv_header_text_first_optional_screenshots,schema_text_template_ready,0,0,0,0,0,0,"not required when exact CSV headers are pasted; take screenshots only for no-export reports, unique filters, grouped/pivot layouts, or confusing totals",,paste CSV headers; screenshots only for no-export or confusing grouped reports
p2_reports,08_gst,Non GST Wise Report,p2_reports/08_gst/03_non_gst_wise_report,sales_revenue,csv_header_text_first_optional_screenshots,schema_text_template_ready,0,0,0,0,0,0,"not required when exact CSV headers are pasted; take screenshots only for no-export reports, unique filters, grouped/pivot layouts, or confusing totals",,paste CSV headers; screenshots only for no-export or confusing grouped reports
p2_reports,08_gst,Instance Wise GST Report,p2_reports/08_gst/04_instance_wise_gst_report,sales_revenue,csv_header_text_first_optional_screenshots,schema_text_template_ready,0,0,0,0,0,0,"not required when exact CSV headers are pasted; take screenshots only for no-export reports, unique filters, grouped/pivot layouts, or confusing totals",,paste CSV headers; screenshots only for no-export or confusing grouped reports
p2_reports,08_gst,GSTR_report,p2_reports/08_gst/05_gstr_report,sales_revenue,csv_header_text_first_optional_screenshots,schema_text_template_ready,0,0,0,0,0,0,"not required when exact CSV headers are pasted; take screenshots only for no-export reports, unique filters, grouped/pivot layouts, or confusing totals",,paste CSV headers; screenshots only for no-export or confusing grouped reports
p2_reports,08_gst,tab_wise_gst_report,p2_reports/08_gst/06_tab_wise_gst_report,sales_revenue,csv_header_text_first_optional_screenshots,schema_text_template_ready,0,0,0,0,0,0,"not required when exact CSV headers are pasted; take screenshots only for no-export reports, unique filters, grouped/pivot layouts, or confusing totals",,paste CSV headers; screenshots only for no-export or confusing grouped reports
p2_reports,08_gst,hsn_report,p2_reports/08_gst/07_hsn_report,sales_revenue,csv_header_text_first_optional_screenshots,schema_text_template_ready,0,0,0,0,0,0,"not required when exact CSV headers are pasted; take screenshots only for no-export reports, unique filters, grouped/pivot layouts, or confusing totals",,paste CSV headers; screenshots only for no-export or confusing grouped reports
p2_reports,08_gst,item_per_bill_count_report,p2_reports/08_gst/08_item_per_bill_count_report,sales_revenue,csv_header_text_first_optional_screenshots,schema_text_template_ready,0,0,0,0,0,0,"not required when exact CSV headers are pasted; take screenshots only for no-export reports, unique filters, grouped/pivot layouts, or confusing totals",,paste CSV headers; screenshots only for no-export or confusing grouped reports
p2_reports,09_staff_perf,Tab User Waiter Cashier Breakdown Report,p2_reports/09_staff_perf/01_tab_user_waiter_cashier_breakdown,sales_revenue,csv_header_text_first_optional_screenshots,schema_text_template_ready,0,0,0,0,0,0,"not required when exact CSV headers are pasted; take screenshots only for no-export reports, unique filters, grouped/pivot layouts, or confusing totals",,paste CSV headers; screenshots only for no-export or confusing grouped reports
p2_reports,09_staff_perf,Server Report Card,p2_reports/09_staff_perf/02_server_report_card,sales_revenue,csv_header_text_first_optional_screenshots,schema_text_template_ready,0,0,0,0,0,0,"not required when exact CSV headers are pasted; take screenshots only for no-export reports, unique filters, grouped/pivot layouts, or confusing totals",,paste CSV headers; screenshots only for no-export or confusing grouped reports
p2_reports,09_staff_perf,Compare Servers,p2_reports/09_staff_perf/03_compare_servers,sales_revenue,csv_header_text_first_optional_screenshots,schema_text_template_ready,0,0,0,0,0,0,"not required when exact CSV headers are pasted; take screenshots only for no-export reports, unique filters, grouped/pivot layouts, or confusing totals",,paste CSV headers; screenshots only for no-export or confusing grouped reports
p2_reports,09_staff_perf,Delivery Rider Tracking Report,p2_reports/09_staff_perf/04_delivery_rider_tracking_report,sales_revenue,csv_header_text_first_optional_screenshots,schema_text_template_ready,0,0,0,0,0,0,"not required when exact CSV headers are pasted; take screenshots only for no-export reports, unique filters, grouped/pivot layouts, or confusing totals",,paste CSV headers; screenshots only for no-export or confusing grouped reports
p2_reports,09_staff_perf,Employee Performance By Category,p2_reports/09_staff_perf/05_employee_performance_by_category,sales_revenue,csv_header_text_first_optional_screenshots,schema_text_template_ready,0,0,0,0,0,0,"not required when exact CSV headers are pasted; take screenshots only for no-export reports, unique filters, grouped/pivot layouts, or confusing totals",,paste CSV headers; screenshots only for no-export or confusing grouped reports
p2_reports,10_cash_mgmt,Day Report,p2_reports/10_cash_mgmt/01_day_report,sales_revenue,csv_header_text_first_optional_screenshots,schema_text_template_ready,0,0,0,0,0,0,"not required when exact CSV headers are pasted; take screenshots only for no-export reports, unique filters, grouped/pivot layouts, or confusing totals",,paste CSV headers; screenshots only for no-export or confusing grouped reports
p2_reports,10_cash_mgmt,Shift Report,p2_reports/10_cash_mgmt/02_shift_report,sales_revenue,csv_header_text_first_optional_screenshots,schema_text_template_ready,0,0,0,0,0,0,"not required when exact CSV headers are pasted; take screenshots only for no-export reports, unique filters, grouped/pivot layouts, or confusing totals",,paste CSV headers; screenshots only for no-export or confusing grouped reports
p2_reports,10_cash_mgmt,Envelope Report,p2_reports/10_cash_mgmt/03_envelope_report,sales_revenue,csv_header_text_first_optional_screenshots,schema_text_template_ready,0,0,0,0,0,0,"not required when exact CSV headers are pasted; take screenshots only for no-export reports, unique filters, grouped/pivot layouts, or confusing totals",,paste CSV headers; screenshots only for no-export or confusing grouped reports
p2_reports,10_cash_mgmt,Cash In Cash Out Report,p2_reports/10_cash_mgmt/04_cash_in_cash_out_report,sales_revenue,csv_header_text_first_optional_screenshots,schema_text_template_ready,0,0,0,0,0,0,"not required when exact CSV headers are pasted; take screenshots only for no-export reports, unique filters, grouped/pivot layouts, or confusing totals",,paste CSV headers; screenshots only for no-export or confusing grouped reports
p2_reports,10_cash_mgmt,Multi Currency Detail Report,p2_reports/10_cash_mgmt/05_multi_currency_detail_report,sales_revenue,csv_header_text_first_optional_screenshots,schema_text_template_ready,0,0,0,0,0,0,"not required when exact CSV headers are pasted; take screenshots only for no-export reports, unique filters, grouped/pivot layouts, or confusing totals",,paste CSV headers; screenshots only for no-export or confusing grouped reports
p2_reports,11_banquet,Banquet Function List Report,p2_reports/11_banquet/01_banquet_function_list_report,sales_revenue,csv_header_text_first_optional_screenshots,schema_text_template_ready,0,0,0,0,0,0,"not required when exact CSV headers are pasted; take screenshots only for no-export reports, unique filters, grouped/pivot layouts, or confusing totals",,paste CSV headers; screenshots only for no-export or confusing grouped reports
p2_reports,11_banquet,Banquet Sales Register,p2_reports/11_banquet/02_banquet_sales_register,sales_revenue,csv_header_text_first_optional_screenshots,schema_text_template_ready,0,0,0,0,0,0,"not required when exact CSV headers are pasted; take screenshots only for no-export reports, unique filters, grouped/pivot layouts, or confusing totals",,paste CSV headers; screenshots only for no-export or confusing grouped reports
p2_reports,11_banquet,Day Wise Sales Register,p2_reports/11_banquet/03_day_wise_sales_register,sales_revenue,csv_header_text_first_optional_screenshots,schema_text_template_ready,0,0,0,0,0,0,"not required when exact CSV headers are pasted; take screenshots only for no-export reports, unique filters, grouped/pivot layouts, or confusing totals",,paste CSV headers; screenshots only for no-export or confusing grouped reports
p2_reports,12_bir,CashierWise X Report,p2_reports/12_bir/01_cashierwise_x_report,sales_revenue,csv_header_text_first_optional_screenshots,schema_text_template_ready,0,0,0,0,0,0,"not required when exact CSV headers are pasted; take screenshots only for no-export reports, unique filters, grouped/pivot layouts, or confusing totals",,paste CSV headers; screenshots only for no-export or confusing grouped reports
p2_reports,12_bir,Z Report,p2_reports/12_bir/02_z_report,sales_revenue,csv_header_text_first_optional_screenshots,schema_text_template_ready,0,0,0,0,0,0,"not required when exact CSV headers are pasted; take screenshots only for no-export reports, unique filters, grouped/pivot layouts, or confusing totals",,paste CSV headers; screenshots only for no-export or confusing grouped reports
p2_reports,12_bir,Audit Log Report,p2_reports/12_bir/03_audit_log_report,sales_revenue,csv_header_text_first_optional_screenshots,schema_text_template_ready,0,0,0,0,0,0,"not required when exact CSV headers are pasted; take screenshots only for no-export reports, unique filters, grouped/pivot layouts, or confusing totals",,paste CSV headers; screenshots only for no-export or confusing grouped reports
p2_reports,12_bir,NAAC Sales Report,p2_reports/12_bir/04_naac_sales_report,sales_revenue,csv_header_text_first_optional_screenshots,schema_text_template_ready,0,0,0,0,0,0,"not required when exact CSV headers are pasted; take screenshots only for no-export reports, unique filters, grouped/pivot layouts, or confusing totals",,paste CSV headers; screenshots only for no-export or confusing grouped reports
p2_reports,12_bir,PWD Sales Report,p2_reports/12_bir/05_pwd_sales_report,sales_revenue,csv_header_text_first_optional_screenshots,schema_text_template_ready,0,0,0,0,0,0,"not required when exact CSV headers are pasted; take screenshots only for no-export reports, unique filters, grouped/pivot layouts, or confusing totals",,paste CSV headers; screenshots only for no-export or confusing grouped reports
p2_reports,12_bir,BIR Sales Summary Report,p2_reports/12_bir/06_bir_sales_summary_report,sales_revenue,csv_header_text_first_optional_screenshots,schema_text_template_ready,0,0,0,0,0,0,"not required when exact CSV headers are pasted; take screenshots only for no-export reports, unique filters, grouped/pivot layouts, or confusing totals",,paste CSV headers; screenshots only for no-export or confusing grouped reports
p2_reports,12_bir,Solo Parent Sales Report,p2_reports/12_bir/07_solo_parent_sales_report,sales_revenue,csv_header_text_first_optional_screenshots,schema_text_template_ready,0,0,0,0,0,0,"not required when exact CSV headers are pasted; take screenshots only for no-export reports, unique filters, grouped/pivot layouts, or confusing totals",,paste CSV headers; screenshots only for no-export or confusing grouped reports
p2_reports,12_bir,Senior Citizen Sales Report,p2_reports/12_bir/08_senior_citizen_sales_report,sales_revenue,csv_header_text_first_optional_screenshots,schema_text_template_ready,0,0,0,0,0,0,"not required when exact CSV headers are pasted; take screenshots only for no-export reports, unique filters, grouped/pivot layouts, or confusing totals",,paste CSV headers; screenshots only for no-export or confusing grouped reports
p2_reports,12_bir,20 E Journal Report,p2_reports/12_bir/09_20_e_journal_report,sales_revenue,csv_header_text_first_optional_screenshots,schema_text_template_ready,0,0,0,0,0,0,"not required when exact CSV headers are pasted; take screenshots only for no-export reports, unique filters, grouped/pivot layouts, or confusing totals",,paste CSV headers; screenshots only for no-export or confusing grouped reports
p4_stock_admin,01_enterprise_reports,Enterprise Entry,p4_stock_admin/01_enterprise_reports/01_enterprise_entry,vendor_procurement,csv_header_text_first_priority_screenshots_for_grain_filters,schema_text_template_ready,0,0,0,0,0,0,"CSV headers are enough for plain tables; screenshots required for high-value lifecycle filters, grouped stock movement/consumption layouts, no-export reports, or grain ambiguity",,paste CSV headers first; add screenshots only for high-value filters or grouped stock/procurement grain
p4_stock_admin,01_enterprise_reports,ERP Vendor Price,p4_stock_admin/01_enterprise_reports/02_erp_vendor_price,vendor_procurement,csv_header_text_first_priority_screenshots_for_grain_filters,schema_text_template_ready,0,0,0,0,0,0,"CSV headers are enough for plain tables; screenshots required for high-value lifecycle filters, grouped stock movement/consumption layouts, no-export reports, or grain ambiguity",,paste CSV headers first; add screenshots only for high-value filters or grouped stock/procurement grain
p4_stock_admin,01_enterprise_reports,Enterprise Stock Return,p4_stock_admin/01_enterprise_reports/03_enterprise_stock_return,vendor_procurement,csv_header_text_first_priority_screenshots_for_grain_filters,schema_text_template_ready,0,0,0,0,0,0,"CSV headers are enough for plain tables; screenshots required for high-value lifecycle filters, grouped stock movement/consumption layouts, no-export reports, or grain ambiguity",,paste CSV headers first; add screenshots only for high-value filters or grouped stock/procurement grain
p4_stock_admin,01_enterprise_reports,Enterprise Consumption,p4_stock_admin/01_enterprise_reports/04_enterprise_consumption,vendor_procurement,csv_header_text_first_priority_screenshots_for_grain_filters,schema_text_template_ready,0,0,0,0,0,0,"CSV headers are enough for plain tables; screenshots required for high-value lifecycle filters, grouped stock movement/consumption layouts, no-export reports, or grain ambiguity",,paste CSV headers first; add screenshots only for high-value filters or grouped stock/procurement grain
p4_stock_admin,01_enterprise_reports,Enterprise Stock Re-Order,p4_stock_admin/01_enterprise_reports/05_enterprise_stock_re_order,vendor_procurement,csv_header_text_first_priority_screenshots_for_grain_filters,schema_text_template_ready,0,0,0,0,0,0,"CSV headers are enough for plain tables; screenshots required for high-value lifecycle filters, grouped stock movement/consumption layouts, no-export reports, or grain ambiguity",,paste CSV headers first; add screenshots only for high-value filters or grouped stock/procurement grain
p4_stock_admin,01_enterprise_reports,Enterprise Purchase Order,p4_stock_admin/01_enterprise_reports/06_enterprise_purchase_order,vendor_procurement,csv_header_text_first_priority_screenshots_for_grain_filters,schema_text_template_ready,0,0,0,0,0,0,"CSV headers are enough for plain tables; screenshots required for high-value lifecycle filters, grouped stock movement/consumption layouts, no-export reports, or grain ambiguity",,paste CSV headers first; add screenshots only for high-value filters or grouped stock/procurement grain
p4_stock_admin,01_enterprise_reports,Enterprise Consolidated Indent,p4_stock_admin/01_enterprise_reports/07_enterprise_consolidated_indent,vendor_procurement,csv_header_text_first_priority_screenshots_for_grain_filters,schema_text_template_ready,0,0,0,0,0,0,"CSV headers are enough for plain tables; screenshots required for high-value lifecycle filters, grouped stock movement/consumption layouts, no-export reports, or grain ambiguity",,paste CSV headers first; add screenshots only for high-value filters or grouped stock/procurement grain
p4_stock_admin,01_enterprise_reports,Enterprise Variance,p4_stock_admin/01_enterprise_reports/08_enterprise_variance,vendor_procurement,csv_header_text_first_priority_screenshots_for_grain_filters,schema_text_template_ready,0,0,0,0,0,0,"CSV headers are enough for plain tables; screenshots required for high-value lifecycle filters, grouped stock movement/consumption layouts, no-export reports, or grain ambiguity",,paste CSV headers first; add screenshots only for high-value filters or grouped stock/procurement grain
p4_stock_admin,01_enterprise_reports,Enterprise categorywise cogs,p4_stock_admin/01_enterprise_reports/09_enterprise_categorywise_cogs,vendor_procurement,csv_header_text_first_priority_screenshots_for_grain_filters,schema_text_template_ready,0,0,0,0,0,0,"CSV headers are enough for plain tables; screenshots required for high-value lifecycle filters, grouped stock movement/consumption layouts, no-export reports, or grain ambiguity",,paste CSV headers first; add screenshots only for high-value filters or grouped stock/procurement grain
p4_stock_admin,01_enterprise_reports,Enterprise Bill Passing,p4_stock_admin/01_enterprise_reports/10_enterprise_bill_passing,vendor_procurement,csv_header_text_first_priority_screenshots_for_grain_filters,schema_text_template_ready,0,0,0,0,0,0,"CSV headers are enough for plain tables; screenshots required for high-value lifecycle filters, grouped stock movement/consumption layouts, no-export reports, or grain ambiguity",,paste CSV headers first; add screenshots only for high-value filters or grouped stock/procurement grain
p4_stock_admin,01_enterprise_reports,Enterprise Credit Note Report,p4_stock_admin/01_enterprise_reports/11_enterprise_credit_note_report,vendor_procurement,csv_header_text_first_priority_screenshots_for_grain_filters,schema_text_template_ready,0,0,0,0,0,0,"CSV headers are enough for plain tables; screenshots required for high-value lifecycle filters, grouped stock movement/consumption layouts, no-export reports, or grain ambiguity",,paste CSV headers first; add screenshots only for high-value filters or grouped stock/procurement grain
p4_stock_admin,01_enterprise_reports,Enterprise Wastage Report,p4_stock_admin/01_enterprise_reports/12_enterprise_wastage_report,vendor_procurement,csv_header_text_first_priority_screenshots_for_grain_filters,schema_text_template_ready,0,0,0,0,0,0,"CSV headers are enough for plain tables; screenshots required for high-value lifecycle filters, grouped stock movement/consumption layouts, no-export reports, or grain ambiguity",,paste CSV headers first; add screenshots only for high-value filters or grouped stock/procurement grain
p4_stock_admin,01_enterprise_reports,Enterprise Purchase Summary Report,p4_stock_admin/01_enterprise_reports/13_enterprise_purchase_summary_report,vendor_procurement,csv_header_text_first_priority_screenshots_for_grain_filters,schema_text_template_ready,0,0,0,0,0,0,"CSV headers are enough for plain tables; screenshots required for high-value lifecycle filters, grouped stock movement/consumption layouts, no-export reports, or grain ambiguity",,paste CSV headers first; add screenshots only for high-value filters or grouped stock/procurement grain
p4_stock_admin,01_enterprise_reports,Enterprise Internal Indent Report,p4_stock_admin/01_enterprise_reports/14_enterprise_internal_indent_report,vendor_procurement,csv_header_text_first_priority_screenshots_for_grain_filters,schema_text_template_ready,0,0,0,0,0,0,"CSV headers are enough for plain tables; screenshots required for high-value lifecycle filters, grouped stock movement/consumption layouts, no-export reports, or grain ambiguity",,paste CSV headers first; add screenshots only for high-value filters or grouped stock/procurement grain
p4_stock_admin,01_enterprise_reports,Enterprise Food Cost Report,p4_stock_admin/01_enterprise_reports/15_enterprise_food_cost_report,vendor_procurement,csv_header_text_first_priority_screenshots_for_grain_filters,schema_text_template_ready,0,0,0,0,0,0,"CSV headers are enough for plain tables; screenshots required for high-value lifecycle filters, grouped stock movement/consumption layouts, no-export reports, or grain ambiguity",,paste CSV headers first; add screenshots only for high-value filters or grouped stock/procurement grain
p4_stock_admin,02_transactional_reports,Entry Report,p4_stock_admin/02_transactional_reports/01_entry_report,vendor_procurement,csv_header_text_first_priority_screenshots_for_grain_filters,schema_text_template_ready,0,0,0,0,0,0,"CSV headers are enough for plain tables; screenshots required for high-value lifecycle filters, grouped stock movement/consumption layouts, no-export reports, or grain ambiguity",,paste CSV headers first; add screenshots only for high-value filters or grouped stock/procurement grain
p4_stock_admin,02_transactional_reports,Entry Sync Report,p4_stock_admin/02_transactional_reports/02_entry_sync_report,vendor_procurement,csv_header_text_first_priority_screenshots_for_grain_filters,schema_text_template_ready,0,0,0,0,0,0,"CSV headers are enough for plain tables; screenshots required for high-value lifecycle filters, grouped stock movement/consumption layouts, no-export reports, or grain ambiguity",,paste CSV headers first; add screenshots only for high-value filters or grouped stock/procurement grain
p4_stock_admin,02_transactional_reports,Payment Report,p4_stock_admin/02_transactional_reports/03_payment_report,vendor_procurement,csv_header_text_first_priority_screenshots_for_grain_filters,schema_text_template_ready,0,0,0,0,0,0,"CSV headers are enough for plain tables; screenshots required for high-value lifecycle filters, grouped stock movement/consumption layouts, no-export reports, or grain ambiguity",,paste CSV headers first; add screenshots only for high-value filters or grouped stock/procurement grain
p4_stock_admin,02_transactional_reports,Stock Return,p4_stock_admin/02_transactional_reports/04_stock_return,vendor_procurement,csv_header_text_first_priority_screenshots_for_grain_filters,schema_text_template_ready,0,0,0,0,0,0,"CSV headers are enough for plain tables; screenshots required for high-value lifecycle filters, grouped stock movement/consumption layouts, no-export reports, or grain ambiguity",,paste CSV headers first; add screenshots only for high-value filters or grouped stock/procurement grain
p4_stock_admin,02_transactional_reports,Purchase Detail,p4_stock_admin/02_transactional_reports/05_purchase_detail,vendor_procurement,csv_header_text_first_priority_screenshots_for_grain_filters,schema_text_template_ready,0,0,0,0,0,0,"CSV headers are enough for plain tables; screenshots required for high-value lifecycle filters, grouped stock movement/consumption layouts, no-export reports, or grain ambiguity",,paste CSV headers first; add screenshots only for high-value filters or grouped stock/procurement grain
p4_stock_admin,02_transactional_reports,Purchase Detail Consolidated,p4_stock_admin/02_transactional_reports/06_purchase_detail_consolidated,vendor_procurement,csv_header_text_first_priority_screenshots_for_grain_filters,schema_text_template_ready,0,0,0,0,0,0,"CSV headers are enough for plain tables; screenshots required for high-value lifecycle filters, grouped stock movement/consumption layouts, no-export reports, or grain ambiguity",,paste CSV headers first; add screenshots only for high-value filters or grouped stock/procurement grain
p4_stock_admin,02_transactional_reports,Purchase Requisition Report,p4_stock_admin/02_transactional_reports/07_purchase_requisition_report,vendor_procurement,csv_header_text_first_priority_screenshots_for_grain_filters,schema_text_template_ready,0,0,0,0,0,0,"CSV headers are enough for plain tables; screenshots required for high-value lifecycle filters, grouped stock movement/consumption layouts, no-export reports, or grain ambiguity",,paste CSV headers first; add screenshots only for high-value filters or grouped stock/procurement grain
p4_stock_admin,02_transactional_reports,Cut Code Report,p4_stock_admin/02_transactional_reports/08_cut_code_report,vendor_procurement,csv_header_text_first_priority_screenshots_for_grain_filters,schema_text_template_ready,0,0,0,0,0,0,"CSV headers are enough for plain tables; screenshots required for high-value lifecycle filters, grouped stock movement/consumption layouts, no-export reports, or grain ambiguity",,paste CSV headers first; add screenshots only for high-value filters or grouped stock/procurement grain
p4_stock_admin,02_transactional_reports,Bill Passing Report,p4_stock_admin/02_transactional_reports/09_bill_passing_report,vendor_procurement,csv_header_text_first_priority_screenshots_for_grain_filters,schema_text_template_ready,0,0,0,0,0,0,"CSV headers are enough for plain tables; screenshots required for high-value lifecycle filters, grouped stock movement/consumption layouts, no-export reports, or grain ambiguity",,paste CSV headers first; add screenshots only for high-value filters or grouped stock/procurement grain
p4_stock_admin,02_transactional_reports,Stock In Stock Out Report,p4_stock_admin/02_transactional_reports/10_stock_in_stock_out_report,vendor_procurement,csv_header_text_first_priority_screenshots_for_grain_filters,schema_text_template_ready,0,0,0,0,0,0,"CSV headers are enough for plain tables; screenshots required for high-value lifecycle filters, grouped stock movement/consumption layouts, no-export reports, or grain ambiguity",,paste CSV headers first; add screenshots only for high-value filters or grouped stock/procurement grain
p4_stock_admin,03_po_so_reports,Purchase Order,p4_stock_admin/03_po_so_reports/01_purchase_order,vendor_procurement,csv_header_text_first_priority_screenshots_for_grain_filters,schema_text_template_ready,0,0,0,0,0,0,"CSV headers are enough for plain tables; screenshots required for high-value lifecycle filters, grouped stock movement/consumption layouts, no-export reports, or grain ambiguity",,paste CSV headers first; add screenshots only for high-value filters or grouped stock/procurement grain
p4_stock_admin,03_po_so_reports,Standing Purchase Order,p4_stock_admin/03_po_so_reports/02_standing_purchase_order,vendor_procurement,csv_header_text_first_priority_screenshots_for_grain_filters,schema_text_template_ready,0,0,0,0,0,0,"CSV headers are enough for plain tables; screenshots required for high-value lifecycle filters, grouped stock movement/consumption layouts, no-export reports, or grain ambiguity",,paste CSV headers first; add screenshots only for high-value filters or grouped stock/procurement grain
p4_stock_admin,03_po_so_reports,Sales Order,p4_stock_admin/03_po_so_reports/03_sales_order,vendor_procurement,csv_header_text_first_priority_screenshots_for_grain_filters,schema_text_template_ready,0,0,0,0,0,0,"CSV headers are enough for plain tables; screenshots required for high-value lifecycle filters, grouped stock movement/consumption layouts, no-export reports, or grain ambiguity",,paste CSV headers first; add screenshots only for high-value filters or grouped stock/procurement grain
p4_stock_admin,03_po_so_reports,OpenReturn Sales Order Report,p4_stock_admin/03_po_so_reports/04_openreturn_sales_order_report,vendor_procurement,csv_header_text_first_priority_screenshots_for_grain_filters,schema_text_template_ready,0,0,0,0,0,0,"CSV headers are enough for plain tables; screenshots required for high-value lifecycle filters, grouped stock movement/consumption layouts, no-export reports, or grain ambiguity",,paste CSV headers first; add screenshots only for high-value filters or grouped stock/procurement grain
p4_stock_admin,03_po_so_reports,ERP Vendor Invoice,p4_stock_admin/03_po_so_reports/05_erp_vendor_invoice,vendor_procurement,csv_header_text_first_priority_screenshots_for_grain_filters,schema_text_template_ready,0,0,0,0,0,0,"CSV headers are enough for plain tables; screenshots required for high-value lifecycle filters, grouped stock movement/consumption layouts, no-export reports, or grain ambiguity",,paste CSV headers first; add screenshots only for high-value filters or grouped stock/procurement grain
p4_stock_admin,03_po_so_reports,Consolidated salesorder Report receiverWise,p4_stock_admin/03_po_so_reports/06_consolidated_salesorder_report_rec,vendor_procurement,csv_header_text_first_priority_screenshots_for_grain_filters,schema_text_template_ready,0,0,0,0,0,0,"CSV headers are enough for plain tables; screenshots required for high-value lifecycle filters, grouped stock movement/consumption layouts, no-export reports, or grain ambiguity",,paste CSV headers first; add screenshots only for high-value filters or grouped stock/procurement grain
p4_stock_admin,04_indent_reports,Indent Report,p4_stock_admin/04_indent_reports/01_indent_report,vendor_procurement,csv_header_text_first_priority_screenshots_for_grain_filters,schema_text_template_ready,0,0,0,0,0,0,"CSV headers are enough for plain tables; screenshots required for high-value lifecycle filters, grouped stock movement/consumption layouts, no-export reports, or grain ambiguity",,paste CSV headers first; add screenshots only for high-value filters or grouped stock/procurement grain
p4_stock_admin,04_indent_reports,Consolidated Indent,p4_stock_admin/04_indent_reports/02_consolidated_indent,vendor_procurement,csv_header_text_first_priority_screenshots_for_grain_filters,schema_text_template_ready,0,0,0,0,0,0,"CSV headers are enough for plain tables; screenshots required for high-value lifecycle filters, grouped stock movement/consumption layouts, no-export reports, or grain ambiguity",,paste CSV headers first; add screenshots only for high-value filters or grouped stock/procurement grain
p4_stock_admin,04_indent_reports,Consolidated Indent Items,p4_stock_admin/04_indent_reports/03_consolidated_indent_items,vendor_procurement,csv_header_text_first_priority_screenshots_for_grain_filters,schema_text_template_ready,0,0,0,0,0,0,"CSV headers are enough for plain tables; screenshots required for high-value lifecycle filters, grouped stock movement/consumption layouts, no-export reports, or grain ambiguity",,paste CSV headers first; add screenshots only for high-value filters or grouped stock/procurement grain
p4_stock_admin,04_indent_reports,Issue Report,p4_stock_admin/04_indent_reports/04_issue_report,vendor_procurement,csv_header_text_first_priority_screenshots_for_grain_filters,schema_text_template_ready,0,0,0,0,0,0,"CSV headers are enough for plain tables; screenshots required for high-value lifecycle filters, grouped stock movement/consumption layouts, no-export reports, or grain ambiguity",,paste CSV headers first; add screenshots only for high-value filters or grouped stock/procurement grain
p4_stock_admin,04_indent_reports,Consolidated Indent Report Outlet Wise,p4_stock_admin/04_indent_reports/05_consolidated_indent_report_outlet,vendor_procurement,csv_header_text_first_priority_screenshots_for_grain_filters,schema_text_template_ready,0,0,0,0,0,0,"CSV headers are enough for plain tables; screenshots required for high-value lifecycle filters, grouped stock movement/consumption layouts, no-export reports, or grain ambiguity",,paste CSV headers first; add screenshots only for high-value filters or grouped stock/procurement grain
p4_stock_admin,04_indent_reports,Suspense Report,p4_stock_admin/04_indent_reports/06_suspense_report,vendor_procurement,csv_header_text_first_priority_screenshots_for_grain_filters,schema_text_template_ready,0,0,0,0,0,0,"CSV headers are enough for plain tables; screenshots required for high-value lifecycle filters, grouped stock movement/consumption layouts, no-export reports, or grain ambiguity",,paste CSV headers first; add screenshots only for high-value filters or grouped stock/procurement grain
p4_stock_admin,04_indent_reports,Bulk Return Report,p4_stock_admin/04_indent_reports/07_bulk_return_report,vendor_procurement,csv_header_text_first_priority_screenshots_for_grain_filters,schema_text_template_ready,0,0,0,0,0,0,"CSV headers are enough for plain tables; screenshots required for high-value lifecycle filters, grouped stock movement/consumption layouts, no-export reports, or grain ambiguity",,paste CSV headers first; add screenshots only for high-value filters or grouped stock/procurement grain
p4_stock_admin,05_aggregation_reports,Item Wise Inflation Report,p4_stock_admin/05_aggregation_reports/01_item_wise_inflation_report,vendor_procurement,csv_header_text_first_priority_screenshots_for_grain_filters,schema_text_template_ready,0,0,0,0,0,0,"CSV headers are enough for plain tables; screenshots required for high-value lifecycle filters, grouped stock movement/consumption layouts, no-export reports, or grain ambiguity",,paste CSV headers first; add screenshots only for high-value filters or grouped stock/procurement grain
p4_stock_admin,05_aggregation_reports,Consumption Report,p4_stock_admin/05_aggregation_reports/02_consumption_report,vendor_procurement,csv_header_text_first_priority_screenshots_for_grain_filters,schema_text_template_ready,0,0,0,0,0,0,"CSV headers are enough for plain tables; screenshots required for high-value lifecycle filters, grouped stock movement/consumption layouts, no-export reports, or grain ambiguity",,paste CSV headers first; add screenshots only for high-value filters or grouped stock/procurement grain
p4_stock_admin,05_aggregation_reports,Variance Report,p4_stock_admin/05_aggregation_reports/03_variance_report,vendor_procurement,csv_header_text_first_priority_screenshots_for_grain_filters,schema_text_template_ready,0,0,0,0,0,0,"CSV headers are enough for plain tables; screenshots required for high-value lifecycle filters, grouped stock movement/consumption layouts, no-export reports, or grain ambiguity",,paste CSV headers first; add screenshots only for high-value filters or grouped stock/procurement grain
p4_stock_admin,05_aggregation_reports,Intermediate (Semi),p4_stock_admin/05_aggregation_reports/04_intermediate_semi,vendor_procurement,csv_header_text_first_priority_screenshots_for_grain_filters,schema_text_template_ready,0,0,0,0,0,0,"CSV headers are enough for plain tables; screenshots required for high-value lifecycle filters, grouped stock movement/consumption layouts, no-export reports, or grain ambiguity",,paste CSV headers first; add screenshots only for high-value filters or grouped stock/procurement grain
p4_stock_admin,05_aggregation_reports,Movement Report,p4_stock_admin/05_aggregation_reports/05_movement_report,vendor_procurement,csv_header_text_first_priority_screenshots_for_grain_filters,schema_text_template_ready,0,0,0,0,0,0,"CSV headers are enough for plain tables; screenshots required for high-value lifecycle filters, grouped stock movement/consumption layouts, no-export reports, or grain ambiguity",,paste CSV headers first; add screenshots only for high-value filters or grouped stock/procurement grain
p4_stock_admin,05_aggregation_reports,Finished Food,p4_stock_admin/05_aggregation_reports/06_finished_food,vendor_procurement,csv_header_text_first_priority_screenshots_for_grain_filters,schema_text_template_ready,0,0,0,0,0,0,"CSV headers are enough for plain tables; screenshots required for high-value lifecycle filters, grouped stock movement/consumption layouts, no-export reports, or grain ambiguity",,paste CSV headers first; add screenshots only for high-value filters or grouped stock/procurement grain
p4_stock_admin,05_aggregation_reports,Recipe Consumption Report,p4_stock_admin/05_aggregation_reports/07_recipe_consumption_report,vendor_procurement,csv_header_text_first_priority_screenshots_for_grain_filters,schema_text_template_ready,0,0,0,0,0,0,"CSV headers are enough for plain tables; screenshots required for high-value lifecycle filters, grouped stock movement/consumption layouts, no-export reports, or grain ambiguity",,paste CSV headers first; add screenshots only for high-value filters or grouped stock/procurement grain
p4_stock_admin,06_analytical_reports,Booking Journal,p4_stock_admin/06_analytical_reports/01_booking_journal,vendor_procurement,csv_header_text_first_priority_screenshots_for_grain_filters,schema_text_template_ready,0,0,0,0,0,0,"CSV headers are enough for plain tables; screenshots required for high-value lifecycle filters, grouped stock movement/consumption layouts, no-export reports, or grain ambiguity",,paste CSV headers first; add screenshots only for high-value filters or grouped stock/procurement grain
p4_stock_admin,06_analytical_reports,Food Cost Report,p4_stock_admin/06_analytical_reports/02_food_cost_report,vendor_procurement,csv_header_text_first_priority_screenshots_for_grain_filters,schema_text_template_ready,0,0,0,0,0,0,"CSV headers are enough for plain tables; screenshots required for high-value lifecycle filters, grouped stock movement/consumption layouts, no-export reports, or grain ambiguity",,paste CSV headers first; add screenshots only for high-value filters or grouped stock/procurement grain
p4_stock_admin,06_analytical_reports,Re-Order Level,p4_stock_admin/06_analytical_reports/03_re_order_level,vendor_procurement,csv_header_text_first_priority_screenshots_for_grain_filters,schema_text_template_ready,0,0,0,0,0,0,"CSV headers are enough for plain tables; screenshots required for high-value lifecycle filters, grouped stock movement/consumption layouts, no-export reports, or grain ambiguity",,paste CSV headers first; add screenshots only for high-value filters or grouped stock/procurement grain
p4_stock_admin,06_analytical_reports,Closing Stock Report,p4_stock_admin/06_analytical_reports/04_closing_stock_report,vendor_procurement,csv_header_text_first_priority_screenshots_for_grain_filters,schema_text_template_ready,0,0,0,0,0,0,"CSV headers are enough for plain tables; screenshots required for high-value lifecycle filters, grouped stock movement/consumption layouts, no-export reports, or grain ambiguity",,paste CSV headers first; add screenshots only for high-value filters or grouped stock/procurement grain
p4_stock_admin,06_analytical_reports,Cost margin Report,p4_stock_admin/06_analytical_reports/05_cost_margin_report,vendor_procurement,csv_header_text_first_priority_screenshots_for_grain_filters,schema_text_template_ready,0,0,0,0,0,0,"CSV headers are enough for plain tables; screenshots required for high-value lifecycle filters, grouped stock movement/consumption layouts, no-export reports, or grain ambiguity",,paste CSV headers first; add screenshots only for high-value filters or grouped stock/procurement grain
p4_stock_admin,06_analytical_reports,Pricing Ledger,p4_stock_admin/06_analytical_reports/06_pricing_ledger,vendor_procurement,csv_header_text_first_priority_screenshots_for_grain_filters,schema_text_template_ready,0,0,0,0,0,0,"CSV headers are enough for plain tables; screenshots required for high-value lifecycle filters, grouped stock movement/consumption layouts, no-export reports, or grain ambiguity",,paste CSV headers first; add screenshots only for high-value filters or grouped stock/procurement grain
p4_stock_admin,06_analytical_reports,Purchase Summary,p4_stock_admin/06_analytical_reports/07_purchase_summary,vendor_procurement,csv_header_text_first_priority_screenshots_for_grain_filters,schema_text_template_ready,0,0,0,0,0,0,"CSV headers are enough for plain tables; screenshots required for high-value lifecycle filters, grouped stock movement/consumption layouts, no-export reports, or grain ambiguity",,paste CSV headers first; add screenshots only for high-value filters or grouped stock/procurement grain
p4_stock_admin,06_analytical_reports,Stock Recipe Report,p4_stock_admin/06_analytical_reports/08_stock_recipe_report,vendor_procurement,csv_header_text_first_priority_screenshots_for_grain_filters,schema_text_template_ready,0,0,0,0,0,0,"CSV headers are enough for plain tables; screenshots required for high-value lifecycle filters, grouped stock movement/consumption layouts, no-export reports, or grain ambiguity",,paste CSV headers first; add screenshots only for high-value filters or grouped stock/procurement grain
p4_stock_admin,07_other_reports,Advance Ordering Report,p4_stock_admin/07_other_reports/01_advance_ordering_report,vendor_procurement,csv_header_text_first_priority_screenshots_for_grain_filters,schema_text_template_ready,0,0,0,0,0,0,"CSV headers are enough for plain tables; screenshots required for high-value lifecycle filters, grouped stock movement/consumption layouts, no-export reports, or grain ambiguity",,paste CSV headers first; add screenshots only for high-value filters or grouped stock/procurement grain
p4_stock_admin,07_other_reports,NC Head Consumption Cost,p4_stock_admin/07_other_reports/02_nc_head_consumption_cost,vendor_procurement,csv_header_text_first_priority_screenshots_for_grain_filters,schema_text_template_ready,0,0,0,0,0,0,"CSV headers are enough for plain tables; screenshots required for high-value lifecycle filters, grouped stock movement/consumption layouts, no-export reports, or grain ambiguity",,paste CSV headers first; add screenshots only for high-value filters or grouped stock/procurement grain
p4_stock_admin,07_other_reports,Expiry Report,p4_stock_admin/07_other_reports/03_expiry_report,vendor_procurement,csv_header_text_first_priority_screenshots_for_grain_filters,schema_text_template_ready,0,0,0,0,0,0,"CSV headers are enough for plain tables; screenshots required for high-value lifecycle filters, grouped stock movement/consumption layouts, no-export reports, or grain ambiguity",,paste CSV headers first; add screenshots only for high-value filters or grouped stock/procurement grain
p4_stock_admin,07_other_reports,Default Cost Report,p4_stock_admin/07_other_reports/04_default_cost_report,vendor_procurement,csv_header_text_first_priority_screenshots_for_grain_filters,schema_text_template_ready,0,0,0,0,0,0,"CSV headers are enough for plain tables; screenshots required for high-value lifecycle filters, grouped stock movement/consumption layouts, no-export reports, or grain ambiguity",,paste CSV headers first; add screenshots only for high-value filters or grouped stock/procurement grain
p4_stock_admin,07_other_reports,Kitchen Wise Item Report,p4_stock_admin/07_other_reports/05_kitchen_wise_item_report,vendor_procurement,csv_header_text_first_priority_screenshots_for_grain_filters,schema_text_template_ready,0,0,0,0,0,0,"CSV headers are enough for plain tables; screenshots required for high-value lifecycle filters, grouped stock movement/consumption layouts, no-export reports, or grain ambiguity",,paste CSV headers first; add screenshots only for high-value filters or grouped stock/procurement grain
p4_stock_admin,07_other_reports,Vendor Pricing Report,p4_stock_admin/07_other_reports/06_vendor_pricing_report,vendor_procurement,csv_header_text_first_priority_screenshots_for_grain_filters,schema_text_template_ready,0,0,0,0,0,0,"CSV headers are enough for plain tables; screenshots required for high-value lifecycle filters, grouped stock movement/consumption layouts, no-export reports, or grain ambiguity",,paste CSV headers first; add screenshots only for high-value filters or grouped stock/procurement grain
p4_stock_admin,07_other_reports,Late Delivery Report,p4_stock_admin/07_other_reports/07_late_delivery_report,vendor_procurement,csv_header_text_first_priority_screenshots_for_grain_filters,schema_text_template_ready,0,0,0,0,0,0,"CSV headers are enough for plain tables; screenshots required for high-value lifecycle filters, grouped stock movement/consumption layouts, no-export reports, or grain ambiguity",,paste CSV headers first; add screenshots only for high-value filters or grouped stock/procurement grain
p4_stock_admin,07_other_reports,RR Reports,p4_stock_admin/07_other_reports/08_rr_reports,vendor_procurement,csv_header_text_first_priority_screenshots_for_grain_filters,schema_text_template_ready,0,0,0,0,0,0,"CSV headers are enough for plain tables; screenshots required for high-value lifecycle filters, grouped stock movement/consumption layouts, no-export reports, or grain ambiguity",,paste CSV headers first; add screenshots only for high-value filters or grouped stock/procurement grain
p4_stock_admin,07_other_reports,Pending Requests,p4_stock_admin/07_other_reports/09_pending_requests,vendor_procurement,csv_header_text_first_priority_screenshots_for_grain_filters,schema_text_template_ready,0,0,0,0,0,0,"CSV headers are enough for plain tables; screenshots required for high-value lifecycle filters, grouped stock movement/consumption layouts, no-export reports, or grain ambiguity",,paste CSV headers first; add screenshots only for high-value filters or grouped stock/procurement grain
p4_stock_admin,07_other_reports,Manual Month End Report,p4_stock_admin/07_other_reports/10_manual_month_end_report,vendor_procurement,csv_header_text_first_priority_screenshots_for_grain_filters,schema_text_template_ready,0,0,0,0,0,0,"CSV headers are enough for plain tables; screenshots required for high-value lifecycle filters, grouped stock movement/consumption layouts, no-export reports, or grain ambiguity",,paste CSV headers first; add screenshots only for high-value filters or grouped stock/procurement grain
p4_stock_admin,07_other_reports,HSN Wise Summary,p4_stock_admin/07_other_reports/11_hsn_wise_summary,vendor_procurement,csv_header_text_first_priority_screenshots_for_grain_filters,schema_text_template_ready,0,0,0,0,0,0,"CSV headers are enough for plain tables; screenshots required for high-value lifecycle filters, grouped stock movement/consumption layouts, no-export reports, or grain ambiguity",,paste CSV headers first; add screenshots only for high-value filters or grouped stock/procurement grain
p4_stock_admin,07_other_reports,Sales Payout Report,p4_stock_admin/07_other_reports/12_sales_payout_report,vendor_procurement,csv_header_text_first_priority_screenshots_for_grain_filters,schema_text_template_ready,0,0,0,0,0,0,"CSV headers are enough for plain tables; screenshots required for high-value lifecycle filters, grouped stock movement/consumption layouts, no-export reports, or grain ambiguity",,paste CSV headers first; add screenshots only for high-value filters or grouped stock/procurement grain
p4_stock_admin,07_other_reports,Vendor Last 5 Purchase Price,p4_stock_admin/07_other_reports/13_vendor_last_5_purchase_price,vendor_procurement,csv_header_text_first_priority_screenshots_for_grain_filters,schema_text_template_ready,0,0,0,0,0,0,"CSV headers are enough for plain tables; screenshots required for high-value lifecycle filters, grouped stock movement/consumption layouts, no-export reports, or grain ambiguity",,paste CSV headers first; add screenshots only for high-value filters or grouped stock/procurement grain
p4_stock_admin,07_other_reports,Yield Report,p4_stock_admin/07_other_reports/14_yield_report,vendor_procurement,csv_header_text_first_priority_screenshots_for_grain_filters,schema_text_template_ready,0,0,0,0,0,0,"CSV headers are enough for plain tables; screenshots required for high-value lifecycle filters, grouped stock movement/consumption layouts, no-export reports, or grain ambiguity",,paste CSV headers first; add screenshots only for high-value filters or grouped stock/procurement grain
p4_stock_admin,07_other_reports,Production Plan Report,p4_stock_admin/07_other_reports/15_production_plan_report,vendor_procurement,csv_header_text_first_priority_screenshots_for_grain_filters,schema_text_template_ready,0,0,0,0,0,0,"CSV headers are enough for plain tables; screenshots required for high-value lifecycle filters, grouped stock movement/consumption layouts, no-export reports, or grain ambiguity",,paste CSV headers first; add screenshots only for high-value filters or grouped stock/procurement grain
p4_stock_admin,07_other_reports,Gate Pass Report,p4_stock_admin/07_other_reports/16_gate_pass_report,vendor_procurement,csv_header_text_first_priority_screenshots_for_grain_filters,schema_text_template_ready,0,0,0,0,0,0,"CSV headers are enough for plain tables; screenshots required for high-value lifecycle filters, grouped stock movement/consumption layouts, no-export reports, or grain ambiguity",,paste CSV headers first; add screenshots only for high-value filters or grouped stock/procurement grain
p4_stock_admin,07_other_reports,Bin Packaging Report,p4_stock_admin/07_other_reports/17_bin_packaging_report,vendor_procurement,csv_header_text_first_priority_screenshots_for_grain_filters,schema_text_template_ready,0,0,0,0,0,0,"CSV headers are enough for plain tables; screenshots required for high-value lifecycle filters, grouped stock movement/consumption layouts, no-export reports, or grain ambiguity",,paste CSV headers first; add screenshots only for high-value filters or grouped stock/procurement grain
p4_stock_admin,08_summary,Deployment Summary,p4_stock_admin/08_summary/01_deployment_summary,inventory_consumption,csv_header_text_first_priority_screenshots_for_grain_filters,schema_text_template_ready,0,0,0,0,0,0,"CSV headers are enough for plain tables; screenshots required for high-value lifecycle filters, grouped stock movement/consumption layouts, no-export reports, or grain ambiguity",,paste CSV headers first; add screenshots only for high-value filters or grouped stock/procurement grain
p4_stock_admin,09_bill_passing,Bill Passing,p4_stock_admin/09_bill_passing/01_bill_passing,vendor_procurement,csv_header_text_first_priority_screenshots_for_grain_filters,schema_text_template_ready,0,0,0,0,0,0,"CSV headers are enough for plain tables; screenshots required for high-value lifecycle filters, grouped stock movement/consumption layouts, no-export reports, or grain ambiguity",,paste CSV headers first; add screenshots only for high-value filters or grouped stock/procurement grain
p4_stock_admin,10_catering,Catering,p4_stock_admin/10_catering/01_catering,inventory_consumption,csv_header_text_first_priority_screenshots_for_grain_filters,schema_text_template_ready,0,0,0,0,0,0,"CSV headers are enough for plain tables; screenshots required for high-value lifecycle filters, grouped stock movement/consumption layouts, no-export reports, or grain ambiguity",,paste CSV headers first; add screenshots only for high-value filters or grouped stock/procurement grain
