State,Deployment,Order Id,billNumber,daySerial,Tab,tableNumber,Open Time,Close Time,Category Name,Item Name,Item Number,itemSection,Item Classification,Rate,Qty,Amount,Discount,discountType,discountRemarks,GST@5% Amount,GST@5%,GST@18% Amount,GST@18%,GST@3% Amount,GST@3%,netamt,customerName,customerMobile,Covers,Waiter Name,Source
Delhi,ABNAH Cafe Connaught Place,,BILL-OUT001-260301-0001,1,Delivery/Takeaway,,2026-03-01 13:18:00,2026-03-01 14:03:00,Coffee Classics,Americano - Regular,MENU0003,Beverage,Menu Item,185.0,1.0,185.0,10.32,Bill Discount,Synthetic promotion,174.68,8.73,0,0,0,0,183.41,,,,,
Delhi,ABNAH Cafe Connaught Place,,BILL-OUT001-260301-0002,2,Dine In,T03,2026-03-01 19:08:00,2026-03-01 19:49:00,Coffee Classics,Americano - Medium,MENU0004,Beverage,Menu Item,210.0,3.0,630.0,0.3,Bill Discount,Synthetic promotion,629.7,31.48,0,0,0,0,661.18,,,,,
Delhi,ABNAH Cafe Connaught Place,,BILL-OUT001-260301-0003,3,Delivery/Takeaway,,2026-03-01 18:27:00,2026-03-01 19:14:00,Coffee Classics,Latte - Regular,MENU0006,Beverage,Menu Item,225.0,1.0,225.0,7.85,Bill Discount,Synthetic promotion,217.15,10.86,0,0,0,0,228.01,,,,,
Delhi,ABNAH Cafe Connaught Place,,BILL-OUT001-260301-0004,4,Delivery/Takeaway,,2026-03-01 15:58:00,2026-03-01 16:22:00,Coffee Classics,Latte - Medium,MENU0007,Beverage,Menu Item,250.0,1.0,250.0,10.12,Bill Discount,Synthetic promotion,239.88,11.99,0,0,0,0,251.87,,,,,
Delhi,ABNAH Cafe Connaught Place,,BILL-OUT001-260301-0005,5,Delivery/Takeaway,,2026-03-01 09:06:00,2026-03-01 09:16:00,Coffee Classics,Latte - Large,MENU0008,Beverage,Menu Item,275.0,2.0,550.0,1.06,Bill Discount,Synthetic promotion,548.94,27.45,0,0,0,0,576.39,,,,,
Delhi,ABNAH Cafe Connaught Place,,BILL-OUT001-260301-0006,6,Delivery/Takeaway,,2026-03-01 13:42:00,2026-03-01 14:15:00,Coffee Classics,Cappuccino - Regular,MENU0009,Beverage,Menu Item,225.67,3.0,677.01,0.0,,,677.01,33.85,0,0,0,0,710.86,,,,,
Delhi,ABNAH Cafe Connaught Place,,BILL-OUT001-260301-0007,7,Dine In,T07,2026-03-01 09:55:00,2026-03-01 10:39:00,Coffee Classics,Cappuccino - Large,MENU0011,Beverage,Menu Item,277.06,1.0,277.06,0.0,,,277.06,13.85,0,0,0,0,290.91,,,,,
Delhi,ABNAH Cafe Connaught Place,,BILL-OUT001-260301-0008,8,Delivery/Takeaway,,2026-03-01 19:08:00,2026-03-01 19:31:00,Coffee Classics,Flat White - Medium,MENU0013,Beverage,Menu Item,260.0,2.0,520.0,2.42,Bill Discount,Synthetic promotion,517.58,25.88,0,0,0,0,543.46,,,,,
Delhi,ABNAH Cafe Connaught Place,,BILL-OUT001-260301-0009,9,Dine In,T23,2026-03-01 08:03:00,2026-03-01 08:48:00,Coffee Classics,Flat White - Large,MENU0014,Beverage,Menu Item,286.42,1.0,286.42,0.0,,,286.42,14.32,0,0,0,0,300.74,,,,,
Delhi,ABNAH Cafe Connaught Place,,BILL-OUT001-260301-0010,10,Delivery/Takeaway,,2026-03-01 11:23:00,2026-03-01 12:11:00,Coffee Classics,Mocha - Regular,MENU0015,Beverage,Menu Item,245.0,1.0,245.0,10.03,Bill Discount,Synthetic promotion,234.97,11.75,0,0,0,0,246.72,,,,,
Delhi,ABNAH Cafe Connaught Place,,BILL-OUT001-260301-0011,11,Delivery/Takeaway,,2026-03-01 19:07:00,2026-03-01 19:42:00,Coffee Classics,Mocha - Medium,MENU0016,Beverage,Menu Item,270.0,3.0,810.0,28.73,Bill Discount,Synthetic promotion,781.27,39.06,0,0,0,0,820.33,,,,,
Delhi,ABNAH Cafe Connaught Place,,BILL-OUT001-260301-0012,12,Delivery/Takeaway,,2026-03-01 15:28:00,2026-03-01 16:06:00,Coffee Classics,Mocha - Large,MENU0017,Beverage,Menu Item,295.0,1.0,295.0,7.25,Bill Discount,Synthetic promotion,287.75,14.39,0,0,0,0,302.14,,,,,
Delhi,ABNAH Cafe Connaught Place,,BILL-OUT001-260301-0013,13,Delivery/Takeaway,,2026-03-01 11:33:00,2026-03-01 12:20:00,Signature Coffee,Sea Salt Mocha - Medium,MENU0019,Beverage,Menu Item,306.79,1.0,306.79,0.0,,,306.79,15.34,0,0,0,0,322.13,,,,,
Delhi,ABNAH Cafe Connaught Place,,BILL-OUT001-260301-0014,14,Dine In,T10,2026-03-01 12:57:00,2026-03-01 13:29:00,Signature Coffee,Orange Zest Mocha - Large,MENU0023,Beverage,Menu Item,330.7,1.0,330.7,0.0,,,330.7,16.54,0,0,0,0,347.24,,,,,
Delhi,ABNAH Cafe Connaught Place,,BILL-OUT001-260301-0015,15,Dine In,T23,2026-03-01 15:52:00,2026-03-01 16:19:00,Signature Coffee,Caramel Macchiato - Regular,MENU0024,Beverage,Menu Item,265.0,1.0,265.0,14.72,Bill Discount,Synthetic promotion,250.28,12.51,0,0,0,0,262.79,,,,,
Delhi,ABNAH Cafe Connaught Place,,BILL-OUT001-260301-0016,16,Delivery/Takeaway,,2026-03-01 17:03:00,2026-03-01 17:39:00,Signature Coffee,Caramel Macchiato - Medium,MENU0025,Beverage,Menu Item,295.0,2.0,590.0,28.25,Bill Discount,Synthetic promotion,561.75,28.09,0,0,0,0,589.84,,,,,
Delhi,ABNAH Cafe Connaught Place,,BILL-OUT001-260301-0017,17,Delivery/Takeaway,,2026-03-01 19:20:00,2026-03-01 19:33:00,Signature Coffee,French Vanilla Latte - Medium,MENU0028,Beverage,Menu Item,300.33,1.0,300.33,0.0,,,300.33,15.02,0,0,0,0,315.35,,,,,
Delhi,ABNAH Cafe Connaught Place,,BILL-OUT001-260301-0018,18,Delivery/Takeaway,,2026-03-01 09:06:00,2026-03-01 09:37:00,Signature Coffee,French Vanilla Latte - Large,MENU0029,Beverage,Menu Item,325.0,2.0,650.0,35.17,Bill Discount,Synthetic promotion,614.83,30.74,0,0,0,0,645.57,,,,,
Delhi,ABNAH Cafe Connaught Place,,BILL-OUT001-260301-0019,19,Delivery/Takeaway,,2026-03-01 16:22:00,2026-03-01 16:47:00,Signature Coffee,Vegan Iced Latte - Regular,MENU0030,Beverage,Menu Item,285.86,1.0,285.86,0.0,,,285.86,14.29,0,0,0,0,300.15,,,,,
Delhi,ABNAH Cafe Connaught Place,,BILL-OUT001-260301-0020,20,Delivery/Takeaway,,2026-03-01 08:09:00,2026-03-01 08:41:00,Signature Coffee,Vegan Iced Latte - Medium,MENU0031,Beverage,Menu Item,310.0,1.0,310.0,0.38,Bill Discount,Synthetic promotion,309.62,15.48,0,0,0,0,325.1,,,,,
Delhi,ABNAH Cafe Connaught Place,,BILL-OUT001-260301-0021,21,Delivery/Takeaway,,2026-03-01 19:24:00,2026-03-01 20:01:00,Cold Brew,Classic Cold Brew - Medium,MENU0034,Beverage,Menu Item,252.19,1.0,252.19,0.0,,,252.19,12.61,0,0,0,0,264.8,,,,,
Delhi,ABNAH Cafe Connaught Place,,BILL-OUT001-260301-0022,22,Delivery/Takeaway,,2026-03-01 14:57:00,2026-03-01 15:16:00,Cold Brew,Coffee Lemonade - Regular,MENU0036,Beverage,Menu Item,235.0,1.0,235.0,11.5,Bill Discount,Synthetic promotion,223.5,11.18,0,0,0,0,234.68,,,,,
Delhi,ABNAH Cafe Connaught Place,,BILL-OUT001-260301-0023,23,Delivery/Takeaway,,2026-03-01 16:23:00,2026-03-01 17:00:00,Cold Brew,Coffee Lemonade - Medium,MENU0037,Beverage,Menu Item,260.0,2.0,520.0,2.23,Bill Discount,Synthetic promotion,517.77,25.89,0,0,0,0,543.66,,,,,
Delhi,ABNAH Cafe Connaught Place,,BILL-OUT001-260301-0024,24,Dine In,T06,2026-03-01 08:24:00,2026-03-01 09:04:00,Cold Brew,Vietnamese Shakerato - Regular,MENU0039,Beverage,Menu Item,255.0,1.0,255.0,5.73,Bill Discount,Synthetic promotion,249.27,12.46,0,0,0,0,261.73,,,,,
Delhi,ABNAH Cafe Connaught Place,,BILL-OUT001-260301-0025,25,Delivery/Takeaway,,2026-03-01 12:58:00,2026-03-01 13:36:00,Cold Coffee,Classic Cold Coffee - Regular,MENU0042,Beverage,Menu Item,255.0,1.0,255.0,3.9,Bill Discount,Synthetic promotion,251.1,12.55,0,0,0,0,263.65,,,,,
Delhi,ABNAH Cafe Connaught Place,,BILL-OUT001-260301-0026,26,Delivery/Takeaway,,2026-03-01 14:57:00,2026-03-01 15:27:00,Cold Coffee,Classic Cold Coffee - Medium,MENU0043,Beverage,Menu Item,290.0,1.0,290.0,9.92,Bill Discount,Synthetic promotion,280.08,14.0,0,0,0,0,294.08,,,,,
Delhi,ABNAH Cafe Connaught Place,,BILL-OUT001-260301-0027,27,Delivery/Takeaway,,2026-03-01 19:36:00,2026-03-01 20:15:00,Cold Coffee,Mocha Cold Coffee - Medium,MENU0046,Beverage,Menu Item,322.89,1.0,322.89,0.0,,,322.89,16.14,0,0,0,0,339.03,,,,,
Delhi,ABNAH Cafe Connaught Place,,BILL-OUT001-260301-0028,28,Dine In,T04,2026-03-01 11:15:00,2026-03-01 11:38:00,Tea,Himalayan Green Tea,MENU0054,Beverage,Menu Item,210.0,1.0,210.0,9.66,Bill Discount,Synthetic promotion,200.34,10.02,0,0,0,0,210.36,,,,,
Delhi,ABNAH Cafe Connaught Place,,BILL-OUT001-260301-0029,29,Dine In,T14,2026-03-01 15:19:00,2026-03-01 15:30:00,Iced Tea,Lemon Iced Tea - Regular,MENU0058,Beverage,Menu Item,206.28,1.0,206.28,0.0,,,206.28,10.31,0,0,0,0,216.59,,,,,
Delhi,ABNAH Cafe Connaught Place,,BILL-OUT001-260301-0030,30,Dine In,T19,2026-03-01 12:00:00,2026-03-01 12:22:00,Kids Beverage,Hot Chocolate - Medium,MENU0065,Beverage,Menu Item,245.0,1.0,245.0,7.27,Bill Discount,Synthetic promotion,237.73,11.89,0,0,0,0,249.62,,,,,
Delhi,ABNAH Cafe Connaught Place,,BILL-OUT001-260301-0031,31,Dine In,T09,2026-03-01 17:04:00,2026-03-01 17:43:00,Shake,Choco Chip Shake - Medium,MENU0069,Beverage,Menu Item,330.0,1.0,330.0,8.16,Bill Discount,Synthetic promotion,321.84,16.09,0,0,0,0,337.93,,,,,
Delhi,ABNAH Cafe Connaught Place,,BILL-OUT001-260301-0032,32,Delivery/Takeaway,,2026-03-01 08:59:00,2026-03-01 09:24:00,Smoothie,Seasonal Smoothie - Medium,MENU0075,Beverage,Menu Item,340.0,1.0,340.0,3.64,Bill Discount,Synthetic promotion,336.36,16.82,0,0,0,0,353.18,,,,,
Delhi,ABNAH Cafe Connaught Place,,BILL-OUT001-260301-0033,33,Delivery/Takeaway,,2026-03-01 13:20:00,2026-03-01 13:57:00,Wraps,Shredded Chicken Wrap,MENU0078,Food,Menu Item,295.0,1.0,295.0,4.95,Bill Discount,Synthetic promotion,290.05,14.5,0,0,0,0,304.55,,,,,
Delhi,ABNAH Cafe Connaught Place,,BILL-OUT001-260301-0034,34,Delivery/Takeaway,,2026-03-01 17:15:00,2026-03-01 17:24:00,Breakfast,Cream Cheese Bagel,MENU0087,Food,Menu Item,250.0,1.0,250.0,0.96,Bill Discount,Synthetic promotion,249.04,12.45,0,0,0,0,261.49,,,,,
Delhi,ABNAH Cafe Connaught Place,,BILL-OUT001-260301-0035,35,Delivery/Takeaway,,2026-03-01 17:48:00,2026-03-01 18:01:00,Breakfast,Scallion Pepper Cream Cheese Bagel,MENU0088,Food,Menu Item,266.79,2.0,533.58,0.01,Bill Discount,Synthetic promotion,533.57,26.68,0,0,0,0,560.25,,,,,
Delhi,ABNAH Cafe Connaught Place,,BILL-OUT001-260301-0036,36,Delivery/Takeaway,,2026-03-01 16:37:00,2026-03-01 17:18:00,Baked Goods,Mushroom Cheese Croissant,MENU0097,Food,Menu Item,255.0,2.0,510.0,1.42,Bill Discount,Synthetic promotion,508.58,25.43,0,0,0,0,534.01,,,,,
Delhi,ABNAH Cafe Connaught Place,,BILL-OUT001-260301-0037,37,Delivery/Takeaway,,2026-03-01 08:16:00,2026-03-01 08:55:00,Baked Goods,Sriracha Chicken Croissant,MENU0098,Food,Menu Item,278.8,1.0,278.8,0.0,,,278.8,13.94,0,0,0,0,292.74,,,,,
Delhi,ABNAH Cafe Connaught Place,,BILL-OUT001-260301-0038,38,Dine In,T10,2026-03-01 18:05:00,2026-03-01 18:15:00,Baked Goods,Lemon Raspberry Tea Cake,MENU0101,Dessert,Menu Item,218.68,1.0,218.68,0.0,,,218.68,10.93,0,0,0,0,229.61,,,,,
Delhi,ABNAH Cafe Connaught Place,,BILL-OUT001-260301-0039,39,Dine In,T02,2026-03-01 12:26:00,2026-03-01 12:43:00,Desserts,Classic Chocolate Fudge Brownie,MENU0104,Dessert,Menu Item,195.0,1.0,195.0,8.02,Bill Discount,Synthetic promotion,186.98,9.35,0,0,0,0,196.33,,,,,
Delhi,ABNAH Cafe Connaught Place,,BILL-OUT001-260301-0040,40,Delivery/Takeaway,,2026-03-01 16:45:00,2026-03-01 17:24:00,Desserts,Death by Chocolate Cookie,MENU0106,Dessert,Menu Item,190.44,1.0,190.44,0.0,,,190.44,9.52,0,0,0,0,199.96,,,,,
Delhi,ABNAH Cafe Connaught Place,,BILL-OUT001-260301-0041,41,Dine In,T16,2026-03-01 11:07:00,2026-03-01 11:41:00,Desserts,Apple Pie,MENU0108,Dessert,Menu Item,270.0,1.0,270.0,6.45,Bill Discount,Synthetic promotion,263.55,13.18,0,0,0,0,276.73,,,,,
Delhi,ABNAH Cafe Connaught Place,,BILL-OUT001-260302-0001,1,Dine In,T24,2026-03-02 11:57:00,2026-03-02 12:25:00,Coffee Classics,Americano - Regular,MENU0003,Beverage,Menu Item,185.0,2.0,370.0,16.21,Bill Discount,Synthetic promotion,353.79,17.69,0,0,0,0,371.48,,,,,
Delhi,ABNAH Cafe Connaught Place,,BILL-OUT001-260302-0002,2,Delivery/Takeaway,,2026-03-02 17:07:00,2026-03-02 17:50:00,Coffee Classics,Americano - Medium,MENU0004,Beverage,Menu Item,213.24,3.0,639.72,0.01,Bill Discount,Synthetic promotion,639.71,31.99,0,0,0,0,671.7,,,,,
Delhi,ABNAH Cafe Connaught Place,,BILL-OUT001-260302-0003,3,Dine In,T10,2026-03-02 15:47:00,2026-03-02 16:27:00,Coffee Classics,Americano - Large,MENU0005,Beverage,Menu Item,235.0,2.0,470.0,12.47,Bill Discount,Synthetic promotion,457.53,22.88,0,0,0,0,480.41,,,,,
Delhi,ABNAH Cafe Connaught Place,,BILL-OUT001-260302-0004,4,Dine In,T15,2026-03-02 08:11:00,2026-03-02 08:56:00,Coffee Classics,Latte - Regular,MENU0006,Beverage,Menu Item,226.55,3.0,679.65,0.0,,,679.65,33.98,0,0,0,0,713.63,,,,,
Delhi,ABNAH Cafe Connaught Place,,BILL-OUT001-260302-0005,5,Delivery/Takeaway,,2026-03-02 08:14:00,2026-03-02 08:49:00,Coffee Classics,Latte - Medium,MENU0007,Beverage,Menu Item,250.0,2.0,500.0,3.33,Bill Discount,Synthetic promotion,496.67,24.83,0,0,0,0,521.5,,,,,
Delhi,ABNAH Cafe Connaught Place,,BILL-OUT001-260302-0006,6,Dine In,T10,2026-03-02 10:26:00,2026-03-02 11:02:00,Coffee Classics,Latte - Large,MENU0008,Beverage,Menu Item,275.0,1.0,275.0,9.96,Bill Discount,Synthetic promotion,265.04,13.25,0,0,0,0,278.29,,,,,
Delhi,ABNAH Cafe Connaught Place,,BILL-OUT001-260302-0007,7,Delivery/Takeaway,,2026-03-02 16:14:00,2026-03-02 16:23:00,Coffee Classics,Cappuccino - Regular,MENU0009,Beverage,Menu Item,225.0,3.0,675.0,4.41,Bill Discount,Synthetic promotion,670.59,33.53,0,0,0,0,704.12,,,,,
Delhi,ABNAH Cafe Connaught Place,,BILL-OUT001-260302-0008,8,Delivery/Takeaway,,2026-03-02 12:20:00,2026-03-02 12:47:00,Coffee Classics,Cappuccino - Medium,MENU0010,Beverage,Menu Item,250.0,1.0,250.0,8.17,Bill Discount,Synthetic promotion,241.83,12.09,0,0,0,0,253.92,,,,,
Delhi,ABNAH Cafe Connaught Place,,BILL-OUT001-260302-0009,9,Delivery/Takeaway,,2026-03-02 10:31:00,2026-03-02 10:44:00,Coffee Classics,Cappuccino - Large,MENU0011,Beverage,Menu Item,275.0,2.0,550.0,17.22,Bill Discount,Synthetic promotion,532.78,26.64,0,0,0,0,559.42,,,,,
Delhi,ABNAH Cafe Connaught Place,,BILL-OUT001-260302-0010,10,Delivery/Takeaway,,2026-03-02 10:04:00,2026-03-02 10:15:00,Coffee Classics,Flat White - Medium,MENU0013,Beverage,Menu Item,262.94,6.0,1577.64,0.0,,,1577.64,78.88,0,0,0,0,1656.52,,,,,
Delhi,ABNAH Cafe Connaught Place,,BILL-OUT001-260302-0011,11,Delivery/Takeaway,,2026-03-02 18:05:00,2026-03-02 18:31:00,Coffee Classics,Flat White - Large,MENU0014,Beverage,Menu Item,285.0,1.0,285.0,4.35,Bill Discount,Synthetic promotion,280.65,14.03,0,0,0,0,294.68,,,,,
Delhi,ABNAH Cafe Connaught Place,,BILL-OUT001-260302-0012,12,Delivery/Takeaway,,2026-03-02 19:43:00,2026-03-02 20:28:00,Coffee Classics,Mocha - Regular,MENU0015,Beverage,Menu Item,245.0,4.0,980.0,55.38,Bill Discount,Synthetic promotion,924.62,46.23,0,0,0,0,970.85,,,,,
Delhi,ABNAH Cafe Connaught Place,,BILL-OUT001-260302-0013,13,Delivery/Takeaway,,2026-03-02 09:55:00,2026-03-02 10:12:00,Coffee Classics,Mocha - Medium,MENU0016,Beverage,Menu Item,270.0,2.0,540.0,16.8,Bill Discount,Synthetic promotion,523.2,26.16,0,0,0,0,549.36,,,,,
Delhi,ABNAH Cafe Connaught Place,,BILL-OUT001-260302-0014,14,Delivery/Takeaway,,2026-03-02 13:25:00,2026-03-02 14:11:00,Coffee Classics,Mocha - Large,MENU0017,Beverage,Menu Item,295.0,3.0,885.0,45.04,Bill Discount,Synthetic promotion,839.96,42.0,0,0,0,0,881.96,,,,,
Delhi,ABNAH Cafe Connaught Place,,BILL-OUT001-260302-0015,15,Dine In,T07,2026-03-02 13:55:00,2026-03-02 14:18:00,Signature Coffee,Sea Salt Mocha - Regular,MENU0018,Beverage,Menu Item,275.0,5.0,1375.0,3.39,Bill Discount,Synthetic promotion,1371.61,68.58,0,0,0,0,1440.19,,,,,
Delhi,ABNAH Cafe Connaught Place,,BILL-OUT001-260302-0016,16,Delivery/Takeaway,,2026-03-02 08:35:00,2026-03-02 08:51:00,Signature Coffee,Sea Salt Mocha - Large,MENU0020,Beverage,Menu Item,341.29,2.0,682.58,0.0,,,682.58,34.13,0,0,0,0,716.71,,,,,
Delhi,ABNAH Cafe Connaught Place,,BILL-OUT001-260302-0017,17,Delivery/Takeaway,,2026-03-02 14:25:00,2026-03-02 14:43:00,Signature Coffee,Orange Zest Mocha - Regular,MENU0021,Beverage,Menu Item,270.0,1.0,270.0,14.33,Bill Discount,Synthetic promotion,255.67,12.78,0,0,0,0,268.45,,,,,
Delhi,ABNAH Cafe Connaught Place,,BILL-OUT001-260302-0018,18,Delivery/Takeaway,,2026-03-02 14:50:00,2026-03-02 15:03:00,Signature Coffee,Orange Zest Mocha - Medium,MENU0022,Beverage,Menu Item,302.67,1.0,302.67,0.0,,,302.67,15.13,0,0,0,0,317.8,,,,,
Delhi,ABNAH Cafe Connaught Place,,BILL-OUT001-260302-0019,19,Dine In,T21,2026-03-02 12:10:00,2026-03-02 12:59:00,Signature Coffee,Caramel Macchiato - Large,MENU0026,Beverage,Menu Item,330.88,2.0,661.76,0.0,,,661.76,33.09,0,0,0,0,694.85,,,,,
Delhi,ABNAH Cafe Connaught Place,,BILL-OUT001-260302-0020,20,Delivery/Takeaway,,2026-03-02 08:09:00,2026-03-02 08:46:00,Signature Coffee,French Vanilla Latte - Regular,MENU0027,Beverage,Menu Item,265.79,1.0,265.79,0.0,,,265.79,13.29,0,0,0,0,279.08,,,,,
Delhi,ABNAH Cafe Connaught Place,,BILL-OUT001-260302-0021,21,Delivery/Takeaway,,2026-03-02 08:43:00,2026-03-02 08:56:00,Signature Coffee,Vegan Iced Latte - Regular,MENU0030,Beverage,Menu Item,285.0,1.0,285.0,11.73,Bill Discount,Synthetic promotion,273.27,13.66,0,0,0,0,286.93,,,,,
Delhi,ABNAH Cafe Connaught Place,,BILL-OUT001-260302-0022,22,Delivery/Takeaway,,2026-03-02 10:38:00,2026-03-02 11:08:00,Signature Coffee,Vegan Iced Latte - Medium,MENU0031,Beverage,Menu Item,310.0,1.0,310.0,18.11,Bill Discount,Synthetic promotion,291.89,14.59,0,0,0,0,306.48,,,,,
Delhi,ABNAH Cafe Connaught Place,,BILL-OUT001-260302-0023,23,Delivery/Takeaway,,2026-03-02 18:16:00,2026-03-02 18:34:00,Signature Coffee,Vegan Iced Latte - Large,MENU0032,Beverage,Menu Item,335.0,1.0,335.0,15.42,Bill Discount,Synthetic promotion,319.58,15.98,0,0,0,0,335.56,,,,,
Delhi,ABNAH Cafe Connaught Place,,BILL-OUT001-260302-0024,24,Dine In,T04,2026-03-02 15:43:00,2026-03-02 16:06:00,Cold Brew,Classic Cold Brew - Medium,MENU0034,Beverage,Menu Item,250.0,1.0,250.0,10.89,Bill Discount,Synthetic promotion,239.11,11.96,0,0,0,0,251.07,,,,,
Delhi,ABNAH Cafe Connaught Place,,BILL-OUT001-260302-0025,25,Dine In,T06,2026-03-02 16:24:00,2026-03-02 16:42:00,Cold Brew,Coffee Lemonade - Regular,MENU0036,Beverage,Menu Item,235.0,3.0,705.0,7.75,Bill Discount,Synthetic promotion,697.25,34.86,0,0,0,0,732.11,,,,,
Delhi,ABNAH Cafe Connaught Place,,BILL-OUT001-260302-0026,26,Dine In,T02,2026-03-02 10:31:00,2026-03-02 10:59:00,Cold Brew,Vietnamese Shakerato - Regular,MENU0039,Beverage,Menu Item,255.0,1.0,255.0,2.24,Bill Discount,Synthetic promotion,252.76,12.64,0,0,0,0,265.4,,,,,
Delhi,ABNAH Cafe Connaught Place,,BILL-OUT001-260302-0027,27,Delivery/Takeaway,,2026-03-02 08:45:00,2026-03-02 09:05:00,Cold Coffee,Classic Cold Coffee - Regular,MENU0042,Beverage,Menu Item,255.0,2.0,510.0,8.57,Bill Discount,Synthetic promotion,501.43,25.07,0,0,0,0,526.5,,,,,
Delhi,ABNAH Cafe Connaught Place,,BILL-OUT001-260302-0028,28,Dine In,T13,2026-03-02 12:54:00,2026-03-02 13:38:00,Cold Coffee,Classic Cold Coffee - Large,MENU0044,Beverage,Menu Item,325.0,1.0,325.0,9.07,Bill Discount,Synthetic promotion,315.93,15.8,0,0,0,0,331.73,,,,,
Delhi,ABNAH Cafe Connaught Place,,BILL-OUT001-260302-0029,29,Delivery/Takeaway,,2026-03-02 14:23:00,2026-03-02 15:12:00,Cold Coffee,Caramel Cold Coffee - Medium,MENU0049,Beverage,Menu Item,320.0,3.0,960.0,2.43,Bill Discount,Synthetic promotion,957.57,47.88,0,0,0,0,1005.45,,,,,
Delhi,ABNAH Cafe Connaught Place,,BILL-OUT001-260302-0030,30,Delivery/Takeaway,,2026-03-02 10:00:00,2026-03-02 10:27:00,Tea,Masala Chai Latte - Regular,MENU0051,Beverage,Menu Item,198.29,2.0,396.58,0.0,,,396.59,19.83,0,0,0,0,416.42,,,,,
Delhi,ABNAH Cafe Connaught Place,,BILL-OUT001-260302-0031,31,Delivery/Takeaway,,2026-03-02 11:23:00,2026-03-02 11:38:00,Tea,Masala Chai Latte - Medium,MENU0052,Beverage,Menu Item,220.0,1.0,220.0,12.51,Bill Discount,Synthetic promotion,207.49,10.37,0,0,0,0,217.86,,,,,
Delhi,ABNAH Cafe Connaught Place,,BILL-OUT001-260302-0032,32,Dine In,T03,2026-03-02 09:39:00,2026-03-02 10:16:00,Tea,Himalayan Green Tea,MENU0054,Beverage,Menu Item,210.0,2.0,420.0,12.0,Bill Discount,Synthetic promotion,408.0,20.4,0,0,0,0,428.4,,,,,
Delhi,ABNAH Cafe Connaught Place,,BILL-OUT001-260302-0033,33,Dine In,T13,2026-03-02 13:24:00,2026-03-02 14:09:00,Iced Tea,Lemon Iced Tea - Regular,MENU0058,Beverage,Menu Item,205.0,1.0,205.0,5.05,Bill Discount,Synthetic promotion,199.95,10.0,0,0,0,0,209.95,,,,,
Delhi,ABNAH Cafe Connaught Place,,BILL-OUT001-260302-0034,34,Delivery/Takeaway,,2026-03-02 17:12:00,2026-03-02 17:43:00,Iced Tea,Lemon Iced Tea - Large,MENU0060,Beverage,Menu Item,258.08,1.0,258.08,0.0,,,258.08,12.9,0,0,0,0,270.98,,,,,
Delhi,ABNAH Cafe Connaught Place,,BILL-OUT001-260302-0035,35,Delivery/Takeaway,,2026-03-02 11:09:00,2026-03-02 11:21:00,Wraps,Shredded Chicken Wrap,MENU0078,Food,Menu Item,298.42,2.0,596.84,0.01,Bill Discount,Synthetic promotion,596.83,29.84,0,0,0,0,626.67,,,,,
Delhi,ABNAH Cafe Connaught Place,,BILL-OUT001-260302-0036,36,Delivery/Takeaway,,2026-03-02 15:25:00,2026-03-02 15:51:00,Sandwiches,Smoked Chipotle Paneer Sandwich,MENU0079,Food,Menu Item,295.0,3.0,885.0,48.68,Bill Discount,Synthetic promotion,836.32,41.82,0,0,0,0,878.14,,,,,
Delhi,ABNAH Cafe Connaught Place,,BILL-OUT001-260302-0037,37,Delivery/Takeaway,,2026-03-02 09:10:00,2026-03-02 09:44:00,Sandwiches,Pesto Veg Sandwich,MENU0080,Food,Menu Item,280.0,2.0,560.0,6.45,Bill Discount,Synthetic promotion,553.55,27.68,0,0,0,0,581.23,,,,,
Delhi,ABNAH Cafe Connaught Place,,BILL-OUT001-260302-0038,38,Dine In,T14,2026-03-02 10:49:00,2026-03-02 11:00:00,Toasts,Chicken Pepperoni Avocado Toast,MENU0084,Food,Menu Item,330.0,1.0,330.0,6.71,Bill Discount,Synthetic promotion,323.29,16.16,0,0,0,0,339.45,,,,,
Delhi,ABNAH Cafe Connaught Place,,BILL-OUT001-260302-0039,39,Delivery/Takeaway,,2026-03-02 18:41:00,2026-03-02 19:02:00,Breakfast,Breakfast Pancakes,MENU0086,Food,Menu Item,285.0,1.0,285.0,10.97,Bill Discount,Synthetic promotion,274.03,13.7,0,0,0,0,287.73,,,,,
Delhi,ABNAH Cafe Connaught Place,,BILL-OUT001-260302-0040,40,Dine In,T10,2026-03-02 13:50:00,2026-03-02 14:16:00,Breakfast,Cream Cheese Bagel,MENU0087,Food,Menu Item,251.29,1.0,251.29,0.0,,,251.29,12.56,0,0,0,0,263.85,,,,,
Delhi,ABNAH Cafe Connaught Place,,BILL-OUT001-260302-0041,41,Dine In,T15,2026-03-02 13:46:00,2026-03-02 14:26:00,Breakfast,Scallion Pepper Cream Cheese Bagel,MENU0088,Food,Menu Item,265.0,1.0,265.0,14.03,Bill Discount,Synthetic promotion,250.97,12.55,0,0,0,0,263.52,,,,,
Delhi,ABNAH Cafe Connaught Place,,BILL-OUT001-260302-0042,42,Dine In,T04,2026-03-02 10:13:00,2026-03-02 11:01:00,Breakfast,Masala Egg Bun,MENU0089,Food,Menu Item,225.48,2.0,450.96,0.0,,,450.96,22.55,0,0,0,0,473.51,,,,,
Delhi,ABNAH Cafe Connaught Place,,BILL-OUT001-260302-0043,43,Delivery/Takeaway,,2026-03-02 19:28:00,2026-03-02 19:56:00,Snacks,Pesto Sundried Tomato Pin Wheel,MENU0091,Food,Menu Item,229.29,1.0,229.29,0.0,,,229.29,11.46,0,0,0,0,240.75,,,,,
Delhi,ABNAH Cafe Connaught Place,,BILL-OUT001-260302-0044,44,Delivery/Takeaway,,2026-03-02 18:37:00,2026-03-02 18:47:00,Baked Goods,Butter Croissant,MENU0094,Food,Menu Item,195.0,1.0,195.0,11.14,Bill Discount,Synthetic promotion,183.86,9.19,0,0,0,0,193.05,,,,,
Delhi,ABNAH Cafe Connaught Place,,BILL-OUT001-260302-0045,45,Delivery/Takeaway,,2026-03-02 14:25:00,2026-03-02 14:37:00,Baked Goods,Chocolate Croissant,MENU0096,Food,Menu Item,235.0,1.0,235.0,6.27,Bill Discount,Synthetic promotion,228.73,11.44,0,0,0,0,240.17,,,,,
Delhi,ABNAH Cafe Connaught Place,,BILL-OUT001-260302-0046,46,Delivery/Takeaway,,2026-03-02 14:48:00,2026-03-02 15:03:00,Baked Goods,Mushroom Cheese Croissant,MENU0097,Food,Menu Item,255.0,1.0,255.0,9.52,Bill Discount,Synthetic promotion,245.48,12.27,0,0,0,0,257.75,,,,,
Delhi,ABNAH Cafe Connaught Place,,BILL-OUT001-260302-0047,47,Delivery/Takeaway,,2026-03-02 14:57:00,2026-03-02 15:31:00,Baked Goods,Sriracha Chicken Croissant,MENU0098,Food,Menu Item,275.0,2.0,550.0,25.43,Bill Discount,Synthetic promotion,524.57,26.23,0,0,0,0,550.8,,,,,
Delhi,ABNAH Cafe Connaught Place,,BILL-OUT001-260302-0048,48,Delivery/Takeaway,,2026-03-02 13:30:00,2026-03-02 13:47:00,Baked Goods,Banana Walnut Tea Cake,MENU0100,Dessert,Menu Item,208.65,1.0,208.65,0.0,,,208.65,10.43,0,0,0,0,219.08,,,,,
Delhi,ABNAH Cafe Connaught Place,,BILL-OUT001-260302-0049,49,Dine In,T02,2026-03-02 19:59:00,2026-03-02 20:46:00,Baked Goods,Lemon Raspberry Tea Cake,MENU0101,Dessert,Menu Item,215.0,1.0,215.0,6.92,Bill Discount,Synthetic promotion,208.08,10.4,0,0,0,0,218.48,,,,,
Delhi,ABNAH Cafe Connaught Place,,BILL-OUT001-260302-0050,50,Delivery/Takeaway,,2026-03-02 10:17:00,2026-03-02 10:47:00,Desserts,Death by Chocolate Cookie,MENU0106,Dessert,Menu Item,190.0,1.0,190.0,5.03,Bill Discount,Synthetic promotion,184.97,9.25,0,0,0,0,194.22,,,,,
Delhi,ABNAH Cafe Connaught Place,,BILL-OUT001-260302-0051,51,Delivery/Takeaway,,2026-03-02 18:12:00,2026-03-02 18:37:00,Desserts,Apple Pie,MENU0108,Dessert,Menu Item,270.0,2.0,540.0,16.83,Bill Discount,Synthetic promotion,523.17,26.16,0,0,0,0,549.33,,,,,
Delhi,ABNAH Cafe Connaught Place,,BILL-OUT001-260303-0001,1,Delivery/Takeaway,,2026-03-03 13:14:00,2026-03-03 13:46:00,Coffee Classics,Americano - Regular,MENU0003,Beverage,Menu Item,185.0,1.0,185.0,8.37,Bill Discount,Synthetic promotion,176.63,8.83,0,0,0,0,185.46,,,,,
Delhi,ABNAH Cafe Connaught Place,,BILL-OUT001-260303-0002,2,Delivery/Takeaway,,2026-03-03 10:25:00,2026-03-03 11:12:00,Coffee Classics,Americano - Medium,MENU0004,Beverage,Menu Item,210.0,2.0,420.0,15.71,Bill Discount,Synthetic promotion,404.29,20.21,0,0,0,0,424.5,,,,,
Delhi,ABNAH Cafe Connaught Place,,BILL-OUT001-260303-0003,3,Delivery/Takeaway,,2026-03-03 09:26:00,2026-03-03 10:04:00,Coffee Classics,Americano - Large,MENU0005,Beverage,Menu Item,235.0,1.0,235.0,2.08,Bill Discount,Synthetic promotion,232.92,11.65,0,0,0,0,244.57,,,,,
Delhi,ABNAH Cafe Connaught Place,,BILL-OUT001-260303-0004,4,Dine In,T07,2026-03-03 13:32:00,2026-03-03 14:19:00,Coffee Classics,Latte - Regular,MENU0006,Beverage,Menu Item,225.0,3.0,675.0,12.31,Bill Discount,Synthetic promotion,662.69,33.13,0,0,0,0,695.82,,,,,
Delhi,ABNAH Cafe Connaught Place,,BILL-OUT001-260303-0005,5,Delivery/Takeaway,,2026-03-03 08:49:00,2026-03-03 08:58:00,Coffee Classics,Latte - Medium,MENU0007,Beverage,Menu Item,250.0,4.0,1000.0,53.19,Bill Discount,Synthetic promotion,946.81,47.34,0,0,0,0,994.15,,,,,
Delhi,ABNAH Cafe Connaught Place,,BILL-OUT001-260303-0006,6,Dine In,T21,2026-03-03 08:00:00,2026-03-03 08:45:00,Coffee Classics,Latte - Large,MENU0008,Beverage,Menu Item,275.0,2.0,550.0,24.19,Bill Discount,Synthetic promotion,525.81,26.29,0,0,0,0,552.1,,,,,
Delhi,ABNAH Cafe Connaught Place,,BILL-OUT001-260303-0007,7,Delivery/Takeaway,,2026-03-03 13:45:00,2026-03-03 14:32:00,Coffee Classics,Cappuccino - Regular,MENU0009,Beverage,Menu Item,227.2,3.0,681.6,0.0,,,681.6,34.08,0,0,0,0,715.68,,,,,
Delhi,ABNAH Cafe Connaught Place,,BILL-OUT001-260303-0008,8,Delivery/Takeaway,,2026-03-03 16:26:00,2026-03-03 16:51:00,Coffee Classics,Cappuccino - Medium,MENU0010,Beverage,Menu Item,250.0,7.0,1750.0,24.08,Bill Discount,Synthetic promotion,1725.92,86.3,0,0,0,0,1812.22,,,,,
Delhi,ABNAH Cafe Connaught Place,,BILL-OUT001-260303-0009,9,Dine In,T17,2026-03-03 15:25:00,2026-03-03 15:55:00,Coffee Classics,Cappuccino - Large,MENU0011,Beverage,Menu Item,279.14,2.0,558.28,0.0,,,558.29,27.91,0,0,0,0,586.2,,,,,
Delhi,ABNAH Cafe Connaught Place,,BILL-OUT001-260303-0010,10,Dine In,T10,2026-03-03 12:31:00,2026-03-03 12:48:00,Coffee Classics,Mocha - Regular,MENU0015,Beverage,Menu Item,248.94,4.0,995.76,0.01,Bill Discount,Synthetic promotion,995.75,49.79,0,0,0,0,1045.54,,,,,
Delhi,ABNAH Cafe Connaught Place,,BILL-OUT001-260303-0011,11,Dine In,T03,2026-03-03 11:34:00,2026-03-03 12:20:00,Coffee Classics,Mocha - Medium,MENU0016,Beverage,Menu Item,270.0,1.0,270.0,5.91,Bill Discount,Synthetic promotion,264.09,13.2,0,0,0,0,277.29,,,,,
Delhi,ABNAH Cafe Connaught Place,,BILL-OUT001-260303-0012,12,Delivery/Takeaway,,2026-03-03 19:56:00,2026-03-03 20:09:00,Signature Coffee,Sea Salt Mocha - Regular,MENU0018,Beverage,Menu Item,279.98,2.0,559.96,0.0,,,559.96,28.0,0,0,0,0,587.96,,,,,
Delhi,ABNAH Cafe Connaught Place,,BILL-OUT001-260303-0013,13,Delivery/Takeaway,,2026-03-03 14:02:00,2026-03-03 14:45:00,Signature Coffee,Orange Zest Mocha - Regular,MENU0021,Beverage,Menu Item,273.58,1.0,273.58,0.0,,,273.58,13.68,0,0,0,0,287.26,,,,,
Delhi,ABNAH Cafe Connaught Place,,BILL-OUT001-260303-0014,14,Delivery/Takeaway,,2026-03-03 13:23:00,2026-03-03 13:43:00,Signature Coffee,Caramel Macchiato - Regular,MENU0024,Beverage,Menu Item,265.0,1.0,265.0,14.71,Bill Discount,Synthetic promotion,250.29,12.51,0,0,0,0,262.8,,,,,
Delhi,ABNAH Cafe Connaught Place,,BILL-OUT001-260303-0015,15,Dine In,T20,2026-03-03 12:33:00,2026-03-03 12:59:00,Signature Coffee,Caramel Macchiato - Medium,MENU0025,Beverage,Menu Item,295.41,1.0,295.41,0.0,,,295.41,14.77,0,0,0,0,310.18,,,,,
Delhi,ABNAH Cafe Connaught Place,,BILL-OUT001-260303-0016,16,Dine In,T02,2026-03-03 18:48:00,2026-03-03 19:07:00,Signature Coffee,French Vanilla Latte - Regular,MENU0027,Beverage,Menu Item,269.69,2.0,539.38,0.01,Bill Discount,Synthetic promotion,539.37,26.97,0,0,0,0,566.34,,,,,
Delhi,ABNAH Cafe Connaught Place,,BILL-OUT001-260303-0017,17,Dine In,T17,2026-03-03 18:29:00,2026-03-03 19:17:00,Signature Coffee,French Vanilla Latte - Medium,MENU0028,Beverage,Menu Item,295.0,2.0,590.0,4.66,Bill Discount,Synthetic promotion,585.34,29.27,0,0,0,0,614.61,,,,,
Delhi,ABNAH Cafe Connaught Place,,BILL-OUT001-260303-0018,18,Delivery/Takeaway,,2026-03-03 11:59:00,2026-03-03 12:21:00,Signature Coffee,French Vanilla Latte - Large,MENU0029,Beverage,Menu Item,325.0,1.0,325.0,6.92,Bill Discount,Synthetic promotion,318.08,15.9,0,0,0,0,333.98,,,,,
Delhi,ABNAH Cafe Connaught Place,,BILL-OUT001-260303-0019,19,Dine In,T01,2026-03-03 08:02:00,2026-03-03 08:51:00,Signature Coffee,Vegan Iced Latte - Regular,MENU0030,Beverage,Menu Item,285.0,1.0,285.0,13.28,Bill Discount,Synthetic promotion,271.72,13.59,0,0,0,0,285.31,,,,,
Delhi,ABNAH Cafe Connaught Place,,BILL-OUT001-260303-0020,20,Delivery/Takeaway,,2026-03-03 15:53:00,2026-03-03 16:15:00,Cold Brew,Classic Cold Brew - Medium,MENU0034,Beverage,Menu Item,250.0,2.0,500.0,6.2,Bill Discount,Synthetic promotion,493.8,24.69,0,0,0,0,518.49,,,,,
Delhi,ABNAH Cafe Connaught Place,,BILL-OUT001-260303-0021,21,Dine In,T07,2026-03-03 13:33:00,2026-03-03 14:08:00,Cold Brew,Coffee Lemonade - Large,MENU0038,Beverage,Menu Item,285.0,2.0,570.0,21.53,Bill Discount,Synthetic promotion,548.47,27.42,0,0,0,0,575.89,,,,,
Delhi,ABNAH Cafe Connaught Place,,BILL-OUT001-260303-0022,22,Delivery/Takeaway,,2026-03-03 15:50:00,2026-03-03 16:25:00,Cold Brew,Vietnamese Shakerato - Medium,MENU0040,Beverage,Menu Item,280.0,1.0,280.0,12.94,Bill Discount,Synthetic promotion,267.06,13.35,0,0,0,0,280.41,,,,,
Delhi,ABNAH Cafe Connaught Place,,BILL-OUT001-260303-0023,23,Dine In,T12,2026-03-03 11:55:00,2026-03-03 12:36:00,Cold Coffee,Classic Cold Coffee - Medium,MENU0043,Beverage,Menu Item,290.0,1.0,290.0,10.29,Bill Discount,Synthetic promotion,279.71,13.99,0,0,0,0,293.7,,,,,
Delhi,ABNAH Cafe Connaught Place,,BILL-OUT001-260303-0024,24,Delivery/Takeaway,,2026-03-03 09:00:00,2026-03-03 09:34:00,Cold Coffee,Mocha Cold Coffee - Regular,MENU0045,Beverage,Menu Item,285.0,7.0,1995.0,40.24,Bill Discount,Synthetic promotion,1954.76,97.74,0,0,0,0,2052.5,,,,,
Delhi,ABNAH Cafe Connaught Place,,BILL-OUT001-260303-0025,25,Delivery/Takeaway,,2026-03-03 12:08:00,2026-03-03 12:36:00,Cold Coffee,Mocha Cold Coffee - Medium,MENU0046,Beverage,Menu Item,320.48,1.0,320.48,0.0,,,320.48,16.02,0,0,0,0,336.5,,,,,
Delhi,ABNAH Cafe Connaught Place,,BILL-OUT001-260303-0026,26,Delivery/Takeaway,,2026-03-03 11:05:00,2026-03-03 11:13:00,Cold Coffee,Caramel Cold Coffee - Large,MENU0050,Beverage,Menu Item,355.0,1.0,355.0,4.13,Bill Discount,Synthetic promotion,350.87,17.54,0,0,0,0,368.41,,,,,
Delhi,ABNAH Cafe Connaught Place,,BILL-OUT001-260303-0027,27,Delivery/Takeaway,,2026-03-03 18:21:00,2026-03-03 19:06:00,Tea,Masala Chai Latte - Medium,MENU0052,Beverage,Menu Item,222.97,1.0,222.97,0.0,,,222.97,11.15,0,0,0,0,234.12,,,,,
Delhi,ABNAH Cafe Connaught Place,,BILL-OUT001-260303-0028,28,Delivery/Takeaway,,2026-03-03 15:32:00,2026-03-03 16:21:00,Tea,Japanese Matcha Latte - Regular,MENU0055,Beverage,Menu Item,268.0,1.0,268.0,0.0,,,268.0,13.4,0,0,0,0,281.4,,,,,
Delhi,ABNAH Cafe Connaught Place,,BILL-OUT001-260303-0029,29,Delivery/Takeaway,,2026-03-03 12:49:00,2026-03-03 13:19:00,Iced Tea,Hibiscus Lime Iced Tea - Regular,MENU0061,Beverage,Menu Item,225.0,2.0,450.0,11.75,Bill Discount,Synthetic promotion,438.25,21.91,0,0,0,0,460.16,,,,,
Delhi,ABNAH Cafe Connaught Place,,BILL-OUT001-260303-0030,30,Delivery/Takeaway,,2026-03-03 14:15:00,2026-03-03 14:28:00,Iced Tea,Hibiscus Lime Iced Tea - Medium,MENU0062,Beverage,Menu Item,250.0,1.0,250.0,4.9,Bill Discount,Synthetic promotion,245.1,12.26,0,0,0,0,257.36,,,,,
Delhi,ABNAH Cafe Connaught Place,,BILL-OUT001-260303-0031,31,Dine In,T17,2026-03-03 13:23:00,2026-03-03 13:53:00,Shake,Choco Chip Shake - Regular,MENU0068,Beverage,Menu Item,295.16,1.0,295.16,0.0,,,295.16,14.76,0,0,0,0,309.92,,,,,
Delhi,ABNAH Cafe Connaught Place,,BILL-OUT001-260303-0032,32,Delivery/Takeaway,,2026-03-03 19:02:00,2026-03-03 19:12:00,Smoothie,Seasonal Smoothie - Large,MENU0076,Beverage,Menu Item,380.14,1.0,380.14,0.0,,,380.14,19.01,0,0,0,0,399.15,,,,,
Delhi,ABNAH Cafe Connaught Place,,BILL-OUT001-260303-0033,33,Dine In,T16,2026-03-03 13:12:00,2026-03-03 13:21:00,Wraps,Spicy Paneer Wrap,MENU0077,Food,Menu Item,275.0,1.0,275.0,3.61,Bill Discount,Synthetic promotion,271.39,13.57,0,0,0,0,284.96,,,,,
Delhi,ABNAH Cafe Connaught Place,,BILL-OUT001-260303-0034,34,Dine In,T11,2026-03-03 15:47:00,2026-03-03 15:57:00,Sandwiches,Pesto Veg Sandwich,MENU0080,Food,Menu Item,282.38,2.0,564.76,0.0,,,564.76,28.24,0,0,0,0,593.0,,,,,
Delhi,ABNAH Cafe Connaught Place,,BILL-OUT001-260303-0035,35,Delivery/Takeaway,,2026-03-03 19:13:00,2026-03-03 19:47:00,Sandwiches,Pepper Chicken Sandwich,MENU0081,Food,Menu Item,315.0,5.0,1575.0,63.93,Bill Discount,Synthetic promotion,1511.07,75.55,0,0,0,0,1586.62,,,,,
Delhi,ABNAH Cafe Connaught Place,,BILL-OUT001-260303-0036,36,Dine In,T06,2026-03-03 10:26:00,2026-03-03 10:43:00,Sandwiches,Tandoori Chicken Sandwich,MENU0082,Food,Menu Item,320.0,2.0,640.0,29.78,Bill Discount,Synthetic promotion,610.22,30.51,0,0,0,0,640.73,,,,,
Delhi,ABNAH Cafe Connaught Place,,BILL-OUT001-260303-0037,37,Delivery/Takeaway,,2026-03-03 11:06:00,2026-03-03 11:50:00,Toasts,Chicken Pepperoni Avocado Toast,MENU0084,Food,Menu Item,330.0,1.0,330.0,9.22,Bill Discount,Synthetic promotion,320.78,16.04,0,0,0,0,336.82,,,,,
Delhi,ABNAH Cafe Connaught Place,,BILL-OUT001-260303-0038,38,Delivery/Takeaway,,2026-03-03 18:57:00,2026-03-03 19:46:00,Breakfast,Cream Cheese Bagel,MENU0087,Food,Menu Item,250.0,1.0,250.0,14.87,Bill Discount,Synthetic promotion,235.13,11.76,0,0,0,0,246.89,,,,,
Delhi,ABNAH Cafe Connaught Place,,BILL-OUT001-260303-0039,39,Delivery/Takeaway,,2026-03-03 13:14:00,2026-03-03 13:25:00,Breakfast,Scallion Pepper Cream Cheese Bagel,MENU0088,Food,Menu Item,265.0,2.0,530.0,28.2,Bill Discount,Synthetic promotion,501.8,25.09,0,0,0,0,526.89,,,,,
Delhi,ABNAH Cafe Connaught Place,,BILL-OUT001-260303-0040,40,Delivery/Takeaway,,2026-03-03 09:22:00,2026-03-03 09:36:00,Breakfast,Masala Egg Bun,MENU0089,Food,Menu Item,225.47,2.0,450.94,0.01,Bill Discount,Synthetic promotion,450.93,22.55,0,0,0,0,473.48,,,,,
Delhi,ABNAH Cafe Connaught Place,,BILL-OUT001-260303-0041,41,Delivery/Takeaway,,2026-03-03 12:01:00,2026-03-03 12:26:00,Snacks,Marinara Cheese Pin Wheels,MENU0090,Food,Menu Item,216.79,1.0,216.79,0.0,,,216.79,10.84,0,0,0,0,227.63,,,,,
Delhi,ABNAH Cafe Connaught Place,,BILL-OUT001-260303-0042,42,Delivery/Takeaway,,2026-03-03 11:33:00,2026-03-03 11:59:00,Baked Goods,Butter Croissant,MENU0094,Food,Menu Item,195.0,1.0,195.0,4.58,Bill Discount,Synthetic promotion,190.42,9.52,0,0,0,0,199.94,,,,,
Delhi,ABNAH Cafe Connaught Place,,BILL-OUT001-260303-0043,43,Dine In,T08,2026-03-03 17:31:00,2026-03-03 18:20:00,Baked Goods,Almond Croissant,MENU0095,Food,Menu Item,249.81,2.0,499.62,0.01,Bill Discount,Synthetic promotion,499.61,24.98,0,0,0,0,524.59,,,,,
Delhi,ABNAH Cafe Connaught Place,,BILL-OUT001-260303-0044,44,Dine In,T23,2026-03-03 09:00:00,2026-03-03 09:13:00,Baked Goods,Chocolate Croissant,MENU0096,Food,Menu Item,235.0,1.0,235.0,13.9,Bill Discount,Synthetic promotion,221.1,11.05,0,0,0,0,232.15,,,,,
Delhi,ABNAH Cafe Connaught Place,,BILL-OUT001-260303-0045,45,Delivery/Takeaway,,2026-03-03 11:32:00,2026-03-03 12:03:00,Baked Goods,Sriracha Chicken Croissant,MENU0098,Food,Menu Item,275.0,2.0,550.0,5.35,Bill Discount,Synthetic promotion,544.65,27.23,0,0,0,0,571.88,,,,,
Delhi,ABNAH Cafe Connaught Place,,BILL-OUT001-260303-0046,46,Delivery/Takeaway,,2026-03-03 18:27:00,2026-03-03 19:12:00,Baked Goods,Banana Walnut Tea Cake,MENU0100,Dessert,Menu Item,206.65,1.0,206.65,0.0,,,206.65,10.33,0,0,0,0,216.98,,,,,
Delhi,ABNAH Cafe Connaught Place,,BILL-OUT001-260303-0047,47,Delivery/Takeaway,,2026-03-03 10:35:00,2026-03-03 11:12:00,Desserts,Banoffee Pie,MENU0103,Dessert,Menu Item,285.0,2.0,570.0,14.16,Bill Discount,Synthetic promotion,555.84,27.79,0,0,0,0,583.63,,,,,
Delhi,ABNAH Cafe Connaught Place,,BILL-OUT001-260303-0048,48,Delivery/Takeaway,,2026-03-03 18:43:00,2026-03-03 18:53:00,Desserts,Soft-Centred Caramel Cookie,MENU0105,Dessert,Menu Item,180.0,2.0,360.0,20.28,Bill Discount,Synthetic promotion,339.72,16.99,0,0,0,0,356.71,,,,,
Delhi,ABNAH Cafe Connaught Place,,BILL-OUT001-260303-0049,49,Dine In,T01,2026-03-03 12:17:00,2026-03-03 12:47:00,Desserts,Jaggery Parmesan Cookie,MENU0107,Dessert,Menu Item,170.0,1.0,170.0,4.99,Bill Discount,Synthetic promotion,165.01,8.25,0,0,0,0,173.26,,,,,
Delhi,ABNAH Cafe Connaught Place,,BILL-OUT001-260304-0001,1,Delivery/Takeaway,,2026-03-04 14:22:00,2026-03-04 14:37:00,Coffee Classics,Americano - Regular,MENU0003,Beverage,Menu Item,185.0,6.0,1110.0,2.47,Bill Discount,Synthetic promotion,1107.53,55.38,0,0,0,0,1162.91,,,,,
Delhi,ABNAH Cafe Connaught Place,,BILL-OUT001-260304-0002,2,Delivery/Takeaway,,2026-03-04 14:58:00,2026-03-04 15:13:00,Coffee Classics,Americano - Medium,MENU0004,Beverage,Menu Item,210.0,3.0,630.0,2.25,Bill Discount,Synthetic promotion,627.75,31.39,0,0,0,0,659.14,,,,,
Delhi,ABNAH Cafe Connaught Place,,BILL-OUT001-260304-0003,3,Delivery/Takeaway,,2026-03-04 10:11:00,2026-03-04 10:19:00,Coffee Classics,Americano - Large,MENU0005,Beverage,Menu Item,235.0,4.0,940.0,5.49,Bill Discount,Synthetic promotion,934.51,46.73,0,0,0,0,981.24,,,,,
Delhi,ABNAH Cafe Connaught Place,,BILL-OUT001-260304-0004,4,Dine In,T13,2026-03-04 09:30:00,2026-03-04 10:06:00,Coffee Classics,Latte - Regular,MENU0006,Beverage,Menu Item,225.0,3.0,675.0,6.59,Bill Discount,Synthetic promotion,668.41,33.42,0,0,0,0,701.83,,,,,
Delhi,ABNAH Cafe Connaught Place,,BILL-OUT001-260304-0005,5,Delivery/Takeaway,,2026-03-04 11:48:00,2026-03-04 12:13:00,Coffee Classics,Latte - Medium,MENU0007,Beverage,Menu Item,250.0,1.0,250.0,14.94,Bill Discount,Synthetic promotion,235.06,11.75,0,0,0,0,246.81,,,,,
Delhi,ABNAH Cafe Connaught Place,,BILL-OUT001-260304-0006,6,Delivery/Takeaway,,2026-03-04 19:57:00,2026-03-04 20:26:00,Coffee Classics,Latte - Large,MENU0008,Beverage,Menu Item,275.0,3.0,825.0,35.77,Bill Discount,Synthetic promotion,789.23,39.46,0,0,0,0,828.69,,,,,
Delhi,ABNAH Cafe Connaught Place,,BILL-OUT001-260304-0007,7,Delivery/Takeaway,,2026-03-04 11:21:00,2026-03-04 11:45:00,Coffee Classics,Cappuccino - Regular,MENU0009,Beverage,Menu Item,225.0,2.0,450.0,10.35,Bill Discount,Synthetic promotion,439.65,21.98,0,0,0,0,461.63,,,,,
Delhi,ABNAH Cafe Connaught Place,,BILL-OUT001-260304-0008,8,Delivery/Takeaway,,2026-03-04 08:09:00,2026-03-04 08:31:00,Coffee Classics,Cappuccino - Medium,MENU0010,Beverage,Menu Item,250.0,1.0,250.0,9.31,Bill Discount,Synthetic promotion,240.69,12.03,0,0,0,0,252.72,,,,,
Delhi,ABNAH Cafe Connaught Place,,BILL-OUT001-260304-0009,9,Dine In,T09,2026-03-04 17:09:00,2026-03-04 17:28:00,Coffee Classics,Cappuccino - Large,MENU0011,Beverage,Menu Item,276.77,1.0,276.77,0.0,,,276.77,13.84,0,0,0,0,290.61,,,,,
Delhi,ABNAH Cafe Connaught Place,,BILL-OUT001-260304-0010,10,Dine In,T24,2026-03-04 12:25:00,2026-03-04 12:34:00,Coffee Classics,Flat White - Medium,MENU0013,Beverage,Menu Item,260.0,2.0,520.0,23.0,Bill Discount,Synthetic promotion,497.0,24.85,0,0,0,0,521.85,,,,,
Delhi,ABNAH Cafe Connaught Place,,BILL-OUT001-260304-0011,11,Dine In,T04,2026-03-04 09:51:00,2026-03-04 10:12:00,Coffee Classics,Flat White - Large,MENU0014,Beverage,Menu Item,285.0,1.0,285.0,12.65,Bill Discount,Synthetic promotion,272.35,13.62,0,0,0,0,285.97,,,,,
Delhi,ABNAH Cafe Connaught Place,,BILL-OUT001-260304-0012,12,Delivery/Takeaway,,2026-03-04 12:32:00,2026-03-04 13:06:00,Coffee Classics,Mocha - Regular,MENU0015,Beverage,Menu Item,245.0,3.0,735.0,11.84,Bill Discount,Synthetic promotion,723.16,36.16,0,0,0,0,759.32,,,,,
Delhi,ABNAH Cafe Connaught Place,,BILL-OUT001-260304-0013,13,Delivery/Takeaway,,2026-03-04 12:07:00,2026-03-04 12:52:00,Signature Coffee,Caramel Macchiato - Medium,MENU0025,Beverage,Menu Item,295.0,3.0,885.0,49.12,Bill Discount,Synthetic promotion,835.88,41.79,0,0,0,0,877.67,,,,,
Delhi,ABNAH Cafe Connaught Place,,BILL-OUT001-260304-0014,14,Delivery/Takeaway,,2026-03-04 18:57:00,2026-03-04 19:07:00,Signature Coffee,Caramel Macchiato - Large,MENU0026,Beverage,Menu Item,325.0,1.0,325.0,1.68,Bill Discount,Synthetic promotion,323.32,16.17,0,0,0,0,339.49,,,,,
Delhi,ABNAH Cafe Connaught Place,,BILL-OUT001-260304-0015,15,Dine In,T13,2026-03-04 13:57:00,2026-03-04 14:09:00,Signature Coffee,French Vanilla Latte - Regular,MENU0027,Beverage,Menu Item,267.01,1.0,267.01,0.0,,,267.01,13.35,0,0,0,0,280.36,,,,,
Delhi,ABNAH Cafe Connaught Place,,BILL-OUT001-260304-0016,16,Delivery/Takeaway,,2026-03-04 12:30:00,2026-03-04 13:11:00,Signature Coffee,French Vanilla Latte - Medium,MENU0028,Beverage,Menu Item,295.0,2.0,590.0,16.03,Bill Discount,Synthetic promotion,573.97,28.7,0,0,0,0,602.67,,,,,
Delhi,ABNAH Cafe Connaught Place,,BILL-OUT001-260304-0017,17,Delivery/Takeaway,,2026-03-04 18:41:00,2026-03-04 18:54:00,Signature Coffee,Vegan Iced Latte - Medium,MENU0031,Beverage,Menu Item,310.0,1.0,310.0,9.77,Bill Discount,Synthetic promotion,300.23,15.01,0,0,0,0,315.24,,,,,
Delhi,ABNAH Cafe Connaught Place,,BILL-OUT001-260304-0018,18,Delivery/Takeaway,,2026-03-04 15:22:00,2026-03-04 16:06:00,Signature Coffee,Vegan Iced Latte - Large,MENU0032,Beverage,Menu Item,338.2,1.0,338.2,0.0,,,338.2,16.91,0,0,0,0,355.11,,,,,
Delhi,ABNAH Cafe Connaught Place,,BILL-OUT001-260304-0019,19,Dine In,T22,2026-03-04 18:34:00,2026-03-04 19:04:00,Cold Brew,Classic Cold Brew - Medium,MENU0034,Beverage,Menu Item,250.0,1.0,250.0,2.38,Bill Discount,Synthetic promotion,247.62,12.38,0,0,0,0,260.0,,,,,
Delhi,ABNAH Cafe Connaught Place,,BILL-OUT001-260304-0020,20,Dine In,T23,2026-03-04 18:59:00,2026-03-04 19:46:00,Cold Brew,Coffee Lemonade - Medium,MENU0037,Beverage,Menu Item,260.0,2.0,520.0,8.82,Bill Discount,Synthetic promotion,511.18,25.56,0,0,0,0,536.74,,,,,
Delhi,ABNAH Cafe Connaught Place,,BILL-OUT001-260304-0021,21,Dine In,T16,2026-03-04 18:07:00,2026-03-04 18:15:00,Cold Coffee,Classic Cold Coffee - Large,MENU0044,Beverage,Menu Item,325.0,1.0,325.0,8.48,Bill Discount,Synthetic promotion,316.52,15.83,0,0,0,0,332.35,,,,,
Delhi,ABNAH Cafe Connaught Place,,BILL-OUT001-260304-0022,22,Dine In,T17,2026-03-04 14:57:00,2026-03-04 15:44:00,Cold Coffee,Caramel Cold Coffee - Regular,MENU0048,Beverage,Menu Item,285.0,1.0,285.0,13.85,Bill Discount,Synthetic promotion,271.15,13.56,0,0,0,0,284.71,,,,,
Delhi,ABNAH Cafe Connaught Place,,BILL-OUT001-260304-0023,23,Dine In,T01,2026-03-04 11:55:00,2026-03-04 12:35:00,Cold Coffee,Caramel Cold Coffee - Medium,MENU0049,Beverage,Menu Item,321.82,1.0,321.82,0.0,,,321.82,16.09,0,0,0,0,337.91,,,,,
Delhi,ABNAH Cafe Connaught Place,,BILL-OUT001-260304-0024,24,Dine In,T16,2026-03-04 08:43:00,2026-03-04 09:09:00,Cold Coffee,Caramel Cold Coffee - Large,MENU0050,Beverage,Menu Item,355.0,1.0,355.0,21.06,Bill Discount,Synthetic promotion,333.94,16.7,0,0,0,0,350.64,,,,,
Delhi,ABNAH Cafe Connaught Place,,BILL-OUT001-260304-0025,25,Dine In,T16,2026-03-04 10:41:00,2026-03-04 11:20:00,Tea,Masala Chai Latte - Regular,MENU0051,Beverage,Menu Item,197.9,2.0,395.8,0.01,Bill Discount,Synthetic promotion,395.79,19.79,0,0,0,0,415.58,,,,,
Delhi,ABNAH Cafe Connaught Place,,BILL-OUT001-260304-0026,26,Delivery/Takeaway,,2026-03-04 17:27:00,2026-03-04 17:46:00,Tea,Masala Chai Latte - Medium,MENU0052,Beverage,Menu Item,220.0,1.0,220.0,4.52,Bill Discount,Synthetic promotion,215.48,10.77,0,0,0,0,226.25,,,,,
Delhi,ABNAH Cafe Connaught Place,,BILL-OUT001-260304-0027,27,Delivery/Takeaway,,2026-03-04 16:38:00,2026-03-04 17:01:00,Tea,Japanese Matcha Latte - Regular,MENU0055,Beverage,Menu Item,266.84,1.0,266.84,0.0,,,266.84,13.34,0,0,0,0,280.18,,,,,
Delhi,ABNAH Cafe Connaught Place,,BILL-OUT001-260304-0028,28,Dine In,T20,2026-03-04 18:25:00,2026-03-04 18:35:00,Iced Tea,Lemon Iced Tea - Large,MENU0060,Beverage,Menu Item,255.0,1.0,255.0,12.09,Bill Discount,Synthetic promotion,242.91,12.15,0,0,0,0,255.06,,,,,
Delhi,ABNAH Cafe Connaught Place,,BILL-OUT001-260304-0029,29,Dine In,T06,2026-03-04 12:29:00,2026-03-04 13:07:00,Iced Tea,Hibiscus Lime Iced Tea - Medium,MENU0062,Beverage,Menu Item,250.0,1.0,250.0,7.04,Bill Discount,Synthetic promotion,242.96,12.15,0,0,0,0,255.11,,,,,
Delhi,ABNAH Cafe Connaught Place,,BILL-OUT001-260304-0030,30,Delivery/Takeaway,,2026-03-04 12:57:00,2026-03-04 13:41:00,Shake,Choco Chip Shake - Regular,MENU0068,Beverage,Menu Item,297.33,2.0,594.66,0.0,,,594.67,29.73,0,0,0,0,624.4,,,,,
Delhi,ABNAH Cafe Connaught Place,,BILL-OUT001-260304-0031,31,Dine In,T10,2026-03-04 08:19:00,2026-03-04 08:59:00,Shake,Mixed Berry Shake - Regular,MENU0071,Beverage,Menu Item,315.0,2.0,630.0,20.25,Bill Discount,Synthetic promotion,609.75,30.49,0,0,0,0,640.24,,,,,
Delhi,ABNAH Cafe Connaught Place,,BILL-OUT001-260304-0032,32,Dine In,T04,2026-03-04 09:09:00,2026-03-04 09:53:00,Shake,Mixed Berry Shake - Medium,MENU0072,Beverage,Menu Item,350.0,1.0,350.0,17.89,Bill Discount,Synthetic promotion,332.11,16.61,0,0,0,0,348.72,,,,,
Delhi,ABNAH Cafe Connaught Place,,BILL-OUT001-260304-0033,33,Dine In,T11,2026-03-04 19:00:00,2026-03-04 19:37:00,Smoothie,Seasonal Smoothie - Regular,MENU0074,Beverage,Menu Item,305.0,2.0,610.0,34.85,Bill Discount,Synthetic promotion,575.15,28.76,0,0,0,0,603.91,,,,,
Delhi,ABNAH Cafe Connaught Place,,BILL-OUT001-260304-0034,34,Delivery/Takeaway,,2026-03-04 18:54:00,2026-03-04 19:34:00,Wraps,Spicy Paneer Wrap,MENU0077,Food,Menu Item,275.82,1.0,275.82,0.0,,,275.82,13.79,0,0,0,0,289.61,,,,,
Delhi,ABNAH Cafe Connaught Place,,BILL-OUT001-260304-0035,35,Delivery/Takeaway,,2026-03-04 15:42:00,2026-03-04 16:24:00,Sandwiches,Smoked Chipotle Paneer Sandwich,MENU0079,Food,Menu Item,295.0,1.0,295.0,17.17,Bill Discount,Synthetic promotion,277.83,13.89,0,0,0,0,291.72,,,,,
Delhi,ABNAH Cafe Connaught Place,,BILL-OUT001-260304-0036,36,Dine In,T17,2026-03-04 19:19:00,2026-03-04 19:57:00,Sandwiches,Pesto Veg Sandwich,MENU0080,Food,Menu Item,280.0,1.0,280.0,4.19,Bill Discount,Synthetic promotion,275.81,13.79,0,0,0,0,289.6,,,,,
Delhi,ABNAH Cafe Connaught Place,,BILL-OUT001-260304-0037,37,Dine In,T06,2026-03-04 16:02:00,2026-03-04 16:38:00,Sandwiches,Pepper Chicken Sandwich,MENU0081,Food,Menu Item,318.81,1.0,318.81,0.0,,,318.81,15.94,0,0,0,0,334.75,,,,,
Delhi,ABNAH Cafe Connaught Place,,BILL-OUT001-260304-0038,38,Dine In,T02,2026-03-04 11:53:00,2026-03-04 12:36:00,Sandwiches,Tandoori Chicken Sandwich,MENU0082,Food,Menu Item,320.0,2.0,640.0,0.21,Bill Discount,Synthetic promotion,639.79,31.99,0,0,0,0,671.78,,,,,
Delhi,ABNAH Cafe Connaught Place,,BILL-OUT001-260304-0039,39,Delivery/Takeaway,,2026-03-04 13:56:00,2026-03-04 14:45:00,Toasts,Chicken Pepperoni Avocado Toast,MENU0084,Food,Menu Item,330.0,1.0,330.0,13.69,Bill Discount,Synthetic promotion,316.31,15.82,0,0,0,0,332.13,,,,,
Delhi,ABNAH Cafe Connaught Place,,BILL-OUT001-260304-0040,40,Delivery/Takeaway,,2026-03-04 09:47:00,2026-03-04 10:19:00,Breakfast,Cream Cheese Bagel,MENU0087,Food,Menu Item,250.0,1.0,250.0,7.71,Bill Discount,Synthetic promotion,242.29,12.11,0,0,0,0,254.4,,,,,
Delhi,ABNAH Cafe Connaught Place,,BILL-OUT001-260304-0041,41,Delivery/Takeaway,,2026-03-04 09:17:00,2026-03-04 09:50:00,Breakfast,Scallion Pepper Cream Cheese Bagel,MENU0088,Food,Menu Item,265.0,1.0,265.0,15.4,Bill Discount,Synthetic promotion,249.6,12.48,0,0,0,0,262.08,,,,,
Delhi,ABNAH Cafe Connaught Place,,BILL-OUT001-260304-0042,42,Dine In,T22,2026-03-04 08:03:00,2026-03-04 08:32:00,Snacks,Pesto Sundried Tomato Pin Wheel,MENU0091,Food,Menu Item,225.0,2.0,450.0,9.17,Bill Discount,Synthetic promotion,440.83,22.04,0,0,0,0,462.87,,,,,
Delhi,ABNAH Cafe Connaught Place,,BILL-OUT001-260304-0043,43,Delivery/Takeaway,,2026-03-04 12:06:00,2026-03-04 12:19:00,Snacks,Turnover with Brioche Dough Chicken,MENU0092,Food,Menu Item,257.1,2.0,514.2,0.0,,,514.2,25.71,0,0,0,0,539.91,,,,,
Delhi,ABNAH Cafe Connaught Place,,BILL-OUT001-260304-0044,44,Delivery/Takeaway,,2026-03-04 12:28:00,2026-03-04 13:05:00,Baked Goods,Butter Croissant,MENU0094,Food,Menu Item,198.11,1.0,198.11,0.0,,,198.11,9.91,0,0,0,0,208.02,,,,,
Delhi,ABNAH Cafe Connaught Place,,BILL-OUT001-260304-0045,45,Dine In,T24,2026-03-04 08:05:00,2026-03-04 08:54:00,Baked Goods,Chocolate Croissant,MENU0096,Food,Menu Item,235.0,2.0,470.0,23.59,Bill Discount,Synthetic promotion,446.41,22.32,0,0,0,0,468.73,,,,,
Delhi,ABNAH Cafe Connaught Place,,BILL-OUT001-260304-0046,46,Dine In,T20,2026-03-04 18:44:00,2026-03-04 19:07:00,Baked Goods,Sriracha Chicken Croissant,MENU0098,Food,Menu Item,276.34,1.0,276.34,0.0,,,276.34,13.82,0,0,0,0,290.16,,,,,
Delhi,ABNAH Cafe Connaught Place,,BILL-OUT001-260304-0047,47,Dine In,T05,2026-03-04 13:50:00,2026-03-04 13:59:00,Baked Goods,Cinnamon Roll with Cream Cheese,MENU0099,Dessert,Menu Item,223.34,1.0,223.34,0.0,,,223.34,11.17,0,0,0,0,234.51,,,,,
Delhi,ABNAH Cafe Connaught Place,,BILL-OUT001-260304-0048,48,Dine In,T11,2026-03-04 15:05:00,2026-03-04 15:52:00,Baked Goods,Banana Walnut Tea Cake,MENU0100,Dessert,Menu Item,205.0,1.0,205.0,6.02,Bill Discount,Synthetic promotion,198.98,9.95,0,0,0,0,208.93,,,,,
Delhi,ABNAH Cafe Connaught Place,,BILL-OUT001-260304-0049,49,Delivery/Takeaway,,2026-03-04 17:14:00,2026-03-04 18:00:00,Baked Goods,Lemon Raspberry Tea Cake,MENU0101,Dessert,Menu Item,215.0,1.0,215.0,7.88,Bill Discount,Synthetic promotion,207.12,10.36,0,0,0,0,217.48,,,,,
Delhi,ABNAH Cafe Connaught Place,,BILL-OUT001-260304-0050,50,Delivery/Takeaway,,2026-03-04 15:10:00,2026-03-04 15:51:00,Desserts,Basque Cheesecake,MENU0109,Dessert,Menu Item,310.0,1.0,310.0,18.54,Bill Discount,Synthetic promotion,291.46,14.57,0,0,0,0,306.03,,,,,
Delhi,ABNAH Cafe Connaught Place,,BILL-OUT001-260305-0001,1,Dine In,T17,2026-03-05 18:50:00,2026-03-05 18:59:00,Coffee Classics,Americano - Regular,MENU0003,Beverage,Menu Item,185.0,6.0,1110.0,60.35,Bill Discount,Synthetic promotion,1049.65,52.48,0,0,0,0,1102.13,,,,,
Delhi,ABNAH Cafe Connaught Place,,BILL-OUT001-260305-0002,2,Delivery/Takeaway,,2026-03-05 15:47:00,2026-03-05 16:03:00,Coffee Classics,Americano - Medium,MENU0004,Beverage,Menu Item,210.0,2.0,420.0,9.9,Bill Discount,Synthetic promotion,410.1,20.5,0,0,0,0,430.6,,,,,
Delhi,ABNAH Cafe Connaught Place,,BILL-OUT001-260305-0003,3,Delivery/Takeaway,,2026-03-05 16:23:00,2026-03-05 16:45:00,Coffee Classics,Americano - Large,MENU0005,Beverage,Menu Item,235.0,1.0,235.0,9.41,Bill Discount,Synthetic promotion,225.59,11.28,0,0,0,0,236.87,,,,,
Delhi,ABNAH Cafe Connaught Place,,BILL-OUT001-260305-0004,4,Delivery/Takeaway,,2026-03-05 12:16:00,2026-03-05 12:29:00,Coffee Classics,Latte - Medium,MENU0007,Beverage,Menu Item,250.49,1.0,250.49,0.0,,,250.49,12.52,0,0,0,0,263.01,,,,,
Delhi,ABNAH Cafe Connaught Place,,BILL-OUT001-260305-0005,5,Delivery/Takeaway,,2026-03-05 19:33:00,2026-03-05 20:16:00,Coffee Classics,Latte - Large,MENU0008,Beverage,Menu Item,275.0,2.0,550.0,16.43,Bill Discount,Synthetic promotion,533.57,26.68,0,0,0,0,560.25,,,,,
Delhi,ABNAH Cafe Connaught Place,,BILL-OUT001-260305-0006,6,Delivery/Takeaway,,2026-03-05 16:46:00,2026-03-05 17:09:00,Coffee Classics,Cappuccino - Medium,MENU0010,Beverage,Menu Item,250.0,3.0,750.0,43.13,Bill Discount,Synthetic promotion,706.87,35.34,0,0,0,0,742.21,,,,,
Delhi,ABNAH Cafe Connaught Place,,BILL-OUT001-260305-0007,7,Dine In,T05,2026-03-05 14:25:00,2026-03-05 15:12:00,Coffee Classics,Cappuccino - Large,MENU0011,Beverage,Menu Item,275.0,3.0,825.0,17.0,Bill Discount,Synthetic promotion,808.0,40.4,0,0,0,0,848.4,,,,,
Delhi,ABNAH Cafe Connaught Place,,BILL-OUT001-260305-0008,8,Delivery/Takeaway,,2026-03-05 12:17:00,2026-03-05 12:58:00,Coffee Classics,Flat White - Regular,MENU0012,Beverage,Menu Item,236.5,2.0,473.0,0.0,,,473.01,23.65,0,0,0,0,496.66,,,,,
Delhi,ABNAH Cafe Connaught Place,,BILL-OUT001-260305-0009,9,Delivery/Takeaway,,2026-03-05 08:26:00,2026-03-05 08:34:00,Coffee Classics,Flat White - Medium,MENU0013,Beverage,Menu Item,261.66,4.0,1046.64,0.01,Bill Discount,Synthetic promotion,1046.63,52.33,0,0,0,0,1098.96,,,,,
Delhi,ABNAH Cafe Connaught Place,,BILL-OUT001-260305-0010,10,Delivery/Takeaway,,2026-03-05 16:41:00,2026-03-05 16:50:00,Coffee Classics,Flat White - Large,MENU0014,Beverage,Menu Item,285.0,2.0,570.0,16.38,Bill Discount,Synthetic promotion,553.62,27.68,0,0,0,0,581.3,,,,,
Delhi,ABNAH Cafe Connaught Place,,BILL-OUT001-260305-0011,11,Delivery/Takeaway,,2026-03-05 09:40:00,2026-03-05 09:48:00,Coffee Classics,Mocha - Regular,MENU0015,Beverage,Menu Item,245.0,2.0,490.0,19.14,Bill Discount,Synthetic promotion,470.86,23.54,0,0,0,0,494.4,,,,,
Delhi,ABNAH Cafe Connaught Place,,BILL-OUT001-260305-0012,12,Delivery/Takeaway,,2026-03-05 18:29:00,2026-03-05 18:58:00,Coffee Classics,Mocha - Medium,MENU0016,Beverage,Menu Item,270.0,3.0,810.0,7.61,Bill Discount,Synthetic promotion,802.39,40.12,0,0,0,0,842.51,,,,,
Delhi,ABNAH Cafe Connaught Place,,BILL-OUT001-260305-0013,13,Delivery/Takeaway,,2026-03-05 09:59:00,2026-03-05 10:07:00,Coffee Classics,Mocha - Large,MENU0017,Beverage,Menu Item,295.0,5.0,1475.0,57.42,Bill Discount,Synthetic promotion,1417.58,70.88,0,0,0,0,1488.46,,,,,
Delhi,ABNAH Cafe Connaught Place,,BILL-OUT001-260305-0014,14,Delivery/Takeaway,,2026-03-05 11:58:00,2026-03-05 12:15:00,Signature Coffee,Sea Salt Mocha - Medium,MENU0019,Beverage,Menu Item,305.0,1.0,305.0,1.51,Bill Discount,Synthetic promotion,303.49,15.17,0,0,0,0,318.66,,,,,
Delhi,ABNAH Cafe Connaught Place,,BILL-OUT001-260305-0015,15,Delivery/Takeaway,,2026-03-05 15:52:00,2026-03-05 16:12:00,Signature Coffee,Orange Zest Mocha - Regular,MENU0021,Beverage,Menu Item,270.0,1.0,270.0,6.03,Bill Discount,Synthetic promotion,263.97,13.2,0,0,0,0,277.17,,,,,
Delhi,ABNAH Cafe Connaught Place,,BILL-OUT001-260305-0016,16,Delivery/Takeaway,,2026-03-05 08:11:00,2026-03-05 08:59:00,Signature Coffee,Orange Zest Mocha - Medium,MENU0022,Beverage,Menu Item,300.0,1.0,300.0,0.13,Bill Discount,Synthetic promotion,299.87,14.99,0,0,0,0,314.86,,,,,
Delhi,ABNAH Cafe Connaught Place,,BILL-OUT001-260305-0017,17,Delivery/Takeaway,,2026-03-05 08:39:00,2026-03-05 09:23:00,Signature Coffee,Orange Zest Mocha - Large,MENU0023,Beverage,Menu Item,335.17,1.0,335.17,0.0,,,335.17,16.76,0,0,0,0,351.93,,,,,
Delhi,ABNAH Cafe Connaught Place,,BILL-OUT001-260305-0018,18,Delivery/Takeaway,,2026-03-05 14:52:00,2026-03-05 15:36:00,Signature Coffee,Caramel Macchiato - Regular,MENU0024,Beverage,Menu Item,265.0,1.0,265.0,11.42,Bill Discount,Synthetic promotion,253.58,12.68,0,0,0,0,266.26,,,,,
Delhi,ABNAH Cafe Connaught Place,,BILL-OUT001-260305-0019,19,Delivery/Takeaway,,2026-03-05 16:01:00,2026-03-05 16:29:00,Signature Coffee,Caramel Macchiato - Medium,MENU0025,Beverage,Menu Item,295.0,1.0,295.0,3.03,Bill Discount,Synthetic promotion,291.97,14.6,0,0,0,0,306.57,,,,,
Delhi,ABNAH Cafe Connaught Place,,BILL-OUT001-260305-0020,20,Dine In,T01,2026-03-05 15:17:00,2026-03-05 15:31:00,Signature Coffee,French Vanilla Latte - Large,MENU0029,Beverage,Menu Item,329.9,2.0,659.8,0.0,,,659.8,32.99,0,0,0,0,692.79,,,,,
Delhi,ABNAH Cafe Connaught Place,,BILL-OUT001-260305-0021,21,Delivery/Takeaway,,2026-03-05 12:56:00,2026-03-05 13:33:00,Signature Coffee,Vegan Iced Latte - Regular,MENU0030,Beverage,Menu Item,290.66,1.0,290.66,0.0,,,290.66,14.53,0,0,0,0,305.19,,,,,
Delhi,ABNAH Cafe Connaught Place,,BILL-OUT001-260305-0022,22,Dine In,T01,2026-03-05 16:35:00,2026-03-05 17:14:00,Signature Coffee,Vegan Iced Latte - Large,MENU0032,Beverage,Menu Item,335.0,2.0,670.0,2.24,Bill Discount,Synthetic promotion,667.76,33.39,0,0,0,0,701.15,,,,,
Delhi,ABNAH Cafe Connaught Place,,BILL-OUT001-260305-0023,23,Delivery/Takeaway,,2026-03-05 15:40:00,2026-03-05 16:10:00,Cold Brew,Classic Cold Brew - Regular,MENU0033,Beverage,Menu Item,228.25,1.0,228.25,0.0,,,228.25,11.41,0,0,0,0,239.66,,,,,
Delhi,ABNAH Cafe Connaught Place,,BILL-OUT001-260305-0024,24,Dine In,T16,2026-03-05 08:15:00,2026-03-05 08:36:00,Cold Brew,Classic Cold Brew - Medium,MENU0034,Beverage,Menu Item,250.0,2.0,500.0,17.77,Bill Discount,Synthetic promotion,482.23,24.11,0,0,0,0,506.34,,,,,
Delhi,ABNAH Cafe Connaught Place,,BILL-OUT001-260305-0025,25,Dine In,T18,2026-03-05 12:59:00,2026-03-05 13:07:00,Cold Brew,Coffee Lemonade - Regular,MENU0036,Beverage,Menu Item,235.0,1.0,235.0,7.68,Bill Discount,Synthetic promotion,227.32,11.37,0,0,0,0,238.69,,,,,
Delhi,ABNAH Cafe Connaught Place,,BILL-OUT001-260305-0026,26,Delivery/Takeaway,,2026-03-05 11:06:00,2026-03-05 11:41:00,Cold Brew,Coffee Lemonade - Medium,MENU0037,Beverage,Menu Item,260.0,3.0,780.0,20.95,Bill Discount,Synthetic promotion,759.05,37.95,0,0,0,0,797.0,,,,,
Delhi,ABNAH Cafe Connaught Place,,BILL-OUT001-260305-0027,27,Delivery/Takeaway,,2026-03-05 09:54:00,2026-03-05 10:20:00,Cold Brew,Vietnamese Shakerato - Medium,MENU0040,Beverage,Menu Item,283.93,1.0,283.93,0.0,,,283.93,14.2,0,0,0,0,298.13,,,,,
Delhi,ABNAH Cafe Connaught Place,,BILL-OUT001-260305-0028,28,Delivery/Takeaway,,2026-03-05 12:05:00,2026-03-05 12:26:00,Cold Brew,Vietnamese Shakerato - Large,MENU0041,Beverage,Menu Item,305.0,1.0,305.0,1.71,Bill Discount,Synthetic promotion,303.29,15.16,0,0,0,0,318.45,,,,,
Delhi,ABNAH Cafe Connaught Place,,BILL-OUT001-260305-0029,29,Dine In,T22,2026-03-05 14:36:00,2026-03-05 15:12:00,Cold Coffee,Classic Cold Coffee - Regular,MENU0042,Beverage,Menu Item,259.64,2.0,519.28,0.0,,,519.28,25.96,0,0,0,0,545.24,,,,,
Delhi,ABNAH Cafe Connaught Place,,BILL-OUT001-260305-0030,30,Delivery/Takeaway,,2026-03-05 16:42:00,2026-03-05 17:08:00,Cold Coffee,Mocha Cold Coffee - Regular,MENU0045,Beverage,Menu Item,285.0,1.0,285.0,11.52,Bill Discount,Synthetic promotion,273.48,13.67,0,0,0,0,287.15,,,,,
Delhi,ABNAH Cafe Connaught Place,,BILL-OUT001-260305-0031,31,Delivery/Takeaway,,2026-03-05 14:59:00,2026-03-05 15:16:00,Cold Coffee,Mocha Cold Coffee - Medium,MENU0046,Beverage,Menu Item,321.8,1.0,321.8,0.0,,,321.8,16.09,0,0,0,0,337.89,,,,,
Delhi,ABNAH Cafe Connaught Place,,BILL-OUT001-260305-0032,32,Dine In,T01,2026-03-05 16:08:00,2026-03-05 16:18:00,Cold Coffee,Mocha Cold Coffee - Large,MENU0047,Beverage,Menu Item,355.0,2.0,710.0,17.72,Bill Discount,Synthetic promotion,692.28,34.61,0,0,0,0,726.89,,,,,
Delhi,ABNAH Cafe Connaught Place,,BILL-OUT001-260305-0033,33,Dine In,T21,2026-03-05 11:07:00,2026-03-05 11:49:00,Tea,Masala Chai Latte - Large,MENU0053,Beverage,Menu Item,245.0,1.0,245.0,13.52,Bill Discount,Synthetic promotion,231.48,11.57,0,0,0,0,243.05,,,,,
Delhi,ABNAH Cafe Connaught Place,,BILL-OUT001-260305-0034,34,Delivery/Takeaway,,2026-03-05 09:49:00,2026-03-05 10:15:00,Tea,Himalayan Green Tea,MENU0054,Beverage,Menu Item,210.0,3.0,630.0,17.64,Bill Discount,Synthetic promotion,612.36,30.62,0,0,0,0,642.98,,,,,
Delhi,ABNAH Cafe Connaught Place,,BILL-OUT001-260305-0035,35,Delivery/Takeaway,,2026-03-05 15:36:00,2026-03-05 15:59:00,Tea,Japanese Matcha Latte - Regular,MENU0055,Beverage,Menu Item,269.88,1.0,269.88,0.0,,,269.88,13.49,0,0,0,0,283.37,,,,,
Delhi,ABNAH Cafe Connaught Place,,BILL-OUT001-260305-0036,36,Dine In,T07,2026-03-05 18:15:00,2026-03-05 18:48:00,Tea,Japanese Matcha Latte - Medium,MENU0056,Beverage,Menu Item,295.0,1.0,295.0,9.51,Bill Discount,Synthetic promotion,285.49,14.27,0,0,0,0,299.76,,,,,
Delhi,ABNAH Cafe Connaught Place,,BILL-OUT001-260305-0037,37,Dine In,T14,2026-03-05 19:03:00,2026-03-05 19:18:00,Iced Tea,Lemon Iced Tea - Regular,MENU0058,Beverage,Menu Item,208.7,1.0,208.7,0.0,,,208.7,10.44,0,0,0,0,219.14,,,,,
Delhi,ABNAH Cafe Connaught Place,,BILL-OUT001-260305-0038,38,Delivery/Takeaway,,2026-03-05 14:37:00,2026-03-05 14:53:00,Iced Tea,Lemon Iced Tea - Medium,MENU0059,Beverage,Menu Item,232.99,1.0,232.99,0.0,,,232.99,11.65,0,0,0,0,244.64,,,,,
Delhi,ABNAH Cafe Connaught Place,,BILL-OUT001-260305-0039,39,Dine In,T05,2026-03-05 15:52:00,2026-03-05 16:11:00,Iced Tea,Lemon Iced Tea - Large,MENU0060,Beverage,Menu Item,255.0,1.0,255.0,13.96,Bill Discount,Synthetic promotion,241.04,12.05,0,0,0,0,253.09,,,,,
Delhi,ABNAH Cafe Connaught Place,,BILL-OUT001-260305-0040,40,Delivery/Takeaway,,2026-03-05 13:53:00,2026-03-05 14:25:00,Shake,Choco Chip Shake - Large,MENU0070,Beverage,Menu Item,365.0,1.0,365.0,11.29,Bill Discount,Synthetic promotion,353.71,17.69,0,0,0,0,371.4,,,,,
Delhi,ABNAH Cafe Connaught Place,,BILL-OUT001-260305-0041,41,Dine In,T22,2026-03-05 16:11:00,2026-03-05 16:46:00,Wraps,Spicy Paneer Wrap,MENU0077,Food,Menu Item,278.48,1.0,278.48,0.0,,,278.48,13.92,0,0,0,0,292.4,,,,,
Delhi,ABNAH Cafe Connaught Place,,BILL-OUT001-260305-0042,42,Delivery/Takeaway,,2026-03-05 12:08:00,2026-03-05 12:53:00,Sandwiches,Smoked Chipotle Paneer Sandwich,MENU0079,Food,Menu Item,295.0,1.0,295.0,6.06,Bill Discount,Synthetic promotion,288.94,14.45,0,0,0,0,303.39,,,,,
Delhi,ABNAH Cafe Connaught Place,,BILL-OUT001-260305-0043,43,Dine In,T23,2026-03-05 14:11:00,2026-03-05 14:43:00,Sandwiches,Pesto Veg Sandwich,MENU0080,Food,Menu Item,280.64,2.0,561.28,0.0,,,561.29,28.06,0,0,0,0,589.35,,,,,
Delhi,ABNAH Cafe Connaught Place,,BILL-OUT001-260305-0044,44,Delivery/Takeaway,,2026-03-05 11:41:00,2026-03-05 11:58:00,Sandwiches,Pepper Chicken Sandwich,MENU0081,Food,Menu Item,315.0,3.0,945.0,26.48,Bill Discount,Synthetic promotion,918.52,45.93,0,0,0,0,964.45,,,,,
Delhi,ABNAH Cafe Connaught Place,,BILL-OUT001-260305-0045,45,Dine In,T18,2026-03-05 08:52:00,2026-03-05 09:01:00,Sandwiches,Tandoori Chicken Sandwich,MENU0082,Food,Menu Item,320.0,1.0,320.0,8.16,Bill Discount,Synthetic promotion,311.84,15.59,0,0,0,0,327.43,,,,,
Delhi,ABNAH Cafe Connaught Place,,BILL-OUT001-260305-0046,46,Delivery/Takeaway,,2026-03-05 11:00:00,2026-03-05 11:17:00,Toasts,Chicken Pepperoni Avocado Toast,MENU0084,Food,Menu Item,330.0,1.0,330.0,7.06,Bill Discount,Synthetic promotion,322.94,16.15,0,0,0,0,339.09,,,,,
Delhi,ABNAH Cafe Connaught Place,,BILL-OUT001-260305-0047,47,Dine In,T03,2026-03-05 10:40:00,2026-03-05 11:15:00,Breakfast,Masala Egg Bun,MENU0089,Food,Menu Item,225.0,1.0,225.0,7.83,Bill Discount,Synthetic promotion,217.17,10.86,0,0,0,0,228.03,,,,,
Delhi,ABNAH Cafe Connaught Place,,BILL-OUT001-260305-0048,48,Dine In,T11,2026-03-05 16:12:00,2026-03-05 16:55:00,Snacks,Marinara Cheese Pin Wheels,MENU0090,Food,Menu Item,215.0,1.0,215.0,4.19,Bill Discount,Synthetic promotion,210.81,10.54,0,0,0,0,221.35,,,,,
Delhi,ABNAH Cafe Connaught Place,,BILL-OUT001-260305-0049,49,Delivery/Takeaway,,2026-03-05 17:11:00,2026-03-05 17:43:00,Baked Goods,Almond Croissant,MENU0095,Food,Menu Item,245.0,2.0,490.0,8.31,Bill Discount,Synthetic promotion,481.69,24.08,0,0,0,0,505.77,,,,,
Delhi,ABNAH Cafe Connaught Place,,BILL-OUT001-260305-0050,50,Delivery/Takeaway,,2026-03-05 17:30:00,2026-03-05 18:05:00,Baked Goods,Mushroom Cheese Croissant,MENU0097,Food,Menu Item,255.0,1.0,255.0,5.67,Bill Discount,Synthetic promotion,249.33,12.47,0,0,0,0,261.8,,,,,
Delhi,ABNAH Cafe Connaught Place,,BILL-OUT001-260305-0051,51,Delivery/Takeaway,,2026-03-05 11:36:00,2026-03-05 11:49:00,Baked Goods,Cinnamon Roll with Cream Cheese,MENU0099,Dessert,Menu Item,222.87,1.0,222.87,0.0,,,222.87,11.14,0,0,0,0,234.01,,,,,
Delhi,ABNAH Cafe Connaught Place,,BILL-OUT001-260305-0052,52,Delivery/Takeaway,,2026-03-05 16:10:00,2026-03-05 16:20:00,Baked Goods,Lemon Raspberry Tea Cake,MENU0101,Dessert,Menu Item,215.0,1.0,215.0,3.29,Bill Discount,Synthetic promotion,211.71,10.59,0,0,0,0,222.3,,,,,
Delhi,ABNAH Cafe Connaught Place,,BILL-OUT001-260305-0053,53,Delivery/Takeaway,,2026-03-05 08:52:00,2026-03-05 09:19:00,Desserts,Basque Cheesecake,MENU0109,Dessert,Menu Item,310.0,1.0,310.0,5.43,Bill Discount,Synthetic promotion,304.57,15.23,0,0,0,0,319.8,,,,,
Delhi,ABNAH Cafe Connaught Place,,BILL-OUT001-260306-0001,1,Dine In,T05,2026-03-06 09:25:00,2026-03-06 10:08:00,Coffee Classics,Americano - Regular,MENU0003,Beverage,Menu Item,185.0,5.0,925.0,32.73,Bill Discount,Synthetic promotion,892.27,44.61,0,0,0,0,936.88,,,,,
Delhi,ABNAH Cafe Connaught Place,,BILL-OUT001-260306-0002,2,Dine In,T09,2026-03-06 18:17:00,2026-03-06 18:40:00,Coffee Classics,Americano - Medium,MENU0004,Beverage,Menu Item,210.0,4.0,840.0,15.14,Bill Discount,Synthetic promotion,824.86,41.24,0,0,0,0,866.1,,,,,
Delhi,ABNAH Cafe Connaught Place,,BILL-OUT001-260306-0003,3,Delivery/Takeaway,,2026-03-06 17:14:00,2026-03-06 17:27:00,Coffee Classics,Americano - Large,MENU0005,Beverage,Menu Item,235.0,1.0,235.0,5.72,Bill Discount,Synthetic promotion,229.28,11.46,0,0,0,0,240.74,,,,,
Delhi,ABNAH Cafe Connaught Place,,BILL-OUT001-260306-0004,4,Delivery/Takeaway,,2026-03-06 12:30:00,2026-03-06 13:16:00,Coffee Classics,Latte - Regular,MENU0006,Beverage,Menu Item,225.0,2.0,450.0,19.22,Bill Discount,Synthetic promotion,430.78,21.54,0,0,0,0,452.32,,,,,
Delhi,ABNAH Cafe Connaught Place,,BILL-OUT001-260306-0005,5,Delivery/Takeaway,,2026-03-06 08:06:00,2026-03-06 08:23:00,Coffee Classics,Latte - Large,MENU0008,Beverage,Menu Item,275.0,2.0,550.0,4.23,Bill Discount,Synthetic promotion,545.77,27.29,0,0,0,0,573.06,,,,,
Delhi,ABNAH Cafe Connaught Place,,BILL-OUT001-260306-0006,6,Delivery/Takeaway,,2026-03-06 13:21:00,2026-03-06 13:43:00,Coffee Classics,Cappuccino - Regular,MENU0009,Beverage,Menu Item,225.0,2.0,450.0,12.61,Bill Discount,Synthetic promotion,437.39,21.87,0,0,0,0,459.26,,,,,
Delhi,ABNAH Cafe Connaught Place,,BILL-OUT001-260306-0007,7,Delivery/Takeaway,,2026-03-06 18:50:00,2026-03-06 19:13:00,Coffee Classics,Cappuccino - Medium,MENU0010,Beverage,Menu Item,250.0,4.0,1000.0,35.16,Bill Discount,Synthetic promotion,964.84,48.24,0,0,0,0,1013.08,,,,,
Delhi,ABNAH Cafe Connaught Place,,BILL-OUT001-260306-0008,8,Delivery/Takeaway,,2026-03-06 12:44:00,2026-03-06 13:24:00,Coffee Classics,Cappuccino - Large,MENU0011,Beverage,Menu Item,275.0,2.0,550.0,0.2,Bill Discount,Synthetic promotion,549.8,27.49,0,0,0,0,577.29,,,,,
Delhi,ABNAH Cafe Connaught Place,,BILL-OUT001-260306-0009,9,Delivery/Takeaway,,2026-03-06 13:28:00,2026-03-06 14:01:00,Coffee Classics,Flat White - Regular,MENU0012,Beverage,Menu Item,235.0,4.0,940.0,5.15,Bill Discount,Synthetic promotion,934.85,46.74,0,0,0,0,981.59,,,,,
Delhi,ABNAH Cafe Connaught Place,,BILL-OUT001-260306-0010,10,Dine In,T05,2026-03-06 18:09:00,2026-03-06 18:33:00,Coffee Classics,Flat White - Medium,MENU0013,Beverage,Menu Item,260.0,1.0,260.0,9.13,Bill Discount,Synthetic promotion,250.87,12.54,0,0,0,0,263.41,,,,,
Delhi,ABNAH Cafe Connaught Place,,BILL-OUT001-260306-0011,11,Delivery/Takeaway,,2026-03-06 14:38:00,2026-03-06 15:10:00,Coffee Classics,Mocha - Regular,MENU0015,Beverage,Menu Item,247.69,3.0,743.07,0.0,,,743.07,37.15,0,0,0,0,780.22,,,,,
Delhi,ABNAH Cafe Connaught Place,,BILL-OUT001-260306-0012,12,Delivery/Takeaway,,2026-03-06 19:20:00,2026-03-06 20:04:00,Coffee Classics,Mocha - Medium,MENU0016,Beverage,Menu Item,270.0,3.0,810.0,9.67,Bill Discount,Synthetic promotion,800.33,40.02,0,0,0,0,840.35,,,,,
Delhi,ABNAH Cafe Connaught Place,,BILL-OUT001-260306-0013,13,Delivery/Takeaway,,2026-03-06 18:40:00,2026-03-06 19:20:00,Coffee Classics,Mocha - Large,MENU0017,Beverage,Menu Item,295.0,1.0,295.0,14.61,Bill Discount,Synthetic promotion,280.39,14.02,0,0,0,0,294.41,,,,,
Delhi,ABNAH Cafe Connaught Place,,BILL-OUT001-260306-0014,14,Dine In,T16,2026-03-06 15:16:00,2026-03-06 16:01:00,Signature Coffee,Sea Salt Mocha - Regular,MENU0018,Beverage,Menu Item,277.39,1.0,277.39,0.0,,,277.39,13.87,0,0,0,0,291.26,,,,,
Delhi,ABNAH Cafe Connaught Place,,BILL-OUT001-260306-0015,15,Delivery/Takeaway,,2026-03-06 16:33:00,2026-03-06 17:09:00,Signature Coffee,Orange Zest Mocha - Medium,MENU0022,Beverage,Menu Item,300.0,3.0,900.0,39.0,Bill Discount,Synthetic promotion,861.0,43.05,0,0,0,0,904.05,,,,,
Delhi,ABNAH Cafe Connaught Place,,BILL-OUT001-260306-0016,16,Dine In,T15,2026-03-06 15:51:00,2026-03-06 16:14:00,Signature Coffee,French Vanilla Latte - Regular,MENU0027,Beverage,Menu Item,265.0,1.0,265.0,14.86,Bill Discount,Synthetic promotion,250.14,12.51,0,0,0,0,262.65,,,,,
Delhi,ABNAH Cafe Connaught Place,,BILL-OUT001-260306-0017,17,Dine In,T16,2026-03-06 16:36:00,2026-03-06 16:48:00,Signature Coffee,French Vanilla Latte - Medium,MENU0028,Beverage,Menu Item,295.0,1.0,295.0,1.3,Bill Discount,Synthetic promotion,293.7,14.69,0,0,0,0,308.39,,,,,
Delhi,ABNAH Cafe Connaught Place,,BILL-OUT001-260306-0018,18,Delivery/Takeaway,,2026-03-06 10:35:00,2026-03-06 11:07:00,Signature Coffee,Vegan Iced Latte - Regular,MENU0030,Beverage,Menu Item,285.0,1.0,285.0,5.61,Bill Discount,Synthetic promotion,279.39,13.97,0,0,0,0,293.36,,,,,
Delhi,ABNAH Cafe Connaught Place,,BILL-OUT001-260306-0019,19,Delivery/Takeaway,,2026-03-06 09:40:00,2026-03-06 09:57:00,Signature Coffee,Vegan Iced Latte - Medium,MENU0031,Beverage,Menu Item,310.0,2.0,620.0,28.12,Bill Discount,Synthetic promotion,591.88,29.59,0,0,0,0,621.47,,,,,
Delhi,ABNAH Cafe Connaught Place,,BILL-OUT001-260306-0020,20,Dine In,T16,2026-03-06 19:47:00,2026-03-06 20:26:00,Signature Coffee,Vegan Iced Latte - Large,MENU0032,Beverage,Menu Item,335.59,1.0,335.59,0.0,,,335.59,16.78,0,0,0,0,352.37,,,,,
Delhi,ABNAH Cafe Connaught Place,,BILL-OUT001-260306-0021,21,Dine In,T23,2026-03-06 11:13:00,2026-03-06 11:28:00,Cold Brew,Classic Cold Brew - Regular,MENU0033,Beverage,Menu Item,225.0,2.0,450.0,3.47,Bill Discount,Synthetic promotion,446.53,22.33,0,0,0,0,468.86,,,,,
Delhi,ABNAH Cafe Connaught Place,,BILL-OUT001-260306-0022,22,Delivery/Takeaway,,2026-03-06 08:28:00,2026-03-06 08:42:00,Cold Brew,Classic Cold Brew - Medium,MENU0034,Beverage,Menu Item,250.0,1.0,250.0,6.63,Bill Discount,Synthetic promotion,243.37,12.17,0,0,0,0,255.54,,,,,
Delhi,ABNAH Cafe Connaught Place,,BILL-OUT001-260306-0023,23,Delivery/Takeaway,,2026-03-06 13:17:00,2026-03-06 13:32:00,Cold Brew,Coffee Lemonade - Regular,MENU0036,Beverage,Menu Item,238.63,1.0,238.63,0.0,,,238.63,11.93,0,0,0,0,250.56,,,,,
Delhi,ABNAH Cafe Connaught Place,,BILL-OUT001-260306-0024,24,Delivery/Takeaway,,2026-03-06 09:01:00,2026-03-06 09:28:00,Cold Brew,Coffee Lemonade - Medium,MENU0037,Beverage,Menu Item,260.0,2.0,520.0,0.76,Bill Discount,Synthetic promotion,519.24,25.96,0,0,0,0,545.2,,,,,
Delhi,ABNAH Cafe Connaught Place,,BILL-OUT001-260306-0025,25,Dine In,T14,2026-03-06 15:52:00,2026-03-06 16:33:00,Cold Brew,Vietnamese Shakerato - Regular,MENU0039,Beverage,Menu Item,255.0,2.0,510.0,3.1,Bill Discount,Synthetic promotion,506.9,25.34,0,0,0,0,532.24,,,,,
Delhi,ABNAH Cafe Connaught Place,,BILL-OUT001-260306-0026,26,Delivery/Takeaway,,2026-03-06 09:58:00,2026-03-06 10:12:00,Cold Brew,Vietnamese Shakerato - Medium,MENU0040,Beverage,Menu Item,280.0,1.0,280.0,4.33,Bill Discount,Synthetic promotion,275.67,13.78,0,0,0,0,289.45,,,,,
Delhi,ABNAH Cafe Connaught Place,,BILL-OUT001-260306-0027,27,Delivery/Takeaway,,2026-03-06 15:38:00,2026-03-06 16:21:00,Cold Coffee,Classic Cold Coffee - Regular,MENU0042,Beverage,Menu Item,255.0,3.0,765.0,23.65,Bill Discount,Synthetic promotion,741.35,37.07,0,0,0,0,778.42,,,,,
Delhi,ABNAH Cafe Connaught Place,,BILL-OUT001-260306-0028,28,Delivery/Takeaway,,2026-03-06 12:16:00,2026-03-06 12:24:00,Cold Coffee,Classic Cold Coffee - Medium,MENU0043,Beverage,Menu Item,290.0,2.0,580.0,31.41,Bill Discount,Synthetic promotion,548.59,27.43,0,0,0,0,576.02,,,,,
Delhi,ABNAH Cafe Connaught Place,,BILL-OUT001-260306-0029,29,Delivery/Takeaway,,2026-03-06 09:19:00,2026-03-06 09:32:00,Cold Coffee,Classic Cold Coffee - Large,MENU0044,Beverage,Menu Item,325.0,1.0,325.0,10.7,Bill Discount,Synthetic promotion,314.3,15.71,0,0,0,0,330.01,,,,,
Delhi,ABNAH Cafe Connaught Place,,BILL-OUT001-260306-0030,30,Delivery/Takeaway,,2026-03-06 12:17:00,2026-03-06 12:51:00,Cold Coffee,Mocha Cold Coffee - Large,MENU0047,Beverage,Menu Item,355.0,1.0,355.0,8.15,Bill Discount,Synthetic promotion,346.85,17.34,0,0,0,0,364.19,,,,,
Delhi,ABNAH Cafe Connaught Place,,BILL-OUT001-260306-0031,31,Delivery/Takeaway,,2026-03-06 15:23:00,2026-03-06 16:08:00,Cold Coffee,Caramel Cold Coffee - Regular,MENU0048,Beverage,Menu Item,285.0,2.0,570.0,2.83,Bill Discount,Synthetic promotion,567.17,28.36,0,0,0,0,595.53,,,,,
Delhi,ABNAH Cafe Connaught Place,,BILL-OUT001-260306-0032,32,Delivery/Takeaway,,2026-03-06 10:25:00,2026-03-06 10:44:00,Cold Coffee,Caramel Cold Coffee - Medium,MENU0049,Beverage,Menu Item,320.0,3.0,960.0,16.32,Bill Discount,Synthetic promotion,943.68,47.18,0,0,0,0,990.86,,,,,
Delhi,ABNAH Cafe Connaught Place,,BILL-OUT001-260306-0033,33,Dine In,T01,2026-03-06 10:23:00,2026-03-06 10:49:00,Tea,Masala Chai Latte - Regular,MENU0051,Beverage,Menu Item,195.0,1.0,195.0,9.94,Bill Discount,Synthetic promotion,185.06,9.25,0,0,0,0,194.31,,,,,
Delhi,ABNAH Cafe Connaught Place,,BILL-OUT001-260306-0034,34,Delivery/Takeaway,,2026-03-06 10:54:00,2026-03-06 11:02:00,Tea,Masala Chai Latte - Medium,MENU0052,Beverage,Menu Item,220.0,2.0,440.0,14.15,Bill Discount,Synthetic promotion,425.85,21.29,0,0,0,0,447.14,,,,,
Delhi,ABNAH Cafe Connaught Place,,BILL-OUT001-260306-0035,35,Delivery/Takeaway,,2026-03-06 15:43:00,2026-03-06 16:19:00,Tea,Himalayan Green Tea,MENU0054,Beverage,Menu Item,210.0,2.0,420.0,6.38,Bill Discount,Synthetic promotion,413.62,20.68,0,0,0,0,434.3,,,,,
Delhi,ABNAH Cafe Connaught Place,,BILL-OUT001-260306-0036,36,Dine In,T03,2026-03-06 10:35:00,2026-03-06 11:18:00,Tea,Japanese Matcha Latte - Medium,MENU0056,Beverage,Menu Item,296.8,1.0,296.8,0.0,,,296.8,14.84,0,0,0,0,311.64,,,,,
Delhi,ABNAH Cafe Connaught Place,,BILL-OUT001-260306-0037,37,Dine In,T12,2026-03-06 11:32:00,2026-03-06 11:48:00,Iced Tea,Lemon Iced Tea - Regular,MENU0058,Beverage,Menu Item,205.0,1.0,205.0,5.77,Bill Discount,Synthetic promotion,199.23,9.96,0,0,0,0,209.19,,,,,
Delhi,ABNAH Cafe Connaught Place,,BILL-OUT001-260306-0038,38,Delivery/Takeaway,,2026-03-06 10:51:00,2026-03-06 11:12:00,Iced Tea,Hibiscus Lime Iced Tea - Medium,MENU0062,Beverage,Menu Item,250.0,1.0,250.0,2.81,Bill Discount,Synthetic promotion,247.19,12.36,0,0,0,0,259.55,,,,,
Delhi,ABNAH Cafe Connaught Place,,BILL-OUT001-260306-0039,39,Delivery/Takeaway,,2026-03-06 16:07:00,2026-03-06 16:39:00,Shake,Choco Chip Shake - Regular,MENU0068,Beverage,Menu Item,295.0,1.0,295.0,4.3,Bill Discount,Synthetic promotion,290.7,14.54,0,0,0,0,305.24,,,,,
Delhi,ABNAH Cafe Connaught Place,,BILL-OUT001-260306-0040,40,Delivery/Takeaway,,2026-03-06 19:32:00,2026-03-06 20:15:00,Shake,Mixed Berry Shake - Medium,MENU0072,Beverage,Menu Item,356.14,1.0,356.14,0.0,,,356.14,17.81,0,0,0,0,373.95,,,,,
Delhi,ABNAH Cafe Connaught Place,,BILL-OUT001-260306-0041,41,Dine In,T06,2026-03-06 18:19:00,2026-03-06 18:47:00,Shake,Mixed Berry Shake - Large,MENU0073,Beverage,Menu Item,392.39,1.0,392.39,0.0,,,392.39,19.62,0,0,0,0,412.01,,,,,
Delhi,ABNAH Cafe Connaught Place,,BILL-OUT001-260306-0042,42,Dine In,T08,2026-03-06 15:57:00,2026-03-06 16:24:00,Smoothie,Seasonal Smoothie - Regular,MENU0074,Beverage,Menu Item,305.0,1.0,305.0,2.13,Bill Discount,Synthetic promotion,302.87,15.14,0,0,0,0,318.01,,,,,
Delhi,ABNAH Cafe Connaught Place,,BILL-OUT001-260306-0043,43,Delivery/Takeaway,,2026-03-06 17:36:00,2026-03-06 18:14:00,Wraps,Spicy Paneer Wrap,MENU0077,Food,Menu Item,279.72,1.0,279.72,0.0,,,279.72,13.99,0,0,0,0,293.71,,,,,
Delhi,ABNAH Cafe Connaught Place,,BILL-OUT001-260306-0044,44,Delivery/Takeaway,,2026-03-06 18:53:00,2026-03-06 19:40:00,Sandwiches,Smoked Chipotle Paneer Sandwich,MENU0079,Food,Menu Item,299.96,1.0,299.96,0.0,,,299.96,15.0,0,0,0,0,314.96,,,,,
Delhi,ABNAH Cafe Connaught Place,,BILL-OUT001-260306-0045,45,Delivery/Takeaway,,2026-03-06 15:49:00,2026-03-06 16:15:00,Sandwiches,Pepper Chicken Sandwich,MENU0081,Food,Menu Item,315.0,2.0,630.0,17.57,Bill Discount,Synthetic promotion,612.43,30.62,0,0,0,0,643.05,,,,,
Delhi,ABNAH Cafe Connaught Place,,BILL-OUT001-260306-0046,46,Delivery/Takeaway,,2026-03-06 08:14:00,2026-03-06 08:43:00,Sandwiches,Tandoori Chicken Sandwich,MENU0082,Food,Menu Item,320.0,2.0,640.0,14.78,Bill Discount,Synthetic promotion,625.22,31.26,0,0,0,0,656.48,,,,,
Delhi,ABNAH Cafe Connaught Place,,BILL-OUT001-260306-0047,47,Dine In,T06,2026-03-06 11:32:00,2026-03-06 12:16:00,Breakfast,Breakfast Pancakes,MENU0086,Food,Menu Item,287.14,1.0,287.14,0.0,,,287.14,14.36,0,0,0,0,301.5,,,,,
Delhi,ABNAH Cafe Connaught Place,,BILL-OUT001-260306-0048,48,Delivery/Takeaway,,2026-03-06 14:33:00,2026-03-06 15:19:00,Breakfast,Scallion Pepper Cream Cheese Bagel,MENU0088,Food,Menu Item,265.0,1.0,265.0,0.64,Bill Discount,Synthetic promotion,264.36,13.22,0,0,0,0,277.58,,,,,
Delhi,ABNAH Cafe Connaught Place,,BILL-OUT001-260306-0049,49,Dine In,T22,2026-03-06 14:44:00,2026-03-06 14:58:00,Breakfast,Masala Egg Bun,MENU0089,Food,Menu Item,226.71,1.0,226.71,0.0,,,226.71,11.34,0,0,0,0,238.05,,,,,
Delhi,ABNAH Cafe Connaught Place,,BILL-OUT001-260306-0050,50,Delivery/Takeaway,,2026-03-06 17:59:00,2026-03-06 18:48:00,Snacks,Marinara Cheese Pin Wheels,MENU0090,Food,Menu Item,215.0,1.0,215.0,12.08,Bill Discount,Synthetic promotion,202.92,10.15,0,0,0,0,213.07,,,,,
Delhi,ABNAH Cafe Connaught Place,,BILL-OUT001-260306-0051,51,Dine In,T14,2026-03-06 13:28:00,2026-03-06 14:11:00,Snacks,Pesto Sundried Tomato Pin Wheel,MENU0091,Food,Menu Item,228.43,1.0,228.43,0.0,,,228.43,11.42,0,0,0,0,239.85,,,,,
Delhi,ABNAH Cafe Connaught Place,,BILL-OUT001-260306-0052,52,Delivery/Takeaway,,2026-03-06 11:24:00,2026-03-06 11:42:00,Snacks,Turnover with Brioche Dough Veg,MENU0093,Food,Menu Item,235.0,1.0,235.0,2.22,Bill Discount,Synthetic promotion,232.78,11.64,0,0,0,0,244.42,,,,,
Delhi,ABNAH Cafe Connaught Place,,BILL-OUT001-260306-0053,53,Delivery/Takeaway,,2026-03-06 08:41:00,2026-03-06 09:22:00,Baked Goods,Butter Croissant,MENU0094,Food,Menu Item,195.0,1.0,195.0,0.76,Bill Discount,Synthetic promotion,194.24,9.71,0,0,0,0,203.95,,,,,
Delhi,ABNAH Cafe Connaught Place,,BILL-OUT001-260306-0054,54,Dine In,T19,2026-03-06 11:08:00,2026-03-06 11:51:00,Baked Goods,Mushroom Cheese Croissant,MENU0097,Food,Menu Item,255.0,1.0,255.0,13.96,Bill Discount,Synthetic promotion,241.04,12.05,0,0,0,0,253.09,,,,,
Delhi,ABNAH Cafe Connaught Place,,BILL-OUT001-260306-0055,55,Delivery/Takeaway,,2026-03-06 08:34:00,2026-03-06 08:52:00,Baked Goods,Cinnamon Roll with Cream Cheese,MENU0099,Dessert,Menu Item,221.02,1.0,221.02,0.0,,,221.02,11.05,0,0,0,0,232.07,,,,,
Delhi,ABNAH Cafe Connaught Place,,BILL-OUT001-260306-0056,56,Delivery/Takeaway,,2026-03-06 16:01:00,2026-03-06 16:37:00,Desserts,Double Chocolate Truffle Cake,MENU0102,Dessert,Menu Item,296.04,1.0,296.04,0.0,,,296.04,14.8,0,0,0,0,310.84,,,,,
Delhi,ABNAH Cafe Connaught Place,,BILL-OUT001-260306-0057,57,Delivery/Takeaway,,2026-03-06 15:04:00,2026-03-06 15:28:00,Desserts,Basque Cheesecake,MENU0109,Dessert,Menu Item,312.17,1.0,312.17,0.0,,,312.17,15.61,0,0,0,0,327.78,,,,,
Delhi,ABNAH Cafe Connaught Place,,BILL-OUT001-260306-0058,58,Dine In,T11,2026-03-06 09:32:00,2026-03-06 09:50:00,Baked Goods,Multigrain Walnut Tea Cake,MENU0110,Dessert,Menu Item,225.0,1.0,225.0,7.2,Bill Discount,Synthetic promotion,217.8,10.89,0,0,0,0,228.69,,,,,
Delhi,ABNAH Cafe Connaught Place,,BILL-OUT001-260307-0001,1,Delivery/Takeaway,,2026-03-07 15:04:00,2026-03-07 15:52:00,Coffee Classics,Americano - Regular,MENU0003,Beverage,Menu Item,186.15,3.0,558.45,0.01,Bill Discount,Synthetic promotion,558.44,27.92,0,0,0,0,586.36,,,,,
Delhi,ABNAH Cafe Connaught Place,,BILL-OUT001-260307-0002,2,Delivery/Takeaway,,2026-03-07 10:12:00,2026-03-07 10:31:00,Coffee Classics,Americano - Medium,MENU0004,Beverage,Menu Item,210.0,2.0,420.0,13.28,Bill Discount,Synthetic promotion,406.72,20.34,0,0,0,0,427.06,,,,,
Delhi,ABNAH Cafe Connaught Place,,BILL-OUT001-260307-0003,3,Dine In,T17,2026-03-07 11:06:00,2026-03-07 11:34:00,Coffee Classics,Latte - Regular,MENU0006,Beverage,Menu Item,225.0,2.0,450.0,22.18,Bill Discount,Synthetic promotion,427.82,21.39,0,0,0,0,449.21,,,,,
Delhi,ABNAH Cafe Connaught Place,,BILL-OUT001-260307-0004,4,Delivery/Takeaway,,2026-03-07 17:08:00,2026-03-07 17:52:00,Coffee Classics,Latte - Medium,MENU0007,Beverage,Menu Item,250.0,1.0,250.0,8.77,Bill Discount,Synthetic promotion,241.23,12.06,0,0,0,0,253.29,,,,,
Delhi,ABNAH Cafe Connaught Place,,BILL-OUT001-260307-0005,5,Dine In,T15,2026-03-07 19:27:00,2026-03-07 20:10:00,Coffee Classics,Cappuccino - Regular,MENU0009,Beverage,Menu Item,225.0,5.0,1125.0,26.22,Bill Discount,Synthetic promotion,1098.78,54.94,0,0,0,0,1153.72,,,,,
Delhi,ABNAH Cafe Connaught Place,,BILL-OUT001-260307-0006,6,Delivery/Takeaway,,2026-03-07 10:54:00,2026-03-07 11:24:00,Coffee Classics,Cappuccino - Medium,MENU0010,Beverage,Menu Item,251.53,2.0,503.06,0.0,,,503.07,25.15,0,0,0,0,528.22,,,,,
Delhi,ABNAH Cafe Connaught Place,,BILL-OUT001-260307-0007,7,Delivery/Takeaway,,2026-03-07 16:33:00,2026-03-07 16:53:00,Coffee Classics,Flat White - Regular,MENU0012,Beverage,Menu Item,235.0,1.0,235.0,7.11,Bill Discount,Synthetic promotion,227.89,11.39,0,0,0,0,239.28,,,,,
Delhi,ABNAH Cafe Connaught Place,,BILL-OUT001-260307-0008,8,Delivery/Takeaway,,2026-03-07 10:36:00,2026-03-07 11:06:00,Coffee Classics,Mocha - Regular,MENU0015,Beverage,Menu Item,245.0,3.0,735.0,3.6,Bill Discount,Synthetic promotion,731.4,36.57,0,0,0,0,767.97,,,,,
Delhi,ABNAH Cafe Connaught Place,,BILL-OUT001-260307-0009,9,Dine In,T07,2026-03-07 14:15:00,2026-03-07 14:24:00,Coffee Classics,Mocha - Medium,MENU0016,Beverage,Menu Item,270.46,2.0,540.92,0.0,,,540.92,27.05,0,0,0,0,567.97,,,,,
Delhi,ABNAH Cafe Connaught Place,,BILL-OUT001-260307-0010,10,Dine In,T06,2026-03-07 17:34:00,2026-03-07 18:02:00,Coffee Classics,Mocha - Large,MENU0017,Beverage,Menu Item,295.0,2.0,590.0,7.53,Bill Discount,Synthetic promotion,582.47,29.12,0,0,0,0,611.59,,,,,
Delhi,ABNAH Cafe Connaught Place,,BILL-OUT001-260307-0011,11,Delivery/Takeaway,,2026-03-07 09:02:00,2026-03-07 09:42:00,Signature Coffee,Orange Zest Mocha - Regular,MENU0021,Beverage,Menu Item,270.0,1.0,270.0,3.66,Bill Discount,Synthetic promotion,266.34,13.32,0,0,0,0,279.66,,,,,
Delhi,ABNAH Cafe Connaught Place,,BILL-OUT001-260307-0012,12,Delivery/Takeaway,,2026-03-07 17:39:00,2026-03-07 18:20:00,Signature Coffee,Orange Zest Mocha - Medium,MENU0022,Beverage,Menu Item,300.0,1.0,300.0,17.33,Bill Discount,Synthetic promotion,282.67,14.13,0,0,0,0,296.8,,,,,
Delhi,ABNAH Cafe Connaught Place,,BILL-OUT001-260307-0013,13,Delivery/Takeaway,,2026-03-07 18:53:00,2026-03-07 19:30:00,Signature Coffee,Caramel Macchiato - Medium,MENU0025,Beverage,Menu Item,295.0,1.0,295.0,14.84,Bill Discount,Synthetic promotion,280.16,14.01,0,0,0,0,294.17,,,,,
Delhi,ABNAH Cafe Connaught Place,,BILL-OUT001-260307-0014,14,Delivery/Takeaway,,2026-03-07 18:49:00,2026-03-07 19:34:00,Signature Coffee,Caramel Macchiato - Large,MENU0026,Beverage,Menu Item,325.0,2.0,650.0,13.43,Bill Discount,Synthetic promotion,636.57,31.83,0,0,0,0,668.4,,,,,
Delhi,ABNAH Cafe Connaught Place,,BILL-OUT001-260307-0015,15,Delivery/Takeaway,,2026-03-07 09:17:00,2026-03-07 09:39:00,Signature Coffee,French Vanilla Latte - Large,MENU0029,Beverage,Menu Item,330.42,1.0,330.42,0.0,,,330.42,16.52,0,0,0,0,346.94,,,,,
Delhi,ABNAH Cafe Connaught Place,,BILL-OUT001-260307-0016,16,Delivery/Takeaway,,2026-03-07 08:32:00,2026-03-07 08:52:00,Signature Coffee,Vegan Iced Latte - Regular,MENU0030,Beverage,Menu Item,285.0,2.0,570.0,31.87,Bill Discount,Synthetic promotion,538.13,26.91,0,0,0,0,565.04,,,,,
Delhi,ABNAH Cafe Connaught Place,,BILL-OUT001-260307-0017,17,Delivery/Takeaway,,2026-03-07 09:20:00,2026-03-07 10:01:00,Signature Coffee,Vegan Iced Latte - Medium,MENU0031,Beverage,Menu Item,310.0,1.0,310.0,0.09,Bill Discount,Synthetic promotion,309.91,15.5,0,0,0,0,325.41,,,,,
Delhi,ABNAH Cafe Connaught Place,,BILL-OUT001-260307-0018,18,Dine In,T24,2026-03-07 13:31:00,2026-03-07 13:55:00,Cold Brew,Classic Cold Brew - Regular,MENU0033,Beverage,Menu Item,228.58,1.0,228.58,0.0,,,228.58,11.43,0,0,0,0,240.01,,,,,
Delhi,ABNAH Cafe Connaught Place,,BILL-OUT001-260307-0019,19,Delivery/Takeaway,,2026-03-07 16:55:00,2026-03-07 17:20:00,Cold Brew,Classic Cold Brew - Medium,MENU0034,Beverage,Menu Item,250.0,1.0,250.0,1.04,Bill Discount,Synthetic promotion,248.96,12.45,0,0,0,0,261.41,,,,,
Delhi,ABNAH Cafe Connaught Place,,BILL-OUT001-260307-0020,20,Delivery/Takeaway,,2026-03-07 17:44:00,2026-03-07 18:14:00,Cold Brew,Coffee Lemonade - Regular,MENU0036,Beverage,Menu Item,235.0,4.0,940.0,51.73,Bill Discount,Synthetic promotion,888.27,44.41,0,0,0,0,932.68,,,,,
Delhi,ABNAH Cafe Connaught Place,,BILL-OUT001-260307-0021,21,Delivery/Takeaway,,2026-03-07 09:50:00,2026-03-07 10:07:00,Cold Coffee,Classic Cold Coffee - Large,MENU0044,Beverage,Menu Item,327.88,2.0,655.76,0.0,,,655.77,32.79,0,0,0,0,688.56,,,,,
Delhi,ABNAH Cafe Connaught Place,,BILL-OUT001-260307-0022,22,Delivery/Takeaway,,2026-03-07 15:04:00,2026-03-07 15:48:00,Cold Coffee,Mocha Cold Coffee - Regular,MENU0045,Beverage,Menu Item,285.0,1.0,285.0,16.76,Bill Discount,Synthetic promotion,268.24,13.41,0,0,0,0,281.65,,,,,
Delhi,ABNAH Cafe Connaught Place,,BILL-OUT001-260307-0023,23,Delivery/Takeaway,,2026-03-07 12:22:00,2026-03-07 13:11:00,Cold Coffee,Mocha Cold Coffee - Large,MENU0047,Beverage,Menu Item,355.0,1.0,355.0,18.38,Bill Discount,Synthetic promotion,336.62,16.83,0,0,0,0,353.45,,,,,
Delhi,ABNAH Cafe Connaught Place,,BILL-OUT001-260307-0024,24,Dine In,T21,2026-03-07 09:53:00,2026-03-07 10:03:00,Cold Coffee,Caramel Cold Coffee - Medium,MENU0049,Beverage,Menu Item,325.37,1.0,325.37,0.0,,,325.37,16.27,0,0,0,0,341.64,,,,,
Delhi,ABNAH Cafe Connaught Place,,BILL-OUT001-260307-0025,25,Dine In,T04,2026-03-07 08:57:00,2026-03-07 09:33:00,Cold Coffee,Caramel Cold Coffee - Large,MENU0050,Beverage,Menu Item,355.0,1.0,355.0,8.49,Bill Discount,Synthetic promotion,346.51,17.33,0,0,0,0,363.84,,,,,
Delhi,ABNAH Cafe Connaught Place,,BILL-OUT001-260307-0026,26,Delivery/Takeaway,,2026-03-07 11:43:00,2026-03-07 12:31:00,Tea,Masala Chai Latte - Medium,MENU0052,Beverage,Menu Item,220.0,1.0,220.0,4.19,Bill Discount,Synthetic promotion,215.81,10.79,0,0,0,0,226.6,,,,,
Delhi,ABNAH Cafe Connaught Place,,BILL-OUT001-260307-0027,27,Dine In,T02,2026-03-07 08:39:00,2026-03-07 09:25:00,Tea,Masala Chai Latte - Large,MENU0053,Beverage,Menu Item,245.29,2.0,490.58,0.0,,,490.59,24.53,0,0,0,0,515.12,,,,,
Delhi,ABNAH Cafe Connaught Place,,BILL-OUT001-260307-0028,28,Delivery/Takeaway,,2026-03-07 12:13:00,2026-03-07 12:33:00,Tea,Himalayan Green Tea,MENU0054,Beverage,Menu Item,210.0,1.0,210.0,11.7,Bill Discount,Synthetic promotion,198.3,9.91,0,0,0,0,208.21,,,,,
Delhi,ABNAH Cafe Connaught Place,,BILL-OUT001-260307-0029,29,Delivery/Takeaway,,2026-03-07 15:53:00,2026-03-07 16:17:00,Iced Tea,Lemon Iced Tea - Regular,MENU0058,Beverage,Menu Item,205.0,1.0,205.0,3.62,Bill Discount,Synthetic promotion,201.38,10.07,0,0,0,0,211.45,,,,,
Delhi,ABNAH Cafe Connaught Place,,BILL-OUT001-260307-0030,30,Dine In,T14,2026-03-07 13:19:00,2026-03-07 13:35:00,Iced Tea,Lemon Iced Tea - Medium,MENU0059,Beverage,Menu Item,233.91,1.0,233.91,0.0,,,233.91,11.7,0,0,0,0,245.61,,,,,
Delhi,ABNAH Cafe Connaught Place,,BILL-OUT001-260307-0031,31,Delivery/Takeaway,,2026-03-07 13:20:00,2026-03-07 13:28:00,Iced Tea,Hibiscus Lime Iced Tea - Medium,MENU0062,Beverage,Menu Item,250.0,1.0,250.0,5.11,Bill Discount,Synthetic promotion,244.89,12.24,0,0,0,0,257.13,,,,,
Delhi,ABNAH Cafe Connaught Place,,BILL-OUT001-260307-0032,32,Delivery/Takeaway,,2026-03-07 18:22:00,2026-03-07 18:49:00,Shake,Choco Chip Shake - Medium,MENU0069,Beverage,Menu Item,330.0,1.0,330.0,15.02,Bill Discount,Synthetic promotion,314.98,15.75,0,0,0,0,330.73,,,,,
Delhi,ABNAH Cafe Connaught Place,,BILL-OUT001-260307-0033,33,Delivery/Takeaway,,2026-03-07 14:49:00,2026-03-07 15:19:00,Shake,Choco Chip Shake - Large,MENU0070,Beverage,Menu Item,368.24,1.0,368.24,0.0,,,368.24,18.41,0,0,0,0,386.65,,,,,
Delhi,ABNAH Cafe Connaught Place,,BILL-OUT001-260307-0034,34,Delivery/Takeaway,,2026-03-07 08:49:00,2026-03-07 09:30:00,Shake,Mixed Berry Shake - Regular,MENU0071,Beverage,Menu Item,315.0,1.0,315.0,13.05,Bill Discount,Synthetic promotion,301.95,15.1,0,0,0,0,317.05,,,,,
Delhi,ABNAH Cafe Connaught Place,,BILL-OUT001-260307-0035,35,Delivery/Takeaway,,2026-03-07 16:03:00,2026-03-07 16:28:00,Smoothie,Seasonal Smoothie - Regular,MENU0074,Beverage,Menu Item,305.0,1.0,305.0,5.14,Bill Discount,Synthetic promotion,299.86,14.99,0,0,0,0,314.85,,,,,
Delhi,ABNAH Cafe Connaught Place,,BILL-OUT001-260307-0036,36,Delivery/Takeaway,,2026-03-07 09:13:00,2026-03-07 09:22:00,Smoothie,Seasonal Smoothie - Large,MENU0076,Beverage,Menu Item,375.0,1.0,375.0,22.01,Bill Discount,Synthetic promotion,352.99,17.65,0,0,0,0,370.64,,,,,
Delhi,ABNAH Cafe Connaught Place,,BILL-OUT001-260307-0037,37,Dine In,T01,2026-03-07 10:17:00,2026-03-07 10:33:00,Sandwiches,Smoked Chipotle Paneer Sandwich,MENU0079,Food,Menu Item,300.89,1.0,300.89,0.0,,,300.89,15.04,0,0,0,0,315.93,,,,,
Delhi,ABNAH Cafe Connaught Place,,BILL-OUT001-260307-0038,38,Delivery/Takeaway,,2026-03-07 09:15:00,2026-03-07 09:38:00,Sandwiches,Pepper Chicken Sandwich,MENU0081,Food,Menu Item,316.53,1.0,316.53,0.0,,,316.53,15.83,0,0,0,0,332.36,,,,,
Delhi,ABNAH Cafe Connaught Place,,BILL-OUT001-260307-0039,39,Delivery/Takeaway,,2026-03-07 17:11:00,2026-03-07 17:46:00,Sandwiches,Tandoori Chicken Sandwich,MENU0082,Food,Menu Item,320.0,2.0,640.0,35.5,Bill Discount,Synthetic promotion,604.5,30.23,0,0,0,0,634.73,,,,,
Delhi,ABNAH Cafe Connaught Place,,BILL-OUT001-260307-0040,40,Dine In,T23,2026-03-07 16:41:00,2026-03-07 17:20:00,Platter,Hummus and Pita Platter,MENU0085,Food,Menu Item,310.0,1.0,310.0,13.86,Bill Discount,Synthetic promotion,296.14,14.81,0,0,0,0,310.95,,,,,
Delhi,ABNAH Cafe Connaught Place,,BILL-OUT001-260307-0041,41,Dine In,T13,2026-03-07 08:06:00,2026-03-07 08:48:00,Snacks,Turnover with Brioche Dough Veg,MENU0093,Food,Menu Item,235.0,1.0,235.0,10.3,Bill Discount,Synthetic promotion,224.7,11.23,0,0,0,0,235.93,,,,,
Delhi,ABNAH Cafe Connaught Place,,BILL-OUT001-260307-0042,42,Delivery/Takeaway,,2026-03-07 12:39:00,2026-03-07 12:49:00,Baked Goods,Sriracha Chicken Croissant,MENU0098,Food,Menu Item,277.86,1.0,277.86,0.0,,,277.86,13.89,0,0,0,0,291.75,,,,,
Delhi,ABNAH Cafe Connaught Place,,BILL-OUT001-260307-0043,43,Delivery/Takeaway,,2026-03-07 17:44:00,2026-03-07 18:04:00,Baked Goods,Cinnamon Roll with Cream Cheese,MENU0099,Dessert,Menu Item,220.0,2.0,440.0,16.29,Bill Discount,Synthetic promotion,423.71,21.19,0,0,0,0,444.9,,,,,
Delhi,ABNAH Cafe Connaught Place,,BILL-OUT001-260307-0044,44,Delivery/Takeaway,,2026-03-07 13:25:00,2026-03-07 14:00:00,Baked Goods,Lemon Raspberry Tea Cake,MENU0101,Dessert,Menu Item,215.0,1.0,215.0,3.37,Bill Discount,Synthetic promotion,211.63,10.58,0,0,0,0,222.21,,,,,
Delhi,ABNAH Cafe Connaught Place,,BILL-OUT001-260307-0045,45,Delivery/Takeaway,,2026-03-07 10:11:00,2026-03-07 10:31:00,Desserts,Banoffee Pie,MENU0103,Dessert,Menu Item,285.0,1.0,285.0,10.64,Bill Discount,Synthetic promotion,274.36,13.72,0,0,0,0,288.08,,,,,
Delhi,ABNAH Cafe Connaught Place,,BILL-OUT001-260307-0046,46,Delivery/Takeaway,,2026-03-07 14:19:00,2026-03-07 15:03:00,Desserts,Classic Chocolate Fudge Brownie,MENU0104,Dessert,Menu Item,195.0,1.0,195.0,5.38,Bill Discount,Synthetic promotion,189.62,9.48,0,0,0,0,199.1,,,,,
Delhi,ABNAH Cafe Connaught Place,,BILL-OUT001-260307-0047,47,Dine In,T18,2026-03-07 17:36:00,2026-03-07 17:45:00,Desserts,Apple Pie,MENU0108,Dessert,Menu Item,270.0,1.0,270.0,4.35,Bill Discount,Synthetic promotion,265.65,13.28,0,0,0,0,278.93,,,,,
Delhi,ABNAH Cafe Connaught Place,,BILL-OUT001-260308-0001,1,Dine In,T07,2026-03-08 14:38:00,2026-03-08 15:16:00,Coffee Classics,Americano - Regular,MENU0003,Beverage,Menu Item,185.0,4.0,740.0,19.79,Bill Discount,Synthetic promotion,720.21,36.01,0,0,0,0,756.22,,,,,
Delhi,ABNAH Cafe Connaught Place,,BILL-OUT001-260308-0002,2,Dine In,T06,2026-03-08 10:20:00,2026-03-08 10:31:00,Coffee Classics,Americano - Medium,MENU0004,Beverage,Menu Item,210.0,2.0,420.0,1.28,Bill Discount,Synthetic promotion,418.72,20.94,0,0,0,0,439.66,,,,,
Delhi,ABNAH Cafe Connaught Place,,BILL-OUT001-260308-0003,3,Dine In,T01,2026-03-08 14:55:00,2026-03-08 15:19:00,Coffee Classics,Latte - Regular,MENU0006,Beverage,Menu Item,225.0,1.0,225.0,10.9,Bill Discount,Synthetic promotion,214.1,10.71,0,0,0,0,224.81,,,,,
Delhi,ABNAH Cafe Connaught Place,,BILL-OUT001-260308-0004,4,Delivery/Takeaway,,2026-03-08 13:53:00,2026-03-08 14:39:00,Coffee Classics,Latte - Large,MENU0008,Beverage,Menu Item,275.0,1.0,275.0,2.58,Bill Discount,Synthetic promotion,272.42,13.62,0,0,0,0,286.04,,,,,
Delhi,ABNAH Cafe Connaught Place,,BILL-OUT001-260308-0005,5,Delivery/Takeaway,,2026-03-08 10:38:00,2026-03-08 11:05:00,Coffee Classics,Cappuccino - Regular,MENU0009,Beverage,Menu Item,225.0,2.0,450.0,7.65,Bill Discount,Synthetic promotion,442.35,22.12,0,0,0,0,464.47,,,,,
Delhi,ABNAH Cafe Connaught Place,,BILL-OUT001-260308-0006,6,Dine In,T19,2026-03-08 13:17:00,2026-03-08 13:58:00,Coffee Classics,Cappuccino - Large,MENU0011,Beverage,Menu Item,275.73,1.0,275.73,0.0,,,275.73,13.79,0,0,0,0,289.52,,,,,
Delhi,ABNAH Cafe Connaught Place,,BILL-OUT001-260308-0007,7,Dine In,T13,2026-03-08 08:48:00,2026-03-08 09:15:00,Coffee Classics,Flat White - Regular,MENU0012,Beverage,Menu Item,235.0,1.0,235.0,2.37,Bill Discount,Synthetic promotion,232.63,11.63,0,0,0,0,244.26,,,,,
Delhi,ABNAH Cafe Connaught Place,,BILL-OUT001-260308-0008,8,Delivery/Takeaway,,2026-03-08 19:14:00,2026-03-08 19:46:00,Coffee Classics,Flat White - Medium,MENU0013,Beverage,Menu Item,260.0,1.0,260.0,9.23,Bill Discount,Synthetic promotion,250.77,12.54,0,0,0,0,263.31,,,,,
Delhi,ABNAH Cafe Connaught Place,,BILL-OUT001-260308-0009,9,Delivery/Takeaway,,2026-03-08 08:54:00,2026-03-08 09:21:00,Coffee Classics,Flat White - Large,MENU0014,Beverage,Menu Item,285.0,2.0,570.0,29.64,Bill Discount,Synthetic promotion,540.36,27.02,0,0,0,0,567.38,,,,,
Delhi,ABNAH Cafe Connaught Place,,BILL-OUT001-260308-0010,10,Delivery/Takeaway,,2026-03-08 11:35:00,2026-03-08 11:45:00,Coffee Classics,Mocha - Regular,MENU0015,Beverage,Menu Item,245.0,2.0,490.0,26.4,Bill Discount,Synthetic promotion,463.6,23.18,0,0,0,0,486.78,,,,,
Delhi,ABNAH Cafe Connaught Place,,BILL-OUT001-260308-0011,11,Delivery/Takeaway,,2026-03-08 16:12:00,2026-03-08 16:42:00,Coffee Classics,Mocha - Large,MENU0017,Beverage,Menu Item,295.0,1.0,295.0,11.26,Bill Discount,Synthetic promotion,283.74,14.19,0,0,0,0,297.93,,,,,
Delhi,ABNAH Cafe Connaught Place,,BILL-OUT001-260308-0012,12,Dine In,T04,2026-03-08 17:38:00,2026-03-08 18:12:00,Signature Coffee,Sea Salt Mocha - Regular,MENU0018,Beverage,Menu Item,275.0,1.0,275.0,11.36,Bill Discount,Synthetic promotion,263.64,13.18,0,0,0,0,276.82,,,,,
Delhi,ABNAH Cafe Connaught Place,,BILL-OUT001-260308-0013,13,Delivery/Takeaway,,2026-03-08 18:25:00,2026-03-08 18:40:00,Signature Coffee,Sea Salt Mocha - Large,MENU0020,Beverage,Menu Item,335.0,2.0,670.0,39.37,Bill Discount,Synthetic promotion,630.63,31.53,0,0,0,0,662.16,,,,,
Delhi,ABNAH Cafe Connaught Place,,BILL-OUT001-260308-0014,14,Dine In,T07,2026-03-08 13:15:00,2026-03-08 13:25:00,Signature Coffee,French Vanilla Latte - Regular,MENU0027,Beverage,Menu Item,265.0,1.0,265.0,8.54,Bill Discount,Synthetic promotion,256.46,12.82,0,0,0,0,269.28,,,,,
Delhi,ABNAH Cafe Connaught Place,,BILL-OUT001-260308-0015,15,Dine In,T03,2026-03-08 16:29:00,2026-03-08 17:07:00,Signature Coffee,French Vanilla Latte - Medium,MENU0028,Beverage,Menu Item,295.0,1.0,295.0,1.03,Bill Discount,Synthetic promotion,293.97,14.7,0,0,0,0,308.67,,,,,
Delhi,ABNAH Cafe Connaught Place,,BILL-OUT001-260308-0016,16,Dine In,T22,2026-03-08 15:30:00,2026-03-08 16:16:00,Signature Coffee,French Vanilla Latte - Large,MENU0029,Beverage,Menu Item,325.0,1.0,325.0,6.87,Bill Discount,Synthetic promotion,318.13,15.91,0,0,0,0,334.04,,,,,
Delhi,ABNAH Cafe Connaught Place,,BILL-OUT001-260308-0017,17,Delivery/Takeaway,,2026-03-08 14:06:00,2026-03-08 14:15:00,Cold Coffee,Classic Cold Coffee - Medium,MENU0043,Beverage,Menu Item,290.0,1.0,290.0,10.96,Bill Discount,Synthetic promotion,279.04,13.95,0,0,0,0,292.99,,,,,
Delhi,ABNAH Cafe Connaught Place,,BILL-OUT001-260308-0018,18,Delivery/Takeaway,,2026-03-08 17:51:00,2026-03-08 18:00:00,Cold Coffee,Classic Cold Coffee - Large,MENU0044,Beverage,Menu Item,331.29,1.0,331.29,0.0,,,331.29,16.56,0,0,0,0,347.85,,,,,
Delhi,ABNAH Cafe Connaught Place,,BILL-OUT001-260308-0019,19,Dine In,T15,2026-03-08 11:32:00,2026-03-08 11:59:00,Cold Coffee,Mocha Cold Coffee - Regular,MENU0045,Beverage,Menu Item,285.0,2.0,570.0,19.81,Bill Discount,Synthetic promotion,550.19,27.51,0,0,0,0,577.7,,,,,
Delhi,ABNAH Cafe Connaught Place,,BILL-OUT001-260308-0020,20,Dine In,T03,2026-03-08 18:29:00,2026-03-08 18:58:00,Cold Coffee,Caramel Cold Coffee - Medium,MENU0049,Beverage,Menu Item,320.0,1.0,320.0,13.68,Bill Discount,Synthetic promotion,306.32,15.32,0,0,0,0,321.64,,,,,
Delhi,ABNAH Cafe Connaught Place,,BILL-OUT001-260308-0021,21,Dine In,T24,2026-03-08 14:34:00,2026-03-08 14:54:00,Tea,Masala Chai Latte - Medium,MENU0052,Beverage,Menu Item,220.0,1.0,220.0,12.74,Bill Discount,Synthetic promotion,207.26,10.36,0,0,0,0,217.62,,,,,
Delhi,ABNAH Cafe Connaught Place,,BILL-OUT001-260308-0022,22,Delivery/Takeaway,,2026-03-08 15:18:00,2026-03-08 16:01:00,Tea,Himalayan Green Tea,MENU0054,Beverage,Menu Item,211.11,2.0,422.22,0.0,,,422.22,21.11,0,0,0,0,443.33,,,,,
Delhi,ABNAH Cafe Connaught Place,,BILL-OUT001-260308-0023,23,Dine In,T22,2026-03-08 17:36:00,2026-03-08 17:44:00,Iced Tea,Lemon Iced Tea - Regular,MENU0058,Beverage,Menu Item,207.75,1.0,207.75,0.0,,,207.75,10.39,0,0,0,0,218.14,,,,,
Delhi,ABNAH Cafe Connaught Place,,BILL-OUT001-260308-0024,24,Delivery/Takeaway,,2026-03-08 14:06:00,2026-03-08 14:42:00,Shake,Choco Chip Shake - Medium,MENU0069,Beverage,Menu Item,330.0,1.0,330.0,9.48,Bill Discount,Synthetic promotion,320.52,16.03,0,0,0,0,336.55,,,,,
Delhi,ABNAH Cafe Connaught Place,,BILL-OUT001-260308-0025,25,Delivery/Takeaway,,2026-03-08 18:19:00,2026-03-08 18:45:00,Smoothie,Seasonal Smoothie - Regular,MENU0074,Beverage,Menu Item,307.11,1.0,307.11,0.0,,,307.11,15.36,0,0,0,0,322.47,,,,,
Delhi,ABNAH Cafe Connaught Place,,BILL-OUT001-260308-0026,26,Delivery/Takeaway,,2026-03-08 18:19:00,2026-03-08 18:44:00,Smoothie,Seasonal Smoothie - Medium,MENU0075,Beverage,Menu Item,340.0,1.0,340.0,13.43,Bill Discount,Synthetic promotion,326.57,16.33,0,0,0,0,342.9,,,,,
Delhi,ABNAH Cafe Connaught Place,,BILL-OUT001-260308-0027,27,Delivery/Takeaway,,2026-03-08 12:08:00,2026-03-08 12:45:00,Wraps,Spicy Paneer Wrap,MENU0077,Food,Menu Item,275.0,2.0,550.0,30.7,Bill Discount,Synthetic promotion,519.3,25.96,0,0,0,0,545.26,,,,,
Delhi,ABNAH Cafe Connaught Place,,BILL-OUT001-260308-0028,28,Dine In,T06,2026-03-08 18:46:00,2026-03-08 19:09:00,Breakfast,Cream Cheese Bagel,MENU0087,Food,Menu Item,250.0,2.0,500.0,0.97,Bill Discount,Synthetic promotion,499.03,24.95,0,0,0,0,523.98,,,,,
Delhi,ABNAH Cafe Connaught Place,,BILL-OUT001-260308-0029,29,Delivery/Takeaway,,2026-03-08 09:24:00,2026-03-08 09:54:00,Breakfast,Scallion Pepper Cream Cheese Bagel,MENU0088,Food,Menu Item,267.2,1.0,267.2,0.0,,,267.2,13.36,0,0,0,0,280.56,,,,,
Delhi,ABNAH Cafe Connaught Place,,BILL-OUT001-260308-0030,30,Delivery/Takeaway,,2026-03-08 14:16:00,2026-03-08 14:33:00,Breakfast,Masala Egg Bun,MENU0089,Food,Menu Item,225.0,1.0,225.0,13.41,Bill Discount,Synthetic promotion,211.59,10.58,0,0,0,0,222.17,,,,,
Delhi,ABNAH Cafe Connaught Place,,BILL-OUT001-260308-0031,31,Delivery/Takeaway,,2026-03-08 11:27:00,2026-03-08 11:48:00,Snacks,Turnover with Brioche Dough Chicken,MENU0092,Food,Menu Item,255.0,1.0,255.0,10.87,Bill Discount,Synthetic promotion,244.13,12.21,0,0,0,0,256.34,,,,,
Delhi,ABNAH Cafe Connaught Place,,BILL-OUT001-260308-0032,32,Delivery/Takeaway,,2026-03-08 11:01:00,2026-03-08 11:09:00,Baked Goods,Chocolate Croissant,MENU0096,Food,Menu Item,235.0,1.0,235.0,12.49,Bill Discount,Synthetic promotion,222.51,11.13,0,0,0,0,233.64,,,,,
Delhi,ABNAH Cafe Connaught Place,,BILL-OUT001-260308-0033,33,Delivery/Takeaway,,2026-03-08 10:18:00,2026-03-08 10:27:00,Baked Goods,Mushroom Cheese Croissant,MENU0097,Food,Menu Item,255.0,1.0,255.0,10.45,Bill Discount,Synthetic promotion,244.55,12.23,0,0,0,0,256.78,,,,,
Delhi,ABNAH Cafe Connaught Place,,BILL-OUT001-260308-0034,34,Delivery/Takeaway,,2026-03-08 19:29:00,2026-03-08 19:51:00,Baked Goods,Cinnamon Roll with Cream Cheese,MENU0099,Dessert,Menu Item,220.0,1.0,220.0,11.31,Bill Discount,Synthetic promotion,208.69,10.43,0,0,0,0,219.12,,,,,
Delhi,ABNAH Cafe Connaught Place,,BILL-OUT001-260308-0035,35,Delivery/Takeaway,,2026-03-08 11:37:00,2026-03-08 12:04:00,Baked Goods,Lemon Raspberry Tea Cake,MENU0101,Dessert,Menu Item,215.0,1.0,215.0,0.63,Bill Discount,Synthetic promotion,214.37,10.72,0,0,0,0,225.09,,,,,
Delhi,ABNAH Cafe Connaught Place,,BILL-OUT001-260308-0036,36,Delivery/Takeaway,,2026-03-08 10:31:00,2026-03-08 10:45:00,Desserts,Double Chocolate Truffle Cake,MENU0102,Dessert,Menu Item,295.0,1.0,295.0,5.0,Bill Discount,Synthetic promotion,290.0,14.5,0,0,0,0,304.5,,,,,
Delhi,ABNAH Cafe Connaught Place,,BILL-OUT001-260308-0037,37,Delivery/Takeaway,,2026-03-08 11:52:00,2026-03-08 12:05:00,Desserts,Banoffee Pie,MENU0103,Dessert,Menu Item,285.0,1.0,285.0,14.59,Bill Discount,Synthetic promotion,270.41,13.52,0,0,0,0,283.93,,,,,
Delhi,ABNAH Cafe Connaught Place,,BILL-OUT001-260308-0038,38,Dine In,T20,2026-03-08 17:20:00,2026-03-08 17:50:00,Desserts,Death by Chocolate Cookie,MENU0106,Dessert,Menu Item,190.0,1.0,190.0,10.71,Bill Discount,Synthetic promotion,179.29,8.96,0,0,0,0,188.25,,,,,
Delhi,ABNAH Cafe Connaught Place,,BILL-OUT001-260308-0039,39,Delivery/Takeaway,,2026-03-08 15:36:00,2026-03-08 16:02:00,Desserts,Apple Pie,MENU0108,Dessert,Menu Item,270.0,1.0,270.0,7.79,Bill Discount,Synthetic promotion,262.21,13.11,0,0,0,0,275.32,,,,,
Delhi,ABNAH Cafe Connaught Place,,BILL-OUT001-260308-0040,40,Delivery/Takeaway,,2026-03-08 08:49:00,2026-03-08 09:02:00,Desserts,Basque Cheesecake,MENU0109,Dessert,Menu Item,310.0,1.0,310.0,15.39,Bill Discount,Synthetic promotion,294.61,14.73,0,0,0,0,309.34,,,,,
Delhi,ABNAH Cafe Connaught Place,,BILL-OUT001-260309-0001,1,Dine In,T16,2026-03-09 17:19:00,2026-03-09 17:39:00,Espresso,Espresso Shot - Solo,MENU0001,Beverage,Menu Item,145.0,1.0,145.0,5.38,Bill Discount,Synthetic promotion,139.62,6.98,0,0,0,0,146.6,,,,,
Delhi,ABNAH Cafe Connaught Place,,BILL-OUT001-260309-0002,2,Delivery/Takeaway,,2026-03-09 09:09:00,2026-03-09 09:38:00,Coffee Classics,Americano - Regular,MENU0003,Beverage,Menu Item,185.0,2.0,370.0,17.31,Bill Discount,Synthetic promotion,352.69,17.63,0,0,0,0,370.32,,,,,
Delhi,ABNAH Cafe Connaught Place,,BILL-OUT001-260309-0003,3,Dine In,T22,2026-03-09 18:47:00,2026-03-09 19:29:00,Coffee Classics,Americano - Medium,MENU0004,Beverage,Menu Item,211.53,3.0,634.59,0.0,,,634.59,31.73,0,0,0,0,666.32,,,,,
Delhi,ABNAH Cafe Connaught Place,,BILL-OUT001-260309-0004,4,Dine In,T09,2026-03-09 09:08:00,2026-03-09 09:20:00,Coffee Classics,Latte - Regular,MENU0006,Beverage,Menu Item,225.0,2.0,450.0,1.54,Bill Discount,Synthetic promotion,448.46,22.42,0,0,0,0,470.88,,,,,
Delhi,ABNAH Cafe Connaught Place,,BILL-OUT001-260309-0005,5,Delivery/Takeaway,,2026-03-09 18:03:00,2026-03-09 18:38:00,Coffee Classics,Latte - Medium,MENU0007,Beverage,Menu Item,251.71,1.0,251.71,0.0,,,251.71,12.59,0,0,0,0,264.3,,,,,
Delhi,ABNAH Cafe Connaught Place,,BILL-OUT001-260309-0006,6,Delivery/Takeaway,,2026-03-09 18:12:00,2026-03-09 19:00:00,Coffee Classics,Latte - Large,MENU0008,Beverage,Menu Item,276.77,2.0,553.54,0.0,,,553.55,27.68,0,0,0,0,581.23,,,,,
Delhi,ABNAH Cafe Connaught Place,,BILL-OUT001-260309-0007,7,Dine In,T18,2026-03-09 18:46:00,2026-03-09 19:25:00,Coffee Classics,Cappuccino - Regular,MENU0009,Beverage,Menu Item,225.0,1.0,225.0,7.15,Bill Discount,Synthetic promotion,217.85,10.89,0,0,0,0,228.74,,,,,
Delhi,ABNAH Cafe Connaught Place,,BILL-OUT001-260309-0008,8,Delivery/Takeaway,,2026-03-09 18:03:00,2026-03-09 18:22:00,Coffee Classics,Cappuccino - Medium,MENU0010,Beverage,Menu Item,250.0,4.0,1000.0,8.86,Bill Discount,Synthetic promotion,991.14,49.56,0,0,0,0,1040.7,,,,,
Delhi,ABNAH Cafe Connaught Place,,BILL-OUT001-260309-0009,9,Dine In,T11,2026-03-09 13:09:00,2026-03-09 13:58:00,Coffee Classics,Cappuccino - Large,MENU0011,Beverage,Menu Item,275.0,2.0,550.0,10.62,Bill Discount,Synthetic promotion,539.38,26.97,0,0,0,0,566.35,,,,,
Delhi,ABNAH Cafe Connaught Place,,BILL-OUT001-260309-0010,10,Delivery/Takeaway,,2026-03-09 13:38:00,2026-03-09 14:07:00,Coffee Classics,Flat White - Regular,MENU0012,Beverage,Menu Item,235.0,1.0,235.0,12.42,Bill Discount,Synthetic promotion,222.58,11.13,0,0,0,0,233.71,,,,,
Delhi,ABNAH Cafe Connaught Place,,BILL-OUT001-260309-0011,11,Dine In,T03,2026-03-09 11:01:00,2026-03-09 11:25:00,Coffee Classics,Flat White - Medium,MENU0013,Beverage,Menu Item,260.0,3.0,780.0,31.06,Bill Discount,Synthetic promotion,748.94,37.45,0,0,0,0,786.39,,,,,
Delhi,ABNAH Cafe Connaught Place,,BILL-OUT001-260309-0012,12,Delivery/Takeaway,,2026-03-09 17:46:00,2026-03-09 18:22:00,Coffee Classics,Flat White - Large,MENU0014,Beverage,Menu Item,285.0,3.0,855.0,40.01,Bill Discount,Synthetic promotion,814.99,40.75,0,0,0,0,855.74,,,,,
Delhi,ABNAH Cafe Connaught Place,,BILL-OUT001-260309-0013,13,Dine In,T17,2026-03-09 08:23:00,2026-03-09 08:58:00,Coffee Classics,Mocha - Regular,MENU0015,Beverage,Menu Item,245.0,6.0,1470.0,19.0,Bill Discount,Synthetic promotion,1451.0,72.55,0,0,0,0,1523.55,,,,,
Delhi,ABNAH Cafe Connaught Place,,BILL-OUT001-260309-0014,14,Delivery/Takeaway,,2026-03-09 10:42:00,2026-03-09 11:17:00,Coffee Classics,Mocha - Medium,MENU0016,Beverage,Menu Item,274.8,4.0,1099.2,0.0,,,1099.21,54.96,0,0,0,0,1154.17,,,,,
Delhi,ABNAH Cafe Connaught Place,,BILL-OUT001-260309-0015,15,Delivery/Takeaway,,2026-03-09 15:01:00,2026-03-09 15:48:00,Coffee Classics,Mocha - Large,MENU0017,Beverage,Menu Item,295.0,1.0,295.0,3.04,Bill Discount,Synthetic promotion,291.96,14.6,0,0,0,0,306.56,,,,,
Delhi,ABNAH Cafe Connaught Place,,BILL-OUT001-260309-0016,16,Delivery/Takeaway,,2026-03-09 12:42:00,2026-03-09 13:27:00,Signature Coffee,Sea Salt Mocha - Large,MENU0020,Beverage,Menu Item,335.0,1.0,335.0,15.87,Bill Discount,Synthetic promotion,319.13,15.96,0,0,0,0,335.09,,,,,
Delhi,ABNAH Cafe Connaught Place,,BILL-OUT001-260309-0017,17,Delivery/Takeaway,,2026-03-09 12:00:00,2026-03-09 12:14:00,Signature Coffee,Orange Zest Mocha - Regular,MENU0021,Beverage,Menu Item,270.0,2.0,540.0,9.54,Bill Discount,Synthetic promotion,530.46,26.52,0,0,0,0,556.98,,,,,
Delhi,ABNAH Cafe Connaught Place,,BILL-OUT001-260309-0018,18,Delivery/Takeaway,,2026-03-09 15:16:00,2026-03-09 16:00:00,Signature Coffee,Orange Zest Mocha - Medium,MENU0022,Beverage,Menu Item,300.0,2.0,600.0,13.86,Bill Discount,Synthetic promotion,586.14,29.31,0,0,0,0,615.45,,,,,
Delhi,ABNAH Cafe Connaught Place,,BILL-OUT001-260309-0019,19,Delivery/Takeaway,,2026-03-09 19:00:00,2026-03-09 19:40:00,Signature Coffee,Orange Zest Mocha - Large,MENU0023,Beverage,Menu Item,330.0,1.0,330.0,8.17,Bill Discount,Synthetic promotion,321.83,16.09,0,0,0,0,337.92,,,,,
Delhi,ABNAH Cafe Connaught Place,,BILL-OUT001-260309-0020,20,Delivery/Takeaway,,2026-03-09 17:43:00,2026-03-09 18:13:00,Signature Coffee,Caramel Macchiato - Regular,MENU0024,Beverage,Menu Item,265.0,1.0,265.0,2.73,Bill Discount,Synthetic promotion,262.27,13.11,0,0,0,0,275.38,,,,,
Delhi,ABNAH Cafe Connaught Place,,BILL-OUT001-260309-0021,21,Delivery/Takeaway,,2026-03-09 12:44:00,2026-03-09 12:52:00,Signature Coffee,Caramel Macchiato - Medium,MENU0025,Beverage,Menu Item,295.0,1.0,295.0,7.56,Bill Discount,Synthetic promotion,287.44,14.37,0,0,0,0,301.81,,,,,
Delhi,ABNAH Cafe Connaught Place,,BILL-OUT001-260309-0022,22,Delivery/Takeaway,,2026-03-09 09:13:00,2026-03-09 09:31:00,Signature Coffee,French Vanilla Latte - Regular,MENU0027,Beverage,Menu Item,266.33,1.0,266.33,0.0,,,266.33,13.32,0,0,0,0,279.65,,,,,
Delhi,ABNAH Cafe Connaught Place,,BILL-OUT001-260309-0023,23,Dine In,T02,2026-03-09 14:22:00,2026-03-09 14:48:00,Signature Coffee,French Vanilla Latte - Medium,MENU0028,Beverage,Menu Item,295.0,1.0,295.0,10.75,Bill Discount,Synthetic promotion,284.25,14.21,0,0,0,0,298.46,,,,,
Delhi,ABNAH Cafe Connaught Place,,BILL-OUT001-260309-0024,24,Dine In,T24,2026-03-09 18:54:00,2026-03-09 19:43:00,Signature Coffee,French Vanilla Latte - Large,MENU0029,Beverage,Menu Item,325.0,1.0,325.0,2.76,Bill Discount,Synthetic promotion,322.24,16.11,0,0,0,0,338.35,,,,,
Delhi,ABNAH Cafe Connaught Place,,BILL-OUT001-260309-0025,25,Delivery/Takeaway,,2026-03-09 17:18:00,2026-03-09 17:35:00,Signature Coffee,Vegan Iced Latte - Regular,MENU0030,Beverage,Menu Item,289.87,2.0,579.74,0.0,,,579.74,28.99,0,0,0,0,608.73,,,,,
Delhi,ABNAH Cafe Connaught Place,,BILL-OUT001-260309-0026,26,Delivery/Takeaway,,2026-03-09 12:06:00,2026-03-09 12:47:00,Signature Coffee,Vegan Iced Latte - Large,MENU0032,Beverage,Menu Item,335.0,2.0,670.0,32.42,Bill Discount,Synthetic promotion,637.58,31.88,0,0,0,0,669.46,,,,,
Delhi,ABNAH Cafe Connaught Place,,BILL-OUT001-260309-0027,27,Dine In,T19,2026-03-09 19:26:00,2026-03-09 20:10:00,Cold Brew,Classic Cold Brew - Regular,MENU0033,Beverage,Menu Item,225.0,1.0,225.0,11.67,Bill Discount,Synthetic promotion,213.33,10.67,0,0,0,0,224.0,,,,,
Delhi,ABNAH Cafe Connaught Place,,BILL-OUT001-260309-0028,28,Delivery/Takeaway,,2026-03-09 16:03:00,2026-03-09 16:26:00,Cold Brew,Classic Cold Brew - Medium,MENU0034,Beverage,Menu Item,253.81,2.0,507.62,0.01,Bill Discount,Synthetic promotion,507.61,25.38,0,0,0,0,532.99,,,,,
Delhi,ABNAH Cafe Connaught Place,,BILL-OUT001-260309-0029,29,Dine In,T16,2026-03-09 17:33:00,2026-03-09 17:46:00,Cold Brew,Coffee Lemonade - Regular,MENU0036,Beverage,Menu Item,235.0,1.0,235.0,7.99,Bill Discount,Synthetic promotion,227.01,11.35,0,0,0,0,238.36,,,,,
Delhi,ABNAH Cafe Connaught Place,,BILL-OUT001-260309-0030,30,Delivery/Takeaway,,2026-03-09 15:34:00,2026-03-09 16:12:00,Cold Brew,Coffee Lemonade - Medium,MENU0037,Beverage,Menu Item,261.87,1.0,261.87,0.0,,,261.87,13.09,0,0,0,0,274.96,,,,,
Delhi,ABNAH Cafe Connaught Place,,BILL-OUT001-260309-0031,31,Delivery/Takeaway,,2026-03-09 18:49:00,2026-03-09 19:02:00,Cold Coffee,Classic Cold Coffee - Medium,MENU0043,Beverage,Menu Item,292.63,1.0,292.63,0.0,,,292.63,14.63,0,0,0,0,307.26,,,,,
Delhi,ABNAH Cafe Connaught Place,,BILL-OUT001-260309-0032,32,Delivery/Takeaway,,2026-03-09 13:06:00,2026-03-09 13:55:00,Cold Coffee,Mocha Cold Coffee - Regular,MENU0045,Beverage,Menu Item,285.32,2.0,570.64,0.0,,,570.65,28.53,0,0,0,0,599.18,,,,,
Delhi,ABNAH Cafe Connaught Place,,BILL-OUT001-260309-0033,33,Delivery/Takeaway,,2026-03-09 19:02:00,2026-03-09 19:42:00,Cold Coffee,Mocha Cold Coffee - Medium,MENU0046,Beverage,Menu Item,320.0,1.0,320.0,14.54,Bill Discount,Synthetic promotion,305.46,15.27,0,0,0,0,320.73,,,,,
Delhi,ABNAH Cafe Connaught Place,,BILL-OUT001-260309-0034,34,Delivery/Takeaway,,2026-03-09 16:46:00,2026-03-09 17:26:00,Cold Coffee,Caramel Cold Coffee - Regular,MENU0048,Beverage,Menu Item,285.0,1.0,285.0,1.63,Bill Discount,Synthetic promotion,283.37,14.17,0,0,0,0,297.54,,,,,
Delhi,ABNAH Cafe Connaught Place,,BILL-OUT001-260309-0035,35,Dine In,T03,2026-03-09 12:22:00,2026-03-09 13:01:00,Cold Coffee,Caramel Cold Coffee - Medium,MENU0049,Beverage,Menu Item,320.0,1.0,320.0,0.8,Bill Discount,Synthetic promotion,319.2,15.96,0,0,0,0,335.16,,,,,
Delhi,ABNAH Cafe Connaught Place,,BILL-OUT001-260309-0036,36,Delivery/Takeaway,,2026-03-09 16:58:00,2026-03-09 17:36:00,Cold Coffee,Caramel Cold Coffee - Large,MENU0050,Beverage,Menu Item,355.0,1.0,355.0,18.15,Bill Discount,Synthetic promotion,336.85,16.84,0,0,0,0,353.69,,,,,
Delhi,ABNAH Cafe Connaught Place,,BILL-OUT001-260309-0037,37,Delivery/Takeaway,,2026-03-09 19:18:00,2026-03-09 19:35:00,Tea,Masala Chai Latte - Regular,MENU0051,Beverage,Menu Item,198.12,2.0,396.24,0.0,,,396.25,19.81,0,0,0,0,416.06,,,,,
Delhi,ABNAH Cafe Connaught Place,,BILL-OUT001-260309-0038,38,Delivery/Takeaway,,2026-03-09 19:13:00,2026-03-09 19:29:00,Tea,Masala Chai Latte - Medium,MENU0052,Beverage,Menu Item,221.66,1.0,221.66,0.0,,,221.66,11.08,0,0,0,0,232.74,,,,,
Delhi,ABNAH Cafe Connaught Place,,BILL-OUT001-260309-0039,39,Dine In,T03,2026-03-09 08:46:00,2026-03-09 09:00:00,Tea,Masala Chai Latte - Large,MENU0053,Beverage,Menu Item,245.0,1.0,245.0,4.67,Bill Discount,Synthetic promotion,240.33,12.02,0,0,0,0,252.35,,,,,
Delhi,ABNAH Cafe Connaught Place,,BILL-OUT001-260309-0040,40,Delivery/Takeaway,,2026-03-09 12:24:00,2026-03-09 12:47:00,Tea,Japanese Matcha Latte - Regular,MENU0055,Beverage,Menu Item,265.0,1.0,265.0,10.1,Bill Discount,Synthetic promotion,254.9,12.74,0,0,0,0,267.64,,,,,
Delhi,ABNAH Cafe Connaught Place,,BILL-OUT001-260309-0041,41,Dine In,T20,2026-03-09 10:10:00,2026-03-09 10:44:00,Tea,Japanese Matcha Latte - Large,MENU0057,Beverage,Menu Item,325.0,1.0,325.0,12.34,Bill Discount,Synthetic promotion,312.66,15.63,0,0,0,0,328.29,,,,,
Delhi,ABNAH Cafe Connaught Place,,BILL-OUT001-260309-0042,42,Delivery/Takeaway,,2026-03-09 19:51:00,2026-03-09 20:09:00,Iced Tea,Lemon Iced Tea - Regular,MENU0058,Beverage,Menu Item,205.0,1.0,205.0,7.13,Bill Discount,Synthetic promotion,197.87,9.89,0,0,0,0,207.76,,,,,
Delhi,ABNAH Cafe Connaught Place,,BILL-OUT001-260309-0043,43,Dine In,T13,2026-03-09 10:34:00,2026-03-09 11:21:00,Shake,Choco Chip Shake - Medium,MENU0069,Beverage,Menu Item,330.0,2.0,660.0,14.84,Bill Discount,Synthetic promotion,645.16,32.26,0,0,0,0,677.42,,,,,
Delhi,ABNAH Cafe Connaught Place,,BILL-OUT001-260309-0044,44,Delivery/Takeaway,,2026-03-09 16:41:00,2026-03-09 17:18:00,Shake,Mixed Berry Shake - Regular,MENU0071,Beverage,Menu Item,315.0,1.0,315.0,1.86,Bill Discount,Synthetic promotion,313.14,15.66,0,0,0,0,328.8,,,,,
Delhi,ABNAH Cafe Connaught Place,,BILL-OUT001-260309-0045,45,Dine In,T01,2026-03-09 16:53:00,2026-03-09 17:29:00,Shake,Mixed Berry Shake - Medium,MENU0072,Beverage,Menu Item,350.0,2.0,700.0,8.57,Bill Discount,Synthetic promotion,691.43,34.57,0,0,0,0,726.0,,,,,
Delhi,ABNAH Cafe Connaught Place,,BILL-OUT001-260309-0046,46,Delivery/Takeaway,,2026-03-09 11:35:00,2026-03-09 11:51:00,Shake,Mixed Berry Shake - Large,MENU0073,Beverage,Menu Item,385.0,1.0,385.0,21.68,Bill Discount,Synthetic promotion,363.32,18.17,0,0,0,0,381.49,,,,,
Delhi,ABNAH Cafe Connaught Place,,BILL-OUT001-260309-0047,47,Delivery/Takeaway,,2026-03-09 08:07:00,2026-03-09 08:16:00,Smoothie,Seasonal Smoothie - Regular,MENU0074,Beverage,Menu Item,310.03,1.0,310.03,0.0,,,310.03,15.5,0,0,0,0,325.53,,,,,
Delhi,ABNAH Cafe Connaught Place,,BILL-OUT001-260309-0048,48,Dine In,T05,2026-03-09 08:25:00,2026-03-09 09:00:00,Smoothie,Seasonal Smoothie - Medium,MENU0075,Beverage,Menu Item,343.35,1.0,343.35,0.0,,,343.35,17.17,0,0,0,0,360.52,,,,,
Delhi,ABNAH Cafe Connaught Place,,BILL-OUT001-260309-0049,49,Dine In,T16,2026-03-09 15:11:00,2026-03-09 15:24:00,Wraps,Shredded Chicken Wrap,MENU0078,Food,Menu Item,295.72,2.0,591.44,0.0,,,591.44,29.57,0,0,0,0,621.01,,,,,
Delhi,ABNAH Cafe Connaught Place,,BILL-OUT001-260309-0050,50,Delivery/Takeaway,,2026-03-09 09:02:00,2026-03-09 09:49:00,Sandwiches,Smoked Chipotle Paneer Sandwich,MENU0079,Food,Menu Item,300.76,2.0,601.52,0.0,,,601.53,30.08,0,0,0,0,631.61,,,,,
Delhi,ABNAH Cafe Connaught Place,,BILL-OUT001-260309-0051,51,Delivery/Takeaway,,2026-03-09 16:53:00,2026-03-09 17:29:00,Sandwiches,Pepper Chicken Sandwich,MENU0081,Food,Menu Item,317.43,1.0,317.43,0.0,,,317.43,15.87,0,0,0,0,333.3,,,,,
Delhi,ABNAH Cafe Connaught Place,,BILL-OUT001-260309-0052,52,Delivery/Takeaway,,2026-03-09 13:25:00,2026-03-09 13:34:00,Sandwiches,Tandoori Chicken Sandwich,MENU0082,Food,Menu Item,320.0,1.0,320.0,10.15,Bill Discount,Synthetic promotion,309.85,15.49,0,0,0,0,325.34,,,,,
Delhi,ABNAH Cafe Connaught Place,,BILL-OUT001-260309-0053,53,Dine In,T18,2026-03-09 16:38:00,2026-03-09 16:49:00,Toasts,Chicken Pepperoni Avocado Toast,MENU0084,Food,Menu Item,330.0,1.0,330.0,13.41,Bill Discount,Synthetic promotion,316.59,15.83,0,0,0,0,332.42,,,,,
Delhi,ABNAH Cafe Connaught Place,,BILL-OUT001-260309-0054,54,Delivery/Takeaway,,2026-03-09 15:42:00,2026-03-09 16:25:00,Breakfast,Masala Egg Bun,MENU0089,Food,Menu Item,225.0,1.0,225.0,8.21,Bill Discount,Synthetic promotion,216.79,10.84,0,0,0,0,227.63,,,,,
Delhi,ABNAH Cafe Connaught Place,,BILL-OUT001-260309-0055,55,Delivery/Takeaway,,2026-03-09 16:53:00,2026-03-09 17:05:00,Snacks,Turnover with Brioche Dough Chicken,MENU0092,Food,Menu Item,255.0,2.0,510.0,30.21,Bill Discount,Synthetic promotion,479.79,23.99,0,0,0,0,503.78,,,,,
Delhi,ABNAH Cafe Connaught Place,,BILL-OUT001-260309-0056,56,Delivery/Takeaway,,2026-03-09 17:35:00,2026-03-09 18:04:00,Baked Goods,Butter Croissant,MENU0094,Food,Menu Item,195.0,1.0,195.0,6.55,Bill Discount,Synthetic promotion,188.45,9.42,0,0,0,0,197.87,,,,,
Delhi,ABNAH Cafe Connaught Place,,BILL-OUT001-260309-0057,57,Delivery/Takeaway,,2026-03-09 12:21:00,2026-03-09 12:37:00,Baked Goods,Almond Croissant,MENU0095,Food,Menu Item,245.0,2.0,490.0,26.03,Bill Discount,Synthetic promotion,463.97,23.2,0,0,0,0,487.17,,,,,
Delhi,ABNAH Cafe Connaught Place,,BILL-OUT001-260309-0058,58,Delivery/Takeaway,,2026-03-09 10:06:00,2026-03-09 10:42:00,Baked Goods,Chocolate Croissant,MENU0096,Food,Menu Item,235.0,1.0,235.0,3.26,Bill Discount,Synthetic promotion,231.74,11.59,0,0,0,0,243.33,,,,,
Delhi,ABNAH Cafe Connaught Place,,BILL-OUT001-260309-0059,59,Delivery/Takeaway,,2026-03-09 15:12:00,2026-03-09 15:44:00,Baked Goods,Sriracha Chicken Croissant,MENU0098,Food,Menu Item,275.0,1.0,275.0,4.06,Bill Discount,Synthetic promotion,270.94,13.55,0,0,0,0,284.49,,,,,
Delhi,ABNAH Cafe Connaught Place,,BILL-OUT001-260309-0060,60,Delivery/Takeaway,,2026-03-09 13:37:00,2026-03-09 14:16:00,Baked Goods,Banana Walnut Tea Cake,MENU0100,Dessert,Menu Item,205.0,2.0,410.0,22.03,Bill Discount,Synthetic promotion,387.97,19.4,0,0,0,0,407.37,,,,,
Delhi,ABNAH Cafe Connaught Place,,BILL-OUT001-260309-0061,61,Dine In,T21,2026-03-09 15:05:00,2026-03-09 15:39:00,Desserts,Double Chocolate Truffle Cake,MENU0102,Dessert,Menu Item,297.31,2.0,594.62,0.01,Bill Discount,Synthetic promotion,594.61,29.73,0,0,0,0,624.34,,,,,
Delhi,ABNAH Cafe Connaught Place,,BILL-OUT001-260309-0062,62,Delivery/Takeaway,,2026-03-09 19:06:00,2026-03-09 19:54:00,Desserts,Classic Chocolate Fudge Brownie,MENU0104,Dessert,Menu Item,195.0,1.0,195.0,7.61,Bill Discount,Synthetic promotion,187.39,9.37,0,0,0,0,196.76,,,,,
Delhi,ABNAH Cafe Connaught Place,,BILL-OUT001-260309-0063,63,Delivery/Takeaway,,2026-03-09 11:23:00,2026-03-09 11:38:00,Desserts,Apple Pie,MENU0108,Dessert,Menu Item,270.0,2.0,540.0,17.51,Bill Discount,Synthetic promotion,522.49,26.12,0,0,0,0,548.61,,,,,
Delhi,ABNAH Cafe Connaught Place,,BILL-OUT001-260309-0064,64,Delivery/Takeaway,,2026-03-09 19:53:00,2026-03-09 20:15:00,Baked Goods,Multigrain Walnut Tea Cake,MENU0110,Dessert,Menu Item,225.0,2.0,450.0,13.96,Bill Discount,Synthetic promotion,436.04,21.8,0,0,0,0,457.84,,,,,
Delhi,ABNAH Cafe Connaught Place,,BILL-OUT001-260310-0001,1,Dine In,T19,2026-03-10 09:50:00,2026-03-10 10:01:00,Coffee Classics,Americano - Regular,MENU0003,Beverage,Menu Item,185.0,4.0,740.0,13.87,Bill Discount,Synthetic promotion,726.13,36.31,0,0,0,0,762.44,,,,,
Delhi,ABNAH Cafe Connaught Place,,BILL-OUT001-260310-0002,2,Dine In,T05,2026-03-10 10:48:00,2026-03-10 11:09:00,Coffee Classics,Americano - Medium,MENU0004,Beverage,Menu Item,213.84,9.0,1924.56,0.0,,,1924.57,96.23,0,0,0,0,2020.8,,,,,
Delhi,ABNAH Cafe Connaught Place,,BILL-OUT001-260310-0003,3,Delivery/Takeaway,,2026-03-10 12:19:00,2026-03-10 12:45:00,Coffee Classics,Americano - Large,MENU0005,Beverage,Menu Item,235.5,3.0,706.5,0.0,,,706.5,35.33,0,0,0,0,741.83,,,,,
Delhi,ABNAH Cafe Connaught Place,,BILL-OUT001-260310-0004,4,Delivery/Takeaway,,2026-03-10 19:31:00,2026-03-10 20:18:00,Coffee Classics,Latte - Regular,MENU0006,Beverage,Menu Item,225.0,2.0,450.0,23.94,Bill Discount,Synthetic promotion,426.06,21.3,0,0,0,0,447.36,,,,,
Delhi,ABNAH Cafe Connaught Place,,BILL-OUT001-260310-0005,5,Delivery/Takeaway,,2026-03-10 15:32:00,2026-03-10 15:51:00,Coffee Classics,Latte - Medium,MENU0007,Beverage,Menu Item,252.75,2.0,505.5,0.0,,,505.51,25.28,0,0,0,0,530.79,,,,,
Delhi,ABNAH Cafe Connaught Place,,BILL-OUT001-260310-0006,6,Dine In,T11,2026-03-10 14:39:00,2026-03-10 15:16:00,Coffee Classics,Latte - Large,MENU0008,Beverage,Menu Item,275.0,1.0,275.0,3.25,Bill Discount,Synthetic promotion,271.75,13.59,0,0,0,0,285.34,,,,,
Delhi,ABNAH Cafe Connaught Place,,BILL-OUT001-260310-0007,7,Delivery/Takeaway,,2026-03-10 14:08:00,2026-03-10 14:50:00,Coffee Classics,Cappuccino - Regular,MENU0009,Beverage,Menu Item,225.0,8.0,1800.0,53.65,Bill Discount,Synthetic promotion,1746.35,87.32,0,0,0,0,1833.67,,,,,
Delhi,ABNAH Cafe Connaught Place,,BILL-OUT001-260310-0008,8,Delivery/Takeaway,,2026-03-10 08:02:00,2026-03-10 08:30:00,Coffee Classics,Cappuccino - Medium,MENU0010,Beverage,Menu Item,250.94,3.0,752.82,0.0,,,752.83,37.64,0,0,0,0,790.47,,,,,
Delhi,ABNAH Cafe Connaught Place,,BILL-OUT001-260310-0009,9,Delivery/Takeaway,,2026-03-10 13:13:00,2026-03-10 14:02:00,Coffee Classics,Cappuccino - Large,MENU0011,Beverage,Menu Item,277.53,1.0,277.53,0.0,,,277.53,13.88,0,0,0,0,291.41,,,,,
Delhi,ABNAH Cafe Connaught Place,,BILL-OUT001-260310-0010,10,Dine In,T20,2026-03-10 16:34:00,2026-03-10 17:02:00,Coffee Classics,Flat White - Regular,MENU0012,Beverage,Menu Item,235.0,1.0,235.0,4.24,Bill Discount,Synthetic promotion,230.76,11.54,0,0,0,0,242.3,,,,,
Delhi,ABNAH Cafe Connaught Place,,BILL-OUT001-260310-0011,11,Delivery/Takeaway,,2026-03-10 19:43:00,2026-03-10 20:01:00,Coffee Classics,Flat White - Medium,MENU0013,Beverage,Menu Item,260.0,1.0,260.0,4.82,Bill Discount,Synthetic promotion,255.18,12.76,0,0,0,0,267.94,,,,,
Delhi,ABNAH Cafe Connaught Place,,BILL-OUT001-260310-0012,12,Delivery/Takeaway,,2026-03-10 09:36:00,2026-03-10 09:48:00,Coffee Classics,Mocha - Regular,MENU0015,Beverage,Menu Item,245.0,4.0,980.0,30.94,Bill Discount,Synthetic promotion,949.06,47.45,0,0,0,0,996.51,,,,,
Delhi,ABNAH Cafe Connaught Place,,BILL-OUT001-260310-0013,13,Delivery/Takeaway,,2026-03-10 15:53:00,2026-03-10 16:38:00,Coffee Classics,Mocha - Medium,MENU0016,Beverage,Menu Item,270.0,3.0,810.0,14.33,Bill Discount,Synthetic promotion,795.67,39.78,0,0,0,0,835.45,,,,,
Delhi,ABNAH Cafe Connaught Place,,BILL-OUT001-260310-0014,14,Dine In,T14,2026-03-10 11:22:00,2026-03-10 11:53:00,Signature Coffee,Sea Salt Mocha - Medium,MENU0019,Beverage,Menu Item,308.75,1.0,308.75,0.0,,,308.75,15.44,0,0,0,0,324.19,,,,,
Delhi,ABNAH Cafe Connaught Place,,BILL-OUT001-260310-0015,15,Delivery/Takeaway,,2026-03-10 18:57:00,2026-03-10 19:43:00,Signature Coffee,Orange Zest Mocha - Regular,MENU0021,Beverage,Menu Item,270.0,1.0,270.0,7.11,Bill Discount,Synthetic promotion,262.89,13.14,0,0,0,0,276.03,,,,,
Delhi,ABNAH Cafe Connaught Place,,BILL-OUT001-260310-0016,16,Delivery/Takeaway,,2026-03-10 18:27:00,2026-03-10 18:35:00,Signature Coffee,Orange Zest Mocha - Medium,MENU0022,Beverage,Menu Item,302.09,1.0,302.09,0.0,,,302.09,15.1,0,0,0,0,317.19,,,,,
Delhi,ABNAH Cafe Connaught Place,,BILL-OUT001-260310-0017,17,Delivery/Takeaway,,2026-03-10 14:19:00,2026-03-10 14:34:00,Signature Coffee,Caramel Macchiato - Regular,MENU0024,Beverage,Menu Item,265.0,1.0,265.0,3.85,Bill Discount,Synthetic promotion,261.15,13.06,0,0,0,0,274.21,,,,,
Delhi,ABNAH Cafe Connaught Place,,BILL-OUT001-260310-0018,18,Delivery/Takeaway,,2026-03-10 16:25:00,2026-03-10 16:49:00,Signature Coffee,Caramel Macchiato - Medium,MENU0025,Beverage,Menu Item,295.0,1.0,295.0,11.8,Bill Discount,Synthetic promotion,283.2,14.16,0,0,0,0,297.36,,,,,
Delhi,ABNAH Cafe Connaught Place,,BILL-OUT001-260310-0019,19,Dine In,T20,2026-03-10 14:58:00,2026-03-10 15:06:00,Signature Coffee,Caramel Macchiato - Large,MENU0026,Beverage,Menu Item,325.29,1.0,325.29,0.0,,,325.29,16.26,0,0,0,0,341.55,,,,,
Delhi,ABNAH Cafe Connaught Place,,BILL-OUT001-260310-0020,20,Delivery/Takeaway,,2026-03-10 17:22:00,2026-03-10 17:35:00,Signature Coffee,Vegan Iced Latte - Regular,MENU0030,Beverage,Menu Item,285.0,1.0,285.0,3.61,Bill Discount,Synthetic promotion,281.39,14.07,0,0,0,0,295.46,,,,,
Delhi,ABNAH Cafe Connaught Place,,BILL-OUT001-260310-0021,21,Dine In,T21,2026-03-10 14:06:00,2026-03-10 14:50:00,Cold Brew,Classic Cold Brew - Regular,MENU0033,Beverage,Menu Item,225.0,2.0,450.0,1.1,Bill Discount,Synthetic promotion,448.9,22.45,0,0,0,0,471.35,,,,,
Delhi,ABNAH Cafe Connaught Place,,BILL-OUT001-260310-0022,22,Delivery/Takeaway,,2026-03-10 14:58:00,2026-03-10 15:26:00,Cold Brew,Classic Cold Brew - Large,MENU0035,Beverage,Menu Item,275.0,1.0,275.0,8.58,Bill Discount,Synthetic promotion,266.42,13.32,0,0,0,0,279.74,,,,,
Delhi,ABNAH Cafe Connaught Place,,BILL-OUT001-260310-0023,23,Delivery/Takeaway,,2026-03-10 09:35:00,2026-03-10 09:48:00,Cold Brew,Coffee Lemonade - Large,MENU0038,Beverage,Menu Item,285.0,1.0,285.0,1.2,Bill Discount,Synthetic promotion,283.8,14.19,0,0,0,0,297.99,,,,,
Delhi,ABNAH Cafe Connaught Place,,BILL-OUT001-260310-0024,24,Delivery/Takeaway,,2026-03-10 11:40:00,2026-03-10 12:25:00,Cold Brew,Vietnamese Shakerato - Medium,MENU0040,Beverage,Menu Item,280.0,1.0,280.0,4.73,Bill Discount,Synthetic promotion,275.27,13.76,0,0,0,0,289.03,,,,,
Delhi,ABNAH Cafe Connaught Place,,BILL-OUT001-260310-0025,25,Delivery/Takeaway,,2026-03-10 19:52:00,2026-03-10 20:29:00,Cold Coffee,Classic Cold Coffee - Medium,MENU0043,Beverage,Menu Item,290.0,4.0,1160.0,28.55,Bill Discount,Synthetic promotion,1131.45,56.57,0,0,0,0,1188.02,,,,,
Delhi,ABNAH Cafe Connaught Place,,BILL-OUT001-260310-0026,26,Delivery/Takeaway,,2026-03-10 09:15:00,2026-03-10 09:32:00,Cold Coffee,Mocha Cold Coffee - Medium,MENU0046,Beverage,Menu Item,320.0,1.0,320.0,1.74,Bill Discount,Synthetic promotion,318.26,15.91,0,0,0,0,334.17,,,,,
Delhi,ABNAH Cafe Connaught Place,,BILL-OUT001-260310-0027,27,Delivery/Takeaway,,2026-03-10 09:47:00,2026-03-10 10:06:00,Cold Coffee,Mocha Cold Coffee - Large,MENU0047,Beverage,Menu Item,355.0,1.0,355.0,1.71,Bill Discount,Synthetic promotion,353.29,17.66,0,0,0,0,370.95,,,,,
Delhi,ABNAH Cafe Connaught Place,,BILL-OUT001-260310-0028,28,Delivery/Takeaway,,2026-03-10 17:59:00,2026-03-10 18:38:00,Cold Coffee,Caramel Cold Coffee - Medium,MENU0049,Beverage,Menu Item,320.0,2.0,640.0,27.37,Bill Discount,Synthetic promotion,612.63,30.63,0,0,0,0,643.26,,,,,
Delhi,ABNAH Cafe Connaught Place,,BILL-OUT001-260310-0029,29,Delivery/Takeaway,,2026-03-10 18:48:00,2026-03-10 19:17:00,Cold Coffee,Caramel Cold Coffee - Large,MENU0050,Beverage,Menu Item,355.17,1.0,355.17,0.0,,,355.17,17.76,0,0,0,0,372.93,,,,,
Delhi,ABNAH Cafe Connaught Place,,BILL-OUT001-260310-0030,30,Delivery/Takeaway,,2026-03-10 18:00:00,2026-03-10 18:21:00,Tea,Masala Chai Latte - Medium,MENU0052,Beverage,Menu Item,220.0,1.0,220.0,11.54,Bill Discount,Synthetic promotion,208.46,10.42,0,0,0,0,218.88,,,,,
Delhi,ABNAH Cafe Connaught Place,,BILL-OUT001-260310-0031,31,Delivery/Takeaway,,2026-03-10 18:14:00,2026-03-10 18:55:00,Tea,Masala Chai Latte - Large,MENU0053,Beverage,Menu Item,245.0,2.0,490.0,13.9,Bill Discount,Synthetic promotion,476.1,23.8,0,0,0,0,499.9,,,,,
Delhi,ABNAH Cafe Connaught Place,,BILL-OUT001-260310-0032,32,Delivery/Takeaway,,2026-03-10 08:41:00,2026-03-10 09:04:00,Tea,Himalayan Green Tea,MENU0054,Beverage,Menu Item,210.0,1.0,210.0,2.16,Bill Discount,Synthetic promotion,207.84,10.39,0,0,0,0,218.23,,,,,
Delhi,ABNAH Cafe Connaught Place,,BILL-OUT001-260310-0033,33,Delivery/Takeaway,,2026-03-10 16:07:00,2026-03-10 16:22:00,Tea,Japanese Matcha Latte - Medium,MENU0056,Beverage,Menu Item,298.22,1.0,298.22,0.0,,,298.22,14.91,0,0,0,0,313.13,,,,,
Delhi,ABNAH Cafe Connaught Place,,BILL-OUT001-260310-0034,34,Delivery/Takeaway,,2026-03-10 08:52:00,2026-03-10 09:02:00,Iced Tea,Lemon Iced Tea - Large,MENU0060,Beverage,Menu Item,255.0,1.0,255.0,4.88,Bill Discount,Synthetic promotion,250.12,12.51,0,0,0,0,262.63,,,,,
Delhi,ABNAH Cafe Connaught Place,,BILL-OUT001-260310-0035,35,Delivery/Takeaway,,2026-03-10 14:10:00,2026-03-10 14:28:00,Iced Tea,Hibiscus Lime Iced Tea - Regular,MENU0061,Beverage,Menu Item,225.0,2.0,450.0,18.63,Bill Discount,Synthetic promotion,431.37,21.57,0,0,0,0,452.94,,,,,
Delhi,ABNAH Cafe Connaught Place,,BILL-OUT001-260310-0036,36,Delivery/Takeaway,,2026-03-10 13:30:00,2026-03-10 13:41:00,Kids Beverage,Babyccino - Regular,MENU0067,Beverage,Menu Item,166.09,1.0,166.09,0.0,,,166.09,8.3,0,0,0,0,174.39,,,,,
Delhi,ABNAH Cafe Connaught Place,,BILL-OUT001-260310-0037,37,Delivery/Takeaway,,2026-03-10 19:18:00,2026-03-10 19:47:00,Shake,Choco Chip Shake - Regular,MENU0068,Beverage,Menu Item,295.0,2.0,590.0,3.54,Bill Discount,Synthetic promotion,586.46,29.32,0,0,0,0,615.78,,,,,
Delhi,ABNAH Cafe Connaught Place,,BILL-OUT001-260310-0038,38,Delivery/Takeaway,,2026-03-10 15:29:00,2026-03-10 15:54:00,Shake,Choco Chip Shake - Medium,MENU0069,Beverage,Menu Item,330.0,1.0,330.0,4.81,Bill Discount,Synthetic promotion,325.19,16.26,0,0,0,0,341.45,,,,,
Delhi,ABNAH Cafe Connaught Place,,BILL-OUT001-260310-0039,39,Delivery/Takeaway,,2026-03-10 12:17:00,2026-03-10 12:59:00,Shake,Mixed Berry Shake - Large,MENU0073,Beverage,Menu Item,387.57,1.0,387.57,0.0,,,387.57,19.38,0,0,0,0,406.95,,,,,
Delhi,ABNAH Cafe Connaught Place,,BILL-OUT001-260310-0040,40,Delivery/Takeaway,,2026-03-10 09:32:00,2026-03-10 09:56:00,Smoothie,Seasonal Smoothie - Medium,MENU0075,Beverage,Menu Item,344.27,1.0,344.27,0.0,,,344.27,17.21,0,0,0,0,361.48,,,,,
Delhi,ABNAH Cafe Connaught Place,,BILL-OUT001-260310-0041,41,Delivery/Takeaway,,2026-03-10 08:51:00,2026-03-10 09:06:00,Smoothie,Seasonal Smoothie - Large,MENU0076,Beverage,Menu Item,375.0,1.0,375.0,11.23,Bill Discount,Synthetic promotion,363.77,18.19,0,0,0,0,381.96,,,,,
Delhi,ABNAH Cafe Connaught Place,,BILL-OUT001-260310-0042,42,Delivery/Takeaway,,2026-03-10 19:03:00,2026-03-10 19:34:00,Wraps,Spicy Paneer Wrap,MENU0077,Food,Menu Item,276.45,1.0,276.45,0.0,,,276.45,13.82,0,0,0,0,290.27,,,,,
Delhi,ABNAH Cafe Connaught Place,,BILL-OUT001-260310-0043,43,Dine In,T14,2026-03-10 18:20:00,2026-03-10 18:53:00,Sandwiches,Pesto Veg Sandwich,MENU0080,Food,Menu Item,283.5,1.0,283.5,0.0,,,283.5,14.18,0,0,0,0,297.68,,,,,
Delhi,ABNAH Cafe Connaught Place,,BILL-OUT001-260310-0044,44,Dine In,T11,2026-03-10 19:24:00,2026-03-10 20:01:00,Sandwiches,Pepper Chicken Sandwich,MENU0081,Food,Menu Item,315.0,1.0,315.0,0.88,Bill Discount,Synthetic promotion,314.12,15.71,0,0,0,0,329.83,,,,,
Delhi,ABNAH Cafe Connaught Place,,BILL-OUT001-260310-0045,45,Dine In,T13,2026-03-10 13:30:00,2026-03-10 14:10:00,Sandwiches,Tandoori Chicken Sandwich,MENU0082,Food,Menu Item,320.0,4.0,1280.0,58.68,Bill Discount,Synthetic promotion,1221.32,61.07,0,0,0,0,1282.39,,,,,
Delhi,ABNAH Cafe Connaught Place,,BILL-OUT001-260310-0046,46,Dine In,T06,2026-03-10 18:34:00,2026-03-10 18:52:00,Toasts,Chilli Cheese Garlic Toast,MENU0083,Food,Menu Item,235.0,1.0,235.0,6.74,Bill Discount,Synthetic promotion,228.26,11.41,0,0,0,0,239.67,,,,,
Delhi,ABNAH Cafe Connaught Place,,BILL-OUT001-260310-0047,47,Delivery/Takeaway,,2026-03-10 14:42:00,2026-03-10 15:13:00,Breakfast,Breakfast Pancakes,MENU0086,Food,Menu Item,290.54,1.0,290.54,0.0,,,290.54,14.53,0,0,0,0,305.07,,,,,
Delhi,ABNAH Cafe Connaught Place,,BILL-OUT001-260310-0048,48,Delivery/Takeaway,,2026-03-10 10:27:00,2026-03-10 10:43:00,Breakfast,Cream Cheese Bagel,MENU0087,Food,Menu Item,250.0,1.0,250.0,1.47,Bill Discount,Synthetic promotion,248.53,12.43,0,0,0,0,260.96,,,,,
Delhi,ABNAH Cafe Connaught Place,,BILL-OUT001-260310-0049,49,Delivery/Takeaway,,2026-03-10 16:16:00,2026-03-10 16:50:00,Snacks,Marinara Cheese Pin Wheels,MENU0090,Food,Menu Item,215.0,3.0,645.0,35.57,Bill Discount,Synthetic promotion,609.43,30.47,0,0,0,0,639.9,,,,,
Delhi,ABNAH Cafe Connaught Place,,BILL-OUT001-260310-0050,50,Delivery/Takeaway,,2026-03-10 09:45:00,2026-03-10 09:56:00,Snacks,Pesto Sundried Tomato Pin Wheel,MENU0091,Food,Menu Item,225.0,1.0,225.0,13.19,Bill Discount,Synthetic promotion,211.81,10.59,0,0,0,0,222.4,,,,,
Delhi,ABNAH Cafe Connaught Place,,BILL-OUT001-260310-0051,51,Delivery/Takeaway,,2026-03-10 18:20:00,2026-03-10 18:40:00,Baked Goods,Butter Croissant,MENU0094,Food,Menu Item,195.0,1.0,195.0,3.89,Bill Discount,Synthetic promotion,191.11,9.56,0,0,0,0,200.67,,,,,
Delhi,ABNAH Cafe Connaught Place,,BILL-OUT001-260310-0052,52,Delivery/Takeaway,,2026-03-10 16:00:00,2026-03-10 16:42:00,Baked Goods,Chocolate Croissant,MENU0096,Food,Menu Item,235.0,1.0,235.0,3.7,Bill Discount,Synthetic promotion,231.3,11.56,0,0,0,0,242.86,,,,,
Delhi,ABNAH Cafe Connaught Place,,BILL-OUT001-260310-0053,53,Dine In,T22,2026-03-10 09:33:00,2026-03-10 09:56:00,Baked Goods,Sriracha Chicken Croissant,MENU0098,Food,Menu Item,275.0,1.0,275.0,4.97,Bill Discount,Synthetic promotion,270.03,13.5,0,0,0,0,283.53,,,,,
Delhi,ABNAH Cafe Connaught Place,,BILL-OUT001-260310-0054,54,Dine In,T02,2026-03-10 14:01:00,2026-03-10 14:34:00,Baked Goods,Lemon Raspberry Tea Cake,MENU0101,Dessert,Menu Item,215.0,1.0,215.0,9.58,Bill Discount,Synthetic promotion,205.42,10.27,0,0,0,0,215.69,,,,,
Delhi,ABNAH Cafe Connaught Place,,BILL-OUT001-260310-0055,55,Delivery/Takeaway,,2026-03-10 18:09:00,2026-03-10 18:47:00,Desserts,Banoffee Pie,MENU0103,Dessert,Menu Item,285.0,1.0,285.0,12.41,Bill Discount,Synthetic promotion,272.59,13.63,0,0,0,0,286.22,,,,,
Delhi,ABNAH Cafe Connaught Place,,BILL-OUT001-260310-0056,56,Delivery/Takeaway,,2026-03-10 19:33:00,2026-03-10 19:57:00,Desserts,Classic Chocolate Fudge Brownie,MENU0104,Dessert,Menu Item,195.0,1.0,195.0,8.21,Bill Discount,Synthetic promotion,186.79,9.34,0,0,0,0,196.13,,,,,
Delhi,ABNAH Cafe Connaught Place,,BILL-OUT001-260310-0057,57,Delivery/Takeaway,,2026-03-10 15:02:00,2026-03-10 15:26:00,Desserts,Jaggery Parmesan Cookie,MENU0107,Dessert,Menu Item,170.71,2.0,341.42,0.0,,,341.42,17.07,0,0,0,0,358.49,,,,,
Delhi,ABNAH Cafe Connaught Place,,BILL-OUT001-260310-0058,58,Delivery/Takeaway,,2026-03-10 08:38:00,2026-03-10 09:22:00,Baked Goods,Multigrain Walnut Tea Cake,MENU0110,Dessert,Menu Item,225.0,2.0,450.0,18.72,Bill Discount,Synthetic promotion,431.28,21.56,0,0,0,0,452.84,,,,,
Delhi,ABNAH Cafe Connaught Place,,BILL-OUT001-260311-0001,1,Delivery/Takeaway,,2026-03-11 09:23:00,2026-03-11 10:03:00,Espresso,Espresso Shot - Solo,MENU0001,Beverage,Menu Item,145.0,1.0,145.0,7.88,Bill Discount,Synthetic promotion,137.12,6.86,0,0,0,0,143.98,,,,,
Delhi,ABNAH Cafe Connaught Place,,BILL-OUT001-260311-0002,2,Delivery/Takeaway,,2026-03-11 10:07:00,2026-03-11 10:27:00,Coffee Classics,Americano - Regular,MENU0003,Beverage,Menu Item,185.0,4.0,740.0,32.47,Bill Discount,Synthetic promotion,707.53,35.38,0,0,0,0,742.91,,,,,
Delhi,ABNAH Cafe Connaught Place,,BILL-OUT001-260311-0003,3,Dine In,T21,2026-03-11 13:30:00,2026-03-11 13:59:00,Coffee Classics,Americano - Medium,MENU0004,Beverage,Menu Item,210.0,2.0,420.0,21.68,Bill Discount,Synthetic promotion,398.32,19.92,0,0,0,0,418.24,,,,,
Delhi,ABNAH Cafe Connaught Place,,BILL-OUT001-260311-0004,4,Delivery/Takeaway,,2026-03-11 09:12:00,2026-03-11 09:24:00,Coffee Classics,Americano - Large,MENU0005,Beverage,Menu Item,239.32,2.0,478.64,0.0,,,478.65,23.93,0,0,0,0,502.58,,,,,
Delhi,ABNAH Cafe Connaught Place,,BILL-OUT001-260311-0005,5,Delivery/Takeaway,,2026-03-11 13:23:00,2026-03-11 13:39:00,Coffee Classics,Latte - Regular,MENU0006,Beverage,Menu Item,225.0,1.0,225.0,1.12,Bill Discount,Synthetic promotion,223.88,11.19,0,0,0,0,235.07,,,,,
Delhi,ABNAH Cafe Connaught Place,,BILL-OUT001-260311-0006,6,Dine In,T03,2026-03-11 08:20:00,2026-03-11 09:06:00,Coffee Classics,Latte - Medium,MENU0007,Beverage,Menu Item,250.0,5.0,1250.0,43.38,Bill Discount,Synthetic promotion,1206.62,60.33,0,0,0,0,1266.95,,,,,
Delhi,ABNAH Cafe Connaught Place,,BILL-OUT001-260311-0007,7,Delivery/Takeaway,,2026-03-11 15:23:00,2026-03-11 15:33:00,Coffee Classics,Cappuccino - Regular,MENU0009,Beverage,Menu Item,225.0,2.0,450.0,25.74,Bill Discount,Synthetic promotion,424.26,21.21,0,0,0,0,445.47,,,,,
Delhi,ABNAH Cafe Connaught Place,,BILL-OUT001-260311-0008,8,Dine In,T04,2026-03-11 18:22:00,2026-03-11 18:50:00,Coffee Classics,Cappuccino - Medium,MENU0010,Beverage,Menu Item,252.36,5.0,1261.8,0.0,,,1261.82,63.09,0,0,0,0,1324.91,,,,,
Delhi,ABNAH Cafe Connaught Place,,BILL-OUT001-260311-0009,9,Dine In,T18,2026-03-11 17:55:00,2026-03-11 18:09:00,Coffee Classics,Cappuccino - Large,MENU0011,Beverage,Menu Item,275.0,1.0,275.0,3.46,Bill Discount,Synthetic promotion,271.54,13.58,0,0,0,0,285.12,,,,,
Delhi,ABNAH Cafe Connaught Place,,BILL-OUT001-260311-0010,10,Delivery/Takeaway,,2026-03-11 08:25:00,2026-03-11 09:03:00,Coffee Classics,Flat White - Regular,MENU0012,Beverage,Menu Item,235.0,1.0,235.0,11.2,Bill Discount,Synthetic promotion,223.8,11.19,0,0,0,0,234.99,,,,,
Delhi,ABNAH Cafe Connaught Place,,BILL-OUT001-260311-0011,11,Dine In,T09,2026-03-11 16:45:00,2026-03-11 17:24:00,Coffee Classics,Flat White - Medium,MENU0013,Beverage,Menu Item,260.34,6.0,1562.04,0.01,Bill Discount,Synthetic promotion,1562.03,78.1,0,0,0,0,1640.13,,,,,
Delhi,ABNAH Cafe Connaught Place,,BILL-OUT001-260311-0012,12,Delivery/Takeaway,,2026-03-11 08:03:00,2026-03-11 08:43:00,Coffee Classics,Flat White - Large,MENU0014,Beverage,Menu Item,285.0,3.0,855.0,20.29,Bill Discount,Synthetic promotion,834.71,41.74,0,0,0,0,876.45,,,,,
Delhi,ABNAH Cafe Connaught Place,,BILL-OUT001-260311-0013,13,Delivery/Takeaway,,2026-03-11 11:25:00,2026-03-11 12:01:00,Coffee Classics,Mocha - Regular,MENU0015,Beverage,Menu Item,245.0,2.0,490.0,15.86,Bill Discount,Synthetic promotion,474.14,23.71,0,0,0,0,497.85,,,,,
Delhi,ABNAH Cafe Connaught Place,,BILL-OUT001-260311-0014,14,Dine In,T19,2026-03-11 12:27:00,2026-03-11 12:51:00,Coffee Classics,Mocha - Medium,MENU0016,Beverage,Menu Item,270.0,1.0,270.0,3.82,Bill Discount,Synthetic promotion,266.18,13.31,0,0,0,0,279.49,,,,,
Delhi,ABNAH Cafe Connaught Place,,BILL-OUT001-260311-0015,15,Dine In,T03,2026-03-11 09:58:00,2026-03-11 10:25:00,Signature Coffee,Sea Salt Mocha - Regular,MENU0018,Beverage,Menu Item,275.0,2.0,550.0,24.18,Bill Discount,Synthetic promotion,525.82,26.29,0,0,0,0,552.11,,,,,
Delhi,ABNAH Cafe Connaught Place,,BILL-OUT001-260311-0016,16,Delivery/Takeaway,,2026-03-11 15:55:00,2026-03-11 16:26:00,Signature Coffee,Sea Salt Mocha - Large,MENU0020,Beverage,Menu Item,335.0,2.0,670.0,35.06,Bill Discount,Synthetic promotion,634.94,31.75,0,0,0,0,666.69,,,,,
Delhi,ABNAH Cafe Connaught Place,,BILL-OUT001-260311-0017,17,Delivery/Takeaway,,2026-03-11 14:15:00,2026-03-11 14:57:00,Signature Coffee,Orange Zest Mocha - Regular,MENU0021,Beverage,Menu Item,270.75,3.0,812.25,0.01,Bill Discount,Synthetic promotion,812.24,40.61,0,0,0,0,852.85,,,,,
Delhi,ABNAH Cafe Connaught Place,,BILL-OUT001-260311-0018,18,Dine In,T23,2026-03-11 09:01:00,2026-03-11 09:50:00,Signature Coffee,Caramel Macchiato - Regular,MENU0024,Beverage,Menu Item,267.03,1.0,267.03,0.0,,,267.03,13.35,0,0,0,0,280.38,,,,,
Delhi,ABNAH Cafe Connaught Place,,BILL-OUT001-260311-0019,19,Delivery/Takeaway,,2026-03-11 15:04:00,2026-03-11 15:29:00,Signature Coffee,Caramel Macchiato - Medium,MENU0025,Beverage,Menu Item,295.0,1.0,295.0,4.21,Bill Discount,Synthetic promotion,290.79,14.54,0,0,0,0,305.33,,,,,
Delhi,ABNAH Cafe Connaught Place,,BILL-OUT001-260311-0020,20,Dine In,T14,2026-03-11 15:10:00,2026-03-11 15:34:00,Signature Coffee,French Vanilla Latte - Regular,MENU0027,Beverage,Menu Item,267.71,1.0,267.71,0.0,,,267.71,13.39,0,0,0,0,281.1,,,,,
Delhi,ABNAH Cafe Connaught Place,,BILL-OUT001-260311-0021,21,Delivery/Takeaway,,2026-03-11 16:47:00,2026-03-11 17:28:00,Signature Coffee,French Vanilla Latte - Large,MENU0029,Beverage,Menu Item,325.0,1.0,325.0,13.47,Bill Discount,Synthetic promotion,311.53,15.58,0,0,0,0,327.11,,,,,
Delhi,ABNAH Cafe Connaught Place,,BILL-OUT001-260311-0022,22,Delivery/Takeaway,,2026-03-11 19:34:00,2026-03-11 19:47:00,Signature Coffee,Vegan Iced Latte - Regular,MENU0030,Beverage,Menu Item,285.0,2.0,570.0,10.06,Bill Discount,Synthetic promotion,559.94,28.0,0,0,0,0,587.94,,,,,
Delhi,ABNAH Cafe Connaught Place,,BILL-OUT001-260311-0023,23,Delivery/Takeaway,,2026-03-11 18:43:00,2026-03-11 19:15:00,Cold Brew,Classic Cold Brew - Medium,MENU0034,Beverage,Menu Item,250.0,3.0,750.0,40.28,Bill Discount,Synthetic promotion,709.72,35.49,0,0,0,0,745.21,,,,,
Delhi,ABNAH Cafe Connaught Place,,BILL-OUT001-260311-0024,24,Delivery/Takeaway,,2026-03-11 16:19:00,2026-03-11 16:30:00,Cold Brew,Classic Cold Brew - Large,MENU0035,Beverage,Menu Item,275.0,1.0,275.0,2.93,Bill Discount,Synthetic promotion,272.07,13.6,0,0,0,0,285.67,,,,,
Delhi,ABNAH Cafe Connaught Place,,BILL-OUT001-260311-0025,25,Dine In,T04,2026-03-11 14:01:00,2026-03-11 14:45:00,Cold Brew,Vietnamese Shakerato - Regular,MENU0039,Beverage,Menu Item,258.06,2.0,516.12,0.0,,,516.12,25.81,0,0,0,0,541.93,,,,,
Delhi,ABNAH Cafe Connaught Place,,BILL-OUT001-260311-0026,26,Dine In,T04,2026-03-11 11:42:00,2026-03-11 12:00:00,Cold Brew,Vietnamese Shakerato - Medium,MENU0040,Beverage,Menu Item,280.0,1.0,280.0,3.16,Bill Discount,Synthetic promotion,276.84,13.84,0,0,0,0,290.68,,,,,
Delhi,ABNAH Cafe Connaught Place,,BILL-OUT001-260311-0027,27,Delivery/Takeaway,,2026-03-11 14:44:00,2026-03-11 15:09:00,Cold Brew,Vietnamese Shakerato - Large,MENU0041,Beverage,Menu Item,308.01,2.0,616.02,0.0,,,616.02,30.8,0,0,0,0,646.82,,,,,
Delhi,ABNAH Cafe Connaught Place,,BILL-OUT001-260311-0028,28,Delivery/Takeaway,,2026-03-11 19:57:00,2026-03-11 20:16:00,Cold Coffee,Classic Cold Coffee - Regular,MENU0042,Beverage,Menu Item,255.0,3.0,765.0,1.89,Bill Discount,Synthetic promotion,763.11,38.16,0,0,0,0,801.27,,,,,
Delhi,ABNAH Cafe Connaught Place,,BILL-OUT001-260311-0029,29,Dine In,T19,2026-03-11 13:21:00,2026-03-11 13:29:00,Cold Coffee,Classic Cold Coffee - Medium,MENU0043,Beverage,Menu Item,290.0,1.0,290.0,8.83,Bill Discount,Synthetic promotion,281.17,14.06,0,0,0,0,295.23,,,,,
Delhi,ABNAH Cafe Connaught Place,,BILL-OUT001-260311-0030,30,Delivery/Takeaway,,2026-03-11 14:00:00,2026-03-11 14:28:00,Cold Coffee,Mocha Cold Coffee - Regular,MENU0045,Beverage,Menu Item,285.0,3.0,855.0,38.35,Bill Discount,Synthetic promotion,816.65,40.83,0,0,0,0,857.48,,,,,
Delhi,ABNAH Cafe Connaught Place,,BILL-OUT001-260311-0031,31,Dine In,T02,2026-03-11 11:19:00,2026-03-11 12:07:00,Cold Coffee,Caramel Cold Coffee - Regular,MENU0048,Beverage,Menu Item,285.0,2.0,570.0,14.3,Bill Discount,Synthetic promotion,555.7,27.79,0,0,0,0,583.49,,,,,
Delhi,ABNAH Cafe Connaught Place,,BILL-OUT001-260311-0032,32,Delivery/Takeaway,,2026-03-11 16:55:00,2026-03-11 17:20:00,Cold Coffee,Caramel Cold Coffee - Large,MENU0050,Beverage,Menu Item,357.51,2.0,715.02,0.0,,,715.03,35.75,0,0,0,0,750.78,,,,,
Delhi,ABNAH Cafe Connaught Place,,BILL-OUT001-260311-0033,33,Delivery/Takeaway,,2026-03-11 14:26:00,2026-03-11 14:48:00,Tea,Masala Chai Latte - Regular,MENU0051,Beverage,Menu Item,198.47,1.0,198.47,0.0,,,198.47,9.92,0,0,0,0,208.39,,,,,
Delhi,ABNAH Cafe Connaught Place,,BILL-OUT001-260311-0034,34,Dine In,T02,2026-03-11 17:42:00,2026-03-11 17:54:00,Tea,Masala Chai Latte - Medium,MENU0052,Beverage,Menu Item,220.51,2.0,441.02,0.0,,,441.02,22.05,0,0,0,0,463.07,,,,,
Delhi,ABNAH Cafe Connaught Place,,BILL-OUT001-260311-0035,35,Dine In,T15,2026-03-11 13:53:00,2026-03-11 14:37:00,Tea,Japanese Matcha Latte - Regular,MENU0055,Beverage,Menu Item,265.0,4.0,1060.0,29.38,Bill Discount,Synthetic promotion,1030.62,51.53,0,0,0,0,1082.15,,,,,
Delhi,ABNAH Cafe Connaught Place,,BILL-OUT001-260311-0036,36,Delivery/Takeaway,,2026-03-11 12:33:00,2026-03-11 13:10:00,Tea,Japanese Matcha Latte - Medium,MENU0056,Beverage,Menu Item,295.0,1.0,295.0,0.58,Bill Discount,Synthetic promotion,294.42,14.72,0,0,0,0,309.14,,,,,
Delhi,ABNAH Cafe Connaught Place,,BILL-OUT001-260311-0037,37,Delivery/Takeaway,,2026-03-11 16:50:00,2026-03-11 17:26:00,Tea,Japanese Matcha Latte - Large,MENU0057,Beverage,Menu Item,328.01,1.0,328.01,0.0,,,328.01,16.4,0,0,0,0,344.41,,,,,
Delhi,ABNAH Cafe Connaught Place,,BILL-OUT001-260311-0038,38,Delivery/Takeaway,,2026-03-11 18:33:00,2026-03-11 19:07:00,Iced Tea,Lemon Iced Tea - Regular,MENU0058,Beverage,Menu Item,205.0,2.0,410.0,0.07,Bill Discount,Synthetic promotion,409.93,20.5,0,0,0,0,430.43,,,,,
Delhi,ABNAH Cafe Connaught Place,,BILL-OUT001-260311-0039,39,Dine In,T22,2026-03-11 09:41:00,2026-03-11 09:58:00,Iced Tea,Lemon Iced Tea - Medium,MENU0059,Beverage,Menu Item,230.71,1.0,230.71,0.0,,,230.71,11.54,0,0,0,0,242.25,,,,,
Delhi,ABNAH Cafe Connaught Place,,BILL-OUT001-260311-0040,40,Dine In,T06,2026-03-11 19:44:00,2026-03-11 20:22:00,Iced Tea,Hibiscus Lime Iced Tea - Medium,MENU0062,Beverage,Menu Item,250.0,1.0,250.0,10.73,Bill Discount,Synthetic promotion,239.27,11.96,0,0,0,0,251.23,,,,,
Delhi,ABNAH Cafe Connaught Place,,BILL-OUT001-260311-0041,41,Delivery/Takeaway,,2026-03-11 18:51:00,2026-03-11 19:39:00,Kids Beverage,Hot Chocolate - Regular,MENU0064,Beverage,Menu Item,220.0,1.0,220.0,7.28,Bill Discount,Synthetic promotion,212.72,10.64,0,0,0,0,223.36,,,,,
Delhi,ABNAH Cafe Connaught Place,,BILL-OUT001-260311-0042,42,Delivery/Takeaway,,2026-03-11 16:03:00,2026-03-11 16:38:00,Shake,Choco Chip Shake - Medium,MENU0069,Beverage,Menu Item,330.0,1.0,330.0,0.92,Bill Discount,Synthetic promotion,329.08,16.45,0,0,0,0,345.53,,,,,
Delhi,ABNAH Cafe Connaught Place,,BILL-OUT001-260311-0043,43,Delivery/Takeaway,,2026-03-11 13:54:00,2026-03-11 14:20:00,Smoothie,Seasonal Smoothie - Medium,MENU0075,Beverage,Menu Item,340.0,1.0,340.0,10.78,Bill Discount,Synthetic promotion,329.22,16.46,0,0,0,0,345.68,,,,,
Delhi,ABNAH Cafe Connaught Place,,BILL-OUT001-260311-0044,44,Dine In,T24,2026-03-11 12:51:00,2026-03-11 13:36:00,Sandwiches,Pesto Veg Sandwich,MENU0080,Food,Menu Item,280.0,2.0,560.0,23.26,Bill Discount,Synthetic promotion,536.74,26.84,0,0,0,0,563.58,,,,,
Delhi,ABNAH Cafe Connaught Place,,BILL-OUT001-260311-0045,45,Delivery/Takeaway,,2026-03-11 18:19:00,2026-03-11 18:45:00,Toasts,Chilli Cheese Garlic Toast,MENU0083,Food,Menu Item,235.0,1.0,235.0,2.2,Bill Discount,Synthetic promotion,232.8,11.64,0,0,0,0,244.44,,,,,
Delhi,ABNAH Cafe Connaught Place,,BILL-OUT001-260311-0046,46,Delivery/Takeaway,,2026-03-11 11:22:00,2026-03-11 12:11:00,Breakfast,Breakfast Pancakes,MENU0086,Food,Menu Item,285.0,2.0,570.0,27.52,Bill Discount,Synthetic promotion,542.48,27.12,0,0,0,0,569.6,,,,,
Delhi,ABNAH Cafe Connaught Place,,BILL-OUT001-260311-0047,47,Delivery/Takeaway,,2026-03-11 10:04:00,2026-03-11 10:14:00,Breakfast,Cream Cheese Bagel,MENU0087,Food,Menu Item,250.0,2.0,500.0,11.1,Bill Discount,Synthetic promotion,488.9,24.45,0,0,0,0,513.35,,,,,
Delhi,ABNAH Cafe Connaught Place,,BILL-OUT001-260311-0048,48,Delivery/Takeaway,,2026-03-11 15:12:00,2026-03-11 15:21:00,Snacks,Marinara Cheese Pin Wheels,MENU0090,Food,Menu Item,215.0,1.0,215.0,0.82,Bill Discount,Synthetic promotion,214.18,10.71,0,0,0,0,224.89,,,,,
Delhi,ABNAH Cafe Connaught Place,,BILL-OUT001-260311-0049,49,Dine In,T23,2026-03-11 18:05:00,2026-03-11 18:28:00,Snacks,Turnover with Brioche Dough Chicken,MENU0092,Food,Menu Item,255.0,2.0,510.0,11.95,Bill Discount,Synthetic promotion,498.05,24.9,0,0,0,0,522.95,,,,,
Delhi,ABNAH Cafe Connaught Place,,BILL-OUT001-260311-0050,50,Delivery/Takeaway,,2026-03-11 15:30:00,2026-03-11 16:16:00,Snacks,Turnover with Brioche Dough Veg,MENU0093,Food,Menu Item,235.0,1.0,235.0,8.34,Bill Discount,Synthetic promotion,226.66,11.33,0,0,0,0,237.99,,,,,
Delhi,ABNAH Cafe Connaught Place,,BILL-OUT001-260311-0051,51,Dine In,T20,2026-03-11 16:01:00,2026-03-11 16:16:00,Baked Goods,Butter Croissant,MENU0094,Food,Menu Item,195.0,2.0,390.0,9.42,Bill Discount,Synthetic promotion,380.58,19.03,0,0,0,0,399.61,,,,,
Delhi,ABNAH Cafe Connaught Place,,BILL-OUT001-260311-0052,52,Dine In,T03,2026-03-11 14:24:00,2026-03-11 14:58:00,Baked Goods,Mushroom Cheese Croissant,MENU0097,Food,Menu Item,256.41,3.0,769.23,0.0,,,769.24,38.46,0,0,0,0,807.7,,,,,
Delhi,ABNAH Cafe Connaught Place,,BILL-OUT001-260311-0053,53,Dine In,T09,2026-03-11 08:37:00,2026-03-11 08:50:00,Baked Goods,Sriracha Chicken Croissant,MENU0098,Food,Menu Item,275.0,2.0,550.0,22.84,Bill Discount,Synthetic promotion,527.16,26.36,0,0,0,0,553.52,,,,,
Delhi,ABNAH Cafe Connaught Place,,BILL-OUT001-260311-0054,54,Delivery/Takeaway,,2026-03-11 08:42:00,2026-03-11 09:09:00,Baked Goods,Cinnamon Roll with Cream Cheese,MENU0099,Dessert,Menu Item,220.0,1.0,220.0,11.54,Bill Discount,Synthetic promotion,208.46,10.42,0,0,0,0,218.88,,,,,
Delhi,ABNAH Cafe Connaught Place,,BILL-OUT001-260311-0055,55,Dine In,T01,2026-03-11 18:50:00,2026-03-11 19:29:00,Baked Goods,Banana Walnut Tea Cake,MENU0100,Dessert,Menu Item,205.0,1.0,205.0,1.9,Bill Discount,Synthetic promotion,203.1,10.15,0,0,0,0,213.25,,,,,
Delhi,ABNAH Cafe Connaught Place,,BILL-OUT001-260311-0056,56,Dine In,T24,2026-03-11 09:21:00,2026-03-11 09:47:00,Desserts,Double Chocolate Truffle Cake,MENU0102,Dessert,Menu Item,295.0,1.0,295.0,11.68,Bill Discount,Synthetic promotion,283.32,14.17,0,0,0,0,297.49,,,,,
Delhi,ABNAH Cafe Connaught Place,,BILL-OUT001-260311-0057,57,Dine In,T08,2026-03-11 19:26:00,2026-03-11 19:39:00,Desserts,Banoffee Pie,MENU0103,Dessert,Menu Item,285.0,1.0,285.0,7.76,Bill Discount,Synthetic promotion,277.24,13.86,0,0,0,0,291.1,,,,,
Delhi,ABNAH Cafe Connaught Place,,BILL-OUT001-260311-0058,58,Delivery/Takeaway,,2026-03-11 09:39:00,2026-03-11 10:20:00,Baked Goods,Multigrain Walnut Tea Cake,MENU0110,Dessert,Menu Item,227.69,1.0,227.69,0.0,,,227.69,11.38,0,0,0,0,239.07,,,,,
Delhi,ABNAH Cafe Connaught Place,,BILL-OUT001-260312-0001,1,Delivery/Takeaway,,2026-03-12 14:32:00,2026-03-12 14:41:00,Coffee Classics,Americano - Regular,MENU0003,Beverage,Menu Item,185.0,2.0,370.0,11.93,Bill Discount,Synthetic promotion,358.07,17.9,0,0,0,0,375.97,,,,,
Delhi,ABNAH Cafe Connaught Place,,BILL-OUT001-260312-0002,2,Delivery/Takeaway,,2026-03-12 17:31:00,2026-03-12 18:12:00,Coffee Classics,Americano - Medium,MENU0004,Beverage,Menu Item,210.0,2.0,420.0,15.23,Bill Discount,Synthetic promotion,404.77,20.24,0,0,0,0,425.01,,,,,
Delhi,ABNAH Cafe Connaught Place,,BILL-OUT001-260312-0003,3,Delivery/Takeaway,,2026-03-12 11:31:00,2026-03-12 11:40:00,Coffee Classics,Latte - Regular,MENU0006,Beverage,Menu Item,229.06,7.0,1603.42,0.01,Bill Discount,Synthetic promotion,1603.41,80.17,0,0,0,0,1683.58,,,,,
Delhi,ABNAH Cafe Connaught Place,,BILL-OUT001-260312-0004,4,Dine In,T11,2026-03-12 08:50:00,2026-03-12 08:59:00,Coffee Classics,Latte - Medium,MENU0007,Beverage,Menu Item,250.0,4.0,1000.0,24.49,Bill Discount,Synthetic promotion,975.51,48.78,0,0,0,0,1024.29,,,,,
Delhi,ABNAH Cafe Connaught Place,,BILL-OUT001-260312-0005,5,Delivery/Takeaway,,2026-03-12 18:12:00,2026-03-12 18:23:00,Coffee Classics,Latte - Large,MENU0008,Beverage,Menu Item,275.0,3.0,825.0,42.7,Bill Discount,Synthetic promotion,782.3,39.12,0,0,0,0,821.42,,,,,
Delhi,ABNAH Cafe Connaught Place,,BILL-OUT001-260312-0006,6,Dine In,T02,2026-03-12 19:44:00,2026-03-12 20:29:00,Coffee Classics,Cappuccino - Regular,MENU0009,Beverage,Menu Item,229.28,4.0,917.12,0.0,,,917.13,45.86,0,0,0,0,962.99,,,,,
Delhi,ABNAH Cafe Connaught Place,,BILL-OUT001-260312-0007,7,Delivery/Takeaway,,2026-03-12 08:09:00,2026-03-12 08:24:00,Coffee Classics,Cappuccino - Medium,MENU0010,Beverage,Menu Item,250.0,2.0,500.0,0.72,Bill Discount,Synthetic promotion,499.28,24.96,0,0,0,0,524.24,,,,,
Delhi,ABNAH Cafe Connaught Place,,BILL-OUT001-260312-0008,8,Dine In,T01,2026-03-12 08:12:00,2026-03-12 08:32:00,Coffee Classics,Cappuccino - Large,MENU0011,Beverage,Menu Item,278.05,1.0,278.05,0.0,,,278.05,13.9,0,0,0,0,291.95,,,,,
Delhi,ABNAH Cafe Connaught Place,,BILL-OUT001-260312-0009,9,Dine In,T14,2026-03-12 12:16:00,2026-03-12 12:34:00,Coffee Classics,Flat White - Regular,MENU0012,Beverage,Menu Item,235.0,5.0,1175.0,63.31,Bill Discount,Synthetic promotion,1111.69,55.58,0,0,0,0,1167.27,,,,,
Delhi,ABNAH Cafe Connaught Place,,BILL-OUT001-260312-0010,10,Delivery/Takeaway,,2026-03-12 09:37:00,2026-03-12 10:15:00,Coffee Classics,Flat White - Medium,MENU0013,Beverage,Menu Item,260.0,5.0,1300.0,56.32,Bill Discount,Synthetic promotion,1243.68,62.18,0,0,0,0,1305.86,,,,,
Delhi,ABNAH Cafe Connaught Place,,BILL-OUT001-260312-0011,11,Dine In,T22,2026-03-12 18:50:00,2026-03-12 19:24:00,Coffee Classics,Flat White - Large,MENU0014,Beverage,Menu Item,290.66,1.0,290.66,0.0,,,290.66,14.53,0,0,0,0,305.19,,,,,
Delhi,ABNAH Cafe Connaught Place,,BILL-OUT001-260312-0012,12,Delivery/Takeaway,,2026-03-12 16:52:00,2026-03-12 17:34:00,Coffee Classics,Mocha - Regular,MENU0015,Beverage,Menu Item,245.0,1.0,245.0,10.71,Bill Discount,Synthetic promotion,234.29,11.71,0,0,0,0,246.0,,,,,
Delhi,ABNAH Cafe Connaught Place,,BILL-OUT001-260312-0013,13,Dine In,T02,2026-03-12 11:12:00,2026-03-12 11:51:00,Coffee Classics,Mocha - Medium,MENU0016,Beverage,Menu Item,270.0,1.0,270.0,7.94,Bill Discount,Synthetic promotion,262.06,13.1,0,0,0,0,275.16,,,,,
Delhi,ABNAH Cafe Connaught Place,,BILL-OUT001-260312-0014,14,Delivery/Takeaway,,2026-03-12 14:27:00,2026-03-12 14:44:00,Coffee Classics,Mocha - Large,MENU0017,Beverage,Menu Item,295.0,4.0,1180.0,52.87,Bill Discount,Synthetic promotion,1127.13,56.36,0,0,0,0,1183.49,,,,,
Delhi,ABNAH Cafe Connaught Place,,BILL-OUT001-260312-0015,15,Delivery/Takeaway,,2026-03-12 17:51:00,2026-03-12 18:12:00,Signature Coffee,Sea Salt Mocha - Regular,MENU0018,Beverage,Menu Item,275.0,1.0,275.0,0.49,Bill Discount,Synthetic promotion,274.51,13.73,0,0,0,0,288.24,,,,,
Delhi,ABNAH Cafe Connaught Place,,BILL-OUT001-260312-0016,16,Dine In,T16,2026-03-12 16:22:00,2026-03-12 16:58:00,Signature Coffee,Sea Salt Mocha - Large,MENU0020,Beverage,Menu Item,335.0,1.0,335.0,15.02,Bill Discount,Synthetic promotion,319.98,16.0,0,0,0,0,335.98,,,,,
Delhi,ABNAH Cafe Connaught Place,,BILL-OUT001-260312-0017,17,Delivery/Takeaway,,2026-03-12 17:30:00,2026-03-12 17:41:00,Signature Coffee,Orange Zest Mocha - Medium,MENU0022,Beverage,Menu Item,300.0,1.0,300.0,17.28,Bill Discount,Synthetic promotion,282.72,14.14,0,0,0,0,296.86,,,,,
Delhi,ABNAH Cafe Connaught Place,,BILL-OUT001-260312-0018,18,Dine In,T03,2026-03-12 08:34:00,2026-03-12 09:08:00,Signature Coffee,Orange Zest Mocha - Large,MENU0023,Beverage,Menu Item,336.23,2.0,672.46,0.01,Bill Discount,Synthetic promotion,672.45,33.62,0,0,0,0,706.07,,,,,
Delhi,ABNAH Cafe Connaught Place,,BILL-OUT001-260312-0019,19,Delivery/Takeaway,,2026-03-12 13:21:00,2026-03-12 13:57:00,Signature Coffee,Caramel Macchiato - Regular,MENU0024,Beverage,Menu Item,265.0,1.0,265.0,0.68,Bill Discount,Synthetic promotion,264.32,13.22,0,0,0,0,277.54,,,,,
Delhi,ABNAH Cafe Connaught Place,,BILL-OUT001-260312-0020,20,Delivery/Takeaway,,2026-03-12 10:48:00,2026-03-12 10:59:00,Signature Coffee,French Vanilla Latte - Regular,MENU0027,Beverage,Menu Item,265.0,1.0,265.0,15.58,Bill Discount,Synthetic promotion,249.42,12.47,0,0,0,0,261.89,,,,,
Delhi,ABNAH Cafe Connaught Place,,BILL-OUT001-260312-0021,21,Delivery/Takeaway,,2026-03-12 15:25:00,2026-03-12 15:52:00,Signature Coffee,French Vanilla Latte - Medium,MENU0028,Beverage,Menu Item,295.0,3.0,885.0,42.41,Bill Discount,Synthetic promotion,842.59,42.13,0,0,0,0,884.72,,,,,
Delhi,ABNAH Cafe Connaught Place,,BILL-OUT001-260312-0022,22,Delivery/Takeaway,,2026-03-12 11:16:00,2026-03-12 11:39:00,Signature Coffee,French Vanilla Latte - Large,MENU0029,Beverage,Menu Item,325.0,2.0,650.0,12.65,Bill Discount,Synthetic promotion,637.35,31.87,0,0,0,0,669.22,,,,,
Delhi,ABNAH Cafe Connaught Place,,BILL-OUT001-260312-0023,23,Delivery/Takeaway,,2026-03-12 17:20:00,2026-03-12 18:02:00,Signature Coffee,Vegan Iced Latte - Regular,MENU0030,Beverage,Menu Item,285.42,3.0,856.26,0.0,,,856.26,42.81,0,0,0,0,899.07,,,,,
Delhi,ABNAH Cafe Connaught Place,,BILL-OUT001-260312-0024,24,Dine In,T16,2026-03-12 14:10:00,2026-03-12 14:36:00,Signature Coffee,Vegan Iced Latte - Medium,MENU0031,Beverage,Menu Item,310.0,4.0,1240.0,39.03,Bill Discount,Synthetic promotion,1200.97,60.05,0,0,0,0,1261.02,,,,,
Delhi,ABNAH Cafe Connaught Place,,BILL-OUT001-260312-0025,25,Delivery/Takeaway,,2026-03-12 16:43:00,2026-03-12 17:23:00,Cold Brew,Classic Cold Brew - Medium,MENU0034,Beverage,Menu Item,250.0,1.0,250.0,12.44,Bill Discount,Synthetic promotion,237.56,11.88,0,0,0,0,249.44,,,,,
Delhi,ABNAH Cafe Connaught Place,,BILL-OUT001-260312-0026,26,Delivery/Takeaway,,2026-03-12 15:22:00,2026-03-12 15:42:00,Cold Brew,Coffee Lemonade - Regular,MENU0036,Beverage,Menu Item,237.29,4.0,949.16,0.01,Bill Discount,Synthetic promotion,949.15,47.46,0,0,0,0,996.61,,,,,
Delhi,ABNAH Cafe Connaught Place,,BILL-OUT001-260312-0027,27,Dine In,T02,2026-03-12 13:15:00,2026-03-12 13:43:00,Cold Brew,Coffee Lemonade - Medium,MENU0037,Beverage,Menu Item,260.0,1.0,260.0,9.66,Bill Discount,Synthetic promotion,250.34,12.52,0,0,0,0,262.86,,,,,
Delhi,ABNAH Cafe Connaught Place,,BILL-OUT001-260312-0028,28,Delivery/Takeaway,,2026-03-12 19:52:00,2026-03-12 20:41:00,Cold Brew,Vietnamese Shakerato - Regular,MENU0039,Beverage,Menu Item,255.75,2.0,511.5,0.0,,,511.51,25.58,0,0,0,0,537.09,,,,,
Delhi,ABNAH Cafe Connaught Place,,BILL-OUT001-260312-0029,29,Dine In,T05,2026-03-12 11:16:00,2026-03-12 11:43:00,Cold Brew,Vietnamese Shakerato - Large,MENU0041,Beverage,Menu Item,307.53,1.0,307.53,0.0,,,307.53,15.38,0,0,0,0,322.91,,,,,
Delhi,ABNAH Cafe Connaught Place,,BILL-OUT001-260312-0030,30,Delivery/Takeaway,,2026-03-12 14:28:00,2026-03-12 15:10:00,Cold Coffee,Classic Cold Coffee - Regular,MENU0042,Beverage,Menu Item,258.39,1.0,258.39,0.0,,,258.39,12.92,0,0,0,0,271.31,,,,,
Delhi,ABNAH Cafe Connaught Place,,BILL-OUT001-260312-0031,31,Delivery/Takeaway,,2026-03-12 16:10:00,2026-03-12 16:39:00,Cold Coffee,Classic Cold Coffee - Medium,MENU0043,Beverage,Menu Item,290.0,1.0,290.0,3.98,Bill Discount,Synthetic promotion,286.02,14.3,0,0,0,0,300.32,,,,,
Delhi,ABNAH Cafe Connaught Place,,BILL-OUT001-260312-0032,32,Delivery/Takeaway,,2026-03-12 13:49:00,2026-03-12 14:19:00,Cold Coffee,Caramel Cold Coffee - Medium,MENU0049,Beverage,Menu Item,320.0,1.0,320.0,15.63,Bill Discount,Synthetic promotion,304.37,15.22,0,0,0,0,319.59,,,,,
Delhi,ABNAH Cafe Connaught Place,,BILL-OUT001-260312-0033,33,Delivery/Takeaway,,2026-03-12 19:09:00,2026-03-12 19:55:00,Tea,Masala Chai Latte - Regular,MENU0051,Beverage,Menu Item,195.0,3.0,585.0,19.41,Bill Discount,Synthetic promotion,565.59,28.28,0,0,0,0,593.87,,,,,
Delhi,ABNAH Cafe Connaught Place,,BILL-OUT001-260312-0034,34,Delivery/Takeaway,,2026-03-12 08:55:00,2026-03-12 09:31:00,Tea,Masala Chai Latte - Medium,MENU0052,Beverage,Menu Item,220.46,2.0,440.92,0.01,Bill Discount,Synthetic promotion,440.91,22.05,0,0,0,0,462.96,,,,,
Delhi,ABNAH Cafe Connaught Place,,BILL-OUT001-260312-0035,35,Delivery/Takeaway,,2026-03-12 19:32:00,2026-03-12 19:53:00,Tea,Himalayan Green Tea,MENU0054,Beverage,Menu Item,213.68,3.0,641.04,0.0,,,641.04,32.05,0,0,0,0,673.09,,,,,
Delhi,ABNAH Cafe Connaught Place,,BILL-OUT001-260312-0036,36,Dine In,T16,2026-03-12 08:48:00,2026-03-12 09:20:00,Tea,Japanese Matcha Latte - Regular,MENU0055,Beverage,Menu Item,265.0,1.0,265.0,14.51,Bill Discount,Synthetic promotion,250.49,12.52,0,0,0,0,263.01,,,,,
Delhi,ABNAH Cafe Connaught Place,,BILL-OUT001-260312-0037,37,Delivery/Takeaway,,2026-03-12 18:19:00,2026-03-12 18:32:00,Tea,Japanese Matcha Latte - Medium,MENU0056,Beverage,Menu Item,295.0,2.0,590.0,25.4,Bill Discount,Synthetic promotion,564.6,28.23,0,0,0,0,592.83,,,,,
Delhi,ABNAH Cafe Connaught Place,,BILL-OUT001-260312-0038,38,Dine In,T21,2026-03-12 15:38:00,2026-03-12 15:51:00,Iced Tea,Lemon Iced Tea - Regular,MENU0058,Beverage,Menu Item,208.56,1.0,208.56,0.0,,,208.56,10.43,0,0,0,0,218.99,,,,,
Delhi,ABNAH Cafe Connaught Place,,BILL-OUT001-260312-0039,39,Dine In,T10,2026-03-12 08:33:00,2026-03-12 08:58:00,Iced Tea,Lemon Iced Tea - Large,MENU0060,Beverage,Menu Item,255.0,1.0,255.0,1.56,Bill Discount,Synthetic promotion,253.44,12.67,0,0,0,0,266.11,,,,,
Delhi,ABNAH Cafe Connaught Place,,BILL-OUT001-260312-0040,40,Dine In,T07,2026-03-12 17:26:00,2026-03-12 18:08:00,Kids Beverage,Hot Chocolate - Regular,MENU0064,Beverage,Menu Item,220.0,1.0,220.0,10.63,Bill Discount,Synthetic promotion,209.37,10.47,0,0,0,0,219.84,,,,,
Delhi,ABNAH Cafe Connaught Place,,BILL-OUT001-260312-0041,41,Dine In,T21,2026-03-12 19:12:00,2026-03-12 19:26:00,Shake,Choco Chip Shake - Large,MENU0070,Beverage,Menu Item,365.0,1.0,365.0,19.78,Bill Discount,Synthetic promotion,345.22,17.26,0,0,0,0,362.48,,,,,
Delhi,ABNAH Cafe Connaught Place,,BILL-OUT001-260312-0042,42,Delivery/Takeaway,,2026-03-12 10:33:00,2026-03-12 10:41:00,Smoothie,Seasonal Smoothie - Large,MENU0076,Beverage,Menu Item,375.0,1.0,375.0,17.02,Bill Discount,Synthetic promotion,357.98,17.9,0,0,0,0,375.88,,,,,
Delhi,ABNAH Cafe Connaught Place,,BILL-OUT001-260312-0043,43,Delivery/Takeaway,,2026-03-12 16:25:00,2026-03-12 16:47:00,Wraps,Spicy Paneer Wrap,MENU0077,Food,Menu Item,275.0,1.0,275.0,15.09,Bill Discount,Synthetic promotion,259.91,13.0,0,0,0,0,272.91,,,,,
Delhi,ABNAH Cafe Connaught Place,,BILL-OUT001-260312-0044,44,Delivery/Takeaway,,2026-03-12 16:43:00,2026-03-12 17:00:00,Sandwiches,Pesto Veg Sandwich,MENU0080,Food,Menu Item,280.0,1.0,280.0,3.82,Bill Discount,Synthetic promotion,276.18,13.81,0,0,0,0,289.99,,,,,
Delhi,ABNAH Cafe Connaught Place,,BILL-OUT001-260312-0045,45,Delivery/Takeaway,,2026-03-12 15:37:00,2026-03-12 16:19:00,Sandwiches,Pepper Chicken Sandwich,MENU0081,Food,Menu Item,315.0,1.0,315.0,17.25,Bill Discount,Synthetic promotion,297.75,14.89,0,0,0,0,312.64,,,,,
Delhi,ABNAH Cafe Connaught Place,,BILL-OUT001-260312-0046,46,Delivery/Takeaway,,2026-03-12 10:42:00,2026-03-12 11:29:00,Sandwiches,Tandoori Chicken Sandwich,MENU0082,Food,Menu Item,320.75,2.0,641.5,0.0,,,641.51,32.08,0,0,0,0,673.59,,,,,
Delhi,ABNAH Cafe Connaught Place,,BILL-OUT001-260312-0047,47,Dine In,T03,2026-03-12 17:37:00,2026-03-12 18:20:00,Breakfast,Breakfast Pancakes,MENU0086,Food,Menu Item,285.88,3.0,857.64,0.0,,,857.64,42.88,0,0,0,0,900.52,,,,,
Delhi,ABNAH Cafe Connaught Place,,BILL-OUT001-260312-0048,48,Delivery/Takeaway,,2026-03-12 13:15:00,2026-03-12 13:31:00,Breakfast,Masala Egg Bun,MENU0089,Food,Menu Item,225.0,1.0,225.0,1.17,Bill Discount,Synthetic promotion,223.83,11.19,0,0,0,0,235.02,,,,,
Delhi,ABNAH Cafe Connaught Place,,BILL-OUT001-260312-0049,49,Delivery/Takeaway,,2026-03-12 09:27:00,2026-03-12 10:10:00,Snacks,Turnover with Brioche Dough Veg,MENU0093,Food,Menu Item,235.9,1.0,235.9,0.0,,,235.9,11.79,0,0,0,0,247.69,,,,,
Delhi,ABNAH Cafe Connaught Place,,BILL-OUT001-260312-0050,50,Dine In,T23,2026-03-12 16:13:00,2026-03-12 17:01:00,Baked Goods,Sriracha Chicken Croissant,MENU0098,Food,Menu Item,279.68,1.0,279.68,0.0,,,279.68,13.98,0,0,0,0,293.66,,,,,
Delhi,ABNAH Cafe Connaught Place,,BILL-OUT001-260312-0051,51,Delivery/Takeaway,,2026-03-12 12:53:00,2026-03-12 13:18:00,Baked Goods,Cinnamon Roll with Cream Cheese,MENU0099,Dessert,Menu Item,220.0,3.0,660.0,14.08,Bill Discount,Synthetic promotion,645.92,32.3,0,0,0,0,678.22,,,,,
Delhi,ABNAH Cafe Connaught Place,,BILL-OUT001-260312-0052,52,Delivery/Takeaway,,2026-03-12 19:41:00,2026-03-12 20:16:00,Baked Goods,Lemon Raspberry Tea Cake,MENU0101,Dessert,Menu Item,215.0,2.0,430.0,0.1,Bill Discount,Synthetic promotion,429.9,21.5,0,0,0,0,451.4,,,,,
Delhi,ABNAH Cafe Connaught Place,,BILL-OUT001-260312-0053,53,Delivery/Takeaway,,2026-03-12 09:36:00,2026-03-12 10:12:00,Desserts,Double Chocolate Truffle Cake,MENU0102,Dessert,Menu Item,295.0,3.0,885.0,29.46,Bill Discount,Synthetic promotion,855.54,42.78,0,0,0,0,898.32,,,,,
Delhi,ABNAH Cafe Connaught Place,,BILL-OUT001-260312-0054,54,Delivery/Takeaway,,2026-03-12 12:09:00,2026-03-12 12:47:00,Desserts,Classic Chocolate Fudge Brownie,MENU0104,Dessert,Menu Item,195.0,2.0,390.0,1.89,Bill Discount,Synthetic promotion,388.11,19.41,0,0,0,0,407.52,,,,,
Delhi,ABNAH Cafe Connaught Place,,BILL-OUT001-260312-0055,55,Dine In,T10,2026-03-12 16:23:00,2026-03-12 16:49:00,Desserts,Soft-Centred Caramel Cookie,MENU0105,Dessert,Menu Item,180.0,1.0,180.0,4.23,Bill Discount,Synthetic promotion,175.77,8.79,0,0,0,0,184.56,,,,,
Delhi,ABNAH Cafe Connaught Place,,BILL-OUT001-260312-0056,56,Delivery/Takeaway,,2026-03-12 17:20:00,2026-03-12 17:29:00,Baked Goods,Multigrain Walnut Tea Cake,MENU0110,Dessert,Menu Item,226.59,1.0,226.59,0.0,,,226.59,11.33,0,0,0,0,237.92,,,,,
Delhi,ABNAH Cafe Connaught Place,,BILL-OUT001-260313-0001,1,Delivery/Takeaway,,2026-03-13 15:46:00,2026-03-13 16:33:00,Espresso,Espresso Shot - Doppio,MENU0002,Beverage,Menu Item,186.47,1.0,186.47,0.0,,,186.47,9.32,0,0,0,0,195.79,,,,,
Delhi,ABNAH Cafe Connaught Place,,BILL-OUT001-260313-0002,2,Delivery/Takeaway,,2026-03-13 17:27:00,2026-03-13 17:46:00,Coffee Classics,Americano - Regular,MENU0003,Beverage,Menu Item,185.0,3.0,555.0,21.39,Bill Discount,Synthetic promotion,533.61,26.68,0,0,0,0,560.29,,,,,
Delhi,ABNAH Cafe Connaught Place,,BILL-OUT001-260313-0003,3,Delivery/Takeaway,,2026-03-13 16:56:00,2026-03-13 17:32:00,Coffee Classics,Latte - Medium,MENU0007,Beverage,Menu Item,250.0,2.0,500.0,8.1,Bill Discount,Synthetic promotion,491.9,24.59,0,0,0,0,516.49,,,,,
Delhi,ABNAH Cafe Connaught Place,,BILL-OUT001-260313-0004,4,Delivery/Takeaway,,2026-03-13 12:14:00,2026-03-13 12:56:00,Coffee Classics,Latte - Large,MENU0008,Beverage,Menu Item,275.0,2.0,550.0,10.78,Bill Discount,Synthetic promotion,539.22,26.96,0,0,0,0,566.18,,,,,
Delhi,ABNAH Cafe Connaught Place,,BILL-OUT001-260313-0005,5,Delivery/Takeaway,,2026-03-13 09:07:00,2026-03-13 09:42:00,Coffee Classics,Cappuccino - Regular,MENU0009,Beverage,Menu Item,225.0,4.0,900.0,10.05,Bill Discount,Synthetic promotion,889.95,44.5,0,0,0,0,934.45,,,,,
Delhi,ABNAH Cafe Connaught Place,,BILL-OUT001-260313-0006,6,Delivery/Takeaway,,2026-03-13 08:39:00,2026-03-13 08:53:00,Coffee Classics,Cappuccino - Large,MENU0011,Beverage,Menu Item,275.0,2.0,550.0,31.91,Bill Discount,Synthetic promotion,518.09,25.9,0,0,0,0,543.99,,,,,
Delhi,ABNAH Cafe Connaught Place,,BILL-OUT001-260313-0007,7,Delivery/Takeaway,,2026-03-13 10:03:00,2026-03-13 10:15:00,Coffee Classics,Flat White - Regular,MENU0012,Beverage,Menu Item,235.0,3.0,705.0,27.12,Bill Discount,Synthetic promotion,677.88,33.89,0,0,0,0,711.77,,,,,
Delhi,ABNAH Cafe Connaught Place,,BILL-OUT001-260313-0008,8,Delivery/Takeaway,,2026-03-13 19:08:00,2026-03-13 19:20:00,Coffee Classics,Flat White - Large,MENU0014,Beverage,Menu Item,285.0,2.0,570.0,22.26,Bill Discount,Synthetic promotion,547.74,27.39,0,0,0,0,575.13,,,,,
Delhi,ABNAH Cafe Connaught Place,,BILL-OUT001-260313-0009,9,Dine In,T23,2026-03-13 08:41:00,2026-03-13 09:19:00,Coffee Classics,Mocha - Regular,MENU0015,Beverage,Menu Item,245.0,2.0,490.0,2.21,Bill Discount,Synthetic promotion,487.79,24.39,0,0,0,0,512.18,,,,,
Delhi,ABNAH Cafe Connaught Place,,BILL-OUT001-260313-0010,10,Dine In,T20,2026-03-13 19:46:00,2026-03-13 19:55:00,Coffee Classics,Mocha - Medium,MENU0016,Beverage,Menu Item,273.06,2.0,546.12,0.0,,,546.12,27.31,0,0,0,0,573.43,,,,,
Delhi,ABNAH Cafe Connaught Place,,BILL-OUT001-260313-0011,11,Delivery/Takeaway,,2026-03-13 12:46:00,2026-03-13 13:10:00,Coffee Classics,Mocha - Large,MENU0017,Beverage,Menu Item,295.0,3.0,885.0,29.36,Bill Discount,Synthetic promotion,855.64,42.78,0,0,0,0,898.42,,,,,
Delhi,ABNAH Cafe Connaught Place,,BILL-OUT001-260313-0012,12,Dine In,T24,2026-03-13 08:28:00,2026-03-13 09:10:00,Signature Coffee,Sea Salt Mocha - Regular,MENU0018,Beverage,Menu Item,275.0,2.0,550.0,30.52,Bill Discount,Synthetic promotion,519.48,25.97,0,0,0,0,545.45,,,,,
Delhi,ABNAH Cafe Connaught Place,,BILL-OUT001-260313-0013,13,Delivery/Takeaway,,2026-03-13 14:03:00,2026-03-13 14:22:00,Signature Coffee,Orange Zest Mocha - Regular,MENU0021,Beverage,Menu Item,270.0,2.0,540.0,27.72,Bill Discount,Synthetic promotion,512.28,25.61,0,0,0,0,537.89,,,,,
Delhi,ABNAH Cafe Connaught Place,,BILL-OUT001-260313-0014,14,Dine In,T16,2026-03-13 17:50:00,2026-03-13 18:32:00,Signature Coffee,Orange Zest Mocha - Medium,MENU0022,Beverage,Menu Item,302.27,1.0,302.27,0.0,,,302.27,15.11,0,0,0,0,317.38,,,,,
Delhi,ABNAH Cafe Connaught Place,,BILL-OUT001-260313-0015,15,Delivery/Takeaway,,2026-03-13 13:49:00,2026-03-13 14:22:00,Signature Coffee,Orange Zest Mocha - Large,MENU0023,Beverage,Menu Item,330.0,1.0,330.0,4.94,Bill Discount,Synthetic promotion,325.06,16.25,0,0,0,0,341.31,,,,,
Delhi,ABNAH Cafe Connaught Place,,BILL-OUT001-260313-0016,16,Delivery/Takeaway,,2026-03-13 08:31:00,2026-03-13 09:20:00,Signature Coffee,Caramel Macchiato - Medium,MENU0025,Beverage,Menu Item,295.0,1.0,295.0,14.17,Bill Discount,Synthetic promotion,280.83,14.04,0,0,0,0,294.87,,,,,
Delhi,ABNAH Cafe Connaught Place,,BILL-OUT001-260313-0017,17,Dine In,T09,2026-03-13 10:32:00,2026-03-13 10:46:00,Signature Coffee,Caramel Macchiato - Large,MENU0026,Beverage,Menu Item,325.0,1.0,325.0,15.41,Bill Discount,Synthetic promotion,309.59,15.48,0,0,0,0,325.07,,,,,
Delhi,ABNAH Cafe Connaught Place,,BILL-OUT001-260313-0018,18,Delivery/Takeaway,,2026-03-13 13:56:00,2026-03-13 14:11:00,Signature Coffee,French Vanilla Latte - Regular,MENU0027,Beverage,Menu Item,265.0,1.0,265.0,10.47,Bill Discount,Synthetic promotion,254.53,12.73,0,0,0,0,267.26,,,,,
Delhi,ABNAH Cafe Connaught Place,,BILL-OUT001-260313-0019,19,Delivery/Takeaway,,2026-03-13 16:08:00,2026-03-13 16:25:00,Signature Coffee,Vegan Iced Latte - Regular,MENU0030,Beverage,Menu Item,285.0,1.0,285.0,7.62,Bill Discount,Synthetic promotion,277.38,13.87,0,0,0,0,291.25,,,,,
Delhi,ABNAH Cafe Connaught Place,,BILL-OUT001-260313-0020,20,Delivery/Takeaway,,2026-03-13 15:00:00,2026-03-13 15:38:00,Signature Coffee,Vegan Iced Latte - Large,MENU0032,Beverage,Menu Item,338.34,1.0,338.34,0.0,,,338.34,16.92,0,0,0,0,355.26,,,,,
Delhi,ABNAH Cafe Connaught Place,,BILL-OUT001-260313-0021,21,Delivery/Takeaway,,2026-03-13 12:27:00,2026-03-13 13:15:00,Cold Brew,Classic Cold Brew - Medium,MENU0034,Beverage,Menu Item,250.0,1.0,250.0,1.34,Bill Discount,Synthetic promotion,248.66,12.43,0,0,0,0,261.09,,,,,
Delhi,ABNAH Cafe Connaught Place,,BILL-OUT001-260313-0022,22,Delivery/Takeaway,,2026-03-13 13:07:00,2026-03-13 13:41:00,Cold Brew,Classic Cold Brew - Large,MENU0035,Beverage,Menu Item,275.0,1.0,275.0,6.98,Bill Discount,Synthetic promotion,268.02,13.4,0,0,0,0,281.42,,,,,
Delhi,ABNAH Cafe Connaught Place,,BILL-OUT001-260313-0023,23,Delivery/Takeaway,,2026-03-13 11:23:00,2026-03-13 11:38:00,Cold Brew,Coffee Lemonade - Regular,MENU0036,Beverage,Menu Item,235.0,1.0,235.0,9.24,Bill Discount,Synthetic promotion,225.76,11.29,0,0,0,0,237.05,,,,,
Delhi,ABNAH Cafe Connaught Place,,BILL-OUT001-260313-0024,24,Dine In,T14,2026-03-13 08:11:00,2026-03-13 08:44:00,Cold Brew,Vietnamese Shakerato - Medium,MENU0040,Beverage,Menu Item,280.0,2.0,560.0,5.08,Bill Discount,Synthetic promotion,554.92,27.75,0,0,0,0,582.67,,,,,
Delhi,ABNAH Cafe Connaught Place,,BILL-OUT001-260313-0025,25,Delivery/Takeaway,,2026-03-13 11:40:00,2026-03-13 12:07:00,Cold Coffee,Classic Cold Coffee - Regular,MENU0042,Beverage,Menu Item,255.0,2.0,510.0,1.47,Bill Discount,Synthetic promotion,508.53,25.43,0,0,0,0,533.96,,,,,
Delhi,ABNAH Cafe Connaught Place,,BILL-OUT001-260313-0026,26,Delivery/Takeaway,,2026-03-13 10:49:00,2026-03-13 11:28:00,Cold Coffee,Classic Cold Coffee - Medium,MENU0043,Beverage,Menu Item,290.0,2.0,580.0,28.01,Bill Discount,Synthetic promotion,551.99,27.6,0,0,0,0,579.59,,,,,
Delhi,ABNAH Cafe Connaught Place,,BILL-OUT001-260313-0027,27,Dine In,T12,2026-03-13 15:15:00,2026-03-13 15:42:00,Cold Coffee,Mocha Cold Coffee - Regular,MENU0045,Beverage,Menu Item,285.0,2.0,570.0,7.9,Bill Discount,Synthetic promotion,562.1,28.11,0,0,0,0,590.21,,,,,
Delhi,ABNAH Cafe Connaught Place,,BILL-OUT001-260313-0028,28,Dine In,T04,2026-03-13 11:40:00,2026-03-13 12:24:00,Cold Coffee,Mocha Cold Coffee - Medium,MENU0046,Beverage,Menu Item,320.05,1.0,320.05,0.0,,,320.05,16.0,0,0,0,0,336.05,,,,,
Delhi,ABNAH Cafe Connaught Place,,BILL-OUT001-260313-0029,29,Delivery/Takeaway,,2026-03-13 13:38:00,2026-03-13 14:05:00,Cold Coffee,Mocha Cold Coffee - Large,MENU0047,Beverage,Menu Item,355.0,1.0,355.0,9.37,Bill Discount,Synthetic promotion,345.63,17.28,0,0,0,0,362.91,,,,,
Delhi,ABNAH Cafe Connaught Place,,BILL-OUT001-260313-0030,30,Delivery/Takeaway,,2026-03-13 14:12:00,2026-03-13 14:55:00,Cold Coffee,Caramel Cold Coffee - Medium,MENU0049,Beverage,Menu Item,320.0,1.0,320.0,10.39,Bill Discount,Synthetic promotion,309.61,15.48,0,0,0,0,325.09,,,,,
Delhi,ABNAH Cafe Connaught Place,,BILL-OUT001-260313-0031,31,Delivery/Takeaway,,2026-03-13 17:17:00,2026-03-13 17:25:00,Cold Coffee,Caramel Cold Coffee - Large,MENU0050,Beverage,Menu Item,355.0,1.0,355.0,6.79,Bill Discount,Synthetic promotion,348.21,17.41,0,0,0,0,365.62,,,,,
Delhi,ABNAH Cafe Connaught Place,,BILL-OUT001-260313-0032,32,Delivery/Takeaway,,2026-03-13 16:04:00,2026-03-13 16:37:00,Tea,Masala Chai Latte - Regular,MENU0051,Beverage,Menu Item,195.0,1.0,195.0,10.07,Bill Discount,Synthetic promotion,184.93,9.25,0,0,0,0,194.18,,,,,
Delhi,ABNAH Cafe Connaught Place,,BILL-OUT001-260313-0033,33,Delivery/Takeaway,,2026-03-13 18:45:00,2026-03-13 19:10:00,Tea,Himalayan Green Tea,MENU0054,Beverage,Menu Item,210.0,3.0,630.0,35.53,Bill Discount,Synthetic promotion,594.47,29.72,0,0,0,0,624.19,,,,,
Delhi,ABNAH Cafe Connaught Place,,BILL-OUT001-260313-0034,34,Dine In,T17,2026-03-13 14:04:00,2026-03-13 14:21:00,Tea,Japanese Matcha Latte - Regular,MENU0055,Beverage,Menu Item,265.0,1.0,265.0,4.8,Bill Discount,Synthetic promotion,260.2,13.01,0,0,0,0,273.21,,,,,
Delhi,ABNAH Cafe Connaught Place,,BILL-OUT001-260313-0035,35,Delivery/Takeaway,,2026-03-13 14:53:00,2026-03-13 15:24:00,Tea,Japanese Matcha Latte - Medium,MENU0056,Beverage,Menu Item,295.0,1.0,295.0,6.73,Bill Discount,Synthetic promotion,288.27,14.41,0,0,0,0,302.68,,,,,
Delhi,ABNAH Cafe Connaught Place,,BILL-OUT001-260313-0036,36,Delivery/Takeaway,,2026-03-13 13:21:00,2026-03-13 14:09:00,Iced Tea,Lemon Iced Tea - Regular,MENU0058,Beverage,Menu Item,205.0,1.0,205.0,2.77,Bill Discount,Synthetic promotion,202.23,10.11,0,0,0,0,212.34,,,,,
Delhi,ABNAH Cafe Connaught Place,,BILL-OUT001-260313-0037,37,Delivery/Takeaway,,2026-03-13 11:45:00,2026-03-13 12:24:00,Iced Tea,Lemon Iced Tea - Large,MENU0060,Beverage,Menu Item,255.0,1.0,255.0,3.12,Bill Discount,Synthetic promotion,251.88,12.59,0,0,0,0,264.47,,,,,
Delhi,ABNAH Cafe Connaught Place,,BILL-OUT001-260313-0038,38,Dine In,T05,2026-03-13 09:09:00,2026-03-13 09:22:00,Iced Tea,Hibiscus Lime Iced Tea - Regular,MENU0061,Beverage,Menu Item,229.38,1.0,229.38,0.0,,,229.38,11.47,0,0,0,0,240.85,,,,,
Delhi,ABNAH Cafe Connaught Place,,BILL-OUT001-260313-0039,39,Delivery/Takeaway,,2026-03-13 19:28:00,2026-03-13 20:12:00,Iced Tea,Hibiscus Lime Iced Tea - Medium,MENU0062,Beverage,Menu Item,250.0,1.0,250.0,2.08,Bill Discount,Synthetic promotion,247.92,12.4,0,0,0,0,260.32,,,,,
Delhi,ABNAH Cafe Connaught Place,,BILL-OUT001-260313-0040,40,Delivery/Takeaway,,2026-03-13 17:20:00,2026-03-13 17:51:00,Shake,Mixed Berry Shake - Regular,MENU0071,Beverage,Menu Item,319.85,2.0,639.7,0.01,Bill Discount,Synthetic promotion,639.69,31.98,0,0,0,0,671.67,,,,,
Delhi,ABNAH Cafe Connaught Place,,BILL-OUT001-260313-0041,41,Delivery/Takeaway,,2026-03-13 13:37:00,2026-03-13 13:57:00,Smoothie,Seasonal Smoothie - Regular,MENU0074,Beverage,Menu Item,305.0,1.0,305.0,14.08,Bill Discount,Synthetic promotion,290.92,14.55,0,0,0,0,305.47,,,,,
Delhi,ABNAH Cafe Connaught Place,,BILL-OUT001-260313-0042,42,Delivery/Takeaway,,2026-03-13 19:26:00,2026-03-13 19:46:00,Smoothie,Seasonal Smoothie - Medium,MENU0075,Beverage,Menu Item,340.0,1.0,340.0,6.23,Bill Discount,Synthetic promotion,333.77,16.69,0,0,0,0,350.46,,,,,
Delhi,ABNAH Cafe Connaught Place,,BILL-OUT001-260313-0043,43,Delivery/Takeaway,,2026-03-13 09:50:00,2026-03-13 10:13:00,Wraps,Spicy Paneer Wrap,MENU0077,Food,Menu Item,279.95,1.0,279.95,0.0,,,279.95,14.0,0,0,0,0,293.95,,,,,
Delhi,ABNAH Cafe Connaught Place,,BILL-OUT001-260313-0044,44,Delivery/Takeaway,,2026-03-13 17:43:00,2026-03-13 17:51:00,Sandwiches,Smoked Chipotle Paneer Sandwich,MENU0079,Food,Menu Item,298.55,1.0,298.55,0.0,,,298.55,14.93,0,0,0,0,313.48,,,,,
Delhi,ABNAH Cafe Connaught Place,,BILL-OUT001-260313-0045,45,Dine In,T07,2026-03-13 15:40:00,2026-03-13 15:58:00,Sandwiches,Pepper Chicken Sandwich,MENU0081,Food,Menu Item,315.0,2.0,630.0,24.03,Bill Discount,Synthetic promotion,605.97,30.3,0,0,0,0,636.27,,,,,
Delhi,ABNAH Cafe Connaught Place,,BILL-OUT001-260313-0046,46,Dine In,T11,2026-03-13 08:05:00,2026-03-13 08:39:00,Toasts,Chicken Pepperoni Avocado Toast,MENU0084,Food,Menu Item,334.57,1.0,334.57,0.0,,,334.57,16.73,0,0,0,0,351.3,,,,,
Delhi,ABNAH Cafe Connaught Place,,BILL-OUT001-260313-0047,47,Dine In,T02,2026-03-13 12:35:00,2026-03-13 12:43:00,Platter,Hummus and Pita Platter,MENU0085,Food,Menu Item,310.0,1.0,310.0,3.42,Bill Discount,Synthetic promotion,306.58,15.33,0,0,0,0,321.91,,,,,
Delhi,ABNAH Cafe Connaught Place,,BILL-OUT001-260313-0048,48,Delivery/Takeaway,,2026-03-13 08:50:00,2026-03-13 09:16:00,Breakfast,Cream Cheese Bagel,MENU0087,Food,Menu Item,254.4,1.0,254.4,0.0,,,254.4,12.72,0,0,0,0,267.12,,,,,
Delhi,ABNAH Cafe Connaught Place,,BILL-OUT001-260313-0049,49,Dine In,T14,2026-03-13 17:26:00,2026-03-13 18:12:00,Breakfast,Masala Egg Bun,MENU0089,Food,Menu Item,225.0,2.0,450.0,19.01,Bill Discount,Synthetic promotion,430.99,21.55,0,0,0,0,452.54,,,,,
Delhi,ABNAH Cafe Connaught Place,,BILL-OUT001-260313-0050,50,Dine In,T01,2026-03-13 17:20:00,2026-03-13 17:28:00,Snacks,Turnover with Brioche Dough Chicken,MENU0092,Food,Menu Item,255.0,2.0,510.0,4.93,Bill Discount,Synthetic promotion,505.07,25.25,0,0,0,0,530.32,,,,,
Delhi,ABNAH Cafe Connaught Place,,BILL-OUT001-260313-0051,51,Dine In,T07,2026-03-13 18:15:00,2026-03-13 18:24:00,Baked Goods,Almond Croissant,MENU0095,Food,Menu Item,245.0,2.0,490.0,20.98,Bill Discount,Synthetic promotion,469.02,23.45,0,0,0,0,492.47,,,,,
Delhi,ABNAH Cafe Connaught Place,,BILL-OUT001-260313-0052,52,Dine In,T22,2026-03-13 09:18:00,2026-03-13 09:36:00,Baked Goods,Chocolate Croissant,MENU0096,Food,Menu Item,235.0,3.0,705.0,27.16,Bill Discount,Synthetic promotion,677.84,33.89,0,0,0,0,711.73,,,,,
Delhi,ABNAH Cafe Connaught Place,,BILL-OUT001-260313-0053,53,Delivery/Takeaway,,2026-03-13 13:08:00,2026-03-13 13:18:00,Baked Goods,Mushroom Cheese Croissant,MENU0097,Food,Menu Item,255.93,2.0,511.86,0.01,Bill Discount,Synthetic promotion,511.85,25.59,0,0,0,0,537.44,,,,,
Delhi,ABNAH Cafe Connaught Place,,BILL-OUT001-260313-0054,54,Delivery/Takeaway,,2026-03-13 14:01:00,2026-03-13 14:19:00,Baked Goods,Lemon Raspberry Tea Cake,MENU0101,Dessert,Menu Item,215.0,1.0,215.0,0.61,Bill Discount,Synthetic promotion,214.39,10.72,0,0,0,0,225.11,,,,,
Delhi,ABNAH Cafe Connaught Place,,BILL-OUT001-260313-0055,55,Delivery/Takeaway,,2026-03-13 18:46:00,2026-03-13 19:08:00,Desserts,Banoffee Pie,MENU0103,Dessert,Menu Item,285.0,1.0,285.0,2.09,Bill Discount,Synthetic promotion,282.91,14.15,0,0,0,0,297.06,,,,,
Delhi,ABNAH Cafe Connaught Place,,BILL-OUT001-260313-0056,56,Delivery/Takeaway,,2026-03-13 16:31:00,2026-03-13 16:40:00,Desserts,Classic Chocolate Fudge Brownie,MENU0104,Dessert,Menu Item,195.19,1.0,195.19,0.0,,,195.19,9.76,0,0,0,0,204.95,,,,,
Delhi,ABNAH Cafe Connaught Place,,BILL-OUT001-260313-0057,57,Delivery/Takeaway,,2026-03-13 16:43:00,2026-03-13 17:16:00,Desserts,Soft-Centred Caramel Cookie,MENU0105,Dessert,Menu Item,180.0,1.0,180.0,3.76,Bill Discount,Synthetic promotion,176.24,8.81,0,0,0,0,185.05,,,,,
Delhi,ABNAH Cafe Connaught Place,,BILL-OUT001-260313-0058,58,Delivery/Takeaway,,2026-03-13 17:19:00,2026-03-13 18:00:00,Desserts,Apple Pie,MENU0108,Dessert,Menu Item,274.01,1.0,274.01,0.0,,,274.01,13.7,0,0,0,0,287.71,,,,,
Delhi,ABNAH Cafe Connaught Place,,BILL-OUT001-260313-0059,59,Delivery/Takeaway,,2026-03-13 11:37:00,2026-03-13 12:03:00,Desserts,Basque Cheesecake,MENU0109,Dessert,Menu Item,316.01,1.0,316.01,0.0,,,316.01,15.8,0,0,0,0,331.81,,,,,
Delhi,ABNAH Cafe Connaught Place,,BILL-OUT001-260313-0060,60,Delivery/Takeaway,,2026-03-13 18:40:00,2026-03-13 18:56:00,Baked Goods,Multigrain Walnut Tea Cake,MENU0110,Dessert,Menu Item,225.0,4.0,900.0,21.41,Bill Discount,Synthetic promotion,878.59,43.93,0,0,0,0,922.52,,,,,
Delhi,ABNAH Cafe Connaught Place,,BILL-OUT001-260314-0001,1,Delivery/Takeaway,,2026-03-14 11:33:00,2026-03-14 11:45:00,Coffee Classics,Americano - Regular,MENU0003,Beverage,Menu Item,185.0,1.0,185.0,1.13,Bill Discount,Synthetic promotion,183.87,9.19,0,0,0,0,193.06,,,,,
Delhi,ABNAH Cafe Connaught Place,,BILL-OUT001-260314-0002,2,Dine In,T18,2026-03-14 11:22:00,2026-03-14 11:39:00,Coffee Classics,Americano - Medium,MENU0004,Beverage,Menu Item,211.12,2.0,422.24,0.0,,,422.25,21.11,0,0,0,0,443.36,,,,,
Delhi,ABNAH Cafe Connaught Place,,BILL-OUT001-260314-0003,3,Delivery/Takeaway,,2026-03-14 09:49:00,2026-03-14 10:22:00,Coffee Classics,Americano - Large,MENU0005,Beverage,Menu Item,235.0,2.0,470.0,24.5,Bill Discount,Synthetic promotion,445.5,22.27,0,0,0,0,467.77,,,,,
Delhi,ABNAH Cafe Connaught Place,,BILL-OUT001-260314-0004,4,Dine In,T06,2026-03-14 14:16:00,2026-03-14 14:34:00,Coffee Classics,Latte - Regular,MENU0006,Beverage,Menu Item,225.0,1.0,225.0,10.66,Bill Discount,Synthetic promotion,214.34,10.72,0,0,0,0,225.06,,,,,
Delhi,ABNAH Cafe Connaught Place,,BILL-OUT001-260314-0005,5,Delivery/Takeaway,,2026-03-14 10:19:00,2026-03-14 10:28:00,Coffee Classics,Latte - Medium,MENU0007,Beverage,Menu Item,250.0,2.0,500.0,10.38,Bill Discount,Synthetic promotion,489.62,24.48,0,0,0,0,514.1,,,,,
Delhi,ABNAH Cafe Connaught Place,,BILL-OUT001-260314-0006,6,Dine In,T04,2026-03-14 15:40:00,2026-03-14 16:29:00,Coffee Classics,Latte - Large,MENU0008,Beverage,Menu Item,275.31,1.0,275.31,0.0,,,275.31,13.77,0,0,0,0,289.08,,,,,
Delhi,ABNAH Cafe Connaught Place,,BILL-OUT001-260314-0007,7,Delivery/Takeaway,,2026-03-14 14:22:00,2026-03-14 14:51:00,Coffee Classics,Cappuccino - Regular,MENU0009,Beverage,Menu Item,227.4,6.0,1364.4,0.0,,,1364.42,68.22,0,0,0,0,1432.64,,,,,
Delhi,ABNAH Cafe Connaught Place,,BILL-OUT001-260314-0008,8,Dine In,T22,2026-03-14 12:33:00,2026-03-14 12:47:00,Coffee Classics,Cappuccino - Medium,MENU0010,Beverage,Menu Item,250.0,1.0,250.0,6.29,Bill Discount,Synthetic promotion,243.71,12.19,0,0,0,0,255.9,,,,,
Delhi,ABNAH Cafe Connaught Place,,BILL-OUT001-260314-0009,9,Delivery/Takeaway,,2026-03-14 09:15:00,2026-03-14 09:45:00,Coffee Classics,Cappuccino - Large,MENU0011,Beverage,Menu Item,275.2,2.0,550.4,0.0,,,550.4,27.52,0,0,0,0,577.92,,,,,
Delhi,ABNAH Cafe Connaught Place,,BILL-OUT001-260314-0010,10,Delivery/Takeaway,,2026-03-14 08:24:00,2026-03-14 09:00:00,Coffee Classics,Flat White - Medium,MENU0013,Beverage,Menu Item,260.0,1.0,260.0,2.08,Bill Discount,Synthetic promotion,257.92,12.9,0,0,0,0,270.82,,,,,
Delhi,ABNAH Cafe Connaught Place,,BILL-OUT001-260314-0011,11,Delivery/Takeaway,,2026-03-14 17:22:00,2026-03-14 17:30:00,Coffee Classics,Flat White - Large,MENU0014,Beverage,Menu Item,285.0,1.0,285.0,8.08,Bill Discount,Synthetic promotion,276.92,13.85,0,0,0,0,290.77,,,,,
Delhi,ABNAH Cafe Connaught Place,,BILL-OUT001-260314-0012,12,Delivery/Takeaway,,2026-03-14 18:50:00,2026-03-14 19:01:00,Coffee Classics,Mocha - Regular,MENU0015,Beverage,Menu Item,248.78,2.0,497.56,0.01,Bill Discount,Synthetic promotion,497.55,24.88,0,0,0,0,522.43,,,,,
Delhi,ABNAH Cafe Connaught Place,,BILL-OUT001-260314-0013,13,Delivery/Takeaway,,2026-03-14 13:56:00,2026-03-14 14:32:00,Coffee Classics,Mocha - Medium,MENU0016,Beverage,Menu Item,270.0,3.0,810.0,19.1,Bill Discount,Synthetic promotion,790.9,39.55,0,0,0,0,830.45,,,,,
Delhi,ABNAH Cafe Connaught Place,,BILL-OUT001-260314-0014,14,Delivery/Takeaway,,2026-03-14 18:22:00,2026-03-14 18:53:00,Signature Coffee,Sea Salt Mocha - Regular,MENU0018,Beverage,Menu Item,277.4,1.0,277.4,0.0,,,277.4,13.87,0,0,0,0,291.27,,,,,
Delhi,ABNAH Cafe Connaught Place,,BILL-OUT001-260314-0015,15,Delivery/Takeaway,,2026-03-14 14:36:00,2026-03-14 15:00:00,Signature Coffee,Sea Salt Mocha - Medium,MENU0019,Beverage,Menu Item,305.0,2.0,610.0,32.61,Bill Discount,Synthetic promotion,577.39,28.87,0,0,0,0,606.26,,,,,
Delhi,ABNAH Cafe Connaught Place,,BILL-OUT001-260314-0016,16,Delivery/Takeaway,,2026-03-14 09:35:00,2026-03-14 10:01:00,Signature Coffee,Orange Zest Mocha - Regular,MENU0021,Beverage,Menu Item,270.0,1.0,270.0,11.03,Bill Discount,Synthetic promotion,258.97,12.95,0,0,0,0,271.92,,,,,
Delhi,ABNAH Cafe Connaught Place,,BILL-OUT001-260314-0017,17,Delivery/Takeaway,,2026-03-14 13:25:00,2026-03-14 14:13:00,Signature Coffee,Orange Zest Mocha - Medium,MENU0022,Beverage,Menu Item,300.0,3.0,900.0,35.82,Bill Discount,Synthetic promotion,864.18,43.21,0,0,0,0,907.39,,,,,
Delhi,ABNAH Cafe Connaught Place,,BILL-OUT001-260314-0018,18,Delivery/Takeaway,,2026-03-14 10:16:00,2026-03-14 11:03:00,Signature Coffee,Caramel Macchiato - Regular,MENU0024,Beverage,Menu Item,265.0,1.0,265.0,7.63,Bill Discount,Synthetic promotion,257.37,12.87,0,0,0,0,270.24,,,,,
Delhi,ABNAH Cafe Connaught Place,,BILL-OUT001-260314-0019,19,Dine In,T20,2026-03-14 16:07:00,2026-03-14 16:26:00,Signature Coffee,Caramel Macchiato - Medium,MENU0025,Beverage,Menu Item,295.0,2.0,590.0,32.03,Bill Discount,Synthetic promotion,557.97,27.9,0,0,0,0,585.87,,,,,
Delhi,ABNAH Cafe Connaught Place,,BILL-OUT001-260314-0020,20,Delivery/Takeaway,,2026-03-14 11:12:00,2026-03-14 11:36:00,Signature Coffee,French Vanilla Latte - Regular,MENU0027,Beverage,Menu Item,265.0,1.0,265.0,12.14,Bill Discount,Synthetic promotion,252.86,12.64,0,0,0,0,265.5,,,,,
Delhi,ABNAH Cafe Connaught Place,,BILL-OUT001-260314-0021,21,Delivery/Takeaway,,2026-03-14 16:19:00,2026-03-14 16:53:00,Signature Coffee,French Vanilla Latte - Large,MENU0029,Beverage,Menu Item,327.33,1.0,327.33,0.0,,,327.33,16.37,0,0,0,0,343.7,,,,,
Delhi,ABNAH Cafe Connaught Place,,BILL-OUT001-260314-0022,22,Delivery/Takeaway,,2026-03-14 16:26:00,2026-03-14 16:40:00,Signature Coffee,Vegan Iced Latte - Regular,MENU0030,Beverage,Menu Item,286.74,1.0,286.74,0.0,,,286.74,14.34,0,0,0,0,301.08,,,,,
Delhi,ABNAH Cafe Connaught Place,,BILL-OUT001-260314-0023,23,Delivery/Takeaway,,2026-03-14 17:44:00,2026-03-14 18:08:00,Cold Brew,Coffee Lemonade - Regular,MENU0036,Beverage,Menu Item,235.0,1.0,235.0,10.66,Bill Discount,Synthetic promotion,224.34,11.22,0,0,0,0,235.56,,,,,
Delhi,ABNAH Cafe Connaught Place,,BILL-OUT001-260314-0024,24,Delivery/Takeaway,,2026-03-14 15:10:00,2026-03-14 15:55:00,Cold Brew,Coffee Lemonade - Medium,MENU0037,Beverage,Menu Item,260.0,1.0,260.0,13.28,Bill Discount,Synthetic promotion,246.72,12.34,0,0,0,0,259.06,,,,,
Delhi,ABNAH Cafe Connaught Place,,BILL-OUT001-260314-0025,25,Dine In,T12,2026-03-14 13:23:00,2026-03-14 14:12:00,Cold Brew,Vietnamese Shakerato - Medium,MENU0040,Beverage,Menu Item,280.0,1.0,280.0,10.84,Bill Discount,Synthetic promotion,269.16,13.46,0,0,0,0,282.62,,,,,
Delhi,ABNAH Cafe Connaught Place,,BILL-OUT001-260314-0026,26,Delivery/Takeaway,,2026-03-14 17:59:00,2026-03-14 18:12:00,Cold Coffee,Classic Cold Coffee - Medium,MENU0043,Beverage,Menu Item,290.0,2.0,580.0,13.66,Bill Discount,Synthetic promotion,566.34,28.32,0,0,0,0,594.66,,,,,
Delhi,ABNAH Cafe Connaught Place,,BILL-OUT001-260314-0027,27,Dine In,T06,2026-03-14 14:21:00,2026-03-14 15:10:00,Cold Coffee,Classic Cold Coffee - Large,MENU0044,Beverage,Menu Item,331.42,1.0,331.42,0.0,,,331.42,16.57,0,0,0,0,347.99,,,,,
Delhi,ABNAH Cafe Connaught Place,,BILL-OUT001-260314-0028,28,Delivery/Takeaway,,2026-03-14 09:09:00,2026-03-14 09:18:00,Cold Coffee,Caramel Cold Coffee - Medium,MENU0049,Beverage,Menu Item,320.0,2.0,640.0,1.68,Bill Discount,Synthetic promotion,638.32,31.92,0,0,0,0,670.24,,,,,
Delhi,ABNAH Cafe Connaught Place,,BILL-OUT001-260314-0029,29,Delivery/Takeaway,,2026-03-14 13:58:00,2026-03-14 14:29:00,Cold Coffee,Caramel Cold Coffee - Large,MENU0050,Beverage,Menu Item,355.0,1.0,355.0,7.36,Bill Discount,Synthetic promotion,347.64,17.38,0,0,0,0,365.02,,,,,
Delhi,ABNAH Cafe Connaught Place,,BILL-OUT001-260314-0030,30,Delivery/Takeaway,,2026-03-14 11:45:00,2026-03-14 12:24:00,Tea,Masala Chai Latte - Large,MENU0053,Beverage,Menu Item,249.3,1.0,249.3,0.0,,,249.3,12.46,0,0,0,0,261.76,,,,,
Delhi,ABNAH Cafe Connaught Place,,BILL-OUT001-260314-0031,31,Dine In,T12,2026-03-14 14:22:00,2026-03-14 14:43:00,Tea,Japanese Matcha Latte - Regular,MENU0055,Beverage,Menu Item,265.33,1.0,265.33,0.0,,,265.33,13.27,0,0,0,0,278.6,,,,,
Delhi,ABNAH Cafe Connaught Place,,BILL-OUT001-260314-0032,32,Dine In,T03,2026-03-14 09:57:00,2026-03-14 10:14:00,Tea,Japanese Matcha Latte - Large,MENU0057,Beverage,Menu Item,329.16,1.0,329.16,0.0,,,329.16,16.46,0,0,0,0,345.62,,,,,
Delhi,ABNAH Cafe Connaught Place,,BILL-OUT001-260314-0033,33,Dine In,T07,2026-03-14 09:52:00,2026-03-14 10:20:00,Iced Tea,Lemon Iced Tea - Regular,MENU0058,Beverage,Menu Item,205.0,1.0,205.0,0.48,Bill Discount,Synthetic promotion,204.52,10.23,0,0,0,0,214.75,,,,,
Delhi,ABNAH Cafe Connaught Place,,BILL-OUT001-260314-0034,34,Dine In,T03,2026-03-14 17:38:00,2026-03-14 18:06:00,Iced Tea,Lemon Iced Tea - Medium,MENU0059,Beverage,Menu Item,230.0,2.0,460.0,7.43,Bill Discount,Synthetic promotion,452.57,22.63,0,0,0,0,475.2,,,,,
Delhi,ABNAH Cafe Connaught Place,,BILL-OUT001-260314-0035,35,Delivery/Takeaway,,2026-03-14 12:41:00,2026-03-14 13:09:00,Iced Tea,Lemon Iced Tea - Large,MENU0060,Beverage,Menu Item,257.1,2.0,514.2,0.0,,,514.2,25.71,0,0,0,0,539.91,,,,,
Delhi,ABNAH Cafe Connaught Place,,BILL-OUT001-260314-0036,36,Delivery/Takeaway,,2026-03-14 18:43:00,2026-03-14 19:20:00,Iced Tea,Hibiscus Lime Iced Tea - Medium,MENU0062,Beverage,Menu Item,250.0,1.0,250.0,11.47,Bill Discount,Synthetic promotion,238.53,11.93,0,0,0,0,250.46,,,,,
Delhi,ABNAH Cafe Connaught Place,,BILL-OUT001-260314-0037,37,Dine In,T13,2026-03-14 15:41:00,2026-03-14 16:04:00,Kids Beverage,Babyccino - Regular,MENU0067,Beverage,Menu Item,165.0,1.0,165.0,9.77,Bill Discount,Synthetic promotion,155.23,7.76,0,0,0,0,162.99,,,,,
Delhi,ABNAH Cafe Connaught Place,,BILL-OUT001-260314-0038,38,Delivery/Takeaway,,2026-03-14 14:17:00,2026-03-14 14:50:00,Sandwiches,Smoked Chipotle Paneer Sandwich,MENU0079,Food,Menu Item,295.0,1.0,295.0,11.32,Bill Discount,Synthetic promotion,283.68,14.18,0,0,0,0,297.86,,,,,
Delhi,ABNAH Cafe Connaught Place,,BILL-OUT001-260314-0039,39,Delivery/Takeaway,,2026-03-14 18:59:00,2026-03-14 19:21:00,Sandwiches,Pepper Chicken Sandwich,MENU0081,Food,Menu Item,315.0,2.0,630.0,24.99,Bill Discount,Synthetic promotion,605.01,30.25,0,0,0,0,635.26,,,,,
Delhi,ABNAH Cafe Connaught Place,,BILL-OUT001-260314-0040,40,Dine In,T04,2026-03-14 17:43:00,2026-03-14 18:32:00,Sandwiches,Tandoori Chicken Sandwich,MENU0082,Food,Menu Item,320.0,1.0,320.0,8.44,Bill Discount,Synthetic promotion,311.56,15.58,0,0,0,0,327.14,,,,,
Delhi,ABNAH Cafe Connaught Place,,BILL-OUT001-260314-0041,41,Delivery/Takeaway,,2026-03-14 18:45:00,2026-03-14 19:11:00,Breakfast,Cream Cheese Bagel,MENU0087,Food,Menu Item,254.29,1.0,254.29,0.0,,,254.29,12.71,0,0,0,0,267.0,,,,,
Delhi,ABNAH Cafe Connaught Place,,BILL-OUT001-260314-0042,42,Delivery/Takeaway,,2026-03-14 11:30:00,2026-03-14 12:12:00,Breakfast,Scallion Pepper Cream Cheese Bagel,MENU0088,Food,Menu Item,265.0,1.0,265.0,12.39,Bill Discount,Synthetic promotion,252.61,12.63,0,0,0,0,265.24,,,,,
Delhi,ABNAH Cafe Connaught Place,,BILL-OUT001-260314-0043,43,Delivery/Takeaway,,2026-03-14 19:55:00,2026-03-14 20:13:00,Breakfast,Masala Egg Bun,MENU0089,Food,Menu Item,225.0,1.0,225.0,10.44,Bill Discount,Synthetic promotion,214.56,10.73,0,0,0,0,225.29,,,,,
Delhi,ABNAH Cafe Connaught Place,,BILL-OUT001-260314-0044,44,Delivery/Takeaway,,2026-03-14 12:05:00,2026-03-14 12:52:00,Baked Goods,Almond Croissant,MENU0095,Food,Menu Item,245.0,1.0,245.0,8.04,Bill Discount,Synthetic promotion,236.96,11.85,0,0,0,0,248.81,,,,,
Delhi,ABNAH Cafe Connaught Place,,BILL-OUT001-260314-0045,45,Delivery/Takeaway,,2026-03-14 11:20:00,2026-03-14 12:03:00,Baked Goods,Sriracha Chicken Croissant,MENU0098,Food,Menu Item,275.0,1.0,275.0,1.53,Bill Discount,Synthetic promotion,273.47,13.67,0,0,0,0,287.14,,,,,
Delhi,ABNAH Cafe Connaught Place,,BILL-OUT001-260314-0046,46,Dine In,T22,2026-03-14 18:52:00,2026-03-14 19:39:00,Baked Goods,Banana Walnut Tea Cake,MENU0100,Dessert,Menu Item,208.86,1.0,208.86,0.0,,,208.86,10.44,0,0,0,0,219.3,,,,,
Delhi,ABNAH Cafe Connaught Place,,BILL-OUT001-260314-0047,47,Delivery/Takeaway,,2026-03-14 14:53:00,2026-03-14 15:11:00,Desserts,Jaggery Parmesan Cookie,MENU0107,Dessert,Menu Item,170.0,1.0,170.0,2.82,Bill Discount,Synthetic promotion,167.18,8.36,0,0,0,0,175.54,,,,,
Delhi,ABNAH Cafe Connaught Place,,BILL-OUT001-260314-0048,48,Dine In,T16,2026-03-14 17:22:00,2026-03-14 18:01:00,Baked Goods,Multigrain Walnut Tea Cake,MENU0110,Dessert,Menu Item,228.28,1.0,228.28,0.0,,,228.28,11.41,0,0,0,0,239.69,,,,,
Delhi,ABNAH Cafe Connaught Place,,BILL-OUT001-260315-0001,1,Dine In,T11,2026-03-15 19:18:00,2026-03-15 19:54:00,Coffee Classics,Americano - Regular,MENU0003,Beverage,Menu Item,185.0,2.0,370.0,13.29,Bill Discount,Synthetic promotion,356.71,17.84,0,0,0,0,374.55,,,,,
Delhi,ABNAH Cafe Connaught Place,,BILL-OUT001-260315-0002,2,Delivery/Takeaway,,2026-03-15 11:56:00,2026-03-15 12:40:00,Coffee Classics,Americano - Medium,MENU0004,Beverage,Menu Item,210.0,1.0,210.0,2.17,Bill Discount,Synthetic promotion,207.83,10.39,0,0,0,0,218.22,,,,,
Delhi,ABNAH Cafe Connaught Place,,BILL-OUT001-260315-0003,3,Dine In,T10,2026-03-15 18:29:00,2026-03-15 18:50:00,Coffee Classics,Americano - Large,MENU0005,Beverage,Menu Item,235.0,1.0,235.0,4.64,Bill Discount,Synthetic promotion,230.36,11.52,0,0,0,0,241.88,,,,,
Delhi,ABNAH Cafe Connaught Place,,BILL-OUT001-260315-0004,4,Delivery/Takeaway,,2026-03-15 15:29:00,2026-03-15 15:50:00,Coffee Classics,Latte - Medium,MENU0007,Beverage,Menu Item,250.0,3.0,750.0,9.76,Bill Discount,Synthetic promotion,740.24,37.01,0,0,0,0,777.25,,,,,
Delhi,ABNAH Cafe Connaught Place,,BILL-OUT001-260315-0005,5,Delivery/Takeaway,,2026-03-15 11:59:00,2026-03-15 12:43:00,Coffee Classics,Latte - Large,MENU0008,Beverage,Menu Item,275.0,1.0,275.0,4.26,Bill Discount,Synthetic promotion,270.74,13.54,0,0,0,0,284.28,,,,,
Delhi,ABNAH Cafe Connaught Place,,BILL-OUT001-260315-0006,6,Dine In,T12,2026-03-15 12:42:00,2026-03-15 13:07:00,Coffee Classics,Cappuccino - Regular,MENU0009,Beverage,Menu Item,225.0,3.0,675.0,8.37,Bill Discount,Synthetic promotion,666.63,33.33,0,0,0,0,699.96,,,,,
Delhi,ABNAH Cafe Connaught Place,,BILL-OUT001-260315-0007,7,Delivery/Takeaway,,2026-03-15 19:36:00,2026-03-15 19:44:00,Coffee Classics,Flat White - Medium,MENU0013,Beverage,Menu Item,260.0,1.0,260.0,9.8,Bill Discount,Synthetic promotion,250.2,12.51,0,0,0,0,262.71,,,,,
Delhi,ABNAH Cafe Connaught Place,,BILL-OUT001-260315-0008,8,Dine In,T13,2026-03-15 19:27:00,2026-03-15 19:53:00,Coffee Classics,Flat White - Large,MENU0014,Beverage,Menu Item,285.38,2.0,570.76,0.0,,,570.76,28.54,0,0,0,0,599.3,,,,,
Delhi,ABNAH Cafe Connaught Place,,BILL-OUT001-260315-0009,9,Delivery/Takeaway,,2026-03-15 15:04:00,2026-03-15 15:16:00,Coffee Classics,Mocha - Medium,MENU0016,Beverage,Menu Item,270.0,1.0,270.0,15.62,Bill Discount,Synthetic promotion,254.38,12.72,0,0,0,0,267.1,,,,,
Delhi,ABNAH Cafe Connaught Place,,BILL-OUT001-260315-0010,10,Delivery/Takeaway,,2026-03-15 15:11:00,2026-03-15 15:19:00,Coffee Classics,Mocha - Large,MENU0017,Beverage,Menu Item,295.0,1.0,295.0,3.25,Bill Discount,Synthetic promotion,291.75,14.59,0,0,0,0,306.34,,,,,
Delhi,ABNAH Cafe Connaught Place,,BILL-OUT001-260315-0011,11,Dine In,T15,2026-03-15 18:38:00,2026-03-15 19:18:00,Signature Coffee,Sea Salt Mocha - Regular,MENU0018,Beverage,Menu Item,275.0,1.0,275.0,14.57,Bill Discount,Synthetic promotion,260.43,13.02,0,0,0,0,273.45,,,,,
Delhi,ABNAH Cafe Connaught Place,,BILL-OUT001-260315-0012,12,Delivery/Takeaway,,2026-03-15 13:11:00,2026-03-15 13:44:00,Signature Coffee,Sea Salt Mocha - Medium,MENU0019,Beverage,Menu Item,305.0,1.0,305.0,5.91,Bill Discount,Synthetic promotion,299.09,14.95,0,0,0,0,314.04,,,,,
Delhi,ABNAH Cafe Connaught Place,,BILL-OUT001-260315-0013,13,Delivery/Takeaway,,2026-03-15 09:47:00,2026-03-15 10:28:00,Signature Coffee,Sea Salt Mocha - Large,MENU0020,Beverage,Menu Item,335.0,1.0,335.0,8.73,Bill Discount,Synthetic promotion,326.27,16.31,0,0,0,0,342.58,,,,,
Delhi,ABNAH Cafe Connaught Place,,BILL-OUT001-260315-0014,14,Delivery/Takeaway,,2026-03-15 15:44:00,2026-03-15 16:00:00,Signature Coffee,Orange Zest Mocha - Medium,MENU0022,Beverage,Menu Item,300.0,1.0,300.0,3.34,Bill Discount,Synthetic promotion,296.66,14.83,0,0,0,0,311.49,,,,,
Delhi,ABNAH Cafe Connaught Place,,BILL-OUT001-260315-0015,15,Delivery/Takeaway,,2026-03-15 19:37:00,2026-03-15 20:03:00,Signature Coffee,Orange Zest Mocha - Large,MENU0023,Beverage,Menu Item,330.0,2.0,660.0,39.43,Bill Discount,Synthetic promotion,620.57,31.03,0,0,0,0,651.6,,,,,
Delhi,ABNAH Cafe Connaught Place,,BILL-OUT001-260315-0016,16,Dine In,T11,2026-03-15 15:21:00,2026-03-15 15:45:00,Signature Coffee,Caramel Macchiato - Medium,MENU0025,Beverage,Menu Item,295.0,2.0,590.0,11.57,Bill Discount,Synthetic promotion,578.43,28.92,0,0,0,0,607.35,,,,,
Delhi,ABNAH Cafe Connaught Place,,BILL-OUT001-260315-0017,17,Delivery/Takeaway,,2026-03-15 15:21:00,2026-03-15 15:39:00,Signature Coffee,French Vanilla Latte - Regular,MENU0027,Beverage,Menu Item,265.0,1.0,265.0,2.22,Bill Discount,Synthetic promotion,262.78,13.14,0,0,0,0,275.92,,,,,
Delhi,ABNAH Cafe Connaught Place,,BILL-OUT001-260315-0018,18,Delivery/Takeaway,,2026-03-15 17:37:00,2026-03-15 17:47:00,Signature Coffee,Vegan Iced Latte - Regular,MENU0030,Beverage,Menu Item,286.26,1.0,286.26,0.0,,,286.26,14.31,0,0,0,0,300.57,,,,,
Delhi,ABNAH Cafe Connaught Place,,BILL-OUT001-260315-0019,19,Delivery/Takeaway,,2026-03-15 09:47:00,2026-03-15 10:08:00,Cold Brew,Classic Cold Brew - Large,MENU0035,Beverage,Menu Item,275.0,2.0,550.0,5.35,Bill Discount,Synthetic promotion,544.65,27.23,0,0,0,0,571.88,,,,,
Delhi,ABNAH Cafe Connaught Place,,BILL-OUT001-260315-0020,20,Dine In,T11,2026-03-15 11:33:00,2026-03-15 12:11:00,Cold Brew,Vietnamese Shakerato - Regular,MENU0039,Beverage,Menu Item,255.0,1.0,255.0,0.84,Bill Discount,Synthetic promotion,254.16,12.71,0,0,0,0,266.87,,,,,
Delhi,ABNAH Cafe Connaught Place,,BILL-OUT001-260315-0021,21,Dine In,T02,2026-03-15 18:01:00,2026-03-15 18:42:00,Cold Brew,Vietnamese Shakerato - Medium,MENU0040,Beverage,Menu Item,280.0,1.0,280.0,9.14,Bill Discount,Synthetic promotion,270.86,13.54,0,0,0,0,284.4,,,,,
Delhi,ABNAH Cafe Connaught Place,,BILL-OUT001-260315-0022,22,Delivery/Takeaway,,2026-03-15 16:57:00,2026-03-15 17:36:00,Cold Coffee,Classic Cold Coffee - Medium,MENU0043,Beverage,Menu Item,290.0,3.0,870.0,6.77,Bill Discount,Synthetic promotion,863.23,43.16,0,0,0,0,906.39,,,,,
Delhi,ABNAH Cafe Connaught Place,,BILL-OUT001-260315-0023,23,Dine In,T06,2026-03-15 19:30:00,2026-03-15 19:42:00,Cold Coffee,Classic Cold Coffee - Large,MENU0044,Beverage,Menu Item,325.94,1.0,325.94,0.0,,,325.94,16.3,0,0,0,0,342.24,,,,,
Delhi,ABNAH Cafe Connaught Place,,BILL-OUT001-260315-0024,24,Dine In,T08,2026-03-15 15:13:00,2026-03-15 15:43:00,Cold Coffee,Mocha Cold Coffee - Medium,MENU0046,Beverage,Menu Item,321.27,1.0,321.27,0.0,,,321.27,16.06,0,0,0,0,337.33,,,,,
Delhi,ABNAH Cafe Connaught Place,,BILL-OUT001-260315-0025,25,Dine In,T14,2026-03-15 19:35:00,2026-03-15 20:20:00,Tea,Masala Chai Latte - Regular,MENU0051,Beverage,Menu Item,197.93,1.0,197.93,0.0,,,197.93,9.9,0,0,0,0,207.83,,,,,
Delhi,ABNAH Cafe Connaught Place,,BILL-OUT001-260315-0026,26,Dine In,T04,2026-03-15 13:09:00,2026-03-15 13:19:00,Tea,Masala Chai Latte - Medium,MENU0052,Beverage,Menu Item,220.0,2.0,440.0,24.27,Bill Discount,Synthetic promotion,415.73,20.79,0,0,0,0,436.52,,,,,
Delhi,ABNAH Cafe Connaught Place,,BILL-OUT001-260315-0027,27,Delivery/Takeaway,,2026-03-15 18:56:00,2026-03-15 19:39:00,Tea,Himalayan Green Tea,MENU0054,Beverage,Menu Item,210.0,1.0,210.0,6.59,Bill Discount,Synthetic promotion,203.41,10.17,0,0,0,0,213.58,,,,,
Delhi,ABNAH Cafe Connaught Place,,BILL-OUT001-260315-0028,28,Delivery/Takeaway,,2026-03-15 08:23:00,2026-03-15 09:11:00,Tea,Japanese Matcha Latte - Regular,MENU0055,Beverage,Menu Item,265.0,2.0,530.0,30.04,Bill Discount,Synthetic promotion,499.96,25.0,0,0,0,0,524.96,,,,,
Delhi,ABNAH Cafe Connaught Place,,BILL-OUT001-260315-0029,29,Dine In,T22,2026-03-15 17:20:00,2026-03-15 17:59:00,Tea,Japanese Matcha Latte - Medium,MENU0056,Beverage,Menu Item,296.62,1.0,296.62,0.0,,,296.62,14.83,0,0,0,0,311.45,,,,,
Delhi,ABNAH Cafe Connaught Place,,BILL-OUT001-260315-0030,30,Delivery/Takeaway,,2026-03-15 11:30:00,2026-03-15 12:00:00,Shake,Choco Chip Shake - Large,MENU0070,Beverage,Menu Item,365.0,2.0,730.0,10.95,Bill Discount,Synthetic promotion,719.05,35.95,0,0,0,0,755.0,,,,,
Delhi,ABNAH Cafe Connaught Place,,BILL-OUT001-260315-0031,31,Delivery/Takeaway,,2026-03-15 14:43:00,2026-03-15 14:54:00,Shake,Mixed Berry Shake - Regular,MENU0071,Beverage,Menu Item,315.0,2.0,630.0,2.35,Bill Discount,Synthetic promotion,627.65,31.38,0,0,0,0,659.03,,,,,
Delhi,ABNAH Cafe Connaught Place,,BILL-OUT001-260315-0032,32,Delivery/Takeaway,,2026-03-15 16:41:00,2026-03-15 17:05:00,Wraps,Spicy Paneer Wrap,MENU0077,Food,Menu Item,275.0,1.0,275.0,8.83,Bill Discount,Synthetic promotion,266.17,13.31,0,0,0,0,279.48,,,,,
Delhi,ABNAH Cafe Connaught Place,,BILL-OUT001-260315-0033,33,Delivery/Takeaway,,2026-03-15 15:52:00,2026-03-15 16:15:00,Wraps,Shredded Chicken Wrap,MENU0078,Food,Menu Item,295.0,1.0,295.0,2.26,Bill Discount,Synthetic promotion,292.74,14.64,0,0,0,0,307.38,,,,,
Delhi,ABNAH Cafe Connaught Place,,BILL-OUT001-260315-0034,34,Delivery/Takeaway,,2026-03-15 16:44:00,2026-03-15 17:03:00,Sandwiches,Smoked Chipotle Paneer Sandwich,MENU0079,Food,Menu Item,295.0,2.0,590.0,22.42,Bill Discount,Synthetic promotion,567.58,28.38,0,0,0,0,595.96,,,,,
Delhi,ABNAH Cafe Connaught Place,,BILL-OUT001-260315-0035,35,Delivery/Takeaway,,2026-03-15 12:20:00,2026-03-15 12:33:00,Sandwiches,Tandoori Chicken Sandwich,MENU0082,Food,Menu Item,326.0,2.0,652.0,0.01,Bill Discount,Synthetic promotion,651.99,32.6,0,0,0,0,684.59,,,,,
Delhi,ABNAH Cafe Connaught Place,,BILL-OUT001-260315-0036,36,Delivery/Takeaway,,2026-03-15 18:45:00,2026-03-15 19:02:00,Baked Goods,Almond Croissant,MENU0095,Food,Menu Item,245.0,1.0,245.0,2.66,Bill Discount,Synthetic promotion,242.34,12.12,0,0,0,0,254.46,,,,,
Delhi,ABNAH Cafe Connaught Place,,BILL-OUT001-260315-0037,37,Delivery/Takeaway,,2026-03-15 18:21:00,2026-03-15 18:46:00,Baked Goods,Chocolate Croissant,MENU0096,Food,Menu Item,235.0,1.0,235.0,11.28,Bill Discount,Synthetic promotion,223.72,11.19,0,0,0,0,234.91,,,,,
Delhi,ABNAH Cafe Connaught Place,,BILL-OUT001-260315-0038,38,Delivery/Takeaway,,2026-03-15 15:06:00,2026-03-15 15:42:00,Baked Goods,Mushroom Cheese Croissant,MENU0097,Food,Menu Item,259.59,1.0,259.59,0.0,,,259.59,12.98,0,0,0,0,272.57,,,,,
Delhi,ABNAH Cafe Connaught Place,,BILL-OUT001-260315-0039,39,Delivery/Takeaway,,2026-03-15 15:52:00,2026-03-15 16:00:00,Baked Goods,Sriracha Chicken Croissant,MENU0098,Food,Menu Item,275.0,1.0,275.0,1.27,Bill Discount,Synthetic promotion,273.73,13.69,0,0,0,0,287.42,,,,,
Delhi,ABNAH Cafe Connaught Place,,BILL-OUT001-260315-0040,40,Delivery/Takeaway,,2026-03-15 12:50:00,2026-03-15 13:11:00,Desserts,Death by Chocolate Cookie,MENU0106,Dessert,Menu Item,190.0,1.0,190.0,10.0,Bill Discount,Synthetic promotion,180.0,9.0,0,0,0,0,189.0,,,,,
Delhi,ABNAH Cafe Connaught Place,,BILL-OUT001-260316-0001,1,Dine In,T09,2026-03-16 09:48:00,2026-03-16 10:02:00,Coffee Classics,Americano - Regular,MENU0003,Beverage,Menu Item,185.86,1.0,185.86,0.0,,,185.86,9.29,0,0,0,0,195.15,,,,,
Delhi,ABNAH Cafe Connaught Place,,BILL-OUT001-260316-0002,2,Delivery/Takeaway,,2026-03-16 12:22:00,2026-03-16 12:50:00,Coffee Classics,Americano - Large,MENU0005,Beverage,Menu Item,235.0,4.0,940.0,26.52,Bill Discount,Synthetic promotion,913.48,45.67,0,0,0,0,959.15,,,,,
Delhi,ABNAH Cafe Connaught Place,,BILL-OUT001-260316-0003,3,Dine In,T13,2026-03-16 13:39:00,2026-03-16 14:16:00,Coffee Classics,Latte - Regular,MENU0006,Beverage,Menu Item,225.0,6.0,1350.0,77.56,Bill Discount,Synthetic promotion,1272.44,63.62,0,0,0,0,1336.06,,,,,
Delhi,ABNAH Cafe Connaught Place,,BILL-OUT001-260316-0004,4,Delivery/Takeaway,,2026-03-16 17:05:00,2026-03-16 17:17:00,Coffee Classics,Latte - Medium,MENU0007,Beverage,Menu Item,250.0,4.0,1000.0,29.5,Bill Discount,Synthetic promotion,970.5,48.52,0,0,0,0,1019.02,,,,,
Delhi,ABNAH Cafe Connaught Place,,BILL-OUT001-260316-0005,5,Delivery/Takeaway,,2026-03-16 18:40:00,2026-03-16 19:02:00,Coffee Classics,Latte - Large,MENU0008,Beverage,Menu Item,275.0,3.0,825.0,7.19,Bill Discount,Synthetic promotion,817.81,40.89,0,0,0,0,858.7,,,,,
Delhi,ABNAH Cafe Connaught Place,,BILL-OUT001-260316-0006,6,Dine In,T19,2026-03-16 19:35:00,2026-03-16 19:59:00,Coffee Classics,Cappuccino - Regular,MENU0009,Beverage,Menu Item,226.1,3.0,678.3,0.0,,,678.3,33.91,0,0,0,0,712.21,,,,,
Delhi,ABNAH Cafe Connaught Place,,BILL-OUT001-260316-0007,7,Delivery/Takeaway,,2026-03-16 10:02:00,2026-03-16 10:25:00,Coffee Classics,Cappuccino - Large,MENU0011,Beverage,Menu Item,275.0,2.0,550.0,4.42,Bill Discount,Synthetic promotion,545.58,27.28,0,0,0,0,572.86,,,,,
Delhi,ABNAH Cafe Connaught Place,,BILL-OUT001-260316-0008,8,Dine In,T14,2026-03-16 08:32:00,2026-03-16 08:41:00,Coffee Classics,Flat White - Regular,MENU0012,Beverage,Menu Item,235.0,2.0,470.0,25.11,Bill Discount,Synthetic promotion,444.89,22.24,0,0,0,0,467.13,,,,,
Delhi,ABNAH Cafe Connaught Place,,BILL-OUT001-260316-0009,9,Delivery/Takeaway,,2026-03-16 08:57:00,2026-03-16 09:40:00,Coffee Classics,Flat White - Medium,MENU0013,Beverage,Menu Item,264.96,4.0,1059.84,0.0,,,1059.84,52.99,0,0,0,0,1112.83,,,,,
Delhi,ABNAH Cafe Connaught Place,,BILL-OUT001-260316-0010,10,Delivery/Takeaway,,2026-03-16 16:14:00,2026-03-16 16:56:00,Coffee Classics,Flat White - Large,MENU0014,Beverage,Menu Item,285.0,2.0,570.0,29.86,Bill Discount,Synthetic promotion,540.14,27.01,0,0,0,0,567.15,,,,,
Delhi,ABNAH Cafe Connaught Place,,BILL-OUT001-260316-0011,11,Dine In,T10,2026-03-16 18:05:00,2026-03-16 18:32:00,Coffee Classics,Mocha - Regular,MENU0015,Beverage,Menu Item,245.0,1.0,245.0,10.96,Bill Discount,Synthetic promotion,234.04,11.7,0,0,0,0,245.74,,,,,
Delhi,ABNAH Cafe Connaught Place,,BILL-OUT001-260316-0012,12,Delivery/Takeaway,,2026-03-16 11:55:00,2026-03-16 12:25:00,Coffee Classics,Mocha - Medium,MENU0016,Beverage,Menu Item,270.0,5.0,1350.0,54.97,Bill Discount,Synthetic promotion,1295.03,64.75,0,0,0,0,1359.78,,,,,
Delhi,ABNAH Cafe Connaught Place,,BILL-OUT001-260316-0013,13,Delivery/Takeaway,,2026-03-16 17:18:00,2026-03-16 17:46:00,Coffee Classics,Mocha - Large,MENU0017,Beverage,Menu Item,300.86,2.0,601.72,0.0,,,601.72,30.09,0,0,0,0,631.81,,,,,
Delhi,ABNAH Cafe Connaught Place,,BILL-OUT001-260316-0014,14,Dine In,T01,2026-03-16 13:12:00,2026-03-16 13:43:00,Signature Coffee,Sea Salt Mocha - Regular,MENU0018,Beverage,Menu Item,278.1,1.0,278.1,0.0,,,278.1,13.9,0,0,0,0,292.0,,,,,
Delhi,ABNAH Cafe Connaught Place,,BILL-OUT001-260316-0015,15,Dine In,T12,2026-03-16 19:43:00,2026-03-16 20:24:00,Signature Coffee,Sea Salt Mocha - Large,MENU0020,Beverage,Menu Item,335.0,2.0,670.0,35.44,Bill Discount,Synthetic promotion,634.56,31.73,0,0,0,0,666.29,,,,,
Delhi,ABNAH Cafe Connaught Place,,BILL-OUT001-260316-0016,16,Dine In,T04,2026-03-16 18:50:00,2026-03-16 19:23:00,Signature Coffee,Orange Zest Mocha - Regular,MENU0021,Beverage,Menu Item,270.0,1.0,270.0,10.86,Bill Discount,Synthetic promotion,259.14,12.96,0,0,0,0,272.1,,,,,
Delhi,ABNAH Cafe Connaught Place,,BILL-OUT001-260316-0017,17,Dine In,T21,2026-03-16 15:04:00,2026-03-16 15:23:00,Signature Coffee,Orange Zest Mocha - Medium,MENU0022,Beverage,Menu Item,303.84,1.0,303.84,0.0,,,303.84,15.19,0,0,0,0,319.03,,,,,
Delhi,ABNAH Cafe Connaught Place,,BILL-OUT001-260316-0018,18,Delivery/Takeaway,,2026-03-16 11:07:00,2026-03-16 11:16:00,Signature Coffee,Orange Zest Mocha - Large,MENU0023,Beverage,Menu Item,330.0,1.0,330.0,1.0,Bill Discount,Synthetic promotion,329.0,16.45,0,0,0,0,345.45,,,,,
Delhi,ABNAH Cafe Connaught Place,,BILL-OUT001-260316-0019,19,Delivery/Takeaway,,2026-03-16 18:18:00,2026-03-16 18:38:00,Signature Coffee,Caramel Macchiato - Regular,MENU0024,Beverage,Menu Item,265.0,2.0,530.0,22.81,Bill Discount,Synthetic promotion,507.19,25.36,0,0,0,0,532.55,,,,,
Delhi,ABNAH Cafe Connaught Place,,BILL-OUT001-260316-0020,20,Delivery/Takeaway,,2026-03-16 11:01:00,2026-03-16 11:32:00,Signature Coffee,French Vanilla Latte - Regular,MENU0027,Beverage,Menu Item,265.0,3.0,795.0,40.38,Bill Discount,Synthetic promotion,754.62,37.73,0,0,0,0,792.35,,,,,
Delhi,ABNAH Cafe Connaught Place,,BILL-OUT001-260316-0021,21,Dine In,T23,2026-03-16 13:34:00,2026-03-16 14:22:00,Signature Coffee,French Vanilla Latte - Medium,MENU0028,Beverage,Menu Item,295.0,5.0,1475.0,63.53,Bill Discount,Synthetic promotion,1411.47,70.57,0,0,0,0,1482.04,,,,,
Delhi,ABNAH Cafe Connaught Place,,BILL-OUT001-260316-0022,22,Delivery/Takeaway,,2026-03-16 11:08:00,2026-03-16 11:42:00,Signature Coffee,Vegan Iced Latte - Regular,MENU0030,Beverage,Menu Item,285.0,1.0,285.0,0.93,Bill Discount,Synthetic promotion,284.07,14.2,0,0,0,0,298.27,,,,,
Delhi,ABNAH Cafe Connaught Place,,BILL-OUT001-260316-0023,23,Dine In,T15,2026-03-16 17:53:00,2026-03-16 18:04:00,Signature Coffee,Vegan Iced Latte - Medium,MENU0031,Beverage,Menu Item,310.0,1.0,310.0,16.7,Bill Discount,Synthetic promotion,293.3,14.66,0,0,0,0,307.96,,,,,
Delhi,ABNAH Cafe Connaught Place,,BILL-OUT001-260316-0024,24,Delivery/Takeaway,,2026-03-16 17:42:00,2026-03-16 18:06:00,Signature Coffee,Vegan Iced Latte - Large,MENU0032,Beverage,Menu Item,335.0,1.0,335.0,17.21,Bill Discount,Synthetic promotion,317.79,15.89,0,0,0,0,333.68,,,,,
Delhi,ABNAH Cafe Connaught Place,,BILL-OUT001-260316-0025,25,Delivery/Takeaway,,2026-03-16 12:34:00,2026-03-16 12:51:00,Cold Brew,Classic Cold Brew - Medium,MENU0034,Beverage,Menu Item,250.0,1.0,250.0,5.27,Bill Discount,Synthetic promotion,244.73,12.24,0,0,0,0,256.97,,,,,
Delhi,ABNAH Cafe Connaught Place,,BILL-OUT001-260316-0026,26,Delivery/Takeaway,,2026-03-16 08:33:00,2026-03-16 08:58:00,Cold Brew,Classic Cold Brew - Large,MENU0035,Beverage,Menu Item,275.0,1.0,275.0,16.3,Bill Discount,Synthetic promotion,258.7,12.94,0,0,0,0,271.64,,,,,
Delhi,ABNAH Cafe Connaught Place,,BILL-OUT001-260316-0027,27,Delivery/Takeaway,,2026-03-16 08:38:00,2026-03-16 09:23:00,Cold Brew,Coffee Lemonade - Regular,MENU0036,Beverage,Menu Item,235.0,1.0,235.0,13.09,Bill Discount,Synthetic promotion,221.91,11.1,0,0,0,0,233.01,,,,,
Delhi,ABNAH Cafe Connaught Place,,BILL-OUT001-260316-0028,28,Delivery/Takeaway,,2026-03-16 15:44:00,2026-03-16 15:52:00,Cold Brew,Coffee Lemonade - Large,MENU0038,Beverage,Menu Item,289.13,1.0,289.13,0.0,,,289.13,14.46,0,0,0,0,303.59,,,,,
Delhi,ABNAH Cafe Connaught Place,,BILL-OUT001-260316-0029,29,Delivery/Takeaway,,2026-03-16 14:03:00,2026-03-16 14:31:00,Cold Brew,Vietnamese Shakerato - Regular,MENU0039,Beverage,Menu Item,255.0,1.0,255.0,11.14,Bill Discount,Synthetic promotion,243.86,12.19,0,0,0,0,256.05,,,,,
Delhi,ABNAH Cafe Connaught Place,,BILL-OUT001-260316-0030,30,Dine In,T20,2026-03-16 16:38:00,2026-03-16 16:47:00,Cold Coffee,Classic Cold Coffee - Medium,MENU0043,Beverage,Menu Item,290.0,2.0,580.0,31.1,Bill Discount,Synthetic promotion,548.9,27.45,0,0,0,0,576.35,,,,,
Delhi,ABNAH Cafe Connaught Place,,BILL-OUT001-260316-0031,31,Dine In,T06,2026-03-16 11:24:00,2026-03-16 11:44:00,Cold Coffee,Classic Cold Coffee - Large,MENU0044,Beverage,Menu Item,325.0,2.0,650.0,18.24,Bill Discount,Synthetic promotion,631.76,31.59,0,0,0,0,663.35,,,,,
Delhi,ABNAH Cafe Connaught Place,,BILL-OUT001-260316-0032,32,Dine In,T17,2026-03-16 15:11:00,2026-03-16 16:00:00,Cold Coffee,Mocha Cold Coffee - Regular,MENU0045,Beverage,Menu Item,288.99,1.0,288.99,0.0,,,288.99,14.45,0,0,0,0,303.44,,,,,
Delhi,ABNAH Cafe Connaught Place,,BILL-OUT001-260316-0033,33,Dine In,T14,2026-03-16 09:27:00,2026-03-16 09:43:00,Cold Coffee,Mocha Cold Coffee - Medium,MENU0046,Beverage,Menu Item,324.9,1.0,324.9,0.0,,,324.9,16.25,0,0,0,0,341.15,,,,,
Delhi,ABNAH Cafe Connaught Place,,BILL-OUT001-260316-0034,34,Dine In,T23,2026-03-16 09:23:00,2026-03-16 10:04:00,Cold Coffee,Mocha Cold Coffee - Large,MENU0047,Beverage,Menu Item,357.41,1.0,357.41,0.0,,,357.41,17.87,0,0,0,0,375.28,,,,,
Delhi,ABNAH Cafe Connaught Place,,BILL-OUT001-260316-0035,35,Delivery/Takeaway,,2026-03-16 17:17:00,2026-03-16 17:47:00,Cold Coffee,Caramel Cold Coffee - Large,MENU0050,Beverage,Menu Item,355.0,2.0,710.0,11.43,Bill Discount,Synthetic promotion,698.57,34.93,0,0,0,0,733.5,,,,,
Delhi,ABNAH Cafe Connaught Place,,BILL-OUT001-260316-0036,36,Dine In,T11,2026-03-16 12:11:00,2026-03-16 12:33:00,Tea,Masala Chai Latte - Regular,MENU0051,Beverage,Menu Item,195.0,1.0,195.0,6.75,Bill Discount,Synthetic promotion,188.25,9.41,0,0,0,0,197.66,,,,,
Delhi,ABNAH Cafe Connaught Place,,BILL-OUT001-260316-0037,37,Delivery/Takeaway,,2026-03-16 19:03:00,2026-03-16 19:43:00,Tea,Masala Chai Latte - Medium,MENU0052,Beverage,Menu Item,222.38,1.0,222.38,0.0,,,222.38,11.12,0,0,0,0,233.5,,,,,
Delhi,ABNAH Cafe Connaught Place,,BILL-OUT001-260316-0038,38,Dine In,T03,2026-03-16 11:45:00,2026-03-16 12:27:00,Tea,Himalayan Green Tea,MENU0054,Beverage,Menu Item,210.75,1.0,210.75,0.0,,,210.75,10.54,0,0,0,0,221.29,,,,,
Delhi,ABNAH Cafe Connaught Place,,BILL-OUT001-260316-0039,39,Delivery/Takeaway,,2026-03-16 13:58:00,2026-03-16 14:22:00,Tea,Japanese Matcha Latte - Regular,MENU0055,Beverage,Menu Item,265.0,1.0,265.0,12.39,Bill Discount,Synthetic promotion,252.61,12.63,0,0,0,0,265.24,,,,,
Delhi,ABNAH Cafe Connaught Place,,BILL-OUT001-260316-0040,40,Dine In,T14,2026-03-16 17:12:00,2026-03-16 17:37:00,Tea,Japanese Matcha Latte - Large,MENU0057,Beverage,Menu Item,330.23,1.0,330.23,0.0,,,330.23,16.51,0,0,0,0,346.74,,,,,
Delhi,ABNAH Cafe Connaught Place,,BILL-OUT001-260316-0041,41,Delivery/Takeaway,,2026-03-16 19:58:00,2026-03-16 20:45:00,Iced Tea,Lemon Iced Tea - Medium,MENU0059,Beverage,Menu Item,230.0,1.0,230.0,12.18,Bill Discount,Synthetic promotion,217.82,10.89,0,0,0,0,228.71,,,,,
Delhi,ABNAH Cafe Connaught Place,,BILL-OUT001-260316-0042,42,Delivery/Takeaway,,2026-03-16 16:18:00,2026-03-16 16:46:00,Iced Tea,Hibiscus Lime Iced Tea - Regular,MENU0061,Beverage,Menu Item,225.0,1.0,225.0,9.42,Bill Discount,Synthetic promotion,215.58,10.78,0,0,0,0,226.36,,,,,
Delhi,ABNAH Cafe Connaught Place,,BILL-OUT001-260316-0043,43,Delivery/Takeaway,,2026-03-16 11:51:00,2026-03-16 12:20:00,Iced Tea,Hibiscus Lime Iced Tea - Medium,MENU0062,Beverage,Menu Item,250.0,2.0,500.0,4.72,Bill Discount,Synthetic promotion,495.28,24.76,0,0,0,0,520.04,,,,,
Delhi,ABNAH Cafe Connaught Place,,BILL-OUT001-260316-0044,44,Delivery/Takeaway,,2026-03-16 13:28:00,2026-03-16 14:16:00,Shake,Choco Chip Shake - Regular,MENU0068,Beverage,Menu Item,295.0,1.0,295.0,15.04,Bill Discount,Synthetic promotion,279.96,14.0,0,0,0,0,293.96,,,,,
Delhi,ABNAH Cafe Connaught Place,,BILL-OUT001-260316-0045,45,Delivery/Takeaway,,2026-03-16 17:17:00,2026-03-16 17:49:00,Shake,Mixed Berry Shake - Medium,MENU0072,Beverage,Menu Item,350.0,1.0,350.0,3.93,Bill Discount,Synthetic promotion,346.07,17.3,0,0,0,0,363.37,,,,,
Delhi,ABNAH Cafe Connaught Place,,BILL-OUT001-260316-0046,46,Delivery/Takeaway,,2026-03-16 14:36:00,2026-03-16 14:51:00,Shake,Mixed Berry Shake - Large,MENU0073,Beverage,Menu Item,385.0,1.0,385.0,12.29,Bill Discount,Synthetic promotion,372.71,18.64,0,0,0,0,391.35,,,,,
Delhi,ABNAH Cafe Connaught Place,,BILL-OUT001-260316-0047,47,Dine In,T06,2026-03-16 14:37:00,2026-03-16 15:23:00,Smoothie,Seasonal Smoothie - Regular,MENU0074,Beverage,Menu Item,305.0,1.0,305.0,2.99,Bill Discount,Synthetic promotion,302.01,15.1,0,0,0,0,317.11,,,,,
Delhi,ABNAH Cafe Connaught Place,,BILL-OUT001-260316-0048,48,Delivery/Takeaway,,2026-03-16 12:30:00,2026-03-16 13:13:00,Wraps,Shredded Chicken Wrap,MENU0078,Food,Menu Item,296.68,1.0,296.68,0.0,,,296.68,14.83,0,0,0,0,311.51,,,,,
Delhi,ABNAH Cafe Connaught Place,,BILL-OUT001-260316-0049,49,Delivery/Takeaway,,2026-03-16 17:17:00,2026-03-16 18:05:00,Sandwiches,Smoked Chipotle Paneer Sandwich,MENU0079,Food,Menu Item,295.0,1.0,295.0,4.4,Bill Discount,Synthetic promotion,290.6,14.53,0,0,0,0,305.13,,,,,
Delhi,ABNAH Cafe Connaught Place,,BILL-OUT001-260316-0050,50,Delivery/Takeaway,,2026-03-16 10:56:00,2026-03-16 11:25:00,Sandwiches,Pesto Veg Sandwich,MENU0080,Food,Menu Item,280.66,1.0,280.66,0.0,,,280.66,14.03,0,0,0,0,294.69,,,,,
Delhi,ABNAH Cafe Connaught Place,,BILL-OUT001-260316-0051,51,Dine In,T21,2026-03-16 14:15:00,2026-03-16 14:48:00,Sandwiches,Pepper Chicken Sandwich,MENU0081,Food,Menu Item,315.0,2.0,630.0,14.97,Bill Discount,Synthetic promotion,615.03,30.75,0,0,0,0,645.78,,,,,
Delhi,ABNAH Cafe Connaught Place,,BILL-OUT001-260316-0052,52,Delivery/Takeaway,,2026-03-16 17:28:00,2026-03-16 18:07:00,Sandwiches,Tandoori Chicken Sandwich,MENU0082,Food,Menu Item,320.0,2.0,640.0,15.31,Bill Discount,Synthetic promotion,624.69,31.23,0,0,0,0,655.92,,,,,
Delhi,ABNAH Cafe Connaught Place,,BILL-OUT001-260316-0053,53,Delivery/Takeaway,,2026-03-16 15:47:00,2026-03-16 16:24:00,Platter,Hummus and Pita Platter,MENU0085,Food,Menu Item,310.0,1.0,310.0,4.68,Bill Discount,Synthetic promotion,305.32,15.27,0,0,0,0,320.59,,,,,
Delhi,ABNAH Cafe Connaught Place,,BILL-OUT001-260316-0054,54,Dine In,T23,2026-03-16 09:37:00,2026-03-16 09:53:00,Breakfast,Cream Cheese Bagel,MENU0087,Food,Menu Item,250.0,1.0,250.0,6.39,Bill Discount,Synthetic promotion,243.61,12.18,0,0,0,0,255.79,,,,,
Delhi,ABNAH Cafe Connaught Place,,BILL-OUT001-260316-0055,55,Delivery/Takeaway,,2026-03-16 15:11:00,2026-03-16 15:29:00,Snacks,Marinara Cheese Pin Wheels,MENU0090,Food,Menu Item,216.28,3.0,648.84,0.0,,,648.84,32.44,0,0,0,0,681.28,,,,,
Delhi,ABNAH Cafe Connaught Place,,BILL-OUT001-260316-0056,56,Dine In,T12,2026-03-16 14:18:00,2026-03-16 14:37:00,Snacks,Pesto Sundried Tomato Pin Wheel,MENU0091,Food,Menu Item,225.0,1.0,225.0,4.1,Bill Discount,Synthetic promotion,220.9,11.04,0,0,0,0,231.94,,,,,
Delhi,ABNAH Cafe Connaught Place,,BILL-OUT001-260316-0057,57,Dine In,T05,2026-03-16 16:29:00,2026-03-16 16:42:00,Snacks,Turnover with Brioche Dough Veg,MENU0093,Food,Menu Item,235.48,1.0,235.48,0.0,,,235.48,11.77,0,0,0,0,247.25,,,,,
Delhi,ABNAH Cafe Connaught Place,,BILL-OUT001-260316-0058,58,Dine In,T10,2026-03-16 15:40:00,2026-03-16 16:01:00,Baked Goods,Butter Croissant,MENU0094,Food,Menu Item,195.0,2.0,390.0,4.94,Bill Discount,Synthetic promotion,385.06,19.25,0,0,0,0,404.31,,,,,
Delhi,ABNAH Cafe Connaught Place,,BILL-OUT001-260316-0059,59,Delivery/Takeaway,,2026-03-16 08:56:00,2026-03-16 09:40:00,Baked Goods,Sriracha Chicken Croissant,MENU0098,Food,Menu Item,275.0,2.0,550.0,29.18,Bill Discount,Synthetic promotion,520.82,26.04,0,0,0,0,546.86,,,,,
Delhi,ABNAH Cafe Connaught Place,,BILL-OUT001-260316-0060,60,Delivery/Takeaway,,2026-03-16 09:46:00,2026-03-16 10:06:00,Baked Goods,Cinnamon Roll with Cream Cheese,MENU0099,Dessert,Menu Item,220.0,1.0,220.0,10.52,Bill Discount,Synthetic promotion,209.48,10.47,0,0,0,0,219.95,,,,,
Delhi,ABNAH Cafe Connaught Place,,BILL-OUT001-260316-0061,61,Dine In,T16,2026-03-16 14:41:00,2026-03-16 14:55:00,Desserts,Double Chocolate Truffle Cake,MENU0102,Dessert,Menu Item,295.0,1.0,295.0,8.72,Bill Discount,Synthetic promotion,286.28,14.31,0,0,0,0,300.59,,,,,
Delhi,ABNAH Cafe Connaught Place,,BILL-OUT001-260316-0062,62,Delivery/Takeaway,,2026-03-16 19:54:00,2026-03-16 20:14:00,Desserts,Jaggery Parmesan Cookie,MENU0107,Dessert,Menu Item,170.0,1.0,170.0,3.26,Bill Discount,Synthetic promotion,166.74,8.34,0,0,0,0,175.08,,,,,
Delhi,ABNAH Cafe Connaught Place,,BILL-OUT001-260316-0063,63,Dine In,T20,2026-03-16 17:43:00,2026-03-16 18:14:00,Desserts,Apple Pie,MENU0108,Dessert,Menu Item,270.0,1.0,270.0,3.62,Bill Discount,Synthetic promotion,266.38,13.32,0,0,0,0,279.7,,,,,
Delhi,ABNAH Cafe Connaught Place,,BILL-OUT001-260316-0064,64,Delivery/Takeaway,,2026-03-16 14:28:00,2026-03-16 14:49:00,Desserts,Basque Cheesecake,MENU0109,Dessert,Menu Item,310.0,1.0,310.0,2.04,Bill Discount,Synthetic promotion,307.96,15.4,0,0,0,0,323.36,,,,,
Delhi,ABNAH Cafe Connaught Place,,BILL-OUT001-260316-0065,65,Delivery/Takeaway,,2026-03-16 15:36:00,2026-03-16 15:47:00,Baked Goods,Multigrain Walnut Tea Cake,MENU0110,Dessert,Menu Item,227.44,1.0,227.44,0.0,,,227.44,11.37,0,0,0,0,238.81,,,,,
Delhi,ABNAH Cafe Connaught Place,,BILL-OUT001-260317-0001,1,Delivery/Takeaway,,2026-03-17 14:31:00,2026-03-17 15:04:00,Coffee Classics,Americano - Regular,MENU0003,Beverage,Menu Item,185.0,4.0,740.0,15.22,Bill Discount,Synthetic promotion,724.78,36.24,0,0,0,0,761.02,,,,,
Delhi,ABNAH Cafe Connaught Place,,BILL-OUT001-260317-0002,2,Delivery/Takeaway,,2026-03-17 09:55:00,2026-03-17 10:23:00,Coffee Classics,Americano - Medium,MENU0004,Beverage,Menu Item,210.0,1.0,210.0,2.41,Bill Discount,Synthetic promotion,207.59,10.38,0,0,0,0,217.97,,,,,
Delhi,ABNAH Cafe Connaught Place,,BILL-OUT001-260317-0003,3,Dine In,T10,2026-03-17 15:54:00,2026-03-17 16:14:00,Coffee Classics,Latte - Regular,MENU0006,Beverage,Menu Item,225.0,3.0,675.0,31.02,Bill Discount,Synthetic promotion,643.98,32.2,0,0,0,0,676.18,,,,,
Delhi,ABNAH Cafe Connaught Place,,BILL-OUT001-260317-0004,4,Delivery/Takeaway,,2026-03-17 08:57:00,2026-03-17 09:25:00,Coffee Classics,Latte - Medium,MENU0007,Beverage,Menu Item,254.89,1.0,254.89,0.0,,,254.89,12.74,0,0,0,0,267.63,,,,,
Delhi,ABNAH Cafe Connaught Place,,BILL-OUT001-260317-0005,5,Delivery/Takeaway,,2026-03-17 13:54:00,2026-03-17 14:02:00,Coffee Classics,Cappuccino - Regular,MENU0009,Beverage,Menu Item,225.0,3.0,675.0,31.65,Bill Discount,Synthetic promotion,643.35,32.17,0,0,0,0,675.52,,,,,
Delhi,ABNAH Cafe Connaught Place,,BILL-OUT001-260317-0006,6,Delivery/Takeaway,,2026-03-17 17:29:00,2026-03-17 18:13:00,Coffee Classics,Cappuccino - Medium,MENU0010,Beverage,Menu Item,250.0,2.0,500.0,8.48,Bill Discount,Synthetic promotion,491.52,24.58,0,0,0,0,516.1,,,,,
Delhi,ABNAH Cafe Connaught Place,,BILL-OUT001-260317-0007,7,Delivery/Takeaway,,2026-03-17 11:09:00,2026-03-17 11:21:00,Coffee Classics,Cappuccino - Large,MENU0011,Beverage,Menu Item,279.77,1.0,279.77,0.0,,,279.77,13.99,0,0,0,0,293.76,,,,,
Delhi,ABNAH Cafe Connaught Place,,BILL-OUT001-260317-0008,8,Dine In,T19,2026-03-17 17:34:00,2026-03-17 17:47:00,Coffee Classics,Flat White - Regular,MENU0012,Beverage,Menu Item,235.0,2.0,470.0,14.6,Bill Discount,Synthetic promotion,455.4,22.77,0,0,0,0,478.17,,,,,
Delhi,ABNAH Cafe Connaught Place,,BILL-OUT001-260317-0009,9,Delivery/Takeaway,,2026-03-17 09:19:00,2026-03-17 09:45:00,Coffee Classics,Flat White - Medium,MENU0013,Beverage,Menu Item,260.0,3.0,780.0,23.1,Bill Discount,Synthetic promotion,756.9,37.84,0,0,0,0,794.74,,,,,
Delhi,ABNAH Cafe Connaught Place,,BILL-OUT001-260317-0010,10,Delivery/Takeaway,,2026-03-17 17:06:00,2026-03-17 17:41:00,Coffee Classics,Mocha - Regular,MENU0015,Beverage,Menu Item,245.0,1.0,245.0,1.41,Bill Discount,Synthetic promotion,243.59,12.18,0,0,0,0,255.77,,,,,
Delhi,ABNAH Cafe Connaught Place,,BILL-OUT001-260317-0011,11,Delivery/Takeaway,,2026-03-17 18:50:00,2026-03-17 19:17:00,Coffee Classics,Mocha - Medium,MENU0016,Beverage,Menu Item,270.0,2.0,540.0,25.36,Bill Discount,Synthetic promotion,514.64,25.73,0,0,0,0,540.37,,,,,
Delhi,ABNAH Cafe Connaught Place,,BILL-OUT001-260317-0012,12,Delivery/Takeaway,,2026-03-17 15:43:00,2026-03-17 16:12:00,Signature Coffee,Sea Salt Mocha - Medium,MENU0019,Beverage,Menu Item,305.0,1.0,305.0,3.47,Bill Discount,Synthetic promotion,301.53,15.08,0,0,0,0,316.61,,,,,
Delhi,ABNAH Cafe Connaught Place,,BILL-OUT001-260317-0013,13,Dine In,T15,2026-03-17 18:58:00,2026-03-17 19:28:00,Signature Coffee,Sea Salt Mocha - Large,MENU0020,Beverage,Menu Item,339.28,1.0,339.28,0.0,,,339.28,16.96,0,0,0,0,356.24,,,,,
Delhi,ABNAH Cafe Connaught Place,,BILL-OUT001-260317-0014,14,Dine In,T10,2026-03-17 10:47:00,2026-03-17 11:31:00,Signature Coffee,Orange Zest Mocha - Regular,MENU0021,Beverage,Menu Item,270.0,2.0,540.0,19.5,Bill Discount,Synthetic promotion,520.5,26.02,0,0,0,0,546.52,,,,,
Delhi,ABNAH Cafe Connaught Place,,BILL-OUT001-260317-0015,15,Delivery/Takeaway,,2026-03-17 19:08:00,2026-03-17 19:45:00,Signature Coffee,Caramel Macchiato - Regular,MENU0024,Beverage,Menu Item,265.0,1.0,265.0,3.71,Bill Discount,Synthetic promotion,261.29,13.06,0,0,0,0,274.35,,,,,
Delhi,ABNAH Cafe Connaught Place,,BILL-OUT001-260317-0016,16,Delivery/Takeaway,,2026-03-17 13:35:00,2026-03-17 13:56:00,Cold Brew,Classic Cold Brew - Medium,MENU0034,Beverage,Menu Item,250.0,1.0,250.0,3.13,Bill Discount,Synthetic promotion,246.87,12.34,0,0,0,0,259.21,,,,,
Delhi,ABNAH Cafe Connaught Place,,BILL-OUT001-260317-0017,17,Delivery/Takeaway,,2026-03-17 18:25:00,2026-03-17 18:46:00,Cold Brew,Coffee Lemonade - Regular,MENU0036,Beverage,Menu Item,235.33,1.0,235.33,0.0,,,235.33,11.77,0,0,0,0,247.1,,,,,
Delhi,ABNAH Cafe Connaught Place,,BILL-OUT001-260317-0018,18,Delivery/Takeaway,,2026-03-17 09:43:00,2026-03-17 10:18:00,Cold Brew,Vietnamese Shakerato - Large,MENU0041,Beverage,Menu Item,305.0,1.0,305.0,10.85,Bill Discount,Synthetic promotion,294.15,14.71,0,0,0,0,308.86,,,,,
Delhi,ABNAH Cafe Connaught Place,,BILL-OUT001-260317-0019,19,Dine In,T14,2026-03-17 09:49:00,2026-03-17 09:59:00,Cold Coffee,Classic Cold Coffee - Regular,MENU0042,Beverage,Menu Item,259.25,1.0,259.25,0.0,,,259.25,12.96,0,0,0,0,272.21,,,,,
Delhi,ABNAH Cafe Connaught Place,,BILL-OUT001-260317-0020,20,Dine In,T02,2026-03-17 14:45:00,2026-03-17 14:58:00,Cold Coffee,Classic Cold Coffee - Medium,MENU0043,Beverage,Menu Item,290.0,2.0,580.0,30.04,Bill Discount,Synthetic promotion,549.96,27.5,0,0,0,0,577.46,,,,,
Delhi,ABNAH Cafe Connaught Place,,BILL-OUT001-260317-0021,21,Delivery/Takeaway,,2026-03-17 11:09:00,2026-03-17 11:23:00,Cold Coffee,Classic Cold Coffee - Large,MENU0044,Beverage,Menu Item,329.14,2.0,658.28,0.0,,,658.29,32.91,0,0,0,0,691.2,,,,,
Delhi,ABNAH Cafe Connaught Place,,BILL-OUT001-260317-0022,22,Dine In,T16,2026-03-17 12:11:00,2026-03-17 12:55:00,Cold Coffee,Mocha Cold Coffee - Medium,MENU0046,Beverage,Menu Item,320.0,1.0,320.0,15.05,Bill Discount,Synthetic promotion,304.95,15.25,0,0,0,0,320.2,,,,,
Delhi,ABNAH Cafe Connaught Place,,BILL-OUT001-260317-0023,23,Dine In,T07,2026-03-17 09:32:00,2026-03-17 10:02:00,Cold Coffee,Mocha Cold Coffee - Large,MENU0047,Beverage,Menu Item,355.0,1.0,355.0,13.8,Bill Discount,Synthetic promotion,341.2,17.06,0,0,0,0,358.26,,,,,
Delhi,ABNAH Cafe Connaught Place,,BILL-OUT001-260317-0024,24,Delivery/Takeaway,,2026-03-17 15:21:00,2026-03-17 15:59:00,Cold Coffee,Caramel Cold Coffee - Medium,MENU0049,Beverage,Menu Item,322.93,2.0,645.86,0.0,,,645.86,32.29,0,0,0,0,678.15,,,,,
Delhi,ABNAH Cafe Connaught Place,,BILL-OUT001-260317-0025,25,Delivery/Takeaway,,2026-03-17 18:28:00,2026-03-17 19:15:00,Cold Coffee,Caramel Cold Coffee - Large,MENU0050,Beverage,Menu Item,355.0,2.0,710.0,8.74,Bill Discount,Synthetic promotion,701.26,35.06,0,0,0,0,736.32,,,,,
Delhi,ABNAH Cafe Connaught Place,,BILL-OUT001-260317-0026,26,Delivery/Takeaway,,2026-03-17 17:56:00,2026-03-17 18:33:00,Tea,Masala Chai Latte - Regular,MENU0051,Beverage,Menu Item,195.61,1.0,195.61,0.0,,,195.61,9.78,0,0,0,0,205.39,,,,,
Delhi,ABNAH Cafe Connaught Place,,BILL-OUT001-260317-0027,27,Dine In,T15,2026-03-17 10:14:00,2026-03-17 10:34:00,Tea,Masala Chai Latte - Medium,MENU0052,Beverage,Menu Item,220.0,2.0,440.0,0.74,Bill Discount,Synthetic promotion,439.26,21.96,0,0,0,0,461.22,,,,,
Delhi,ABNAH Cafe Connaught Place,,BILL-OUT001-260317-0028,28,Dine In,T07,2026-03-17 12:30:00,2026-03-17 13:00:00,Tea,Masala Chai Latte - Large,MENU0053,Beverage,Menu Item,249.19,2.0,498.38,0.0,,,498.38,24.92,0,0,0,0,523.3,,,,,
Delhi,ABNAH Cafe Connaught Place,,BILL-OUT001-260317-0029,29,Delivery/Takeaway,,2026-03-17 15:53:00,2026-03-17 16:03:00,Tea,Japanese Matcha Latte - Regular,MENU0055,Beverage,Menu Item,268.05,2.0,536.1,0.01,Bill Discount,Synthetic promotion,536.09,26.8,0,0,0,0,562.89,,,,,
Delhi,ABNAH Cafe Connaught Place,,BILL-OUT001-260317-0030,30,Dine In,T14,2026-03-17 18:12:00,2026-03-17 18:28:00,Tea,Japanese Matcha Latte - Medium,MENU0056,Beverage,Menu Item,295.0,3.0,885.0,1.14,Bill Discount,Synthetic promotion,883.86,44.19,0,0,0,0,928.05,,,,,
Delhi,ABNAH Cafe Connaught Place,,BILL-OUT001-260317-0031,31,Delivery/Takeaway,,2026-03-17 13:22:00,2026-03-17 14:09:00,Iced Tea,Lemon Iced Tea - Large,MENU0060,Beverage,Menu Item,255.0,1.0,255.0,5.38,Bill Discount,Synthetic promotion,249.62,12.48,0,0,0,0,262.1,,,,,
Delhi,ABNAH Cafe Connaught Place,,BILL-OUT001-260317-0032,32,Dine In,T05,2026-03-17 10:31:00,2026-03-17 10:39:00,Iced Tea,Hibiscus Lime Iced Tea - Regular,MENU0061,Beverage,Menu Item,225.0,1.0,225.0,5.11,Bill Discount,Synthetic promotion,219.89,10.99,0,0,0,0,230.88,,,,,
Delhi,ABNAH Cafe Connaught Place,,BILL-OUT001-260317-0033,33,Delivery/Takeaway,,2026-03-17 14:05:00,2026-03-17 14:14:00,Kids Beverage,Babyccino - Regular,MENU0067,Beverage,Menu Item,165.0,1.0,165.0,3.42,Bill Discount,Synthetic promotion,161.58,8.08,0,0,0,0,169.66,,,,,
Delhi,ABNAH Cafe Connaught Place,,BILL-OUT001-260317-0034,34,Delivery/Takeaway,,2026-03-17 18:44:00,2026-03-17 18:59:00,Shake,Choco Chip Shake - Medium,MENU0069,Beverage,Menu Item,330.0,3.0,990.0,25.64,Bill Discount,Synthetic promotion,964.36,48.22,0,0,0,0,1012.58,,,,,
Delhi,ABNAH Cafe Connaught Place,,BILL-OUT001-260317-0035,35,Delivery/Takeaway,,2026-03-17 09:03:00,2026-03-17 09:11:00,Shake,Choco Chip Shake - Large,MENU0070,Beverage,Menu Item,365.0,1.0,365.0,18.46,Bill Discount,Synthetic promotion,346.54,17.33,0,0,0,0,363.87,,,,,
Delhi,ABNAH Cafe Connaught Place,,BILL-OUT001-260317-0036,36,Delivery/Takeaway,,2026-03-17 11:31:00,2026-03-17 11:54:00,Shake,Mixed Berry Shake - Regular,MENU0071,Beverage,Menu Item,315.0,1.0,315.0,5.04,Bill Discount,Synthetic promotion,309.96,15.5,0,0,0,0,325.46,,,,,
Delhi,ABNAH Cafe Connaught Place,,BILL-OUT001-260317-0037,37,Delivery/Takeaway,,2026-03-17 18:30:00,2026-03-17 19:18:00,Shake,Mixed Berry Shake - Large,MENU0073,Beverage,Menu Item,390.77,1.0,390.77,0.0,,,390.77,19.54,0,0,0,0,410.31,,,,,
Delhi,ABNAH Cafe Connaught Place,,BILL-OUT001-260317-0038,38,Dine In,T01,2026-03-17 18:30:00,2026-03-17 19:19:00,Smoothie,Seasonal Smoothie - Regular,MENU0074,Beverage,Menu Item,305.77,1.0,305.77,0.0,,,305.77,15.29,0,0,0,0,321.06,,,,,
Delhi,ABNAH Cafe Connaught Place,,BILL-OUT001-260317-0039,39,Dine In,T21,2026-03-17 08:58:00,2026-03-17 09:28:00,Smoothie,Seasonal Smoothie - Medium,MENU0075,Beverage,Menu Item,340.0,1.0,340.0,4.98,Bill Discount,Synthetic promotion,335.02,16.75,0,0,0,0,351.77,,,,,
Delhi,ABNAH Cafe Connaught Place,,BILL-OUT001-260317-0040,40,Delivery/Takeaway,,2026-03-17 12:04:00,2026-03-17 12:48:00,Wraps,Spicy Paneer Wrap,MENU0077,Food,Menu Item,275.0,1.0,275.0,7.38,Bill Discount,Synthetic promotion,267.62,13.38,0,0,0,0,281.0,,,,,
Delhi,ABNAH Cafe Connaught Place,,BILL-OUT001-260317-0041,41,Delivery/Takeaway,,2026-03-17 15:17:00,2026-03-17 15:36:00,Wraps,Shredded Chicken Wrap,MENU0078,Food,Menu Item,295.23,1.0,295.23,0.0,,,295.23,14.76,0,0,0,0,309.99,,,,,
Delhi,ABNAH Cafe Connaught Place,,BILL-OUT001-260317-0042,42,Delivery/Takeaway,,2026-03-17 12:32:00,2026-03-17 12:44:00,Sandwiches,Smoked Chipotle Paneer Sandwich,MENU0079,Food,Menu Item,297.22,1.0,297.22,0.0,,,297.22,14.86,0,0,0,0,312.08,,,,,
Delhi,ABNAH Cafe Connaught Place,,BILL-OUT001-260317-0043,43,Dine In,T04,2026-03-17 19:46:00,2026-03-17 20:24:00,Sandwiches,Pesto Veg Sandwich,MENU0080,Food,Menu Item,280.0,1.0,280.0,16.35,Bill Discount,Synthetic promotion,263.65,13.18,0,0,0,0,276.83,,,,,
Delhi,ABNAH Cafe Connaught Place,,BILL-OUT001-260317-0044,44,Delivery/Takeaway,,2026-03-17 19:22:00,2026-03-17 19:35:00,Sandwiches,Tandoori Chicken Sandwich,MENU0082,Food,Menu Item,320.0,1.0,320.0,15.48,Bill Discount,Synthetic promotion,304.52,15.23,0,0,0,0,319.75,,,,,
Delhi,ABNAH Cafe Connaught Place,,BILL-OUT001-260317-0045,45,Delivery/Takeaway,,2026-03-17 18:28:00,2026-03-17 19:01:00,Toasts,Chilli Cheese Garlic Toast,MENU0083,Food,Menu Item,235.0,1.0,235.0,4.96,Bill Discount,Synthetic promotion,230.04,11.5,0,0,0,0,241.54,,,,,
Delhi,ABNAH Cafe Connaught Place,,BILL-OUT001-260317-0046,46,Dine In,T09,2026-03-17 09:22:00,2026-03-17 10:00:00,Breakfast,Breakfast Pancakes,MENU0086,Food,Menu Item,290.09,1.0,290.09,0.0,,,290.09,14.5,0,0,0,0,304.59,,,,,
Delhi,ABNAH Cafe Connaught Place,,BILL-OUT001-260317-0047,47,Dine In,T05,2026-03-17 09:24:00,2026-03-17 09:41:00,Breakfast,Scallion Pepper Cream Cheese Bagel,MENU0088,Food,Menu Item,265.0,1.0,265.0,11.62,Bill Discount,Synthetic promotion,253.38,12.67,0,0,0,0,266.05,,,,,
Delhi,ABNAH Cafe Connaught Place,,BILL-OUT001-260317-0048,48,Dine In,T20,2026-03-17 15:43:00,2026-03-17 15:52:00,Breakfast,Masala Egg Bun,MENU0089,Food,Menu Item,225.0,1.0,225.0,4.71,Bill Discount,Synthetic promotion,220.29,11.01,0,0,0,0,231.3,,,,,
Delhi,ABNAH Cafe Connaught Place,,BILL-OUT001-260317-0049,49,Delivery/Takeaway,,2026-03-17 10:13:00,2026-03-17 10:56:00,Snacks,Marinara Cheese Pin Wheels,MENU0090,Food,Menu Item,217.32,2.0,434.64,0.0,,,434.64,21.73,0,0,0,0,456.37,,,,,
Delhi,ABNAH Cafe Connaught Place,,BILL-OUT001-260317-0050,50,Delivery/Takeaway,,2026-03-17 15:56:00,2026-03-17 16:11:00,Snacks,Turnover with Brioche Dough Chicken,MENU0092,Food,Menu Item,255.0,1.0,255.0,15.12,Bill Discount,Synthetic promotion,239.88,11.99,0,0,0,0,251.87,,,,,
Delhi,ABNAH Cafe Connaught Place,,BILL-OUT001-260317-0051,51,Delivery/Takeaway,,2026-03-17 15:10:00,2026-03-17 15:52:00,Baked Goods,Almond Croissant,MENU0095,Food,Menu Item,245.0,2.0,490.0,24.13,Bill Discount,Synthetic promotion,465.87,23.29,0,0,0,0,489.16,,,,,
Delhi,ABNAH Cafe Connaught Place,,BILL-OUT001-260317-0052,52,Dine In,T06,2026-03-17 10:06:00,2026-03-17 10:40:00,Baked Goods,Chocolate Croissant,MENU0096,Food,Menu Item,235.93,1.0,235.93,0.0,,,235.93,11.8,0,0,0,0,247.73,,,,,
Delhi,ABNAH Cafe Connaught Place,,BILL-OUT001-260317-0053,53,Delivery/Takeaway,,2026-03-17 08:58:00,2026-03-17 09:12:00,Baked Goods,Mushroom Cheese Croissant,MENU0097,Food,Menu Item,255.0,3.0,765.0,12.08,Bill Discount,Synthetic promotion,752.92,37.65,0,0,0,0,790.57,,,,,
Delhi,ABNAH Cafe Connaught Place,,BILL-OUT001-260317-0054,54,Dine In,T21,2026-03-17 19:06:00,2026-03-17 19:55:00,Baked Goods,Sriracha Chicken Croissant,MENU0098,Food,Menu Item,275.0,2.0,550.0,0.87,Bill Discount,Synthetic promotion,549.13,27.46,0,0,0,0,576.59,,,,,
Delhi,ABNAH Cafe Connaught Place,,BILL-OUT001-260317-0055,55,Delivery/Takeaway,,2026-03-17 17:20:00,2026-03-17 17:47:00,Desserts,Double Chocolate Truffle Cake,MENU0102,Dessert,Menu Item,295.0,1.0,295.0,6.69,Bill Discount,Synthetic promotion,288.31,14.42,0,0,0,0,302.73,,,,,
Delhi,ABNAH Cafe Connaught Place,,BILL-OUT001-260317-0056,56,Delivery/Takeaway,,2026-03-17 11:25:00,2026-03-17 11:49:00,Desserts,Jaggery Parmesan Cookie,MENU0107,Dessert,Menu Item,170.53,2.0,341.06,0.0,,,341.07,17.05,0,0,0,0,358.12,,,,,
Delhi,ABNAH Cafe Connaught Place,,BILL-OUT001-260317-0057,57,Dine In,T14,2026-03-17 18:16:00,2026-03-17 18:37:00,Desserts,Apple Pie,MENU0108,Dessert,Menu Item,270.0,1.0,270.0,14.32,Bill Discount,Synthetic promotion,255.68,12.78,0,0,0,0,268.46,,,,,
Delhi,ABNAH Cafe Connaught Place,,BILL-OUT001-260317-0058,58,Dine In,T10,2026-03-17 18:26:00,2026-03-17 18:44:00,Desserts,Basque Cheesecake,MENU0109,Dessert,Menu Item,310.0,2.0,620.0,27.25,Bill Discount,Synthetic promotion,592.75,29.64,0,0,0,0,622.39,,,,,
Delhi,ABNAH Cafe Connaught Place,,BILL-OUT001-260318-0001,1,Dine In,T15,2026-03-18 11:18:00,2026-03-18 11:38:00,Coffee Classics,Americano - Regular,MENU0003,Beverage,Menu Item,185.0,5.0,925.0,35.25,Bill Discount,Synthetic promotion,889.75,44.49,0,0,0,0,934.24,,,,,
Delhi,ABNAH Cafe Connaught Place,,BILL-OUT001-260318-0002,2,Dine In,T16,2026-03-18 17:36:00,2026-03-18 17:52:00,Coffee Classics,Americano - Medium,MENU0004,Beverage,Menu Item,211.96,1.0,211.96,0.0,,,211.96,10.6,0,0,0,0,222.56,,,,,
Delhi,ABNAH Cafe Connaught Place,,BILL-OUT001-260318-0003,3,Delivery/Takeaway,,2026-03-18 13:28:00,2026-03-18 14:14:00,Coffee Classics,Americano - Large,MENU0005,Beverage,Menu Item,235.0,3.0,705.0,6.4,Bill Discount,Synthetic promotion,698.6,34.93,0,0,0,0,733.53,,,,,
Delhi,ABNAH Cafe Connaught Place,,BILL-OUT001-260318-0004,4,Delivery/Takeaway,,2026-03-18 14:39:00,2026-03-18 15:03:00,Coffee Classics,Latte - Regular,MENU0006,Beverage,Menu Item,229.5,2.0,459.0,0.01,Bill Discount,Synthetic promotion,458.99,22.95,0,0,0,0,481.94,,,,,
Delhi,ABNAH Cafe Connaught Place,,BILL-OUT001-260318-0005,5,Delivery/Takeaway,,2026-03-18 15:36:00,2026-03-18 15:51:00,Coffee Classics,Latte - Medium,MENU0007,Beverage,Menu Item,250.0,3.0,750.0,14.98,Bill Discount,Synthetic promotion,735.02,36.75,0,0,0,0,771.77,,,,,
Delhi,ABNAH Cafe Connaught Place,,BILL-OUT001-260318-0006,6,Delivery/Takeaway,,2026-03-18 09:47:00,2026-03-18 09:56:00,Coffee Classics,Latte - Large,MENU0008,Beverage,Menu Item,275.0,2.0,550.0,4.08,Bill Discount,Synthetic promotion,545.92,27.3,0,0,0,0,573.22,,,,,
Delhi,ABNAH Cafe Connaught Place,,BILL-OUT001-260318-0007,7,Delivery/Takeaway,,2026-03-18 16:51:00,2026-03-18 16:59:00,Coffee Classics,Cappuccino - Regular,MENU0009,Beverage,Menu Item,225.0,4.0,900.0,31.21,Bill Discount,Synthetic promotion,868.79,43.44,0,0,0,0,912.23,,,,,
Delhi,ABNAH Cafe Connaught Place,,BILL-OUT001-260318-0008,8,Dine In,T05,2026-03-18 08:04:00,2026-03-18 08:17:00,Coffee Classics,Cappuccino - Medium,MENU0010,Beverage,Menu Item,250.0,5.0,1250.0,32.31,Bill Discount,Synthetic promotion,1217.69,60.88,0,0,0,0,1278.57,,,,,
Delhi,ABNAH Cafe Connaught Place,,BILL-OUT001-260318-0009,9,Delivery/Takeaway,,2026-03-18 18:33:00,2026-03-18 19:22:00,Coffee Classics,Cappuccino - Large,MENU0011,Beverage,Menu Item,275.0,4.0,1100.0,14.85,Bill Discount,Synthetic promotion,1085.15,54.26,0,0,0,0,1139.41,,,,,
Delhi,ABNAH Cafe Connaught Place,,BILL-OUT001-260318-0010,10,Delivery/Takeaway,,2026-03-18 19:09:00,2026-03-18 19:41:00,Coffee Classics,Flat White - Regular,MENU0012,Beverage,Menu Item,239.34,1.0,239.34,0.0,,,239.34,11.97,0,0,0,0,251.31,,,,,
Delhi,ABNAH Cafe Connaught Place,,BILL-OUT001-260318-0011,11,Dine In,T09,2026-03-18 12:07:00,2026-03-18 12:37:00,Coffee Classics,Flat White - Medium,MENU0013,Beverage,Menu Item,260.0,3.0,780.0,36.47,Bill Discount,Synthetic promotion,743.53,37.18,0,0,0,0,780.71,,,,,
Delhi,ABNAH Cafe Connaught Place,,BILL-OUT001-260318-0012,12,Delivery/Takeaway,,2026-03-18 15:22:00,2026-03-18 15:36:00,Coffee Classics,Flat White - Large,MENU0014,Beverage,Menu Item,290.15,2.0,580.3,0.0,,,580.3,29.02,0,0,0,0,609.32,,,,,
Delhi,ABNAH Cafe Connaught Place,,BILL-OUT001-260318-0013,13,Delivery/Takeaway,,2026-03-18 10:48:00,2026-03-18 11:20:00,Coffee Classics,Mocha - Regular,MENU0015,Beverage,Menu Item,245.0,2.0,490.0,2.1,Bill Discount,Synthetic promotion,487.9,24.39,0,0,0,0,512.29,,,,,
Delhi,ABNAH Cafe Connaught Place,,BILL-OUT001-260318-0014,14,Delivery/Takeaway,,2026-03-18 15:32:00,2026-03-18 16:08:00,Coffee Classics,Mocha - Medium,MENU0016,Beverage,Menu Item,270.0,4.0,1080.0,60.87,Bill Discount,Synthetic promotion,1019.13,50.96,0,0,0,0,1070.09,,,,,
Delhi,ABNAH Cafe Connaught Place,,BILL-OUT001-260318-0015,15,Delivery/Takeaway,,2026-03-18 17:09:00,2026-03-18 17:33:00,Coffee Classics,Mocha - Large,MENU0017,Beverage,Menu Item,300.86,2.0,601.72,0.01,Bill Discount,Synthetic promotion,601.71,30.09,0,0,0,0,631.8,,,,,
Delhi,ABNAH Cafe Connaught Place,,BILL-OUT001-260318-0016,16,Delivery/Takeaway,,2026-03-18 19:10:00,2026-03-18 19:36:00,Signature Coffee,Sea Salt Mocha - Regular,MENU0018,Beverage,Menu Item,275.0,3.0,825.0,6.93,Bill Discount,Synthetic promotion,818.07,40.9,0,0,0,0,858.97,,,,,
Delhi,ABNAH Cafe Connaught Place,,BILL-OUT001-260318-0017,17,Delivery/Takeaway,,2026-03-18 16:50:00,2026-03-18 17:03:00,Signature Coffee,Orange Zest Mocha - Regular,MENU0021,Beverage,Menu Item,273.56,1.0,273.56,0.0,,,273.56,13.68,0,0,0,0,287.24,,,,,
Delhi,ABNAH Cafe Connaught Place,,BILL-OUT001-260318-0018,18,Delivery/Takeaway,,2026-03-18 17:22:00,2026-03-18 17:40:00,Signature Coffee,Caramel Macchiato - Medium,MENU0025,Beverage,Menu Item,297.88,1.0,297.88,0.0,,,297.88,14.89,0,0,0,0,312.77,,,,,
Delhi,ABNAH Cafe Connaught Place,,BILL-OUT001-260318-0019,19,Delivery/Takeaway,,2026-03-18 08:31:00,2026-03-18 09:19:00,Signature Coffee,French Vanilla Latte - Regular,MENU0027,Beverage,Menu Item,269.01,1.0,269.01,0.0,,,269.01,13.45,0,0,0,0,282.46,,,,,
Delhi,ABNAH Cafe Connaught Place,,BILL-OUT001-260318-0020,20,Delivery/Takeaway,,2026-03-18 11:28:00,2026-03-18 11:39:00,Signature Coffee,French Vanilla Latte - Medium,MENU0028,Beverage,Menu Item,295.0,1.0,295.0,9.18,Bill Discount,Synthetic promotion,285.82,14.29,0,0,0,0,300.11,,,,,
Delhi,ABNAH Cafe Connaught Place,,BILL-OUT001-260318-0021,21,Delivery/Takeaway,,2026-03-18 09:19:00,2026-03-18 09:57:00,Signature Coffee,French Vanilla Latte - Large,MENU0029,Beverage,Menu Item,325.0,3.0,975.0,19.01,Bill Discount,Synthetic promotion,955.99,47.8,0,0,0,0,1003.79,,,,,
Delhi,ABNAH Cafe Connaught Place,,BILL-OUT001-260318-0022,22,Dine In,T17,2026-03-18 18:10:00,2026-03-18 18:38:00,Signature Coffee,Vegan Iced Latte - Regular,MENU0030,Beverage,Menu Item,285.0,1.0,285.0,0.93,Bill Discount,Synthetic promotion,284.07,14.2,0,0,0,0,298.27,,,,,
Delhi,ABNAH Cafe Connaught Place,,BILL-OUT001-260318-0023,23,Delivery/Takeaway,,2026-03-18 14:25:00,2026-03-18 14:40:00,Signature Coffee,Vegan Iced Latte - Medium,MENU0031,Beverage,Menu Item,310.0,2.0,620.0,27.72,Bill Discount,Synthetic promotion,592.28,29.61,0,0,0,0,621.89,,,,,
Delhi,ABNAH Cafe Connaught Place,,BILL-OUT001-260318-0024,24,Dine In,T21,2026-03-18 19:25:00,2026-03-18 19:52:00,Cold Brew,Classic Cold Brew - Regular,MENU0033,Beverage,Menu Item,225.0,2.0,450.0,25.4,Bill Discount,Synthetic promotion,424.6,21.23,0,0,0,0,445.83,,,,,
Delhi,ABNAH Cafe Connaught Place,,BILL-OUT001-260318-0025,25,Dine In,T13,2026-03-18 19:06:00,2026-03-18 19:38:00,Cold Brew,Vietnamese Shakerato - Large,MENU0041,Beverage,Menu Item,305.0,1.0,305.0,14.09,Bill Discount,Synthetic promotion,290.91,14.55,0,0,0,0,305.46,,,,,
Delhi,ABNAH Cafe Connaught Place,,BILL-OUT001-260318-0026,26,Delivery/Takeaway,,2026-03-18 10:21:00,2026-03-18 10:57:00,Cold Coffee,Classic Cold Coffee - Regular,MENU0042,Beverage,Menu Item,255.0,1.0,255.0,11.94,Bill Discount,Synthetic promotion,243.06,12.15,0,0,0,0,255.21,,,,,
Delhi,ABNAH Cafe Connaught Place,,BILL-OUT001-260318-0027,27,Delivery/Takeaway,,2026-03-18 10:21:00,2026-03-18 10:31:00,Cold Coffee,Classic Cold Coffee - Medium,MENU0043,Beverage,Menu Item,290.0,1.0,290.0,1.75,Bill Discount,Synthetic promotion,288.25,14.41,0,0,0,0,302.66,,,,,
Delhi,ABNAH Cafe Connaught Place,,BILL-OUT001-260318-0028,28,Dine In,T10,2026-03-18 11:49:00,2026-03-18 12:16:00,Cold Coffee,Mocha Cold Coffee - Medium,MENU0046,Beverage,Menu Item,320.0,3.0,960.0,56.47,Bill Discount,Synthetic promotion,903.53,45.18,0,0,0,0,948.71,,,,,
Delhi,ABNAH Cafe Connaught Place,,BILL-OUT001-260318-0029,29,Delivery/Takeaway,,2026-03-18 19:55:00,2026-03-18 20:11:00,Cold Coffee,Mocha Cold Coffee - Large,MENU0047,Beverage,Menu Item,357.99,1.0,357.99,0.0,,,357.99,17.9,0,0,0,0,375.89,,,,,
Delhi,ABNAH Cafe Connaught Place,,BILL-OUT001-260318-0030,30,Dine In,T10,2026-03-18 14:31:00,2026-03-18 15:17:00,Cold Coffee,Caramel Cold Coffee - Medium,MENU0049,Beverage,Menu Item,320.93,1.0,320.93,0.0,,,320.93,16.05,0,0,0,0,336.98,,,,,
Delhi,ABNAH Cafe Connaught Place,,BILL-OUT001-260318-0031,31,Dine In,T20,2026-03-18 11:09:00,2026-03-18 11:50:00,Tea,Masala Chai Latte - Medium,MENU0052,Beverage,Menu Item,220.49,1.0,220.49,0.0,,,220.49,11.02,0,0,0,0,231.51,,,,,
Delhi,ABNAH Cafe Connaught Place,,BILL-OUT001-260318-0032,32,Delivery/Takeaway,,2026-03-18 16:55:00,2026-03-18 17:38:00,Tea,Masala Chai Latte - Large,MENU0053,Beverage,Menu Item,245.0,2.0,490.0,0.26,Bill Discount,Synthetic promotion,489.74,24.49,0,0,0,0,514.23,,,,,
Delhi,ABNAH Cafe Connaught Place,,BILL-OUT001-260318-0033,33,Dine In,T03,2026-03-18 10:05:00,2026-03-18 10:53:00,Tea,Himalayan Green Tea,MENU0054,Beverage,Menu Item,210.0,1.0,210.0,7.33,Bill Discount,Synthetic promotion,202.67,10.13,0,0,0,0,212.8,,,,,
Delhi,ABNAH Cafe Connaught Place,,BILL-OUT001-260318-0034,34,Delivery/Takeaway,,2026-03-18 15:28:00,2026-03-18 15:47:00,Tea,Japanese Matcha Latte - Medium,MENU0056,Beverage,Menu Item,295.0,3.0,885.0,44.67,Bill Discount,Synthetic promotion,840.33,42.02,0,0,0,0,882.35,,,,,
Delhi,ABNAH Cafe Connaught Place,,BILL-OUT001-260318-0035,35,Delivery/Takeaway,,2026-03-18 18:48:00,2026-03-18 19:37:00,Iced Tea,Hibiscus Lime Iced Tea - Large,MENU0063,Beverage,Menu Item,279.69,2.0,559.38,0.0,,,559.38,27.97,0,0,0,0,587.35,,,,,
Delhi,ABNAH Cafe Connaught Place,,BILL-OUT001-260318-0036,36,Dine In,T20,2026-03-18 19:16:00,2026-03-18 19:52:00,Kids Beverage,Hot Chocolate - Regular,MENU0064,Beverage,Menu Item,220.0,1.0,220.0,12.61,Bill Discount,Synthetic promotion,207.39,10.37,0,0,0,0,217.76,,,,,
Delhi,ABNAH Cafe Connaught Place,,BILL-OUT001-260318-0037,37,Delivery/Takeaway,,2026-03-18 13:18:00,2026-03-18 13:32:00,Kids Beverage,Babyccino - Regular,MENU0067,Beverage,Menu Item,165.0,1.0,165.0,3.99,Bill Discount,Synthetic promotion,161.01,8.05,0,0,0,0,169.06,,,,,
Delhi,ABNAH Cafe Connaught Place,,BILL-OUT001-260318-0038,38,Delivery/Takeaway,,2026-03-18 16:56:00,2026-03-18 17:32:00,Shake,Choco Chip Shake - Medium,MENU0069,Beverage,Menu Item,331.56,1.0,331.56,0.0,,,331.56,16.58,0,0,0,0,348.14,,,,,
Delhi,ABNAH Cafe Connaught Place,,BILL-OUT001-260318-0039,39,Dine In,T08,2026-03-18 11:55:00,2026-03-18 12:13:00,Wraps,Shredded Chicken Wrap,MENU0078,Food,Menu Item,295.0,1.0,295.0,0.82,Bill Discount,Synthetic promotion,294.18,14.71,0,0,0,0,308.89,,,,,
Delhi,ABNAH Cafe Connaught Place,,BILL-OUT001-260318-0040,40,Delivery/Takeaway,,2026-03-18 18:28:00,2026-03-18 19:13:00,Sandwiches,Smoked Chipotle Paneer Sandwich,MENU0079,Food,Menu Item,295.0,2.0,590.0,24.36,Bill Discount,Synthetic promotion,565.64,28.28,0,0,0,0,593.92,,,,,
Delhi,ABNAH Cafe Connaught Place,,BILL-OUT001-260318-0041,41,Dine In,T24,2026-03-18 12:19:00,2026-03-18 13:02:00,Sandwiches,Pesto Veg Sandwich,MENU0080,Food,Menu Item,280.0,4.0,1120.0,64.28,Bill Discount,Synthetic promotion,1055.72,52.79,0,0,0,0,1108.51,,,,,
Delhi,ABNAH Cafe Connaught Place,,BILL-OUT001-260318-0042,42,Delivery/Takeaway,,2026-03-18 16:27:00,2026-03-18 17:10:00,Sandwiches,Pepper Chicken Sandwich,MENU0081,Food,Menu Item,315.0,2.0,630.0,28.78,Bill Discount,Synthetic promotion,601.22,30.06,0,0,0,0,631.28,,,,,
Delhi,ABNAH Cafe Connaught Place,,BILL-OUT001-260318-0043,43,Delivery/Takeaway,,2026-03-18 15:46:00,2026-03-18 16:10:00,Sandwiches,Tandoori Chicken Sandwich,MENU0082,Food,Menu Item,320.0,3.0,960.0,49.44,Bill Discount,Synthetic promotion,910.56,45.53,0,0,0,0,956.09,,,,,
Delhi,ABNAH Cafe Connaught Place,,BILL-OUT001-260318-0044,44,Delivery/Takeaway,,2026-03-18 13:11:00,2026-03-18 13:29:00,Toasts,Chilli Cheese Garlic Toast,MENU0083,Food,Menu Item,235.0,1.0,235.0,13.77,Bill Discount,Synthetic promotion,221.23,11.06,0,0,0,0,232.29,,,,,
Delhi,ABNAH Cafe Connaught Place,,BILL-OUT001-260318-0045,45,Delivery/Takeaway,,2026-03-18 16:08:00,2026-03-18 16:16:00,Toasts,Chicken Pepperoni Avocado Toast,MENU0084,Food,Menu Item,330.0,1.0,330.0,19.74,Bill Discount,Synthetic promotion,310.26,15.51,0,0,0,0,325.77,,,,,
Delhi,ABNAH Cafe Connaught Place,,BILL-OUT001-260318-0046,46,Delivery/Takeaway,,2026-03-18 18:29:00,2026-03-18 19:14:00,Snacks,Pesto Sundried Tomato Pin Wheel,MENU0091,Food,Menu Item,225.0,1.0,225.0,9.16,Bill Discount,Synthetic promotion,215.84,10.79,0,0,0,0,226.63,,,,,
Delhi,ABNAH Cafe Connaught Place,,BILL-OUT001-260318-0047,47,Delivery/Takeaway,,2026-03-18 08:14:00,2026-03-18 08:54:00,Snacks,Turnover with Brioche Dough Veg,MENU0093,Food,Menu Item,236.2,1.0,236.2,0.0,,,236.2,11.81,0,0,0,0,248.01,,,,,
Delhi,ABNAH Cafe Connaught Place,,BILL-OUT001-260318-0048,48,Dine In,T02,2026-03-18 15:31:00,2026-03-18 15:48:00,Baked Goods,Butter Croissant,MENU0094,Food,Menu Item,195.0,1.0,195.0,9.99,Bill Discount,Synthetic promotion,185.01,9.25,0,0,0,0,194.26,,,,,
Delhi,ABNAH Cafe Connaught Place,,BILL-OUT001-260318-0049,49,Delivery/Takeaway,,2026-03-18 12:01:00,2026-03-18 12:46:00,Baked Goods,Mushroom Cheese Croissant,MENU0097,Food,Menu Item,255.0,2.0,510.0,24.57,Bill Discount,Synthetic promotion,485.43,24.27,0,0,0,0,509.7,,,,,
Delhi,ABNAH Cafe Connaught Place,,BILL-OUT001-260318-0050,50,Delivery/Takeaway,,2026-03-18 15:31:00,2026-03-18 16:13:00,Baked Goods,Sriracha Chicken Croissant,MENU0098,Food,Menu Item,275.0,1.0,275.0,0.9,Bill Discount,Synthetic promotion,274.1,13.71,0,0,0,0,287.81,,,,,
Delhi,ABNAH Cafe Connaught Place,,BILL-OUT001-260318-0051,51,Delivery/Takeaway,,2026-03-18 11:56:00,2026-03-18 12:37:00,Baked Goods,Cinnamon Roll with Cream Cheese,MENU0099,Dessert,Menu Item,220.0,1.0,220.0,2.1,Bill Discount,Synthetic promotion,217.9,10.89,0,0,0,0,228.79,,,,,
Delhi,ABNAH Cafe Connaught Place,,BILL-OUT001-260318-0052,52,Delivery/Takeaway,,2026-03-18 13:57:00,2026-03-18 14:41:00,Baked Goods,Banana Walnut Tea Cake,MENU0100,Dessert,Menu Item,205.55,1.0,205.55,0.0,,,205.55,10.28,0,0,0,0,215.83,,,,,
Delhi,ABNAH Cafe Connaught Place,,BILL-OUT001-260318-0053,53,Delivery/Takeaway,,2026-03-18 11:09:00,2026-03-18 11:26:00,Desserts,Classic Chocolate Fudge Brownie,MENU0104,Dessert,Menu Item,195.45,1.0,195.45,0.0,,,195.45,9.77,0,0,0,0,205.22,,,,,
Delhi,ABNAH Cafe Connaught Place,,BILL-OUT001-260318-0054,54,Delivery/Takeaway,,2026-03-18 19:03:00,2026-03-18 19:32:00,Desserts,Soft-Centred Caramel Cookie,MENU0105,Dessert,Menu Item,180.0,2.0,360.0,7.11,Bill Discount,Synthetic promotion,352.89,17.64,0,0,0,0,370.53,,,,,
Delhi,ABNAH Cafe Connaught Place,,BILL-OUT001-260318-0055,55,Delivery/Takeaway,,2026-03-18 13:53:00,2026-03-18 14:12:00,Desserts,Jaggery Parmesan Cookie,MENU0107,Dessert,Menu Item,170.0,1.0,170.0,0.17,Bill Discount,Synthetic promotion,169.83,8.49,0,0,0,0,178.32,,,,,
Delhi,ABNAH Cafe Connaught Place,,BILL-OUT001-260318-0056,56,Delivery/Takeaway,,2026-03-18 16:35:00,2026-03-18 17:01:00,Desserts,Apple Pie,MENU0108,Dessert,Menu Item,270.0,1.0,270.0,14.79,Bill Discount,Synthetic promotion,255.21,12.76,0,0,0,0,267.97,,,,,
Delhi,ABNAH Cafe Connaught Place,,BILL-OUT001-260318-0057,57,Dine In,T03,2026-03-18 13:19:00,2026-03-18 13:42:00,Desserts,Basque Cheesecake,MENU0109,Dessert,Menu Item,310.0,2.0,620.0,6.33,Bill Discount,Synthetic promotion,613.67,30.68,0,0,0,0,644.35,,,,,
Delhi,ABNAH Cafe Connaught Place,,BILL-OUT001-260319-0001,1,Dine In,T04,2026-03-19 17:04:00,2026-03-19 17:16:00,Espresso,Espresso Shot - Doppio,MENU0002,Beverage,Menu Item,185.0,2.0,370.0,8.84,Bill Discount,Synthetic promotion,361.16,18.06,0,0,0,0,379.22,,,,,
Delhi,ABNAH Cafe Connaught Place,,BILL-OUT001-260319-0002,2,Dine In,T13,2026-03-19 17:50:00,2026-03-19 18:38:00,Coffee Classics,Americano - Regular,MENU0003,Beverage,Menu Item,185.0,4.0,740.0,42.78,Bill Discount,Synthetic promotion,697.22,34.86,0,0,0,0,732.08,,,,,
Delhi,ABNAH Cafe Connaught Place,,BILL-OUT001-260319-0003,3,Delivery/Takeaway,,2026-03-19 15:22:00,2026-03-19 15:35:00,Coffee Classics,Americano - Medium,MENU0004,Beverage,Menu Item,210.0,3.0,630.0,34.51,Bill Discount,Synthetic promotion,595.49,29.77,0,0,0,0,625.26,,,,,
Delhi,ABNAH Cafe Connaught Place,,BILL-OUT001-260319-0004,4,Dine In,T11,2026-03-19 10:10:00,2026-03-19 10:59:00,Coffee Classics,Americano - Large,MENU0005,Beverage,Menu Item,235.74,3.0,707.22,0.0,,,707.22,35.36,0,0,0,0,742.58,,,,,
Delhi,ABNAH Cafe Connaught Place,,BILL-OUT001-260319-0005,5,Delivery/Takeaway,,2026-03-19 08:08:00,2026-03-19 08:28:00,Coffee Classics,Latte - Regular,MENU0006,Beverage,Menu Item,225.0,4.0,900.0,2.8,Bill Discount,Synthetic promotion,897.2,44.86,0,0,0,0,942.06,,,,,
Delhi,ABNAH Cafe Connaught Place,,BILL-OUT001-260319-0006,6,Delivery/Takeaway,,2026-03-19 08:42:00,2026-03-19 09:25:00,Coffee Classics,Latte - Medium,MENU0007,Beverage,Menu Item,250.0,5.0,1250.0,27.47,Bill Discount,Synthetic promotion,1222.53,61.13,0,0,0,0,1283.66,,,,,
Delhi,ABNAH Cafe Connaught Place,,BILL-OUT001-260319-0007,7,Delivery/Takeaway,,2026-03-19 18:27:00,2026-03-19 19:02:00,Coffee Classics,Latte - Large,MENU0008,Beverage,Menu Item,275.0,2.0,550.0,21.95,Bill Discount,Synthetic promotion,528.05,26.4,0,0,0,0,554.45,,,,,
Delhi,ABNAH Cafe Connaught Place,,BILL-OUT001-260319-0008,8,Dine In,T15,2026-03-19 09:11:00,2026-03-19 09:58:00,Coffee Classics,Cappuccino - Regular,MENU0009,Beverage,Menu Item,225.0,1.0,225.0,0.66,Bill Discount,Synthetic promotion,224.34,11.22,0,0,0,0,235.56,,,,,
Delhi,ABNAH Cafe Connaught Place,,BILL-OUT001-260319-0009,9,Dine In,T18,2026-03-19 13:48:00,2026-03-19 14:23:00,Coffee Classics,Cappuccino - Medium,MENU0010,Beverage,Menu Item,250.0,4.0,1000.0,14.7,Bill Discount,Synthetic promotion,985.3,49.27,0,0,0,0,1034.57,,,,,
Delhi,ABNAH Cafe Connaught Place,,BILL-OUT001-260319-0010,10,Delivery/Takeaway,,2026-03-19 19:07:00,2026-03-19 19:24:00,Coffee Classics,Cappuccino - Large,MENU0011,Beverage,Menu Item,275.0,2.0,550.0,14.95,Bill Discount,Synthetic promotion,535.05,26.75,0,0,0,0,561.8,,,,,
Delhi,ABNAH Cafe Connaught Place,,BILL-OUT001-260319-0011,11,Delivery/Takeaway,,2026-03-19 16:42:00,2026-03-19 16:53:00,Coffee Classics,Flat White - Regular,MENU0012,Beverage,Menu Item,235.05,3.0,705.15,0.01,Bill Discount,Synthetic promotion,705.14,35.26,0,0,0,0,740.4,,,,,
Delhi,ABNAH Cafe Connaught Place,,BILL-OUT001-260319-0012,12,Dine In,T04,2026-03-19 08:41:00,2026-03-19 09:16:00,Coffee Classics,Flat White - Medium,MENU0013,Beverage,Menu Item,260.0,2.0,520.0,22.9,Bill Discount,Synthetic promotion,497.1,24.86,0,0,0,0,521.96,,,,,
Delhi,ABNAH Cafe Connaught Place,,BILL-OUT001-260319-0013,13,Delivery/Takeaway,,2026-03-19 19:53:00,2026-03-19 20:05:00,Coffee Classics,Flat White - Large,MENU0014,Beverage,Menu Item,285.0,1.0,285.0,17.02,Bill Discount,Synthetic promotion,267.98,13.4,0,0,0,0,281.38,,,,,
Delhi,ABNAH Cafe Connaught Place,,BILL-OUT001-260319-0014,14,Delivery/Takeaway,,2026-03-19 16:29:00,2026-03-19 16:49:00,Coffee Classics,Mocha - Regular,MENU0015,Beverage,Menu Item,246.71,2.0,493.42,0.01,Bill Discount,Synthetic promotion,493.41,24.67,0,0,0,0,518.08,,,,,
Delhi,ABNAH Cafe Connaught Place,,BILL-OUT001-260319-0015,15,Delivery/Takeaway,,2026-03-19 19:23:00,2026-03-19 19:43:00,Coffee Classics,Mocha - Medium,MENU0016,Beverage,Menu Item,272.19,2.0,544.38,0.0,,,544.38,27.22,0,0,0,0,571.6,,,,,
Delhi,ABNAH Cafe Connaught Place,,BILL-OUT001-260319-0016,16,Delivery/Takeaway,,2026-03-19 17:49:00,2026-03-19 18:14:00,Signature Coffee,Orange Zest Mocha - Regular,MENU0021,Beverage,Menu Item,270.0,1.0,270.0,5.45,Bill Discount,Synthetic promotion,264.55,13.23,0,0,0,0,277.78,,,,,
Delhi,ABNAH Cafe Connaught Place,,BILL-OUT001-260319-0017,17,Dine In,T19,2026-03-19 13:01:00,2026-03-19 13:13:00,Signature Coffee,Orange Zest Mocha - Medium,MENU0022,Beverage,Menu Item,300.0,1.0,300.0,10.74,Bill Discount,Synthetic promotion,289.26,14.46,0,0,0,0,303.72,,,,,
Delhi,ABNAH Cafe Connaught Place,,BILL-OUT001-260319-0018,18,Delivery/Takeaway,,2026-03-19 17:36:00,2026-03-19 18:14:00,Signature Coffee,Caramel Macchiato - Regular,MENU0024,Beverage,Menu Item,265.0,2.0,530.0,0.16,Bill Discount,Synthetic promotion,529.84,26.49,0,0,0,0,556.33,,,,,
Delhi,ABNAH Cafe Connaught Place,,BILL-OUT001-260319-0019,19,Dine In,T05,2026-03-19 10:30:00,2026-03-19 10:40:00,Signature Coffee,Caramel Macchiato - Medium,MENU0025,Beverage,Menu Item,296.34,1.0,296.34,0.0,,,296.34,14.82,0,0,0,0,311.16,,,,,
Delhi,ABNAH Cafe Connaught Place,,BILL-OUT001-260319-0020,20,Dine In,T22,2026-03-19 17:42:00,2026-03-19 18:13:00,Signature Coffee,Caramel Macchiato - Large,MENU0026,Beverage,Menu Item,325.0,2.0,650.0,11.94,Bill Discount,Synthetic promotion,638.06,31.9,0,0,0,0,669.96,,,,,
Delhi,ABNAH Cafe Connaught Place,,BILL-OUT001-260319-0021,21,Delivery/Takeaway,,2026-03-19 19:44:00,2026-03-19 20:32:00,Signature Coffee,French Vanilla Latte - Regular,MENU0027,Beverage,Menu Item,265.0,1.0,265.0,15.89,Bill Discount,Synthetic promotion,249.11,12.46,0,0,0,0,261.57,,,,,
Delhi,ABNAH Cafe Connaught Place,,BILL-OUT001-260319-0022,22,Delivery/Takeaway,,2026-03-19 12:10:00,2026-03-19 12:19:00,Signature Coffee,French Vanilla Latte - Medium,MENU0028,Beverage,Menu Item,295.01,2.0,590.02,0.0,,,590.03,29.5,0,0,0,0,619.53,,,,,
Delhi,ABNAH Cafe Connaught Place,,BILL-OUT001-260319-0023,23,Delivery/Takeaway,,2026-03-19 11:40:00,2026-03-19 11:48:00,Signature Coffee,Vegan Iced Latte - Regular,MENU0030,Beverage,Menu Item,285.0,2.0,570.0,17.34,Bill Discount,Synthetic promotion,552.66,27.63,0,0,0,0,580.29,,,,,
Delhi,ABNAH Cafe Connaught Place,,BILL-OUT001-260319-0024,24,Dine In,T15,2026-03-19 16:12:00,2026-03-19 16:57:00,Signature Coffee,Vegan Iced Latte - Medium,MENU0031,Beverage,Menu Item,310.0,1.0,310.0,5.25,Bill Discount,Synthetic promotion,304.75,15.24,0,0,0,0,319.99,,,,,
Delhi,ABNAH Cafe Connaught Place,,BILL-OUT001-260319-0025,25,Delivery/Takeaway,,2026-03-19 16:45:00,2026-03-19 17:08:00,Cold Brew,Classic Cold Brew - Large,MENU0035,Beverage,Menu Item,275.13,2.0,550.26,0.0,,,550.27,27.51,0,0,0,0,577.78,,,,,
Delhi,ABNAH Cafe Connaught Place,,BILL-OUT001-260319-0026,26,Dine In,T07,2026-03-19 11:25:00,2026-03-19 12:05:00,Cold Brew,Vietnamese Shakerato - Regular,MENU0039,Beverage,Menu Item,255.0,1.0,255.0,8.81,Bill Discount,Synthetic promotion,246.19,12.31,0,0,0,0,258.5,,,,,
Delhi,ABNAH Cafe Connaught Place,,BILL-OUT001-260319-0027,27,Delivery/Takeaway,,2026-03-19 12:24:00,2026-03-19 12:44:00,Cold Coffee,Classic Cold Coffee - Regular,MENU0042,Beverage,Menu Item,255.0,1.0,255.0,14.39,Bill Discount,Synthetic promotion,240.61,12.03,0,0,0,0,252.64,,,,,
Delhi,ABNAH Cafe Connaught Place,,BILL-OUT001-260319-0028,28,Delivery/Takeaway,,2026-03-19 17:44:00,2026-03-19 18:09:00,Cold Coffee,Classic Cold Coffee - Medium,MENU0043,Beverage,Menu Item,290.58,1.0,290.58,0.0,,,290.58,14.53,0,0,0,0,305.11,,,,,
Delhi,ABNAH Cafe Connaught Place,,BILL-OUT001-260319-0029,29,Delivery/Takeaway,,2026-03-19 08:00:00,2026-03-19 08:33:00,Cold Coffee,Mocha Cold Coffee - Regular,MENU0045,Beverage,Menu Item,285.0,1.0,285.0,6.59,Bill Discount,Synthetic promotion,278.41,13.92,0,0,0,0,292.33,,,,,
Delhi,ABNAH Cafe Connaught Place,,BILL-OUT001-260319-0030,30,Delivery/Takeaway,,2026-03-19 18:50:00,2026-03-19 19:26:00,Cold Coffee,Mocha Cold Coffee - Medium,MENU0046,Beverage,Menu Item,320.0,1.0,320.0,0.87,Bill Discount,Synthetic promotion,319.13,15.96,0,0,0,0,335.09,,,,,
Delhi,ABNAH Cafe Connaught Place,,BILL-OUT001-260319-0031,31,Delivery/Takeaway,,2026-03-19 18:48:00,2026-03-19 19:09:00,Cold Coffee,Mocha Cold Coffee - Large,MENU0047,Beverage,Menu Item,355.0,1.0,355.0,12.83,Bill Discount,Synthetic promotion,342.17,17.11,0,0,0,0,359.28,,,,,
Delhi,ABNAH Cafe Connaught Place,,BILL-OUT001-260319-0032,32,Dine In,T01,2026-03-19 19:55:00,2026-03-19 20:43:00,Cold Coffee,Caramel Cold Coffee - Regular,MENU0048,Beverage,Menu Item,285.19,3.0,855.57,0.0,,,855.57,42.78,0,0,0,0,898.35,,,,,
Delhi,ABNAH Cafe Connaught Place,,BILL-OUT001-260319-0033,33,Delivery/Takeaway,,2026-03-19 12:43:00,2026-03-19 12:53:00,Tea,Masala Chai Latte - Regular,MENU0051,Beverage,Menu Item,195.0,1.0,195.0,7.49,Bill Discount,Synthetic promotion,187.51,9.38,0,0,0,0,196.89,,,,,
Delhi,ABNAH Cafe Connaught Place,,BILL-OUT001-260319-0034,34,Dine In,T07,2026-03-19 16:00:00,2026-03-19 16:45:00,Tea,Masala Chai Latte - Medium,MENU0052,Beverage,Menu Item,220.0,3.0,660.0,26.45,Bill Discount,Synthetic promotion,633.55,31.68,0,0,0,0,665.23,,,,,
Delhi,ABNAH Cafe Connaught Place,,BILL-OUT001-260319-0035,35,Dine In,T15,2026-03-19 12:00:00,2026-03-19 12:36:00,Tea,Himalayan Green Tea,MENU0054,Beverage,Menu Item,210.94,2.0,421.88,0.01,Bill Discount,Synthetic promotion,421.87,21.09,0,0,0,0,442.96,,,,,
Delhi,ABNAH Cafe Connaught Place,,BILL-OUT001-260319-0036,36,Delivery/Takeaway,,2026-03-19 13:23:00,2026-03-19 13:53:00,Tea,Japanese Matcha Latte - Large,MENU0057,Beverage,Menu Item,325.0,1.0,325.0,11.77,Bill Discount,Synthetic promotion,313.23,15.66,0,0,0,0,328.89,,,,,
Delhi,ABNAH Cafe Connaught Place,,BILL-OUT001-260319-0037,37,Delivery/Takeaway,,2026-03-19 12:06:00,2026-03-19 12:25:00,Iced Tea,Lemon Iced Tea - Regular,MENU0058,Beverage,Menu Item,205.0,2.0,410.0,19.66,Bill Discount,Synthetic promotion,390.34,19.52,0,0,0,0,409.86,,,,,
Delhi,ABNAH Cafe Connaught Place,,BILL-OUT001-260319-0038,38,Delivery/Takeaway,,2026-03-19 13:14:00,2026-03-19 13:23:00,Iced Tea,Lemon Iced Tea - Medium,MENU0059,Beverage,Menu Item,230.0,2.0,460.0,18.07,Bill Discount,Synthetic promotion,441.93,22.1,0,0,0,0,464.03,,,,,
Delhi,ABNAH Cafe Connaught Place,,BILL-OUT001-260319-0039,39,Delivery/Takeaway,,2026-03-19 09:56:00,2026-03-19 10:26:00,Iced Tea,Lemon Iced Tea - Large,MENU0060,Beverage,Menu Item,255.0,1.0,255.0,8.93,Bill Discount,Synthetic promotion,246.07,12.3,0,0,0,0,258.37,,,,,
Delhi,ABNAH Cafe Connaught Place,,BILL-OUT001-260319-0040,40,Delivery/Takeaway,,2026-03-19 10:50:00,2026-03-19 11:37:00,Iced Tea,Hibiscus Lime Iced Tea - Regular,MENU0061,Beverage,Menu Item,225.0,3.0,675.0,1.04,Bill Discount,Synthetic promotion,673.96,33.7,0,0,0,0,707.66,,,,,
Delhi,ABNAH Cafe Connaught Place,,BILL-OUT001-260319-0041,41,Delivery/Takeaway,,2026-03-19 11:42:00,2026-03-19 12:10:00,Shake,Choco Chip Shake - Large,MENU0070,Beverage,Menu Item,365.0,1.0,365.0,12.83,Bill Discount,Synthetic promotion,352.17,17.61,0,0,0,0,369.78,,,,,
Delhi,ABNAH Cafe Connaught Place,,BILL-OUT001-260319-0042,42,Delivery/Takeaway,,2026-03-19 18:03:00,2026-03-19 18:25:00,Shake,Mixed Berry Shake - Medium,MENU0072,Beverage,Menu Item,350.0,1.0,350.0,6.35,Bill Discount,Synthetic promotion,343.65,17.18,0,0,0,0,360.83,,,,,
Delhi,ABNAH Cafe Connaught Place,,BILL-OUT001-260319-0043,43,Delivery/Takeaway,,2026-03-19 11:47:00,2026-03-19 12:01:00,Smoothie,Seasonal Smoothie - Regular,MENU0074,Beverage,Menu Item,305.0,1.0,305.0,10.11,Bill Discount,Synthetic promotion,294.89,14.74,0,0,0,0,309.63,,,,,
Delhi,ABNAH Cafe Connaught Place,,BILL-OUT001-260319-0044,44,Dine In,T21,2026-03-19 14:12:00,2026-03-19 14:20:00,Smoothie,Seasonal Smoothie - Large,MENU0076,Beverage,Menu Item,375.0,1.0,375.0,21.24,Bill Discount,Synthetic promotion,353.76,17.69,0,0,0,0,371.45,,,,,
Delhi,ABNAH Cafe Connaught Place,,BILL-OUT001-260319-0045,45,Delivery/Takeaway,,2026-03-19 11:21:00,2026-03-19 12:06:00,Wraps,Spicy Paneer Wrap,MENU0077,Food,Menu Item,275.0,1.0,275.0,2.81,Bill Discount,Synthetic promotion,272.19,13.61,0,0,0,0,285.8,,,,,
Delhi,ABNAH Cafe Connaught Place,,BILL-OUT001-260319-0046,46,Delivery/Takeaway,,2026-03-19 13:15:00,2026-03-19 13:43:00,Sandwiches,Smoked Chipotle Paneer Sandwich,MENU0079,Food,Menu Item,295.0,4.0,1180.0,13.53,Bill Discount,Synthetic promotion,1166.47,58.32,0,0,0,0,1224.79,,,,,
Delhi,ABNAH Cafe Connaught Place,,BILL-OUT001-260319-0047,47,Delivery/Takeaway,,2026-03-19 11:59:00,2026-03-19 12:32:00,Breakfast,Masala Egg Bun,MENU0089,Food,Menu Item,229.27,1.0,229.27,0.0,,,229.27,11.46,0,0,0,0,240.73,,,,,
Delhi,ABNAH Cafe Connaught Place,,BILL-OUT001-260319-0048,48,Delivery/Takeaway,,2026-03-19 16:07:00,2026-03-19 16:31:00,Snacks,Pesto Sundried Tomato Pin Wheel,MENU0091,Food,Menu Item,225.0,1.0,225.0,5.04,Bill Discount,Synthetic promotion,219.96,11.0,0,0,0,0,230.96,,,,,
Delhi,ABNAH Cafe Connaught Place,,BILL-OUT001-260319-0049,49,Delivery/Takeaway,,2026-03-19 09:37:00,2026-03-19 10:04:00,Baked Goods,Butter Croissant,MENU0094,Food,Menu Item,198.69,2.0,397.38,0.0,,,397.38,19.87,0,0,0,0,417.25,,,,,
Delhi,ABNAH Cafe Connaught Place,,BILL-OUT001-260319-0050,50,Dine In,T11,2026-03-19 10:48:00,2026-03-19 11:35:00,Baked Goods,Chocolate Croissant,MENU0096,Food,Menu Item,235.0,1.0,235.0,1.36,Bill Discount,Synthetic promotion,233.64,11.68,0,0,0,0,245.32,,,,,
Delhi,ABNAH Cafe Connaught Place,,BILL-OUT001-260319-0051,51,Delivery/Takeaway,,2026-03-19 13:52:00,2026-03-19 14:32:00,Baked Goods,Mushroom Cheese Croissant,MENU0097,Food,Menu Item,255.0,2.0,510.0,3.84,Bill Discount,Synthetic promotion,506.16,25.31,0,0,0,0,531.47,,,,,
Delhi,ABNAH Cafe Connaught Place,,BILL-OUT001-260319-0052,52,Delivery/Takeaway,,2026-03-19 17:52:00,2026-03-19 18:10:00,Baked Goods,Sriracha Chicken Croissant,MENU0098,Food,Menu Item,280.17,1.0,280.17,0.0,,,280.17,14.01,0,0,0,0,294.18,,,,,
Delhi,ABNAH Cafe Connaught Place,,BILL-OUT001-260319-0053,53,Delivery/Takeaway,,2026-03-19 18:37:00,2026-03-19 19:01:00,Baked Goods,Banana Walnut Tea Cake,MENU0100,Dessert,Menu Item,205.0,3.0,615.0,19.18,Bill Discount,Synthetic promotion,595.82,29.79,0,0,0,0,625.61,,,,,
Delhi,ABNAH Cafe Connaught Place,,BILL-OUT001-260319-0054,54,Delivery/Takeaway,,2026-03-19 10:35:00,2026-03-19 10:47:00,Desserts,Banoffee Pie,MENU0103,Dessert,Menu Item,285.0,1.0,285.0,4.41,Bill Discount,Synthetic promotion,280.59,14.03,0,0,0,0,294.62,,,,,
Delhi,ABNAH Cafe Connaught Place,,BILL-OUT001-260319-0055,55,Delivery/Takeaway,,2026-03-19 17:52:00,2026-03-19 18:27:00,Desserts,Soft-Centred Caramel Cookie,MENU0105,Dessert,Menu Item,180.0,1.0,180.0,10.36,Bill Discount,Synthetic promotion,169.64,8.48,0,0,0,0,178.12,,,,,
Delhi,ABNAH Cafe Connaught Place,,BILL-OUT001-260319-0056,56,Dine In,T08,2026-03-19 11:46:00,2026-03-19 11:55:00,Desserts,Death by Chocolate Cookie,MENU0106,Dessert,Menu Item,191.88,1.0,191.88,0.0,,,191.88,9.59,0,0,0,0,201.47,,,,,
Delhi,ABNAH Cafe Connaught Place,,BILL-OUT001-260319-0057,57,Delivery/Takeaway,,2026-03-19 14:03:00,2026-03-19 14:47:00,Desserts,Apple Pie,MENU0108,Dessert,Menu Item,270.0,1.0,270.0,11.1,Bill Discount,Synthetic promotion,258.9,12.95,0,0,0,0,271.85,,,,,
Delhi,ABNAH Cafe Connaught Place,,BILL-OUT001-260320-0001,1,Delivery/Takeaway,,2026-03-20 12:44:00,2026-03-20 13:01:00,Espresso,Espresso Shot - Doppio,MENU0002,Beverage,Menu Item,185.0,1.0,185.0,9.79,Bill Discount,Synthetic promotion,175.21,8.76,0,0,0,0,183.97,,,,,
Delhi,ABNAH Cafe Connaught Place,,BILL-OUT001-260320-0002,2,Delivery/Takeaway,,2026-03-20 10:06:00,2026-03-20 10:47:00,Coffee Classics,Americano - Regular,MENU0003,Beverage,Menu Item,186.2,3.0,558.6,0.0,,,558.6,27.93,0,0,0,0,586.53,,,,,
Delhi,ABNAH Cafe Connaught Place,,BILL-OUT001-260320-0003,3,Delivery/Takeaway,,2026-03-20 09:42:00,2026-03-20 09:58:00,Coffee Classics,Americano - Medium,MENU0004,Beverage,Menu Item,210.0,2.0,420.0,6.09,Bill Discount,Synthetic promotion,413.91,20.7,0,0,0,0,434.61,,,,,
Delhi,ABNAH Cafe Connaught Place,,BILL-OUT001-260320-0004,4,Delivery/Takeaway,,2026-03-20 18:14:00,2026-03-20 18:57:00,Coffee Classics,Americano - Large,MENU0005,Beverage,Menu Item,235.0,2.0,470.0,4.02,Bill Discount,Synthetic promotion,465.98,23.3,0,0,0,0,489.28,,,,,
Delhi,ABNAH Cafe Connaught Place,,BILL-OUT001-260320-0005,5,Delivery/Takeaway,,2026-03-20 11:08:00,2026-03-20 11:32:00,Coffee Classics,Latte - Regular,MENU0006,Beverage,Menu Item,225.0,3.0,675.0,19.26,Bill Discount,Synthetic promotion,655.74,32.79,0,0,0,0,688.53,,,,,
Delhi,ABNAH Cafe Connaught Place,,BILL-OUT001-260320-0006,6,Dine In,T07,2026-03-20 13:51:00,2026-03-20 14:33:00,Coffee Classics,Latte - Medium,MENU0007,Beverage,Menu Item,250.0,4.0,1000.0,5.34,Bill Discount,Synthetic promotion,994.66,49.73,0,0,0,0,1044.39,,,,,
Delhi,ABNAH Cafe Connaught Place,,BILL-OUT001-260320-0007,7,Delivery/Takeaway,,2026-03-20 15:43:00,2026-03-20 16:14:00,Coffee Classics,Cappuccino - Regular,MENU0009,Beverage,Menu Item,228.15,2.0,456.3,0.0,,,456.3,22.82,0,0,0,0,479.12,,,,,
Delhi,ABNAH Cafe Connaught Place,,BILL-OUT001-260320-0008,8,Delivery/Takeaway,,2026-03-20 10:20:00,2026-03-20 10:56:00,Coffee Classics,Cappuccino - Medium,MENU0010,Beverage,Menu Item,250.0,1.0,250.0,11.96,Bill Discount,Synthetic promotion,238.04,11.9,0,0,0,0,249.94,,,,,
Delhi,ABNAH Cafe Connaught Place,,BILL-OUT001-260320-0009,9,Delivery/Takeaway,,2026-03-20 13:26:00,2026-03-20 13:55:00,Coffee Classics,Cappuccino - Large,MENU0011,Beverage,Menu Item,275.0,1.0,275.0,13.6,Bill Discount,Synthetic promotion,261.4,13.07,0,0,0,0,274.47,,,,,
Delhi,ABNAH Cafe Connaught Place,,BILL-OUT001-260320-0010,10,Dine In,T04,2026-03-20 15:55:00,2026-03-20 16:27:00,Coffee Classics,Flat White - Regular,MENU0012,Beverage,Menu Item,236.42,3.0,709.26,0.0,,,709.27,35.46,0,0,0,0,744.73,,,,,
Delhi,ABNAH Cafe Connaught Place,,BILL-OUT001-260320-0011,11,Dine In,T10,2026-03-20 11:26:00,2026-03-20 12:15:00,Coffee Classics,Flat White - Medium,MENU0013,Beverage,Menu Item,260.0,1.0,260.0,10.73,Bill Discount,Synthetic promotion,249.27,12.46,0,0,0,0,261.73,,,,,
Delhi,ABNAH Cafe Connaught Place,,BILL-OUT001-260320-0012,12,Delivery/Takeaway,,2026-03-20 13:55:00,2026-03-20 14:40:00,Coffee Classics,Flat White - Large,MENU0014,Beverage,Menu Item,285.0,2.0,570.0,1.91,Bill Discount,Synthetic promotion,568.09,28.4,0,0,0,0,596.49,,,,,
Delhi,ABNAH Cafe Connaught Place,,BILL-OUT001-260320-0013,13,Delivery/Takeaway,,2026-03-20 16:40:00,2026-03-20 17:29:00,Coffee Classics,Mocha - Medium,MENU0016,Beverage,Menu Item,270.0,4.0,1080.0,22.05,Bill Discount,Synthetic promotion,1057.95,52.9,0,0,0,0,1110.85,,,,,
Delhi,ABNAH Cafe Connaught Place,,BILL-OUT001-260320-0014,14,Dine In,T22,2026-03-20 08:10:00,2026-03-20 08:55:00,Coffee Classics,Mocha - Large,MENU0017,Beverage,Menu Item,295.0,2.0,590.0,22.74,Bill Discount,Synthetic promotion,567.26,28.36,0,0,0,0,595.62,,,,,
Delhi,ABNAH Cafe Connaught Place,,BILL-OUT001-260320-0015,15,Delivery/Takeaway,,2026-03-20 14:09:00,2026-03-20 14:39:00,Signature Coffee,Orange Zest Mocha - Regular,MENU0021,Beverage,Menu Item,270.52,1.0,270.52,0.0,,,270.52,13.53,0,0,0,0,284.05,,,,,
Delhi,ABNAH Cafe Connaught Place,,BILL-OUT001-260320-0016,16,Delivery/Takeaway,,2026-03-20 14:16:00,2026-03-20 14:53:00,Signature Coffee,Orange Zest Mocha - Medium,MENU0022,Beverage,Menu Item,300.0,1.0,300.0,2.27,Bill Discount,Synthetic promotion,297.73,14.89,0,0,0,0,312.62,,,,,
Delhi,ABNAH Cafe Connaught Place,,BILL-OUT001-260320-0017,17,Delivery/Takeaway,,2026-03-20 12:40:00,2026-03-20 12:58:00,Signature Coffee,Orange Zest Mocha - Large,MENU0023,Beverage,Menu Item,332.95,1.0,332.95,0.0,,,332.95,16.65,0,0,0,0,349.6,,,,,
Delhi,ABNAH Cafe Connaught Place,,BILL-OUT001-260320-0018,18,Dine In,T18,2026-03-20 10:09:00,2026-03-20 10:53:00,Signature Coffee,Caramel Macchiato - Large,MENU0026,Beverage,Menu Item,325.59,1.0,325.59,0.0,,,325.59,16.28,0,0,0,0,341.87,,,,,
Delhi,ABNAH Cafe Connaught Place,,BILL-OUT001-260320-0019,19,Delivery/Takeaway,,2026-03-20 12:33:00,2026-03-20 12:58:00,Signature Coffee,French Vanilla Latte - Regular,MENU0027,Beverage,Menu Item,265.0,1.0,265.0,13.75,Bill Discount,Synthetic promotion,251.25,12.56,0,0,0,0,263.81,,,,,
Delhi,ABNAH Cafe Connaught Place,,BILL-OUT001-260320-0020,20,Delivery/Takeaway,,2026-03-20 17:55:00,2026-03-20 18:18:00,Signature Coffee,French Vanilla Latte - Medium,MENU0028,Beverage,Menu Item,295.64,1.0,295.64,0.0,,,295.64,14.78,0,0,0,0,310.42,,,,,
Delhi,ABNAH Cafe Connaught Place,,BILL-OUT001-260320-0021,21,Delivery/Takeaway,,2026-03-20 17:16:00,2026-03-20 17:26:00,Signature Coffee,French Vanilla Latte - Large,MENU0029,Beverage,Menu Item,326.65,1.0,326.65,0.0,,,326.65,16.33,0,0,0,0,342.98,,,,,
Delhi,ABNAH Cafe Connaught Place,,BILL-OUT001-260320-0022,22,Delivery/Takeaway,,2026-03-20 17:25:00,2026-03-20 18:06:00,Signature Coffee,Vegan Iced Latte - Regular,MENU0030,Beverage,Menu Item,285.0,1.0,285.0,0.52,Bill Discount,Synthetic promotion,284.48,14.22,0,0,0,0,298.7,,,,,
Delhi,ABNAH Cafe Connaught Place,,BILL-OUT001-260320-0023,23,Dine In,T22,2026-03-20 13:17:00,2026-03-20 13:42:00,Cold Brew,Classic Cold Brew - Regular,MENU0033,Beverage,Menu Item,226.34,1.0,226.34,0.0,,,226.34,11.32,0,0,0,0,237.66,,,,,
Delhi,ABNAH Cafe Connaught Place,,BILL-OUT001-260320-0024,24,Delivery/Takeaway,,2026-03-20 16:16:00,2026-03-20 16:25:00,Cold Brew,Classic Cold Brew - Medium,MENU0034,Beverage,Menu Item,251.05,1.0,251.05,0.0,,,251.05,12.55,0,0,0,0,263.6,,,,,
Delhi,ABNAH Cafe Connaught Place,,BILL-OUT001-260320-0025,25,Dine In,T09,2026-03-20 19:05:00,2026-03-20 19:44:00,Cold Brew,Coffee Lemonade - Regular,MENU0036,Beverage,Menu Item,235.0,1.0,235.0,13.06,Bill Discount,Synthetic promotion,221.94,11.1,0,0,0,0,233.04,,,,,
Delhi,ABNAH Cafe Connaught Place,,BILL-OUT001-260320-0026,26,Delivery/Takeaway,,2026-03-20 09:41:00,2026-03-20 10:20:00,Cold Brew,Coffee Lemonade - Medium,MENU0037,Beverage,Menu Item,260.04,2.0,520.08,0.01,Bill Discount,Synthetic promotion,520.07,26.0,0,0,0,0,546.07,,,,,
Delhi,ABNAH Cafe Connaught Place,,BILL-OUT001-260320-0027,27,Delivery/Takeaway,,2026-03-20 08:48:00,2026-03-20 09:10:00,Cold Brew,Vietnamese Shakerato - Medium,MENU0040,Beverage,Menu Item,280.0,1.0,280.0,5.57,Bill Discount,Synthetic promotion,274.43,13.72,0,0,0,0,288.15,,,,,
Delhi,ABNAH Cafe Connaught Place,,BILL-OUT001-260320-0028,28,Dine In,T13,2026-03-20 18:29:00,2026-03-20 19:12:00,Cold Brew,Vietnamese Shakerato - Large,MENU0041,Beverage,Menu Item,305.0,1.0,305.0,1.17,Bill Discount,Synthetic promotion,303.83,15.19,0,0,0,0,319.02,,,,,
Delhi,ABNAH Cafe Connaught Place,,BILL-OUT001-260320-0029,29,Delivery/Takeaway,,2026-03-20 10:52:00,2026-03-20 11:41:00,Cold Coffee,Classic Cold Coffee - Medium,MENU0043,Beverage,Menu Item,290.0,2.0,580.0,23.62,Bill Discount,Synthetic promotion,556.38,27.82,0,0,0,0,584.2,,,,,
Delhi,ABNAH Cafe Connaught Place,,BILL-OUT001-260320-0030,30,Dine In,T10,2026-03-20 16:19:00,2026-03-20 16:50:00,Cold Coffee,Classic Cold Coffee - Large,MENU0044,Beverage,Menu Item,330.04,1.0,330.04,0.0,,,330.04,16.5,0,0,0,0,346.54,,,,,
Delhi,ABNAH Cafe Connaught Place,,BILL-OUT001-260320-0031,31,Delivery/Takeaway,,2026-03-20 16:19:00,2026-03-20 16:29:00,Cold Coffee,Mocha Cold Coffee - Medium,MENU0046,Beverage,Menu Item,320.0,1.0,320.0,17.17,Bill Discount,Synthetic promotion,302.83,15.14,0,0,0,0,317.97,,,,,
Delhi,ABNAH Cafe Connaught Place,,BILL-OUT001-260320-0032,32,Dine In,T10,2026-03-20 12:17:00,2026-03-20 12:49:00,Cold Coffee,Caramel Cold Coffee - Regular,MENU0048,Beverage,Menu Item,285.0,1.0,285.0,2.9,Bill Discount,Synthetic promotion,282.1,14.11,0,0,0,0,296.21,,,,,
Delhi,ABNAH Cafe Connaught Place,,BILL-OUT001-260320-0033,33,Delivery/Takeaway,,2026-03-20 18:57:00,2026-03-20 19:19:00,Cold Coffee,Caramel Cold Coffee - Medium,MENU0049,Beverage,Menu Item,320.0,1.0,320.0,18.85,Bill Discount,Synthetic promotion,301.15,15.06,0,0,0,0,316.21,,,,,
Delhi,ABNAH Cafe Connaught Place,,BILL-OUT001-260320-0034,34,Delivery/Takeaway,,2026-03-20 13:30:00,2026-03-20 14:13:00,Tea,Masala Chai Latte - Regular,MENU0051,Beverage,Menu Item,195.0,1.0,195.0,2.66,Bill Discount,Synthetic promotion,192.34,9.62,0,0,0,0,201.96,,,,,
Delhi,ABNAH Cafe Connaught Place,,BILL-OUT001-260320-0035,35,Delivery/Takeaway,,2026-03-20 11:38:00,2026-03-20 11:52:00,Tea,Himalayan Green Tea,MENU0054,Beverage,Menu Item,213.62,1.0,213.62,0.0,,,213.62,10.68,0,0,0,0,224.3,,,,,
Delhi,ABNAH Cafe Connaught Place,,BILL-OUT001-260320-0036,36,Delivery/Takeaway,,2026-03-20 11:32:00,2026-03-20 11:46:00,Tea,Japanese Matcha Latte - Medium,MENU0056,Beverage,Menu Item,295.81,1.0,295.81,0.0,,,295.81,14.79,0,0,0,0,310.6,,,,,
Delhi,ABNAH Cafe Connaught Place,,BILL-OUT001-260320-0037,37,Dine In,T15,2026-03-20 08:00:00,2026-03-20 08:10:00,Iced Tea,Lemon Iced Tea - Regular,MENU0058,Beverage,Menu Item,205.79,1.0,205.79,0.0,,,205.79,10.29,0,0,0,0,216.08,,,,,
Delhi,ABNAH Cafe Connaught Place,,BILL-OUT001-260320-0038,38,Dine In,T17,2026-03-20 10:41:00,2026-03-20 11:15:00,Iced Tea,Hibiscus Lime Iced Tea - Large,MENU0063,Beverage,Menu Item,275.0,1.0,275.0,10.61,Bill Discount,Synthetic promotion,264.39,13.22,0,0,0,0,277.61,,,,,
Delhi,ABNAH Cafe Connaught Place,,BILL-OUT001-260320-0039,39,Dine In,T23,2026-03-20 19:06:00,2026-03-20 19:36:00,Shake,Choco Chip Shake - Large,MENU0070,Beverage,Menu Item,365.0,1.0,365.0,7.74,Bill Discount,Synthetic promotion,357.26,17.86,0,0,0,0,375.12,,,,,
Delhi,ABNAH Cafe Connaught Place,,BILL-OUT001-260320-0040,40,Delivery/Takeaway,,2026-03-20 09:12:00,2026-03-20 09:44:00,Shake,Mixed Berry Shake - Medium,MENU0072,Beverage,Menu Item,350.0,1.0,350.0,6.41,Bill Discount,Synthetic promotion,343.59,17.18,0,0,0,0,360.77,,,,,
Delhi,ABNAH Cafe Connaught Place,,BILL-OUT001-260320-0041,41,Delivery/Takeaway,,2026-03-20 11:43:00,2026-03-20 12:04:00,Smoothie,Seasonal Smoothie - Medium,MENU0075,Beverage,Menu Item,344.19,2.0,688.38,0.0,,,688.38,34.42,0,0,0,0,722.8,,,,,
Delhi,ABNAH Cafe Connaught Place,,BILL-OUT001-260320-0042,42,Delivery/Takeaway,,2026-03-20 18:49:00,2026-03-20 19:35:00,Sandwiches,Pesto Veg Sandwich,MENU0080,Food,Menu Item,280.0,2.0,560.0,27.15,Bill Discount,Synthetic promotion,532.85,26.64,0,0,0,0,559.49,,,,,
Delhi,ABNAH Cafe Connaught Place,,BILL-OUT001-260320-0043,43,Delivery/Takeaway,,2026-03-20 08:07:00,2026-03-20 08:45:00,Sandwiches,Tandoori Chicken Sandwich,MENU0082,Food,Menu Item,320.0,1.0,320.0,3.16,Bill Discount,Synthetic promotion,316.84,15.84,0,0,0,0,332.68,,,,,
Delhi,ABNAH Cafe Connaught Place,,BILL-OUT001-260320-0044,44,Delivery/Takeaway,,2026-03-20 11:28:00,2026-03-20 11:37:00,Toasts,Chilli Cheese Garlic Toast,MENU0083,Food,Menu Item,235.0,1.0,235.0,3.04,Bill Discount,Synthetic promotion,231.96,11.6,0,0,0,0,243.56,,,,,
Delhi,ABNAH Cafe Connaught Place,,BILL-OUT001-260320-0045,45,Delivery/Takeaway,,2026-03-20 10:13:00,2026-03-20 10:23:00,Snacks,Marinara Cheese Pin Wheels,MENU0090,Food,Menu Item,215.0,2.0,430.0,8.22,Bill Discount,Synthetic promotion,421.78,21.09,0,0,0,0,442.87,,,,,
Delhi,ABNAH Cafe Connaught Place,,BILL-OUT001-260320-0046,46,Delivery/Takeaway,,2026-03-20 13:22:00,2026-03-20 13:42:00,Snacks,Pesto Sundried Tomato Pin Wheel,MENU0091,Food,Menu Item,225.0,3.0,675.0,25.22,Bill Discount,Synthetic promotion,649.78,32.49,0,0,0,0,682.27,,,,,
Delhi,ABNAH Cafe Connaught Place,,BILL-OUT001-260320-0047,47,Dine In,T10,2026-03-20 13:53:00,2026-03-20 14:34:00,Baked Goods,Almond Croissant,MENU0095,Food,Menu Item,247.41,1.0,247.41,0.0,,,247.41,12.37,0,0,0,0,259.78,,,,,
Delhi,ABNAH Cafe Connaught Place,,BILL-OUT001-260320-0048,48,Dine In,T22,2026-03-20 18:37:00,2026-03-20 18:50:00,Baked Goods,Chocolate Croissant,MENU0096,Food,Menu Item,235.0,3.0,705.0,28.76,Bill Discount,Synthetic promotion,676.24,33.81,0,0,0,0,710.05,,,,,
Delhi,ABNAH Cafe Connaught Place,,BILL-OUT001-260320-0049,49,Delivery/Takeaway,,2026-03-20 15:31:00,2026-03-20 15:47:00,Baked Goods,Sriracha Chicken Croissant,MENU0098,Food,Menu Item,275.0,1.0,275.0,2.13,Bill Discount,Synthetic promotion,272.87,13.64,0,0,0,0,286.51,,,,,
Delhi,ABNAH Cafe Connaught Place,,BILL-OUT001-260320-0050,50,Delivery/Takeaway,,2026-03-20 17:16:00,2026-03-20 17:44:00,Baked Goods,Cinnamon Roll with Cream Cheese,MENU0099,Dessert,Menu Item,224.07,1.0,224.07,0.0,,,224.07,11.2,0,0,0,0,235.27,,,,,
Delhi,ABNAH Cafe Connaught Place,,BILL-OUT001-260320-0051,51,Delivery/Takeaway,,2026-03-20 18:27:00,2026-03-20 19:04:00,Desserts,Death by Chocolate Cookie,MENU0106,Dessert,Menu Item,190.0,1.0,190.0,11.29,Bill Discount,Synthetic promotion,178.71,8.94,0,0,0,0,187.65,,,,,
Delhi,ABNAH Cafe Connaught Place,,BILL-OUT001-260320-0052,52,Delivery/Takeaway,,2026-03-20 19:41:00,2026-03-20 20:23:00,Desserts,Jaggery Parmesan Cookie,MENU0107,Dessert,Menu Item,170.0,2.0,340.0,4.88,Bill Discount,Synthetic promotion,335.12,16.76,0,0,0,0,351.88,,,,,
Delhi,ABNAH Cafe Connaught Place,,BILL-OUT001-260320-0053,53,Delivery/Takeaway,,2026-03-20 11:45:00,2026-03-20 11:58:00,Desserts,Basque Cheesecake,MENU0109,Dessert,Menu Item,310.0,1.0,310.0,11.07,Bill Discount,Synthetic promotion,298.93,14.95,0,0,0,0,313.88,,,,,
Delhi,ABNAH Cafe Connaught Place,,BILL-OUT001-260321-0001,1,Delivery/Takeaway,,2026-03-21 13:55:00,2026-03-21 14:32:00,Coffee Classics,Americano - Regular,MENU0003,Beverage,Menu Item,186.06,1.0,186.06,0.0,,,186.06,9.3,0,0,0,0,195.36,,,,,
Delhi,ABNAH Cafe Connaught Place,,BILL-OUT001-260321-0002,2,Delivery/Takeaway,,2026-03-21 15:50:00,2026-03-21 16:39:00,Coffee Classics,Americano - Medium,MENU0004,Beverage,Menu Item,210.0,3.0,630.0,34.1,Bill Discount,Synthetic promotion,595.9,29.8,0,0,0,0,625.7,,,,,
Delhi,ABNAH Cafe Connaught Place,,BILL-OUT001-260321-0003,3,Delivery/Takeaway,,2026-03-21 18:52:00,2026-03-21 19:30:00,Coffee Classics,Americano - Large,MENU0005,Beverage,Menu Item,239.43,1.0,239.43,0.0,,,239.43,11.97,0,0,0,0,251.4,,,,,
Delhi,ABNAH Cafe Connaught Place,,BILL-OUT001-260321-0004,4,Dine In,T17,2026-03-21 10:55:00,2026-03-21 11:04:00,Coffee Classics,Latte - Regular,MENU0006,Beverage,Menu Item,225.0,3.0,675.0,27.13,Bill Discount,Synthetic promotion,647.87,32.39,0,0,0,0,680.26,,,,,
Delhi,ABNAH Cafe Connaught Place,,BILL-OUT001-260321-0005,5,Delivery/Takeaway,,2026-03-21 13:17:00,2026-03-21 14:03:00,Coffee Classics,Latte - Medium,MENU0007,Beverage,Menu Item,250.0,2.0,500.0,29.09,Bill Discount,Synthetic promotion,470.91,23.55,0,0,0,0,494.46,,,,,
Delhi,ABNAH Cafe Connaught Place,,BILL-OUT001-260321-0006,6,Dine In,T02,2026-03-21 19:42:00,2026-03-21 19:57:00,Coffee Classics,Latte - Large,MENU0008,Beverage,Menu Item,275.0,2.0,550.0,20.32,Bill Discount,Synthetic promotion,529.68,26.48,0,0,0,0,556.16,,,,,
Delhi,ABNAH Cafe Connaught Place,,BILL-OUT001-260321-0007,7,Delivery/Takeaway,,2026-03-21 18:17:00,2026-03-21 18:26:00,Coffee Classics,Cappuccino - Regular,MENU0009,Beverage,Menu Item,225.0,2.0,450.0,13.4,Bill Discount,Synthetic promotion,436.6,21.83,0,0,0,0,458.43,,,,,
Delhi,ABNAH Cafe Connaught Place,,BILL-OUT001-260321-0008,8,Dine In,T01,2026-03-21 19:34:00,2026-03-21 19:59:00,Coffee Classics,Cappuccino - Medium,MENU0010,Beverage,Menu Item,250.0,2.0,500.0,15.87,Bill Discount,Synthetic promotion,484.13,24.21,0,0,0,0,508.34,,,,,
Delhi,ABNAH Cafe Connaught Place,,BILL-OUT001-260321-0009,9,Delivery/Takeaway,,2026-03-21 10:31:00,2026-03-21 11:19:00,Coffee Classics,Cappuccino - Large,MENU0011,Beverage,Menu Item,275.0,1.0,275.0,1.18,Bill Discount,Synthetic promotion,273.82,13.69,0,0,0,0,287.51,,,,,
Delhi,ABNAH Cafe Connaught Place,,BILL-OUT001-260321-0010,10,Delivery/Takeaway,,2026-03-21 08:55:00,2026-03-21 09:32:00,Coffee Classics,Flat White - Medium,MENU0013,Beverage,Menu Item,264.46,3.0,793.38,0.0,,,793.38,39.67,0,0,0,0,833.05,,,,,
Delhi,ABNAH Cafe Connaught Place,,BILL-OUT001-260321-0011,11,Dine In,T11,2026-03-21 18:23:00,2026-03-21 19:12:00,Coffee Classics,Mocha - Regular,MENU0015,Beverage,Menu Item,245.0,1.0,245.0,4.49,Bill Discount,Synthetic promotion,240.51,12.03,0,0,0,0,252.54,,,,,
Delhi,ABNAH Cafe Connaught Place,,BILL-OUT001-260321-0012,12,Delivery/Takeaway,,2026-03-21 17:52:00,2026-03-21 18:11:00,Coffee Classics,Mocha - Medium,MENU0016,Beverage,Menu Item,270.0,3.0,810.0,45.33,Bill Discount,Synthetic promotion,764.67,38.23,0,0,0,0,802.9,,,,,
Delhi,ABNAH Cafe Connaught Place,,BILL-OUT001-260321-0013,13,Dine In,T09,2026-03-21 18:47:00,2026-03-21 19:28:00,Signature Coffee,Sea Salt Mocha - Medium,MENU0019,Beverage,Menu Item,305.0,2.0,610.0,1.67,Bill Discount,Synthetic promotion,608.33,30.42,0,0,0,0,638.75,,,,,
Delhi,ABNAH Cafe Connaught Place,,BILL-OUT001-260321-0014,14,Delivery/Takeaway,,2026-03-21 15:42:00,2026-03-21 16:30:00,Signature Coffee,Orange Zest Mocha - Medium,MENU0022,Beverage,Menu Item,304.43,2.0,608.86,0.01,Bill Discount,Synthetic promotion,608.85,30.44,0,0,0,0,639.29,,,,,
Delhi,ABNAH Cafe Connaught Place,,BILL-OUT001-260321-0015,15,Delivery/Takeaway,,2026-03-21 14:14:00,2026-03-21 14:29:00,Signature Coffee,Caramel Macchiato - Regular,MENU0024,Beverage,Menu Item,265.0,1.0,265.0,0.26,Bill Discount,Synthetic promotion,264.74,13.24,0,0,0,0,277.98,,,,,
Delhi,ABNAH Cafe Connaught Place,,BILL-OUT001-260321-0016,16,Delivery/Takeaway,,2026-03-21 18:26:00,2026-03-21 18:52:00,Signature Coffee,Caramel Macchiato - Large,MENU0026,Beverage,Menu Item,326.84,2.0,653.68,0.0,,,653.68,32.68,0,0,0,0,686.36,,,,,
Delhi,ABNAH Cafe Connaught Place,,BILL-OUT001-260321-0017,17,Delivery/Takeaway,,2026-03-21 14:06:00,2026-03-21 14:48:00,Signature Coffee,French Vanilla Latte - Medium,MENU0028,Beverage,Menu Item,295.0,2.0,590.0,7.74,Bill Discount,Synthetic promotion,582.26,29.11,0,0,0,0,611.37,,,,,
Delhi,ABNAH Cafe Connaught Place,,BILL-OUT001-260321-0018,18,Dine In,T02,2026-03-21 14:26:00,2026-03-21 15:14:00,Signature Coffee,Vegan Iced Latte - Regular,MENU0030,Beverage,Menu Item,285.0,1.0,285.0,15.9,Bill Discount,Synthetic promotion,269.1,13.46,0,0,0,0,282.56,,,,,
Delhi,ABNAH Cafe Connaught Place,,BILL-OUT001-260321-0019,19,Delivery/Takeaway,,2026-03-21 16:15:00,2026-03-21 16:32:00,Signature Coffee,Vegan Iced Latte - Large,MENU0032,Beverage,Menu Item,335.0,1.0,335.0,11.24,Bill Discount,Synthetic promotion,323.76,16.19,0,0,0,0,339.95,,,,,
Delhi,ABNAH Cafe Connaught Place,,BILL-OUT001-260321-0020,20,Dine In,T04,2026-03-21 10:23:00,2026-03-21 10:48:00,Cold Coffee,Classic Cold Coffee - Regular,MENU0042,Beverage,Menu Item,255.0,1.0,255.0,5.14,Bill Discount,Synthetic promotion,249.86,12.49,0,0,0,0,262.35,,,,,
Delhi,ABNAH Cafe Connaught Place,,BILL-OUT001-260321-0021,21,Dine In,T17,2026-03-21 10:13:00,2026-03-21 10:59:00,Cold Coffee,Classic Cold Coffee - Medium,MENU0043,Beverage,Menu Item,290.02,1.0,290.02,0.0,,,290.02,14.5,0,0,0,0,304.52,,,,,
Delhi,ABNAH Cafe Connaught Place,,BILL-OUT001-260321-0022,22,Delivery/Takeaway,,2026-03-21 09:28:00,2026-03-21 10:01:00,Cold Coffee,Classic Cold Coffee - Large,MENU0044,Beverage,Menu Item,325.0,1.0,325.0,2.11,Bill Discount,Synthetic promotion,322.89,16.14,0,0,0,0,339.03,,,,,
Delhi,ABNAH Cafe Connaught Place,,BILL-OUT001-260321-0023,23,Delivery/Takeaway,,2026-03-21 19:53:00,2026-03-21 20:27:00,Cold Coffee,Caramel Cold Coffee - Large,MENU0050,Beverage,Menu Item,360.7,1.0,360.7,0.0,,,360.7,18.04,0,0,0,0,378.74,,,,,
Delhi,ABNAH Cafe Connaught Place,,BILL-OUT001-260321-0024,24,Dine In,T20,2026-03-21 18:34:00,2026-03-21 18:59:00,Tea,Japanese Matcha Latte - Regular,MENU0055,Beverage,Menu Item,265.0,2.0,530.0,7.29,Bill Discount,Synthetic promotion,522.71,26.14,0,0,0,0,548.85,,,,,
Delhi,ABNAH Cafe Connaught Place,,BILL-OUT001-260321-0025,25,Delivery/Takeaway,,2026-03-21 16:18:00,2026-03-21 16:37:00,Iced Tea,Lemon Iced Tea - Regular,MENU0058,Beverage,Menu Item,206.76,1.0,206.76,0.0,,,206.76,10.34,0,0,0,0,217.1,,,,,
Delhi,ABNAH Cafe Connaught Place,,BILL-OUT001-260321-0026,26,Delivery/Takeaway,,2026-03-21 12:40:00,2026-03-21 13:06:00,Iced Tea,Lemon Iced Tea - Medium,MENU0059,Beverage,Menu Item,232.57,1.0,232.57,0.0,,,232.57,11.63,0,0,0,0,244.2,,,,,
Delhi,ABNAH Cafe Connaught Place,,BILL-OUT001-260321-0027,27,Delivery/Takeaway,,2026-03-21 09:17:00,2026-03-21 09:32:00,Kids Beverage,Babyccino - Regular,MENU0067,Beverage,Menu Item,165.0,1.0,165.0,2.81,Bill Discount,Synthetic promotion,162.19,8.11,0,0,0,0,170.3,,,,,
Delhi,ABNAH Cafe Connaught Place,,BILL-OUT001-260321-0028,28,Delivery/Takeaway,,2026-03-21 13:07:00,2026-03-21 13:33:00,Shake,Choco Chip Shake - Regular,MENU0068,Beverage,Menu Item,295.0,1.0,295.0,4.76,Bill Discount,Synthetic promotion,290.24,14.51,0,0,0,0,304.75,,,,,
Delhi,ABNAH Cafe Connaught Place,,BILL-OUT001-260321-0029,29,Dine In,T19,2026-03-21 17:41:00,2026-03-21 17:55:00,Shake,Choco Chip Shake - Medium,MENU0069,Beverage,Menu Item,336.57,1.0,336.57,0.0,,,336.57,16.83,0,0,0,0,353.4,,,,,
Delhi,ABNAH Cafe Connaught Place,,BILL-OUT001-260321-0030,30,Delivery/Takeaway,,2026-03-21 10:47:00,2026-03-21 11:15:00,Shake,Mixed Berry Shake - Regular,MENU0071,Beverage,Menu Item,315.0,1.0,315.0,12.14,Bill Discount,Synthetic promotion,302.86,15.14,0,0,0,0,318.0,,,,,
Delhi,ABNAH Cafe Connaught Place,,BILL-OUT001-260321-0031,31,Dine In,T09,2026-03-21 08:15:00,2026-03-21 08:34:00,Shake,Mixed Berry Shake - Medium,MENU0072,Beverage,Menu Item,350.0,1.0,350.0,8.77,Bill Discount,Synthetic promotion,341.23,17.06,0,0,0,0,358.29,,,,,
Delhi,ABNAH Cafe Connaught Place,,BILL-OUT001-260321-0032,32,Delivery/Takeaway,,2026-03-21 16:09:00,2026-03-21 16:31:00,Sandwiches,Smoked Chipotle Paneer Sandwich,MENU0079,Food,Menu Item,295.0,2.0,590.0,31.21,Bill Discount,Synthetic promotion,558.79,27.94,0,0,0,0,586.73,,,,,
Delhi,ABNAH Cafe Connaught Place,,BILL-OUT001-260321-0033,33,Delivery/Takeaway,,2026-03-21 09:22:00,2026-03-21 09:39:00,Sandwiches,Pesto Veg Sandwich,MENU0080,Food,Menu Item,282.0,2.0,564.0,0.0,,,564.0,28.2,0,0,0,0,592.2,,,,,
Delhi,ABNAH Cafe Connaught Place,,BILL-OUT001-260321-0034,34,Dine In,T16,2026-03-21 13:19:00,2026-03-21 13:27:00,Sandwiches,Tandoori Chicken Sandwich,MENU0082,Food,Menu Item,320.0,1.0,320.0,10.26,Bill Discount,Synthetic promotion,309.74,15.49,0,0,0,0,325.23,,,,,
Delhi,ABNAH Cafe Connaught Place,,BILL-OUT001-260321-0035,35,Delivery/Takeaway,,2026-03-21 17:26:00,2026-03-21 18:11:00,Breakfast,Scallion Pepper Cream Cheese Bagel,MENU0088,Food,Menu Item,265.0,1.0,265.0,5.69,Bill Discount,Synthetic promotion,259.31,12.97,0,0,0,0,272.28,,,,,
Delhi,ABNAH Cafe Connaught Place,,BILL-OUT001-260321-0036,36,Dine In,T17,2026-03-21 19:29:00,2026-03-21 20:06:00,Baked Goods,Banana Walnut Tea Cake,MENU0100,Dessert,Menu Item,205.0,1.0,205.0,2.47,Bill Discount,Synthetic promotion,202.53,10.13,0,0,0,0,212.66,,,,,
Delhi,ABNAH Cafe Connaught Place,,BILL-OUT001-260321-0037,37,Delivery/Takeaway,,2026-03-21 19:41:00,2026-03-21 20:27:00,Desserts,Soft-Centred Caramel Cookie,MENU0105,Dessert,Menu Item,180.0,1.0,180.0,8.6,Bill Discount,Synthetic promotion,171.4,8.57,0,0,0,0,179.97,,,,,
Delhi,ABNAH Cafe Connaught Place,,BILL-OUT001-260321-0038,38,Delivery/Takeaway,,2026-03-21 15:37:00,2026-03-21 16:14:00,Desserts,Jaggery Parmesan Cookie,MENU0107,Dessert,Menu Item,170.0,1.0,170.0,4.69,Bill Discount,Synthetic promotion,165.31,8.27,0,0,0,0,173.58,,,,,
Delhi,ABNAH Cafe Connaught Place,,BILL-OUT001-260321-0039,39,Delivery/Takeaway,,2026-03-21 15:18:00,2026-03-21 15:45:00,Desserts,Basque Cheesecake,MENU0109,Dessert,Menu Item,310.0,1.0,310.0,13.93,Bill Discount,Synthetic promotion,296.07,14.8,0,0,0,0,310.87,,,,,
Delhi,ABNAH Cafe Connaught Place,,BILL-OUT001-260322-0001,1,Dine In,T08,2026-03-22 12:28:00,2026-03-22 13:04:00,Coffee Classics,Americano - Medium,MENU0004,Beverage,Menu Item,210.0,2.0,420.0,17.68,Bill Discount,Synthetic promotion,402.32,20.12,0,0,0,0,422.44,,,,,
Delhi,ABNAH Cafe Connaught Place,,BILL-OUT001-260322-0002,2,Delivery/Takeaway,,2026-03-22 08:02:00,2026-03-22 08:40:00,Coffee Classics,Americano - Large,MENU0005,Beverage,Menu Item,235.0,1.0,235.0,10.58,Bill Discount,Synthetic promotion,224.42,11.22,0,0,0,0,235.64,,,,,
Delhi,ABNAH Cafe Connaught Place,,BILL-OUT001-260322-0003,3,Delivery/Takeaway,,2026-03-22 19:14:00,2026-03-22 19:58:00,Coffee Classics,Latte - Large,MENU0008,Beverage,Menu Item,275.0,2.0,550.0,10.47,Bill Discount,Synthetic promotion,539.53,26.98,0,0,0,0,566.51,,,,,
Delhi,ABNAH Cafe Connaught Place,,BILL-OUT001-260322-0004,4,Dine In,T06,2026-03-22 16:48:00,2026-03-22 17:00:00,Coffee Classics,Cappuccino - Regular,MENU0009,Beverage,Menu Item,225.0,2.0,450.0,26.59,Bill Discount,Synthetic promotion,423.41,21.17,0,0,0,0,444.58,,,,,
Delhi,ABNAH Cafe Connaught Place,,BILL-OUT001-260322-0005,5,Delivery/Takeaway,,2026-03-22 15:18:00,2026-03-22 16:06:00,Coffee Classics,Cappuccino - Large,MENU0011,Beverage,Menu Item,275.0,1.0,275.0,1.01,Bill Discount,Synthetic promotion,273.99,13.7,0,0,0,0,287.69,,,,,
Delhi,ABNAH Cafe Connaught Place,,BILL-OUT001-260322-0006,6,Delivery/Takeaway,,2026-03-22 17:51:00,2026-03-22 18:37:00,Coffee Classics,Flat White - Regular,MENU0012,Beverage,Menu Item,235.0,2.0,470.0,20.15,Bill Discount,Synthetic promotion,449.85,22.49,0,0,0,0,472.34,,,,,
Delhi,ABNAH Cafe Connaught Place,,BILL-OUT001-260322-0007,7,Delivery/Takeaway,,2026-03-22 15:02:00,2026-03-22 15:50:00,Coffee Classics,Flat White - Medium,MENU0013,Beverage,Menu Item,260.0,1.0,260.0,4.91,Bill Discount,Synthetic promotion,255.09,12.75,0,0,0,0,267.84,,,,,
Delhi,ABNAH Cafe Connaught Place,,BILL-OUT001-260322-0008,8,Delivery/Takeaway,,2026-03-22 12:45:00,2026-03-22 13:22:00,Coffee Classics,Flat White - Large,MENU0014,Beverage,Menu Item,285.0,1.0,285.0,14.79,Bill Discount,Synthetic promotion,270.21,13.51,0,0,0,0,283.72,,,,,
Delhi,ABNAH Cafe Connaught Place,,BILL-OUT001-260322-0009,9,Delivery/Takeaway,,2026-03-22 10:12:00,2026-03-22 10:31:00,Coffee Classics,Mocha - Regular,MENU0015,Beverage,Menu Item,245.0,2.0,490.0,12.42,Bill Discount,Synthetic promotion,477.58,23.88,0,0,0,0,501.46,,,,,
Delhi,ABNAH Cafe Connaught Place,,BILL-OUT001-260322-0010,10,Delivery/Takeaway,,2026-03-22 15:08:00,2026-03-22 15:56:00,Coffee Classics,Mocha - Large,MENU0017,Beverage,Menu Item,295.9,1.0,295.9,0.0,,,295.9,14.79,0,0,0,0,310.69,,,,,
Delhi,ABNAH Cafe Connaught Place,,BILL-OUT001-260322-0011,11,Delivery/Takeaway,,2026-03-22 09:33:00,2026-03-22 10:00:00,Signature Coffee,Orange Zest Mocha - Regular,MENU0021,Beverage,Menu Item,270.0,1.0,270.0,4.68,Bill Discount,Synthetic promotion,265.32,13.27,0,0,0,0,278.59,,,,,
Delhi,ABNAH Cafe Connaught Place,,BILL-OUT001-260322-0012,12,Dine In,T05,2026-03-22 12:15:00,2026-03-22 12:58:00,Signature Coffee,Orange Zest Mocha - Large,MENU0023,Beverage,Menu Item,330.0,1.0,330.0,9.04,Bill Discount,Synthetic promotion,320.96,16.05,0,0,0,0,337.01,,,,,
Delhi,ABNAH Cafe Connaught Place,,BILL-OUT001-260322-0013,13,Delivery/Takeaway,,2026-03-22 18:22:00,2026-03-22 18:39:00,Signature Coffee,Vegan Iced Latte - Regular,MENU0030,Beverage,Menu Item,286.02,1.0,286.02,0.0,,,286.02,14.3,0,0,0,0,300.32,,,,,
Delhi,ABNAH Cafe Connaught Place,,BILL-OUT001-260322-0014,14,Delivery/Takeaway,,2026-03-22 19:24:00,2026-03-22 19:36:00,Signature Coffee,Vegan Iced Latte - Medium,MENU0031,Beverage,Menu Item,314.6,1.0,314.6,0.0,,,314.6,15.73,0,0,0,0,330.33,,,,,
Delhi,ABNAH Cafe Connaught Place,,BILL-OUT001-260322-0015,15,Delivery/Takeaway,,2026-03-22 09:32:00,2026-03-22 10:10:00,Signature Coffee,Vegan Iced Latte - Large,MENU0032,Beverage,Menu Item,335.0,1.0,335.0,13.02,Bill Discount,Synthetic promotion,321.98,16.1,0,0,0,0,338.08,,,,,
Delhi,ABNAH Cafe Connaught Place,,BILL-OUT001-260322-0016,16,Delivery/Takeaway,,2026-03-22 14:45:00,2026-03-22 15:34:00,Cold Brew,Classic Cold Brew - Large,MENU0035,Beverage,Menu Item,279.71,1.0,279.71,0.0,,,279.71,13.99,0,0,0,0,293.7,,,,,
Delhi,ABNAH Cafe Connaught Place,,BILL-OUT001-260322-0017,17,Dine In,T02,2026-03-22 10:04:00,2026-03-22 10:21:00,Cold Brew,Coffee Lemonade - Regular,MENU0036,Beverage,Menu Item,238.88,1.0,238.88,0.0,,,238.88,11.94,0,0,0,0,250.82,,,,,
Delhi,ABNAH Cafe Connaught Place,,BILL-OUT001-260322-0018,18,Delivery/Takeaway,,2026-03-22 08:36:00,2026-03-22 08:45:00,Cold Brew,Coffee Lemonade - Medium,MENU0037,Beverage,Menu Item,260.0,1.0,260.0,0.23,Bill Discount,Synthetic promotion,259.77,12.99,0,0,0,0,272.76,,,,,
Delhi,ABNAH Cafe Connaught Place,,BILL-OUT001-260322-0019,19,Delivery/Takeaway,,2026-03-22 10:28:00,2026-03-22 11:00:00,Cold Brew,Vietnamese Shakerato - Large,MENU0041,Beverage,Menu Item,305.0,1.0,305.0,6.37,Bill Discount,Synthetic promotion,298.63,14.93,0,0,0,0,313.56,,,,,
Delhi,ABNAH Cafe Connaught Place,,BILL-OUT001-260322-0020,20,Delivery/Takeaway,,2026-03-22 17:16:00,2026-03-22 17:59:00,Cold Coffee,Classic Cold Coffee - Regular,MENU0042,Beverage,Menu Item,255.0,2.0,510.0,20.23,Bill Discount,Synthetic promotion,489.77,24.49,0,0,0,0,514.26,,,,,
Delhi,ABNAH Cafe Connaught Place,,BILL-OUT001-260322-0021,21,Delivery/Takeaway,,2026-03-22 12:29:00,2026-03-22 13:13:00,Cold Coffee,Classic Cold Coffee - Large,MENU0044,Beverage,Menu Item,325.0,1.0,325.0,9.91,Bill Discount,Synthetic promotion,315.09,15.75,0,0,0,0,330.84,,,,,
Delhi,ABNAH Cafe Connaught Place,,BILL-OUT001-260322-0022,22,Dine In,T13,2026-03-22 15:29:00,2026-03-22 16:06:00,Cold Coffee,Mocha Cold Coffee - Medium,MENU0046,Beverage,Menu Item,320.0,2.0,640.0,2.22,Bill Discount,Synthetic promotion,637.78,31.89,0,0,0,0,669.67,,,,,
Delhi,ABNAH Cafe Connaught Place,,BILL-OUT001-260322-0023,23,Dine In,T21,2026-03-22 19:33:00,2026-03-22 19:51:00,Tea,Masala Chai Latte - Medium,MENU0052,Beverage,Menu Item,220.0,2.0,440.0,2.65,Bill Discount,Synthetic promotion,437.35,21.87,0,0,0,0,459.22,,,,,
Delhi,ABNAH Cafe Connaught Place,,BILL-OUT001-260322-0024,24,Delivery/Takeaway,,2026-03-22 14:42:00,2026-03-22 15:10:00,Tea,Japanese Matcha Latte - Large,MENU0057,Beverage,Menu Item,328.61,1.0,328.61,0.0,,,328.61,16.43,0,0,0,0,345.04,,,,,
Delhi,ABNAH Cafe Connaught Place,,BILL-OUT001-260322-0025,25,Delivery/Takeaway,,2026-03-22 13:46:00,2026-03-22 13:54:00,Iced Tea,Lemon Iced Tea - Regular,MENU0058,Beverage,Menu Item,205.0,1.0,205.0,2.52,Bill Discount,Synthetic promotion,202.48,10.12,0,0,0,0,212.6,,,,,
Delhi,ABNAH Cafe Connaught Place,,BILL-OUT001-260322-0026,26,Dine In,T18,2026-03-22 17:50:00,2026-03-22 18:08:00,Iced Tea,Hibiscus Lime Iced Tea - Large,MENU0063,Beverage,Menu Item,279.58,1.0,279.58,0.0,,,279.58,13.98,0,0,0,0,293.56,,,,,
Delhi,ABNAH Cafe Connaught Place,,BILL-OUT001-260322-0027,27,Delivery/Takeaway,,2026-03-22 14:02:00,2026-03-22 14:21:00,Shake,Mixed Berry Shake - Medium,MENU0072,Beverage,Menu Item,350.0,1.0,350.0,20.97,Bill Discount,Synthetic promotion,329.03,16.45,0,0,0,0,345.48,,,,,
Delhi,ABNAH Cafe Connaught Place,,BILL-OUT001-260322-0028,28,Delivery/Takeaway,,2026-03-22 13:54:00,2026-03-22 14:21:00,Smoothie,Seasonal Smoothie - Regular,MENU0074,Beverage,Menu Item,307.89,2.0,615.78,0.0,,,615.79,30.79,0,0,0,0,646.58,,,,,
Delhi,ABNAH Cafe Connaught Place,,BILL-OUT001-260322-0029,29,Delivery/Takeaway,,2026-03-22 18:53:00,2026-03-22 19:14:00,Smoothie,Seasonal Smoothie - Medium,MENU0075,Beverage,Menu Item,340.0,1.0,340.0,9.6,Bill Discount,Synthetic promotion,330.4,16.52,0,0,0,0,346.92,,,,,
Delhi,ABNAH Cafe Connaught Place,,BILL-OUT001-260322-0030,30,Delivery/Takeaway,,2026-03-22 08:53:00,2026-03-22 09:30:00,Sandwiches,Pesto Veg Sandwich,MENU0080,Food,Menu Item,280.0,1.0,280.0,15.09,Bill Discount,Synthetic promotion,264.91,13.25,0,0,0,0,278.16,,,,,
Delhi,ABNAH Cafe Connaught Place,,BILL-OUT001-260322-0031,31,Delivery/Takeaway,,2026-03-22 18:50:00,2026-03-22 19:01:00,Sandwiches,Pepper Chicken Sandwich,MENU0081,Food,Menu Item,316.23,1.0,316.23,0.0,,,316.23,15.81,0,0,0,0,332.04,,,,,
Delhi,ABNAH Cafe Connaught Place,,BILL-OUT001-260322-0032,32,Delivery/Takeaway,,2026-03-22 19:23:00,2026-03-22 20:03:00,Sandwiches,Tandoori Chicken Sandwich,MENU0082,Food,Menu Item,320.0,2.0,640.0,29.13,Bill Discount,Synthetic promotion,610.87,30.54,0,0,0,0,641.41,,,,,
Delhi,ABNAH Cafe Connaught Place,,BILL-OUT001-260322-0033,33,Delivery/Takeaway,,2026-03-22 10:01:00,2026-03-22 10:34:00,Breakfast,Scallion Pepper Cream Cheese Bagel,MENU0088,Food,Menu Item,265.0,1.0,265.0,11.78,Bill Discount,Synthetic promotion,253.22,12.66,0,0,0,0,265.88,,,,,
Delhi,ABNAH Cafe Connaught Place,,BILL-OUT001-260322-0034,34,Delivery/Takeaway,,2026-03-22 13:55:00,2026-03-22 14:17:00,Breakfast,Masala Egg Bun,MENU0089,Food,Menu Item,225.0,1.0,225.0,1.39,Bill Discount,Synthetic promotion,223.61,11.18,0,0,0,0,234.79,,,,,
Delhi,ABNAH Cafe Connaught Place,,BILL-OUT001-260322-0035,35,Dine In,T23,2026-03-22 14:24:00,2026-03-22 15:13:00,Snacks,Marinara Cheese Pin Wheels,MENU0090,Food,Menu Item,217.41,1.0,217.41,0.0,,,217.41,10.87,0,0,0,0,228.28,,,,,
Delhi,ABNAH Cafe Connaught Place,,BILL-OUT001-260322-0036,36,Delivery/Takeaway,,2026-03-22 19:26:00,2026-03-22 19:43:00,Baked Goods,Butter Croissant,MENU0094,Food,Menu Item,195.0,1.0,195.0,8.78,Bill Discount,Synthetic promotion,186.22,9.31,0,0,0,0,195.53,,,,,
Delhi,ABNAH Cafe Connaught Place,,BILL-OUT001-260322-0037,37,Delivery/Takeaway,,2026-03-22 14:11:00,2026-03-22 14:24:00,Baked Goods,Almond Croissant,MENU0095,Food,Menu Item,245.0,1.0,245.0,13.08,Bill Discount,Synthetic promotion,231.92,11.6,0,0,0,0,243.52,,,,,
Delhi,ABNAH Cafe Connaught Place,,BILL-OUT001-260322-0038,38,Delivery/Takeaway,,2026-03-22 12:06:00,2026-03-22 12:24:00,Baked Goods,Sriracha Chicken Croissant,MENU0098,Food,Menu Item,276.23,1.0,276.23,0.0,,,276.23,13.81,0,0,0,0,290.04,,,,,
Delhi,ABNAH Cafe Connaught Place,,BILL-OUT001-260322-0039,39,Dine In,T11,2026-03-22 10:53:00,2026-03-22 11:42:00,Baked Goods,Banana Walnut Tea Cake,MENU0100,Dessert,Menu Item,206.9,1.0,206.9,0.0,,,206.9,10.35,0,0,0,0,217.25,,,,,
Delhi,ABNAH Cafe Connaught Place,,BILL-OUT001-260322-0040,40,Delivery/Takeaway,,2026-03-22 16:47:00,2026-03-22 17:35:00,Desserts,Double Chocolate Truffle Cake,MENU0102,Dessert,Menu Item,295.0,1.0,295.0,16.86,Bill Discount,Synthetic promotion,278.14,13.91,0,0,0,0,292.05,,,,,
Delhi,ABNAH Cafe Connaught Place,,BILL-OUT001-260322-0041,41,Delivery/Takeaway,,2026-03-22 09:24:00,2026-03-22 09:42:00,Desserts,Jaggery Parmesan Cookie,MENU0107,Dessert,Menu Item,172.82,1.0,172.82,0.0,,,172.82,8.64,0,0,0,0,181.46,,,,,
Delhi,ABNAH Cafe Connaught Place,,BILL-OUT001-260323-0001,1,Dine In,T03,2026-03-23 10:45:00,2026-03-23 10:57:00,Espresso,Espresso Shot - Solo,MENU0001,Beverage,Menu Item,145.0,1.0,145.0,0.81,Bill Discount,Synthetic promotion,144.19,7.21,0,0,0,0,151.4,,,,,
Delhi,ABNAH Cafe Connaught Place,,BILL-OUT001-260323-0002,2,Dine In,T10,2026-03-23 19:30:00,2026-03-23 19:46:00,Coffee Classics,Americano - Regular,MENU0003,Beverage,Menu Item,188.39,1.0,188.39,0.0,,,188.39,9.42,0,0,0,0,197.81,,,,,
Delhi,ABNAH Cafe Connaught Place,,BILL-OUT001-260323-0003,3,Delivery/Takeaway,,2026-03-23 11:40:00,2026-03-23 11:58:00,Coffee Classics,Americano - Medium,MENU0004,Beverage,Menu Item,210.0,2.0,420.0,10.29,Bill Discount,Synthetic promotion,409.71,20.49,0,0,0,0,430.2,,,,,
Delhi,ABNAH Cafe Connaught Place,,BILL-OUT001-260323-0004,4,Delivery/Takeaway,,2026-03-23 13:08:00,2026-03-23 13:57:00,Coffee Classics,Americano - Large,MENU0005,Beverage,Menu Item,235.0,1.0,235.0,13.97,Bill Discount,Synthetic promotion,221.03,11.05,0,0,0,0,232.08,,,,,
Delhi,ABNAH Cafe Connaught Place,,BILL-OUT001-260323-0005,5,Dine In,T15,2026-03-23 11:24:00,2026-03-23 11:36:00,Coffee Classics,Latte - Regular,MENU0006,Beverage,Menu Item,227.57,5.0,1137.85,0.0,,,1137.87,56.89,0,0,0,0,1194.76,,,,,
Delhi,ABNAH Cafe Connaught Place,,BILL-OUT001-260323-0006,6,Dine In,T23,2026-03-23 14:01:00,2026-03-23 14:39:00,Coffee Classics,Latte - Medium,MENU0007,Beverage,Menu Item,250.0,5.0,1250.0,17.23,Bill Discount,Synthetic promotion,1232.77,61.64,0,0,0,0,1294.41,,,,,
Delhi,ABNAH Cafe Connaught Place,,BILL-OUT001-260323-0007,7,Delivery/Takeaway,,2026-03-23 13:54:00,2026-03-23 14:33:00,Coffee Classics,Latte - Large,MENU0008,Beverage,Menu Item,277.67,3.0,833.01,0.0,,,833.02,41.65,0,0,0,0,874.67,,,,,
Delhi,ABNAH Cafe Connaught Place,,BILL-OUT001-260323-0008,8,Dine In,T05,2026-03-23 11:36:00,2026-03-23 11:47:00,Coffee Classics,Cappuccino - Regular,MENU0009,Beverage,Menu Item,227.9,3.0,683.7,0.0,,,683.7,34.19,0,0,0,0,717.89,,,,,
Delhi,ABNAH Cafe Connaught Place,,BILL-OUT001-260323-0009,9,Delivery/Takeaway,,2026-03-23 19:18:00,2026-03-23 19:55:00,Coffee Classics,Cappuccino - Medium,MENU0010,Beverage,Menu Item,250.96,3.0,752.88,0.0,,,752.89,37.64,0,0,0,0,790.53,,,,,
Delhi,ABNAH Cafe Connaught Place,,BILL-OUT001-260323-0010,10,Dine In,T19,2026-03-23 10:32:00,2026-03-23 11:06:00,Coffee Classics,Cappuccino - Large,MENU0011,Beverage,Menu Item,275.0,3.0,825.0,30.68,Bill Discount,Synthetic promotion,794.32,39.72,0,0,0,0,834.04,,,,,
Delhi,ABNAH Cafe Connaught Place,,BILL-OUT001-260323-0011,11,Delivery/Takeaway,,2026-03-23 09:16:00,2026-03-23 09:51:00,Coffee Classics,Flat White - Regular,MENU0012,Beverage,Menu Item,235.0,2.0,470.0,6.82,Bill Discount,Synthetic promotion,463.18,23.16,0,0,0,0,486.34,,,,,
Delhi,ABNAH Cafe Connaught Place,,BILL-OUT001-260323-0012,12,Delivery/Takeaway,,2026-03-23 18:10:00,2026-03-23 18:35:00,Coffee Classics,Flat White - Medium,MENU0013,Beverage,Menu Item,260.0,4.0,1040.0,3.95,Bill Discount,Synthetic promotion,1036.05,51.8,0,0,0,0,1087.85,,,,,
Delhi,ABNAH Cafe Connaught Place,,BILL-OUT001-260323-0013,13,Delivery/Takeaway,,2026-03-23 15:19:00,2026-03-23 15:38:00,Coffee Classics,Mocha - Regular,MENU0015,Beverage,Menu Item,245.0,5.0,1225.0,60.22,Bill Discount,Synthetic promotion,1164.78,58.24,0,0,0,0,1223.02,,,,,
Delhi,ABNAH Cafe Connaught Place,,BILL-OUT001-260323-0014,14,Delivery/Takeaway,,2026-03-23 10:45:00,2026-03-23 11:34:00,Coffee Classics,Mocha - Medium,MENU0016,Beverage,Menu Item,270.0,1.0,270.0,8.1,Bill Discount,Synthetic promotion,261.9,13.1,0,0,0,0,275.0,,,,,
Delhi,ABNAH Cafe Connaught Place,,BILL-OUT001-260323-0015,15,Dine In,T10,2026-03-23 14:53:00,2026-03-23 15:11:00,Coffee Classics,Mocha - Large,MENU0017,Beverage,Menu Item,295.0,1.0,295.0,6.83,Bill Discount,Synthetic promotion,288.17,14.41,0,0,0,0,302.58,,,,,
Delhi,ABNAH Cafe Connaught Place,,BILL-OUT001-260323-0016,16,Dine In,T03,2026-03-23 10:35:00,2026-03-23 11:14:00,Signature Coffee,Sea Salt Mocha - Regular,MENU0018,Beverage,Menu Item,275.0,1.0,275.0,6.95,Bill Discount,Synthetic promotion,268.05,13.4,0,0,0,0,281.45,,,,,
Delhi,ABNAH Cafe Connaught Place,,BILL-OUT001-260323-0017,17,Delivery/Takeaway,,2026-03-23 13:53:00,2026-03-23 14:12:00,Signature Coffee,Sea Salt Mocha - Medium,MENU0019,Beverage,Menu Item,305.0,3.0,915.0,51.91,Bill Discount,Synthetic promotion,863.09,43.15,0,0,0,0,906.24,,,,,
Delhi,ABNAH Cafe Connaught Place,,BILL-OUT001-260323-0018,18,Dine In,T02,2026-03-23 11:01:00,2026-03-23 11:38:00,Signature Coffee,Sea Salt Mocha - Large,MENU0020,Beverage,Menu Item,335.0,1.0,335.0,1.08,Bill Discount,Synthetic promotion,333.92,16.7,0,0,0,0,350.62,,,,,
Delhi,ABNAH Cafe Connaught Place,,BILL-OUT001-260323-0019,19,Dine In,T17,2026-03-23 19:40:00,2026-03-23 19:57:00,Signature Coffee,Orange Zest Mocha - Regular,MENU0021,Beverage,Menu Item,275.32,1.0,275.32,0.0,,,275.32,13.77,0,0,0,0,289.09,,,,,
Delhi,ABNAH Cafe Connaught Place,,BILL-OUT001-260323-0020,20,Dine In,T04,2026-03-23 08:09:00,2026-03-23 08:38:00,Signature Coffee,Caramel Macchiato - Large,MENU0026,Beverage,Menu Item,325.0,2.0,650.0,18.12,Bill Discount,Synthetic promotion,631.88,31.59,0,0,0,0,663.47,,,,,
Delhi,ABNAH Cafe Connaught Place,,BILL-OUT001-260323-0021,21,Delivery/Takeaway,,2026-03-23 13:43:00,2026-03-23 14:31:00,Signature Coffee,French Vanilla Latte - Regular,MENU0027,Beverage,Menu Item,265.64,1.0,265.64,0.0,,,265.64,13.28,0,0,0,0,278.92,,,,,
Delhi,ABNAH Cafe Connaught Place,,BILL-OUT001-260323-0022,22,Delivery/Takeaway,,2026-03-23 13:05:00,2026-03-23 13:18:00,Signature Coffee,French Vanilla Latte - Medium,MENU0028,Beverage,Menu Item,299.82,2.0,599.64,0.0,,,599.65,29.98,0,0,0,0,629.63,,,,,
Delhi,ABNAH Cafe Connaught Place,,BILL-OUT001-260323-0023,23,Dine In,T24,2026-03-23 18:18:00,2026-03-23 18:47:00,Signature Coffee,French Vanilla Latte - Large,MENU0029,Beverage,Menu Item,325.0,1.0,325.0,11.02,Bill Discount,Synthetic promotion,313.98,15.7,0,0,0,0,329.68,,,,,
Delhi,ABNAH Cafe Connaught Place,,BILL-OUT001-260323-0024,24,Dine In,T18,2026-03-23 13:03:00,2026-03-23 13:47:00,Signature Coffee,Vegan Iced Latte - Regular,MENU0030,Beverage,Menu Item,286.76,1.0,286.76,0.0,,,286.76,14.34,0,0,0,0,301.1,,,,,
Delhi,ABNAH Cafe Connaught Place,,BILL-OUT001-260323-0025,25,Delivery/Takeaway,,2026-03-23 12:42:00,2026-03-23 13:20:00,Signature Coffee,Vegan Iced Latte - Medium,MENU0031,Beverage,Menu Item,310.0,1.0,310.0,1.34,Bill Discount,Synthetic promotion,308.66,15.43,0,0,0,0,324.09,,,,,
Delhi,ABNAH Cafe Connaught Place,,BILL-OUT001-260323-0026,26,Delivery/Takeaway,,2026-03-23 13:17:00,2026-03-23 13:40:00,Signature Coffee,Vegan Iced Latte - Large,MENU0032,Beverage,Menu Item,335.0,2.0,670.0,27.89,Bill Discount,Synthetic promotion,642.11,32.11,0,0,0,0,674.22,,,,,
Delhi,ABNAH Cafe Connaught Place,,BILL-OUT001-260323-0027,27,Delivery/Takeaway,,2026-03-23 12:39:00,2026-03-23 13:01:00,Cold Brew,Classic Cold Brew - Regular,MENU0033,Beverage,Menu Item,225.0,1.0,225.0,7.33,Bill Discount,Synthetic promotion,217.67,10.88,0,0,0,0,228.55,,,,,
Delhi,ABNAH Cafe Connaught Place,,BILL-OUT001-260323-0028,28,Dine In,T23,2026-03-23 14:21:00,2026-03-23 14:29:00,Cold Brew,Vietnamese Shakerato - Medium,MENU0040,Beverage,Menu Item,280.0,1.0,280.0,16.46,Bill Discount,Synthetic promotion,263.54,13.18,0,0,0,0,276.72,,,,,
Delhi,ABNAH Cafe Connaught Place,,BILL-OUT001-260323-0029,29,Dine In,T07,2026-03-23 16:30:00,2026-03-23 16:45:00,Cold Coffee,Classic Cold Coffee - Regular,MENU0042,Beverage,Menu Item,255.0,1.0,255.0,8.37,Bill Discount,Synthetic promotion,246.63,12.33,0,0,0,0,258.96,,,,,
Delhi,ABNAH Cafe Connaught Place,,BILL-OUT001-260323-0030,30,Delivery/Takeaway,,2026-03-23 19:48:00,2026-03-23 20:11:00,Cold Coffee,Classic Cold Coffee - Large,MENU0044,Beverage,Menu Item,325.0,1.0,325.0,11.46,Bill Discount,Synthetic promotion,313.54,15.68,0,0,0,0,329.22,,,,,
Delhi,ABNAH Cafe Connaught Place,,BILL-OUT001-260323-0031,31,Delivery/Takeaway,,2026-03-23 18:04:00,2026-03-23 18:53:00,Cold Coffee,Mocha Cold Coffee - Medium,MENU0046,Beverage,Menu Item,324.62,1.0,324.62,0.0,,,324.62,16.23,0,0,0,0,340.85,,,,,
Delhi,ABNAH Cafe Connaught Place,,BILL-OUT001-260323-0032,32,Delivery/Takeaway,,2026-03-23 14:55:00,2026-03-23 15:19:00,Cold Coffee,Mocha Cold Coffee - Large,MENU0047,Beverage,Menu Item,355.0,1.0,355.0,0.77,Bill Discount,Synthetic promotion,354.23,17.71,0,0,0,0,371.94,,,,,
Delhi,ABNAH Cafe Connaught Place,,BILL-OUT001-260323-0033,33,Delivery/Takeaway,,2026-03-23 10:42:00,2026-03-23 11:16:00,Cold Coffee,Caramel Cold Coffee - Regular,MENU0048,Beverage,Menu Item,286.74,1.0,286.74,0.0,,,286.74,14.34,0,0,0,0,301.08,,,,,
Delhi,ABNAH Cafe Connaught Place,,BILL-OUT001-260323-0034,34,Delivery/Takeaway,,2026-03-23 08:54:00,2026-03-23 09:17:00,Cold Coffee,Caramel Cold Coffee - Medium,MENU0049,Beverage,Menu Item,320.0,2.0,640.0,36.57,Bill Discount,Synthetic promotion,603.43,30.17,0,0,0,0,633.6,,,,,
Delhi,ABNAH Cafe Connaught Place,,BILL-OUT001-260323-0035,35,Delivery/Takeaway,,2026-03-23 15:02:00,2026-03-23 15:14:00,Cold Coffee,Caramel Cold Coffee - Large,MENU0050,Beverage,Menu Item,355.38,1.0,355.38,0.0,,,355.38,17.77,0,0,0,0,373.15,,,,,
Delhi,ABNAH Cafe Connaught Place,,BILL-OUT001-260323-0036,36,Delivery/Takeaway,,2026-03-23 13:42:00,2026-03-23 14:22:00,Tea,Masala Chai Latte - Regular,MENU0051,Beverage,Menu Item,195.0,1.0,195.0,1.58,Bill Discount,Synthetic promotion,193.42,9.67,0,0,0,0,203.09,,,,,
Delhi,ABNAH Cafe Connaught Place,,BILL-OUT001-260323-0037,37,Delivery/Takeaway,,2026-03-23 19:31:00,2026-03-23 20:11:00,Tea,Masala Chai Latte - Medium,MENU0052,Beverage,Menu Item,220.58,1.0,220.58,0.0,,,220.58,11.03,0,0,0,0,231.61,,,,,
Delhi,ABNAH Cafe Connaught Place,,BILL-OUT001-260323-0038,38,Delivery/Takeaway,,2026-03-23 13:55:00,2026-03-23 14:11:00,Tea,Japanese Matcha Latte - Medium,MENU0056,Beverage,Menu Item,300.26,1.0,300.26,0.0,,,300.26,15.01,0,0,0,0,315.27,,,,,
Delhi,ABNAH Cafe Connaught Place,,BILL-OUT001-260323-0039,39,Delivery/Takeaway,,2026-03-23 19:15:00,2026-03-23 19:39:00,Iced Tea,Lemon Iced Tea - Regular,MENU0058,Beverage,Menu Item,205.0,1.0,205.0,8.95,Bill Discount,Synthetic promotion,196.05,9.8,0,0,0,0,205.85,,,,,
Delhi,ABNAH Cafe Connaught Place,,BILL-OUT001-260323-0040,40,Delivery/Takeaway,,2026-03-23 08:56:00,2026-03-23 09:45:00,Iced Tea,Hibiscus Lime Iced Tea - Medium,MENU0062,Beverage,Menu Item,250.0,2.0,500.0,25.77,Bill Discount,Synthetic promotion,474.23,23.71,0,0,0,0,497.94,,,,,
Delhi,ABNAH Cafe Connaught Place,,BILL-OUT001-260323-0041,41,Delivery/Takeaway,,2026-03-23 15:50:00,2026-03-23 15:58:00,Kids Beverage,Hot Chocolate - Medium,MENU0065,Beverage,Menu Item,249.66,1.0,249.66,0.0,,,249.66,12.48,0,0,0,0,262.14,,,,,
Delhi,ABNAH Cafe Connaught Place,,BILL-OUT001-260323-0042,42,Delivery/Takeaway,,2026-03-23 09:59:00,2026-03-23 10:15:00,Shake,Choco Chip Shake - Medium,MENU0069,Beverage,Menu Item,330.0,2.0,660.0,24.5,Bill Discount,Synthetic promotion,635.5,31.77,0,0,0,0,667.27,,,,,
Delhi,ABNAH Cafe Connaught Place,,BILL-OUT001-260323-0043,43,Dine In,T08,2026-03-23 08:48:00,2026-03-23 09:20:00,Shake,Mixed Berry Shake - Regular,MENU0071,Beverage,Menu Item,315.0,1.0,315.0,5.67,Bill Discount,Synthetic promotion,309.33,15.47,0,0,0,0,324.8,,,,,
Delhi,ABNAH Cafe Connaught Place,,BILL-OUT001-260323-0044,44,Delivery/Takeaway,,2026-03-23 19:32:00,2026-03-23 20:04:00,Smoothie,Seasonal Smoothie - Large,MENU0076,Beverage,Menu Item,377.39,1.0,377.39,0.0,,,377.39,18.87,0,0,0,0,396.26,,,,,
Delhi,ABNAH Cafe Connaught Place,,BILL-OUT001-260323-0045,45,Dine In,T19,2026-03-23 17:34:00,2026-03-23 17:47:00,Wraps,Spicy Paneer Wrap,MENU0077,Food,Menu Item,275.0,1.0,275.0,11.24,Bill Discount,Synthetic promotion,263.76,13.19,0,0,0,0,276.95,,,,,
Delhi,ABNAH Cafe Connaught Place,,BILL-OUT001-260323-0046,46,Delivery/Takeaway,,2026-03-23 11:20:00,2026-03-23 12:08:00,Wraps,Shredded Chicken Wrap,MENU0078,Food,Menu Item,295.0,1.0,295.0,0.52,Bill Discount,Synthetic promotion,294.48,14.72,0,0,0,0,309.2,,,,,
Delhi,ABNAH Cafe Connaught Place,,BILL-OUT001-260323-0047,47,Delivery/Takeaway,,2026-03-23 12:57:00,2026-03-23 13:41:00,Sandwiches,Pesto Veg Sandwich,MENU0080,Food,Menu Item,280.0,3.0,840.0,45.07,Bill Discount,Synthetic promotion,794.93,39.75,0,0,0,0,834.68,,,,,
Delhi,ABNAH Cafe Connaught Place,,BILL-OUT001-260323-0048,48,Dine In,T17,2026-03-23 11:14:00,2026-03-23 12:00:00,Sandwiches,Pepper Chicken Sandwich,MENU0081,Food,Menu Item,315.0,1.0,315.0,14.97,Bill Discount,Synthetic promotion,300.03,15.0,0,0,0,0,315.03,,,,,
Delhi,ABNAH Cafe Connaught Place,,BILL-OUT001-260323-0049,49,Dine In,T15,2026-03-23 11:44:00,2026-03-23 12:01:00,Toasts,Chicken Pepperoni Avocado Toast,MENU0084,Food,Menu Item,333.96,1.0,333.96,0.0,,,333.96,16.7,0,0,0,0,350.66,,,,,
Delhi,ABNAH Cafe Connaught Place,,BILL-OUT001-260323-0050,50,Delivery/Takeaway,,2026-03-23 15:26:00,2026-03-23 16:11:00,Platter,Hummus and Pita Platter,MENU0085,Food,Menu Item,310.0,1.0,310.0,9.42,Bill Discount,Synthetic promotion,300.58,15.03,0,0,0,0,315.61,,,,,
Delhi,ABNAH Cafe Connaught Place,,BILL-OUT001-260323-0051,51,Dine In,T15,2026-03-23 18:43:00,2026-03-23 19:04:00,Breakfast,Breakfast Pancakes,MENU0086,Food,Menu Item,285.0,1.0,285.0,2.65,Bill Discount,Synthetic promotion,282.35,14.12,0,0,0,0,296.47,,,,,
Delhi,ABNAH Cafe Connaught Place,,BILL-OUT001-260323-0052,52,Delivery/Takeaway,,2026-03-23 12:07:00,2026-03-23 12:22:00,Breakfast,Cream Cheese Bagel,MENU0087,Food,Menu Item,250.0,3.0,750.0,13.15,Bill Discount,Synthetic promotion,736.85,36.84,0,0,0,0,773.69,,,,,
Delhi,ABNAH Cafe Connaught Place,,BILL-OUT001-260323-0053,53,Delivery/Takeaway,,2026-03-23 12:22:00,2026-03-23 12:34:00,Breakfast,Masala Egg Bun,MENU0089,Food,Menu Item,225.0,1.0,225.0,1.46,Bill Discount,Synthetic promotion,223.54,11.18,0,0,0,0,234.72,,,,,
Delhi,ABNAH Cafe Connaught Place,,BILL-OUT001-260323-0054,54,Delivery/Takeaway,,2026-03-23 11:54:00,2026-03-23 12:12:00,Snacks,Pesto Sundried Tomato Pin Wheel,MENU0091,Food,Menu Item,225.0,1.0,225.0,2.14,Bill Discount,Synthetic promotion,222.86,11.14,0,0,0,0,234.0,,,,,
Delhi,ABNAH Cafe Connaught Place,,BILL-OUT001-260323-0055,55,Dine In,T13,2026-03-23 19:26:00,2026-03-23 20:02:00,Snacks,Turnover with Brioche Dough Veg,MENU0093,Food,Menu Item,235.18,1.0,235.18,0.0,,,235.18,11.76,0,0,0,0,246.94,,,,,
Delhi,ABNAH Cafe Connaught Place,,BILL-OUT001-260323-0056,56,Delivery/Takeaway,,2026-03-23 12:24:00,2026-03-23 13:02:00,Baked Goods,Almond Croissant,MENU0095,Food,Menu Item,245.0,1.0,245.0,13.73,Bill Discount,Synthetic promotion,231.27,11.56,0,0,0,0,242.83,,,,,
Delhi,ABNAH Cafe Connaught Place,,BILL-OUT001-260323-0057,57,Delivery/Takeaway,,2026-03-23 14:15:00,2026-03-23 14:35:00,Baked Goods,Mushroom Cheese Croissant,MENU0097,Food,Menu Item,256.25,2.0,512.5,0.0,,,512.51,25.63,0,0,0,0,538.14,,,,,
Delhi,ABNAH Cafe Connaught Place,,BILL-OUT001-260323-0058,58,Delivery/Takeaway,,2026-03-23 15:35:00,2026-03-23 16:09:00,Baked Goods,Sriracha Chicken Croissant,MENU0098,Food,Menu Item,275.0,1.0,275.0,1.71,Bill Discount,Synthetic promotion,273.29,13.66,0,0,0,0,286.95,,,,,
Delhi,ABNAH Cafe Connaught Place,,BILL-OUT001-260323-0059,59,Dine In,T18,2026-03-23 12:43:00,2026-03-23 13:15:00,Baked Goods,Cinnamon Roll with Cream Cheese,MENU0099,Dessert,Menu Item,220.59,2.0,441.18,0.01,Bill Discount,Synthetic promotion,441.17,22.06,0,0,0,0,463.23,,,,,
Delhi,ABNAH Cafe Connaught Place,,BILL-OUT001-260323-0060,60,Delivery/Takeaway,,2026-03-23 10:31:00,2026-03-23 10:52:00,Desserts,Classic Chocolate Fudge Brownie,MENU0104,Dessert,Menu Item,196.38,1.0,196.38,0.0,,,196.38,9.82,0,0,0,0,206.2,,,,,
Delhi,ABNAH Cafe Connaught Place,,BILL-OUT001-260323-0061,61,Dine In,T08,2026-03-23 19:36:00,2026-03-23 20:18:00,Desserts,Basque Cheesecake,MENU0109,Dessert,Menu Item,310.0,1.0,310.0,14.13,Bill Discount,Synthetic promotion,295.87,14.79,0,0,0,0,310.66,,,,,
Delhi,ABNAH Cafe Connaught Place,,BILL-OUT001-260323-0062,62,Dine In,T18,2026-03-23 11:18:00,2026-03-23 12:03:00,Baked Goods,Multigrain Walnut Tea Cake,MENU0110,Dessert,Menu Item,225.0,1.0,225.0,5.6,Bill Discount,Synthetic promotion,219.4,10.97,0,0,0,0,230.37,,,,,
Delhi,ABNAH Cafe Connaught Place,,BILL-OUT001-260324-0001,1,Delivery/Takeaway,,2026-03-24 13:38:00,2026-03-24 14:00:00,Coffee Classics,Americano - Regular,MENU0003,Beverage,Menu Item,185.0,3.0,555.0,33.12,Bill Discount,Synthetic promotion,521.88,26.09,0,0,0,0,547.97,,,,,
Delhi,ABNAH Cafe Connaught Place,,BILL-OUT001-260324-0002,2,Delivery/Takeaway,,2026-03-24 14:07:00,2026-03-24 14:41:00,Coffee Classics,Americano - Large,MENU0005,Beverage,Menu Item,235.0,3.0,705.0,17.34,Bill Discount,Synthetic promotion,687.66,34.38,0,0,0,0,722.04,,,,,
Delhi,ABNAH Cafe Connaught Place,,BILL-OUT001-260324-0003,3,Delivery/Takeaway,,2026-03-24 17:58:00,2026-03-24 18:08:00,Coffee Classics,Latte - Regular,MENU0006,Beverage,Menu Item,225.0,2.0,450.0,26.55,Bill Discount,Synthetic promotion,423.45,21.17,0,0,0,0,444.62,,,,,
Delhi,ABNAH Cafe Connaught Place,,BILL-OUT001-260324-0004,4,Delivery/Takeaway,,2026-03-24 17:00:00,2026-03-24 17:21:00,Coffee Classics,Latte - Medium,MENU0007,Beverage,Menu Item,250.0,5.0,1250.0,73.15,Bill Discount,Synthetic promotion,1176.85,58.84,0,0,0,0,1235.69,,,,,
Delhi,ABNAH Cafe Connaught Place,,BILL-OUT001-260324-0005,5,Delivery/Takeaway,,2026-03-24 13:52:00,2026-03-24 14:14:00,Coffee Classics,Latte - Large,MENU0008,Beverage,Menu Item,275.0,3.0,825.0,36.25,Bill Discount,Synthetic promotion,788.75,39.44,0,0,0,0,828.19,,,,,
Delhi,ABNAH Cafe Connaught Place,,BILL-OUT001-260324-0006,6,Delivery/Takeaway,,2026-03-24 10:36:00,2026-03-24 11:21:00,Coffee Classics,Cappuccino - Regular,MENU0009,Beverage,Menu Item,225.75,5.0,1128.75,0.0,,,1128.76,56.44,0,0,0,0,1185.2,,,,,
Delhi,ABNAH Cafe Connaught Place,,BILL-OUT001-260324-0007,7,Delivery/Takeaway,,2026-03-24 13:02:00,2026-03-24 13:38:00,Coffee Classics,Cappuccino - Medium,MENU0010,Beverage,Menu Item,250.0,3.0,750.0,23.31,Bill Discount,Synthetic promotion,726.69,36.33,0,0,0,0,763.02,,,,,
Delhi,ABNAH Cafe Connaught Place,,BILL-OUT001-260324-0008,8,Delivery/Takeaway,,2026-03-24 14:46:00,2026-03-24 15:21:00,Coffee Classics,Flat White - Medium,MENU0013,Beverage,Menu Item,260.0,2.0,520.0,8.37,Bill Discount,Synthetic promotion,511.63,25.58,0,0,0,0,537.21,,,,,
Delhi,ABNAH Cafe Connaught Place,,BILL-OUT001-260324-0009,9,Dine In,T01,2026-03-24 19:09:00,2026-03-24 19:38:00,Coffee Classics,Flat White - Large,MENU0014,Beverage,Menu Item,287.77,2.0,575.54,0.0,,,575.54,28.78,0,0,0,0,604.32,,,,,
Delhi,ABNAH Cafe Connaught Place,,BILL-OUT001-260324-0010,10,Delivery/Takeaway,,2026-03-24 09:08:00,2026-03-24 09:45:00,Coffee Classics,Mocha - Regular,MENU0015,Beverage,Menu Item,245.0,3.0,735.0,35.88,Bill Discount,Synthetic promotion,699.12,34.96,0,0,0,0,734.08,,,,,
Delhi,ABNAH Cafe Connaught Place,,BILL-OUT001-260324-0011,11,Dine In,T08,2026-03-24 11:41:00,2026-03-24 12:28:00,Coffee Classics,Mocha - Medium,MENU0016,Beverage,Menu Item,272.45,1.0,272.45,0.0,,,272.45,13.62,0,0,0,0,286.07,,,,,
Delhi,ABNAH Cafe Connaught Place,,BILL-OUT001-260324-0012,12,Delivery/Takeaway,,2026-03-24 13:41:00,2026-03-24 13:54:00,Coffee Classics,Mocha - Large,MENU0017,Beverage,Menu Item,295.0,2.0,590.0,28.09,Bill Discount,Synthetic promotion,561.91,28.1,0,0,0,0,590.01,,,,,
Delhi,ABNAH Cafe Connaught Place,,BILL-OUT001-260324-0013,13,Dine In,T14,2026-03-24 15:26:00,2026-03-24 15:47:00,Signature Coffee,Sea Salt Mocha - Regular,MENU0018,Beverage,Menu Item,275.0,1.0,275.0,4.67,Bill Discount,Synthetic promotion,270.33,13.52,0,0,0,0,283.85,,,,,
Delhi,ABNAH Cafe Connaught Place,,BILL-OUT001-260324-0014,14,Dine In,T22,2026-03-24 09:32:00,2026-03-24 09:57:00,Signature Coffee,French Vanilla Latte - Medium,MENU0028,Beverage,Menu Item,295.0,3.0,885.0,24.62,Bill Discount,Synthetic promotion,860.38,43.02,0,0,0,0,903.4,,,,,
Delhi,ABNAH Cafe Connaught Place,,BILL-OUT001-260324-0015,15,Delivery/Takeaway,,2026-03-24 13:55:00,2026-03-24 14:03:00,Signature Coffee,Vegan Iced Latte - Regular,MENU0030,Beverage,Menu Item,285.0,4.0,1140.0,56.61,Bill Discount,Synthetic promotion,1083.39,54.17,0,0,0,0,1137.56,,,,,
Delhi,ABNAH Cafe Connaught Place,,BILL-OUT001-260324-0016,16,Delivery/Takeaway,,2026-03-24 16:16:00,2026-03-24 16:57:00,Signature Coffee,Vegan Iced Latte - Medium,MENU0031,Beverage,Menu Item,310.0,1.0,310.0,16.26,Bill Discount,Synthetic promotion,293.74,14.69,0,0,0,0,308.43,,,,,
Delhi,ABNAH Cafe Connaught Place,,BILL-OUT001-260324-0017,17,Dine In,T16,2026-03-24 15:18:00,2026-03-24 15:34:00,Signature Coffee,Vegan Iced Latte - Large,MENU0032,Beverage,Menu Item,335.0,1.0,335.0,10.17,Bill Discount,Synthetic promotion,324.83,16.24,0,0,0,0,341.07,,,,,
Delhi,ABNAH Cafe Connaught Place,,BILL-OUT001-260324-0018,18,Delivery/Takeaway,,2026-03-24 13:38:00,2026-03-24 14:14:00,Cold Brew,Classic Cold Brew - Medium,MENU0034,Beverage,Menu Item,250.0,2.0,500.0,5.33,Bill Discount,Synthetic promotion,494.67,24.73,0,0,0,0,519.4,,,,,
Delhi,ABNAH Cafe Connaught Place,,BILL-OUT001-260324-0019,19,Delivery/Takeaway,,2026-03-24 12:49:00,2026-03-24 13:12:00,Cold Brew,Coffee Lemonade - Regular,MENU0036,Beverage,Menu Item,235.0,1.0,235.0,1.48,Bill Discount,Synthetic promotion,233.52,11.68,0,0,0,0,245.2,,,,,
Delhi,ABNAH Cafe Connaught Place,,BILL-OUT001-260324-0020,20,Delivery/Takeaway,,2026-03-24 14:21:00,2026-03-24 14:52:00,Cold Brew,Coffee Lemonade - Medium,MENU0037,Beverage,Menu Item,262.32,1.0,262.32,0.0,,,262.32,13.12,0,0,0,0,275.44,,,,,
Delhi,ABNAH Cafe Connaught Place,,BILL-OUT001-260324-0021,21,Delivery/Takeaway,,2026-03-24 18:51:00,2026-03-24 19:23:00,Cold Brew,Vietnamese Shakerato - Regular,MENU0039,Beverage,Menu Item,255.0,3.0,765.0,29.79,Bill Discount,Synthetic promotion,735.21,36.76,0,0,0,0,771.97,,,,,
Delhi,ABNAH Cafe Connaught Place,,BILL-OUT001-260324-0022,22,Delivery/Takeaway,,2026-03-24 19:39:00,2026-03-24 20:18:00,Cold Brew,Vietnamese Shakerato - Large,MENU0041,Beverage,Menu Item,305.0,3.0,915.0,40.69,Bill Discount,Synthetic promotion,874.31,43.72,0,0,0,0,918.03,,,,,
Delhi,ABNAH Cafe Connaught Place,,BILL-OUT001-260324-0023,23,Delivery/Takeaway,,2026-03-24 19:41:00,2026-03-24 20:05:00,Cold Coffee,Classic Cold Coffee - Regular,MENU0042,Beverage,Menu Item,255.0,1.0,255.0,1.24,Bill Discount,Synthetic promotion,253.76,12.69,0,0,0,0,266.45,,,,,
Delhi,ABNAH Cafe Connaught Place,,BILL-OUT001-260324-0024,24,Delivery/Takeaway,,2026-03-24 09:48:00,2026-03-24 09:57:00,Cold Coffee,Classic Cold Coffee - Large,MENU0044,Beverage,Menu Item,325.0,2.0,650.0,30.7,Bill Discount,Synthetic promotion,619.3,30.96,0,0,0,0,650.26,,,,,
Delhi,ABNAH Cafe Connaught Place,,BILL-OUT001-260324-0025,25,Dine In,T12,2026-03-24 14:56:00,2026-03-24 15:24:00,Cold Coffee,Mocha Cold Coffee - Medium,MENU0046,Beverage,Menu Item,320.0,2.0,640.0,35.56,Bill Discount,Synthetic promotion,604.44,30.22,0,0,0,0,634.66,,,,,
Delhi,ABNAH Cafe Connaught Place,,BILL-OUT001-260324-0026,26,Dine In,T24,2026-03-24 13:13:00,2026-03-24 13:40:00,Cold Coffee,Caramel Cold Coffee - Regular,MENU0048,Beverage,Menu Item,285.0,1.0,285.0,9.74,Bill Discount,Synthetic promotion,275.26,13.76,0,0,0,0,289.02,,,,,
Delhi,ABNAH Cafe Connaught Place,,BILL-OUT001-260324-0027,27,Delivery/Takeaway,,2026-03-24 14:43:00,2026-03-24 15:08:00,Cold Coffee,Caramel Cold Coffee - Medium,MENU0049,Beverage,Menu Item,320.0,1.0,320.0,8.96,Bill Discount,Synthetic promotion,311.04,15.55,0,0,0,0,326.59,,,,,
Delhi,ABNAH Cafe Connaught Place,,BILL-OUT001-260324-0028,28,Dine In,T13,2026-03-24 09:18:00,2026-03-24 09:36:00,Cold Coffee,Caramel Cold Coffee - Large,MENU0050,Beverage,Menu Item,355.0,2.0,710.0,8.83,Bill Discount,Synthetic promotion,701.17,35.06,0,0,0,0,736.23,,,,,
Delhi,ABNAH Cafe Connaught Place,,BILL-OUT001-260324-0029,29,Dine In,T12,2026-03-24 14:13:00,2026-03-24 14:55:00,Tea,Masala Chai Latte - Regular,MENU0051,Beverage,Menu Item,195.0,1.0,195.0,0.4,Bill Discount,Synthetic promotion,194.6,9.73,0,0,0,0,204.33,,,,,
Delhi,ABNAH Cafe Connaught Place,,BILL-OUT001-260324-0030,30,Delivery/Takeaway,,2026-03-24 10:46:00,2026-03-24 11:18:00,Tea,Masala Chai Latte - Large,MENU0053,Beverage,Menu Item,245.0,1.0,245.0,13.35,Bill Discount,Synthetic promotion,231.65,11.58,0,0,0,0,243.23,,,,,
Delhi,ABNAH Cafe Connaught Place,,BILL-OUT001-260324-0031,31,Delivery/Takeaway,,2026-03-24 10:27:00,2026-03-24 10:35:00,Tea,Himalayan Green Tea,MENU0054,Beverage,Menu Item,210.0,1.0,210.0,6.46,Bill Discount,Synthetic promotion,203.54,10.18,0,0,0,0,213.72,,,,,
Delhi,ABNAH Cafe Connaught Place,,BILL-OUT001-260324-0032,32,Delivery/Takeaway,,2026-03-24 12:37:00,2026-03-24 13:15:00,Tea,Japanese Matcha Latte - Regular,MENU0055,Beverage,Menu Item,265.0,3.0,795.0,14.3,Bill Discount,Synthetic promotion,780.7,39.03,0,0,0,0,819.73,,,,,
Delhi,ABNAH Cafe Connaught Place,,BILL-OUT001-260324-0033,33,Dine In,T20,2026-03-24 10:23:00,2026-03-24 10:43:00,Tea,Japanese Matcha Latte - Medium,MENU0056,Beverage,Menu Item,295.58,2.0,591.16,0.0,,,591.17,29.56,0,0,0,0,620.73,,,,,
Delhi,ABNAH Cafe Connaught Place,,BILL-OUT001-260324-0034,34,Delivery/Takeaway,,2026-03-24 13:26:00,2026-03-24 13:36:00,Iced Tea,Lemon Iced Tea - Regular,MENU0058,Beverage,Menu Item,205.0,1.0,205.0,6.32,Bill Discount,Synthetic promotion,198.68,9.93,0,0,0,0,208.61,,,,,
Delhi,ABNAH Cafe Connaught Place,,BILL-OUT001-260324-0035,35,Delivery/Takeaway,,2026-03-24 11:20:00,2026-03-24 12:03:00,Iced Tea,Lemon Iced Tea - Medium,MENU0059,Beverage,Menu Item,230.0,1.0,230.0,13.66,Bill Discount,Synthetic promotion,216.34,10.82,0,0,0,0,227.16,,,,,
Delhi,ABNAH Cafe Connaught Place,,BILL-OUT001-260324-0036,36,Delivery/Takeaway,,2026-03-24 10:50:00,2026-03-24 11:04:00,Iced Tea,Lemon Iced Tea - Large,MENU0060,Beverage,Menu Item,259.53,1.0,259.53,0.0,,,259.53,12.98,0,0,0,0,272.51,,,,,
Delhi,ABNAH Cafe Connaught Place,,BILL-OUT001-260324-0037,37,Dine In,T22,2026-03-24 09:09:00,2026-03-24 09:42:00,Shake,Choco Chip Shake - Regular,MENU0068,Beverage,Menu Item,295.0,1.0,295.0,6.48,Bill Discount,Synthetic promotion,288.52,14.43,0,0,0,0,302.95,,,,,
Delhi,ABNAH Cafe Connaught Place,,BILL-OUT001-260324-0038,38,Delivery/Takeaway,,2026-03-24 19:41:00,2026-03-24 20:00:00,Shake,Mixed Berry Shake - Regular,MENU0071,Beverage,Menu Item,315.0,1.0,315.0,17.5,Bill Discount,Synthetic promotion,297.5,14.88,0,0,0,0,312.38,,,,,
Delhi,ABNAH Cafe Connaught Place,,BILL-OUT001-260324-0039,39,Dine In,T08,2026-03-24 12:33:00,2026-03-24 13:15:00,Sandwiches,Pepper Chicken Sandwich,MENU0081,Food,Menu Item,315.0,2.0,630.0,31.53,Bill Discount,Synthetic promotion,598.47,29.92,0,0,0,0,628.39,,,,,
Delhi,ABNAH Cafe Connaught Place,,BILL-OUT001-260324-0040,40,Dine In,T03,2026-03-24 18:19:00,2026-03-24 18:33:00,Sandwiches,Tandoori Chicken Sandwich,MENU0082,Food,Menu Item,320.0,1.0,320.0,16.57,Bill Discount,Synthetic promotion,303.43,15.17,0,0,0,0,318.6,,,,,
Delhi,ABNAH Cafe Connaught Place,,BILL-OUT001-260324-0041,41,Delivery/Takeaway,,2026-03-24 11:35:00,2026-03-24 11:52:00,Toasts,Chilli Cheese Garlic Toast,MENU0083,Food,Menu Item,235.0,2.0,470.0,12.27,Bill Discount,Synthetic promotion,457.73,22.89,0,0,0,0,480.62,,,,,
Delhi,ABNAH Cafe Connaught Place,,BILL-OUT001-260324-0042,42,Dine In,T22,2026-03-24 11:55:00,2026-03-24 12:09:00,Breakfast,Breakfast Pancakes,MENU0086,Food,Menu Item,287.97,1.0,287.97,0.0,,,287.97,14.4,0,0,0,0,302.37,,,,,
Delhi,ABNAH Cafe Connaught Place,,BILL-OUT001-260324-0043,43,Delivery/Takeaway,,2026-03-24 11:57:00,2026-03-24 12:16:00,Breakfast,Cream Cheese Bagel,MENU0087,Food,Menu Item,250.0,3.0,750.0,1.85,Bill Discount,Synthetic promotion,748.15,37.41,0,0,0,0,785.56,,,,,
Delhi,ABNAH Cafe Connaught Place,,BILL-OUT001-260324-0044,44,Delivery/Takeaway,,2026-03-24 10:26:00,2026-03-24 11:03:00,Breakfast,Scallion Pepper Cream Cheese Bagel,MENU0088,Food,Menu Item,265.0,1.0,265.0,6.64,Bill Discount,Synthetic promotion,258.36,12.92,0,0,0,0,271.28,,,,,
Delhi,ABNAH Cafe Connaught Place,,BILL-OUT001-260324-0045,45,Delivery/Takeaway,,2026-03-24 16:41:00,2026-03-24 17:03:00,Breakfast,Masala Egg Bun,MENU0089,Food,Menu Item,225.0,1.0,225.0,0.77,Bill Discount,Synthetic promotion,224.23,11.21,0,0,0,0,235.44,,,,,
Delhi,ABNAH Cafe Connaught Place,,BILL-OUT001-260324-0046,46,Delivery/Takeaway,,2026-03-24 17:02:00,2026-03-24 17:45:00,Snacks,Turnover with Brioche Dough Chicken,MENU0092,Food,Menu Item,255.0,1.0,255.0,6.88,Bill Discount,Synthetic promotion,248.12,12.41,0,0,0,0,260.53,,,,,
Delhi,ABNAH Cafe Connaught Place,,BILL-OUT001-260324-0047,47,Delivery/Takeaway,,2026-03-24 09:28:00,2026-03-24 09:38:00,Snacks,Turnover with Brioche Dough Veg,MENU0093,Food,Menu Item,235.0,1.0,235.0,0.15,Bill Discount,Synthetic promotion,234.85,11.74,0,0,0,0,246.59,,,,,
Delhi,ABNAH Cafe Connaught Place,,BILL-OUT001-260324-0048,48,Dine In,T21,2026-03-24 10:51:00,2026-03-24 11:32:00,Baked Goods,Almond Croissant,MENU0095,Food,Menu Item,245.0,1.0,245.0,14.33,Bill Discount,Synthetic promotion,230.67,11.53,0,0,0,0,242.2,,,,,
Delhi,ABNAH Cafe Connaught Place,,BILL-OUT001-260324-0049,49,Delivery/Takeaway,,2026-03-24 08:08:00,2026-03-24 08:29:00,Baked Goods,Mushroom Cheese Croissant,MENU0097,Food,Menu Item,255.0,1.0,255.0,4.7,Bill Discount,Synthetic promotion,250.3,12.52,0,0,0,0,262.82,,,,,
Delhi,ABNAH Cafe Connaught Place,,BILL-OUT001-260324-0050,50,Delivery/Takeaway,,2026-03-24 19:35:00,2026-03-24 20:17:00,Baked Goods,Sriracha Chicken Croissant,MENU0098,Food,Menu Item,279.16,1.0,279.16,0.0,,,279.16,13.96,0,0,0,0,293.12,,,,,
Delhi,ABNAH Cafe Connaught Place,,BILL-OUT001-260324-0051,51,Delivery/Takeaway,,2026-03-24 10:14:00,2026-03-24 10:57:00,Baked Goods,Banana Walnut Tea Cake,MENU0100,Dessert,Menu Item,207.02,1.0,207.02,0.0,,,207.02,10.35,0,0,0,0,217.37,,,,,
Delhi,ABNAH Cafe Connaught Place,,BILL-OUT001-260324-0052,52,Delivery/Takeaway,,2026-03-24 10:46:00,2026-03-24 11:17:00,Baked Goods,Lemon Raspberry Tea Cake,MENU0101,Dessert,Menu Item,215.0,2.0,430.0,14.37,Bill Discount,Synthetic promotion,415.63,20.78,0,0,0,0,436.41,,,,,
Delhi,ABNAH Cafe Connaught Place,,BILL-OUT001-260324-0053,53,Delivery/Takeaway,,2026-03-24 13:55:00,2026-03-24 14:15:00,Desserts,Double Chocolate Truffle Cake,MENU0102,Dessert,Menu Item,295.0,1.0,295.0,2.93,Bill Discount,Synthetic promotion,292.07,14.6,0,0,0,0,306.67,,,,,
Delhi,ABNAH Cafe Connaught Place,,BILL-OUT001-260324-0054,54,Dine In,T05,2026-03-24 16:26:00,2026-03-24 17:01:00,Desserts,Banoffee Pie,MENU0103,Dessert,Menu Item,288.61,1.0,288.61,0.0,,,288.61,14.43,0,0,0,0,303.04,,,,,
Delhi,ABNAH Cafe Connaught Place,,BILL-OUT001-260324-0055,55,Delivery/Takeaway,,2026-03-24 16:41:00,2026-03-24 17:30:00,Desserts,Classic Chocolate Fudge Brownie,MENU0104,Dessert,Menu Item,195.0,1.0,195.0,5.43,Bill Discount,Synthetic promotion,189.57,9.48,0,0,0,0,199.05,,,,,
Delhi,ABNAH Cafe Connaught Place,,BILL-OUT001-260324-0056,56,Delivery/Takeaway,,2026-03-24 14:06:00,2026-03-24 14:27:00,Desserts,Soft-Centred Caramel Cookie,MENU0105,Dessert,Menu Item,180.0,1.0,180.0,9.07,Bill Discount,Synthetic promotion,170.93,8.55,0,0,0,0,179.48,,,,,
Delhi,ABNAH Cafe Connaught Place,,BILL-OUT001-260324-0057,57,Dine In,T01,2026-03-24 08:37:00,2026-03-24 09:24:00,Desserts,Jaggery Parmesan Cookie,MENU0107,Dessert,Menu Item,170.0,1.0,170.0,9.41,Bill Discount,Synthetic promotion,160.59,8.03,0,0,0,0,168.62,,,,,
Delhi,ABNAH Cafe Connaught Place,,BILL-OUT001-260324-0058,58,Delivery/Takeaway,,2026-03-24 16:06:00,2026-03-24 16:45:00,Desserts,Basque Cheesecake,MENU0109,Dessert,Menu Item,310.0,1.0,310.0,17.5,Bill Discount,Synthetic promotion,292.5,14.62,0,0,0,0,307.12,,,,,
Delhi,ABNAH Cafe Connaught Place,,BILL-OUT001-260325-0001,1,Delivery/Takeaway,,2026-03-25 12:32:00,2026-03-25 12:43:00,Coffee Classics,Americano - Regular,MENU0003,Beverage,Menu Item,186.49,2.0,372.98,0.0,,,372.98,18.65,0,0,0,0,391.63,,,,,
Delhi,ABNAH Cafe Connaught Place,,BILL-OUT001-260325-0002,2,Delivery/Takeaway,,2026-03-25 10:34:00,2026-03-25 11:18:00,Coffee Classics,Americano - Medium,MENU0004,Beverage,Menu Item,210.0,4.0,840.0,39.99,Bill Discount,Synthetic promotion,800.01,40.0,0,0,0,0,840.01,,,,,
Delhi,ABNAH Cafe Connaught Place,,BILL-OUT001-260325-0003,3,Delivery/Takeaway,,2026-03-25 17:12:00,2026-03-25 17:36:00,Coffee Classics,Latte - Regular,MENU0006,Beverage,Menu Item,225.0,5.0,1125.0,52.05,Bill Discount,Synthetic promotion,1072.95,53.65,0,0,0,0,1126.6,,,,,
Delhi,ABNAH Cafe Connaught Place,,BILL-OUT001-260325-0004,4,Delivery/Takeaway,,2026-03-25 09:25:00,2026-03-25 09:46:00,Coffee Classics,Latte - Medium,MENU0007,Beverage,Menu Item,250.0,2.0,500.0,11.88,Bill Discount,Synthetic promotion,488.12,24.41,0,0,0,0,512.53,,,,,
Delhi,ABNAH Cafe Connaught Place,,BILL-OUT001-260325-0005,5,Delivery/Takeaway,,2026-03-25 08:08:00,2026-03-25 08:54:00,Coffee Classics,Latte - Large,MENU0008,Beverage,Menu Item,275.0,3.0,825.0,39.02,Bill Discount,Synthetic promotion,785.98,39.3,0,0,0,0,825.28,,,,,
Delhi,ABNAH Cafe Connaught Place,,BILL-OUT001-260325-0006,6,Delivery/Takeaway,,2026-03-25 16:39:00,2026-03-25 17:07:00,Coffee Classics,Cappuccino - Regular,MENU0009,Beverage,Menu Item,225.0,7.0,1575.0,24.01,Bill Discount,Synthetic promotion,1550.99,77.55,0,0,0,0,1628.54,,,,,
Delhi,ABNAH Cafe Connaught Place,,BILL-OUT001-260325-0007,7,Delivery/Takeaway,,2026-03-25 12:55:00,2026-03-25 13:13:00,Coffee Classics,Cappuccino - Medium,MENU0010,Beverage,Menu Item,250.0,1.0,250.0,6.25,Bill Discount,Synthetic promotion,243.75,12.19,0,0,0,0,255.94,,,,,
Delhi,ABNAH Cafe Connaught Place,,BILL-OUT001-260325-0008,8,Dine In,T05,2026-03-25 15:17:00,2026-03-25 16:01:00,Coffee Classics,Cappuccino - Large,MENU0011,Beverage,Menu Item,275.0,2.0,550.0,17.78,Bill Discount,Synthetic promotion,532.22,26.61,0,0,0,0,558.83,,,,,
Delhi,ABNAH Cafe Connaught Place,,BILL-OUT001-260325-0009,9,Delivery/Takeaway,,2026-03-25 17:01:00,2026-03-25 17:40:00,Coffee Classics,Flat White - Regular,MENU0012,Beverage,Menu Item,235.0,1.0,235.0,5.05,Bill Discount,Synthetic promotion,229.95,11.5,0,0,0,0,241.45,,,,,
Delhi,ABNAH Cafe Connaught Place,,BILL-OUT001-260325-0010,10,Delivery/Takeaway,,2026-03-25 16:53:00,2026-03-25 17:02:00,Coffee Classics,Flat White - Large,MENU0014,Beverage,Menu Item,290.39,1.0,290.39,0.0,,,290.39,14.52,0,0,0,0,304.91,,,,,
Delhi,ABNAH Cafe Connaught Place,,BILL-OUT001-260325-0011,11,Dine In,T07,2026-03-25 16:59:00,2026-03-25 17:10:00,Coffee Classics,Mocha - Regular,MENU0015,Beverage,Menu Item,249.38,4.0,997.52,0.0,,,997.54,49.88,0,0,0,0,1047.42,,,,,
Delhi,ABNAH Cafe Connaught Place,,BILL-OUT001-260325-0012,12,Delivery/Takeaway,,2026-03-25 10:23:00,2026-03-25 11:05:00,Coffee Classics,Mocha - Medium,MENU0016,Beverage,Menu Item,270.0,1.0,270.0,0.79,Bill Discount,Synthetic promotion,269.21,13.46,0,0,0,0,282.67,,,,,
Delhi,ABNAH Cafe Connaught Place,,BILL-OUT001-260325-0013,13,Dine In,T09,2026-03-25 11:03:00,2026-03-25 11:37:00,Signature Coffee,Sea Salt Mocha - Regular,MENU0018,Beverage,Menu Item,275.0,2.0,550.0,14.25,Bill Discount,Synthetic promotion,535.75,26.79,0,0,0,0,562.54,,,,,
Delhi,ABNAH Cafe Connaught Place,,BILL-OUT001-260325-0014,14,Delivery/Takeaway,,2026-03-25 08:14:00,2026-03-25 08:58:00,Signature Coffee,Orange Zest Mocha - Regular,MENU0021,Beverage,Menu Item,270.0,1.0,270.0,9.64,Bill Discount,Synthetic promotion,260.36,13.02,0,0,0,0,273.38,,,,,
Delhi,ABNAH Cafe Connaught Place,,BILL-OUT001-260325-0015,15,Delivery/Takeaway,,2026-03-25 16:37:00,2026-03-25 16:58:00,Signature Coffee,Caramel Macchiato - Large,MENU0026,Beverage,Menu Item,325.0,1.0,325.0,16.75,Bill Discount,Synthetic promotion,308.25,15.41,0,0,0,0,323.66,,,,,
Delhi,ABNAH Cafe Connaught Place,,BILL-OUT001-260325-0016,16,Delivery/Takeaway,,2026-03-25 11:11:00,2026-03-25 11:41:00,Signature Coffee,French Vanilla Latte - Regular,MENU0027,Beverage,Menu Item,269.21,1.0,269.21,0.0,,,269.21,13.46,0,0,0,0,282.67,,,,,
Delhi,ABNAH Cafe Connaught Place,,BILL-OUT001-260325-0017,17,Dine In,T09,2026-03-25 19:27:00,2026-03-25 19:43:00,Signature Coffee,French Vanilla Latte - Large,MENU0029,Beverage,Menu Item,325.0,2.0,650.0,29.21,Bill Discount,Synthetic promotion,620.79,31.04,0,0,0,0,651.83,,,,,
Delhi,ABNAH Cafe Connaught Place,,BILL-OUT001-260325-0018,18,Delivery/Takeaway,,2026-03-25 15:38:00,2026-03-25 16:08:00,Signature Coffee,Vegan Iced Latte - Regular,MENU0030,Beverage,Menu Item,285.0,1.0,285.0,15.12,Bill Discount,Synthetic promotion,269.88,13.49,0,0,0,0,283.37,,,,,
Delhi,ABNAH Cafe Connaught Place,,BILL-OUT001-260325-0019,19,Delivery/Takeaway,,2026-03-25 13:07:00,2026-03-25 13:38:00,Signature Coffee,Vegan Iced Latte - Medium,MENU0031,Beverage,Menu Item,313.29,1.0,313.29,0.0,,,313.29,15.66,0,0,0,0,328.95,,,,,
Delhi,ABNAH Cafe Connaught Place,,BILL-OUT001-260325-0020,20,Delivery/Takeaway,,2026-03-25 11:05:00,2026-03-25 11:32:00,Signature Coffee,Vegan Iced Latte - Large,MENU0032,Beverage,Menu Item,338.5,1.0,338.5,0.0,,,338.5,16.93,0,0,0,0,355.43,,,,,
Delhi,ABNAH Cafe Connaught Place,,BILL-OUT001-260325-0021,21,Delivery/Takeaway,,2026-03-25 17:13:00,2026-03-25 17:44:00,Cold Brew,Classic Cold Brew - Medium,MENU0034,Beverage,Menu Item,250.0,1.0,250.0,8.35,Bill Discount,Synthetic promotion,241.65,12.08,0,0,0,0,253.73,,,,,
Delhi,ABNAH Cafe Connaught Place,,BILL-OUT001-260325-0022,22,Delivery/Takeaway,,2026-03-25 13:01:00,2026-03-25 13:37:00,Cold Brew,Classic Cold Brew - Large,MENU0035,Beverage,Menu Item,279.36,1.0,279.36,0.0,,,279.36,13.97,0,0,0,0,293.33,,,,,
Delhi,ABNAH Cafe Connaught Place,,BILL-OUT001-260325-0023,23,Delivery/Takeaway,,2026-03-25 13:34:00,2026-03-25 13:42:00,Cold Brew,Coffee Lemonade - Large,MENU0038,Beverage,Menu Item,285.0,2.0,570.0,28.77,Bill Discount,Synthetic promotion,541.23,27.06,0,0,0,0,568.29,,,,,
Delhi,ABNAH Cafe Connaught Place,,BILL-OUT001-260325-0024,24,Dine In,T12,2026-03-25 14:58:00,2026-03-25 15:24:00,Cold Brew,Vietnamese Shakerato - Regular,MENU0039,Beverage,Menu Item,256.24,1.0,256.24,0.0,,,256.24,12.81,0,0,0,0,269.05,,,,,
Delhi,ABNAH Cafe Connaught Place,,BILL-OUT001-260325-0025,25,Dine In,T07,2026-03-25 13:46:00,2026-03-25 14:03:00,Cold Brew,Vietnamese Shakerato - Large,MENU0041,Beverage,Menu Item,305.0,1.0,305.0,5.55,Bill Discount,Synthetic promotion,299.45,14.97,0,0,0,0,314.42,,,,,
Delhi,ABNAH Cafe Connaught Place,,BILL-OUT001-260325-0026,26,Dine In,T14,2026-03-25 08:40:00,2026-03-25 09:07:00,Cold Coffee,Classic Cold Coffee - Regular,MENU0042,Beverage,Menu Item,258.62,2.0,517.24,0.0,,,517.24,25.86,0,0,0,0,543.1,,,,,
Delhi,ABNAH Cafe Connaught Place,,BILL-OUT001-260325-0027,27,Delivery/Takeaway,,2026-03-25 08:17:00,2026-03-25 08:34:00,Cold Coffee,Caramel Cold Coffee - Medium,MENU0049,Beverage,Menu Item,320.0,1.0,320.0,5.92,Bill Discount,Synthetic promotion,314.08,15.7,0,0,0,0,329.78,,,,,
Delhi,ABNAH Cafe Connaught Place,,BILL-OUT001-260325-0028,28,Delivery/Takeaway,,2026-03-25 19:56:00,2026-03-25 20:18:00,Cold Coffee,Caramel Cold Coffee - Large,MENU0050,Beverage,Menu Item,355.0,1.0,355.0,20.09,Bill Discount,Synthetic promotion,334.91,16.75,0,0,0,0,351.66,,,,,
Delhi,ABNAH Cafe Connaught Place,,BILL-OUT001-260325-0029,29,Delivery/Takeaway,,2026-03-25 09:47:00,2026-03-25 10:31:00,Tea,Masala Chai Latte - Regular,MENU0051,Beverage,Menu Item,195.0,3.0,585.0,11.55,Bill Discount,Synthetic promotion,573.45,28.67,0,0,0,0,602.12,,,,,
Delhi,ABNAH Cafe Connaught Place,,BILL-OUT001-260325-0030,30,Delivery/Takeaway,,2026-03-25 09:08:00,2026-03-25 09:23:00,Tea,Masala Chai Latte - Large,MENU0053,Beverage,Menu Item,247.84,1.0,247.84,0.0,,,247.84,12.39,0,0,0,0,260.23,,,,,
Delhi,ABNAH Cafe Connaught Place,,BILL-OUT001-260325-0031,31,Delivery/Takeaway,,2026-03-25 13:40:00,2026-03-25 14:18:00,Tea,Japanese Matcha Latte - Large,MENU0057,Beverage,Menu Item,325.0,1.0,325.0,6.08,Bill Discount,Synthetic promotion,318.92,15.95,0,0,0,0,334.87,,,,,
Delhi,ABNAH Cafe Connaught Place,,BILL-OUT001-260325-0032,32,Delivery/Takeaway,,2026-03-25 15:40:00,2026-03-25 15:58:00,Iced Tea,Hibiscus Lime Iced Tea - Regular,MENU0061,Beverage,Menu Item,227.32,1.0,227.32,0.0,,,227.32,11.37,0,0,0,0,238.69,,,,,
Delhi,ABNAH Cafe Connaught Place,,BILL-OUT001-260325-0033,33,Dine In,T23,2026-03-25 11:35:00,2026-03-25 11:52:00,Iced Tea,Hibiscus Lime Iced Tea - Large,MENU0063,Beverage,Menu Item,275.0,1.0,275.0,0.28,Bill Discount,Synthetic promotion,274.72,13.74,0,0,0,0,288.46,,,,,
Delhi,ABNAH Cafe Connaught Place,,BILL-OUT001-260325-0034,34,Delivery/Takeaway,,2026-03-25 13:53:00,2026-03-25 14:13:00,Shake,Choco Chip Shake - Medium,MENU0069,Beverage,Menu Item,334.57,1.0,334.57,0.0,,,334.57,16.73,0,0,0,0,351.3,,,,,
Delhi,ABNAH Cafe Connaught Place,,BILL-OUT001-260325-0035,35,Delivery/Takeaway,,2026-03-25 10:18:00,2026-03-25 11:04:00,Shake,Mixed Berry Shake - Regular,MENU0071,Beverage,Menu Item,315.0,1.0,315.0,9.66,Bill Discount,Synthetic promotion,305.34,15.27,0,0,0,0,320.61,,,,,
Delhi,ABNAH Cafe Connaught Place,,BILL-OUT001-260325-0036,36,Delivery/Takeaway,,2026-03-25 08:17:00,2026-03-25 09:01:00,Smoothie,Seasonal Smoothie - Medium,MENU0075,Beverage,Menu Item,340.0,1.0,340.0,7.99,Bill Discount,Synthetic promotion,332.01,16.6,0,0,0,0,348.61,,,,,
Delhi,ABNAH Cafe Connaught Place,,BILL-OUT001-260325-0037,37,Dine In,T03,2026-03-25 11:02:00,2026-03-25 11:28:00,Smoothie,Seasonal Smoothie - Large,MENU0076,Beverage,Menu Item,375.0,2.0,750.0,38.07,Bill Discount,Synthetic promotion,711.93,35.6,0,0,0,0,747.53,,,,,
Delhi,ABNAH Cafe Connaught Place,,BILL-OUT001-260325-0038,38,Delivery/Takeaway,,2026-03-25 15:28:00,2026-03-25 15:46:00,Wraps,Shredded Chicken Wrap,MENU0078,Food,Menu Item,295.0,2.0,590.0,29.52,Bill Discount,Synthetic promotion,560.48,28.02,0,0,0,0,588.5,,,,,
Delhi,ABNAH Cafe Connaught Place,,BILL-OUT001-260325-0039,39,Dine In,T19,2026-03-25 14:32:00,2026-03-25 15:17:00,Sandwiches,Smoked Chipotle Paneer Sandwich,MENU0079,Food,Menu Item,295.0,1.0,295.0,17.18,Bill Discount,Synthetic promotion,277.82,13.89,0,0,0,0,291.71,,,,,
Delhi,ABNAH Cafe Connaught Place,,BILL-OUT001-260325-0040,40,Delivery/Takeaway,,2026-03-25 17:48:00,2026-03-25 18:02:00,Sandwiches,Pepper Chicken Sandwich,MENU0081,Food,Menu Item,315.0,1.0,315.0,18.04,Bill Discount,Synthetic promotion,296.96,14.85,0,0,0,0,311.81,,,,,
Delhi,ABNAH Cafe Connaught Place,,BILL-OUT001-260325-0041,41,Delivery/Takeaway,,2026-03-25 19:40:00,2026-03-25 20:29:00,Sandwiches,Tandoori Chicken Sandwich,MENU0082,Food,Menu Item,321.59,1.0,321.59,0.0,,,321.59,16.08,0,0,0,0,337.67,,,,,
Delhi,ABNAH Cafe Connaught Place,,BILL-OUT001-260325-0042,42,Delivery/Takeaway,,2026-03-25 17:19:00,2026-03-25 17:36:00,Toasts,Chilli Cheese Garlic Toast,MENU0083,Food,Menu Item,235.0,1.0,235.0,11.84,Bill Discount,Synthetic promotion,223.16,11.16,0,0,0,0,234.32,,,,,
Delhi,ABNAH Cafe Connaught Place,,BILL-OUT001-260325-0043,43,Delivery/Takeaway,,2026-03-25 19:44:00,2026-03-25 20:23:00,Breakfast,Cream Cheese Bagel,MENU0087,Food,Menu Item,250.0,2.0,500.0,18.91,Bill Discount,Synthetic promotion,481.09,24.05,0,0,0,0,505.14,,,,,
Delhi,ABNAH Cafe Connaught Place,,BILL-OUT001-260325-0044,44,Delivery/Takeaway,,2026-03-25 19:44:00,2026-03-25 20:00:00,Breakfast,Masala Egg Bun,MENU0089,Food,Menu Item,225.0,2.0,450.0,16.35,Bill Discount,Synthetic promotion,433.65,21.68,0,0,0,0,455.33,,,,,
Delhi,ABNAH Cafe Connaught Place,,BILL-OUT001-260325-0045,45,Dine In,T15,2026-03-25 11:11:00,2026-03-25 11:20:00,Baked Goods,Butter Croissant,MENU0094,Food,Menu Item,195.0,2.0,390.0,8.44,Bill Discount,Synthetic promotion,381.56,19.08,0,0,0,0,400.64,,,,,
Delhi,ABNAH Cafe Connaught Place,,BILL-OUT001-260325-0046,46,Delivery/Takeaway,,2026-03-25 12:10:00,2026-03-25 12:33:00,Baked Goods,Mushroom Cheese Croissant,MENU0097,Food,Menu Item,255.62,1.0,255.62,0.0,,,255.62,12.78,0,0,0,0,268.4,,,,,
Delhi,ABNAH Cafe Connaught Place,,BILL-OUT001-260325-0047,47,Dine In,T07,2026-03-25 18:56:00,2026-03-25 19:14:00,Desserts,Jaggery Parmesan Cookie,MENU0107,Dessert,Menu Item,170.0,3.0,510.0,6.93,Bill Discount,Synthetic promotion,503.07,25.15,0,0,0,0,528.22,,,,,
Delhi,ABNAH Cafe Connaught Place,,BILL-OUT001-260326-0001,1,Dine In,T03,2026-03-26 08:50:00,2026-03-26 09:19:00,Coffee Classics,Americano - Regular,MENU0003,Beverage,Menu Item,188.3,5.0,941.5,0.02,Bill Discount,Synthetic promotion,941.48,47.07,0,0,0,0,988.55,,,,,
Delhi,ABNAH Cafe Connaught Place,,BILL-OUT001-260326-0002,2,Delivery/Takeaway,,2026-03-26 11:21:00,2026-03-26 11:58:00,Coffee Classics,Americano - Medium,MENU0004,Beverage,Menu Item,210.0,3.0,630.0,36.21,Bill Discount,Synthetic promotion,593.79,29.69,0,0,0,0,623.48,,,,,
Delhi,ABNAH Cafe Connaught Place,,BILL-OUT001-260326-0003,3,Dine In,T08,2026-03-26 12:30:00,2026-03-26 13:19:00,Coffee Classics,Americano - Large,MENU0005,Beverage,Menu Item,235.0,2.0,470.0,20.18,Bill Discount,Synthetic promotion,449.82,22.49,0,0,0,0,472.31,,,,,
Delhi,ABNAH Cafe Connaught Place,,BILL-OUT001-260326-0004,4,Delivery/Takeaway,,2026-03-26 13:59:00,2026-03-26 14:25:00,Coffee Classics,Latte - Regular,MENU0006,Beverage,Menu Item,225.0,2.0,450.0,20.55,Bill Discount,Synthetic promotion,429.45,21.47,0,0,0,0,450.92,,,,,
Delhi,ABNAH Cafe Connaught Place,,BILL-OUT001-260326-0005,5,Delivery/Takeaway,,2026-03-26 14:42:00,2026-03-26 15:15:00,Coffee Classics,Latte - Medium,MENU0007,Beverage,Menu Item,250.0,3.0,750.0,44.71,Bill Discount,Synthetic promotion,705.29,35.26,0,0,0,0,740.55,,,,,
Delhi,ABNAH Cafe Connaught Place,,BILL-OUT001-260326-0006,6,Dine In,T19,2026-03-26 19:16:00,2026-03-26 19:57:00,Coffee Classics,Cappuccino - Regular,MENU0009,Beverage,Menu Item,225.0,3.0,675.0,34.86,Bill Discount,Synthetic promotion,640.14,32.01,0,0,0,0,672.15,,,,,
Delhi,ABNAH Cafe Connaught Place,,BILL-OUT001-260326-0007,7,Delivery/Takeaway,,2026-03-26 10:14:00,2026-03-26 10:45:00,Coffee Classics,Cappuccino - Large,MENU0011,Beverage,Menu Item,275.0,1.0,275.0,5.52,Bill Discount,Synthetic promotion,269.48,13.47,0,0,0,0,282.95,,,,,
Delhi,ABNAH Cafe Connaught Place,,BILL-OUT001-260326-0008,8,Delivery/Takeaway,,2026-03-26 18:19:00,2026-03-26 18:33:00,Coffee Classics,Flat White - Regular,MENU0012,Beverage,Menu Item,239.15,6.0,1434.9,0.0,,,1434.92,71.75,0,0,0,0,1506.67,,,,,
Delhi,ABNAH Cafe Connaught Place,,BILL-OUT001-260326-0009,9,Delivery/Takeaway,,2026-03-26 16:40:00,2026-03-26 17:06:00,Coffee Classics,Flat White - Large,MENU0014,Beverage,Menu Item,285.0,2.0,570.0,27.84,Bill Discount,Synthetic promotion,542.16,27.11,0,0,0,0,569.27,,,,,
Delhi,ABNAH Cafe Connaught Place,,BILL-OUT001-260326-0010,10,Dine In,T16,2026-03-26 15:01:00,2026-03-26 15:46:00,Coffee Classics,Mocha - Regular,MENU0015,Beverage,Menu Item,245.0,1.0,245.0,5.91,Bill Discount,Synthetic promotion,239.09,11.95,0,0,0,0,251.04,,,,,
Delhi,ABNAH Cafe Connaught Place,,BILL-OUT001-260326-0011,11,Dine In,T12,2026-03-26 15:26:00,2026-03-26 15:54:00,Coffee Classics,Mocha - Medium,MENU0016,Beverage,Menu Item,270.0,2.0,540.0,8.86,Bill Discount,Synthetic promotion,531.14,26.56,0,0,0,0,557.7,,,,,
Delhi,ABNAH Cafe Connaught Place,,BILL-OUT001-260326-0012,12,Dine In,T18,2026-03-26 19:58:00,2026-03-26 20:18:00,Signature Coffee,Sea Salt Mocha - Regular,MENU0018,Beverage,Menu Item,275.0,1.0,275.0,14.38,Bill Discount,Synthetic promotion,260.62,13.03,0,0,0,0,273.65,,,,,
Delhi,ABNAH Cafe Connaught Place,,BILL-OUT001-260326-0013,13,Delivery/Takeaway,,2026-03-26 13:39:00,2026-03-26 14:23:00,Signature Coffee,Orange Zest Mocha - Regular,MENU0021,Beverage,Menu Item,270.0,3.0,810.0,14.12,Bill Discount,Synthetic promotion,795.88,39.79,0,0,0,0,835.67,,,,,
Delhi,ABNAH Cafe Connaught Place,,BILL-OUT001-260326-0014,14,Delivery/Takeaway,,2026-03-26 08:24:00,2026-03-26 08:41:00,Signature Coffee,Orange Zest Mocha - Medium,MENU0022,Beverage,Menu Item,300.0,3.0,900.0,6.93,Bill Discount,Synthetic promotion,893.07,44.65,0,0,0,0,937.72,,,,,
Delhi,ABNAH Cafe Connaught Place,,BILL-OUT001-260326-0015,15,Dine In,T08,2026-03-26 11:09:00,2026-03-26 11:49:00,Signature Coffee,Orange Zest Mocha - Large,MENU0023,Beverage,Menu Item,330.0,1.0,330.0,18.64,Bill Discount,Synthetic promotion,311.36,15.57,0,0,0,0,326.93,,,,,
Delhi,ABNAH Cafe Connaught Place,,BILL-OUT001-260326-0016,16,Dine In,T05,2026-03-26 17:53:00,2026-03-26 18:35:00,Signature Coffee,Caramel Macchiato - Medium,MENU0025,Beverage,Menu Item,295.67,1.0,295.67,0.0,,,295.67,14.78,0,0,0,0,310.45,,,,,
Delhi,ABNAH Cafe Connaught Place,,BILL-OUT001-260326-0017,17,Dine In,T01,2026-03-26 10:43:00,2026-03-26 11:13:00,Signature Coffee,Caramel Macchiato - Large,MENU0026,Beverage,Menu Item,325.0,3.0,975.0,30.05,Bill Discount,Synthetic promotion,944.95,47.25,0,0,0,0,992.2,,,,,
Delhi,ABNAH Cafe Connaught Place,,BILL-OUT001-260326-0018,18,Dine In,T23,2026-03-26 19:58:00,2026-03-26 20:36:00,Signature Coffee,French Vanilla Latte - Regular,MENU0027,Beverage,Menu Item,265.0,3.0,795.0,23.47,Bill Discount,Synthetic promotion,771.53,38.58,0,0,0,0,810.11,,,,,
Delhi,ABNAH Cafe Connaught Place,,BILL-OUT001-260326-0019,19,Dine In,T03,2026-03-26 16:36:00,2026-03-26 17:04:00,Signature Coffee,French Vanilla Latte - Medium,MENU0028,Beverage,Menu Item,295.0,2.0,590.0,11.1,Bill Discount,Synthetic promotion,578.9,28.95,0,0,0,0,607.85,,,,,
Delhi,ABNAH Cafe Connaught Place,,BILL-OUT001-260326-0020,20,Delivery/Takeaway,,2026-03-26 19:17:00,2026-03-26 19:49:00,Signature Coffee,French Vanilla Latte - Large,MENU0029,Beverage,Menu Item,328.77,2.0,657.54,0.0,,,657.55,32.88,0,0,0,0,690.43,,,,,
Delhi,ABNAH Cafe Connaught Place,,BILL-OUT001-260326-0021,21,Delivery/Takeaway,,2026-03-26 08:44:00,2026-03-26 09:27:00,Signature Coffee,Vegan Iced Latte - Regular,MENU0030,Beverage,Menu Item,285.0,2.0,570.0,30.33,Bill Discount,Synthetic promotion,539.67,26.98,0,0,0,0,566.65,,,,,
Delhi,ABNAH Cafe Connaught Place,,BILL-OUT001-260326-0022,22,Dine In,T10,2026-03-26 13:56:00,2026-03-26 14:19:00,Signature Coffee,Vegan Iced Latte - Medium,MENU0031,Beverage,Menu Item,310.0,2.0,620.0,0.94,Bill Discount,Synthetic promotion,619.06,30.95,0,0,0,0,650.01,,,,,
Delhi,ABNAH Cafe Connaught Place,,BILL-OUT001-260326-0023,23,Delivery/Takeaway,,2026-03-26 08:01:00,2026-03-26 08:10:00,Cold Brew,Classic Cold Brew - Regular,MENU0033,Beverage,Menu Item,225.0,1.0,225.0,10.58,Bill Discount,Synthetic promotion,214.42,10.72,0,0,0,0,225.14,,,,,
Delhi,ABNAH Cafe Connaught Place,,BILL-OUT001-260326-0024,24,Delivery/Takeaway,,2026-03-26 11:25:00,2026-03-26 11:33:00,Cold Brew,Classic Cold Brew - Medium,MENU0034,Beverage,Menu Item,250.0,2.0,500.0,21.79,Bill Discount,Synthetic promotion,478.21,23.91,0,0,0,0,502.12,,,,,
Delhi,ABNAH Cafe Connaught Place,,BILL-OUT001-260326-0025,25,Delivery/Takeaway,,2026-03-26 11:55:00,2026-03-26 12:40:00,Cold Brew,Coffee Lemonade - Medium,MENU0037,Beverage,Menu Item,260.0,1.0,260.0,9.25,Bill Discount,Synthetic promotion,250.75,12.54,0,0,0,0,263.29,,,,,
Delhi,ABNAH Cafe Connaught Place,,BILL-OUT001-260326-0026,26,Dine In,T14,2026-03-26 09:52:00,2026-03-26 10:05:00,Cold Brew,Vietnamese Shakerato - Regular,MENU0039,Beverage,Menu Item,255.0,1.0,255.0,9.2,Bill Discount,Synthetic promotion,245.8,12.29,0,0,0,0,258.09,,,,,
Delhi,ABNAH Cafe Connaught Place,,BILL-OUT001-260326-0027,27,Delivery/Takeaway,,2026-03-26 18:02:00,2026-03-26 18:45:00,Cold Brew,Vietnamese Shakerato - Large,MENU0041,Beverage,Menu Item,305.0,1.0,305.0,16.17,Bill Discount,Synthetic promotion,288.83,14.44,0,0,0,0,303.27,,,,,
Delhi,ABNAH Cafe Connaught Place,,BILL-OUT001-260326-0028,28,Delivery/Takeaway,,2026-03-26 13:31:00,2026-03-26 14:04:00,Cold Coffee,Classic Cold Coffee - Regular,MENU0042,Beverage,Menu Item,255.0,1.0,255.0,10.42,Bill Discount,Synthetic promotion,244.58,12.23,0,0,0,0,256.81,,,,,
Delhi,ABNAH Cafe Connaught Place,,BILL-OUT001-260326-0029,29,Dine In,T02,2026-03-26 11:40:00,2026-03-26 12:19:00,Cold Coffee,Classic Cold Coffee - Medium,MENU0043,Beverage,Menu Item,295.58,1.0,295.58,0.0,,,295.58,14.78,0,0,0,0,310.36,,,,,
Delhi,ABNAH Cafe Connaught Place,,BILL-OUT001-260326-0030,30,Delivery/Takeaway,,2026-03-26 17:03:00,2026-03-26 17:44:00,Cold Coffee,Classic Cold Coffee - Large,MENU0044,Beverage,Menu Item,329.02,1.0,329.02,0.0,,,329.02,16.45,0,0,0,0,345.47,,,,,
Delhi,ABNAH Cafe Connaught Place,,BILL-OUT001-260326-0031,31,Delivery/Takeaway,,2026-03-26 10:43:00,2026-03-26 11:22:00,Cold Coffee,Mocha Cold Coffee - Regular,MENU0045,Beverage,Menu Item,285.0,2.0,570.0,0.81,Bill Discount,Synthetic promotion,569.19,28.46,0,0,0,0,597.65,,,,,
Delhi,ABNAH Cafe Connaught Place,,BILL-OUT001-260326-0032,32,Dine In,T21,2026-03-26 10:35:00,2026-03-26 11:21:00,Cold Coffee,Mocha Cold Coffee - Large,MENU0047,Beverage,Menu Item,357.98,1.0,357.98,0.0,,,357.98,17.9,0,0,0,0,375.88,,,,,
Delhi,ABNAH Cafe Connaught Place,,BILL-OUT001-260326-0033,33,Delivery/Takeaway,,2026-03-26 13:49:00,2026-03-26 14:27:00,Cold Coffee,Caramel Cold Coffee - Regular,MENU0048,Beverage,Menu Item,285.0,2.0,570.0,29.0,Bill Discount,Synthetic promotion,541.0,27.05,0,0,0,0,568.05,,,,,
Delhi,ABNAH Cafe Connaught Place,,BILL-OUT001-260326-0034,34,Delivery/Takeaway,,2026-03-26 09:43:00,2026-03-26 10:08:00,Tea,Masala Chai Latte - Medium,MENU0052,Beverage,Menu Item,220.0,1.0,220.0,9.77,Bill Discount,Synthetic promotion,210.23,10.51,0,0,0,0,220.74,,,,,
Delhi,ABNAH Cafe Connaught Place,,BILL-OUT001-260326-0035,35,Delivery/Takeaway,,2026-03-26 19:35:00,2026-03-26 19:46:00,Shake,Choco Chip Shake - Regular,MENU0068,Beverage,Menu Item,295.0,1.0,295.0,3.19,Bill Discount,Synthetic promotion,291.81,14.59,0,0,0,0,306.4,,,,,
Delhi,ABNAH Cafe Connaught Place,,BILL-OUT001-260326-0036,36,Dine In,T23,2026-03-26 17:51:00,2026-03-26 18:30:00,Smoothie,Seasonal Smoothie - Large,MENU0076,Beverage,Menu Item,375.0,1.0,375.0,19.7,Bill Discount,Synthetic promotion,355.3,17.77,0,0,0,0,373.07,,,,,
Delhi,ABNAH Cafe Connaught Place,,BILL-OUT001-260326-0037,37,Dine In,T05,2026-03-26 11:16:00,2026-03-26 11:31:00,Wraps,Shredded Chicken Wrap,MENU0078,Food,Menu Item,298.48,1.0,298.48,0.0,,,298.48,14.92,0,0,0,0,313.4,,,,,
Delhi,ABNAH Cafe Connaught Place,,BILL-OUT001-260326-0038,38,Delivery/Takeaway,,2026-03-26 17:42:00,2026-03-26 18:30:00,Sandwiches,Pepper Chicken Sandwich,MENU0081,Food,Menu Item,316.14,4.0,1264.56,0.01,Bill Discount,Synthetic promotion,1264.55,63.23,0,0,0,0,1327.78,,,,,
Delhi,ABNAH Cafe Connaught Place,,BILL-OUT001-260326-0039,39,Delivery/Takeaway,,2026-03-26 18:42:00,2026-03-26 19:07:00,Sandwiches,Tandoori Chicken Sandwich,MENU0082,Food,Menu Item,320.0,3.0,960.0,19.77,Bill Discount,Synthetic promotion,940.23,47.01,0,0,0,0,987.24,,,,,
Delhi,ABNAH Cafe Connaught Place,,BILL-OUT001-260326-0040,40,Dine In,T19,2026-03-26 09:04:00,2026-03-26 09:15:00,Breakfast,Breakfast Pancakes,MENU0086,Food,Menu Item,285.0,2.0,570.0,8.27,Bill Discount,Synthetic promotion,561.73,28.09,0,0,0,0,589.82,,,,,
Delhi,ABNAH Cafe Connaught Place,,BILL-OUT001-260326-0041,41,Delivery/Takeaway,,2026-03-26 08:49:00,2026-03-26 09:28:00,Breakfast,Cream Cheese Bagel,MENU0087,Food,Menu Item,250.0,2.0,500.0,3.75,Bill Discount,Synthetic promotion,496.25,24.81,0,0,0,0,521.06,,,,,
Delhi,ABNAH Cafe Connaught Place,,BILL-OUT001-260326-0042,42,Delivery/Takeaway,,2026-03-26 13:23:00,2026-03-26 14:06:00,Breakfast,Scallion Pepper Cream Cheese Bagel,MENU0088,Food,Menu Item,265.56,2.0,531.12,0.01,Bill Discount,Synthetic promotion,531.11,26.56,0,0,0,0,557.67,,,,,
Delhi,ABNAH Cafe Connaught Place,,BILL-OUT001-260326-0043,43,Dine In,T17,2026-03-26 08:58:00,2026-03-26 09:30:00,Breakfast,Masala Egg Bun,MENU0089,Food,Menu Item,225.0,1.0,225.0,2.18,Bill Discount,Synthetic promotion,222.82,11.14,0,0,0,0,233.96,,,,,
Delhi,ABNAH Cafe Connaught Place,,BILL-OUT001-260326-0044,44,Delivery/Takeaway,,2026-03-26 11:55:00,2026-03-26 12:28:00,Snacks,Pesto Sundried Tomato Pin Wheel,MENU0091,Food,Menu Item,226.65,1.0,226.65,0.0,,,226.65,11.33,0,0,0,0,237.98,,,,,
Delhi,ABNAH Cafe Connaught Place,,BILL-OUT001-260326-0045,45,Dine In,T09,2026-03-26 08:58:00,2026-03-26 09:32:00,Snacks,Turnover with Brioche Dough Chicken,MENU0092,Food,Menu Item,255.81,2.0,511.62,0.0,,,511.63,25.58,0,0,0,0,537.21,,,,,
Delhi,ABNAH Cafe Connaught Place,,BILL-OUT001-260326-0046,46,Delivery/Takeaway,,2026-03-26 15:09:00,2026-03-26 15:29:00,Baked Goods,Almond Croissant,MENU0095,Food,Menu Item,245.51,1.0,245.51,0.0,,,245.51,12.28,0,0,0,0,257.79,,,,,
Delhi,ABNAH Cafe Connaught Place,,BILL-OUT001-260326-0047,47,Delivery/Takeaway,,2026-03-26 12:41:00,2026-03-26 13:09:00,Baked Goods,Chocolate Croissant,MENU0096,Food,Menu Item,235.0,1.0,235.0,12.29,Bill Discount,Synthetic promotion,222.71,11.14,0,0,0,0,233.85,,,,,
Delhi,ABNAH Cafe Connaught Place,,BILL-OUT001-260326-0048,48,Dine In,T21,2026-03-26 13:33:00,2026-03-26 14:01:00,Baked Goods,Mushroom Cheese Croissant,MENU0097,Food,Menu Item,255.0,2.0,510.0,28.32,Bill Discount,Synthetic promotion,481.68,24.08,0,0,0,0,505.76,,,,,
Delhi,ABNAH Cafe Connaught Place,,BILL-OUT001-260326-0049,49,Dine In,T12,2026-03-26 18:12:00,2026-03-26 18:25:00,Baked Goods,Cinnamon Roll with Cream Cheese,MENU0099,Dessert,Menu Item,220.0,1.0,220.0,6.0,Bill Discount,Synthetic promotion,214.0,10.7,0,0,0,0,224.7,,,,,
Delhi,ABNAH Cafe Connaught Place,,BILL-OUT001-260326-0050,50,Delivery/Takeaway,,2026-03-26 14:31:00,2026-03-26 14:55:00,Desserts,Death by Chocolate Cookie,MENU0106,Dessert,Menu Item,190.0,1.0,190.0,5.32,Bill Discount,Synthetic promotion,184.68,9.23,0,0,0,0,193.91,,,,,
Delhi,ABNAH Cafe Connaught Place,,BILL-OUT001-260326-0051,51,Delivery/Takeaway,,2026-03-26 14:48:00,2026-03-26 14:59:00,Desserts,Basque Cheesecake,MENU0109,Dessert,Menu Item,310.0,1.0,310.0,16.36,Bill Discount,Synthetic promotion,293.64,14.68,0,0,0,0,308.32,,,,,
Delhi,ABNAH Cafe Connaught Place,,BILL-OUT001-260326-0052,52,Delivery/Takeaway,,2026-03-26 15:42:00,2026-03-26 16:07:00,Baked Goods,Multigrain Walnut Tea Cake,MENU0110,Dessert,Menu Item,228.26,1.0,228.26,0.0,,,228.26,11.41,0,0,0,0,239.67,,,,,
Delhi,ABNAH Cafe Connaught Place,,BILL-OUT001-260327-0001,1,Delivery/Takeaway,,2026-03-27 09:44:00,2026-03-27 10:30:00,Espresso,Espresso Shot - Doppio,MENU0002,Beverage,Menu Item,187.3,1.0,187.3,0.0,,,187.3,9.37,0,0,0,0,196.67,,,,,
Delhi,ABNAH Cafe Connaught Place,,BILL-OUT001-260327-0002,2,Delivery/Takeaway,,2026-03-27 09:43:00,2026-03-27 10:08:00,Coffee Classics,Americano - Regular,MENU0003,Beverage,Menu Item,187.66,6.0,1125.96,0.0,,,1125.99,56.3,0,0,0,0,1182.29,,,,,
Delhi,ABNAH Cafe Connaught Place,,BILL-OUT001-260327-0003,3,Delivery/Takeaway,,2026-03-27 13:25:00,2026-03-27 13:59:00,Coffee Classics,Americano - Medium,MENU0004,Beverage,Menu Item,212.4,3.0,637.2,0.0,,,637.2,31.86,0,0,0,0,669.06,,,,,
Delhi,ABNAH Cafe Connaught Place,,BILL-OUT001-260327-0004,4,Delivery/Takeaway,,2026-03-27 08:23:00,2026-03-27 09:01:00,Coffee Classics,Americano - Large,MENU0005,Beverage,Menu Item,239.55,3.0,718.65,0.01,Bill Discount,Synthetic promotion,718.64,35.93,0,0,0,0,754.57,,,,,
Delhi,ABNAH Cafe Connaught Place,,BILL-OUT001-260327-0005,5,Dine In,T20,2026-03-27 09:57:00,2026-03-27 10:24:00,Coffee Classics,Latte - Regular,MENU0006,Beverage,Menu Item,225.0,4.0,900.0,28.66,Bill Discount,Synthetic promotion,871.34,43.57,0,0,0,0,914.91,,,,,
Delhi,ABNAH Cafe Connaught Place,,BILL-OUT001-260327-0006,6,Delivery/Takeaway,,2026-03-27 12:25:00,2026-03-27 13:08:00,Coffee Classics,Latte - Medium,MENU0007,Beverage,Menu Item,250.53,1.0,250.53,0.0,,,250.53,12.53,0,0,0,0,263.06,,,,,
Delhi,ABNAH Cafe Connaught Place,,BILL-OUT001-260327-0007,7,Dine In,T15,2026-03-27 16:00:00,2026-03-27 16:25:00,Coffee Classics,Latte - Large,MENU0008,Beverage,Menu Item,275.0,2.0,550.0,4.09,Bill Discount,Synthetic promotion,545.91,27.3,0,0,0,0,573.21,,,,,
Delhi,ABNAH Cafe Connaught Place,,BILL-OUT001-260327-0008,8,Delivery/Takeaway,,2026-03-27 17:45:00,2026-03-27 18:32:00,Coffee Classics,Cappuccino - Regular,MENU0009,Beverage,Menu Item,225.0,4.0,900.0,4.14,Bill Discount,Synthetic promotion,895.86,44.79,0,0,0,0,940.65,,,,,
Delhi,ABNAH Cafe Connaught Place,,BILL-OUT001-260327-0009,9,Delivery/Takeaway,,2026-03-27 13:12:00,2026-03-27 13:32:00,Coffee Classics,Cappuccino - Medium,MENU0010,Beverage,Menu Item,250.0,2.0,500.0,10.94,Bill Discount,Synthetic promotion,489.06,24.45,0,0,0,0,513.51,,,,,
Delhi,ABNAH Cafe Connaught Place,,BILL-OUT001-260327-0010,10,Dine In,T02,2026-03-27 09:57:00,2026-03-27 10:17:00,Coffee Classics,Flat White - Regular,MENU0012,Beverage,Menu Item,235.0,1.0,235.0,13.24,Bill Discount,Synthetic promotion,221.76,11.09,0,0,0,0,232.85,,,,,
Delhi,ABNAH Cafe Connaught Place,,BILL-OUT001-260327-0011,11,Delivery/Takeaway,,2026-03-27 10:53:00,2026-03-27 11:39:00,Coffee Classics,Flat White - Medium,MENU0013,Beverage,Menu Item,260.0,2.0,520.0,7.44,Bill Discount,Synthetic promotion,512.56,25.63,0,0,0,0,538.19,,,,,
Delhi,ABNAH Cafe Connaught Place,,BILL-OUT001-260327-0012,12,Dine In,T02,2026-03-27 16:59:00,2026-03-27 17:22:00,Coffee Classics,Flat White - Large,MENU0014,Beverage,Menu Item,285.0,2.0,570.0,22.23,Bill Discount,Synthetic promotion,547.77,27.39,0,0,0,0,575.16,,,,,
Delhi,ABNAH Cafe Connaught Place,,BILL-OUT001-260327-0013,13,Dine In,T20,2026-03-27 14:16:00,2026-03-27 14:24:00,Coffee Classics,Mocha - Regular,MENU0015,Beverage,Menu Item,246.21,4.0,984.84,0.0,,,984.85,49.24,0,0,0,0,1034.09,,,,,
Delhi,ABNAH Cafe Connaught Place,,BILL-OUT001-260327-0014,14,Delivery/Takeaway,,2026-03-27 16:44:00,2026-03-27 17:00:00,Coffee Classics,Mocha - Medium,MENU0016,Beverage,Menu Item,270.0,1.0,270.0,16.18,Bill Discount,Synthetic promotion,253.82,12.69,0,0,0,0,266.51,,,,,
Delhi,ABNAH Cafe Connaught Place,,BILL-OUT001-260327-0015,15,Delivery/Takeaway,,2026-03-27 12:28:00,2026-03-27 12:57:00,Coffee Classics,Mocha - Large,MENU0017,Beverage,Menu Item,295.0,1.0,295.0,10.03,Bill Discount,Synthetic promotion,284.97,14.25,0,0,0,0,299.22,,,,,
Delhi,ABNAH Cafe Connaught Place,,BILL-OUT001-260327-0016,16,Delivery/Takeaway,,2026-03-27 08:55:00,2026-03-27 09:35:00,Signature Coffee,Sea Salt Mocha - Regular,MENU0018,Beverage,Menu Item,275.0,3.0,825.0,37.31,Bill Discount,Synthetic promotion,787.69,39.38,0,0,0,0,827.07,,,,,
Delhi,ABNAH Cafe Connaught Place,,BILL-OUT001-260327-0017,17,Delivery/Takeaway,,2026-03-27 10:58:00,2026-03-27 11:39:00,Signature Coffee,Sea Salt Mocha - Medium,MENU0019,Beverage,Menu Item,305.0,2.0,610.0,21.27,Bill Discount,Synthetic promotion,588.73,29.44,0,0,0,0,618.17,,,,,
Delhi,ABNAH Cafe Connaught Place,,BILL-OUT001-260327-0018,18,Dine In,T06,2026-03-27 15:34:00,2026-03-27 16:05:00,Signature Coffee,Orange Zest Mocha - Regular,MENU0021,Beverage,Menu Item,270.0,1.0,270.0,7.24,Bill Discount,Synthetic promotion,262.76,13.14,0,0,0,0,275.9,,,,,
Delhi,ABNAH Cafe Connaught Place,,BILL-OUT001-260327-0019,19,Delivery/Takeaway,,2026-03-27 17:14:00,2026-03-27 17:51:00,Signature Coffee,Orange Zest Mocha - Large,MENU0023,Beverage,Menu Item,330.0,2.0,660.0,12.55,Bill Discount,Synthetic promotion,647.45,32.37,0,0,0,0,679.82,,,,,
Delhi,ABNAH Cafe Connaught Place,,BILL-OUT001-260327-0020,20,Delivery/Takeaway,,2026-03-27 08:32:00,2026-03-27 09:10:00,Signature Coffee,Caramel Macchiato - Regular,MENU0024,Beverage,Menu Item,265.0,1.0,265.0,11.17,Bill Discount,Synthetic promotion,253.83,12.69,0,0,0,0,266.52,,,,,
Delhi,ABNAH Cafe Connaught Place,,BILL-OUT001-260327-0021,21,Dine In,T20,2026-03-27 09:21:00,2026-03-27 09:58:00,Signature Coffee,Caramel Macchiato - Medium,MENU0025,Beverage,Menu Item,295.0,1.0,295.0,16.27,Bill Discount,Synthetic promotion,278.73,13.94,0,0,0,0,292.67,,,,,
Delhi,ABNAH Cafe Connaught Place,,BILL-OUT001-260327-0022,22,Dine In,T19,2026-03-27 18:27:00,2026-03-27 18:55:00,Signature Coffee,Caramel Macchiato - Large,MENU0026,Beverage,Menu Item,325.0,1.0,325.0,10.0,Bill Discount,Synthetic promotion,315.0,15.75,0,0,0,0,330.75,,,,,
Delhi,ABNAH Cafe Connaught Place,,BILL-OUT001-260327-0023,23,Delivery/Takeaway,,2026-03-27 10:01:00,2026-03-27 10:13:00,Signature Coffee,French Vanilla Latte - Regular,MENU0027,Beverage,Menu Item,265.0,3.0,795.0,25.62,Bill Discount,Synthetic promotion,769.38,38.47,0,0,0,0,807.85,,,,,
Delhi,ABNAH Cafe Connaught Place,,BILL-OUT001-260327-0024,24,Delivery/Takeaway,,2026-03-27 11:22:00,2026-03-27 11:38:00,Signature Coffee,French Vanilla Latte - Large,MENU0029,Beverage,Menu Item,325.0,2.0,650.0,34.51,Bill Discount,Synthetic promotion,615.49,30.77,0,0,0,0,646.26,,,,,
Delhi,ABNAH Cafe Connaught Place,,BILL-OUT001-260327-0025,25,Delivery/Takeaway,,2026-03-27 12:23:00,2026-03-27 13:11:00,Signature Coffee,Vegan Iced Latte - Regular,MENU0030,Beverage,Menu Item,285.0,1.0,285.0,5.26,Bill Discount,Synthetic promotion,279.74,13.99,0,0,0,0,293.73,,,,,
Delhi,ABNAH Cafe Connaught Place,,BILL-OUT001-260327-0026,26,Delivery/Takeaway,,2026-03-27 13:35:00,2026-03-27 13:52:00,Signature Coffee,Vegan Iced Latte - Medium,MENU0031,Beverage,Menu Item,311.42,4.0,1245.68,0.02,Bill Discount,Synthetic promotion,1245.66,62.28,0,0,0,0,1307.94,,,,,
Delhi,ABNAH Cafe Connaught Place,,BILL-OUT001-260327-0027,27,Delivery/Takeaway,,2026-03-27 14:07:00,2026-03-27 14:41:00,Signature Coffee,Vegan Iced Latte - Large,MENU0032,Beverage,Menu Item,335.0,1.0,335.0,0.24,Bill Discount,Synthetic promotion,334.76,16.74,0,0,0,0,351.5,,,,,
Delhi,ABNAH Cafe Connaught Place,,BILL-OUT001-260327-0028,28,Delivery/Takeaway,,2026-03-27 10:29:00,2026-03-27 10:50:00,Cold Brew,Classic Cold Brew - Regular,MENU0033,Beverage,Menu Item,225.0,2.0,450.0,3.77,Bill Discount,Synthetic promotion,446.23,22.31,0,0,0,0,468.54,,,,,
Delhi,ABNAH Cafe Connaught Place,,BILL-OUT001-260327-0029,29,Delivery/Takeaway,,2026-03-27 17:10:00,2026-03-27 17:47:00,Cold Brew,Coffee Lemonade - Regular,MENU0036,Beverage,Menu Item,235.0,2.0,470.0,4.2,Bill Discount,Synthetic promotion,465.8,23.29,0,0,0,0,489.09,,,,,
Delhi,ABNAH Cafe Connaught Place,,BILL-OUT001-260327-0030,30,Delivery/Takeaway,,2026-03-27 11:37:00,2026-03-27 11:47:00,Cold Brew,Vietnamese Shakerato - Regular,MENU0039,Beverage,Menu Item,255.0,4.0,1020.0,29.83,Bill Discount,Synthetic promotion,990.17,49.51,0,0,0,0,1039.68,,,,,
Delhi,ABNAH Cafe Connaught Place,,BILL-OUT001-260327-0031,31,Dine In,T23,2026-03-27 18:44:00,2026-03-27 19:02:00,Cold Brew,Vietnamese Shakerato - Medium,MENU0040,Beverage,Menu Item,280.0,1.0,280.0,16.79,Bill Discount,Synthetic promotion,263.21,13.16,0,0,0,0,276.37,,,,,
Delhi,ABNAH Cafe Connaught Place,,BILL-OUT001-260327-0032,32,Delivery/Takeaway,,2026-03-27 13:52:00,2026-03-27 14:29:00,Cold Coffee,Classic Cold Coffee - Regular,MENU0042,Beverage,Menu Item,255.0,1.0,255.0,12.94,Bill Discount,Synthetic promotion,242.06,12.1,0,0,0,0,254.16,,,,,
Delhi,ABNAH Cafe Connaught Place,,BILL-OUT001-260327-0033,33,Dine In,T19,2026-03-27 13:34:00,2026-03-27 13:44:00,Cold Coffee,Classic Cold Coffee - Medium,MENU0043,Beverage,Menu Item,293.87,1.0,293.87,0.0,,,293.87,14.69,0,0,0,0,308.56,,,,,
Delhi,ABNAH Cafe Connaught Place,,BILL-OUT001-260327-0034,34,Delivery/Takeaway,,2026-03-27 19:07:00,2026-03-27 19:26:00,Cold Coffee,Mocha Cold Coffee - Regular,MENU0045,Beverage,Menu Item,285.95,1.0,285.95,0.0,,,285.95,14.3,0,0,0,0,300.25,,,,,
Delhi,ABNAH Cafe Connaught Place,,BILL-OUT001-260327-0035,35,Delivery/Takeaway,,2026-03-27 14:32:00,2026-03-27 15:09:00,Cold Coffee,Caramel Cold Coffee - Regular,MENU0048,Beverage,Menu Item,285.0,1.0,285.0,8.33,Bill Discount,Synthetic promotion,276.67,13.83,0,0,0,0,290.5,,,,,
Delhi,ABNAH Cafe Connaught Place,,BILL-OUT001-260327-0036,36,Delivery/Takeaway,,2026-03-27 08:11:00,2026-03-27 08:30:00,Tea,Masala Chai Latte - Regular,MENU0051,Beverage,Menu Item,195.0,1.0,195.0,11.43,Bill Discount,Synthetic promotion,183.57,9.18,0,0,0,0,192.75,,,,,
Delhi,ABNAH Cafe Connaught Place,,BILL-OUT001-260327-0037,37,Dine In,T16,2026-03-27 16:12:00,2026-03-27 16:44:00,Tea,Masala Chai Latte - Medium,MENU0052,Beverage,Menu Item,220.0,1.0,220.0,11.46,Bill Discount,Synthetic promotion,208.54,10.43,0,0,0,0,218.97,,,,,
Delhi,ABNAH Cafe Connaught Place,,BILL-OUT001-260327-0038,38,Delivery/Takeaway,,2026-03-27 13:00:00,2026-03-27 13:40:00,Tea,Masala Chai Latte - Large,MENU0053,Beverage,Menu Item,246.17,1.0,246.17,0.0,,,246.17,12.31,0,0,0,0,258.48,,,,,
Delhi,ABNAH Cafe Connaught Place,,BILL-OUT001-260327-0039,39,Delivery/Takeaway,,2026-03-27 12:06:00,2026-03-27 12:50:00,Tea,Himalayan Green Tea,MENU0054,Beverage,Menu Item,210.0,1.0,210.0,12.27,Bill Discount,Synthetic promotion,197.73,9.89,0,0,0,0,207.62,,,,,
Delhi,ABNAH Cafe Connaught Place,,BILL-OUT001-260327-0040,40,Delivery/Takeaway,,2026-03-27 09:04:00,2026-03-27 09:20:00,Tea,Japanese Matcha Latte - Regular,MENU0055,Beverage,Menu Item,265.0,5.0,1325.0,70.22,Bill Discount,Synthetic promotion,1254.78,62.74,0,0,0,0,1317.52,,,,,
Delhi,ABNAH Cafe Connaught Place,,BILL-OUT001-260327-0041,41,Dine In,T11,2026-03-27 10:13:00,2026-03-27 10:47:00,Tea,Japanese Matcha Latte - Medium,MENU0056,Beverage,Menu Item,295.0,1.0,295.0,10.69,Bill Discount,Synthetic promotion,284.31,14.22,0,0,0,0,298.53,,,,,
Delhi,ABNAH Cafe Connaught Place,,BILL-OUT001-260327-0042,42,Delivery/Takeaway,,2026-03-27 15:46:00,2026-03-27 16:14:00,Iced Tea,Hibiscus Lime Iced Tea - Regular,MENU0061,Beverage,Menu Item,225.0,1.0,225.0,0.68,Bill Discount,Synthetic promotion,224.32,11.22,0,0,0,0,235.54,,,,,
Delhi,ABNAH Cafe Connaught Place,,BILL-OUT001-260327-0043,43,Delivery/Takeaway,,2026-03-27 16:45:00,2026-03-27 17:02:00,Iced Tea,Hibiscus Lime Iced Tea - Medium,MENU0062,Beverage,Menu Item,250.0,2.0,500.0,3.09,Bill Discount,Synthetic promotion,496.91,24.85,0,0,0,0,521.76,,,,,
Delhi,ABNAH Cafe Connaught Place,,BILL-OUT001-260327-0044,44,Delivery/Takeaway,,2026-03-27 08:06:00,2026-03-27 08:24:00,Kids Beverage,Hot Chocolate - Medium,MENU0065,Beverage,Menu Item,245.0,2.0,490.0,14.52,Bill Discount,Synthetic promotion,475.48,23.77,0,0,0,0,499.25,,,,,
Delhi,ABNAH Cafe Connaught Place,,BILL-OUT001-260327-0045,45,Delivery/Takeaway,,2026-03-27 11:05:00,2026-03-27 11:38:00,Kids Beverage,Babyccino - Regular,MENU0067,Beverage,Menu Item,165.0,1.0,165.0,8.5,Bill Discount,Synthetic promotion,156.5,7.83,0,0,0,0,164.33,,,,,
Delhi,ABNAH Cafe Connaught Place,,BILL-OUT001-260327-0046,46,Dine In,T07,2026-03-27 17:15:00,2026-03-27 17:41:00,Shake,Choco Chip Shake - Regular,MENU0068,Beverage,Menu Item,295.0,1.0,295.0,11.79,Bill Discount,Synthetic promotion,283.21,14.16,0,0,0,0,297.37,,,,,
Delhi,ABNAH Cafe Connaught Place,,BILL-OUT001-260327-0047,47,Dine In,T12,2026-03-27 13:54:00,2026-03-27 14:31:00,Shake,Mixed Berry Shake - Regular,MENU0071,Beverage,Menu Item,315.0,2.0,630.0,22.52,Bill Discount,Synthetic promotion,607.48,30.37,0,0,0,0,637.85,,,,,
Delhi,ABNAH Cafe Connaught Place,,BILL-OUT001-260327-0048,48,Delivery/Takeaway,,2026-03-27 15:02:00,2026-03-27 15:30:00,Shake,Mixed Berry Shake - Large,MENU0073,Beverage,Menu Item,385.0,1.0,385.0,13.71,Bill Discount,Synthetic promotion,371.29,18.56,0,0,0,0,389.85,,,,,
Delhi,ABNAH Cafe Connaught Place,,BILL-OUT001-260327-0049,49,Delivery/Takeaway,,2026-03-27 17:12:00,2026-03-27 17:56:00,Sandwiches,Smoked Chipotle Paneer Sandwich,MENU0079,Food,Menu Item,299.74,1.0,299.74,0.0,,,299.74,14.99,0,0,0,0,314.73,,,,,
Delhi,ABNAH Cafe Connaught Place,,BILL-OUT001-260327-0050,50,Dine In,T08,2026-03-27 15:40:00,2026-03-27 16:14:00,Sandwiches,Pesto Veg Sandwich,MENU0080,Food,Menu Item,281.25,4.0,1125.0,0.0,,,1125.02,56.25,0,0,0,0,1181.27,,,,,
Delhi,ABNAH Cafe Connaught Place,,BILL-OUT001-260327-0051,51,Dine In,T07,2026-03-27 13:45:00,2026-03-27 14:28:00,Sandwiches,Tandoori Chicken Sandwich,MENU0082,Food,Menu Item,320.0,1.0,320.0,16.54,Bill Discount,Synthetic promotion,303.46,15.17,0,0,0,0,318.63,,,,,
Delhi,ABNAH Cafe Connaught Place,,BILL-OUT001-260327-0052,52,Delivery/Takeaway,,2026-03-27 16:40:00,2026-03-27 17:15:00,Toasts,Chicken Pepperoni Avocado Toast,MENU0084,Food,Menu Item,330.0,1.0,330.0,16.67,Bill Discount,Synthetic promotion,313.33,15.67,0,0,0,0,329.0,,,,,
Delhi,ABNAH Cafe Connaught Place,,BILL-OUT001-260327-0053,53,Delivery/Takeaway,,2026-03-27 12:17:00,2026-03-27 12:38:00,Breakfast,Breakfast Pancakes,MENU0086,Food,Menu Item,287.32,1.0,287.32,0.0,,,287.32,14.37,0,0,0,0,301.69,,,,,
Delhi,ABNAH Cafe Connaught Place,,BILL-OUT001-260327-0054,54,Delivery/Takeaway,,2026-03-27 14:20:00,2026-03-27 14:49:00,Breakfast,Scallion Pepper Cream Cheese Bagel,MENU0088,Food,Menu Item,265.0,2.0,530.0,1.89,Bill Discount,Synthetic promotion,528.11,26.41,0,0,0,0,554.52,,,,,
Delhi,ABNAH Cafe Connaught Place,,BILL-OUT001-260327-0055,55,Dine In,T19,2026-03-27 08:59:00,2026-03-27 09:46:00,Baked Goods,Butter Croissant,MENU0094,Food,Menu Item,198.59,1.0,198.59,0.0,,,198.59,9.93,0,0,0,0,208.52,,,,,
Delhi,ABNAH Cafe Connaught Place,,BILL-OUT001-260327-0056,56,Delivery/Takeaway,,2026-03-27 18:12:00,2026-03-27 18:38:00,Baked Goods,Almond Croissant,MENU0095,Food,Menu Item,245.0,2.0,490.0,13.67,Bill Discount,Synthetic promotion,476.33,23.82,0,0,0,0,500.15,,,,,
Delhi,ABNAH Cafe Connaught Place,,BILL-OUT001-260327-0057,57,Dine In,T16,2026-03-27 19:46:00,2026-03-27 20:26:00,Baked Goods,Mushroom Cheese Croissant,MENU0097,Food,Menu Item,255.0,1.0,255.0,11.97,Bill Discount,Synthetic promotion,243.03,12.15,0,0,0,0,255.18,,,,,
Delhi,ABNAH Cafe Connaught Place,,BILL-OUT001-260327-0058,58,Delivery/Takeaway,,2026-03-27 13:51:00,2026-03-27 14:27:00,Baked Goods,Sriracha Chicken Croissant,MENU0098,Food,Menu Item,275.0,1.0,275.0,10.8,Bill Discount,Synthetic promotion,264.2,13.21,0,0,0,0,277.41,,,,,
Delhi,ABNAH Cafe Connaught Place,,BILL-OUT001-260327-0059,59,Delivery/Takeaway,,2026-03-27 19:33:00,2026-03-27 19:48:00,Desserts,Classic Chocolate Fudge Brownie,MENU0104,Dessert,Menu Item,195.0,4.0,780.0,44.73,Bill Discount,Synthetic promotion,735.27,36.76,0,0,0,0,772.03,,,,,
Delhi,ABNAH Cafe Connaught Place,,BILL-OUT001-260327-0060,60,Dine In,T18,2026-03-27 15:36:00,2026-03-27 15:47:00,Desserts,Soft-Centred Caramel Cookie,MENU0105,Dessert,Menu Item,180.0,1.0,180.0,10.61,Bill Discount,Synthetic promotion,169.39,8.47,0,0,0,0,177.86,,,,,
Delhi,ABNAH Cafe Connaught Place,,BILL-OUT001-260327-0061,61,Dine In,T15,2026-03-27 11:58:00,2026-03-27 12:33:00,Desserts,Apple Pie,MENU0108,Dessert,Menu Item,270.0,1.0,270.0,9.25,Bill Discount,Synthetic promotion,260.75,13.04,0,0,0,0,273.79,,,,,
Delhi,ABNAH Cafe Connaught Place,,BILL-OUT001-260328-0001,1,Delivery/Takeaway,,2026-03-28 14:01:00,2026-03-28 14:46:00,Coffee Classics,Americano - Regular,MENU0003,Beverage,Menu Item,186.3,3.0,558.9,0.01,Bill Discount,Synthetic promotion,558.89,27.94,0,0,0,0,586.83,,,,,
Delhi,ABNAH Cafe Connaught Place,,BILL-OUT001-260328-0002,2,Dine In,T22,2026-03-28 17:44:00,2026-03-28 18:21:00,Coffee Classics,Latte - Regular,MENU0006,Beverage,Menu Item,225.0,5.0,1125.0,26.82,Bill Discount,Synthetic promotion,1098.18,54.91,0,0,0,0,1153.09,,,,,
Delhi,ABNAH Cafe Connaught Place,,BILL-OUT001-260328-0003,3,Delivery/Takeaway,,2026-03-28 16:28:00,2026-03-28 16:52:00,Coffee Classics,Latte - Medium,MENU0007,Beverage,Menu Item,254.74,1.0,254.74,0.0,,,254.74,12.74,0,0,0,0,267.48,,,,,
Delhi,ABNAH Cafe Connaught Place,,BILL-OUT001-260328-0004,4,Dine In,T04,2026-03-28 08:01:00,2026-03-28 08:20:00,Coffee Classics,Latte - Large,MENU0008,Beverage,Menu Item,277.82,1.0,277.82,0.0,,,277.82,13.89,0,0,0,0,291.71,,,,,
Delhi,ABNAH Cafe Connaught Place,,BILL-OUT001-260328-0005,5,Delivery/Takeaway,,2026-03-28 12:18:00,2026-03-28 12:59:00,Coffee Classics,Cappuccino - Regular,MENU0009,Beverage,Menu Item,225.0,5.0,1125.0,13.19,Bill Discount,Synthetic promotion,1111.81,55.59,0,0,0,0,1167.4,,,,,
Delhi,ABNAH Cafe Connaught Place,,BILL-OUT001-260328-0006,6,Delivery/Takeaway,,2026-03-28 11:35:00,2026-03-28 12:16:00,Coffee Classics,Cappuccino - Medium,MENU0010,Beverage,Menu Item,250.0,4.0,1000.0,34.02,Bill Discount,Synthetic promotion,965.98,48.3,0,0,0,0,1014.28,,,,,
Delhi,ABNAH Cafe Connaught Place,,BILL-OUT001-260328-0007,7,Delivery/Takeaway,,2026-03-28 12:41:00,2026-03-28 12:59:00,Coffee Classics,Cappuccino - Large,MENU0011,Beverage,Menu Item,275.0,1.0,275.0,3.82,Bill Discount,Synthetic promotion,271.18,13.56,0,0,0,0,284.74,,,,,
Delhi,ABNAH Cafe Connaught Place,,BILL-OUT001-260328-0008,8,Delivery/Takeaway,,2026-03-28 11:11:00,2026-03-28 11:41:00,Coffee Classics,Flat White - Regular,MENU0012,Beverage,Menu Item,235.0,3.0,705.0,6.04,Bill Discount,Synthetic promotion,698.96,34.95,0,0,0,0,733.91,,,,,
Delhi,ABNAH Cafe Connaught Place,,BILL-OUT001-260328-0009,9,Dine In,T03,2026-03-28 12:33:00,2026-03-28 12:43:00,Coffee Classics,Mocha - Medium,MENU0016,Beverage,Menu Item,270.0,2.0,540.0,11.06,Bill Discount,Synthetic promotion,528.94,26.45,0,0,0,0,555.39,,,,,
Delhi,ABNAH Cafe Connaught Place,,BILL-OUT001-260328-0010,10,Delivery/Takeaway,,2026-03-28 13:22:00,2026-03-28 13:55:00,Signature Coffee,Sea Salt Mocha - Regular,MENU0018,Beverage,Menu Item,275.0,1.0,275.0,7.7,Bill Discount,Synthetic promotion,267.3,13.37,0,0,0,0,280.67,,,,,
Delhi,ABNAH Cafe Connaught Place,,BILL-OUT001-260328-0011,11,Dine In,T07,2026-03-28 15:49:00,2026-03-28 16:11:00,Signature Coffee,Sea Salt Mocha - Large,MENU0020,Beverage,Menu Item,335.0,2.0,670.0,37.85,Bill Discount,Synthetic promotion,632.15,31.61,0,0,0,0,663.76,,,,,
Delhi,ABNAH Cafe Connaught Place,,BILL-OUT001-260328-0012,12,Dine In,T01,2026-03-28 14:42:00,2026-03-28 15:02:00,Signature Coffee,Orange Zest Mocha - Regular,MENU0021,Beverage,Menu Item,270.0,1.0,270.0,4.45,Bill Discount,Synthetic promotion,265.55,13.28,0,0,0,0,278.83,,,,,
Delhi,ABNAH Cafe Connaught Place,,BILL-OUT001-260328-0013,13,Dine In,T19,2026-03-28 13:16:00,2026-03-28 14:03:00,Signature Coffee,Orange Zest Mocha - Medium,MENU0022,Beverage,Menu Item,300.0,1.0,300.0,8.05,Bill Discount,Synthetic promotion,291.95,14.6,0,0,0,0,306.55,,,,,
Delhi,ABNAH Cafe Connaught Place,,BILL-OUT001-260328-0014,14,Delivery/Takeaway,,2026-03-28 13:24:00,2026-03-28 13:47:00,Signature Coffee,Caramel Macchiato - Regular,MENU0024,Beverage,Menu Item,265.0,1.0,265.0,8.17,Bill Discount,Synthetic promotion,256.83,12.84,0,0,0,0,269.67,,,,,
Delhi,ABNAH Cafe Connaught Place,,BILL-OUT001-260328-0015,15,Delivery/Takeaway,,2026-03-28 17:59:00,2026-03-28 18:07:00,Signature Coffee,Caramel Macchiato - Large,MENU0026,Beverage,Menu Item,331.27,1.0,331.27,0.0,,,331.27,16.56,0,0,0,0,347.83,,,,,
Delhi,ABNAH Cafe Connaught Place,,BILL-OUT001-260328-0016,16,Dine In,T07,2026-03-28 08:25:00,2026-03-28 08:59:00,Signature Coffee,French Vanilla Latte - Medium,MENU0028,Beverage,Menu Item,295.0,3.0,885.0,37.06,Bill Discount,Synthetic promotion,847.94,42.4,0,0,0,0,890.34,,,,,
Delhi,ABNAH Cafe Connaught Place,,BILL-OUT001-260328-0017,17,Dine In,T01,2026-03-28 17:12:00,2026-03-28 17:55:00,Cold Brew,Classic Cold Brew - Regular,MENU0033,Beverage,Menu Item,228.16,1.0,228.16,0.0,,,228.16,11.41,0,0,0,0,239.57,,,,,
Delhi,ABNAH Cafe Connaught Place,,BILL-OUT001-260328-0018,18,Delivery/Takeaway,,2026-03-28 14:04:00,2026-03-28 14:46:00,Cold Brew,Vietnamese Shakerato - Medium,MENU0040,Beverage,Menu Item,280.0,1.0,280.0,13.3,Bill Discount,Synthetic promotion,266.7,13.34,0,0,0,0,280.04,,,,,
Delhi,ABNAH Cafe Connaught Place,,BILL-OUT001-260328-0019,19,Delivery/Takeaway,,2026-03-28 16:50:00,2026-03-28 17:19:00,Cold Brew,Vietnamese Shakerato - Large,MENU0041,Beverage,Menu Item,305.0,1.0,305.0,2.94,Bill Discount,Synthetic promotion,302.06,15.1,0,0,0,0,317.16,,,,,
Delhi,ABNAH Cafe Connaught Place,,BILL-OUT001-260328-0020,20,Delivery/Takeaway,,2026-03-28 15:09:00,2026-03-28 15:37:00,Cold Coffee,Mocha Cold Coffee - Regular,MENU0045,Beverage,Menu Item,285.0,1.0,285.0,16.36,Bill Discount,Synthetic promotion,268.64,13.43,0,0,0,0,282.07,,,,,
Delhi,ABNAH Cafe Connaught Place,,BILL-OUT001-260328-0021,21,Dine In,T22,2026-03-28 08:56:00,2026-03-28 09:09:00,Cold Coffee,Caramel Cold Coffee - Large,MENU0050,Beverage,Menu Item,355.0,1.0,355.0,9.21,Bill Discount,Synthetic promotion,345.79,17.29,0,0,0,0,363.08,,,,,
Delhi,ABNAH Cafe Connaught Place,,BILL-OUT001-260328-0022,22,Delivery/Takeaway,,2026-03-28 18:46:00,2026-03-28 19:22:00,Tea,Masala Chai Latte - Regular,MENU0051,Beverage,Menu Item,195.89,1.0,195.89,0.0,,,195.89,9.79,0,0,0,0,205.68,,,,,
Delhi,ABNAH Cafe Connaught Place,,BILL-OUT001-260328-0023,23,Dine In,T22,2026-03-28 16:09:00,2026-03-28 16:52:00,Tea,Himalayan Green Tea,MENU0054,Beverage,Menu Item,210.0,2.0,420.0,0.94,Bill Discount,Synthetic promotion,419.06,20.95,0,0,0,0,440.01,,,,,
Delhi,ABNAH Cafe Connaught Place,,BILL-OUT001-260328-0024,24,Delivery/Takeaway,,2026-03-28 12:56:00,2026-03-28 13:04:00,Tea,Japanese Matcha Latte - Regular,MENU0055,Beverage,Menu Item,265.0,1.0,265.0,13.94,Bill Discount,Synthetic promotion,251.06,12.55,0,0,0,0,263.61,,,,,
Delhi,ABNAH Cafe Connaught Place,,BILL-OUT001-260328-0025,25,Delivery/Takeaway,,2026-03-28 13:22:00,2026-03-28 13:40:00,Tea,Japanese Matcha Latte - Medium,MENU0056,Beverage,Menu Item,296.18,1.0,296.18,0.0,,,296.18,14.81,0,0,0,0,310.99,,,,,
Delhi,ABNAH Cafe Connaught Place,,BILL-OUT001-260328-0026,26,Dine In,T15,2026-03-28 09:07:00,2026-03-28 09:27:00,Iced Tea,Lemon Iced Tea - Medium,MENU0059,Beverage,Menu Item,231.75,1.0,231.75,0.0,,,231.75,11.59,0,0,0,0,243.34,,,,,
Delhi,ABNAH Cafe Connaught Place,,BILL-OUT001-260328-0027,27,Delivery/Takeaway,,2026-03-28 17:45:00,2026-03-28 18:30:00,Iced Tea,Lemon Iced Tea - Large,MENU0060,Beverage,Menu Item,255.0,1.0,255.0,15.11,Bill Discount,Synthetic promotion,239.89,11.99,0,0,0,0,251.88,,,,,
Delhi,ABNAH Cafe Connaught Place,,BILL-OUT001-260328-0028,28,Delivery/Takeaway,,2026-03-28 11:51:00,2026-03-28 12:33:00,Kids Beverage,Hot Chocolate - Medium,MENU0065,Beverage,Menu Item,245.0,1.0,245.0,3.62,Bill Discount,Synthetic promotion,241.38,12.07,0,0,0,0,253.45,,,,,
Delhi,ABNAH Cafe Connaught Place,,BILL-OUT001-260328-0029,29,Dine In,T13,2026-03-28 09:14:00,2026-03-28 09:44:00,Shake,Choco Chip Shake - Medium,MENU0069,Beverage,Menu Item,335.8,2.0,671.6,0.0,,,671.6,33.58,0,0,0,0,705.18,,,,,
Delhi,ABNAH Cafe Connaught Place,,BILL-OUT001-260328-0030,30,Dine In,T01,2026-03-28 09:21:00,2026-03-28 09:39:00,Shake,Mixed Berry Shake - Regular,MENU0071,Beverage,Menu Item,315.0,2.0,630.0,20.93,Bill Discount,Synthetic promotion,609.07,30.45,0,0,0,0,639.52,,,,,
Delhi,ABNAH Cafe Connaught Place,,BILL-OUT001-260328-0031,31,Dine In,T20,2026-03-28 16:45:00,2026-03-28 17:19:00,Shake,Mixed Berry Shake - Large,MENU0073,Beverage,Menu Item,389.31,1.0,389.31,0.0,,,389.31,19.47,0,0,0,0,408.78,,,,,
Delhi,ABNAH Cafe Connaught Place,,BILL-OUT001-260328-0032,32,Delivery/Takeaway,,2026-03-28 15:26:00,2026-03-28 15:45:00,Sandwiches,Smoked Chipotle Paneer Sandwich,MENU0079,Food,Menu Item,295.0,1.0,295.0,0.97,Bill Discount,Synthetic promotion,294.03,14.7,0,0,0,0,308.73,,,,,
Delhi,ABNAH Cafe Connaught Place,,BILL-OUT001-260328-0033,33,Dine In,T16,2026-03-28 10:50:00,2026-03-28 11:36:00,Sandwiches,Pepper Chicken Sandwich,MENU0081,Food,Menu Item,319.5,2.0,639.0,0.0,,,639.0,31.95,0,0,0,0,670.95,,,,,
Delhi,ABNAH Cafe Connaught Place,,BILL-OUT001-260328-0034,34,Delivery/Takeaway,,2026-03-28 14:03:00,2026-03-28 14:27:00,Sandwiches,Tandoori Chicken Sandwich,MENU0082,Food,Menu Item,320.0,2.0,640.0,1.97,Bill Discount,Synthetic promotion,638.03,31.9,0,0,0,0,669.93,,,,,
Delhi,ABNAH Cafe Connaught Place,,BILL-OUT001-260328-0035,35,Delivery/Takeaway,,2026-03-28 15:44:00,2026-03-28 16:30:00,Toasts,Chicken Pepperoni Avocado Toast,MENU0084,Food,Menu Item,330.0,1.0,330.0,8.76,Bill Discount,Synthetic promotion,321.24,16.06,0,0,0,0,337.3,,,,,
Delhi,ABNAH Cafe Connaught Place,,BILL-OUT001-260328-0036,36,Delivery/Takeaway,,2026-03-28 17:36:00,2026-03-28 17:53:00,Baked Goods,Sriracha Chicken Croissant,MENU0098,Food,Menu Item,275.0,1.0,275.0,5.93,Bill Discount,Synthetic promotion,269.07,13.45,0,0,0,0,282.52,,,,,
Delhi,ABNAH Cafe Connaught Place,,BILL-OUT001-260328-0037,37,Delivery/Takeaway,,2026-03-28 13:08:00,2026-03-28 13:31:00,Desserts,Double Chocolate Truffle Cake,MENU0102,Dessert,Menu Item,295.0,1.0,295.0,11.99,Bill Discount,Synthetic promotion,283.01,14.15,0,0,0,0,297.16,,,,,
Delhi,ABNAH Cafe Connaught Place,,BILL-OUT001-260328-0038,38,Delivery/Takeaway,,2026-03-28 09:42:00,2026-03-28 09:56:00,Desserts,Death by Chocolate Cookie,MENU0106,Dessert,Menu Item,191.39,1.0,191.39,0.0,,,191.39,9.57,0,0,0,0,200.96,,,,,
Delhi,ABNAH Cafe Connaught Place,,BILL-OUT001-260328-0039,39,Dine In,T10,2026-03-28 11:23:00,2026-03-28 12:08:00,Baked Goods,Multigrain Walnut Tea Cake,MENU0110,Dessert,Menu Item,225.06,1.0,225.06,0.0,,,225.06,11.25,0,0,0,0,236.31,,,,,
Delhi,ABNAH Cafe Connaught Place,,BILL-OUT001-260329-0001,1,Delivery/Takeaway,,2026-03-29 17:33:00,2026-03-29 18:16:00,Espresso,Espresso Shot - Doppio,MENU0002,Beverage,Menu Item,186.75,1.0,186.75,0.0,,,186.75,9.34,0,0,0,0,196.09,,,,,
Delhi,ABNAH Cafe Connaught Place,,BILL-OUT001-260329-0002,2,Dine In,T21,2026-03-29 17:27:00,2026-03-29 17:46:00,Coffee Classics,Americano - Medium,MENU0004,Beverage,Menu Item,210.0,2.0,420.0,1.28,Bill Discount,Synthetic promotion,418.72,20.94,0,0,0,0,439.66,,,,,
Delhi,ABNAH Cafe Connaught Place,,BILL-OUT001-260329-0003,3,Dine In,T15,2026-03-29 10:21:00,2026-03-29 10:58:00,Coffee Classics,Americano - Large,MENU0005,Beverage,Menu Item,237.99,2.0,475.98,0.0,,,475.98,23.8,0,0,0,0,499.78,,,,,
Delhi,ABNAH Cafe Connaught Place,,BILL-OUT001-260329-0004,4,Dine In,T06,2026-03-29 09:53:00,2026-03-29 10:29:00,Coffee Classics,Latte - Regular,MENU0006,Beverage,Menu Item,225.57,2.0,451.14,0.0,,,451.14,22.56,0,0,0,0,473.7,,,,,
Delhi,ABNAH Cafe Connaught Place,,BILL-OUT001-260329-0005,5,Delivery/Takeaway,,2026-03-29 18:52:00,2026-03-29 19:23:00,Coffee Classics,Latte - Medium,MENU0007,Beverage,Menu Item,250.0,1.0,250.0,2.06,Bill Discount,Synthetic promotion,247.94,12.4,0,0,0,0,260.34,,,,,
Delhi,ABNAH Cafe Connaught Place,,BILL-OUT001-260329-0006,6,Dine In,T02,2026-03-29 08:23:00,2026-03-29 08:34:00,Coffee Classics,Cappuccino - Medium,MENU0010,Beverage,Menu Item,254.15,1.0,254.15,0.0,,,254.15,12.71,0,0,0,0,266.86,,,,,
Delhi,ABNAH Cafe Connaught Place,,BILL-OUT001-260329-0007,7,Dine In,T06,2026-03-29 12:02:00,2026-03-29 12:14:00,Coffee Classics,Cappuccino - Large,MENU0011,Beverage,Menu Item,275.0,1.0,275.0,7.58,Bill Discount,Synthetic promotion,267.42,13.37,0,0,0,0,280.79,,,,,
Delhi,ABNAH Cafe Connaught Place,,BILL-OUT001-260329-0008,8,Delivery/Takeaway,,2026-03-29 08:08:00,2026-03-29 08:20:00,Coffee Classics,Flat White - Regular,MENU0012,Beverage,Menu Item,235.0,1.0,235.0,5.94,Bill Discount,Synthetic promotion,229.06,11.45,0,0,0,0,240.51,,,,,
Delhi,ABNAH Cafe Connaught Place,,BILL-OUT001-260329-0009,9,Delivery/Takeaway,,2026-03-29 10:03:00,2026-03-29 10:46:00,Coffee Classics,Flat White - Medium,MENU0013,Beverage,Menu Item,260.0,2.0,520.0,20.12,Bill Discount,Synthetic promotion,499.88,24.99,0,0,0,0,524.87,,,,,
Delhi,ABNAH Cafe Connaught Place,,BILL-OUT001-260329-0010,10,Delivery/Takeaway,,2026-03-29 09:10:00,2026-03-29 09:52:00,Coffee Classics,Flat White - Large,MENU0014,Beverage,Menu Item,285.0,3.0,855.0,50.74,Bill Discount,Synthetic promotion,804.26,40.21,0,0,0,0,844.47,,,,,
Delhi,ABNAH Cafe Connaught Place,,BILL-OUT001-260329-0011,11,Delivery/Takeaway,,2026-03-29 19:15:00,2026-03-29 19:33:00,Coffee Classics,Mocha - Medium,MENU0016,Beverage,Menu Item,270.0,1.0,270.0,7.41,Bill Discount,Synthetic promotion,262.59,13.13,0,0,0,0,275.72,,,,,
Delhi,ABNAH Cafe Connaught Place,,BILL-OUT001-260329-0012,12,Delivery/Takeaway,,2026-03-29 14:29:00,2026-03-29 14:57:00,Signature Coffee,Sea Salt Mocha - Regular,MENU0018,Beverage,Menu Item,280.14,1.0,280.14,0.0,,,280.14,14.01,0,0,0,0,294.15,,,,,
Delhi,ABNAH Cafe Connaught Place,,BILL-OUT001-260329-0013,13,Delivery/Takeaway,,2026-03-29 16:13:00,2026-03-29 16:51:00,Signature Coffee,Orange Zest Mocha - Regular,MENU0021,Beverage,Menu Item,270.0,1.0,270.0,7.33,Bill Discount,Synthetic promotion,262.67,13.13,0,0,0,0,275.8,,,,,
Delhi,ABNAH Cafe Connaught Place,,BILL-OUT001-260329-0014,14,Delivery/Takeaway,,2026-03-29 10:49:00,2026-03-29 11:01:00,Signature Coffee,Caramel Macchiato - Medium,MENU0025,Beverage,Menu Item,297.31,4.0,1189.24,0.0,,,1189.26,59.46,0,0,0,0,1248.72,,,,,
Delhi,ABNAH Cafe Connaught Place,,BILL-OUT001-260329-0015,15,Delivery/Takeaway,,2026-03-29 08:27:00,2026-03-29 08:52:00,Signature Coffee,Vegan Iced Latte - Large,MENU0032,Beverage,Menu Item,335.0,2.0,670.0,11.22,Bill Discount,Synthetic promotion,658.78,32.94,0,0,0,0,691.72,,,,,
Delhi,ABNAH Cafe Connaught Place,,BILL-OUT001-260329-0016,16,Delivery/Takeaway,,2026-03-29 11:51:00,2026-03-29 12:16:00,Cold Brew,Coffee Lemonade - Medium,MENU0037,Beverage,Menu Item,260.0,1.0,260.0,5.74,Bill Discount,Synthetic promotion,254.26,12.71,0,0,0,0,266.97,,,,,
Delhi,ABNAH Cafe Connaught Place,,BILL-OUT001-260329-0017,17,Delivery/Takeaway,,2026-03-29 14:04:00,2026-03-29 14:46:00,Cold Coffee,Classic Cold Coffee - Regular,MENU0042,Beverage,Menu Item,255.0,1.0,255.0,0.49,Bill Discount,Synthetic promotion,254.51,12.73,0,0,0,0,267.24,,,,,
Delhi,ABNAH Cafe Connaught Place,,BILL-OUT001-260329-0018,18,Dine In,T09,2026-03-29 18:39:00,2026-03-29 19:13:00,Cold Coffee,Mocha Cold Coffee - Regular,MENU0045,Beverage,Menu Item,285.0,1.0,285.0,0.29,Bill Discount,Synthetic promotion,284.71,14.24,0,0,0,0,298.95,,,,,
Delhi,ABNAH Cafe Connaught Place,,BILL-OUT001-260329-0019,19,Delivery/Takeaway,,2026-03-29 18:35:00,2026-03-29 19:12:00,Cold Coffee,Caramel Cold Coffee - Medium,MENU0049,Beverage,Menu Item,323.63,1.0,323.63,0.0,,,323.63,16.18,0,0,0,0,339.81,,,,,
Delhi,ABNAH Cafe Connaught Place,,BILL-OUT001-260329-0020,20,Delivery/Takeaway,,2026-03-29 15:05:00,2026-03-29 15:38:00,Cold Coffee,Caramel Cold Coffee - Large,MENU0050,Beverage,Menu Item,355.0,1.0,355.0,10.24,Bill Discount,Synthetic promotion,344.76,17.24,0,0,0,0,362.0,,,,,
Delhi,ABNAH Cafe Connaught Place,,BILL-OUT001-260329-0021,21,Delivery/Takeaway,,2026-03-29 10:29:00,2026-03-29 10:49:00,Tea,Masala Chai Latte - Regular,MENU0051,Beverage,Menu Item,195.0,1.0,195.0,11.05,Bill Discount,Synthetic promotion,183.95,9.2,0,0,0,0,193.15,,,,,
Delhi,ABNAH Cafe Connaught Place,,BILL-OUT001-260329-0022,22,Delivery/Takeaway,,2026-03-29 09:33:00,2026-03-29 10:09:00,Iced Tea,Lemon Iced Tea - Medium,MENU0059,Beverage,Menu Item,230.0,1.0,230.0,3.24,Bill Discount,Synthetic promotion,226.76,11.34,0,0,0,0,238.1,,,,,
Delhi,ABNAH Cafe Connaught Place,,BILL-OUT001-260329-0023,23,Dine In,T02,2026-03-29 09:29:00,2026-03-29 09:43:00,Shake,Mixed Berry Shake - Large,MENU0073,Beverage,Menu Item,391.42,1.0,391.42,0.0,,,391.42,19.57,0,0,0,0,410.99,,,,,
Delhi,ABNAH Cafe Connaught Place,,BILL-OUT001-260329-0024,24,Delivery/Takeaway,,2026-03-29 14:56:00,2026-03-29 15:11:00,Sandwiches,Pepper Chicken Sandwich,MENU0081,Food,Menu Item,315.0,2.0,630.0,36.31,Bill Discount,Synthetic promotion,593.69,29.68,0,0,0,0,623.37,,,,,
Delhi,ABNAH Cafe Connaught Place,,BILL-OUT001-260329-0025,25,Delivery/Takeaway,,2026-03-29 19:15:00,2026-03-29 19:43:00,Sandwiches,Tandoori Chicken Sandwich,MENU0082,Food,Menu Item,321.72,1.0,321.72,0.0,,,321.72,16.09,0,0,0,0,337.81,,,,,
Delhi,ABNAH Cafe Connaught Place,,BILL-OUT001-260329-0026,26,Delivery/Takeaway,,2026-03-29 14:40:00,2026-03-29 15:19:00,Baked Goods,Almond Croissant,MENU0095,Food,Menu Item,245.0,1.0,245.0,11.89,Bill Discount,Synthetic promotion,233.11,11.66,0,0,0,0,244.77,,,,,
Delhi,ABNAH Cafe Connaught Place,,BILL-OUT001-260329-0027,27,Delivery/Takeaway,,2026-03-29 19:13:00,2026-03-29 19:29:00,Baked Goods,Sriracha Chicken Croissant,MENU0098,Food,Menu Item,279.92,2.0,559.84,0.01,Bill Discount,Synthetic promotion,559.83,27.99,0,0,0,0,587.82,,,,,
Delhi,ABNAH Cafe Connaught Place,,BILL-OUT001-260329-0028,28,Dine In,T13,2026-03-29 08:44:00,2026-03-29 09:10:00,Desserts,Double Chocolate Truffle Cake,MENU0102,Dessert,Menu Item,295.0,1.0,295.0,5.09,Bill Discount,Synthetic promotion,289.91,14.5,0,0,0,0,304.41,,,,,
Delhi,ABNAH Cafe Connaught Place,,BILL-OUT001-260330-0001,1,Delivery/Takeaway,,2026-03-30 08:32:00,2026-03-30 09:02:00,Coffee Classics,Americano - Regular,MENU0003,Beverage,Menu Item,185.0,4.0,740.0,13.58,Bill Discount,Synthetic promotion,726.42,36.32,0,0,0,0,762.74,,,,,
Delhi,ABNAH Cafe Connaught Place,,BILL-OUT001-260330-0002,2,Delivery/Takeaway,,2026-03-30 18:37:00,2026-03-30 19:01:00,Coffee Classics,Americano - Medium,MENU0004,Beverage,Menu Item,210.0,4.0,840.0,25.72,Bill Discount,Synthetic promotion,814.28,40.71,0,0,0,0,854.99,,,,,
Delhi,ABNAH Cafe Connaught Place,,BILL-OUT001-260330-0003,3,Delivery/Takeaway,,2026-03-30 18:32:00,2026-03-30 19:15:00,Coffee Classics,Americano - Large,MENU0005,Beverage,Menu Item,235.0,1.0,235.0,6.68,Bill Discount,Synthetic promotion,228.32,11.42,0,0,0,0,239.74,,,,,
Delhi,ABNAH Cafe Connaught Place,,BILL-OUT001-260330-0004,4,Dine In,T17,2026-03-30 18:32:00,2026-03-30 19:04:00,Coffee Classics,Latte - Regular,MENU0006,Beverage,Menu Item,225.0,4.0,900.0,52.02,Bill Discount,Synthetic promotion,847.98,42.4,0,0,0,0,890.38,,,,,
Delhi,ABNAH Cafe Connaught Place,,BILL-OUT001-260330-0005,5,Delivery/Takeaway,,2026-03-30 10:53:00,2026-03-30 11:30:00,Coffee Classics,Latte - Medium,MENU0007,Beverage,Menu Item,250.0,3.0,750.0,37.49,Bill Discount,Synthetic promotion,712.51,35.63,0,0,0,0,748.14,,,,,
Delhi,ABNAH Cafe Connaught Place,,BILL-OUT001-260330-0006,6,Delivery/Takeaway,,2026-03-30 19:37:00,2026-03-30 20:04:00,Coffee Classics,Latte - Large,MENU0008,Beverage,Menu Item,275.0,2.0,550.0,10.45,Bill Discount,Synthetic promotion,539.55,26.98,0,0,0,0,566.53,,,,,
Delhi,ABNAH Cafe Connaught Place,,BILL-OUT001-260330-0007,7,Delivery/Takeaway,,2026-03-30 18:07:00,2026-03-30 18:45:00,Coffee Classics,Cappuccino - Regular,MENU0009,Beverage,Menu Item,225.0,4.0,900.0,50.52,Bill Discount,Synthetic promotion,849.48,42.47,0,0,0,0,891.95,,,,,
Delhi,ABNAH Cafe Connaught Place,,BILL-OUT001-260330-0008,8,Delivery/Takeaway,,2026-03-30 17:08:00,2026-03-30 17:34:00,Coffee Classics,Cappuccino - Large,MENU0011,Beverage,Menu Item,278.93,4.0,1115.72,0.01,Bill Discount,Synthetic promotion,1115.71,55.79,0,0,0,0,1171.5,,,,,
Delhi,ABNAH Cafe Connaught Place,,BILL-OUT001-260330-0009,9,Delivery/Takeaway,,2026-03-30 16:19:00,2026-03-30 16:51:00,Coffee Classics,Flat White - Regular,MENU0012,Beverage,Menu Item,235.0,1.0,235.0,8.29,Bill Discount,Synthetic promotion,226.71,11.34,0,0,0,0,238.05,,,,,
Delhi,ABNAH Cafe Connaught Place,,BILL-OUT001-260330-0010,10,Delivery/Takeaway,,2026-03-30 08:30:00,2026-03-30 09:15:00,Coffee Classics,Flat White - Medium,MENU0013,Beverage,Menu Item,261.48,2.0,522.96,0.0,,,522.96,26.15,0,0,0,0,549.11,,,,,
Delhi,ABNAH Cafe Connaught Place,,BILL-OUT001-260330-0011,11,Delivery/Takeaway,,2026-03-30 11:48:00,2026-03-30 11:58:00,Coffee Classics,Flat White - Large,MENU0014,Beverage,Menu Item,285.0,1.0,285.0,14.24,Bill Discount,Synthetic promotion,270.76,13.54,0,0,0,0,284.3,,,,,
Delhi,ABNAH Cafe Connaught Place,,BILL-OUT001-260330-0012,12,Dine In,T05,2026-03-30 08:50:00,2026-03-30 09:03:00,Coffee Classics,Mocha - Regular,MENU0015,Beverage,Menu Item,245.0,3.0,735.0,30.2,Bill Discount,Synthetic promotion,704.8,35.24,0,0,0,0,740.04,,,,,
Delhi,ABNAH Cafe Connaught Place,,BILL-OUT001-260330-0013,13,Dine In,T11,2026-03-30 14:57:00,2026-03-30 15:11:00,Coffee Classics,Mocha - Medium,MENU0016,Beverage,Menu Item,273.5,4.0,1094.0,0.0,,,1094.02,54.7,0,0,0,0,1148.72,,,,,
Delhi,ABNAH Cafe Connaught Place,,BILL-OUT001-260330-0014,14,Dine In,T08,2026-03-30 13:37:00,2026-03-30 14:02:00,Coffee Classics,Mocha - Large,MENU0017,Beverage,Menu Item,295.0,2.0,590.0,13.87,Bill Discount,Synthetic promotion,576.13,28.81,0,0,0,0,604.94,,,,,
Delhi,ABNAH Cafe Connaught Place,,BILL-OUT001-260330-0015,15,Dine In,T03,2026-03-30 10:31:00,2026-03-30 10:40:00,Signature Coffee,Sea Salt Mocha - Regular,MENU0018,Beverage,Menu Item,278.39,3.0,835.17,0.0,,,835.18,41.76,0,0,0,0,876.94,,,,,
Delhi,ABNAH Cafe Connaught Place,,BILL-OUT001-260330-0016,16,Delivery/Takeaway,,2026-03-30 14:43:00,2026-03-30 14:56:00,Signature Coffee,Sea Salt Mocha - Medium,MENU0019,Beverage,Menu Item,305.0,2.0,610.0,21.98,Bill Discount,Synthetic promotion,588.02,29.4,0,0,0,0,617.42,,,,,
Delhi,ABNAH Cafe Connaught Place,,BILL-OUT001-260330-0017,17,Delivery/Takeaway,,2026-03-30 16:09:00,2026-03-30 16:51:00,Signature Coffee,Sea Salt Mocha - Large,MENU0020,Beverage,Menu Item,335.0,1.0,335.0,19.22,Bill Discount,Synthetic promotion,315.78,15.79,0,0,0,0,331.57,,,,,
Delhi,ABNAH Cafe Connaught Place,,BILL-OUT001-260330-0018,18,Delivery/Takeaway,,2026-03-30 19:08:00,2026-03-30 19:21:00,Signature Coffee,Orange Zest Mocha - Regular,MENU0021,Beverage,Menu Item,270.0,1.0,270.0,2.24,Bill Discount,Synthetic promotion,267.76,13.39,0,0,0,0,281.15,,,,,
Delhi,ABNAH Cafe Connaught Place,,BILL-OUT001-260330-0019,19,Dine In,T08,2026-03-30 18:30:00,2026-03-30 19:07:00,Signature Coffee,Orange Zest Mocha - Medium,MENU0022,Beverage,Menu Item,303.99,2.0,607.98,0.0,,,607.98,30.4,0,0,0,0,638.38,,,,,
Delhi,ABNAH Cafe Connaught Place,,BILL-OUT001-260330-0020,20,Delivery/Takeaway,,2026-03-30 12:36:00,2026-03-30 13:07:00,Signature Coffee,Caramel Macchiato - Regular,MENU0024,Beverage,Menu Item,265.0,2.0,530.0,16.4,Bill Discount,Synthetic promotion,513.6,25.68,0,0,0,0,539.28,,,,,
Delhi,ABNAH Cafe Connaught Place,,BILL-OUT001-260330-0021,21,Dine In,T16,2026-03-30 18:48:00,2026-03-30 19:03:00,Signature Coffee,Caramel Macchiato - Large,MENU0026,Beverage,Menu Item,325.0,2.0,650.0,28.26,Bill Discount,Synthetic promotion,621.74,31.09,0,0,0,0,652.83,,,,,
Delhi,ABNAH Cafe Connaught Place,,BILL-OUT001-260330-0022,22,Delivery/Takeaway,,2026-03-30 10:34:00,2026-03-30 10:53:00,Signature Coffee,French Vanilla Latte - Regular,MENU0027,Beverage,Menu Item,265.0,2.0,530.0,30.3,Bill Discount,Synthetic promotion,499.7,24.98,0,0,0,0,524.68,,,,,
Delhi,ABNAH Cafe Connaught Place,,BILL-OUT001-260330-0023,23,Dine In,T21,2026-03-30 08:25:00,2026-03-30 08:43:00,Signature Coffee,French Vanilla Latte - Large,MENU0029,Beverage,Menu Item,330.21,1.0,330.21,0.0,,,330.21,16.51,0,0,0,0,346.72,,,,,
Delhi,ABNAH Cafe Connaught Place,,BILL-OUT001-260330-0024,24,Delivery/Takeaway,,2026-03-30 19:46:00,2026-03-30 20:20:00,Signature Coffee,Vegan Iced Latte - Medium,MENU0031,Beverage,Menu Item,310.0,6.0,1860.0,3.5,Bill Discount,Synthetic promotion,1856.5,92.83,0,0,0,0,1949.33,,,,,
Delhi,ABNAH Cafe Connaught Place,,BILL-OUT001-260330-0025,25,Dine In,T24,2026-03-30 13:29:00,2026-03-30 13:50:00,Signature Coffee,Vegan Iced Latte - Large,MENU0032,Beverage,Menu Item,335.0,2.0,670.0,6.65,Bill Discount,Synthetic promotion,663.35,33.17,0,0,0,0,696.52,,,,,
Delhi,ABNAH Cafe Connaught Place,,BILL-OUT001-260330-0026,26,Delivery/Takeaway,,2026-03-30 14:26:00,2026-03-30 14:34:00,Cold Brew,Classic Cold Brew - Medium,MENU0034,Beverage,Menu Item,250.0,1.0,250.0,11.57,Bill Discount,Synthetic promotion,238.43,11.92,0,0,0,0,250.35,,,,,
Delhi,ABNAH Cafe Connaught Place,,BILL-OUT001-260330-0027,27,Dine In,T04,2026-03-30 15:46:00,2026-03-30 15:57:00,Cold Brew,Coffee Lemonade - Regular,MENU0036,Beverage,Menu Item,235.0,1.0,235.0,4.37,Bill Discount,Synthetic promotion,230.63,11.53,0,0,0,0,242.16,,,,,
Delhi,ABNAH Cafe Connaught Place,,BILL-OUT001-260330-0028,28,Dine In,T02,2026-03-30 14:43:00,2026-03-30 15:24:00,Cold Brew,Coffee Lemonade - Medium,MENU0037,Beverage,Menu Item,260.0,1.0,260.0,7.6,Bill Discount,Synthetic promotion,252.4,12.62,0,0,0,0,265.02,,,,,
Delhi,ABNAH Cafe Connaught Place,,BILL-OUT001-260330-0029,29,Dine In,T10,2026-03-30 11:27:00,2026-03-30 12:02:00,Cold Brew,Coffee Lemonade - Large,MENU0038,Beverage,Menu Item,285.81,1.0,285.81,0.0,,,285.81,14.29,0,0,0,0,300.1,,,,,
Delhi,ABNAH Cafe Connaught Place,,BILL-OUT001-260330-0030,30,Delivery/Takeaway,,2026-03-30 13:35:00,2026-03-30 13:43:00,Cold Brew,Vietnamese Shakerato - Medium,MENU0040,Beverage,Menu Item,280.0,2.0,560.0,18.37,Bill Discount,Synthetic promotion,541.63,27.08,0,0,0,0,568.71,,,,,
Delhi,ABNAH Cafe Connaught Place,,BILL-OUT001-260330-0031,31,Delivery/Takeaway,,2026-03-30 09:27:00,2026-03-30 09:53:00,Cold Coffee,Classic Cold Coffee - Regular,MENU0042,Beverage,Menu Item,255.0,2.0,510.0,29.08,Bill Discount,Synthetic promotion,480.92,24.05,0,0,0,0,504.97,,,,,
Delhi,ABNAH Cafe Connaught Place,,BILL-OUT001-260330-0032,32,Delivery/Takeaway,,2026-03-30 16:26:00,2026-03-30 16:51:00,Cold Coffee,Classic Cold Coffee - Medium,MENU0043,Beverage,Menu Item,290.8,2.0,581.6,0.0,,,581.6,29.08,0,0,0,0,610.68,,,,,
Delhi,ABNAH Cafe Connaught Place,,BILL-OUT001-260330-0033,33,Delivery/Takeaway,,2026-03-30 12:11:00,2026-03-30 12:40:00,Cold Coffee,Classic Cold Coffee - Large,MENU0044,Beverage,Menu Item,325.0,2.0,650.0,11.89,Bill Discount,Synthetic promotion,638.11,31.91,0,0,0,0,670.02,,,,,
Delhi,ABNAH Cafe Connaught Place,,BILL-OUT001-260330-0034,34,Dine In,T01,2026-03-30 19:16:00,2026-03-30 19:28:00,Cold Coffee,Mocha Cold Coffee - Regular,MENU0045,Beverage,Menu Item,288.65,5.0,1443.25,0.0,,,1443.27,72.16,0,0,0,0,1515.43,,,,,
Delhi,ABNAH Cafe Connaught Place,,BILL-OUT001-260330-0035,35,Delivery/Takeaway,,2026-03-30 18:26:00,2026-03-30 18:35:00,Cold Coffee,Mocha Cold Coffee - Medium,MENU0046,Beverage,Menu Item,320.66,1.0,320.66,0.0,,,320.66,16.03,0,0,0,0,336.69,,,,,
Delhi,ABNAH Cafe Connaught Place,,BILL-OUT001-260330-0036,36,Delivery/Takeaway,,2026-03-30 14:07:00,2026-03-30 14:45:00,Cold Coffee,Mocha Cold Coffee - Large,MENU0047,Beverage,Menu Item,355.0,1.0,355.0,11.81,Bill Discount,Synthetic promotion,343.19,17.16,0,0,0,0,360.35,,,,,
Delhi,ABNAH Cafe Connaught Place,,BILL-OUT001-260330-0037,37,Dine In,T18,2026-03-30 09:10:00,2026-03-30 09:19:00,Cold Coffee,Caramel Cold Coffee - Regular,MENU0048,Beverage,Menu Item,285.0,1.0,285.0,11.46,Bill Discount,Synthetic promotion,273.54,13.68,0,0,0,0,287.22,,,,,
Delhi,ABNAH Cafe Connaught Place,,BILL-OUT001-260330-0038,38,Delivery/Takeaway,,2026-03-30 08:57:00,2026-03-30 09:06:00,Cold Coffee,Caramel Cold Coffee - Medium,MENU0049,Beverage,Menu Item,320.0,2.0,640.0,0.06,Bill Discount,Synthetic promotion,639.94,32.0,0,0,0,0,671.94,,,,,
Delhi,ABNAH Cafe Connaught Place,,BILL-OUT001-260330-0039,39,Delivery/Takeaway,,2026-03-30 09:17:00,2026-03-30 10:00:00,Tea,Masala Chai Latte - Large,MENU0053,Beverage,Menu Item,245.0,1.0,245.0,9.45,Bill Discount,Synthetic promotion,235.55,11.78,0,0,0,0,247.33,,,,,
Delhi,ABNAH Cafe Connaught Place,,BILL-OUT001-260330-0040,40,Dine In,T14,2026-03-30 12:02:00,2026-03-30 12:36:00,Tea,Himalayan Green Tea,MENU0054,Beverage,Menu Item,210.0,2.0,420.0,1.14,Bill Discount,Synthetic promotion,418.86,20.94,0,0,0,0,439.8,,,,,
Delhi,ABNAH Cafe Connaught Place,,BILL-OUT001-260330-0041,41,Delivery/Takeaway,,2026-03-30 12:25:00,2026-03-30 12:58:00,Tea,Japanese Matcha Latte - Regular,MENU0055,Beverage,Menu Item,270.15,1.0,270.15,0.0,,,270.15,13.51,0,0,0,0,283.66,,,,,
Delhi,ABNAH Cafe Connaught Place,,BILL-OUT001-260330-0042,42,Delivery/Takeaway,,2026-03-30 09:48:00,2026-03-30 10:17:00,Tea,Japanese Matcha Latte - Large,MENU0057,Beverage,Menu Item,325.0,1.0,325.0,18.65,Bill Discount,Synthetic promotion,306.35,15.32,0,0,0,0,321.67,,,,,
Delhi,ABNAH Cafe Connaught Place,,BILL-OUT001-260330-0043,43,Delivery/Takeaway,,2026-03-30 19:55:00,2026-03-30 20:23:00,Iced Tea,Lemon Iced Tea - Regular,MENU0058,Beverage,Menu Item,207.37,2.0,414.74,0.0,,,414.74,20.74,0,0,0,0,435.48,,,,,
Delhi,ABNAH Cafe Connaught Place,,BILL-OUT001-260330-0044,44,Delivery/Takeaway,,2026-03-30 12:42:00,2026-03-30 13:07:00,Iced Tea,Lemon Iced Tea - Medium,MENU0059,Beverage,Menu Item,230.0,1.0,230.0,10.37,Bill Discount,Synthetic promotion,219.63,10.98,0,0,0,0,230.61,,,,,
Delhi,ABNAH Cafe Connaught Place,,BILL-OUT001-260330-0045,45,Delivery/Takeaway,,2026-03-30 12:38:00,2026-03-30 13:24:00,Iced Tea,Hibiscus Lime Iced Tea - Regular,MENU0061,Beverage,Menu Item,225.0,1.0,225.0,0.32,Bill Discount,Synthetic promotion,224.68,11.23,0,0,0,0,235.91,,,,,
Delhi,ABNAH Cafe Connaught Place,,BILL-OUT001-260330-0046,46,Dine In,T13,2026-03-30 14:01:00,2026-03-30 14:49:00,Kids Beverage,Hot Chocolate - Regular,MENU0064,Beverage,Menu Item,220.54,2.0,441.08,0.0,,,441.09,22.05,0,0,0,0,463.14,,,,,
Delhi,ABNAH Cafe Connaught Place,,BILL-OUT001-260330-0047,47,Dine In,T19,2026-03-30 18:34:00,2026-03-30 19:21:00,Kids Beverage,Hot Chocolate - Medium,MENU0065,Beverage,Menu Item,247.93,1.0,247.93,0.0,,,247.93,12.4,0,0,0,0,260.33,,,,,
Delhi,ABNAH Cafe Connaught Place,,BILL-OUT001-260330-0048,48,Dine In,T09,2026-03-30 13:35:00,2026-03-30 14:10:00,Shake,Choco Chip Shake - Regular,MENU0068,Beverage,Menu Item,295.0,2.0,590.0,18.37,Bill Discount,Synthetic promotion,571.63,28.58,0,0,0,0,600.21,,,,,
Delhi,ABNAH Cafe Connaught Place,,BILL-OUT001-260330-0049,49,Delivery/Takeaway,,2026-03-30 11:21:00,2026-03-30 11:37:00,Shake,Choco Chip Shake - Medium,MENU0069,Beverage,Menu Item,334.12,1.0,334.12,0.0,,,334.12,16.71,0,0,0,0,350.83,,,,,
Delhi,ABNAH Cafe Connaught Place,,BILL-OUT001-260330-0050,50,Delivery/Takeaway,,2026-03-30 09:20:00,2026-03-30 09:44:00,Shake,Mixed Berry Shake - Regular,MENU0071,Beverage,Menu Item,315.0,2.0,630.0,32.15,Bill Discount,Synthetic promotion,597.85,29.89,0,0,0,0,627.74,,,,,
Delhi,ABNAH Cafe Connaught Place,,BILL-OUT001-260330-0051,51,Delivery/Takeaway,,2026-03-30 16:09:00,2026-03-30 16:52:00,Smoothie,Seasonal Smoothie - Medium,MENU0075,Beverage,Menu Item,340.29,1.0,340.29,0.0,,,340.29,17.01,0,0,0,0,357.3,,,,,
Delhi,ABNAH Cafe Connaught Place,,BILL-OUT001-260330-0052,52,Delivery/Takeaway,,2026-03-30 10:34:00,2026-03-30 11:21:00,Smoothie,Seasonal Smoothie - Large,MENU0076,Beverage,Menu Item,375.0,1.0,375.0,20.46,Bill Discount,Synthetic promotion,354.54,17.73,0,0,0,0,372.27,,,,,
Delhi,ABNAH Cafe Connaught Place,,BILL-OUT001-260330-0053,53,Delivery/Takeaway,,2026-03-30 16:32:00,2026-03-30 17:07:00,Wraps,Shredded Chicken Wrap,MENU0078,Food,Menu Item,295.0,2.0,590.0,23.57,Bill Discount,Synthetic promotion,566.43,28.32,0,0,0,0,594.75,,,,,
Delhi,ABNAH Cafe Connaught Place,,BILL-OUT001-260330-0054,54,Delivery/Takeaway,,2026-03-30 09:15:00,2026-03-30 09:41:00,Sandwiches,Smoked Chipotle Paneer Sandwich,MENU0079,Food,Menu Item,295.0,3.0,885.0,25.54,Bill Discount,Synthetic promotion,859.46,42.97,0,0,0,0,902.43,,,,,
Delhi,ABNAH Cafe Connaught Place,,BILL-OUT001-260330-0055,55,Delivery/Takeaway,,2026-03-30 08:50:00,2026-03-30 09:11:00,Sandwiches,Pesto Veg Sandwich,MENU0080,Food,Menu Item,280.0,1.0,280.0,5.87,Bill Discount,Synthetic promotion,274.13,13.71,0,0,0,0,287.84,,,,,
Delhi,ABNAH Cafe Connaught Place,,BILL-OUT001-260330-0056,56,Delivery/Takeaway,,2026-03-30 15:54:00,2026-03-30 16:40:00,Sandwiches,Pepper Chicken Sandwich,MENU0081,Food,Menu Item,315.0,2.0,630.0,0.1,Bill Discount,Synthetic promotion,629.9,31.5,0,0,0,0,661.4,,,,,
Delhi,ABNAH Cafe Connaught Place,,BILL-OUT001-260330-0057,57,Dine In,T05,2026-03-30 18:26:00,2026-03-30 18:52:00,Sandwiches,Tandoori Chicken Sandwich,MENU0082,Food,Menu Item,320.0,2.0,640.0,20.33,Bill Discount,Synthetic promotion,619.67,30.98,0,0,0,0,650.65,,,,,
Delhi,ABNAH Cafe Connaught Place,,BILL-OUT001-260330-0058,58,Delivery/Takeaway,,2026-03-30 12:31:00,2026-03-30 13:19:00,Toasts,Chilli Cheese Garlic Toast,MENU0083,Food,Menu Item,235.0,2.0,470.0,9.17,Bill Discount,Synthetic promotion,460.83,23.04,0,0,0,0,483.87,,,,,
Delhi,ABNAH Cafe Connaught Place,,BILL-OUT001-260330-0059,59,Dine In,T10,2026-03-30 19:04:00,2026-03-30 19:37:00,Toasts,Chicken Pepperoni Avocado Toast,MENU0084,Food,Menu Item,330.0,2.0,660.0,13.61,Bill Discount,Synthetic promotion,646.39,32.32,0,0,0,0,678.71,,,,,
Delhi,ABNAH Cafe Connaught Place,,BILL-OUT001-260330-0060,60,Delivery/Takeaway,,2026-03-30 09:59:00,2026-03-30 10:41:00,Breakfast,Breakfast Pancakes,MENU0086,Food,Menu Item,285.0,1.0,285.0,6.01,Bill Discount,Synthetic promotion,278.99,13.95,0,0,0,0,292.94,,,,,
Delhi,ABNAH Cafe Connaught Place,,BILL-OUT001-260330-0061,61,Delivery/Takeaway,,2026-03-30 18:58:00,2026-03-30 19:16:00,Snacks,Turnover with Brioche Dough Veg,MENU0093,Food,Menu Item,238.04,1.0,238.04,0.0,,,238.04,11.9,0,0,0,0,249.94,,,,,
Delhi,ABNAH Cafe Connaught Place,,BILL-OUT001-260330-0062,62,Delivery/Takeaway,,2026-03-30 10:14:00,2026-03-30 10:30:00,Baked Goods,Chocolate Croissant,MENU0096,Food,Menu Item,236.82,1.0,236.82,0.0,,,236.82,11.84,0,0,0,0,248.66,,,,,
Delhi,ABNAH Cafe Connaught Place,,BILL-OUT001-260330-0063,63,Delivery/Takeaway,,2026-03-30 15:58:00,2026-03-30 16:30:00,Baked Goods,Mushroom Cheese Croissant,MENU0097,Food,Menu Item,255.64,1.0,255.64,0.0,,,255.64,12.78,0,0,0,0,268.42,,,,,
Delhi,ABNAH Cafe Connaught Place,,BILL-OUT001-260330-0064,64,Delivery/Takeaway,,2026-03-30 08:14:00,2026-03-30 08:38:00,Baked Goods,Sriracha Chicken Croissant,MENU0098,Food,Menu Item,275.0,1.0,275.0,6.7,Bill Discount,Synthetic promotion,268.3,13.41,0,0,0,0,281.71,,,,,
Delhi,ABNAH Cafe Connaught Place,,BILL-OUT001-260330-0065,65,Dine In,T23,2026-03-30 11:06:00,2026-03-30 11:42:00,Baked Goods,Cinnamon Roll with Cream Cheese,MENU0099,Dessert,Menu Item,220.0,1.0,220.0,6.0,Bill Discount,Synthetic promotion,214.0,10.7,0,0,0,0,224.7,,,,,
Delhi,ABNAH Cafe Connaught Place,,BILL-OUT001-260330-0066,66,Delivery/Takeaway,,2026-03-30 18:28:00,2026-03-30 18:44:00,Baked Goods,Banana Walnut Tea Cake,MENU0100,Dessert,Menu Item,208.72,1.0,208.72,0.0,,,208.72,10.44,0,0,0,0,219.16,,,,,
Delhi,ABNAH Cafe Connaught Place,,BILL-OUT001-260330-0067,67,Delivery/Takeaway,,2026-03-30 17:03:00,2026-03-30 17:27:00,Desserts,Double Chocolate Truffle Cake,MENU0102,Dessert,Menu Item,295.0,1.0,295.0,4.76,Bill Discount,Synthetic promotion,290.24,14.51,0,0,0,0,304.75,,,,,
Delhi,ABNAH Cafe Connaught Place,,BILL-OUT001-260330-0068,68,Dine In,T20,2026-03-30 10:00:00,2026-03-30 10:24:00,Desserts,Classic Chocolate Fudge Brownie,MENU0104,Dessert,Menu Item,195.0,1.0,195.0,9.43,Bill Discount,Synthetic promotion,185.57,9.28,0,0,0,0,194.85,,,,,
Delhi,ABNAH Cafe Connaught Place,,BILL-OUT001-260330-0069,69,Delivery/Takeaway,,2026-03-30 16:48:00,2026-03-30 17:37:00,Desserts,Death by Chocolate Cookie,MENU0106,Dessert,Menu Item,193.22,1.0,193.22,0.0,,,193.22,9.66,0,0,0,0,202.88,,,,,
Delhi,ABNAH Cafe Connaught Place,,BILL-OUT001-260330-0070,70,Delivery/Takeaway,,2026-03-30 11:59:00,2026-03-30 12:28:00,Desserts,Jaggery Parmesan Cookie,MENU0107,Dessert,Menu Item,170.0,3.0,510.0,20.43,Bill Discount,Synthetic promotion,489.57,24.48,0,0,0,0,514.05,,,,,
Delhi,ABNAH Cafe Connaught Place,,BILL-OUT001-260330-0071,71,Delivery/Takeaway,,2026-03-30 12:07:00,2026-03-30 12:16:00,Desserts,Basque Cheesecake,MENU0109,Dessert,Menu Item,310.0,1.0,310.0,13.6,Bill Discount,Synthetic promotion,296.4,14.82,0,0,0,0,311.22,,,,,
Delhi,ABNAH Cafe Connaught Place,,BILL-OUT001-260330-0072,72,Dine In,T16,2026-03-30 11:02:00,2026-03-30 11:17:00,Baked Goods,Multigrain Walnut Tea Cake,MENU0110,Dessert,Menu Item,225.71,1.0,225.71,0.0,,,225.71,11.29,0,0,0,0,237.0,,,,,
Delhi,ABNAH Cafe Connaught Place,,BILL-OUT001-260331-0001,1,Dine In,T19,2026-03-31 09:03:00,2026-03-31 09:33:00,Espresso,Espresso Shot - Doppio,MENU0002,Beverage,Menu Item,186.28,1.0,186.28,0.0,,,186.28,9.31,0,0,0,0,195.59,,,,,
Delhi,ABNAH Cafe Connaught Place,,BILL-OUT001-260331-0002,2,Delivery/Takeaway,,2026-03-31 18:46:00,2026-03-31 19:07:00,Coffee Classics,Americano - Regular,MENU0003,Beverage,Menu Item,185.0,1.0,185.0,10.23,Bill Discount,Synthetic promotion,174.77,8.74,0,0,0,0,183.51,,,,,
Delhi,ABNAH Cafe Connaught Place,,BILL-OUT001-260331-0003,3,Dine In,T07,2026-03-31 08:39:00,2026-03-31 09:14:00,Coffee Classics,Americano - Medium,MENU0004,Beverage,Menu Item,210.0,7.0,1470.0,62.23,Bill Discount,Synthetic promotion,1407.77,70.39,0,0,0,0,1478.16,,,,,
Delhi,ABNAH Cafe Connaught Place,,BILL-OUT001-260331-0004,4,Delivery/Takeaway,,2026-03-31 10:20:00,2026-03-31 11:04:00,Coffee Classics,Americano - Large,MENU0005,Beverage,Menu Item,235.0,2.0,470.0,14.32,Bill Discount,Synthetic promotion,455.68,22.78,0,0,0,0,478.46,,,,,
Delhi,ABNAH Cafe Connaught Place,,BILL-OUT001-260331-0005,5,Dine In,T02,2026-03-31 14:50:00,2026-03-31 15:09:00,Coffee Classics,Latte - Regular,MENU0006,Beverage,Menu Item,225.0,3.0,675.0,39.82,Bill Discount,Synthetic promotion,635.18,31.76,0,0,0,0,666.94,,,,,
Delhi,ABNAH Cafe Connaught Place,,BILL-OUT001-260331-0006,6,Delivery/Takeaway,,2026-03-31 15:14:00,2026-03-31 15:23:00,Coffee Classics,Latte - Medium,MENU0007,Beverage,Menu Item,250.0,3.0,750.0,2.2,Bill Discount,Synthetic promotion,747.8,37.39,0,0,0,0,785.19,,,,,
Delhi,ABNAH Cafe Connaught Place,,BILL-OUT001-260331-0007,7,Dine In,T22,2026-03-31 18:15:00,2026-03-31 18:54:00,Coffee Classics,Cappuccino - Regular,MENU0009,Beverage,Menu Item,228.79,1.0,228.79,0.0,,,228.79,11.44,0,0,0,0,240.23,,,,,
Delhi,ABNAH Cafe Connaught Place,,BILL-OUT001-260331-0008,8,Delivery/Takeaway,,2026-03-31 08:19:00,2026-03-31 08:32:00,Coffee Classics,Cappuccino - Medium,MENU0010,Beverage,Menu Item,250.49,4.0,1001.96,0.01,Bill Discount,Synthetic promotion,1001.95,50.1,0,0,0,0,1052.05,,,,,
Delhi,ABNAH Cafe Connaught Place,,BILL-OUT001-260331-0009,9,Delivery/Takeaway,,2026-03-31 19:33:00,2026-03-31 19:45:00,Coffee Classics,Cappuccino - Large,MENU0011,Beverage,Menu Item,278.87,2.0,557.74,0.01,Bill Discount,Synthetic promotion,557.73,27.89,0,0,0,0,585.62,,,,,
Delhi,ABNAH Cafe Connaught Place,,BILL-OUT001-260331-0010,10,Delivery/Takeaway,,2026-03-31 17:37:00,2026-03-31 17:52:00,Coffee Classics,Flat White - Regular,MENU0012,Beverage,Menu Item,235.0,1.0,235.0,10.57,Bill Discount,Synthetic promotion,224.43,11.22,0,0,0,0,235.65,,,,,
Delhi,ABNAH Cafe Connaught Place,,BILL-OUT001-260331-0011,11,Delivery/Takeaway,,2026-03-31 12:47:00,2026-03-31 13:00:00,Coffee Classics,Flat White - Medium,MENU0013,Beverage,Menu Item,260.0,2.0,520.0,2.18,Bill Discount,Synthetic promotion,517.82,25.89,0,0,0,0,543.71,,,,,
Delhi,ABNAH Cafe Connaught Place,,BILL-OUT001-260331-0012,12,Dine In,T09,2026-03-31 17:52:00,2026-03-31 18:34:00,Coffee Classics,Mocha - Large,MENU0017,Beverage,Menu Item,295.0,1.0,295.0,10.81,Bill Discount,Synthetic promotion,284.19,14.21,0,0,0,0,298.4,,,,,
Delhi,ABNAH Cafe Connaught Place,,BILL-OUT001-260331-0013,13,Delivery/Takeaway,,2026-03-31 13:47:00,2026-03-31 14:11:00,Signature Coffee,Sea Salt Mocha - Regular,MENU0018,Beverage,Menu Item,275.0,3.0,825.0,1.54,Bill Discount,Synthetic promotion,823.46,41.17,0,0,0,0,864.63,,,,,
Delhi,ABNAH Cafe Connaught Place,,BILL-OUT001-260331-0014,14,Delivery/Takeaway,,2026-03-31 15:40:00,2026-03-31 15:49:00,Signature Coffee,Sea Salt Mocha - Large,MENU0020,Beverage,Menu Item,335.0,2.0,670.0,17.94,Bill Discount,Synthetic promotion,652.06,32.6,0,0,0,0,684.66,,,,,
Delhi,ABNAH Cafe Connaught Place,,BILL-OUT001-260331-0015,15,Delivery/Takeaway,,2026-03-31 14:06:00,2026-03-31 14:21:00,Signature Coffee,Orange Zest Mocha - Regular,MENU0021,Beverage,Menu Item,270.0,1.0,270.0,5.76,Bill Discount,Synthetic promotion,264.24,13.21,0,0,0,0,277.45,,,,,
Delhi,ABNAH Cafe Connaught Place,,BILL-OUT001-260331-0016,16,Delivery/Takeaway,,2026-03-31 17:50:00,2026-03-31 18:23:00,Signature Coffee,Orange Zest Mocha - Medium,MENU0022,Beverage,Menu Item,300.0,1.0,300.0,13.67,Bill Discount,Synthetic promotion,286.33,14.32,0,0,0,0,300.65,,,,,
Delhi,ABNAH Cafe Connaught Place,,BILL-OUT001-260331-0017,17,Delivery/Takeaway,,2026-03-31 09:29:00,2026-03-31 09:48:00,Signature Coffee,Caramel Macchiato - Medium,MENU0025,Beverage,Menu Item,298.92,1.0,298.92,0.0,,,298.92,14.95,0,0,0,0,313.87,,,,,
Delhi,ABNAH Cafe Connaught Place,,BILL-OUT001-260331-0018,18,Dine In,T18,2026-03-31 11:48:00,2026-03-31 12:23:00,Signature Coffee,Caramel Macchiato - Large,MENU0026,Beverage,Menu Item,325.0,1.0,325.0,7.23,Bill Discount,Synthetic promotion,317.77,15.89,0,0,0,0,333.66,,,,,
Delhi,ABNAH Cafe Connaught Place,,BILL-OUT001-260331-0019,19,Dine In,T08,2026-03-31 15:07:00,2026-03-31 15:42:00,Signature Coffee,French Vanilla Latte - Medium,MENU0028,Beverage,Menu Item,295.0,3.0,885.0,47.32,Bill Discount,Synthetic promotion,837.68,41.88,0,0,0,0,879.56,,,,,
Delhi,ABNAH Cafe Connaught Place,,BILL-OUT001-260331-0020,20,Dine In,T11,2026-03-31 16:36:00,2026-03-31 16:55:00,Signature Coffee,Vegan Iced Latte - Regular,MENU0030,Beverage,Menu Item,285.0,4.0,1140.0,66.79,Bill Discount,Synthetic promotion,1073.21,53.66,0,0,0,0,1126.87,,,,,
Delhi,ABNAH Cafe Connaught Place,,BILL-OUT001-260331-0021,21,Delivery/Takeaway,,2026-03-31 11:08:00,2026-03-31 11:30:00,Signature Coffee,Vegan Iced Latte - Medium,MENU0031,Beverage,Menu Item,310.0,1.0,310.0,9.41,Bill Discount,Synthetic promotion,300.59,15.03,0,0,0,0,315.62,,,,,
Delhi,ABNAH Cafe Connaught Place,,BILL-OUT001-260331-0022,22,Delivery/Takeaway,,2026-03-31 19:01:00,2026-03-31 19:14:00,Signature Coffee,Vegan Iced Latte - Large,MENU0032,Beverage,Menu Item,340.44,1.0,340.44,0.0,,,340.44,17.02,0,0,0,0,357.46,,,,,
Delhi,ABNAH Cafe Connaught Place,,BILL-OUT001-260331-0023,23,Delivery/Takeaway,,2026-03-31 18:29:00,2026-03-31 19:15:00,Cold Brew,Classic Cold Brew - Medium,MENU0034,Beverage,Menu Item,254.14,1.0,254.14,0.0,,,254.14,12.71,0,0,0,0,266.85,,,,,
Delhi,ABNAH Cafe Connaught Place,,BILL-OUT001-260331-0024,24,Dine In,T21,2026-03-31 15:03:00,2026-03-31 15:50:00,Cold Brew,Coffee Lemonade - Regular,MENU0036,Beverage,Menu Item,235.0,2.0,470.0,27.1,Bill Discount,Synthetic promotion,442.9,22.14,0,0,0,0,465.04,,,,,
Delhi,ABNAH Cafe Connaught Place,,BILL-OUT001-260331-0025,25,Dine In,T02,2026-03-31 08:09:00,2026-03-31 08:38:00,Cold Brew,Vietnamese Shakerato - Regular,MENU0039,Beverage,Menu Item,255.0,1.0,255.0,8.0,Bill Discount,Synthetic promotion,247.0,12.35,0,0,0,0,259.35,,,,,
Delhi,ABNAH Cafe Connaught Place,,BILL-OUT001-260331-0026,26,Delivery/Takeaway,,2026-03-31 16:51:00,2026-03-31 16:59:00,Cold Coffee,Classic Cold Coffee - Regular,MENU0042,Beverage,Menu Item,255.0,4.0,1020.0,44.22,Bill Discount,Synthetic promotion,975.78,48.79,0,0,0,0,1024.57,,,,,
Delhi,ABNAH Cafe Connaught Place,,BILL-OUT001-260331-0027,27,Delivery/Takeaway,,2026-03-31 18:40:00,2026-03-31 19:29:00,Cold Coffee,Classic Cold Coffee - Large,MENU0044,Beverage,Menu Item,325.0,1.0,325.0,18.04,Bill Discount,Synthetic promotion,306.96,15.35,0,0,0,0,322.31,,,,,
Delhi,ABNAH Cafe Connaught Place,,BILL-OUT001-260331-0028,28,Dine In,T16,2026-03-31 10:56:00,2026-03-31 11:20:00,Cold Coffee,Mocha Cold Coffee - Regular,MENU0045,Beverage,Menu Item,285.0,1.0,285.0,0.8,Bill Discount,Synthetic promotion,284.2,14.21,0,0,0,0,298.41,,,,,
Delhi,ABNAH Cafe Connaught Place,,BILL-OUT001-260331-0029,29,Dine In,T19,2026-03-31 18:03:00,2026-03-31 18:47:00,Cold Coffee,Mocha Cold Coffee - Large,MENU0047,Beverage,Menu Item,357.57,2.0,715.14,0.0,,,715.14,35.76,0,0,0,0,750.9,,,,,
Delhi,ABNAH Cafe Connaught Place,,BILL-OUT001-260331-0030,30,Delivery/Takeaway,,2026-03-31 10:30:00,2026-03-31 11:12:00,Cold Coffee,Caramel Cold Coffee - Regular,MENU0048,Beverage,Menu Item,285.0,1.0,285.0,10.51,Bill Discount,Synthetic promotion,274.49,13.72,0,0,0,0,288.21,,,,,
Delhi,ABNAH Cafe Connaught Place,,BILL-OUT001-260331-0031,31,Dine In,T03,2026-03-31 15:33:00,2026-03-31 15:54:00,Cold Coffee,Caramel Cold Coffee - Medium,MENU0049,Beverage,Menu Item,320.0,1.0,320.0,4.59,Bill Discount,Synthetic promotion,315.41,15.77,0,0,0,0,331.18,,,,,
Delhi,ABNAH Cafe Connaught Place,,BILL-OUT001-260331-0032,32,Delivery/Takeaway,,2026-03-31 09:22:00,2026-03-31 10:01:00,Tea,Masala Chai Latte - Medium,MENU0052,Beverage,Menu Item,220.0,1.0,220.0,2.5,Bill Discount,Synthetic promotion,217.5,10.88,0,0,0,0,228.38,,,,,
Delhi,ABNAH Cafe Connaught Place,,BILL-OUT001-260331-0033,33,Dine In,T22,2026-03-31 12:59:00,2026-03-31 13:13:00,Tea,Masala Chai Latte - Large,MENU0053,Beverage,Menu Item,246.52,1.0,246.52,0.0,,,246.52,12.33,0,0,0,0,258.85,,,,,
Delhi,ABNAH Cafe Connaught Place,,BILL-OUT001-260331-0034,34,Delivery/Takeaway,,2026-03-31 17:17:00,2026-03-31 18:06:00,Tea,Himalayan Green Tea,MENU0054,Beverage,Menu Item,213.86,1.0,213.86,0.0,,,213.86,10.69,0,0,0,0,224.55,,,,,
Delhi,ABNAH Cafe Connaught Place,,BILL-OUT001-260331-0035,35,Dine In,T14,2026-03-31 15:39:00,2026-03-31 16:01:00,Tea,Japanese Matcha Latte - Regular,MENU0055,Beverage,Menu Item,265.0,1.0,265.0,0.85,Bill Discount,Synthetic promotion,264.15,13.21,0,0,0,0,277.36,,,,,
Delhi,ABNAH Cafe Connaught Place,,BILL-OUT001-260331-0036,36,Dine In,T23,2026-03-31 17:25:00,2026-03-31 17:58:00,Tea,Japanese Matcha Latte - Large,MENU0057,Beverage,Menu Item,325.0,1.0,325.0,2.33,Bill Discount,Synthetic promotion,322.67,16.13,0,0,0,0,338.8,,,,,
Delhi,ABNAH Cafe Connaught Place,,BILL-OUT001-260331-0037,37,Delivery/Takeaway,,2026-03-31 19:09:00,2026-03-31 19:24:00,Iced Tea,Lemon Iced Tea - Medium,MENU0059,Beverage,Menu Item,230.0,1.0,230.0,13.72,Bill Discount,Synthetic promotion,216.28,10.81,0,0,0,0,227.09,,,,,
Delhi,ABNAH Cafe Connaught Place,,BILL-OUT001-260331-0038,38,Dine In,T11,2026-03-31 11:56:00,2026-03-31 12:30:00,Iced Tea,Hibiscus Lime Iced Tea - Regular,MENU0061,Beverage,Menu Item,225.0,1.0,225.0,11.53,Bill Discount,Synthetic promotion,213.47,10.67,0,0,0,0,224.14,,,,,
Delhi,ABNAH Cafe Connaught Place,,BILL-OUT001-260331-0039,39,Dine In,T11,2026-03-31 15:44:00,2026-03-31 16:09:00,Iced Tea,Hibiscus Lime Iced Tea - Medium,MENU0062,Beverage,Menu Item,250.0,1.0,250.0,6.4,Bill Discount,Synthetic promotion,243.6,12.18,0,0,0,0,255.78,,,,,
Delhi,ABNAH Cafe Connaught Place,,BILL-OUT001-260331-0040,40,Delivery/Takeaway,,2026-03-31 10:29:00,2026-03-31 11:01:00,Shake,Mixed Berry Shake - Regular,MENU0071,Beverage,Menu Item,315.0,2.0,630.0,34.52,Bill Discount,Synthetic promotion,595.48,29.77,0,0,0,0,625.25,,,,,
Delhi,ABNAH Cafe Connaught Place,,BILL-OUT001-260331-0041,41,Delivery/Takeaway,,2026-03-31 17:13:00,2026-03-31 18:00:00,Shake,Mixed Berry Shake - Medium,MENU0072,Beverage,Menu Item,350.0,1.0,350.0,20.5,Bill Discount,Synthetic promotion,329.5,16.48,0,0,0,0,345.98,,,,,
Delhi,ABNAH Cafe Connaught Place,,BILL-OUT001-260331-0042,42,Delivery/Takeaway,,2026-03-31 15:19:00,2026-03-31 15:33:00,Wraps,Spicy Paneer Wrap,MENU0077,Food,Menu Item,275.0,1.0,275.0,13.42,Bill Discount,Synthetic promotion,261.58,13.08,0,0,0,0,274.66,,,,,
Delhi,ABNAH Cafe Connaught Place,,BILL-OUT001-260331-0043,43,Dine In,T14,2026-03-31 17:01:00,2026-03-31 17:33:00,Wraps,Shredded Chicken Wrap,MENU0078,Food,Menu Item,295.0,1.0,295.0,13.33,Bill Discount,Synthetic promotion,281.67,14.08,0,0,0,0,295.75,,,,,
Delhi,ABNAH Cafe Connaught Place,,BILL-OUT001-260331-0044,44,Delivery/Takeaway,,2026-03-31 17:46:00,2026-03-31 18:34:00,Sandwiches,Smoked Chipotle Paneer Sandwich,MENU0079,Food,Menu Item,295.0,1.0,295.0,14.18,Bill Discount,Synthetic promotion,280.82,14.04,0,0,0,0,294.86,,,,,
Delhi,ABNAH Cafe Connaught Place,,BILL-OUT001-260331-0045,45,Delivery/Takeaway,,2026-03-31 16:50:00,2026-03-31 17:08:00,Sandwiches,Pesto Veg Sandwich,MENU0080,Food,Menu Item,280.0,1.0,280.0,1.0,Bill Discount,Synthetic promotion,279.0,13.95,0,0,0,0,292.95,,,,,
Delhi,ABNAH Cafe Connaught Place,,BILL-OUT001-260331-0046,46,Delivery/Takeaway,,2026-03-31 18:45:00,2026-03-31 19:29:00,Sandwiches,Tandoori Chicken Sandwich,MENU0082,Food,Menu Item,320.0,2.0,640.0,24.65,Bill Discount,Synthetic promotion,615.35,30.77,0,0,0,0,646.12,,,,,
Delhi,ABNAH Cafe Connaught Place,,BILL-OUT001-260331-0047,47,Delivery/Takeaway,,2026-03-31 17:15:00,2026-03-31 17:31:00,Platter,Hummus and Pita Platter,MENU0085,Food,Menu Item,311.52,1.0,311.52,0.0,,,311.52,15.58,0,0,0,0,327.1,,,,,
Delhi,ABNAH Cafe Connaught Place,,BILL-OUT001-260331-0048,48,Delivery/Takeaway,,2026-03-31 17:03:00,2026-03-31 17:44:00,Breakfast,Breakfast Pancakes,MENU0086,Food,Menu Item,288.71,1.0,288.71,0.0,,,288.71,14.44,0,0,0,0,303.15,,,,,
Delhi,ABNAH Cafe Connaught Place,,BILL-OUT001-260331-0049,49,Dine In,T19,2026-03-31 19:23:00,2026-03-31 20:04:00,Breakfast,Cream Cheese Bagel,MENU0087,Food,Menu Item,250.0,1.0,250.0,11.5,Bill Discount,Synthetic promotion,238.5,11.93,0,0,0,0,250.43,,,,,
Delhi,ABNAH Cafe Connaught Place,,BILL-OUT001-260331-0050,50,Dine In,T19,2026-03-31 10:48:00,2026-03-31 10:58:00,Snacks,Turnover with Brioche Dough Veg,MENU0093,Food,Menu Item,235.0,2.0,470.0,12.46,Bill Discount,Synthetic promotion,457.54,22.88,0,0,0,0,480.42,,,,,
Delhi,ABNAH Cafe Connaught Place,,BILL-OUT001-260331-0051,51,Delivery/Takeaway,,2026-03-31 17:00:00,2026-03-31 17:30:00,Baked Goods,Almond Croissant,MENU0095,Food,Menu Item,249.58,1.0,249.58,0.0,,,249.58,12.48,0,0,0,0,262.06,,,,,
Delhi,ABNAH Cafe Connaught Place,,BILL-OUT001-260331-0052,52,Delivery/Takeaway,,2026-03-31 17:41:00,2026-03-31 18:03:00,Baked Goods,Chocolate Croissant,MENU0096,Food,Menu Item,236.62,2.0,473.24,0.0,,,473.25,23.66,0,0,0,0,496.91,,,,,
Delhi,ABNAH Cafe Connaught Place,,BILL-OUT001-260331-0053,53,Delivery/Takeaway,,2026-03-31 13:59:00,2026-03-31 14:27:00,Baked Goods,Banana Walnut Tea Cake,MENU0100,Dessert,Menu Item,205.0,2.0,410.0,22.73,Bill Discount,Synthetic promotion,387.27,19.36,0,0,0,0,406.63,,,,,
Delhi,ABNAH Cafe Connaught Place,,BILL-OUT001-260331-0054,54,Delivery/Takeaway,,2026-03-31 11:06:00,2026-03-31 11:30:00,Baked Goods,Lemon Raspberry Tea Cake,MENU0101,Dessert,Menu Item,215.0,1.0,215.0,11.97,Bill Discount,Synthetic promotion,203.03,10.15,0,0,0,0,213.18,,,,,
Delhi,ABNAH Cafe Connaught Place,,BILL-OUT001-260331-0055,55,Delivery/Takeaway,,2026-03-31 11:25:00,2026-03-31 12:02:00,Desserts,Soft-Centred Caramel Cookie,MENU0105,Dessert,Menu Item,180.95,1.0,180.95,0.0,,,180.95,9.05,0,0,0,0,190.0,,,,,
Delhi,ABNAH Cafe Connaught Place,,BILL-OUT001-260331-0056,56,Delivery/Takeaway,,2026-03-31 10:58:00,2026-03-31 11:23:00,Desserts,Death by Chocolate Cookie,MENU0106,Dessert,Menu Item,190.0,3.0,570.0,16.31,Bill Discount,Synthetic promotion,553.69,27.68,0,0,0,0,581.37,,,,,
Delhi,ABNAH Cafe Connaught Place,,BILL-OUT001-260331-0057,57,Delivery/Takeaway,,2026-03-31 10:49:00,2026-03-31 11:27:00,Desserts,Jaggery Parmesan Cookie,MENU0107,Dessert,Menu Item,170.0,1.0,170.0,2.96,Bill Discount,Synthetic promotion,167.04,8.35,0,0,0,0,175.39,,,,,
Delhi,ABNAH Cafe Connaught Place,,BILL-OUT001-260331-0058,58,Delivery/Takeaway,,2026-03-31 11:53:00,2026-03-31 12:25:00,Desserts,Apple Pie,MENU0108,Dessert,Menu Item,270.0,2.0,540.0,13.88,Bill Discount,Synthetic promotion,526.12,26.31,0,0,0,0,552.43,,,,,
