row_id,outlet_name,date,super_category,category,item_number,item_name,qty,net_sale
SALE_20260101_OUT001_MENU0003,ABNAH Cafe Connaught Place,2026-01-01,Beverage,Coffee Classics,MENU0003,Americano - Regular,5,915.47
SALE_20260101_OUT001_MENU0004,ABNAH Cafe Connaught Place,2026-01-01,Beverage,Coffee Classics,MENU0004,Americano - Medium,4,830.23
SALE_20260101_OUT001_MENU0005,ABNAH Cafe Connaught Place,2026-01-01,Beverage,Coffee Classics,MENU0005,Americano - Large,1,223.64
SALE_20260101_OUT001_MENU0006,ABNAH Cafe Connaught Place,2026-01-01,Beverage,Coffee Classics,MENU0006,Latte - Regular,3,687.36
SALE_20260101_OUT001_MENU0007,ABNAH Cafe Connaught Place,2026-01-01,Beverage,Coffee Classics,MENU0007,Latte - Medium,1,247.48
SALE_20260101_OUT001_MENU0008,ABNAH Cafe Connaught Place,2026-01-01,Beverage,Coffee Classics,MENU0008,Latte - Large,3,839.74
SALE_20260101_OUT001_MENU0009,ABNAH Cafe Connaught Place,2026-01-01,Beverage,Coffee Classics,MENU0009,Cappuccino - Regular,3,678.05
SALE_20260101_OUT001_MENU0010,ABNAH Cafe Connaught Place,2026-01-01,Beverage,Coffee Classics,MENU0010,Cappuccino - Medium,4,956.64
SALE_20260101_OUT001_MENU0012,ABNAH Cafe Connaught Place,2026-01-01,Beverage,Coffee Classics,MENU0012,Flat White - Regular,4,921.53
SALE_20260101_OUT001_MENU0013,ABNAH Cafe Connaught Place,2026-01-01,Beverage,Coffee Classics,MENU0013,Flat White - Medium,2,527.36
SALE_20260101_OUT001_MENU0014,ABNAH Cafe Connaught Place,2026-01-01,Beverage,Coffee Classics,MENU0014,Flat White - Large,3,860.66
SALE_20260101_OUT001_MENU0015,ABNAH Cafe Connaught Place,2026-01-01,Beverage,Coffee Classics,MENU0015,Mocha - Regular,3,738.33
SALE_20260101_OUT001_MENU0016,ABNAH Cafe Connaught Place,2026-01-01,Beverage,Coffee Classics,MENU0016,Mocha - Medium,2,524.74
SALE_20260101_OUT001_MENU0017,ABNAH Cafe Connaught Place,2026-01-01,Beverage,Coffee Classics,MENU0017,Mocha - Large,1,278.06
SALE_20260101_OUT001_MENU0018,ABNAH Cafe Connaught Place,2026-01-01,Beverage,Signature Coffee,MENU0018,Sea Salt Mocha - Regular,1,277.19
SALE_20260101_OUT001_MENU0020,ABNAH Cafe Connaught Place,2026-01-01,Beverage,Signature Coffee,MENU0020,Sea Salt Mocha - Large,1,322.12
SALE_20260101_OUT001_MENU0021,ABNAH Cafe Connaught Place,2026-01-01,Beverage,Signature Coffee,MENU0021,Orange Zest Mocha - Regular,1,255.33
SALE_20260101_OUT001_MENU0022,ABNAH Cafe Connaught Place,2026-01-01,Beverage,Signature Coffee,MENU0022,Orange Zest Mocha - Medium,1,287.1
SALE_20260101_OUT001_MENU0026,ABNAH Cafe Connaught Place,2026-01-01,Beverage,Signature Coffee,MENU0026,Caramel Macchiato - Large,1,310.58
SALE_20260101_OUT001_MENU0027,ABNAH Cafe Connaught Place,2026-01-01,Beverage,Signature Coffee,MENU0027,French Vanilla Latte - Regular,1,265.39
SALE_20260101_OUT001_MENU0030,ABNAH Cafe Connaught Place,2026-01-01,Beverage,Signature Coffee,MENU0030,Vegan Iced Latte - Regular,3,845.31
SALE_20260101_OUT001_MENU0031,ABNAH Cafe Connaught Place,2026-01-01,Beverage,Signature Coffee,MENU0031,Vegan Iced Latte - Medium,1,297.37
SALE_20260101_OUT001_MENU0033,ABNAH Cafe Connaught Place,2026-01-01,Beverage,Cold Brew,MENU0033,Classic Cold Brew - Regular,1,228.31
SALE_20260101_OUT001_MENU0034,ABNAH Cafe Connaught Place,2026-01-01,Beverage,Cold Brew,MENU0034,Classic Cold Brew - Medium,1,240.26
SALE_20260101_OUT001_MENU0035,ABNAH Cafe Connaught Place,2026-01-01,Beverage,Cold Brew,MENU0035,Classic Cold Brew - Large,1,276.65
SALE_20260101_OUT001_MENU0036,ABNAH Cafe Connaught Place,2026-01-01,Beverage,Cold Brew,MENU0036,Coffee Lemonade - Regular,2,474.24
SALE_20260101_OUT001_MENU0040,ABNAH Cafe Connaught Place,2026-01-01,Beverage,Cold Brew,MENU0040,Vietnamese Shakerato - Medium,1,284.7
SALE_20260101_OUT001_MENU0041,ABNAH Cafe Connaught Place,2026-01-01,Beverage,Cold Brew,MENU0041,Vietnamese Shakerato - Large,1,294.3
SALE_20260101_OUT001_MENU0042,ABNAH Cafe Connaught Place,2026-01-01,Beverage,Cold Coffee,MENU0042,Classic Cold Coffee - Regular,1,247.13
SALE_20260101_OUT001_MENU0044,ABNAH Cafe Connaught Place,2026-01-01,Beverage,Cold Coffee,MENU0044,Classic Cold Coffee - Large,1,325.56
SALE_20260101_OUT001_MENU0045,ABNAH Cafe Connaught Place,2026-01-01,Beverage,Cold Coffee,MENU0045,Mocha Cold Coffee - Regular,1,280.86
SALE_20260101_OUT001_MENU0046,ABNAH Cafe Connaught Place,2026-01-01,Beverage,Cold Coffee,MENU0046,Mocha Cold Coffee - Medium,2,616.55
SALE_20260101_OUT001_MENU0048,ABNAH Cafe Connaught Place,2026-01-01,Beverage,Cold Coffee,MENU0048,Caramel Cold Coffee - Regular,1,284.68
SALE_20260101_OUT001_MENU0049,ABNAH Cafe Connaught Place,2026-01-01,Beverage,Cold Coffee,MENU0049,Caramel Cold Coffee - Medium,1,306.1
SALE_20260101_OUT001_MENU0051,ABNAH Cafe Connaught Place,2026-01-01,Beverage,Tea,MENU0051,Masala Chai Latte - Regular,3,572.35
SALE_20260101_OUT001_MENU0054,ABNAH Cafe Connaught Place,2026-01-01,Beverage,Tea,MENU0054,Himalayan Green Tea,2,426.2
SALE_20260101_OUT001_MENU0055,ABNAH Cafe Connaught Place,2026-01-01,Beverage,Tea,MENU0055,Japanese Matcha Latte - Regular,1,260.29
SALE_20260101_OUT001_MENU0057,ABNAH Cafe Connaught Place,2026-01-01,Beverage,Tea,MENU0057,Japanese Matcha Latte - Large,5,1562.86
SALE_20260101_OUT001_MENU0059,ABNAH Cafe Connaught Place,2026-01-01,Beverage,Iced Tea,MENU0059,Lemon Iced Tea - Medium,2,436.58
SALE_20260101_OUT001_MENU0061,ABNAH Cafe Connaught Place,2026-01-01,Beverage,Iced Tea,MENU0061,Hibiscus Lime Iced Tea - Regular,2,454.88
SALE_20260101_OUT001_MENU0065,ABNAH Cafe Connaught Place,2026-01-01,Beverage,Kids Beverage,MENU0065,Hot Chocolate - Medium,1,240.82
SALE_20260101_OUT001_MENU0066,ABNAH Cafe Connaught Place,2026-01-01,Beverage,Kids Beverage,MENU0066,Hot Chocolate - Large,1,262.23
SALE_20260101_OUT001_MENU0069,ABNAH Cafe Connaught Place,2026-01-01,Beverage,Shake,MENU0069,Choco Chip Shake - Medium,2,638.12
SALE_20260101_OUT001_MENU0074,ABNAH Cafe Connaught Place,2026-01-01,Beverage,Smoothie,MENU0074,Seasonal Smoothie - Regular,2,603.2
SALE_20260101_OUT001_MENU0077,ABNAH Cafe Connaught Place,2026-01-01,Food,Wraps,MENU0077,Spicy Paneer Wrap,1,273.9
SALE_20260101_OUT001_MENU0078,ABNAH Cafe Connaught Place,2026-01-01,Food,Wraps,MENU0078,Shredded Chicken Wrap,1,278.24
SALE_20260101_OUT001_MENU0080,ABNAH Cafe Connaught Place,2026-01-01,Food,Sandwiches,MENU0080,Pesto Veg Sandwich,1,269.51
SALE_20260101_OUT001_MENU0083,ABNAH Cafe Connaught Place,2026-01-01,Food,Toasts,MENU0083,Chilli Cheese Garlic Toast,1,223.27
SALE_20260101_OUT001_MENU0084,ABNAH Cafe Connaught Place,2026-01-01,Food,Toasts,MENU0084,Chicken Pepperoni Avocado Toast,1,322.27
SALE_20260101_OUT001_MENU0085,ABNAH Cafe Connaught Place,2026-01-01,Food,Platter,MENU0085,Hummus and Pita Platter,1,306.6
SALE_20260101_OUT001_MENU0091,ABNAH Cafe Connaught Place,2026-01-01,Food,Snacks,MENU0091,Pesto Sundried Tomato Pin Wheel,1,226.81
SALE_20260101_OUT001_MENU0096,ABNAH Cafe Connaught Place,2026-01-01,Food,Baked Goods,MENU0096,Chocolate Croissant,2,462.09
SALE_20260101_OUT001_MENU0097,ABNAH Cafe Connaught Place,2026-01-01,Food,Baked Goods,MENU0097,Mushroom Cheese Croissant,1,249.12
SALE_20260101_OUT001_MENU0100,ABNAH Cafe Connaught Place,2026-01-01,Dessert,Baked Goods,MENU0100,Banana Walnut Tea Cake,1,197.35
SALE_20260101_OUT001_MENU0101,ABNAH Cafe Connaught Place,2026-01-01,Dessert,Baked Goods,MENU0101,Lemon Raspberry Tea Cake,2,428.41
SALE_20260101_OUT001_MENU0104,ABNAH Cafe Connaught Place,2026-01-01,Dessert,Desserts,MENU0104,Classic Chocolate Fudge Brownie,1,189.62
SALE_20260101_OUT001_MENU0105,ABNAH Cafe Connaught Place,2026-01-01,Dessert,Desserts,MENU0105,Soft-Centred Caramel Cookie,1,176.07
SALE_20260101_OUT001_MENU0107,ABNAH Cafe Connaught Place,2026-01-01,Dessert,Desserts,MENU0107,Jaggery Parmesan Cookie,1,173.13
SALE_20260101_OUT001_MENU0110,ABNAH Cafe Connaught Place,2026-01-01,Dessert,Baked Goods,MENU0110,Multigrain Walnut Tea Cake,1,223.5
SALE_20260102_OUT001_MENU0003,ABNAH Cafe Connaught Place,2026-01-02,Beverage,Coffee Classics,MENU0003,Americano - Regular,2,354.57
SALE_20260102_OUT001_MENU0005,ABNAH Cafe Connaught Place,2026-01-02,Beverage,Coffee Classics,MENU0005,Americano - Large,1,226.29
SALE_20260102_OUT001_MENU0006,ABNAH Cafe Connaught Place,2026-01-02,Beverage,Coffee Classics,MENU0006,Latte - Regular,4,878.21
SALE_20260102_OUT001_MENU0007,ABNAH Cafe Connaught Place,2026-01-02,Beverage,Coffee Classics,MENU0007,Latte - Medium,3,743.73
SALE_20260102_OUT001_MENU0008,ABNAH Cafe Connaught Place,2026-01-02,Beverage,Coffee Classics,MENU0008,Latte - Large,2,539.17
SALE_20260102_OUT001_MENU0009,ABNAH Cafe Connaught Place,2026-01-02,Beverage,Coffee Classics,MENU0009,Cappuccino - Regular,4,864.66
SALE_20260102_OUT001_MENU0010,ABNAH Cafe Connaught Place,2026-01-02,Beverage,Coffee Classics,MENU0010,Cappuccino - Medium,5,1197.47
SALE_20260102_OUT001_MENU0011,ABNAH Cafe Connaught Place,2026-01-02,Beverage,Coffee Classics,MENU0011,Cappuccino - Large,3,795.91
SALE_20260102_OUT001_MENU0012,ABNAH Cafe Connaught Place,2026-01-02,Beverage,Coffee Classics,MENU0012,Flat White - Regular,1,229.69
SALE_20260102_OUT001_MENU0013,ABNAH Cafe Connaught Place,2026-01-02,Beverage,Coffee Classics,MENU0013,Flat White - Medium,2,512.12
SALE_20260102_OUT001_MENU0014,ABNAH Cafe Connaught Place,2026-01-02,Beverage,Coffee Classics,MENU0014,Flat White - Large,1,272.19
SALE_20260102_OUT001_MENU0015,ABNAH Cafe Connaught Place,2026-01-02,Beverage,Coffee Classics,MENU0015,Mocha - Regular,4,987.12
SALE_20260102_OUT001_MENU0017,ABNAH Cafe Connaught Place,2026-01-02,Beverage,Coffee Classics,MENU0017,Mocha - Large,3,849.39
SALE_20260102_OUT001_MENU0018,ABNAH Cafe Connaught Place,2026-01-02,Beverage,Signature Coffee,MENU0018,Sea Salt Mocha - Regular,1,279.7
SALE_20260102_OUT001_MENU0021,ABNAH Cafe Connaught Place,2026-01-02,Beverage,Signature Coffee,MENU0021,Orange Zest Mocha - Regular,1,268.88
SALE_20260102_OUT001_MENU0022,ABNAH Cafe Connaught Place,2026-01-02,Beverage,Signature Coffee,MENU0022,Orange Zest Mocha - Medium,1,299.58
SALE_20260102_OUT001_MENU0024,ABNAH Cafe Connaught Place,2026-01-02,Beverage,Signature Coffee,MENU0024,Caramel Macchiato - Regular,1,266.45
SALE_20260102_OUT001_MENU0027,ABNAH Cafe Connaught Place,2026-01-02,Beverage,Signature Coffee,MENU0027,French Vanilla Latte - Regular,2,518.86
SALE_20260102_OUT001_MENU0028,ABNAH Cafe Connaught Place,2026-01-02,Beverage,Signature Coffee,MENU0028,French Vanilla Latte - Medium,1,295.94
SALE_20260102_OUT001_MENU0029,ABNAH Cafe Connaught Place,2026-01-02,Beverage,Signature Coffee,MENU0029,French Vanilla Latte - Large,2,631.03
SALE_20260102_OUT001_MENU0030,ABNAH Cafe Connaught Place,2026-01-02,Beverage,Signature Coffee,MENU0030,Vegan Iced Latte - Regular,2,541.14
SALE_20260102_OUT001_MENU0032,ABNAH Cafe Connaught Place,2026-01-02,Beverage,Signature Coffee,MENU0032,Vegan Iced Latte - Large,1,316.27
SALE_20260102_OUT001_MENU0036,ABNAH Cafe Connaught Place,2026-01-02,Beverage,Cold Brew,MENU0036,Coffee Lemonade - Regular,1,234.43
SALE_20260102_OUT001_MENU0037,ABNAH Cafe Connaught Place,2026-01-02,Beverage,Cold Brew,MENU0037,Coffee Lemonade - Medium,2,508.36
SALE_20260102_OUT001_MENU0038,ABNAH Cafe Connaught Place,2026-01-02,Beverage,Cold Brew,MENU0038,Coffee Lemonade - Large,1,268.63
SALE_20260102_OUT001_MENU0039,ABNAH Cafe Connaught Place,2026-01-02,Beverage,Cold Brew,MENU0039,Vietnamese Shakerato - Regular,1,241.84
SALE_20260102_OUT001_MENU0042,ABNAH Cafe Connaught Place,2026-01-02,Beverage,Cold Coffee,MENU0042,Classic Cold Coffee - Regular,2,490.16
SALE_20260102_OUT001_MENU0046,ABNAH Cafe Connaught Place,2026-01-02,Beverage,Cold Coffee,MENU0046,Mocha Cold Coffee - Medium,1,304.84
SALE_20260102_OUT001_MENU0047,ABNAH Cafe Connaught Place,2026-01-02,Beverage,Cold Coffee,MENU0047,Mocha Cold Coffee - Large,2,671.57
SALE_20260102_OUT001_MENU0048,ABNAH Cafe Connaught Place,2026-01-02,Beverage,Cold Coffee,MENU0048,Caramel Cold Coffee - Regular,1,287.5
SALE_20260102_OUT001_MENU0050,ABNAH Cafe Connaught Place,2026-01-02,Beverage,Cold Coffee,MENU0050,Caramel Cold Coffee - Large,1,346.48
SALE_20260102_OUT001_MENU0052,ABNAH Cafe Connaught Place,2026-01-02,Beverage,Tea,MENU0052,Masala Chai Latte - Medium,1,215.35
SALE_20260102_OUT001_MENU0055,ABNAH Cafe Connaught Place,2026-01-02,Beverage,Tea,MENU0055,Japanese Matcha Latte - Regular,1,265.37
SALE_20260102_OUT001_MENU0057,ABNAH Cafe Connaught Place,2026-01-02,Beverage,Tea,MENU0057,Japanese Matcha Latte - Large,1,311.28
SALE_20260102_OUT001_MENU0058,ABNAH Cafe Connaught Place,2026-01-02,Beverage,Iced Tea,MENU0058,Lemon Iced Tea - Regular,2,400.16
SALE_20260102_OUT001_MENU0059,ABNAH Cafe Connaught Place,2026-01-02,Beverage,Iced Tea,MENU0059,Lemon Iced Tea - Medium,1,231.63
SALE_20260102_OUT001_MENU0062,ABNAH Cafe Connaught Place,2026-01-02,Beverage,Iced Tea,MENU0062,Hibiscus Lime Iced Tea - Medium,1,239.63
SALE_20260102_OUT001_MENU0071,ABNAH Cafe Connaught Place,2026-01-02,Beverage,Shake,MENU0071,Mixed Berry Shake - Regular,1,314.53
SALE_20260102_OUT001_MENU0075,ABNAH Cafe Connaught Place,2026-01-02,Beverage,Smoothie,MENU0075,Seasonal Smoothie - Medium,1,336.76
SALE_20260102_OUT001_MENU0079,ABNAH Cafe Connaught Place,2026-01-02,Food,Sandwiches,MENU0079,Smoked Chipotle Paneer Sandwich,1,279.79
SALE_20260102_OUT001_MENU0081,ABNAH Cafe Connaught Place,2026-01-02,Food,Sandwiches,MENU0081,Pepper Chicken Sandwich,1,308.93
SALE_20260102_OUT001_MENU0084,ABNAH Cafe Connaught Place,2026-01-02,Food,Toasts,MENU0084,Chicken Pepperoni Avocado Toast,2,633.8
SALE_20260102_OUT001_MENU0086,ABNAH Cafe Connaught Place,2026-01-02,Food,Breakfast,MENU0086,Breakfast Pancakes,1,283.59
SALE_20260102_OUT001_MENU0087,ABNAH Cafe Connaught Place,2026-01-02,Food,Breakfast,MENU0087,Cream Cheese Bagel,1,245.25
SALE_20260102_OUT001_MENU0088,ABNAH Cafe Connaught Place,2026-01-02,Food,Breakfast,MENU0088,Scallion Pepper Cream Cheese Bagel,1,258.95
SALE_20260102_OUT001_MENU0091,ABNAH Cafe Connaught Place,2026-01-02,Food,Snacks,MENU0091,Pesto Sundried Tomato Pin Wheel,1,226.8
SALE_20260102_OUT001_MENU0097,ABNAH Cafe Connaught Place,2026-01-02,Food,Baked Goods,MENU0097,Mushroom Cheese Croissant,3,762.96
SALE_20260102_OUT001_MENU0100,ABNAH Cafe Connaught Place,2026-01-02,Dessert,Baked Goods,MENU0100,Banana Walnut Tea Cake,1,197.91
SALE_20260102_OUT001_MENU0102,ABNAH Cafe Connaught Place,2026-01-02,Dessert,Desserts,MENU0102,Double Chocolate Truffle Cake,2,573.62
SALE_20260102_OUT001_MENU0103,ABNAH Cafe Connaught Place,2026-01-02,Dessert,Desserts,MENU0103,Banoffee Pie,3,815.03
SALE_20260102_OUT001_MENU0105,ABNAH Cafe Connaught Place,2026-01-02,Dessert,Desserts,MENU0105,Soft-Centred Caramel Cookie,1,176.17
SALE_20260102_OUT001_MENU0106,ABNAH Cafe Connaught Place,2026-01-02,Dessert,Desserts,MENU0106,Death by Chocolate Cookie,2,371.36
SALE_20260102_OUT001_MENU0109,ABNAH Cafe Connaught Place,2026-01-02,Dessert,Desserts,MENU0109,Basque Cheesecake,2,616.36
SALE_20260103_OUT001_MENU0004,ABNAH Cafe Connaught Place,2026-01-03,Beverage,Coffee Classics,MENU0004,Americano - Medium,1,206.17
SALE_20260103_OUT001_MENU0005,ABNAH Cafe Connaught Place,2026-01-03,Beverage,Coffee Classics,MENU0005,Americano - Large,1,236.32
SALE_20260103_OUT001_MENU0006,ABNAH Cafe Connaught Place,2026-01-03,Beverage,Coffee Classics,MENU0006,Latte - Regular,5,1108.84
SALE_20260103_OUT001_MENU0007,ABNAH Cafe Connaught Place,2026-01-03,Beverage,Coffee Classics,MENU0007,Latte - Medium,3,758.78
SALE_20260103_OUT001_MENU0008,ABNAH Cafe Connaught Place,2026-01-03,Beverage,Coffee Classics,MENU0008,Latte - Large,1,272.66
SALE_20260103_OUT001_MENU0009,ABNAH Cafe Connaught Place,2026-01-03,Beverage,Coffee Classics,MENU0009,Cappuccino - Regular,1,227.19
SALE_20260103_OUT001_MENU0010,ABNAH Cafe Connaught Place,2026-01-03,Beverage,Coffee Classics,MENU0010,Cappuccino - Medium,1,250.57
SALE_20260103_OUT001_MENU0011,ABNAH Cafe Connaught Place,2026-01-03,Beverage,Coffee Classics,MENU0011,Cappuccino - Large,2,519.65
SALE_20260103_OUT001_MENU0012,ABNAH Cafe Connaught Place,2026-01-03,Beverage,Coffee Classics,MENU0012,Flat White - Regular,2,460.75
SALE_20260103_OUT001_MENU0013,ABNAH Cafe Connaught Place,2026-01-03,Beverage,Coffee Classics,MENU0013,Flat White - Medium,4,979.94
SALE_20260103_OUT001_MENU0014,ABNAH Cafe Connaught Place,2026-01-03,Beverage,Coffee Classics,MENU0014,Flat White - Large,1,280.04
SALE_20260103_OUT001_MENU0015,ABNAH Cafe Connaught Place,2026-01-03,Beverage,Coffee Classics,MENU0015,Mocha - Regular,1,245.91
SALE_20260103_OUT001_MENU0016,ABNAH Cafe Connaught Place,2026-01-03,Beverage,Coffee Classics,MENU0016,Mocha - Medium,1,262.51
SALE_20260103_OUT001_MENU0018,ABNAH Cafe Connaught Place,2026-01-03,Beverage,Signature Coffee,MENU0018,Sea Salt Mocha - Regular,1,275.58
SALE_20260103_OUT001_MENU0019,ABNAH Cafe Connaught Place,2026-01-03,Beverage,Signature Coffee,MENU0019,Sea Salt Mocha - Medium,1,297.1
SALE_20260103_OUT001_MENU0022,ABNAH Cafe Connaught Place,2026-01-03,Beverage,Signature Coffee,MENU0022,Orange Zest Mocha - Medium,1,287.09
SALE_20260103_OUT001_MENU0023,ABNAH Cafe Connaught Place,2026-01-03,Beverage,Signature Coffee,MENU0023,Orange Zest Mocha - Large,1,312.08
SALE_20260103_OUT001_MENU0025,ABNAH Cafe Connaught Place,2026-01-03,Beverage,Signature Coffee,MENU0025,Caramel Macchiato - Medium,2,556.36
SALE_20260103_OUT001_MENU0028,ABNAH Cafe Connaught Place,2026-01-03,Beverage,Signature Coffee,MENU0028,French Vanilla Latte - Medium,2,582.17
SALE_20260103_OUT001_MENU0029,ABNAH Cafe Connaught Place,2026-01-03,Beverage,Signature Coffee,MENU0029,French Vanilla Latte - Large,2,621.43
SALE_20260103_OUT001_MENU0035,ABNAH Cafe Connaught Place,2026-01-03,Beverage,Cold Brew,MENU0035,Classic Cold Brew - Large,1,271.92
SALE_20260103_OUT001_MENU0037,ABNAH Cafe Connaught Place,2026-01-03,Beverage,Cold Brew,MENU0037,Coffee Lemonade - Medium,1,246.88
SALE_20260103_OUT001_MENU0040,ABNAH Cafe Connaught Place,2026-01-03,Beverage,Cold Brew,MENU0040,Vietnamese Shakerato - Medium,1,275.58
SALE_20260103_OUT001_MENU0042,ABNAH Cafe Connaught Place,2026-01-03,Beverage,Cold Coffee,MENU0042,Classic Cold Coffee - Regular,1,258.46
SALE_20260103_OUT001_MENU0043,ABNAH Cafe Connaught Place,2026-01-03,Beverage,Cold Coffee,MENU0043,Classic Cold Coffee - Medium,1,279.53
SALE_20260103_OUT001_MENU0045,ABNAH Cafe Connaught Place,2026-01-03,Beverage,Cold Coffee,MENU0045,Mocha Cold Coffee - Regular,1,273.41
SALE_20260103_OUT001_MENU0046,ABNAH Cafe Connaught Place,2026-01-03,Beverage,Cold Coffee,MENU0046,Mocha Cold Coffee - Medium,2,642.97
SALE_20260103_OUT001_MENU0048,ABNAH Cafe Connaught Place,2026-01-03,Beverage,Cold Coffee,MENU0048,Caramel Cold Coffee - Regular,1,274.59
SALE_20260103_OUT001_MENU0051,ABNAH Cafe Connaught Place,2026-01-03,Beverage,Tea,MENU0051,Masala Chai Latte - Regular,1,192.0
SALE_20260103_OUT001_MENU0055,ABNAH Cafe Connaught Place,2026-01-03,Beverage,Tea,MENU0055,Japanese Matcha Latte - Regular,1,263.21
SALE_20260103_OUT001_MENU0061,ABNAH Cafe Connaught Place,2026-01-03,Beverage,Iced Tea,MENU0061,Hibiscus Lime Iced Tea - Regular,2,448.42
SALE_20260103_OUT001_MENU0069,ABNAH Cafe Connaught Place,2026-01-03,Beverage,Shake,MENU0069,Choco Chip Shake - Medium,2,630.89
SALE_20260103_OUT001_MENU0071,ABNAH Cafe Connaught Place,2026-01-03,Beverage,Shake,MENU0071,Mixed Berry Shake - Regular,1,300.38
SALE_20260103_OUT001_MENU0072,ABNAH Cafe Connaught Place,2026-01-03,Beverage,Shake,MENU0072,Mixed Berry Shake - Medium,1,347.29
SALE_20260103_OUT001_MENU0073,ABNAH Cafe Connaught Place,2026-01-03,Beverage,Shake,MENU0073,Mixed Berry Shake - Large,1,362.26
SALE_20260103_OUT001_MENU0074,ABNAH Cafe Connaught Place,2026-01-03,Beverage,Smoothie,MENU0074,Seasonal Smoothie - Regular,1,309.05
SALE_20260103_OUT001_MENU0078,ABNAH Cafe Connaught Place,2026-01-03,Food,Wraps,MENU0078,Shredded Chicken Wrap,1,287.49
SALE_20260103_OUT001_MENU0079,ABNAH Cafe Connaught Place,2026-01-03,Food,Sandwiches,MENU0079,Smoked Chipotle Paneer Sandwich,1,299.65
SALE_20260103_OUT001_MENU0084,ABNAH Cafe Connaught Place,2026-01-03,Food,Toasts,MENU0084,Chicken Pepperoni Avocado Toast,1,314.33
SALE_20260103_OUT001_MENU0087,ABNAH Cafe Connaught Place,2026-01-03,Food,Breakfast,MENU0087,Cream Cheese Bagel,1,249.4
SALE_20260103_OUT001_MENU0089,ABNAH Cafe Connaught Place,2026-01-03,Food,Breakfast,MENU0089,Masala Egg Bun,1,219.65
SALE_20260103_OUT001_MENU0095,ABNAH Cafe Connaught Place,2026-01-03,Food,Baked Goods,MENU0095,Almond Croissant,1,238.01
SALE_20260103_OUT001_MENU0096,ABNAH Cafe Connaught Place,2026-01-03,Food,Baked Goods,MENU0096,Chocolate Croissant,2,478.78
SALE_20260103_OUT001_MENU0097,ABNAH Cafe Connaught Place,2026-01-03,Food,Baked Goods,MENU0097,Mushroom Cheese Croissant,1,244.75
SALE_20260103_OUT001_MENU0103,ABNAH Cafe Connaught Place,2026-01-03,Dessert,Desserts,MENU0103,Banoffee Pie,1,289.65
SALE_20260103_OUT001_MENU0110,ABNAH Cafe Connaught Place,2026-01-03,Dessert,Baked Goods,MENU0110,Multigrain Walnut Tea Cake,2,426.09
SALE_20260104_OUT001_MENU0003,ABNAH Cafe Connaught Place,2026-01-04,Beverage,Coffee Classics,MENU0003,Americano - Regular,2,348.52
SALE_20260104_OUT001_MENU0004,ABNAH Cafe Connaught Place,2026-01-04,Beverage,Coffee Classics,MENU0004,Americano - Medium,3,626.86
SALE_20260104_OUT001_MENU0006,ABNAH Cafe Connaught Place,2026-01-04,Beverage,Coffee Classics,MENU0006,Latte - Regular,1,222.95
SALE_20260104_OUT001_MENU0007,ABNAH Cafe Connaught Place,2026-01-04,Beverage,Coffee Classics,MENU0007,Latte - Medium,1,241.24
SALE_20260104_OUT001_MENU0009,ABNAH Cafe Connaught Place,2026-01-04,Beverage,Coffee Classics,MENU0009,Cappuccino - Regular,1,225.85
SALE_20260104_OUT001_MENU0011,ABNAH Cafe Connaught Place,2026-01-04,Beverage,Coffee Classics,MENU0011,Cappuccino - Large,1,270.61
SALE_20260104_OUT001_MENU0012,ABNAH Cafe Connaught Place,2026-01-04,Beverage,Coffee Classics,MENU0012,Flat White - Regular,1,232.62
SALE_20260104_OUT001_MENU0013,ABNAH Cafe Connaught Place,2026-01-04,Beverage,Coffee Classics,MENU0013,Flat White - Medium,1,257.25
SALE_20260104_OUT001_MENU0015,ABNAH Cafe Connaught Place,2026-01-04,Beverage,Coffee Classics,MENU0015,Mocha - Regular,2,493.91
SALE_20260104_OUT001_MENU0020,ABNAH Cafe Connaught Place,2026-01-04,Beverage,Signature Coffee,MENU0020,Sea Salt Mocha - Large,1,337.57
SALE_20260104_OUT001_MENU0022,ABNAH Cafe Connaught Place,2026-01-04,Beverage,Signature Coffee,MENU0022,Orange Zest Mocha - Medium,1,292.6
SALE_20260104_OUT001_MENU0025,ABNAH Cafe Connaught Place,2026-01-04,Beverage,Signature Coffee,MENU0025,Caramel Macchiato - Medium,1,285.98
SALE_20260104_OUT001_MENU0031,ABNAH Cafe Connaught Place,2026-01-04,Beverage,Signature Coffee,MENU0031,Vegan Iced Latte - Medium,1,303.27
SALE_20260104_OUT001_MENU0038,ABNAH Cafe Connaught Place,2026-01-04,Beverage,Cold Brew,MENU0038,Coffee Lemonade - Large,1,280.3
SALE_20260104_OUT001_MENU0042,ABNAH Cafe Connaught Place,2026-01-04,Beverage,Cold Coffee,MENU0042,Classic Cold Coffee - Regular,1,241.77
SALE_20260104_OUT001_MENU0043,ABNAH Cafe Connaught Place,2026-01-04,Beverage,Cold Coffee,MENU0043,Classic Cold Coffee - Medium,1,273.33
SALE_20260104_OUT001_MENU0044,ABNAH Cafe Connaught Place,2026-01-04,Beverage,Cold Coffee,MENU0044,Classic Cold Coffee - Large,2,619.67
SALE_20260104_OUT001_MENU0045,ABNAH Cafe Connaught Place,2026-01-04,Beverage,Cold Coffee,MENU0045,Mocha Cold Coffee - Regular,1,275.88
SALE_20260104_OUT001_MENU0051,ABNAH Cafe Connaught Place,2026-01-04,Beverage,Tea,MENU0051,Masala Chai Latte - Regular,1,193.82
SALE_20260104_OUT001_MENU0052,ABNAH Cafe Connaught Place,2026-01-04,Beverage,Tea,MENU0052,Masala Chai Latte - Medium,1,210.6
SALE_20260104_OUT001_MENU0054,ABNAH Cafe Connaught Place,2026-01-04,Beverage,Tea,MENU0054,Himalayan Green Tea,1,210.22
SALE_20260104_OUT001_MENU0055,ABNAH Cafe Connaught Place,2026-01-04,Beverage,Tea,MENU0055,Japanese Matcha Latte - Regular,2,505.14
SALE_20260104_OUT001_MENU0069,ABNAH Cafe Connaught Place,2026-01-04,Beverage,Shake,MENU0069,Choco Chip Shake - Medium,1,322.76
SALE_20260104_OUT001_MENU0072,ABNAH Cafe Connaught Place,2026-01-04,Beverage,Shake,MENU0072,Mixed Berry Shake - Medium,1,347.62
SALE_20260104_OUT001_MENU0074,ABNAH Cafe Connaught Place,2026-01-04,Beverage,Smoothie,MENU0074,Seasonal Smoothie - Regular,1,301.55
SALE_20260104_OUT001_MENU0075,ABNAH Cafe Connaught Place,2026-01-04,Beverage,Smoothie,MENU0075,Seasonal Smoothie - Medium,1,337.0
SALE_20260104_OUT001_MENU0077,ABNAH Cafe Connaught Place,2026-01-04,Food,Wraps,MENU0077,Spicy Paneer Wrap,1,259.51
SALE_20260104_OUT001_MENU0080,ABNAH Cafe Connaught Place,2026-01-04,Food,Sandwiches,MENU0080,Pesto Veg Sandwich,1,265.22
SALE_20260104_OUT001_MENU0082,ABNAH Cafe Connaught Place,2026-01-04,Food,Sandwiches,MENU0082,Tandoori Chicken Sandwich,1,311.42
SALE_20260104_OUT001_MENU0098,ABNAH Cafe Connaught Place,2026-01-04,Food,Baked Goods,MENU0098,Sriracha Chicken Croissant,1,263.24
SALE_20260104_OUT001_MENU0101,ABNAH Cafe Connaught Place,2026-01-04,Dessert,Baked Goods,MENU0101,Lemon Raspberry Tea Cake,2,429.16
SALE_20260104_OUT001_MENU0104,ABNAH Cafe Connaught Place,2026-01-04,Dessert,Desserts,MENU0104,Classic Chocolate Fudge Brownie,1,195.64
SALE_20260104_OUT001_MENU0106,ABNAH Cafe Connaught Place,2026-01-04,Dessert,Desserts,MENU0106,Death by Chocolate Cookie,1,179.78
SALE_20260104_OUT001_MENU0107,ABNAH Cafe Connaught Place,2026-01-04,Dessert,Desserts,MENU0107,Jaggery Parmesan Cookie,1,162.16
SALE_20260105_OUT001_MENU0003,ABNAH Cafe Connaught Place,2026-01-05,Beverage,Coffee Classics,MENU0003,Americano - Regular,2,374.14
SALE_20260105_OUT001_MENU0004,ABNAH Cafe Connaught Place,2026-01-05,Beverage,Coffee Classics,MENU0004,Americano - Medium,2,395.89
SALE_20260105_OUT001_MENU0005,ABNAH Cafe Connaught Place,2026-01-05,Beverage,Coffee Classics,MENU0005,Americano - Large,2,459.25
SALE_20260105_OUT001_MENU0007,ABNAH Cafe Connaught Place,2026-01-05,Beverage,Coffee Classics,MENU0007,Latte - Medium,1,242.46
SALE_20260105_OUT001_MENU0008,ABNAH Cafe Connaught Place,2026-01-05,Beverage,Coffee Classics,MENU0008,Latte - Large,2,556.88
SALE_20260105_OUT001_MENU0009,ABNAH Cafe Connaught Place,2026-01-05,Beverage,Coffee Classics,MENU0009,Cappuccino - Regular,3,650.74
SALE_20260105_OUT001_MENU0010,ABNAH Cafe Connaught Place,2026-01-05,Beverage,Coffee Classics,MENU0010,Cappuccino - Medium,3,716.27
SALE_20260105_OUT001_MENU0011,ABNAH Cafe Connaught Place,2026-01-05,Beverage,Coffee Classics,MENU0011,Cappuccino - Large,1,279.83
SALE_20260105_OUT001_MENU0012,ABNAH Cafe Connaught Place,2026-01-05,Beverage,Coffee Classics,MENU0012,Flat White - Regular,1,231.45
SALE_20260105_OUT001_MENU0013,ABNAH Cafe Connaught Place,2026-01-05,Beverage,Coffee Classics,MENU0013,Flat White - Medium,2,492.84
SALE_20260105_OUT001_MENU0014,ABNAH Cafe Connaught Place,2026-01-05,Beverage,Coffee Classics,MENU0014,Flat White - Large,1,289.07
SALE_20260105_OUT001_MENU0015,ABNAH Cafe Connaught Place,2026-01-05,Beverage,Coffee Classics,MENU0015,Mocha - Regular,4,946.75
SALE_20260105_OUT001_MENU0016,ABNAH Cafe Connaught Place,2026-01-05,Beverage,Coffee Classics,MENU0016,Mocha - Medium,2,520.1
SALE_20260105_OUT001_MENU0017,ABNAH Cafe Connaught Place,2026-01-05,Beverage,Coffee Classics,MENU0017,Mocha - Large,2,573.34
SALE_20260105_OUT001_MENU0020,ABNAH Cafe Connaught Place,2026-01-05,Beverage,Signature Coffee,MENU0020,Sea Salt Mocha - Large,1,321.03
SALE_20260105_OUT001_MENU0021,ABNAH Cafe Connaught Place,2026-01-05,Beverage,Signature Coffee,MENU0021,Orange Zest Mocha - Regular,1,272.0
SALE_20260105_OUT001_MENU0024,ABNAH Cafe Connaught Place,2026-01-05,Beverage,Signature Coffee,MENU0024,Caramel Macchiato - Regular,1,259.16
SALE_20260105_OUT001_MENU0025,ABNAH Cafe Connaught Place,2026-01-05,Beverage,Signature Coffee,MENU0025,Caramel Macchiato - Medium,1,289.2
SALE_20260105_OUT001_MENU0027,ABNAH Cafe Connaught Place,2026-01-05,Beverage,Signature Coffee,MENU0027,French Vanilla Latte - Regular,3,766.4
SALE_20260105_OUT001_MENU0028,ABNAH Cafe Connaught Place,2026-01-05,Beverage,Signature Coffee,MENU0028,French Vanilla Latte - Medium,2,598.09
SALE_20260105_OUT001_MENU0029,ABNAH Cafe Connaught Place,2026-01-05,Beverage,Signature Coffee,MENU0029,French Vanilla Latte - Large,1,317.32
SALE_20260105_OUT001_MENU0031,ABNAH Cafe Connaught Place,2026-01-05,Beverage,Signature Coffee,MENU0031,Vegan Iced Latte - Medium,1,303.84
SALE_20260105_OUT001_MENU0032,ABNAH Cafe Connaught Place,2026-01-05,Beverage,Signature Coffee,MENU0032,Vegan Iced Latte - Large,2,672.06
SALE_20260105_OUT001_MENU0036,ABNAH Cafe Connaught Place,2026-01-05,Beverage,Cold Brew,MENU0036,Coffee Lemonade - Regular,1,226.2
SALE_20260105_OUT001_MENU0039,ABNAH Cafe Connaught Place,2026-01-05,Beverage,Cold Brew,MENU0039,Vietnamese Shakerato - Regular,1,247.03
SALE_20260105_OUT001_MENU0040,ABNAH Cafe Connaught Place,2026-01-05,Beverage,Cold Brew,MENU0040,Vietnamese Shakerato - Medium,2,538.51
SALE_20260105_OUT001_MENU0043,ABNAH Cafe Connaught Place,2026-01-05,Beverage,Cold Coffee,MENU0043,Classic Cold Coffee - Medium,1,273.53
SALE_20260105_OUT001_MENU0045,ABNAH Cafe Connaught Place,2026-01-05,Beverage,Cold Coffee,MENU0045,Mocha Cold Coffee - Regular,3,858.3
SALE_20260105_OUT001_MENU0049,ABNAH Cafe Connaught Place,2026-01-05,Beverage,Cold Coffee,MENU0049,Caramel Cold Coffee - Medium,1,320.55
SALE_20260105_OUT001_MENU0051,ABNAH Cafe Connaught Place,2026-01-05,Beverage,Tea,MENU0051,Masala Chai Latte - Regular,3,596.63
SALE_20260105_OUT001_MENU0053,ABNAH Cafe Connaught Place,2026-01-05,Beverage,Tea,MENU0053,Masala Chai Latte - Large,2,492.84
SALE_20260105_OUT001_MENU0054,ABNAH Cafe Connaught Place,2026-01-05,Beverage,Tea,MENU0054,Himalayan Green Tea,1,205.67
SALE_20260105_OUT001_MENU0055,ABNAH Cafe Connaught Place,2026-01-05,Beverage,Tea,MENU0055,Japanese Matcha Latte - Regular,2,509.85
SALE_20260105_OUT001_MENU0056,ABNAH Cafe Connaught Place,2026-01-05,Beverage,Tea,MENU0056,Japanese Matcha Latte - Medium,3,851.63
SALE_20260105_OUT001_MENU0057,ABNAH Cafe Connaught Place,2026-01-05,Beverage,Tea,MENU0057,Japanese Matcha Latte - Large,1,316.61
SALE_20260105_OUT001_MENU0059,ABNAH Cafe Connaught Place,2026-01-05,Beverage,Iced Tea,MENU0059,Lemon Iced Tea - Medium,1,230.09
SALE_20260105_OUT001_MENU0061,ABNAH Cafe Connaught Place,2026-01-05,Beverage,Iced Tea,MENU0061,Hibiscus Lime Iced Tea - Regular,1,218.55
SALE_20260105_OUT001_MENU0062,ABNAH Cafe Connaught Place,2026-01-05,Beverage,Iced Tea,MENU0062,Hibiscus Lime Iced Tea - Medium,2,488.12
SALE_20260105_OUT001_MENU0063,ABNAH Cafe Connaught Place,2026-01-05,Beverage,Iced Tea,MENU0063,Hibiscus Lime Iced Tea - Large,2,521.39
SALE_20260105_OUT001_MENU0065,ABNAH Cafe Connaught Place,2026-01-05,Beverage,Kids Beverage,MENU0065,Hot Chocolate - Medium,1,238.06
SALE_20260105_OUT001_MENU0075,ABNAH Cafe Connaught Place,2026-01-05,Beverage,Smoothie,MENU0075,Seasonal Smoothie - Medium,1,332.08
SALE_20260105_OUT001_MENU0076,ABNAH Cafe Connaught Place,2026-01-05,Beverage,Smoothie,MENU0076,Seasonal Smoothie - Large,1,377.4
SALE_20260105_OUT001_MENU0078,ABNAH Cafe Connaught Place,2026-01-05,Food,Wraps,MENU0078,Shredded Chicken Wrap,1,293.9
SALE_20260105_OUT001_MENU0079,ABNAH Cafe Connaught Place,2026-01-05,Food,Sandwiches,MENU0079,Smoked Chipotle Paneer Sandwich,2,586.58
SALE_20260105_OUT001_MENU0080,ABNAH Cafe Connaught Place,2026-01-05,Food,Sandwiches,MENU0080,Pesto Veg Sandwich,1,266.15
SALE_20260105_OUT001_MENU0081,ABNAH Cafe Connaught Place,2026-01-05,Food,Sandwiches,MENU0081,Pepper Chicken Sandwich,3,927.14
SALE_20260105_OUT001_MENU0082,ABNAH Cafe Connaught Place,2026-01-05,Food,Sandwiches,MENU0082,Tandoori Chicken Sandwich,1,323.36
SALE_20260105_OUT001_MENU0086,ABNAH Cafe Connaught Place,2026-01-05,Food,Breakfast,MENU0086,Breakfast Pancakes,1,285.74
SALE_20260105_OUT001_MENU0089,ABNAH Cafe Connaught Place,2026-01-05,Food,Breakfast,MENU0089,Masala Egg Bun,1,226.31
SALE_20260105_OUT001_MENU0094,ABNAH Cafe Connaught Place,2026-01-05,Food,Baked Goods,MENU0094,Butter Croissant,1,190.44
SALE_20260105_OUT001_MENU0095,ABNAH Cafe Connaught Place,2026-01-05,Food,Baked Goods,MENU0095,Almond Croissant,1,247.97
SALE_20260105_OUT001_MENU0099,ABNAH Cafe Connaught Place,2026-01-05,Dessert,Baked Goods,MENU0099,Cinnamon Roll with Cream Cheese,1,223.53
SALE_20260105_OUT001_MENU0103,ABNAH Cafe Connaught Place,2026-01-05,Dessert,Desserts,MENU0103,Banoffee Pie,1,288.37
SALE_20260105_OUT001_MENU0104,ABNAH Cafe Connaught Place,2026-01-05,Dessert,Desserts,MENU0104,Classic Chocolate Fudge Brownie,3,583.85
SALE_20260105_OUT001_MENU0105,ABNAH Cafe Connaught Place,2026-01-05,Dessert,Desserts,MENU0105,Soft-Centred Caramel Cookie,1,177.77
SALE_20260105_OUT001_MENU0108,ABNAH Cafe Connaught Place,2026-01-05,Dessert,Desserts,MENU0108,Apple Pie,1,274.0
SALE_20260105_OUT001_MENU0110,ABNAH Cafe Connaught Place,2026-01-05,Dessert,Baked Goods,MENU0110,Multigrain Walnut Tea Cake,1,223.35
SALE_20260106_OUT001_MENU0004,ABNAH Cafe Connaught Place,2026-01-06,Beverage,Coffee Classics,MENU0004,Americano - Medium,1,203.69
SALE_20260106_OUT001_MENU0005,ABNAH Cafe Connaught Place,2026-01-06,Beverage,Coffee Classics,MENU0005,Americano - Large,1,232.35
SALE_20260106_OUT001_MENU0006,ABNAH Cafe Connaught Place,2026-01-06,Beverage,Coffee Classics,MENU0006,Latte - Regular,3,660.17
SALE_20260106_OUT001_MENU0007,ABNAH Cafe Connaught Place,2026-01-06,Beverage,Coffee Classics,MENU0007,Latte - Medium,2,508.18
SALE_20260106_OUT001_MENU0008,ABNAH Cafe Connaught Place,2026-01-06,Beverage,Coffee Classics,MENU0008,Latte - Large,1,262.63
SALE_20260106_OUT001_MENU0009,ABNAH Cafe Connaught Place,2026-01-06,Beverage,Coffee Classics,MENU0009,Cappuccino - Regular,1,215.75
SALE_20260106_OUT001_MENU0012,ABNAH Cafe Connaught Place,2026-01-06,Beverage,Coffee Classics,MENU0012,Flat White - Regular,2,457.52
SALE_20260106_OUT001_MENU0013,ABNAH Cafe Connaught Place,2026-01-06,Beverage,Coffee Classics,MENU0013,Flat White - Medium,5,1320.88
SALE_20260106_OUT001_MENU0014,ABNAH Cafe Connaught Place,2026-01-06,Beverage,Coffee Classics,MENU0014,Flat White - Large,2,551.91
SALE_20260106_OUT001_MENU0015,ABNAH Cafe Connaught Place,2026-01-06,Beverage,Coffee Classics,MENU0015,Mocha - Regular,3,746.62
SALE_20260106_OUT001_MENU0016,ABNAH Cafe Connaught Place,2026-01-06,Beverage,Coffee Classics,MENU0016,Mocha - Medium,1,269.77
SALE_20260106_OUT001_MENU0017,ABNAH Cafe Connaught Place,2026-01-06,Beverage,Coffee Classics,MENU0017,Mocha - Large,1,296.21
SALE_20260106_OUT001_MENU0018,ABNAH Cafe Connaught Place,2026-01-06,Beverage,Signature Coffee,MENU0018,Sea Salt Mocha - Regular,3,829.15
SALE_20260106_OUT001_MENU0019,ABNAH Cafe Connaught Place,2026-01-06,Beverage,Signature Coffee,MENU0019,Sea Salt Mocha - Medium,2,587.63
SALE_20260106_OUT001_MENU0022,ABNAH Cafe Connaught Place,2026-01-06,Beverage,Signature Coffee,MENU0022,Orange Zest Mocha - Medium,1,282.75
SALE_20260106_OUT001_MENU0023,ABNAH Cafe Connaught Place,2026-01-06,Beverage,Signature Coffee,MENU0023,Orange Zest Mocha - Large,1,330.41
SALE_20260106_OUT001_MENU0024,ABNAH Cafe Connaught Place,2026-01-06,Beverage,Signature Coffee,MENU0024,Caramel Macchiato - Regular,1,267.86
SALE_20260106_OUT001_MENU0025,ABNAH Cafe Connaught Place,2026-01-06,Beverage,Signature Coffee,MENU0025,Caramel Macchiato - Medium,1,284.57
SALE_20260106_OUT001_MENU0027,ABNAH Cafe Connaught Place,2026-01-06,Beverage,Signature Coffee,MENU0027,French Vanilla Latte - Regular,2,509.36
SALE_20260106_OUT001_MENU0028,ABNAH Cafe Connaught Place,2026-01-06,Beverage,Signature Coffee,MENU0028,French Vanilla Latte - Medium,3,852.99
SALE_20260106_OUT001_MENU0029,ABNAH Cafe Connaught Place,2026-01-06,Beverage,Signature Coffee,MENU0029,French Vanilla Latte - Large,1,311.66
SALE_20260106_OUT001_MENU0039,ABNAH Cafe Connaught Place,2026-01-06,Beverage,Cold Brew,MENU0039,Vietnamese Shakerato - Regular,3,779.4
SALE_20260106_OUT001_MENU0040,ABNAH Cafe Connaught Place,2026-01-06,Beverage,Cold Brew,MENU0040,Vietnamese Shakerato - Medium,1,284.63
SALE_20260106_OUT001_MENU0042,ABNAH Cafe Connaught Place,2026-01-06,Beverage,Cold Coffee,MENU0042,Classic Cold Coffee - Regular,1,249.1
SALE_20260106_OUT001_MENU0044,ABNAH Cafe Connaught Place,2026-01-06,Beverage,Cold Coffee,MENU0044,Classic Cold Coffee - Large,1,316.03
SALE_20260106_OUT001_MENU0047,ABNAH Cafe Connaught Place,2026-01-06,Beverage,Cold Coffee,MENU0047,Mocha Cold Coffee - Large,1,336.17
SALE_20260106_OUT001_MENU0048,ABNAH Cafe Connaught Place,2026-01-06,Beverage,Cold Coffee,MENU0048,Caramel Cold Coffee - Regular,1,281.65
SALE_20260106_OUT001_MENU0049,ABNAH Cafe Connaught Place,2026-01-06,Beverage,Cold Coffee,MENU0049,Caramel Cold Coffee - Medium,1,308.65
SALE_20260106_OUT001_MENU0051,ABNAH Cafe Connaught Place,2026-01-06,Beverage,Tea,MENU0051,Masala Chai Latte - Regular,3,555.73
SALE_20260106_OUT001_MENU0056,ABNAH Cafe Connaught Place,2026-01-06,Beverage,Tea,MENU0056,Japanese Matcha Latte - Medium,1,288.46
SALE_20260106_OUT001_MENU0057,ABNAH Cafe Connaught Place,2026-01-06,Beverage,Tea,MENU0057,Japanese Matcha Latte - Large,2,634.83
SALE_20260106_OUT001_MENU0068,ABNAH Cafe Connaught Place,2026-01-06,Beverage,Shake,MENU0068,Choco Chip Shake - Regular,1,277.71
SALE_20260106_OUT001_MENU0069,ABNAH Cafe Connaught Place,2026-01-06,Beverage,Shake,MENU0069,Choco Chip Shake - Medium,1,314.46
SALE_20260106_OUT001_MENU0072,ABNAH Cafe Connaught Place,2026-01-06,Beverage,Shake,MENU0072,Mixed Berry Shake - Medium,1,343.7
SALE_20260106_OUT001_MENU0079,ABNAH Cafe Connaught Place,2026-01-06,Food,Sandwiches,MENU0079,Smoked Chipotle Paneer Sandwich,1,285.6
SALE_20260106_OUT001_MENU0080,ABNAH Cafe Connaught Place,2026-01-06,Food,Sandwiches,MENU0080,Pesto Veg Sandwich,1,268.73
SALE_20260106_OUT001_MENU0081,ABNAH Cafe Connaught Place,2026-01-06,Food,Sandwiches,MENU0081,Pepper Chicken Sandwich,1,298.29
SALE_20260106_OUT001_MENU0082,ABNAH Cafe Connaught Place,2026-01-06,Food,Sandwiches,MENU0082,Tandoori Chicken Sandwich,2,610.61
SALE_20260106_OUT001_MENU0087,ABNAH Cafe Connaught Place,2026-01-06,Food,Breakfast,MENU0087,Cream Cheese Bagel,2,508.13
SALE_20260106_OUT001_MENU0088,ABNAH Cafe Connaught Place,2026-01-06,Food,Breakfast,MENU0088,Scallion Pepper Cream Cheese Bagel,3,798.8
SALE_20260106_OUT001_MENU0089,ABNAH Cafe Connaught Place,2026-01-06,Food,Breakfast,MENU0089,Masala Egg Bun,2,458.15
SALE_20260106_OUT001_MENU0091,ABNAH Cafe Connaught Place,2026-01-06,Food,Snacks,MENU0091,Pesto Sundried Tomato Pin Wheel,1,224.9
SALE_20260106_OUT001_MENU0095,ABNAH Cafe Connaught Place,2026-01-06,Food,Baked Goods,MENU0095,Almond Croissant,2,481.26
SALE_20260106_OUT001_MENU0098,ABNAH Cafe Connaught Place,2026-01-06,Food,Baked Goods,MENU0098,Sriracha Chicken Croissant,1,274.73
SALE_20260106_OUT001_MENU0099,ABNAH Cafe Connaught Place,2026-01-06,Dessert,Baked Goods,MENU0099,Cinnamon Roll with Cream Cheese,1,212.25
SALE_20260106_OUT001_MENU0100,ABNAH Cafe Connaught Place,2026-01-06,Dessert,Baked Goods,MENU0100,Banana Walnut Tea Cake,1,209.07
SALE_20260106_OUT001_MENU0103,ABNAH Cafe Connaught Place,2026-01-06,Dessert,Desserts,MENU0103,Banoffee Pie,1,269.4
SALE_20260106_OUT001_MENU0104,ABNAH Cafe Connaught Place,2026-01-06,Dessert,Desserts,MENU0104,Classic Chocolate Fudge Brownie,1,197.25
SALE_20260107_OUT001_MENU0003,ABNAH Cafe Connaught Place,2026-01-07,Beverage,Coffee Classics,MENU0003,Americano - Regular,4,752.99
SALE_20260107_OUT001_MENU0004,ABNAH Cafe Connaught Place,2026-01-07,Beverage,Coffee Classics,MENU0004,Americano - Medium,1,199.27
SALE_20260107_OUT001_MENU0005,ABNAH Cafe Connaught Place,2026-01-07,Beverage,Coffee Classics,MENU0005,Americano - Large,1,229.03
SALE_20260107_OUT001_MENU0006,ABNAH Cafe Connaught Place,2026-01-07,Beverage,Coffee Classics,MENU0006,Latte - Regular,6,1346.67
SALE_20260107_OUT001_MENU0007,ABNAH Cafe Connaught Place,2026-01-07,Beverage,Coffee Classics,MENU0007,Latte - Medium,3,750.06
SALE_20260107_OUT001_MENU0008,ABNAH Cafe Connaught Place,2026-01-07,Beverage,Coffee Classics,MENU0008,Latte - Large,2,528.39
SALE_20260107_OUT001_MENU0009,ABNAH Cafe Connaught Place,2026-01-07,Beverage,Coffee Classics,MENU0009,Cappuccino - Regular,3,656.22
SALE_20260107_OUT001_MENU0010,ABNAH Cafe Connaught Place,2026-01-07,Beverage,Coffee Classics,MENU0010,Cappuccino - Medium,4,948.92
SALE_20260107_OUT001_MENU0011,ABNAH Cafe Connaught Place,2026-01-07,Beverage,Coffee Classics,MENU0011,Cappuccino - Large,1,275.74
SALE_20260107_OUT001_MENU0012,ABNAH Cafe Connaught Place,2026-01-07,Beverage,Coffee Classics,MENU0012,Flat White - Regular,4,899.7
SALE_20260107_OUT001_MENU0013,ABNAH Cafe Connaught Place,2026-01-07,Beverage,Coffee Classics,MENU0013,Flat White - Medium,3,758.07
SALE_20260107_OUT001_MENU0014,ABNAH Cafe Connaught Place,2026-01-07,Beverage,Coffee Classics,MENU0014,Flat White - Large,2,538.78
SALE_20260107_OUT001_MENU0015,ABNAH Cafe Connaught Place,2026-01-07,Beverage,Coffee Classics,MENU0015,Mocha - Regular,3,713.16
SALE_20260107_OUT001_MENU0018,ABNAH Cafe Connaught Place,2026-01-07,Beverage,Signature Coffee,MENU0018,Sea Salt Mocha - Regular,1,263.55
SALE_20260107_OUT001_MENU0019,ABNAH Cafe Connaught Place,2026-01-07,Beverage,Signature Coffee,MENU0019,Sea Salt Mocha - Medium,3,896.04
SALE_20260107_OUT001_MENU0022,ABNAH Cafe Connaught Place,2026-01-07,Beverage,Signature Coffee,MENU0022,Orange Zest Mocha - Medium,1,289.97
SALE_20260107_OUT001_MENU0023,ABNAH Cafe Connaught Place,2026-01-07,Beverage,Signature Coffee,MENU0023,Orange Zest Mocha - Large,1,327.44
SALE_20260107_OUT001_MENU0024,ABNAH Cafe Connaught Place,2026-01-07,Beverage,Signature Coffee,MENU0024,Caramel Macchiato - Regular,4,1077.95
SALE_20260107_OUT001_MENU0025,ABNAH Cafe Connaught Place,2026-01-07,Beverage,Signature Coffee,MENU0025,Caramel Macchiato - Medium,1,280.03
SALE_20260107_OUT001_MENU0027,ABNAH Cafe Connaught Place,2026-01-07,Beverage,Signature Coffee,MENU0027,French Vanilla Latte - Regular,2,528.29
SALE_20260107_OUT001_MENU0028,ABNAH Cafe Connaught Place,2026-01-07,Beverage,Signature Coffee,MENU0028,French Vanilla Latte - Medium,3,842.9
SALE_20260107_OUT001_MENU0029,ABNAH Cafe Connaught Place,2026-01-07,Beverage,Signature Coffee,MENU0029,French Vanilla Latte - Large,2,657.11
SALE_20260107_OUT001_MENU0036,ABNAH Cafe Connaught Place,2026-01-07,Beverage,Cold Brew,MENU0036,Coffee Lemonade - Regular,2,463.91
SALE_20260107_OUT001_MENU0038,ABNAH Cafe Connaught Place,2026-01-07,Beverage,Cold Brew,MENU0038,Coffee Lemonade - Large,1,283.37
SALE_20260107_OUT001_MENU0039,ABNAH Cafe Connaught Place,2026-01-07,Beverage,Cold Brew,MENU0039,Vietnamese Shakerato - Regular,1,257.22
SALE_20260107_OUT001_MENU0041,ABNAH Cafe Connaught Place,2026-01-07,Beverage,Cold Brew,MENU0041,Vietnamese Shakerato - Large,1,295.62
SALE_20260107_OUT001_MENU0047,ABNAH Cafe Connaught Place,2026-01-07,Beverage,Cold Coffee,MENU0047,Mocha Cold Coffee - Large,1,357.31
SALE_20260107_OUT001_MENU0048,ABNAH Cafe Connaught Place,2026-01-07,Beverage,Cold Coffee,MENU0048,Caramel Cold Coffee - Regular,1,286.86
SALE_20260107_OUT001_MENU0049,ABNAH Cafe Connaught Place,2026-01-07,Beverage,Cold Coffee,MENU0049,Caramel Cold Coffee - Medium,2,609.94
SALE_20260107_OUT001_MENU0050,ABNAH Cafe Connaught Place,2026-01-07,Beverage,Cold Coffee,MENU0050,Caramel Cold Coffee - Large,2,676.05
SALE_20260107_OUT001_MENU0052,ABNAH Cafe Connaught Place,2026-01-07,Beverage,Tea,MENU0052,Masala Chai Latte - Medium,2,421.52
SALE_20260107_OUT001_MENU0056,ABNAH Cafe Connaught Place,2026-01-07,Beverage,Tea,MENU0056,Japanese Matcha Latte - Medium,1,287.63
SALE_20260107_OUT001_MENU0057,ABNAH Cafe Connaught Place,2026-01-07,Beverage,Tea,MENU0057,Japanese Matcha Latte - Large,1,328.0
SALE_20260107_OUT001_MENU0059,ABNAH Cafe Connaught Place,2026-01-07,Beverage,Iced Tea,MENU0059,Lemon Iced Tea - Medium,1,224.13
SALE_20260107_OUT001_MENU0061,ABNAH Cafe Connaught Place,2026-01-07,Beverage,Iced Tea,MENU0061,Hibiscus Lime Iced Tea - Regular,1,221.66
SALE_20260107_OUT001_MENU0063,ABNAH Cafe Connaught Place,2026-01-07,Beverage,Iced Tea,MENU0063,Hibiscus Lime Iced Tea - Large,1,263.39
SALE_20260107_OUT001_MENU0070,ABNAH Cafe Connaught Place,2026-01-07,Beverage,Shake,MENU0070,Choco Chip Shake - Large,1,348.97
SALE_20260107_OUT001_MENU0072,ABNAH Cafe Connaught Place,2026-01-07,Beverage,Shake,MENU0072,Mixed Berry Shake - Medium,3,1005.5
SALE_20260107_OUT001_MENU0077,ABNAH Cafe Connaught Place,2026-01-07,Food,Wraps,MENU0077,Spicy Paneer Wrap,1,266.16
SALE_20260107_OUT001_MENU0080,ABNAH Cafe Connaught Place,2026-01-07,Food,Sandwiches,MENU0080,Pesto Veg Sandwich,2,538.09
SALE_20260107_OUT001_MENU0081,ABNAH Cafe Connaught Place,2026-01-07,Food,Sandwiches,MENU0081,Pepper Chicken Sandwich,1,319.63
SALE_20260107_OUT001_MENU0082,ABNAH Cafe Connaught Place,2026-01-07,Food,Sandwiches,MENU0082,Tandoori Chicken Sandwich,1,303.99
SALE_20260107_OUT001_MENU0084,ABNAH Cafe Connaught Place,2026-01-07,Food,Toasts,MENU0084,Chicken Pepperoni Avocado Toast,1,310.67
SALE_20260107_OUT001_MENU0092,ABNAH Cafe Connaught Place,2026-01-07,Food,Snacks,MENU0092,Turnover with Brioche Dough Chicken,2,514.12
SALE_20260107_OUT001_MENU0095,ABNAH Cafe Connaught Place,2026-01-07,Food,Baked Goods,MENU0095,Almond Croissant,1,238.07
SALE_20260107_OUT001_MENU0098,ABNAH Cafe Connaught Place,2026-01-07,Food,Baked Goods,MENU0098,Sriracha Chicken Croissant,1,267.0
SALE_20260107_OUT001_MENU0103,ABNAH Cafe Connaught Place,2026-01-07,Dessert,Desserts,MENU0103,Banoffee Pie,1,290.49
SALE_20260107_OUT001_MENU0104,ABNAH Cafe Connaught Place,2026-01-07,Dessert,Desserts,MENU0104,Classic Chocolate Fudge Brownie,1,185.16
SALE_20260107_OUT001_MENU0108,ABNAH Cafe Connaught Place,2026-01-07,Dessert,Desserts,MENU0108,Apple Pie,2,544.5
SALE_20260107_OUT001_MENU0109,ABNAH Cafe Connaught Place,2026-01-07,Dessert,Desserts,MENU0109,Basque Cheesecake,2,602.92
SALE_20260107_OUT001_MENU0110,ABNAH Cafe Connaught Place,2026-01-07,Dessert,Baked Goods,MENU0110,Multigrain Walnut Tea Cake,2,448.85
SALE_20260108_OUT001_MENU0003,ABNAH Cafe Connaught Place,2026-01-08,Beverage,Coffee Classics,MENU0003,Americano - Regular,1,185.17
SALE_20260108_OUT001_MENU0004,ABNAH Cafe Connaught Place,2026-01-08,Beverage,Coffee Classics,MENU0004,Americano - Medium,1,208.67
SALE_20260108_OUT001_MENU0005,ABNAH Cafe Connaught Place,2026-01-08,Beverage,Coffee Classics,MENU0005,Americano - Large,3,675.45
SALE_20260108_OUT001_MENU0006,ABNAH Cafe Connaught Place,2026-01-08,Beverage,Coffee Classics,MENU0006,Latte - Regular,3,687.7
SALE_20260108_OUT001_MENU0007,ABNAH Cafe Connaught Place,2026-01-08,Beverage,Coffee Classics,MENU0007,Latte - Medium,3,708.68
SALE_20260108_OUT001_MENU0008,ABNAH Cafe Connaught Place,2026-01-08,Beverage,Coffee Classics,MENU0008,Latte - Large,1,279.65
SALE_20260108_OUT001_MENU0009,ABNAH Cafe Connaught Place,2026-01-08,Beverage,Coffee Classics,MENU0009,Cappuccino - Regular,1,218.04
SALE_20260108_OUT001_MENU0010,ABNAH Cafe Connaught Place,2026-01-08,Beverage,Coffee Classics,MENU0010,Cappuccino - Medium,3,740.61
SALE_20260108_OUT001_MENU0011,ABNAH Cafe Connaught Place,2026-01-08,Beverage,Coffee Classics,MENU0011,Cappuccino - Large,1,268.81
SALE_20260108_OUT001_MENU0012,ABNAH Cafe Connaught Place,2026-01-08,Beverage,Coffee Classics,MENU0012,Flat White - Regular,3,691.11
SALE_20260108_OUT001_MENU0013,ABNAH Cafe Connaught Place,2026-01-08,Beverage,Coffee Classics,MENU0013,Flat White - Medium,3,750.93
SALE_20260108_OUT001_MENU0014,ABNAH Cafe Connaught Place,2026-01-08,Beverage,Coffee Classics,MENU0014,Flat White - Large,2,549.58
SALE_20260108_OUT001_MENU0015,ABNAH Cafe Connaught Place,2026-01-08,Beverage,Coffee Classics,MENU0015,Mocha - Regular,2,499.6
SALE_20260108_OUT001_MENU0016,ABNAH Cafe Connaught Place,2026-01-08,Beverage,Coffee Classics,MENU0016,Mocha - Medium,1,261.19
SALE_20260108_OUT001_MENU0017,ABNAH Cafe Connaught Place,2026-01-08,Beverage,Coffee Classics,MENU0017,Mocha - Large,1,284.95
SALE_20260108_OUT001_MENU0018,ABNAH Cafe Connaught Place,2026-01-08,Beverage,Signature Coffee,MENU0018,Sea Salt Mocha - Regular,1,262.58
SALE_20260108_OUT001_MENU0019,ABNAH Cafe Connaught Place,2026-01-08,Beverage,Signature Coffee,MENU0019,Sea Salt Mocha - Medium,2,622.15
SALE_20260108_OUT001_MENU0021,ABNAH Cafe Connaught Place,2026-01-08,Beverage,Signature Coffee,MENU0021,Orange Zest Mocha - Regular,2,510.03
SALE_20260108_OUT001_MENU0022,ABNAH Cafe Connaught Place,2026-01-08,Beverage,Signature Coffee,MENU0022,Orange Zest Mocha - Medium,1,303.47
SALE_20260108_OUT001_MENU0024,ABNAH Cafe Connaught Place,2026-01-08,Beverage,Signature Coffee,MENU0024,Caramel Macchiato - Regular,1,264.76
SALE_20260108_OUT001_MENU0026,ABNAH Cafe Connaught Place,2026-01-08,Beverage,Signature Coffee,MENU0026,Caramel Macchiato - Large,1,306.01
SALE_20260108_OUT001_MENU0027,ABNAH Cafe Connaught Place,2026-01-08,Beverage,Signature Coffee,MENU0027,French Vanilla Latte - Regular,2,538.31
SALE_20260108_OUT001_MENU0028,ABNAH Cafe Connaught Place,2026-01-08,Beverage,Signature Coffee,MENU0028,French Vanilla Latte - Medium,2,572.98
SALE_20260108_OUT001_MENU0030,ABNAH Cafe Connaught Place,2026-01-08,Beverage,Signature Coffee,MENU0030,Vegan Iced Latte - Regular,2,561.14
SALE_20260108_OUT001_MENU0031,ABNAH Cafe Connaught Place,2026-01-08,Beverage,Signature Coffee,MENU0031,Vegan Iced Latte - Medium,1,304.69
SALE_20260108_OUT001_MENU0032,ABNAH Cafe Connaught Place,2026-01-08,Beverage,Signature Coffee,MENU0032,Vegan Iced Latte - Large,4,1337.74
SALE_20260108_OUT001_MENU0035,ABNAH Cafe Connaught Place,2026-01-08,Beverage,Cold Brew,MENU0035,Classic Cold Brew - Large,1,261.7
SALE_20260108_OUT001_MENU0036,ABNAH Cafe Connaught Place,2026-01-08,Beverage,Cold Brew,MENU0036,Coffee Lemonade - Regular,1,225.76
SALE_20260108_OUT001_MENU0040,ABNAH Cafe Connaught Place,2026-01-08,Beverage,Cold Brew,MENU0040,Vietnamese Shakerato - Medium,1,281.95
SALE_20260108_OUT001_MENU0043,ABNAH Cafe Connaught Place,2026-01-08,Beverage,Cold Coffee,MENU0043,Classic Cold Coffee - Medium,3,848.93
SALE_20260108_OUT001_MENU0044,ABNAH Cafe Connaught Place,2026-01-08,Beverage,Cold Coffee,MENU0044,Classic Cold Coffee - Large,3,930.03
SALE_20260108_OUT001_MENU0045,ABNAH Cafe Connaught Place,2026-01-08,Beverage,Cold Coffee,MENU0045,Mocha Cold Coffee - Regular,2,566.41
SALE_20260108_OUT001_MENU0047,ABNAH Cafe Connaught Place,2026-01-08,Beverage,Cold Coffee,MENU0047,Mocha Cold Coffee - Large,1,357.21
SALE_20260108_OUT001_MENU0051,ABNAH Cafe Connaught Place,2026-01-08,Beverage,Tea,MENU0051,Masala Chai Latte - Regular,1,193.54
SALE_20260108_OUT001_MENU0054,ABNAH Cafe Connaught Place,2026-01-08,Beverage,Tea,MENU0054,Himalayan Green Tea,1,202.0
SALE_20260108_OUT001_MENU0055,ABNAH Cafe Connaught Place,2026-01-08,Beverage,Tea,MENU0055,Japanese Matcha Latte - Regular,1,249.51
SALE_20260108_OUT001_MENU0056,ABNAH Cafe Connaught Place,2026-01-08,Beverage,Tea,MENU0056,Japanese Matcha Latte - Medium,1,287.47
SALE_20260108_OUT001_MENU0058,ABNAH Cafe Connaught Place,2026-01-08,Beverage,Iced Tea,MENU0058,Lemon Iced Tea - Regular,1,200.84
SALE_20260108_OUT001_MENU0061,ABNAH Cafe Connaught Place,2026-01-08,Beverage,Iced Tea,MENU0061,Hibiscus Lime Iced Tea - Regular,1,213.14
SALE_20260108_OUT001_MENU0064,ABNAH Cafe Connaught Place,2026-01-08,Beverage,Kids Beverage,MENU0064,Hot Chocolate - Regular,1,213.38
SALE_20260108_OUT001_MENU0065,ABNAH Cafe Connaught Place,2026-01-08,Beverage,Kids Beverage,MENU0065,Hot Chocolate - Medium,1,240.27
SALE_20260108_OUT001_MENU0069,ABNAH Cafe Connaught Place,2026-01-08,Beverage,Shake,MENU0069,Choco Chip Shake - Medium,1,333.2
SALE_20260108_OUT001_MENU0070,ABNAH Cafe Connaught Place,2026-01-08,Beverage,Shake,MENU0070,Choco Chip Shake - Large,1,362.69
SALE_20260108_OUT001_MENU0079,ABNAH Cafe Connaught Place,2026-01-08,Food,Sandwiches,MENU0079,Smoked Chipotle Paneer Sandwich,1,277.97
SALE_20260108_OUT001_MENU0081,ABNAH Cafe Connaught Place,2026-01-08,Food,Sandwiches,MENU0081,Pepper Chicken Sandwich,2,618.64
SALE_20260108_OUT001_MENU0087,ABNAH Cafe Connaught Place,2026-01-08,Food,Breakfast,MENU0087,Cream Cheese Bagel,1,248.47
SALE_20260108_OUT001_MENU0094,ABNAH Cafe Connaught Place,2026-01-08,Food,Baked Goods,MENU0094,Butter Croissant,1,186.63
SALE_20260108_OUT001_MENU0095,ABNAH Cafe Connaught Place,2026-01-08,Food,Baked Goods,MENU0095,Almond Croissant,1,239.48
SALE_20260108_OUT001_MENU0098,ABNAH Cafe Connaught Place,2026-01-08,Food,Baked Goods,MENU0098,Sriracha Chicken Croissant,1,259.28
SALE_20260108_OUT001_MENU0107,ABNAH Cafe Connaught Place,2026-01-08,Dessert,Desserts,MENU0107,Jaggery Parmesan Cookie,1,163.95
SALE_20260108_OUT001_MENU0110,ABNAH Cafe Connaught Place,2026-01-08,Dessert,Baked Goods,MENU0110,Multigrain Walnut Tea Cake,1,217.32
SALE_20260109_OUT001_MENU0001,ABNAH Cafe Connaught Place,2026-01-09,Beverage,Espresso,MENU0001,Espresso Shot - Solo,1,138.43
SALE_20260109_OUT001_MENU0003,ABNAH Cafe Connaught Place,2026-01-09,Beverage,Coffee Classics,MENU0003,Americano - Regular,6,1073.49
SALE_20260109_OUT001_MENU0004,ABNAH Cafe Connaught Place,2026-01-09,Beverage,Coffee Classics,MENU0004,Americano - Medium,3,633.09
SALE_20260109_OUT001_MENU0005,ABNAH Cafe Connaught Place,2026-01-09,Beverage,Coffee Classics,MENU0005,Americano - Large,4,937.93
SALE_20260109_OUT001_MENU0006,ABNAH Cafe Connaught Place,2026-01-09,Beverage,Coffee Classics,MENU0006,Latte - Regular,1,218.99
SALE_20260109_OUT001_MENU0007,ABNAH Cafe Connaught Place,2026-01-09,Beverage,Coffee Classics,MENU0007,Latte - Medium,3,761.12
SALE_20260109_OUT001_MENU0008,ABNAH Cafe Connaught Place,2026-01-09,Beverage,Coffee Classics,MENU0008,Latte - Large,2,550.09
SALE_20260109_OUT001_MENU0009,ABNAH Cafe Connaught Place,2026-01-09,Beverage,Coffee Classics,MENU0009,Cappuccino - Regular,5,1078.07
SALE_20260109_OUT001_MENU0010,ABNAH Cafe Connaught Place,2026-01-09,Beverage,Coffee Classics,MENU0010,Cappuccino - Medium,6,1462.02
SALE_20260109_OUT001_MENU0011,ABNAH Cafe Connaught Place,2026-01-09,Beverage,Coffee Classics,MENU0011,Cappuccino - Large,2,534.98
SALE_20260109_OUT001_MENU0012,ABNAH Cafe Connaught Place,2026-01-09,Beverage,Coffee Classics,MENU0012,Flat White - Regular,2,466.1
SALE_20260109_OUT001_MENU0013,ABNAH Cafe Connaught Place,2026-01-09,Beverage,Coffee Classics,MENU0013,Flat White - Medium,4,1059.24
SALE_20260109_OUT001_MENU0014,ABNAH Cafe Connaught Place,2026-01-09,Beverage,Coffee Classics,MENU0014,Flat White - Large,3,832.8
SALE_20260109_OUT001_MENU0015,ABNAH Cafe Connaught Place,2026-01-09,Beverage,Coffee Classics,MENU0015,Mocha - Regular,1,248.09
SALE_20260109_OUT001_MENU0016,ABNAH Cafe Connaught Place,2026-01-09,Beverage,Coffee Classics,MENU0016,Mocha - Medium,2,537.42
SALE_20260109_OUT001_MENU0020,ABNAH Cafe Connaught Place,2026-01-09,Beverage,Signature Coffee,MENU0020,Sea Salt Mocha - Large,1,318.11
SALE_20260109_OUT001_MENU0022,ABNAH Cafe Connaught Place,2026-01-09,Beverage,Signature Coffee,MENU0022,Orange Zest Mocha - Medium,1,288.4
SALE_20260109_OUT001_MENU0023,ABNAH Cafe Connaught Place,2026-01-09,Beverage,Signature Coffee,MENU0023,Orange Zest Mocha - Large,1,335.6
SALE_20260109_OUT001_MENU0024,ABNAH Cafe Connaught Place,2026-01-09,Beverage,Signature Coffee,MENU0024,Caramel Macchiato - Regular,2,516.14
SALE_20260109_OUT001_MENU0025,ABNAH Cafe Connaught Place,2026-01-09,Beverage,Signature Coffee,MENU0025,Caramel Macchiato - Medium,1,280.52
SALE_20260109_OUT001_MENU0027,ABNAH Cafe Connaught Place,2026-01-09,Beverage,Signature Coffee,MENU0027,French Vanilla Latte - Regular,3,750.99
SALE_20260109_OUT001_MENU0028,ABNAH Cafe Connaught Place,2026-01-09,Beverage,Signature Coffee,MENU0028,French Vanilla Latte - Medium,1,287.13
SALE_20260109_OUT001_MENU0030,ABNAH Cafe Connaught Place,2026-01-09,Beverage,Signature Coffee,MENU0030,Vegan Iced Latte - Regular,3,863.96
SALE_20260109_OUT001_MENU0032,ABNAH Cafe Connaught Place,2026-01-09,Beverage,Signature Coffee,MENU0032,Vegan Iced Latte - Large,1,316.3
SALE_20260109_OUT001_MENU0033,ABNAH Cafe Connaught Place,2026-01-09,Beverage,Cold Brew,MENU0033,Classic Cold Brew - Regular,2,445.71
SALE_20260109_OUT001_MENU0034,ABNAH Cafe Connaught Place,2026-01-09,Beverage,Cold Brew,MENU0034,Classic Cold Brew - Medium,1,238.03
SALE_20260109_OUT001_MENU0036,ABNAH Cafe Connaught Place,2026-01-09,Beverage,Cold Brew,MENU0036,Coffee Lemonade - Regular,1,223.58
SALE_20260109_OUT001_MENU0038,ABNAH Cafe Connaught Place,2026-01-09,Beverage,Cold Brew,MENU0038,Coffee Lemonade - Large,1,270.14
SALE_20260109_OUT001_MENU0039,ABNAH Cafe Connaught Place,2026-01-09,Beverage,Cold Brew,MENU0039,Vietnamese Shakerato - Regular,1,253.23
SALE_20260109_OUT001_MENU0040,ABNAH Cafe Connaught Place,2026-01-09,Beverage,Cold Brew,MENU0040,Vietnamese Shakerato - Medium,1,279.16
SALE_20260109_OUT001_MENU0043,ABNAH Cafe Connaught Place,2026-01-09,Beverage,Cold Coffee,MENU0043,Classic Cold Coffee - Medium,1,290.71
SALE_20260109_OUT001_MENU0048,ABNAH Cafe Connaught Place,2026-01-09,Beverage,Cold Coffee,MENU0048,Caramel Cold Coffee - Regular,3,850.13
SALE_20260109_OUT001_MENU0049,ABNAH Cafe Connaught Place,2026-01-09,Beverage,Cold Coffee,MENU0049,Caramel Cold Coffee - Medium,1,320.21
SALE_20260109_OUT001_MENU0052,ABNAH Cafe Connaught Place,2026-01-09,Beverage,Tea,MENU0052,Masala Chai Latte - Medium,1,215.49
SALE_20260109_OUT001_MENU0053,ABNAH Cafe Connaught Place,2026-01-09,Beverage,Tea,MENU0053,Masala Chai Latte - Large,2,471.2
SALE_20260109_OUT001_MENU0058,ABNAH Cafe Connaught Place,2026-01-09,Beverage,Iced Tea,MENU0058,Lemon Iced Tea - Regular,1,202.36
SALE_20260109_OUT001_MENU0061,ABNAH Cafe Connaught Place,2026-01-09,Beverage,Iced Tea,MENU0061,Hibiscus Lime Iced Tea - Regular,1,226.41
SALE_20260109_OUT001_MENU0062,ABNAH Cafe Connaught Place,2026-01-09,Beverage,Iced Tea,MENU0062,Hibiscus Lime Iced Tea - Medium,1,236.98
SALE_20260109_OUT001_MENU0072,ABNAH Cafe Connaught Place,2026-01-09,Beverage,Shake,MENU0072,Mixed Berry Shake - Medium,1,340.81
SALE_20260109_OUT001_MENU0075,ABNAH Cafe Connaught Place,2026-01-09,Beverage,Smoothie,MENU0075,Seasonal Smoothie - Medium,2,645.29
SALE_20260109_OUT001_MENU0077,ABNAH Cafe Connaught Place,2026-01-09,Food,Wraps,MENU0077,Spicy Paneer Wrap,1,260.05
SALE_20260109_OUT001_MENU0078,ABNAH Cafe Connaught Place,2026-01-09,Food,Wraps,MENU0078,Shredded Chicken Wrap,2,593.13
SALE_20260109_OUT001_MENU0079,ABNAH Cafe Connaught Place,2026-01-09,Food,Sandwiches,MENU0079,Smoked Chipotle Paneer Sandwich,1,294.41
SALE_20260109_OUT001_MENU0080,ABNAH Cafe Connaught Place,2026-01-09,Food,Sandwiches,MENU0080,Pesto Veg Sandwich,2,535.08
SALE_20260109_OUT001_MENU0081,ABNAH Cafe Connaught Place,2026-01-09,Food,Sandwiches,MENU0081,Pepper Chicken Sandwich,1,306.36
SALE_20260109_OUT001_MENU0083,ABNAH Cafe Connaught Place,2026-01-09,Food,Toasts,MENU0083,Chilli Cheese Garlic Toast,2,455.05
SALE_20260109_OUT001_MENU0084,ABNAH Cafe Connaught Place,2026-01-09,Food,Toasts,MENU0084,Chicken Pepperoni Avocado Toast,1,336.35
SALE_20260109_OUT001_MENU0088,ABNAH Cafe Connaught Place,2026-01-09,Food,Breakfast,MENU0088,Scallion Pepper Cream Cheese Bagel,1,250.13
SALE_20260109_OUT001_MENU0091,ABNAH Cafe Connaught Place,2026-01-09,Food,Snacks,MENU0091,Pesto Sundried Tomato Pin Wheel,1,218.51
SALE_20260109_OUT001_MENU0093,ABNAH Cafe Connaught Place,2026-01-09,Food,Snacks,MENU0093,Turnover with Brioche Dough Veg,1,230.74
SALE_20260109_OUT001_MENU0094,ABNAH Cafe Connaught Place,2026-01-09,Food,Baked Goods,MENU0094,Butter Croissant,1,196.95
SALE_20260109_OUT001_MENU0096,ABNAH Cafe Connaught Place,2026-01-09,Food,Baked Goods,MENU0096,Chocolate Croissant,1,234.71
SALE_20260109_OUT001_MENU0097,ABNAH Cafe Connaught Place,2026-01-09,Food,Baked Goods,MENU0097,Mushroom Cheese Croissant,1,257.59
SALE_20260109_OUT001_MENU0098,ABNAH Cafe Connaught Place,2026-01-09,Food,Baked Goods,MENU0098,Sriracha Chicken Croissant,2,521.49
SALE_20260109_OUT001_MENU0099,ABNAH Cafe Connaught Place,2026-01-09,Dessert,Baked Goods,MENU0099,Cinnamon Roll with Cream Cheese,1,221.96
SALE_20260109_OUT001_MENU0100,ABNAH Cafe Connaught Place,2026-01-09,Dessert,Baked Goods,MENU0100,Banana Walnut Tea Cake,1,196.22
SALE_20260109_OUT001_MENU0103,ABNAH Cafe Connaught Place,2026-01-09,Dessert,Desserts,MENU0103,Banoffee Pie,1,276.69
SALE_20260109_OUT001_MENU0108,ABNAH Cafe Connaught Place,2026-01-09,Dessert,Desserts,MENU0108,Apple Pie,1,266.94
SALE_20260109_OUT001_MENU0109,ABNAH Cafe Connaught Place,2026-01-09,Dessert,Desserts,MENU0109,Basque Cheesecake,2,605.53
SALE_20260110_OUT001_MENU0002,ABNAH Cafe Connaught Place,2026-01-10,Beverage,Espresso,MENU0002,Espresso Shot - Doppio,1,185.19
SALE_20260110_OUT001_MENU0003,ABNAH Cafe Connaught Place,2026-01-10,Beverage,Coffee Classics,MENU0003,Americano - Regular,1,174.61
SALE_20260110_OUT001_MENU0004,ABNAH Cafe Connaught Place,2026-01-10,Beverage,Coffee Classics,MENU0004,Americano - Medium,2,405.78
SALE_20260110_OUT001_MENU0005,ABNAH Cafe Connaught Place,2026-01-10,Beverage,Coffee Classics,MENU0005,Americano - Large,4,934.21
SALE_20260110_OUT001_MENU0007,ABNAH Cafe Connaught Place,2026-01-10,Beverage,Coffee Classics,MENU0007,Latte - Medium,3,717.77
SALE_20260110_OUT001_MENU0008,ABNAH Cafe Connaught Place,2026-01-10,Beverage,Coffee Classics,MENU0008,Latte - Large,1,271.44
SALE_20260110_OUT001_MENU0009,ABNAH Cafe Connaught Place,2026-01-10,Beverage,Coffee Classics,MENU0009,Cappuccino - Regular,4,852.4
SALE_20260110_OUT001_MENU0010,ABNAH Cafe Connaught Place,2026-01-10,Beverage,Coffee Classics,MENU0010,Cappuccino - Medium,2,499.3
SALE_20260110_OUT001_MENU0011,ABNAH Cafe Connaught Place,2026-01-10,Beverage,Coffee Classics,MENU0011,Cappuccino - Large,2,533.76
SALE_20260110_OUT001_MENU0012,ABNAH Cafe Connaught Place,2026-01-10,Beverage,Coffee Classics,MENU0012,Flat White - Regular,1,223.83
SALE_20260110_OUT001_MENU0013,ABNAH Cafe Connaught Place,2026-01-10,Beverage,Coffee Classics,MENU0013,Flat White - Medium,1,256.15
SALE_20260110_OUT001_MENU0014,ABNAH Cafe Connaught Place,2026-01-10,Beverage,Coffee Classics,MENU0014,Flat White - Large,1,278.22
SALE_20260110_OUT001_MENU0015,ABNAH Cafe Connaught Place,2026-01-10,Beverage,Coffee Classics,MENU0015,Mocha - Regular,1,235.43
SALE_20260110_OUT001_MENU0016,ABNAH Cafe Connaught Place,2026-01-10,Beverage,Coffee Classics,MENU0016,Mocha - Medium,1,267.98
SALE_20260110_OUT001_MENU0017,ABNAH Cafe Connaught Place,2026-01-10,Beverage,Coffee Classics,MENU0017,Mocha - Large,2,566.02
SALE_20260110_OUT001_MENU0019,ABNAH Cafe Connaught Place,2026-01-10,Beverage,Signature Coffee,MENU0019,Sea Salt Mocha - Medium,2,575.66
SALE_20260110_OUT001_MENU0020,ABNAH Cafe Connaught Place,2026-01-10,Beverage,Signature Coffee,MENU0020,Sea Salt Mocha - Large,1,318.5
SALE_20260110_OUT001_MENU0021,ABNAH Cafe Connaught Place,2026-01-10,Beverage,Signature Coffee,MENU0021,Orange Zest Mocha - Regular,1,261.71
SALE_20260110_OUT001_MENU0022,ABNAH Cafe Connaught Place,2026-01-10,Beverage,Signature Coffee,MENU0022,Orange Zest Mocha - Medium,1,283.77
SALE_20260110_OUT001_MENU0023,ABNAH Cafe Connaught Place,2026-01-10,Beverage,Signature Coffee,MENU0023,Orange Zest Mocha - Large,1,310.76
SALE_20260110_OUT001_MENU0026,ABNAH Cafe Connaught Place,2026-01-10,Beverage,Signature Coffee,MENU0026,Caramel Macchiato - Large,1,327.96
SALE_20260110_OUT001_MENU0034,ABNAH Cafe Connaught Place,2026-01-10,Beverage,Cold Brew,MENU0034,Classic Cold Brew - Medium,2,473.76
SALE_20260110_OUT001_MENU0039,ABNAH Cafe Connaught Place,2026-01-10,Beverage,Cold Brew,MENU0039,Vietnamese Shakerato - Regular,1,252.44
SALE_20260110_OUT001_MENU0049,ABNAH Cafe Connaught Place,2026-01-10,Beverage,Cold Coffee,MENU0049,Caramel Cold Coffee - Medium,4,1228.52
SALE_20260110_OUT001_MENU0050,ABNAH Cafe Connaught Place,2026-01-10,Beverage,Cold Coffee,MENU0050,Caramel Cold Coffee - Large,1,351.8
SALE_20260110_OUT001_MENU0051,ABNAH Cafe Connaught Place,2026-01-10,Beverage,Tea,MENU0051,Masala Chai Latte - Regular,2,376.07
SALE_20260110_OUT001_MENU0052,ABNAH Cafe Connaught Place,2026-01-10,Beverage,Tea,MENU0052,Masala Chai Latte - Medium,1,223.32
SALE_20260110_OUT001_MENU0058,ABNAH Cafe Connaught Place,2026-01-10,Beverage,Iced Tea,MENU0058,Lemon Iced Tea - Regular,1,199.06
SALE_20260110_OUT001_MENU0072,ABNAH Cafe Connaught Place,2026-01-10,Beverage,Shake,MENU0072,Mixed Berry Shake - Medium,1,352.03
SALE_20260110_OUT001_MENU0074,ABNAH Cafe Connaught Place,2026-01-10,Beverage,Smoothie,MENU0074,Seasonal Smoothie - Regular,1,293.9
SALE_20260110_OUT001_MENU0078,ABNAH Cafe Connaught Place,2026-01-10,Food,Wraps,MENU0078,Shredded Chicken Wrap,1,290.49
SALE_20260110_OUT001_MENU0080,ABNAH Cafe Connaught Place,2026-01-10,Food,Sandwiches,MENU0080,Pesto Veg Sandwich,1,267.17
SALE_20260110_OUT001_MENU0091,ABNAH Cafe Connaught Place,2026-01-10,Food,Snacks,MENU0091,Pesto Sundried Tomato Pin Wheel,1,226.03
SALE_20260110_OUT001_MENU0092,ABNAH Cafe Connaught Place,2026-01-10,Food,Snacks,MENU0092,Turnover with Brioche Dough Chicken,1,245.27
SALE_20260110_OUT001_MENU0093,ABNAH Cafe Connaught Place,2026-01-10,Food,Snacks,MENU0093,Turnover with Brioche Dough Veg,1,225.29
SALE_20260110_OUT001_MENU0094,ABNAH Cafe Connaught Place,2026-01-10,Food,Baked Goods,MENU0094,Butter Croissant,1,183.45
SALE_20260110_OUT001_MENU0096,ABNAH Cafe Connaught Place,2026-01-10,Food,Baked Goods,MENU0096,Chocolate Croissant,2,473.29
SALE_20260110_OUT001_MENU0102,ABNAH Cafe Connaught Place,2026-01-10,Dessert,Desserts,MENU0102,Double Chocolate Truffle Cake,1,294.72
SALE_20260110_OUT001_MENU0108,ABNAH Cafe Connaught Place,2026-01-10,Dessert,Desserts,MENU0108,Apple Pie,2,545.42
SALE_20260111_OUT001_MENU0003,ABNAH Cafe Connaught Place,2026-01-11,Beverage,Coffee Classics,MENU0003,Americano - Regular,1,179.69
SALE_20260111_OUT001_MENU0005,ABNAH Cafe Connaught Place,2026-01-11,Beverage,Coffee Classics,MENU0005,Americano - Large,1,226.43
SALE_20260111_OUT001_MENU0006,ABNAH Cafe Connaught Place,2026-01-11,Beverage,Coffee Classics,MENU0006,Latte - Regular,1,229.19
SALE_20260111_OUT001_MENU0007,ABNAH Cafe Connaught Place,2026-01-11,Beverage,Coffee Classics,MENU0007,Latte - Medium,1,237.65
SALE_20260111_OUT001_MENU0009,ABNAH Cafe Connaught Place,2026-01-11,Beverage,Coffee Classics,MENU0009,Cappuccino - Regular,1,226.41
SALE_20260111_OUT001_MENU0010,ABNAH Cafe Connaught Place,2026-01-11,Beverage,Coffee Classics,MENU0010,Cappuccino - Medium,2,508.39
SALE_20260111_OUT001_MENU0015,ABNAH Cafe Connaught Place,2026-01-11,Beverage,Coffee Classics,MENU0015,Mocha - Regular,1,236.23
SALE_20260111_OUT001_MENU0016,ABNAH Cafe Connaught Place,2026-01-11,Beverage,Coffee Classics,MENU0016,Mocha - Medium,2,547.31
SALE_20260111_OUT001_MENU0024,ABNAH Cafe Connaught Place,2026-01-11,Beverage,Signature Coffee,MENU0024,Caramel Macchiato - Regular,1,264.44
SALE_20260111_OUT001_MENU0030,ABNAH Cafe Connaught Place,2026-01-11,Beverage,Signature Coffee,MENU0030,Vegan Iced Latte - Regular,2,536.0
SALE_20260111_OUT001_MENU0031,ABNAH Cafe Connaught Place,2026-01-11,Beverage,Signature Coffee,MENU0031,Vegan Iced Latte - Medium,1,310.76
SALE_20260111_OUT001_MENU0042,ABNAH Cafe Connaught Place,2026-01-11,Beverage,Cold Coffee,MENU0042,Classic Cold Coffee - Regular,1,255.25
SALE_20260111_OUT001_MENU0043,ABNAH Cafe Connaught Place,2026-01-11,Beverage,Cold Coffee,MENU0043,Classic Cold Coffee - Medium,1,292.93
SALE_20260111_OUT001_MENU0044,ABNAH Cafe Connaught Place,2026-01-11,Beverage,Cold Coffee,MENU0044,Classic Cold Coffee - Large,1,319.49
SALE_20260111_OUT001_MENU0046,ABNAH Cafe Connaught Place,2026-01-11,Beverage,Cold Coffee,MENU0046,Mocha Cold Coffee - Medium,1,326.21
SALE_20260111_OUT001_MENU0048,ABNAH Cafe Connaught Place,2026-01-11,Beverage,Cold Coffee,MENU0048,Caramel Cold Coffee - Regular,1,290.28
SALE_20260111_OUT001_MENU0052,ABNAH Cafe Connaught Place,2026-01-11,Beverage,Tea,MENU0052,Masala Chai Latte - Medium,1,211.51
SALE_20260111_OUT001_MENU0053,ABNAH Cafe Connaught Place,2026-01-11,Beverage,Tea,MENU0053,Masala Chai Latte - Large,1,233.41
SALE_20260111_OUT001_MENU0054,ABNAH Cafe Connaught Place,2026-01-11,Beverage,Tea,MENU0054,Himalayan Green Tea,1,211.94
SALE_20260111_OUT001_MENU0060,ABNAH Cafe Connaught Place,2026-01-11,Beverage,Iced Tea,MENU0060,Lemon Iced Tea - Large,1,259.93
SALE_20260111_OUT001_MENU0070,ABNAH Cafe Connaught Place,2026-01-11,Beverage,Shake,MENU0070,Choco Chip Shake - Large,1,370.01
SALE_20260111_OUT001_MENU0072,ABNAH Cafe Connaught Place,2026-01-11,Beverage,Shake,MENU0072,Mixed Berry Shake - Medium,1,347.35
SALE_20260111_OUT001_MENU0076,ABNAH Cafe Connaught Place,2026-01-11,Beverage,Smoothie,MENU0076,Seasonal Smoothie - Large,1,365.93
SALE_20260111_OUT001_MENU0078,ABNAH Cafe Connaught Place,2026-01-11,Food,Wraps,MENU0078,Shredded Chicken Wrap,1,281.81
SALE_20260111_OUT001_MENU0083,ABNAH Cafe Connaught Place,2026-01-11,Food,Toasts,MENU0083,Chilli Cheese Garlic Toast,1,226.46
SALE_20260111_OUT001_MENU0086,ABNAH Cafe Connaught Place,2026-01-11,Food,Breakfast,MENU0086,Breakfast Pancakes,1,278.25
SALE_20260111_OUT001_MENU0088,ABNAH Cafe Connaught Place,2026-01-11,Food,Breakfast,MENU0088,Scallion Pepper Cream Cheese Bagel,1,249.58
SALE_20260111_OUT001_MENU0100,ABNAH Cafe Connaught Place,2026-01-11,Dessert,Baked Goods,MENU0100,Banana Walnut Tea Cake,1,199.27
SALE_20260111_OUT001_MENU0109,ABNAH Cafe Connaught Place,2026-01-11,Dessert,Desserts,MENU0109,Basque Cheesecake,1,300.36
SALE_20260112_OUT001_MENU0001,ABNAH Cafe Connaught Place,2026-01-12,Beverage,Espresso,MENU0001,Espresso Shot - Solo,1,147.17
SALE_20260112_OUT001_MENU0002,ABNAH Cafe Connaught Place,2026-01-12,Beverage,Espresso,MENU0002,Espresso Shot - Doppio,1,183.78
SALE_20260112_OUT001_MENU0003,ABNAH Cafe Connaught Place,2026-01-12,Beverage,Coffee Classics,MENU0003,Americano - Regular,3,530.18
SALE_20260112_OUT001_MENU0004,ABNAH Cafe Connaught Place,2026-01-12,Beverage,Coffee Classics,MENU0004,Americano - Medium,2,427.55
SALE_20260112_OUT001_MENU0005,ABNAH Cafe Connaught Place,2026-01-12,Beverage,Coffee Classics,MENU0005,Americano - Large,1,225.14
SALE_20260112_OUT001_MENU0006,ABNAH Cafe Connaught Place,2026-01-12,Beverage,Coffee Classics,MENU0006,Latte - Regular,2,456.64
SALE_20260112_OUT001_MENU0007,ABNAH Cafe Connaught Place,2026-01-12,Beverage,Coffee Classics,MENU0007,Latte - Medium,1,253.0
SALE_20260112_OUT001_MENU0008,ABNAH Cafe Connaught Place,2026-01-12,Beverage,Coffee Classics,MENU0008,Latte - Large,3,798.41
SALE_20260112_OUT001_MENU0009,ABNAH Cafe Connaught Place,2026-01-12,Beverage,Coffee Classics,MENU0009,Cappuccino - Regular,4,874.66
SALE_20260112_OUT001_MENU0010,ABNAH Cafe Connaught Place,2026-01-12,Beverage,Coffee Classics,MENU0010,Cappuccino - Medium,2,485.84
SALE_20260112_OUT001_MENU0012,ABNAH Cafe Connaught Place,2026-01-12,Beverage,Coffee Classics,MENU0012,Flat White - Regular,2,461.76
SALE_20260112_OUT001_MENU0013,ABNAH Cafe Connaught Place,2026-01-12,Beverage,Coffee Classics,MENU0013,Flat White - Medium,2,508.11
SALE_20260112_OUT001_MENU0016,ABNAH Cafe Connaught Place,2026-01-12,Beverage,Coffee Classics,MENU0016,Mocha - Medium,1,256.06
SALE_20260112_OUT001_MENU0017,ABNAH Cafe Connaught Place,2026-01-12,Beverage,Coffee Classics,MENU0017,Mocha - Large,1,300.54
SALE_20260112_OUT001_MENU0018,ABNAH Cafe Connaught Place,2026-01-12,Beverage,Signature Coffee,MENU0018,Sea Salt Mocha - Regular,3,835.0
SALE_20260112_OUT001_MENU0019,ABNAH Cafe Connaught Place,2026-01-12,Beverage,Signature Coffee,MENU0019,Sea Salt Mocha - Medium,3,889.69
SALE_20260112_OUT001_MENU0022,ABNAH Cafe Connaught Place,2026-01-12,Beverage,Signature Coffee,MENU0022,Orange Zest Mocha - Medium,1,298.5
SALE_20260112_OUT001_MENU0023,ABNAH Cafe Connaught Place,2026-01-12,Beverage,Signature Coffee,MENU0023,Orange Zest Mocha - Large,1,317.96
SALE_20260112_OUT001_MENU0024,ABNAH Cafe Connaught Place,2026-01-12,Beverage,Signature Coffee,MENU0024,Caramel Macchiato - Regular,2,525.75
SALE_20260112_OUT001_MENU0030,ABNAH Cafe Connaught Place,2026-01-12,Beverage,Signature Coffee,MENU0030,Vegan Iced Latte - Regular,3,859.85
SALE_20260112_OUT001_MENU0031,ABNAH Cafe Connaught Place,2026-01-12,Beverage,Signature Coffee,MENU0031,Vegan Iced Latte - Medium,1,315.53
SALE_20260112_OUT001_MENU0033,ABNAH Cafe Connaught Place,2026-01-12,Beverage,Cold Brew,MENU0033,Classic Cold Brew - Regular,1,220.28
SALE_20260112_OUT001_MENU0036,ABNAH Cafe Connaught Place,2026-01-12,Beverage,Cold Brew,MENU0036,Coffee Lemonade - Regular,1,223.68
SALE_20260112_OUT001_MENU0038,ABNAH Cafe Connaught Place,2026-01-12,Beverage,Cold Brew,MENU0038,Coffee Lemonade - Large,2,555.62
SALE_20260112_OUT001_MENU0040,ABNAH Cafe Connaught Place,2026-01-12,Beverage,Cold Brew,MENU0040,Vietnamese Shakerato - Medium,1,283.09
SALE_20260112_OUT001_MENU0042,ABNAH Cafe Connaught Place,2026-01-12,Beverage,Cold Coffee,MENU0042,Classic Cold Coffee - Regular,2,494.28
SALE_20260112_OUT001_MENU0045,ABNAH Cafe Connaught Place,2026-01-12,Beverage,Cold Coffee,MENU0045,Mocha Cold Coffee - Regular,2,549.39
SALE_20260112_OUT001_MENU0047,ABNAH Cafe Connaught Place,2026-01-12,Beverage,Cold Coffee,MENU0047,Mocha Cold Coffee - Large,3,1043.97
SALE_20260112_OUT001_MENU0048,ABNAH Cafe Connaught Place,2026-01-12,Beverage,Cold Coffee,MENU0048,Caramel Cold Coffee - Regular,1,287.53
SALE_20260112_OUT001_MENU0049,ABNAH Cafe Connaught Place,2026-01-12,Beverage,Cold Coffee,MENU0049,Caramel Cold Coffee - Medium,2,605.33
SALE_20260112_OUT001_MENU0051,ABNAH Cafe Connaught Place,2026-01-12,Beverage,Tea,MENU0051,Masala Chai Latte - Regular,1,185.72
SALE_20260112_OUT001_MENU0053,ABNAH Cafe Connaught Place,2026-01-12,Beverage,Tea,MENU0053,Masala Chai Latte - Large,1,241.09
SALE_20260112_OUT001_MENU0055,ABNAH Cafe Connaught Place,2026-01-12,Beverage,Tea,MENU0055,Japanese Matcha Latte - Regular,1,269.47
SALE_20260112_OUT001_MENU0056,ABNAH Cafe Connaught Place,2026-01-12,Beverage,Tea,MENU0056,Japanese Matcha Latte - Medium,1,291.35
SALE_20260112_OUT001_MENU0057,ABNAH Cafe Connaught Place,2026-01-12,Beverage,Tea,MENU0057,Japanese Matcha Latte - Large,1,315.65
SALE_20260112_OUT001_MENU0058,ABNAH Cafe Connaught Place,2026-01-12,Beverage,Iced Tea,MENU0058,Lemon Iced Tea - Regular,1,199.22
SALE_20260112_OUT001_MENU0061,ABNAH Cafe Connaught Place,2026-01-12,Beverage,Iced Tea,MENU0061,Hibiscus Lime Iced Tea - Regular,2,431.29
SALE_20260112_OUT001_MENU0062,ABNAH Cafe Connaught Place,2026-01-12,Beverage,Iced Tea,MENU0062,Hibiscus Lime Iced Tea - Medium,1,251.91
SALE_20260112_OUT001_MENU0067,ABNAH Cafe Connaught Place,2026-01-12,Beverage,Kids Beverage,MENU0067,Babyccino - Regular,1,157.1
SALE_20260112_OUT001_MENU0068,ABNAH Cafe Connaught Place,2026-01-12,Beverage,Shake,MENU0068,Choco Chip Shake - Regular,2,584.46
SALE_20260112_OUT001_MENU0071,ABNAH Cafe Connaught Place,2026-01-12,Beverage,Shake,MENU0071,Mixed Berry Shake - Regular,1,298.88
SALE_20260112_OUT001_MENU0072,ABNAH Cafe Connaught Place,2026-01-12,Beverage,Shake,MENU0072,Mixed Berry Shake - Medium,1,342.84
SALE_20260112_OUT001_MENU0074,ABNAH Cafe Connaught Place,2026-01-12,Beverage,Smoothie,MENU0074,Seasonal Smoothie - Regular,1,305.29
SALE_20260112_OUT001_MENU0077,ABNAH Cafe Connaught Place,2026-01-12,Food,Wraps,MENU0077,Spicy Paneer Wrap,2,547.33
SALE_20260112_OUT001_MENU0079,ABNAH Cafe Connaught Place,2026-01-12,Food,Sandwiches,MENU0079,Smoked Chipotle Paneer Sandwich,1,279.83
SALE_20260112_OUT001_MENU0082,ABNAH Cafe Connaught Place,2026-01-12,Food,Sandwiches,MENU0082,Tandoori Chicken Sandwich,1,321.67
SALE_20260112_OUT001_MENU0085,ABNAH Cafe Connaught Place,2026-01-12,Food,Platter,MENU0085,Hummus and Pita Platter,1,309.14
SALE_20260112_OUT001_MENU0086,ABNAH Cafe Connaught Place,2026-01-12,Food,Breakfast,MENU0086,Breakfast Pancakes,1,284.62
SALE_20260112_OUT001_MENU0088,ABNAH Cafe Connaught Place,2026-01-12,Food,Breakfast,MENU0088,Scallion Pepper Cream Cheese Bagel,1,250.59
SALE_20260112_OUT001_MENU0090,ABNAH Cafe Connaught Place,2026-01-12,Food,Snacks,MENU0090,Marinara Cheese Pin Wheels,1,214.42
SALE_20260112_OUT001_MENU0093,ABNAH Cafe Connaught Place,2026-01-12,Food,Snacks,MENU0093,Turnover with Brioche Dough Veg,2,461.65
SALE_20260112_OUT001_MENU0095,ABNAH Cafe Connaught Place,2026-01-12,Food,Baked Goods,MENU0095,Almond Croissant,2,490.38
SALE_20260112_OUT001_MENU0097,ABNAH Cafe Connaught Place,2026-01-12,Food,Baked Goods,MENU0097,Mushroom Cheese Croissant,2,500.62
SALE_20260112_OUT001_MENU0099,ABNAH Cafe Connaught Place,2026-01-12,Dessert,Baked Goods,MENU0099,Cinnamon Roll with Cream Cheese,1,210.84
SALE_20260112_OUT001_MENU0108,ABNAH Cafe Connaught Place,2026-01-12,Dessert,Desserts,MENU0108,Apple Pie,1,263.63
SALE_20260112_OUT001_MENU0109,ABNAH Cafe Connaught Place,2026-01-12,Dessert,Desserts,MENU0109,Basque Cheesecake,1,293.86
SALE_20260113_OUT001_MENU0003,ABNAH Cafe Connaught Place,2026-01-13,Beverage,Coffee Classics,MENU0003,Americano - Regular,2,358.4
SALE_20260113_OUT001_MENU0004,ABNAH Cafe Connaught Place,2026-01-13,Beverage,Coffee Classics,MENU0004,Americano - Medium,4,801.52
SALE_20260113_OUT001_MENU0005,ABNAH Cafe Connaught Place,2026-01-13,Beverage,Coffee Classics,MENU0005,Americano - Large,3,681.54
SALE_20260113_OUT001_MENU0006,ABNAH Cafe Connaught Place,2026-01-13,Beverage,Coffee Classics,MENU0006,Latte - Regular,1,226.9
SALE_20260113_OUT001_MENU0007,ABNAH Cafe Connaught Place,2026-01-13,Beverage,Coffee Classics,MENU0007,Latte - Medium,3,749.33
SALE_20260113_OUT001_MENU0008,ABNAH Cafe Connaught Place,2026-01-13,Beverage,Coffee Classics,MENU0008,Latte - Large,5,1374.99
SALE_20260113_OUT001_MENU0009,ABNAH Cafe Connaught Place,2026-01-13,Beverage,Coffee Classics,MENU0009,Cappuccino - Regular,4,916.21
SALE_20260113_OUT001_MENU0010,ABNAH Cafe Connaught Place,2026-01-13,Beverage,Coffee Classics,MENU0010,Cappuccino - Medium,4,998.09
SALE_20260113_OUT001_MENU0012,ABNAH Cafe Connaught Place,2026-01-13,Beverage,Coffee Classics,MENU0012,Flat White - Regular,3,716.33
SALE_20260113_OUT001_MENU0013,ABNAH Cafe Connaught Place,2026-01-13,Beverage,Coffee Classics,MENU0013,Flat White - Medium,1,245.31
SALE_20260113_OUT001_MENU0015,ABNAH Cafe Connaught Place,2026-01-13,Beverage,Coffee Classics,MENU0015,Mocha - Regular,3,736.71
SALE_20260113_OUT001_MENU0016,ABNAH Cafe Connaught Place,2026-01-13,Beverage,Coffee Classics,MENU0016,Mocha - Medium,2,521.14
SALE_20260113_OUT001_MENU0017,ABNAH Cafe Connaught Place,2026-01-13,Beverage,Coffee Classics,MENU0017,Mocha - Large,1,280.13
SALE_20260113_OUT001_MENU0018,ABNAH Cafe Connaught Place,2026-01-13,Beverage,Signature Coffee,MENU0018,Sea Salt Mocha - Regular,3,820.36
SALE_20260113_OUT001_MENU0022,ABNAH Cafe Connaught Place,2026-01-13,Beverage,Signature Coffee,MENU0022,Orange Zest Mocha - Medium,1,293.85
SALE_20260113_OUT001_MENU0023,ABNAH Cafe Connaught Place,2026-01-13,Beverage,Signature Coffee,MENU0023,Orange Zest Mocha - Large,2,656.14
SALE_20260113_OUT001_MENU0024,ABNAH Cafe Connaught Place,2026-01-13,Beverage,Signature Coffee,MENU0024,Caramel Macchiato - Regular,1,257.65
SALE_20260113_OUT001_MENU0025,ABNAH Cafe Connaught Place,2026-01-13,Beverage,Signature Coffee,MENU0025,Caramel Macchiato - Medium,1,298.52
SALE_20260113_OUT001_MENU0027,ABNAH Cafe Connaught Place,2026-01-13,Beverage,Signature Coffee,MENU0027,French Vanilla Latte - Regular,1,258.59
SALE_20260113_OUT001_MENU0028,ABNAH Cafe Connaught Place,2026-01-13,Beverage,Signature Coffee,MENU0028,French Vanilla Latte - Medium,1,296.79
SALE_20260113_OUT001_MENU0030,ABNAH Cafe Connaught Place,2026-01-13,Beverage,Signature Coffee,MENU0030,Vegan Iced Latte - Regular,1,280.55
SALE_20260113_OUT001_MENU0036,ABNAH Cafe Connaught Place,2026-01-13,Beverage,Cold Brew,MENU0036,Coffee Lemonade - Regular,2,468.52
SALE_20260113_OUT001_MENU0037,ABNAH Cafe Connaught Place,2026-01-13,Beverage,Cold Brew,MENU0037,Coffee Lemonade - Medium,1,257.14
SALE_20260113_OUT001_MENU0038,ABNAH Cafe Connaught Place,2026-01-13,Beverage,Cold Brew,MENU0038,Coffee Lemonade - Large,1,280.2
SALE_20260113_OUT001_MENU0039,ABNAH Cafe Connaught Place,2026-01-13,Beverage,Cold Brew,MENU0039,Vietnamese Shakerato - Regular,1,247.17
SALE_20260113_OUT001_MENU0040,ABNAH Cafe Connaught Place,2026-01-13,Beverage,Cold Brew,MENU0040,Vietnamese Shakerato - Medium,1,284.67
SALE_20260113_OUT001_MENU0042,ABNAH Cafe Connaught Place,2026-01-13,Beverage,Cold Coffee,MENU0042,Classic Cold Coffee - Regular,1,241.77
SALE_20260113_OUT001_MENU0044,ABNAH Cafe Connaught Place,2026-01-13,Beverage,Cold Coffee,MENU0044,Classic Cold Coffee - Large,1,312.38
SALE_20260113_OUT001_MENU0048,ABNAH Cafe Connaught Place,2026-01-13,Beverage,Cold Coffee,MENU0048,Caramel Cold Coffee - Regular,1,287.63
SALE_20260113_OUT001_MENU0049,ABNAH Cafe Connaught Place,2026-01-13,Beverage,Cold Coffee,MENU0049,Caramel Cold Coffee - Medium,2,626.19
SALE_20260113_OUT001_MENU0050,ABNAH Cafe Connaught Place,2026-01-13,Beverage,Cold Coffee,MENU0050,Caramel Cold Coffee - Large,1,340.2
SALE_20260113_OUT001_MENU0051,ABNAH Cafe Connaught Place,2026-01-13,Beverage,Tea,MENU0051,Masala Chai Latte - Regular,1,188.14
SALE_20260113_OUT001_MENU0052,ABNAH Cafe Connaught Place,2026-01-13,Beverage,Tea,MENU0052,Masala Chai Latte - Medium,2,437.74
SALE_20260113_OUT001_MENU0053,ABNAH Cafe Connaught Place,2026-01-13,Beverage,Tea,MENU0053,Masala Chai Latte - Large,2,474.41
SALE_20260113_OUT001_MENU0055,ABNAH Cafe Connaught Place,2026-01-13,Beverage,Tea,MENU0055,Japanese Matcha Latte - Regular,2,528.72
SALE_20260113_OUT001_MENU0058,ABNAH Cafe Connaught Place,2026-01-13,Beverage,Iced Tea,MENU0058,Lemon Iced Tea - Regular,1,208.02
SALE_20260113_OUT001_MENU0060,ABNAH Cafe Connaught Place,2026-01-13,Beverage,Iced Tea,MENU0060,Lemon Iced Tea - Large,2,506.72
SALE_20260113_OUT001_MENU0062,ABNAH Cafe Connaught Place,2026-01-13,Beverage,Iced Tea,MENU0062,Hibiscus Lime Iced Tea - Medium,1,250.26
SALE_20260113_OUT001_MENU0068,ABNAH Cafe Connaught Place,2026-01-13,Beverage,Shake,MENU0068,Choco Chip Shake - Regular,1,288.79
SALE_20260113_OUT001_MENU0071,ABNAH Cafe Connaught Place,2026-01-13,Beverage,Shake,MENU0071,Mixed Berry Shake - Regular,1,297.46
SALE_20260113_OUT001_MENU0072,ABNAH Cafe Connaught Place,2026-01-13,Beverage,Shake,MENU0072,Mixed Berry Shake - Medium,1,339.89
SALE_20260113_OUT001_MENU0073,ABNAH Cafe Connaught Place,2026-01-13,Beverage,Shake,MENU0073,Mixed Berry Shake - Large,1,380.58
SALE_20260113_OUT001_MENU0074,ABNAH Cafe Connaught Place,2026-01-13,Beverage,Smoothie,MENU0074,Seasonal Smoothie - Regular,1,310.46
SALE_20260113_OUT001_MENU0079,ABNAH Cafe Connaught Place,2026-01-13,Food,Sandwiches,MENU0079,Smoked Chipotle Paneer Sandwich,1,295.68
SALE_20260113_OUT001_MENU0081,ABNAH Cafe Connaught Place,2026-01-13,Food,Sandwiches,MENU0081,Pepper Chicken Sandwich,1,320.15
SALE_20260113_OUT001_MENU0082,ABNAH Cafe Connaught Place,2026-01-13,Food,Sandwiches,MENU0082,Tandoori Chicken Sandwich,2,651.2
SALE_20260113_OUT001_MENU0083,ABNAH Cafe Connaught Place,2026-01-13,Food,Toasts,MENU0083,Chilli Cheese Garlic Toast,1,234.87
SALE_20260113_OUT001_MENU0084,ABNAH Cafe Connaught Place,2026-01-13,Food,Toasts,MENU0084,Chicken Pepperoni Avocado Toast,1,335.08
SALE_20260113_OUT001_MENU0091,ABNAH Cafe Connaught Place,2026-01-13,Food,Snacks,MENU0091,Pesto Sundried Tomato Pin Wheel,1,215.44
SALE_20260113_OUT001_MENU0093,ABNAH Cafe Connaught Place,2026-01-13,Food,Snacks,MENU0093,Turnover with Brioche Dough Veg,1,236.47
SALE_20260113_OUT001_MENU0094,ABNAH Cafe Connaught Place,2026-01-13,Food,Baked Goods,MENU0094,Butter Croissant,1,190.43
SALE_20260113_OUT001_MENU0100,ABNAH Cafe Connaught Place,2026-01-13,Dessert,Baked Goods,MENU0100,Banana Walnut Tea Cake,1,206.36
SALE_20260113_OUT001_MENU0101,ABNAH Cafe Connaught Place,2026-01-13,Dessert,Baked Goods,MENU0101,Lemon Raspberry Tea Cake,1,213.51
SALE_20260113_OUT001_MENU0105,ABNAH Cafe Connaught Place,2026-01-13,Dessert,Desserts,MENU0105,Soft-Centred Caramel Cookie,4,714.56
SALE_20260113_OUT001_MENU0110,ABNAH Cafe Connaught Place,2026-01-13,Dessert,Baked Goods,MENU0110,Multigrain Walnut Tea Cake,2,436.3
SALE_20260114_OUT001_MENU0003,ABNAH Cafe Connaught Place,2026-01-14,Beverage,Coffee Classics,MENU0003,Americano - Regular,4,738.89
SALE_20260114_OUT001_MENU0004,ABNAH Cafe Connaught Place,2026-01-14,Beverage,Coffee Classics,MENU0004,Americano - Medium,2,425.06
SALE_20260114_OUT001_MENU0005,ABNAH Cafe Connaught Place,2026-01-14,Beverage,Coffee Classics,MENU0005,Americano - Large,2,478.05
SALE_20260114_OUT001_MENU0007,ABNAH Cafe Connaught Place,2026-01-14,Beverage,Coffee Classics,MENU0007,Latte - Medium,2,496.36
SALE_20260114_OUT001_MENU0008,ABNAH Cafe Connaught Place,2026-01-14,Beverage,Coffee Classics,MENU0008,Latte - Large,2,556.37
SALE_20260114_OUT001_MENU0009,ABNAH Cafe Connaught Place,2026-01-14,Beverage,Coffee Classics,MENU0009,Cappuccino - Regular,2,444.43
SALE_20260114_OUT001_MENU0010,ABNAH Cafe Connaught Place,2026-01-14,Beverage,Coffee Classics,MENU0010,Cappuccino - Medium,3,742.27
SALE_20260114_OUT001_MENU0011,ABNAH Cafe Connaught Place,2026-01-14,Beverage,Coffee Classics,MENU0011,Cappuccino - Large,3,822.69
SALE_20260114_OUT001_MENU0012,ABNAH Cafe Connaught Place,2026-01-14,Beverage,Coffee Classics,MENU0012,Flat White - Regular,1,223.85
SALE_20260114_OUT001_MENU0013,ABNAH Cafe Connaught Place,2026-01-14,Beverage,Coffee Classics,MENU0013,Flat White - Medium,1,256.25
SALE_20260114_OUT001_MENU0015,ABNAH Cafe Connaught Place,2026-01-14,Beverage,Coffee Classics,MENU0015,Mocha - Regular,2,495.13
SALE_20260114_OUT001_MENU0016,ABNAH Cafe Connaught Place,2026-01-14,Beverage,Coffee Classics,MENU0016,Mocha - Medium,3,806.21
SALE_20260114_OUT001_MENU0017,ABNAH Cafe Connaught Place,2026-01-14,Beverage,Coffee Classics,MENU0017,Mocha - Large,1,289.91
SALE_20260114_OUT001_MENU0018,ABNAH Cafe Connaught Place,2026-01-14,Beverage,Signature Coffee,MENU0018,Sea Salt Mocha - Regular,5,1390.15
SALE_20260114_OUT001_MENU0022,ABNAH Cafe Connaught Place,2026-01-14,Beverage,Signature Coffee,MENU0022,Orange Zest Mocha - Medium,1,283.92
SALE_20260114_OUT001_MENU0024,ABNAH Cafe Connaught Place,2026-01-14,Beverage,Signature Coffee,MENU0024,Caramel Macchiato - Regular,2,520.73
SALE_20260114_OUT001_MENU0025,ABNAH Cafe Connaught Place,2026-01-14,Beverage,Signature Coffee,MENU0025,Caramel Macchiato - Medium,2,600.16
SALE_20260114_OUT001_MENU0028,ABNAH Cafe Connaught Place,2026-01-14,Beverage,Signature Coffee,MENU0028,French Vanilla Latte - Medium,1,278.54
SALE_20260114_OUT001_MENU0030,ABNAH Cafe Connaught Place,2026-01-14,Beverage,Signature Coffee,MENU0030,Vegan Iced Latte - Regular,1,272.57
SALE_20260114_OUT001_MENU0031,ABNAH Cafe Connaught Place,2026-01-14,Beverage,Signature Coffee,MENU0031,Vegan Iced Latte - Medium,1,313.68
SALE_20260114_OUT001_MENU0032,ABNAH Cafe Connaught Place,2026-01-14,Beverage,Signature Coffee,MENU0032,Vegan Iced Latte - Large,2,667.71
SALE_20260114_OUT001_MENU0034,ABNAH Cafe Connaught Place,2026-01-14,Beverage,Cold Brew,MENU0034,Classic Cold Brew - Medium,1,237.15
SALE_20260114_OUT001_MENU0036,ABNAH Cafe Connaught Place,2026-01-14,Beverage,Cold Brew,MENU0036,Coffee Lemonade - Regular,1,222.97
SALE_20260114_OUT001_MENU0037,ABNAH Cafe Connaught Place,2026-01-14,Beverage,Cold Brew,MENU0037,Coffee Lemonade - Medium,1,249.17
SALE_20260114_OUT001_MENU0039,ABNAH Cafe Connaught Place,2026-01-14,Beverage,Cold Brew,MENU0039,Vietnamese Shakerato - Regular,1,245.72
SALE_20260114_OUT001_MENU0040,ABNAH Cafe Connaught Place,2026-01-14,Beverage,Cold Brew,MENU0040,Vietnamese Shakerato - Medium,1,275.59
SALE_20260114_OUT001_MENU0042,ABNAH Cafe Connaught Place,2026-01-14,Beverage,Cold Coffee,MENU0042,Classic Cold Coffee - Regular,2,504.58
SALE_20260114_OUT001_MENU0044,ABNAH Cafe Connaught Place,2026-01-14,Beverage,Cold Coffee,MENU0044,Classic Cold Coffee - Large,2,627.73
SALE_20260114_OUT001_MENU0045,ABNAH Cafe Connaught Place,2026-01-14,Beverage,Cold Coffee,MENU0045,Mocha Cold Coffee - Regular,1,284.18
SALE_20260114_OUT001_MENU0047,ABNAH Cafe Connaught Place,2026-01-14,Beverage,Cold Coffee,MENU0047,Mocha Cold Coffee - Large,2,711.68
SALE_20260114_OUT001_MENU0048,ABNAH Cafe Connaught Place,2026-01-14,Beverage,Cold Coffee,MENU0048,Caramel Cold Coffee - Regular,2,579.37
SALE_20260114_OUT001_MENU0051,ABNAH Cafe Connaught Place,2026-01-14,Beverage,Tea,MENU0051,Masala Chai Latte - Regular,1,187.71
SALE_20260114_OUT001_MENU0054,ABNAH Cafe Connaught Place,2026-01-14,Beverage,Tea,MENU0054,Himalayan Green Tea,1,205.09
SALE_20260114_OUT001_MENU0055,ABNAH Cafe Connaught Place,2026-01-14,Beverage,Tea,MENU0055,Japanese Matcha Latte - Regular,2,522.25
SALE_20260114_OUT001_MENU0058,ABNAH Cafe Connaught Place,2026-01-14,Beverage,Iced Tea,MENU0058,Lemon Iced Tea - Regular,1,205.16
SALE_20260114_OUT001_MENU0059,ABNAH Cafe Connaught Place,2026-01-14,Beverage,Iced Tea,MENU0059,Lemon Iced Tea - Medium,1,217.88
SALE_20260114_OUT001_MENU0060,ABNAH Cafe Connaught Place,2026-01-14,Beverage,Iced Tea,MENU0060,Lemon Iced Tea - Large,1,251.9
SALE_20260114_OUT001_MENU0067,ABNAH Cafe Connaught Place,2026-01-14,Beverage,Kids Beverage,MENU0067,Babyccino - Regular,1,157.89
SALE_20260114_OUT001_MENU0069,ABNAH Cafe Connaught Place,2026-01-14,Beverage,Shake,MENU0069,Choco Chip Shake - Medium,1,314.23
SALE_20260114_OUT001_MENU0070,ABNAH Cafe Connaught Place,2026-01-14,Beverage,Shake,MENU0070,Choco Chip Shake - Large,1,372.28
SALE_20260114_OUT001_MENU0073,ABNAH Cafe Connaught Place,2026-01-14,Beverage,Shake,MENU0073,Mixed Berry Shake - Large,2,745.81
SALE_20260114_OUT001_MENU0077,ABNAH Cafe Connaught Place,2026-01-14,Food,Wraps,MENU0077,Spicy Paneer Wrap,2,551.28
SALE_20260114_OUT001_MENU0079,ABNAH Cafe Connaught Place,2026-01-14,Food,Sandwiches,MENU0079,Smoked Chipotle Paneer Sandwich,2,580.45
SALE_20260114_OUT001_MENU0080,ABNAH Cafe Connaught Place,2026-01-14,Food,Sandwiches,MENU0080,Pesto Veg Sandwich,1,274.73
SALE_20260114_OUT001_MENU0081,ABNAH Cafe Connaught Place,2026-01-14,Food,Sandwiches,MENU0081,Pepper Chicken Sandwich,1,312.62
SALE_20260114_OUT001_MENU0084,ABNAH Cafe Connaught Place,2026-01-14,Food,Toasts,MENU0084,Chicken Pepperoni Avocado Toast,1,319.49
SALE_20260114_OUT001_MENU0087,ABNAH Cafe Connaught Place,2026-01-14,Food,Breakfast,MENU0087,Cream Cheese Bagel,2,488.57
SALE_20260114_OUT001_MENU0091,ABNAH Cafe Connaught Place,2026-01-14,Food,Snacks,MENU0091,Pesto Sundried Tomato Pin Wheel,1,213.23
SALE_20260114_OUT001_MENU0094,ABNAH Cafe Connaught Place,2026-01-14,Food,Baked Goods,MENU0094,Butter Croissant,1,190.69
SALE_20260114_OUT001_MENU0096,ABNAH Cafe Connaught Place,2026-01-14,Food,Baked Goods,MENU0096,Chocolate Croissant,1,227.59
SALE_20260114_OUT001_MENU0099,ABNAH Cafe Connaught Place,2026-01-14,Dessert,Baked Goods,MENU0099,Cinnamon Roll with Cream Cheese,3,652.54
SALE_20260114_OUT001_MENU0103,ABNAH Cafe Connaught Place,2026-01-14,Dessert,Desserts,MENU0103,Banoffee Pie,1,269.71
SALE_20260114_OUT001_MENU0104,ABNAH Cafe Connaught Place,2026-01-14,Dessert,Desserts,MENU0104,Classic Chocolate Fudge Brownie,1,193.39
SALE_20260114_OUT001_MENU0105,ABNAH Cafe Connaught Place,2026-01-14,Dessert,Desserts,MENU0105,Soft-Centred Caramel Cookie,2,362.98
SALE_20260114_OUT001_MENU0110,ABNAH Cafe Connaught Place,2026-01-14,Dessert,Baked Goods,MENU0110,Multigrain Walnut Tea Cake,1,222.79
SALE_20260115_OUT001_MENU0003,ABNAH Cafe Connaught Place,2026-01-15,Beverage,Coffee Classics,MENU0003,Americano - Regular,4,708.61
SALE_20260115_OUT001_MENU0004,ABNAH Cafe Connaught Place,2026-01-15,Beverage,Coffee Classics,MENU0004,Americano - Medium,3,640.0
SALE_20260115_OUT001_MENU0005,ABNAH Cafe Connaught Place,2026-01-15,Beverage,Coffee Classics,MENU0005,Americano - Large,2,464.69
SALE_20260115_OUT001_MENU0006,ABNAH Cafe Connaught Place,2026-01-15,Beverage,Coffee Classics,MENU0006,Latte - Regular,3,650.79
SALE_20260115_OUT001_MENU0007,ABNAH Cafe Connaught Place,2026-01-15,Beverage,Coffee Classics,MENU0007,Latte - Medium,3,706.51
SALE_20260115_OUT001_MENU0008,ABNAH Cafe Connaught Place,2026-01-15,Beverage,Coffee Classics,MENU0008,Latte - Large,1,262.83
SALE_20260115_OUT001_MENU0009,ABNAH Cafe Connaught Place,2026-01-15,Beverage,Coffee Classics,MENU0009,Cappuccino - Regular,1,215.92
SALE_20260115_OUT001_MENU0010,ABNAH Cafe Connaught Place,2026-01-15,Beverage,Coffee Classics,MENU0010,Cappuccino - Medium,3,723.84
SALE_20260115_OUT001_MENU0011,ABNAH Cafe Connaught Place,2026-01-15,Beverage,Coffee Classics,MENU0011,Cappuccino - Large,1,260.26
SALE_20260115_OUT001_MENU0012,ABNAH Cafe Connaught Place,2026-01-15,Beverage,Coffee Classics,MENU0012,Flat White - Regular,4,940.24
SALE_20260115_OUT001_MENU0013,ABNAH Cafe Connaught Place,2026-01-15,Beverage,Coffee Classics,MENU0013,Flat White - Medium,1,257.55
SALE_20260115_OUT001_MENU0014,ABNAH Cafe Connaught Place,2026-01-15,Beverage,Coffee Classics,MENU0014,Flat White - Large,4,1085.93
SALE_20260115_OUT001_MENU0015,ABNAH Cafe Connaught Place,2026-01-15,Beverage,Coffee Classics,MENU0015,Mocha - Regular,2,462.08
SALE_20260115_OUT001_MENU0016,ABNAH Cafe Connaught Place,2026-01-15,Beverage,Coffee Classics,MENU0016,Mocha - Medium,7,1814.89
SALE_20260115_OUT001_MENU0017,ABNAH Cafe Connaught Place,2026-01-15,Beverage,Coffee Classics,MENU0017,Mocha - Large,1,281.29
SALE_20260115_OUT001_MENU0018,ABNAH Cafe Connaught Place,2026-01-15,Beverage,Signature Coffee,MENU0018,Sea Salt Mocha - Regular,1,264.83
SALE_20260115_OUT001_MENU0022,ABNAH Cafe Connaught Place,2026-01-15,Beverage,Signature Coffee,MENU0022,Orange Zest Mocha - Medium,1,290.27
SALE_20260115_OUT001_MENU0024,ABNAH Cafe Connaught Place,2026-01-15,Beverage,Signature Coffee,MENU0024,Caramel Macchiato - Regular,1,258.56
SALE_20260115_OUT001_MENU0025,ABNAH Cafe Connaught Place,2026-01-15,Beverage,Signature Coffee,MENU0025,Caramel Macchiato - Medium,1,296.71
SALE_20260115_OUT001_MENU0027,ABNAH Cafe Connaught Place,2026-01-15,Beverage,Signature Coffee,MENU0027,French Vanilla Latte - Regular,1,267.79
SALE_20260115_OUT001_MENU0028,ABNAH Cafe Connaught Place,2026-01-15,Beverage,Signature Coffee,MENU0028,French Vanilla Latte - Medium,1,280.85
SALE_20260115_OUT001_MENU0029,ABNAH Cafe Connaught Place,2026-01-15,Beverage,Signature Coffee,MENU0029,French Vanilla Latte - Large,2,633.52
SALE_20260115_OUT001_MENU0033,ABNAH Cafe Connaught Place,2026-01-15,Beverage,Cold Brew,MENU0033,Classic Cold Brew - Regular,1,221.21
SALE_20260115_OUT001_MENU0035,ABNAH Cafe Connaught Place,2026-01-15,Beverage,Cold Brew,MENU0035,Classic Cold Brew - Large,1,264.1
SALE_20260115_OUT001_MENU0036,ABNAH Cafe Connaught Place,2026-01-15,Beverage,Cold Brew,MENU0036,Coffee Lemonade - Regular,2,442.08
SALE_20260115_OUT001_MENU0038,ABNAH Cafe Connaught Place,2026-01-15,Beverage,Cold Brew,MENU0038,Coffee Lemonade - Large,2,580.37
SALE_20260115_OUT001_MENU0039,ABNAH Cafe Connaught Place,2026-01-15,Beverage,Cold Brew,MENU0039,Vietnamese Shakerato - Regular,1,245.35
SALE_20260115_OUT001_MENU0040,ABNAH Cafe Connaught Place,2026-01-15,Beverage,Cold Brew,MENU0040,Vietnamese Shakerato - Medium,2,569.37
SALE_20260115_OUT001_MENU0042,ABNAH Cafe Connaught Place,2026-01-15,Beverage,Cold Coffee,MENU0042,Classic Cold Coffee - Regular,2,492.84
SALE_20260115_OUT001_MENU0045,ABNAH Cafe Connaught Place,2026-01-15,Beverage,Cold Coffee,MENU0045,Mocha Cold Coffee - Regular,1,274.05
SALE_20260115_OUT001_MENU0046,ABNAH Cafe Connaught Place,2026-01-15,Beverage,Cold Coffee,MENU0046,Mocha Cold Coffee - Medium,2,631.9
SALE_20260115_OUT001_MENU0051,ABNAH Cafe Connaught Place,2026-01-15,Beverage,Tea,MENU0051,Masala Chai Latte - Regular,2,395.6
SALE_20260115_OUT001_MENU0052,ABNAH Cafe Connaught Place,2026-01-15,Beverage,Tea,MENU0052,Masala Chai Latte - Medium,1,213.11
SALE_20260115_OUT001_MENU0053,ABNAH Cafe Connaught Place,2026-01-15,Beverage,Tea,MENU0053,Masala Chai Latte - Large,1,230.43
SALE_20260115_OUT001_MENU0055,ABNAH Cafe Connaught Place,2026-01-15,Beverage,Tea,MENU0055,Japanese Matcha Latte - Regular,1,251.85
SALE_20260115_OUT001_MENU0059,ABNAH Cafe Connaught Place,2026-01-15,Beverage,Iced Tea,MENU0059,Lemon Iced Tea - Medium,1,222.89
SALE_20260115_OUT001_MENU0060,ABNAH Cafe Connaught Place,2026-01-15,Beverage,Iced Tea,MENU0060,Lemon Iced Tea - Large,1,250.74
SALE_20260115_OUT001_MENU0063,ABNAH Cafe Connaught Place,2026-01-15,Beverage,Iced Tea,MENU0063,Hibiscus Lime Iced Tea - Large,1,262.99
SALE_20260115_OUT001_MENU0065,ABNAH Cafe Connaught Place,2026-01-15,Beverage,Kids Beverage,MENU0065,Hot Chocolate - Medium,1,231.74
SALE_20260115_OUT001_MENU0071,ABNAH Cafe Connaught Place,2026-01-15,Beverage,Shake,MENU0071,Mixed Berry Shake - Regular,1,309.62
SALE_20260115_OUT001_MENU0074,ABNAH Cafe Connaught Place,2026-01-15,Beverage,Smoothie,MENU0074,Seasonal Smoothie - Regular,1,294.11
SALE_20260115_OUT001_MENU0079,ABNAH Cafe Connaught Place,2026-01-15,Food,Sandwiches,MENU0079,Smoked Chipotle Paneer Sandwich,2,561.43
SALE_20260115_OUT001_MENU0081,ABNAH Cafe Connaught Place,2026-01-15,Food,Sandwiches,MENU0081,Pepper Chicken Sandwich,3,958.27
SALE_20260115_OUT001_MENU0082,ABNAH Cafe Connaught Place,2026-01-15,Food,Sandwiches,MENU0082,Tandoori Chicken Sandwich,1,302.29
SALE_20260115_OUT001_MENU0085,ABNAH Cafe Connaught Place,2026-01-15,Food,Platter,MENU0085,Hummus and Pita Platter,1,304.47
SALE_20260115_OUT001_MENU0086,ABNAH Cafe Connaught Place,2026-01-15,Food,Breakfast,MENU0086,Breakfast Pancakes,1,287.08
SALE_20260115_OUT001_MENU0088,ABNAH Cafe Connaught Place,2026-01-15,Food,Breakfast,MENU0088,Scallion Pepper Cream Cheese Bagel,2,536.27
SALE_20260115_OUT001_MENU0091,ABNAH Cafe Connaught Place,2026-01-15,Food,Snacks,MENU0091,Pesto Sundried Tomato Pin Wheel,1,226.8
SALE_20260115_OUT001_MENU0096,ABNAH Cafe Connaught Place,2026-01-15,Food,Baked Goods,MENU0096,Chocolate Croissant,1,225.86
SALE_20260115_OUT001_MENU0100,ABNAH Cafe Connaught Place,2026-01-15,Dessert,Baked Goods,MENU0100,Banana Walnut Tea Cake,1,202.58
SALE_20260115_OUT001_MENU0102,ABNAH Cafe Connaught Place,2026-01-15,Dessert,Desserts,MENU0102,Double Chocolate Truffle Cake,2,563.44
SALE_20260115_OUT001_MENU0103,ABNAH Cafe Connaught Place,2026-01-15,Dessert,Desserts,MENU0103,Banoffee Pie,1,278.51
SALE_20260115_OUT001_MENU0104,ABNAH Cafe Connaught Place,2026-01-15,Dessert,Desserts,MENU0104,Classic Chocolate Fudge Brownie,2,370.42
SALE_20260116_OUT001_MENU0003,ABNAH Cafe Connaught Place,2026-01-16,Beverage,Coffee Classics,MENU0003,Americano - Regular,3,565.72
SALE_20260116_OUT001_MENU0004,ABNAH Cafe Connaught Place,2026-01-16,Beverage,Coffee Classics,MENU0004,Americano - Medium,3,618.71
SALE_20260116_OUT001_MENU0005,ABNAH Cafe Connaught Place,2026-01-16,Beverage,Coffee Classics,MENU0005,Americano - Large,4,931.53
SALE_20260116_OUT001_MENU0006,ABNAH Cafe Connaught Place,2026-01-16,Beverage,Coffee Classics,MENU0006,Latte - Regular,4,893.98
SALE_20260116_OUT001_MENU0007,ABNAH Cafe Connaught Place,2026-01-16,Beverage,Coffee Classics,MENU0007,Latte - Medium,2,475.81
SALE_20260116_OUT001_MENU0008,ABNAH Cafe Connaught Place,2026-01-16,Beverage,Coffee Classics,MENU0008,Latte - Large,3,782.1
SALE_20260116_OUT001_MENU0009,ABNAH Cafe Connaught Place,2026-01-16,Beverage,Coffee Classics,MENU0009,Cappuccino - Regular,1,226.76
SALE_20260116_OUT001_MENU0010,ABNAH Cafe Connaught Place,2026-01-16,Beverage,Coffee Classics,MENU0010,Cappuccino - Medium,6,1520.2
SALE_20260116_OUT001_MENU0011,ABNAH Cafe Connaught Place,2026-01-16,Beverage,Coffee Classics,MENU0011,Cappuccino - Large,1,263.44
SALE_20260116_OUT001_MENU0013,ABNAH Cafe Connaught Place,2026-01-16,Beverage,Coffee Classics,MENU0013,Flat White - Medium,2,500.04
SALE_20260116_OUT001_MENU0014,ABNAH Cafe Connaught Place,2026-01-16,Beverage,Coffee Classics,MENU0014,Flat White - Large,2,553.58
SALE_20260116_OUT001_MENU0015,ABNAH Cafe Connaught Place,2026-01-16,Beverage,Coffee Classics,MENU0015,Mocha - Regular,7,1628.21
SALE_20260116_OUT001_MENU0016,ABNAH Cafe Connaught Place,2026-01-16,Beverage,Coffee Classics,MENU0016,Mocha - Medium,7,1786.53
SALE_20260116_OUT001_MENU0018,ABNAH Cafe Connaught Place,2026-01-16,Beverage,Signature Coffee,MENU0018,Sea Salt Mocha - Regular,3,798.81
SALE_20260116_OUT001_MENU0020,ABNAH Cafe Connaught Place,2026-01-16,Beverage,Signature Coffee,MENU0020,Sea Salt Mocha - Large,1,320.82
SALE_20260116_OUT001_MENU0021,ABNAH Cafe Connaught Place,2026-01-16,Beverage,Signature Coffee,MENU0021,Orange Zest Mocha - Regular,3,797.65
SALE_20260116_OUT001_MENU0023,ABNAH Cafe Connaught Place,2026-01-16,Beverage,Signature Coffee,MENU0023,Orange Zest Mocha - Large,2,649.87
SALE_20260116_OUT001_MENU0024,ABNAH Cafe Connaught Place,2026-01-16,Beverage,Signature Coffee,MENU0024,Caramel Macchiato - Regular,1,268.28
SALE_20260116_OUT001_MENU0025,ABNAH Cafe Connaught Place,2026-01-16,Beverage,Signature Coffee,MENU0025,Caramel Macchiato - Medium,2,562.95
SALE_20260116_OUT001_MENU0026,ABNAH Cafe Connaught Place,2026-01-16,Beverage,Signature Coffee,MENU0026,Caramel Macchiato - Large,1,330.52
SALE_20260116_OUT001_MENU0027,ABNAH Cafe Connaught Place,2026-01-16,Beverage,Signature Coffee,MENU0027,French Vanilla Latte - Regular,1,252.49
SALE_20260116_OUT001_MENU0031,ABNAH Cafe Connaught Place,2026-01-16,Beverage,Signature Coffee,MENU0031,Vegan Iced Latte - Medium,2,605.56
SALE_20260116_OUT001_MENU0032,ABNAH Cafe Connaught Place,2026-01-16,Beverage,Signature Coffee,MENU0032,Vegan Iced Latte - Large,1,319.35
SALE_20260116_OUT001_MENU0034,ABNAH Cafe Connaught Place,2026-01-16,Beverage,Cold Brew,MENU0034,Classic Cold Brew - Medium,1,249.4
SALE_20260116_OUT001_MENU0035,ABNAH Cafe Connaught Place,2026-01-16,Beverage,Cold Brew,MENU0035,Classic Cold Brew - Large,1,259.92
SALE_20260116_OUT001_MENU0036,ABNAH Cafe Connaught Place,2026-01-16,Beverage,Cold Brew,MENU0036,Coffee Lemonade - Regular,2,467.32
SALE_20260116_OUT001_MENU0038,ABNAH Cafe Connaught Place,2026-01-16,Beverage,Cold Brew,MENU0038,Coffee Lemonade - Large,2,536.96
SALE_20260116_OUT001_MENU0039,ABNAH Cafe Connaught Place,2026-01-16,Beverage,Cold Brew,MENU0039,Vietnamese Shakerato - Regular,2,496.62
SALE_20260116_OUT001_MENU0041,ABNAH Cafe Connaught Place,2026-01-16,Beverage,Cold Brew,MENU0041,Vietnamese Shakerato - Large,1,295.42
SALE_20260116_OUT001_MENU0043,ABNAH Cafe Connaught Place,2026-01-16,Beverage,Cold Coffee,MENU0043,Classic Cold Coffee - Medium,1,290.73
SALE_20260116_OUT001_MENU0044,ABNAH Cafe Connaught Place,2026-01-16,Beverage,Cold Coffee,MENU0044,Classic Cold Coffee - Large,2,653.5
SALE_20260116_OUT001_MENU0045,ABNAH Cafe Connaught Place,2026-01-16,Beverage,Cold Coffee,MENU0045,Mocha Cold Coffee - Regular,2,554.32
SALE_20260116_OUT001_MENU0049,ABNAH Cafe Connaught Place,2026-01-16,Beverage,Cold Coffee,MENU0049,Caramel Cold Coffee - Medium,1,307.02
SALE_20260116_OUT001_MENU0051,ABNAH Cafe Connaught Place,2026-01-16,Beverage,Tea,MENU0051,Masala Chai Latte - Regular,4,745.25
SALE_20260116_OUT001_MENU0053,ABNAH Cafe Connaught Place,2026-01-16,Beverage,Tea,MENU0053,Masala Chai Latte - Large,1,238.0
SALE_20260116_OUT001_MENU0060,ABNAH Cafe Connaught Place,2026-01-16,Beverage,Iced Tea,MENU0060,Lemon Iced Tea - Large,2,503.73
SALE_20260116_OUT001_MENU0062,ABNAH Cafe Connaught Place,2026-01-16,Beverage,Iced Tea,MENU0062,Hibiscus Lime Iced Tea - Medium,1,249.48
SALE_20260116_OUT001_MENU0069,ABNAH Cafe Connaught Place,2026-01-16,Beverage,Shake,MENU0069,Choco Chip Shake - Medium,1,313.93
SALE_20260116_OUT001_MENU0070,ABNAH Cafe Connaught Place,2026-01-16,Beverage,Shake,MENU0070,Choco Chip Shake - Large,1,358.52
SALE_20260116_OUT001_MENU0071,ABNAH Cafe Connaught Place,2026-01-16,Beverage,Shake,MENU0071,Mixed Berry Shake - Regular,2,640.56
SALE_20260116_OUT001_MENU0073,ABNAH Cafe Connaught Place,2026-01-16,Beverage,Shake,MENU0073,Mixed Berry Shake - Large,1,370.89
SALE_20260116_OUT001_MENU0076,ABNAH Cafe Connaught Place,2026-01-16,Beverage,Smoothie,MENU0076,Seasonal Smoothie - Large,1,368.53
SALE_20260116_OUT001_MENU0077,ABNAH Cafe Connaught Place,2026-01-16,Food,Wraps,MENU0077,Spicy Paneer Wrap,2,522.56
SALE_20260116_OUT001_MENU0078,ABNAH Cafe Connaught Place,2026-01-16,Food,Wraps,MENU0078,Shredded Chicken Wrap,1,290.48
SALE_20260116_OUT001_MENU0080,ABNAH Cafe Connaught Place,2026-01-16,Food,Sandwiches,MENU0080,Pesto Veg Sandwich,1,274.85
SALE_20260116_OUT001_MENU0082,ABNAH Cafe Connaught Place,2026-01-16,Food,Sandwiches,MENU0082,Tandoori Chicken Sandwich,2,612.95
SALE_20260116_OUT001_MENU0086,ABNAH Cafe Connaught Place,2026-01-16,Food,Breakfast,MENU0086,Breakfast Pancakes,2,542.11
SALE_20260116_OUT001_MENU0087,ABNAH Cafe Connaught Place,2026-01-16,Food,Breakfast,MENU0087,Cream Cheese Bagel,1,235.13
SALE_20260116_OUT001_MENU0089,ABNAH Cafe Connaught Place,2026-01-16,Food,Breakfast,MENU0089,Masala Egg Bun,1,218.93
SALE_20260116_OUT001_MENU0091,ABNAH Cafe Connaught Place,2026-01-16,Food,Snacks,MENU0091,Pesto Sundried Tomato Pin Wheel,1,211.66
SALE_20260116_OUT001_MENU0092,ABNAH Cafe Connaught Place,2026-01-16,Food,Snacks,MENU0092,Turnover with Brioche Dough Chicken,1,246.4
SALE_20260116_OUT001_MENU0093,ABNAH Cafe Connaught Place,2026-01-16,Food,Snacks,MENU0093,Turnover with Brioche Dough Veg,1,223.35
SALE_20260116_OUT001_MENU0094,ABNAH Cafe Connaught Place,2026-01-16,Food,Baked Goods,MENU0094,Butter Croissant,1,196.76
SALE_20260116_OUT001_MENU0095,ABNAH Cafe Connaught Place,2026-01-16,Food,Baked Goods,MENU0095,Almond Croissant,1,239.29
SALE_20260116_OUT001_MENU0096,ABNAH Cafe Connaught Place,2026-01-16,Food,Baked Goods,MENU0096,Chocolate Croissant,2,451.33
SALE_20260116_OUT001_MENU0097,ABNAH Cafe Connaught Place,2026-01-16,Food,Baked Goods,MENU0097,Mushroom Cheese Croissant,1,244.92
SALE_20260116_OUT001_MENU0098,ABNAH Cafe Connaught Place,2026-01-16,Food,Baked Goods,MENU0098,Sriracha Chicken Croissant,2,556.14
SALE_20260116_OUT001_MENU0101,ABNAH Cafe Connaught Place,2026-01-16,Dessert,Baked Goods,MENU0101,Lemon Raspberry Tea Cake,1,212.14
SALE_20260116_OUT001_MENU0102,ABNAH Cafe Connaught Place,2026-01-16,Dessert,Desserts,MENU0102,Double Chocolate Truffle Cake,1,293.11
SALE_20260116_OUT001_MENU0103,ABNAH Cafe Connaught Place,2026-01-16,Dessert,Desserts,MENU0103,Banoffee Pie,4,1107.52
SALE_20260116_OUT001_MENU0104,ABNAH Cafe Connaught Place,2026-01-16,Dessert,Desserts,MENU0104,Classic Chocolate Fudge Brownie,1,185.36
SALE_20260116_OUT001_MENU0110,ABNAH Cafe Connaught Place,2026-01-16,Dessert,Baked Goods,MENU0110,Multigrain Walnut Tea Cake,1,214.15
SALE_20260117_OUT001_MENU0003,ABNAH Cafe Connaught Place,2026-01-17,Beverage,Coffee Classics,MENU0003,Americano - Regular,3,554.97
SALE_20260117_OUT001_MENU0004,ABNAH Cafe Connaught Place,2026-01-17,Beverage,Coffee Classics,MENU0004,Americano - Medium,1,201.16
SALE_20260117_OUT001_MENU0006,ABNAH Cafe Connaught Place,2026-01-17,Beverage,Coffee Classics,MENU0006,Latte - Regular,2,431.25
SALE_20260117_OUT001_MENU0007,ABNAH Cafe Connaught Place,2026-01-17,Beverage,Coffee Classics,MENU0007,Latte - Medium,3,757.58
SALE_20260117_OUT001_MENU0008,ABNAH Cafe Connaught Place,2026-01-17,Beverage,Coffee Classics,MENU0008,Latte - Large,1,273.57
SALE_20260117_OUT001_MENU0009,ABNAH Cafe Connaught Place,2026-01-17,Beverage,Coffee Classics,MENU0009,Cappuccino - Regular,2,456.99
SALE_20260117_OUT001_MENU0011,ABNAH Cafe Connaught Place,2026-01-17,Beverage,Coffee Classics,MENU0011,Cappuccino - Large,2,548.92
SALE_20260117_OUT001_MENU0012,ABNAH Cafe Connaught Place,2026-01-17,Beverage,Coffee Classics,MENU0012,Flat White - Regular,1,222.0
SALE_20260117_OUT001_MENU0013,ABNAH Cafe Connaught Place,2026-01-17,Beverage,Coffee Classics,MENU0013,Flat White - Medium,2,519.62
SALE_20260117_OUT001_MENU0014,ABNAH Cafe Connaught Place,2026-01-17,Beverage,Coffee Classics,MENU0014,Flat White - Large,1,276.4
SALE_20260117_OUT001_MENU0015,ABNAH Cafe Connaught Place,2026-01-17,Beverage,Coffee Classics,MENU0015,Mocha - Regular,2,470.23
SALE_20260117_OUT001_MENU0016,ABNAH Cafe Connaught Place,2026-01-17,Beverage,Coffee Classics,MENU0016,Mocha - Medium,2,541.49
SALE_20260117_OUT001_MENU0022,ABNAH Cafe Connaught Place,2026-01-17,Beverage,Signature Coffee,MENU0022,Orange Zest Mocha - Medium,2,595.84
SALE_20260117_OUT001_MENU0024,ABNAH Cafe Connaught Place,2026-01-17,Beverage,Signature Coffee,MENU0024,Caramel Macchiato - Regular,2,529.56
SALE_20260117_OUT001_MENU0026,ABNAH Cafe Connaught Place,2026-01-17,Beverage,Signature Coffee,MENU0026,Caramel Macchiato - Large,1,330.38
SALE_20260117_OUT001_MENU0027,ABNAH Cafe Connaught Place,2026-01-17,Beverage,Signature Coffee,MENU0027,French Vanilla Latte - Regular,1,253.05
SALE_20260117_OUT001_MENU0029,ABNAH Cafe Connaught Place,2026-01-17,Beverage,Signature Coffee,MENU0029,French Vanilla Latte - Large,1,324.96
SALE_20260117_OUT001_MENU0031,ABNAH Cafe Connaught Place,2026-01-17,Beverage,Signature Coffee,MENU0031,Vegan Iced Latte - Medium,1,314.69
SALE_20260117_OUT001_MENU0032,ABNAH Cafe Connaught Place,2026-01-17,Beverage,Signature Coffee,MENU0032,Vegan Iced Latte - Large,1,341.68
SALE_20260117_OUT001_MENU0037,ABNAH Cafe Connaught Place,2026-01-17,Beverage,Cold Brew,MENU0037,Coffee Lemonade - Medium,2,489.69
SALE_20260117_OUT001_MENU0040,ABNAH Cafe Connaught Place,2026-01-17,Beverage,Cold Brew,MENU0040,Vietnamese Shakerato - Medium,1,268.44
SALE_20260117_OUT001_MENU0044,ABNAH Cafe Connaught Place,2026-01-17,Beverage,Cold Coffee,MENU0044,Classic Cold Coffee - Large,2,660.59
SALE_20260117_OUT001_MENU0046,ABNAH Cafe Connaught Place,2026-01-17,Beverage,Cold Coffee,MENU0046,Mocha Cold Coffee - Medium,1,321.21
SALE_20260117_OUT001_MENU0052,ABNAH Cafe Connaught Place,2026-01-17,Beverage,Tea,MENU0052,Masala Chai Latte - Medium,2,430.15
SALE_20260117_OUT001_MENU0053,ABNAH Cafe Connaught Place,2026-01-17,Beverage,Tea,MENU0053,Masala Chai Latte - Large,1,232.9
SALE_20260117_OUT001_MENU0055,ABNAH Cafe Connaught Place,2026-01-17,Beverage,Tea,MENU0055,Japanese Matcha Latte - Regular,1,261.11
SALE_20260117_OUT001_MENU0056,ABNAH Cafe Connaught Place,2026-01-17,Beverage,Tea,MENU0056,Japanese Matcha Latte - Medium,4,1170.69
SALE_20260117_OUT001_MENU0058,ABNAH Cafe Connaught Place,2026-01-17,Beverage,Iced Tea,MENU0058,Lemon Iced Tea - Regular,1,201.19
SALE_20260117_OUT001_MENU0063,ABNAH Cafe Connaught Place,2026-01-17,Beverage,Iced Tea,MENU0063,Hibiscus Lime Iced Tea - Large,2,545.65
SALE_20260117_OUT001_MENU0064,ABNAH Cafe Connaught Place,2026-01-17,Beverage,Kids Beverage,MENU0064,Hot Chocolate - Regular,1,222.68
SALE_20260117_OUT001_MENU0070,ABNAH Cafe Connaught Place,2026-01-17,Beverage,Shake,MENU0070,Choco Chip Shake - Large,1,367.6
SALE_20260117_OUT001_MENU0073,ABNAH Cafe Connaught Place,2026-01-17,Beverage,Shake,MENU0073,Mixed Berry Shake - Large,1,363.71
SALE_20260117_OUT001_MENU0080,ABNAH Cafe Connaught Place,2026-01-17,Food,Sandwiches,MENU0080,Pesto Veg Sandwich,1,269.12
SALE_20260117_OUT001_MENU0082,ABNAH Cafe Connaught Place,2026-01-17,Food,Sandwiches,MENU0082,Tandoori Chicken Sandwich,1,307.61
SALE_20260117_OUT001_MENU0091,ABNAH Cafe Connaught Place,2026-01-17,Food,Snacks,MENU0091,Pesto Sundried Tomato Pin Wheel,1,223.65
SALE_20260117_OUT001_MENU0100,ABNAH Cafe Connaught Place,2026-01-17,Dessert,Baked Goods,MENU0100,Banana Walnut Tea Cake,1,195.84
SALE_20260117_OUT001_MENU0101,ABNAH Cafe Connaught Place,2026-01-17,Dessert,Baked Goods,MENU0101,Lemon Raspberry Tea Cake,1,206.73
SALE_20260117_OUT001_MENU0102,ABNAH Cafe Connaught Place,2026-01-17,Dessert,Desserts,MENU0102,Double Chocolate Truffle Cake,1,282.95
SALE_20260117_OUT001_MENU0105,ABNAH Cafe Connaught Place,2026-01-17,Dessert,Desserts,MENU0105,Soft-Centred Caramel Cookie,1,169.31
SALE_20260117_OUT001_MENU0110,ABNAH Cafe Connaught Place,2026-01-17,Dessert,Baked Goods,MENU0110,Multigrain Walnut Tea Cake,1,221.12
SALE_20260118_OUT001_MENU0003,ABNAH Cafe Connaught Place,2026-01-18,Beverage,Coffee Classics,MENU0003,Americano - Regular,1,186.12
SALE_20260118_OUT001_MENU0004,ABNAH Cafe Connaught Place,2026-01-18,Beverage,Coffee Classics,MENU0004,Americano - Medium,1,198.48
SALE_20260118_OUT001_MENU0005,ABNAH Cafe Connaught Place,2026-01-18,Beverage,Coffee Classics,MENU0005,Americano - Large,1,226.17
SALE_20260118_OUT001_MENU0006,ABNAH Cafe Connaught Place,2026-01-18,Beverage,Coffee Classics,MENU0006,Latte - Regular,1,215.5
SALE_20260118_OUT001_MENU0007,ABNAH Cafe Connaught Place,2026-01-18,Beverage,Coffee Classics,MENU0007,Latte - Medium,3,763.6
SALE_20260118_OUT001_MENU0009,ABNAH Cafe Connaught Place,2026-01-18,Beverage,Coffee Classics,MENU0009,Cappuccino - Regular,1,226.85
SALE_20260118_OUT001_MENU0011,ABNAH Cafe Connaught Place,2026-01-18,Beverage,Coffee Classics,MENU0011,Cappuccino - Large,1,261.05
SALE_20260118_OUT001_MENU0012,ABNAH Cafe Connaught Place,2026-01-18,Beverage,Coffee Classics,MENU0012,Flat White - Regular,2,456.73
SALE_20260118_OUT001_MENU0013,ABNAH Cafe Connaught Place,2026-01-18,Beverage,Coffee Classics,MENU0013,Flat White - Medium,1,245.91
SALE_20260118_OUT001_MENU0015,ABNAH Cafe Connaught Place,2026-01-18,Beverage,Coffee Classics,MENU0015,Mocha - Regular,1,249.12
SALE_20260118_OUT001_MENU0018,ABNAH Cafe Connaught Place,2026-01-18,Beverage,Signature Coffee,MENU0018,Sea Salt Mocha - Regular,2,544.48
SALE_20260118_OUT001_MENU0027,ABNAH Cafe Connaught Place,2026-01-18,Beverage,Signature Coffee,MENU0027,French Vanilla Latte - Regular,1,262.99
SALE_20260118_OUT001_MENU0030,ABNAH Cafe Connaught Place,2026-01-18,Beverage,Signature Coffee,MENU0030,Vegan Iced Latte - Regular,2,550.71
SALE_20260118_OUT001_MENU0032,ABNAH Cafe Connaught Place,2026-01-18,Beverage,Signature Coffee,MENU0032,Vegan Iced Latte - Large,1,332.99
SALE_20260118_OUT001_MENU0037,ABNAH Cafe Connaught Place,2026-01-18,Beverage,Cold Brew,MENU0037,Coffee Lemonade - Medium,1,261.39
SALE_20260118_OUT001_MENU0045,ABNAH Cafe Connaught Place,2026-01-18,Beverage,Cold Coffee,MENU0045,Mocha Cold Coffee - Regular,1,278.63
SALE_20260118_OUT001_MENU0046,ABNAH Cafe Connaught Place,2026-01-18,Beverage,Cold Coffee,MENU0046,Mocha Cold Coffee - Medium,1,320.33
SALE_20260118_OUT001_MENU0049,ABNAH Cafe Connaught Place,2026-01-18,Beverage,Cold Coffee,MENU0049,Caramel Cold Coffee - Medium,1,309.14
SALE_20260118_OUT001_MENU0051,ABNAH Cafe Connaught Place,2026-01-18,Beverage,Tea,MENU0051,Masala Chai Latte - Regular,2,388.69
SALE_20260118_OUT001_MENU0052,ABNAH Cafe Connaught Place,2026-01-18,Beverage,Tea,MENU0052,Masala Chai Latte - Medium,1,214.92
SALE_20260118_OUT001_MENU0059,ABNAH Cafe Connaught Place,2026-01-18,Beverage,Iced Tea,MENU0059,Lemon Iced Tea - Medium,1,220.77
SALE_20260118_OUT001_MENU0068,ABNAH Cafe Connaught Place,2026-01-18,Beverage,Shake,MENU0068,Choco Chip Shake - Regular,1,289.05
SALE_20260118_OUT001_MENU0077,ABNAH Cafe Connaught Place,2026-01-18,Food,Wraps,MENU0077,Spicy Paneer Wrap,1,262.38
SALE_20260118_OUT001_MENU0078,ABNAH Cafe Connaught Place,2026-01-18,Food,Wraps,MENU0078,Shredded Chicken Wrap,1,282.25
SALE_20260118_OUT001_MENU0082,ABNAH Cafe Connaught Place,2026-01-18,Food,Sandwiches,MENU0082,Tandoori Chicken Sandwich,1,307.98
SALE_20260118_OUT001_MENU0085,ABNAH Cafe Connaught Place,2026-01-18,Food,Platter,MENU0085,Hummus and Pita Platter,1,314.99
SALE_20260118_OUT001_MENU0102,ABNAH Cafe Connaught Place,2026-01-18,Dessert,Desserts,MENU0102,Double Chocolate Truffle Cake,2,565.26
SALE_20260118_OUT001_MENU0103,ABNAH Cafe Connaught Place,2026-01-18,Dessert,Desserts,MENU0103,Banoffee Pie,1,269.53
SALE_20260118_OUT001_MENU0107,ABNAH Cafe Connaught Place,2026-01-18,Dessert,Desserts,MENU0107,Jaggery Parmesan Cookie,1,168.7
SALE_20260118_OUT001_MENU0108,ABNAH Cafe Connaught Place,2026-01-18,Dessert,Desserts,MENU0108,Apple Pie,1,257.84
SALE_20260118_OUT001_MENU0110,ABNAH Cafe Connaught Place,2026-01-18,Dessert,Baked Goods,MENU0110,Multigrain Walnut Tea Cake,1,219.45
SALE_20260119_OUT001_MENU0003,ABNAH Cafe Connaught Place,2026-01-19,Beverage,Coffee Classics,MENU0003,Americano - Regular,1,183.12
SALE_20260119_OUT001_MENU0004,ABNAH Cafe Connaught Place,2026-01-19,Beverage,Coffee Classics,MENU0004,Americano - Medium,6,1213.5
SALE_20260119_OUT001_MENU0005,ABNAH Cafe Connaught Place,2026-01-19,Beverage,Coffee Classics,MENU0005,Americano - Large,3,714.68
SALE_20260119_OUT001_MENU0006,ABNAH Cafe Connaught Place,2026-01-19,Beverage,Coffee Classics,MENU0006,Latte - Regular,1,225.61
SALE_20260119_OUT001_MENU0007,ABNAH Cafe Connaught Place,2026-01-19,Beverage,Coffee Classics,MENU0007,Latte - Medium,2,492.08
SALE_20260119_OUT001_MENU0009,ABNAH Cafe Connaught Place,2026-01-19,Beverage,Coffee Classics,MENU0009,Cappuccino - Regular,1,224.66
SALE_20260119_OUT001_MENU0010,ABNAH Cafe Connaught Place,2026-01-19,Beverage,Coffee Classics,MENU0010,Cappuccino - Medium,1,250.92
SALE_20260119_OUT001_MENU0011,ABNAH Cafe Connaught Place,2026-01-19,Beverage,Coffee Classics,MENU0011,Cappuccino - Large,1,270.68
SALE_20260119_OUT001_MENU0012,ABNAH Cafe Connaught Place,2026-01-19,Beverage,Coffee Classics,MENU0012,Flat White - Regular,2,476.51
SALE_20260119_OUT001_MENU0013,ABNAH Cafe Connaught Place,2026-01-19,Beverage,Coffee Classics,MENU0013,Flat White - Medium,5,1297.45
SALE_20260119_OUT001_MENU0014,ABNAH Cafe Connaught Place,2026-01-19,Beverage,Coffee Classics,MENU0014,Flat White - Large,1,274.11
SALE_20260119_OUT001_MENU0015,ABNAH Cafe Connaught Place,2026-01-19,Beverage,Coffee Classics,MENU0015,Mocha - Regular,2,483.38
SALE_20260119_OUT001_MENU0016,ABNAH Cafe Connaught Place,2026-01-19,Beverage,Coffee Classics,MENU0016,Mocha - Medium,3,772.83
SALE_20260119_OUT001_MENU0019,ABNAH Cafe Connaught Place,2026-01-19,Beverage,Signature Coffee,MENU0019,Sea Salt Mocha - Medium,1,286.73
SALE_20260119_OUT001_MENU0021,ABNAH Cafe Connaught Place,2026-01-19,Beverage,Signature Coffee,MENU0021,Orange Zest Mocha - Regular,1,272.86
SALE_20260119_OUT001_MENU0022,ABNAH Cafe Connaught Place,2026-01-19,Beverage,Signature Coffee,MENU0022,Orange Zest Mocha - Medium,1,299.97
SALE_20260119_OUT001_MENU0023,ABNAH Cafe Connaught Place,2026-01-19,Beverage,Signature Coffee,MENU0023,Orange Zest Mocha - Large,2,669.46
SALE_20260119_OUT001_MENU0024,ABNAH Cafe Connaught Place,2026-01-19,Beverage,Signature Coffee,MENU0024,Caramel Macchiato - Regular,1,263.55
SALE_20260119_OUT001_MENU0025,ABNAH Cafe Connaught Place,2026-01-19,Beverage,Signature Coffee,MENU0025,Caramel Macchiato - Medium,4,1137.83
SALE_20260119_OUT001_MENU0026,ABNAH Cafe Connaught Place,2026-01-19,Beverage,Signature Coffee,MENU0026,Caramel Macchiato - Large,1,324.09
SALE_20260119_OUT001_MENU0027,ABNAH Cafe Connaught Place,2026-01-19,Beverage,Signature Coffee,MENU0027,French Vanilla Latte - Regular,2,511.03
SALE_20260119_OUT001_MENU0028,ABNAH Cafe Connaught Place,2026-01-19,Beverage,Signature Coffee,MENU0028,French Vanilla Latte - Medium,1,285.66
SALE_20260119_OUT001_MENU0030,ABNAH Cafe Connaught Place,2026-01-19,Beverage,Signature Coffee,MENU0030,Vegan Iced Latte - Regular,1,278.38
SALE_20260119_OUT001_MENU0031,ABNAH Cafe Connaught Place,2026-01-19,Beverage,Signature Coffee,MENU0031,Vegan Iced Latte - Medium,1,310.92
SALE_20260119_OUT001_MENU0032,ABNAH Cafe Connaught Place,2026-01-19,Beverage,Signature Coffee,MENU0032,Vegan Iced Latte - Large,1,316.9
SALE_20260119_OUT001_MENU0034,ABNAH Cafe Connaught Place,2026-01-19,Beverage,Cold Brew,MENU0034,Classic Cold Brew - Medium,1,245.34
SALE_20260119_OUT001_MENU0042,ABNAH Cafe Connaught Place,2026-01-19,Beverage,Cold Coffee,MENU0042,Classic Cold Coffee - Regular,1,242.63
SALE_20260119_OUT001_MENU0044,ABNAH Cafe Connaught Place,2026-01-19,Beverage,Cold Coffee,MENU0044,Classic Cold Coffee - Large,4,1277.53
SALE_20260119_OUT001_MENU0047,ABNAH Cafe Connaught Place,2026-01-19,Beverage,Cold Coffee,MENU0047,Mocha Cold Coffee - Large,1,348.32
SALE_20260119_OUT001_MENU0048,ABNAH Cafe Connaught Place,2026-01-19,Beverage,Cold Coffee,MENU0048,Caramel Cold Coffee - Regular,2,577.39
SALE_20260119_OUT001_MENU0049,ABNAH Cafe Connaught Place,2026-01-19,Beverage,Cold Coffee,MENU0049,Caramel Cold Coffee - Medium,3,970.22
SALE_20260119_OUT001_MENU0050,ABNAH Cafe Connaught Place,2026-01-19,Beverage,Cold Coffee,MENU0050,Caramel Cold Coffee - Large,1,359.53
SALE_20260119_OUT001_MENU0053,ABNAH Cafe Connaught Place,2026-01-19,Beverage,Tea,MENU0053,Masala Chai Latte - Large,1,243.71
SALE_20260119_OUT001_MENU0054,ABNAH Cafe Connaught Place,2026-01-19,Beverage,Tea,MENU0054,Himalayan Green Tea,2,402.71
SALE_20260119_OUT001_MENU0056,ABNAH Cafe Connaught Place,2026-01-19,Beverage,Tea,MENU0056,Japanese Matcha Latte - Medium,1,290.14
SALE_20260119_OUT001_MENU0058,ABNAH Cafe Connaught Place,2026-01-19,Beverage,Iced Tea,MENU0058,Lemon Iced Tea - Regular,1,202.09
SALE_20260119_OUT001_MENU0059,ABNAH Cafe Connaught Place,2026-01-19,Beverage,Iced Tea,MENU0059,Lemon Iced Tea - Medium,1,231.12
SALE_20260119_OUT001_MENU0062,ABNAH Cafe Connaught Place,2026-01-19,Beverage,Iced Tea,MENU0062,Hibiscus Lime Iced Tea - Medium,1,237.44
SALE_20260119_OUT001_MENU0064,ABNAH Cafe Connaught Place,2026-01-19,Beverage,Kids Beverage,MENU0064,Hot Chocolate - Regular,1,209.41
SALE_20260119_OUT001_MENU0068,ABNAH Cafe Connaught Place,2026-01-19,Beverage,Shake,MENU0068,Choco Chip Shake - Regular,1,288.85
SALE_20260119_OUT001_MENU0074,ABNAH Cafe Connaught Place,2026-01-19,Beverage,Smoothie,MENU0074,Seasonal Smoothie - Regular,1,307.63
SALE_20260119_OUT001_MENU0079,ABNAH Cafe Connaught Place,2026-01-19,Food,Sandwiches,MENU0079,Smoked Chipotle Paneer Sandwich,3,853.27
SALE_20260119_OUT001_MENU0080,ABNAH Cafe Connaught Place,2026-01-19,Food,Sandwiches,MENU0080,Pesto Veg Sandwich,2,565.22
SALE_20260119_OUT001_MENU0084,ABNAH Cafe Connaught Place,2026-01-19,Food,Toasts,MENU0084,Chicken Pepperoni Avocado Toast,1,333.26
SALE_20260119_OUT001_MENU0085,ABNAH Cafe Connaught Place,2026-01-19,Food,Platter,MENU0085,Hummus and Pita Platter,1,301.49
SALE_20260119_OUT001_MENU0086,ABNAH Cafe Connaught Place,2026-01-19,Food,Breakfast,MENU0086,Breakfast Pancakes,1,277.84
SALE_20260119_OUT001_MENU0088,ABNAH Cafe Connaught Place,2026-01-19,Food,Breakfast,MENU0088,Scallion Pepper Cream Cheese Bagel,1,250.65
SALE_20260119_OUT001_MENU0089,ABNAH Cafe Connaught Place,2026-01-19,Food,Breakfast,MENU0089,Masala Egg Bun,1,219.33
SALE_20260119_OUT001_MENU0094,ABNAH Cafe Connaught Place,2026-01-19,Food,Baked Goods,MENU0094,Butter Croissant,2,378.6
SALE_20260119_OUT001_MENU0096,ABNAH Cafe Connaught Place,2026-01-19,Food,Baked Goods,MENU0096,Chocolate Croissant,1,221.76
SALE_20260119_OUT001_MENU0097,ABNAH Cafe Connaught Place,2026-01-19,Food,Baked Goods,MENU0097,Mushroom Cheese Croissant,1,255.11
SALE_20260119_OUT001_MENU0104,ABNAH Cafe Connaught Place,2026-01-19,Dessert,Desserts,MENU0104,Classic Chocolate Fudge Brownie,1,194.48
SALE_20260119_OUT001_MENU0107,ABNAH Cafe Connaught Place,2026-01-19,Dessert,Desserts,MENU0107,Jaggery Parmesan Cookie,1,171.83
SALE_20260119_OUT001_MENU0109,ABNAH Cafe Connaught Place,2026-01-19,Dessert,Desserts,MENU0109,Basque Cheesecake,1,306.42
SALE_20260120_OUT001_MENU0003,ABNAH Cafe Connaught Place,2026-01-20,Beverage,Coffee Classics,MENU0003,Americano - Regular,4,726.25
SALE_20260120_OUT001_MENU0004,ABNAH Cafe Connaught Place,2026-01-20,Beverage,Coffee Classics,MENU0004,Americano - Medium,1,205.7
SALE_20260120_OUT001_MENU0005,ABNAH Cafe Connaught Place,2026-01-20,Beverage,Coffee Classics,MENU0005,Americano - Large,3,687.09
SALE_20260120_OUT001_MENU0006,ABNAH Cafe Connaught Place,2026-01-20,Beverage,Coffee Classics,MENU0006,Latte - Regular,4,909.82
SALE_20260120_OUT001_MENU0007,ABNAH Cafe Connaught Place,2026-01-20,Beverage,Coffee Classics,MENU0007,Latte - Medium,3,725.83
SALE_20260120_OUT001_MENU0008,ABNAH Cafe Connaught Place,2026-01-20,Beverage,Coffee Classics,MENU0008,Latte - Large,1,261.12
SALE_20260120_OUT001_MENU0009,ABNAH Cafe Connaught Place,2026-01-20,Beverage,Coffee Classics,MENU0009,Cappuccino - Regular,3,661.47
SALE_20260120_OUT001_MENU0010,ABNAH Cafe Connaught Place,2026-01-20,Beverage,Coffee Classics,MENU0010,Cappuccino - Medium,2,481.43
SALE_20260120_OUT001_MENU0012,ABNAH Cafe Connaught Place,2026-01-20,Beverage,Coffee Classics,MENU0012,Flat White - Regular,1,229.32
SALE_20260120_OUT001_MENU0013,ABNAH Cafe Connaught Place,2026-01-20,Beverage,Coffee Classics,MENU0013,Flat White - Medium,3,757.79
SALE_20260120_OUT001_MENU0014,ABNAH Cafe Connaught Place,2026-01-20,Beverage,Coffee Classics,MENU0014,Flat White - Large,4,1121.15
SALE_20260120_OUT001_MENU0015,ABNAH Cafe Connaught Place,2026-01-20,Beverage,Coffee Classics,MENU0015,Mocha - Regular,2,474.04
SALE_20260120_OUT001_MENU0016,ABNAH Cafe Connaught Place,2026-01-20,Beverage,Coffee Classics,MENU0016,Mocha - Medium,4,1035.22
SALE_20260120_OUT001_MENU0017,ABNAH Cafe Connaught Place,2026-01-20,Beverage,Coffee Classics,MENU0017,Mocha - Large,2,557.43
SALE_20260120_OUT001_MENU0024,ABNAH Cafe Connaught Place,2026-01-20,Beverage,Signature Coffee,MENU0024,Caramel Macchiato - Regular,2,500.7
SALE_20260120_OUT001_MENU0025,ABNAH Cafe Connaught Place,2026-01-20,Beverage,Signature Coffee,MENU0025,Caramel Macchiato - Medium,1,286.83
SALE_20260120_OUT001_MENU0029,ABNAH Cafe Connaught Place,2026-01-20,Beverage,Signature Coffee,MENU0029,French Vanilla Latte - Large,3,987.38
SALE_20260120_OUT001_MENU0030,ABNAH Cafe Connaught Place,2026-01-20,Beverage,Signature Coffee,MENU0030,Vegan Iced Latte - Regular,2,568.15
SALE_20260120_OUT001_MENU0031,ABNAH Cafe Connaught Place,2026-01-20,Beverage,Signature Coffee,MENU0031,Vegan Iced Latte - Medium,1,305.62
SALE_20260120_OUT001_MENU0032,ABNAH Cafe Connaught Place,2026-01-20,Beverage,Signature Coffee,MENU0032,Vegan Iced Latte - Large,1,323.63
SALE_20260120_OUT001_MENU0033,ABNAH Cafe Connaught Place,2026-01-20,Beverage,Cold Brew,MENU0033,Classic Cold Brew - Regular,1,219.59
SALE_20260120_OUT001_MENU0037,ABNAH Cafe Connaught Place,2026-01-20,Beverage,Cold Brew,MENU0037,Coffee Lemonade - Medium,1,246.72
SALE_20260120_OUT001_MENU0039,ABNAH Cafe Connaught Place,2026-01-20,Beverage,Cold Brew,MENU0039,Vietnamese Shakerato - Regular,1,242.84
SALE_20260120_OUT001_MENU0040,ABNAH Cafe Connaught Place,2026-01-20,Beverage,Cold Brew,MENU0040,Vietnamese Shakerato - Medium,1,280.79
SALE_20260120_OUT001_MENU0041,ABNAH Cafe Connaught Place,2026-01-20,Beverage,Cold Brew,MENU0041,Vietnamese Shakerato - Large,1,299.71
SALE_20260120_OUT001_MENU0042,ABNAH Cafe Connaught Place,2026-01-20,Beverage,Cold Coffee,MENU0042,Classic Cold Coffee - Regular,1,246.2
SALE_20260120_OUT001_MENU0043,ABNAH Cafe Connaught Place,2026-01-20,Beverage,Cold Coffee,MENU0043,Classic Cold Coffee - Medium,1,290.52
SALE_20260120_OUT001_MENU0048,ABNAH Cafe Connaught Place,2026-01-20,Beverage,Cold Coffee,MENU0048,Caramel Cold Coffee - Regular,3,805.88
SALE_20260120_OUT001_MENU0049,ABNAH Cafe Connaught Place,2026-01-20,Beverage,Cold Coffee,MENU0049,Caramel Cold Coffee - Medium,1,317.25
SALE_20260120_OUT001_MENU0050,ABNAH Cafe Connaught Place,2026-01-20,Beverage,Cold Coffee,MENU0050,Caramel Cold Coffee - Large,1,351.47
SALE_20260120_OUT001_MENU0051,ABNAH Cafe Connaught Place,2026-01-20,Beverage,Tea,MENU0051,Masala Chai Latte - Regular,2,372.58
SALE_20260120_OUT001_MENU0053,ABNAH Cafe Connaught Place,2026-01-20,Beverage,Tea,MENU0053,Masala Chai Latte - Large,1,237.81
SALE_20260120_OUT001_MENU0055,ABNAH Cafe Connaught Place,2026-01-20,Beverage,Tea,MENU0055,Japanese Matcha Latte - Regular,2,505.95
SALE_20260120_OUT001_MENU0056,ABNAH Cafe Connaught Place,2026-01-20,Beverage,Tea,MENU0056,Japanese Matcha Latte - Medium,1,289.57
SALE_20260120_OUT001_MENU0057,ABNAH Cafe Connaught Place,2026-01-20,Beverage,Tea,MENU0057,Japanese Matcha Latte - Large,2,638.88
SALE_20260120_OUT001_MENU0060,ABNAH Cafe Connaught Place,2026-01-20,Beverage,Iced Tea,MENU0060,Lemon Iced Tea - Large,2,512.49
SALE_20260120_OUT001_MENU0069,ABNAH Cafe Connaught Place,2026-01-20,Beverage,Shake,MENU0069,Choco Chip Shake - Medium,1,310.37
SALE_20260120_OUT001_MENU0075,ABNAH Cafe Connaught Place,2026-01-20,Beverage,Smoothie,MENU0075,Seasonal Smoothie - Medium,1,341.09
SALE_20260120_OUT001_MENU0077,ABNAH Cafe Connaught Place,2026-01-20,Food,Wraps,MENU0077,Spicy Paneer Wrap,1,261.98
SALE_20260120_OUT001_MENU0080,ABNAH Cafe Connaught Place,2026-01-20,Food,Sandwiches,MENU0080,Pesto Veg Sandwich,1,282.81
SALE_20260120_OUT001_MENU0081,ABNAH Cafe Connaught Place,2026-01-20,Food,Sandwiches,MENU0081,Pepper Chicken Sandwich,2,595.46
SALE_20260120_OUT001_MENU0082,ABNAH Cafe Connaught Place,2026-01-20,Food,Sandwiches,MENU0082,Tandoori Chicken Sandwich,3,940.37
SALE_20260120_OUT001_MENU0084,ABNAH Cafe Connaught Place,2026-01-20,Food,Toasts,MENU0084,Chicken Pepperoni Avocado Toast,1,333.59
SALE_20260120_OUT001_MENU0087,ABNAH Cafe Connaught Place,2026-01-20,Food,Breakfast,MENU0087,Cream Cheese Bagel,2,486.22
SALE_20260120_OUT001_MENU0088,ABNAH Cafe Connaught Place,2026-01-20,Food,Breakfast,MENU0088,Scallion Pepper Cream Cheese Bagel,1,267.62
SALE_20260120_OUT001_MENU0089,ABNAH Cafe Connaught Place,2026-01-20,Food,Breakfast,MENU0089,Masala Egg Bun,1,212.36
SALE_20260120_OUT001_MENU0097,ABNAH Cafe Connaught Place,2026-01-20,Food,Baked Goods,MENU0097,Mushroom Cheese Croissant,2,489.91
SALE_20260120_OUT001_MENU0098,ABNAH Cafe Connaught Place,2026-01-20,Food,Baked Goods,MENU0098,Sriracha Chicken Croissant,1,275.53
SALE_20260120_OUT001_MENU0104,ABNAH Cafe Connaught Place,2026-01-20,Dessert,Desserts,MENU0104,Classic Chocolate Fudge Brownie,3,556.38
SALE_20260120_OUT001_MENU0106,ABNAH Cafe Connaught Place,2026-01-20,Dessert,Desserts,MENU0106,Death by Chocolate Cookie,1,189.2
SALE_20260120_OUT001_MENU0108,ABNAH Cafe Connaught Place,2026-01-20,Dessert,Desserts,MENU0108,Apple Pie,1,270.23
SALE_20260120_OUT001_MENU0110,ABNAH Cafe Connaught Place,2026-01-20,Dessert,Baked Goods,MENU0110,Multigrain Walnut Tea Cake,1,224.41
SALE_20260121_OUT001_MENU0003,ABNAH Cafe Connaught Place,2026-01-21,Beverage,Coffee Classics,MENU0003,Americano - Regular,4,726.89
SALE_20260121_OUT001_MENU0004,ABNAH Cafe Connaught Place,2026-01-21,Beverage,Coffee Classics,MENU0004,Americano - Medium,5,994.2
SALE_20260121_OUT001_MENU0005,ABNAH Cafe Connaught Place,2026-01-21,Beverage,Coffee Classics,MENU0005,Americano - Large,3,692.54
SALE_20260121_OUT001_MENU0006,ABNAH Cafe Connaught Place,2026-01-21,Beverage,Coffee Classics,MENU0006,Latte - Regular,2,444.15
SALE_20260121_OUT001_MENU0010,ABNAH Cafe Connaught Place,2026-01-21,Beverage,Coffee Classics,MENU0010,Cappuccino - Medium,3,705.71
SALE_20260121_OUT001_MENU0011,ABNAH Cafe Connaught Place,2026-01-21,Beverage,Coffee Classics,MENU0011,Cappuccino - Large,2,527.52
SALE_20260121_OUT001_MENU0012,ABNAH Cafe Connaught Place,2026-01-21,Beverage,Coffee Classics,MENU0012,Flat White - Regular,5,1193.11
SALE_20260121_OUT001_MENU0014,ABNAH Cafe Connaught Place,2026-01-21,Beverage,Coffee Classics,MENU0014,Flat White - Large,1,268.22
SALE_20260121_OUT001_MENU0015,ABNAH Cafe Connaught Place,2026-01-21,Beverage,Coffee Classics,MENU0015,Mocha - Regular,2,487.86
SALE_20260121_OUT001_MENU0020,ABNAH Cafe Connaught Place,2026-01-21,Beverage,Signature Coffee,MENU0020,Sea Salt Mocha - Large,1,337.63
SALE_20260121_OUT001_MENU0021,ABNAH Cafe Connaught Place,2026-01-21,Beverage,Signature Coffee,MENU0021,Orange Zest Mocha - Regular,1,265.7
SALE_20260121_OUT001_MENU0023,ABNAH Cafe Connaught Place,2026-01-21,Beverage,Signature Coffee,MENU0023,Orange Zest Mocha - Large,1,323.02
SALE_20260121_OUT001_MENU0025,ABNAH Cafe Connaught Place,2026-01-21,Beverage,Signature Coffee,MENU0025,Caramel Macchiato - Medium,1,279.21
SALE_20260121_OUT001_MENU0028,ABNAH Cafe Connaught Place,2026-01-21,Beverage,Signature Coffee,MENU0028,French Vanilla Latte - Medium,2,601.04
SALE_20260121_OUT001_MENU0030,ABNAH Cafe Connaught Place,2026-01-21,Beverage,Signature Coffee,MENU0030,Vegan Iced Latte - Regular,4,1107.52
SALE_20260121_OUT001_MENU0036,ABNAH Cafe Connaught Place,2026-01-21,Beverage,Cold Brew,MENU0036,Coffee Lemonade - Regular,1,232.03
SALE_20260121_OUT001_MENU0037,ABNAH Cafe Connaught Place,2026-01-21,Beverage,Cold Brew,MENU0037,Coffee Lemonade - Medium,1,264.25
SALE_20260121_OUT001_MENU0040,ABNAH Cafe Connaught Place,2026-01-21,Beverage,Cold Brew,MENU0040,Vietnamese Shakerato - Medium,1,278.14
SALE_20260121_OUT001_MENU0042,ABNAH Cafe Connaught Place,2026-01-21,Beverage,Cold Coffee,MENU0042,Classic Cold Coffee - Regular,1,247.27
SALE_20260121_OUT001_MENU0043,ABNAH Cafe Connaught Place,2026-01-21,Beverage,Cold Coffee,MENU0043,Classic Cold Coffee - Medium,2,567.83
SALE_20260121_OUT001_MENU0045,ABNAH Cafe Connaught Place,2026-01-21,Beverage,Cold Coffee,MENU0045,Mocha Cold Coffee - Regular,1,268.35
SALE_20260121_OUT001_MENU0046,ABNAH Cafe Connaught Place,2026-01-21,Beverage,Cold Coffee,MENU0046,Mocha Cold Coffee - Medium,2,652.2
SALE_20260121_OUT001_MENU0048,ABNAH Cafe Connaught Place,2026-01-21,Beverage,Cold Coffee,MENU0048,Caramel Cold Coffee - Regular,1,271.28
SALE_20260121_OUT001_MENU0051,ABNAH Cafe Connaught Place,2026-01-21,Beverage,Tea,MENU0051,Masala Chai Latte - Regular,1,183.82
SALE_20260121_OUT001_MENU0053,ABNAH Cafe Connaught Place,2026-01-21,Beverage,Tea,MENU0053,Masala Chai Latte - Large,1,239.25
SALE_20260121_OUT001_MENU0054,ABNAH Cafe Connaught Place,2026-01-21,Beverage,Tea,MENU0054,Himalayan Green Tea,2,405.72
SALE_20260121_OUT001_MENU0055,ABNAH Cafe Connaught Place,2026-01-21,Beverage,Tea,MENU0055,Japanese Matcha Latte - Regular,1,257.57
SALE_20260121_OUT001_MENU0059,ABNAH Cafe Connaught Place,2026-01-21,Beverage,Iced Tea,MENU0059,Lemon Iced Tea - Medium,1,222.31
SALE_20260121_OUT001_MENU0061,ABNAH Cafe Connaught Place,2026-01-21,Beverage,Iced Tea,MENU0061,Hibiscus Lime Iced Tea - Regular,1,226.94
SALE_20260121_OUT001_MENU0062,ABNAH Cafe Connaught Place,2026-01-21,Beverage,Iced Tea,MENU0062,Hibiscus Lime Iced Tea - Medium,2,471.42
SALE_20260121_OUT001_MENU0070,ABNAH Cafe Connaught Place,2026-01-21,Beverage,Shake,MENU0070,Choco Chip Shake - Large,1,349.5
SALE_20260121_OUT001_MENU0071,ABNAH Cafe Connaught Place,2026-01-21,Beverage,Shake,MENU0071,Mixed Berry Shake - Regular,1,305.06
SALE_20260121_OUT001_MENU0072,ABNAH Cafe Connaught Place,2026-01-21,Beverage,Shake,MENU0072,Mixed Berry Shake - Medium,3,1031.09
SALE_20260121_OUT001_MENU0080,ABNAH Cafe Connaught Place,2026-01-21,Food,Sandwiches,MENU0080,Pesto Veg Sandwich,2,548.21
SALE_20260121_OUT001_MENU0081,ABNAH Cafe Connaught Place,2026-01-21,Food,Sandwiches,MENU0081,Pepper Chicken Sandwich,2,636.54
SALE_20260121_OUT001_MENU0086,ABNAH Cafe Connaught Place,2026-01-21,Food,Breakfast,MENU0086,Breakfast Pancakes,1,268.6
SALE_20260121_OUT001_MENU0087,ABNAH Cafe Connaught Place,2026-01-21,Food,Breakfast,MENU0087,Cream Cheese Bagel,1,244.3
SALE_20260121_OUT001_MENU0088,ABNAH Cafe Connaught Place,2026-01-21,Food,Breakfast,MENU0088,Scallion Pepper Cream Cheese Bagel,1,257.69
SALE_20260121_OUT001_MENU0091,ABNAH Cafe Connaught Place,2026-01-21,Food,Snacks,MENU0091,Pesto Sundried Tomato Pin Wheel,1,225.06
SALE_20260121_OUT001_MENU0093,ABNAH Cafe Connaught Place,2026-01-21,Food,Snacks,MENU0093,Turnover with Brioche Dough Veg,1,235.81
SALE_20260121_OUT001_MENU0095,ABNAH Cafe Connaught Place,2026-01-21,Food,Baked Goods,MENU0095,Almond Croissant,1,231.27
SALE_20260121_OUT001_MENU0096,ABNAH Cafe Connaught Place,2026-01-21,Food,Baked Goods,MENU0096,Chocolate Croissant,1,233.12
SALE_20260121_OUT001_MENU0101,ABNAH Cafe Connaught Place,2026-01-21,Dessert,Baked Goods,MENU0101,Lemon Raspberry Tea Cake,1,209.33
SALE_20260121_OUT001_MENU0102,ABNAH Cafe Connaught Place,2026-01-21,Dessert,Desserts,MENU0102,Double Chocolate Truffle Cake,1,282.06
SALE_20260121_OUT001_MENU0104,ABNAH Cafe Connaught Place,2026-01-21,Dessert,Desserts,MENU0104,Classic Chocolate Fudge Brownie,1,197.18
SALE_20260121_OUT001_MENU0105,ABNAH Cafe Connaught Place,2026-01-21,Dessert,Desserts,MENU0105,Soft-Centred Caramel Cookie,1,179.26
SALE_20260121_OUT001_MENU0106,ABNAH Cafe Connaught Place,2026-01-21,Dessert,Desserts,MENU0106,Death by Chocolate Cookie,1,192.34
SALE_20260122_OUT001_MENU0003,ABNAH Cafe Connaught Place,2026-01-22,Beverage,Coffee Classics,MENU0003,Americano - Regular,3,563.56
SALE_20260122_OUT001_MENU0004,ABNAH Cafe Connaught Place,2026-01-22,Beverage,Coffee Classics,MENU0004,Americano - Medium,2,424.04
SALE_20260122_OUT001_MENU0005,ABNAH Cafe Connaught Place,2026-01-22,Beverage,Coffee Classics,MENU0005,Americano - Large,3,701.67
SALE_20260122_OUT001_MENU0006,ABNAH Cafe Connaught Place,2026-01-22,Beverage,Coffee Classics,MENU0006,Latte - Regular,5,1082.54
SALE_20260122_OUT001_MENU0007,ABNAH Cafe Connaught Place,2026-01-22,Beverage,Coffee Classics,MENU0007,Latte - Medium,3,755.82
SALE_20260122_OUT001_MENU0008,ABNAH Cafe Connaught Place,2026-01-22,Beverage,Coffee Classics,MENU0008,Latte - Large,2,528.18
SALE_20260122_OUT001_MENU0009,ABNAH Cafe Connaught Place,2026-01-22,Beverage,Coffee Classics,MENU0009,Cappuccino - Regular,1,225.35
SALE_20260122_OUT001_MENU0011,ABNAH Cafe Connaught Place,2026-01-22,Beverage,Coffee Classics,MENU0011,Cappuccino - Large,1,278.11
SALE_20260122_OUT001_MENU0012,ABNAH Cafe Connaught Place,2026-01-22,Beverage,Coffee Classics,MENU0012,Flat White - Regular,2,461.64
SALE_20260122_OUT001_MENU0013,ABNAH Cafe Connaught Place,2026-01-22,Beverage,Coffee Classics,MENU0013,Flat White - Medium,1,258.61
SALE_20260122_OUT001_MENU0014,ABNAH Cafe Connaught Place,2026-01-22,Beverage,Coffee Classics,MENU0014,Flat White - Large,2,541.41
SALE_20260122_OUT001_MENU0015,ABNAH Cafe Connaught Place,2026-01-22,Beverage,Coffee Classics,MENU0015,Mocha - Regular,1,233.88
SALE_20260122_OUT001_MENU0017,ABNAH Cafe Connaught Place,2026-01-22,Beverage,Coffee Classics,MENU0017,Mocha - Large,2,558.15
SALE_20260122_OUT001_MENU0021,ABNAH Cafe Connaught Place,2026-01-22,Beverage,Signature Coffee,MENU0021,Orange Zest Mocha - Regular,1,268.97
SALE_20260122_OUT001_MENU0023,ABNAH Cafe Connaught Place,2026-01-22,Beverage,Signature Coffee,MENU0023,Orange Zest Mocha - Large,1,314.7
SALE_20260122_OUT001_MENU0024,ABNAH Cafe Connaught Place,2026-01-22,Beverage,Signature Coffee,MENU0024,Caramel Macchiato - Regular,1,256.2
SALE_20260122_OUT001_MENU0025,ABNAH Cafe Connaught Place,2026-01-22,Beverage,Signature Coffee,MENU0025,Caramel Macchiato - Medium,1,287.17
SALE_20260122_OUT001_MENU0028,ABNAH Cafe Connaught Place,2026-01-22,Beverage,Signature Coffee,MENU0028,French Vanilla Latte - Medium,1,279.03
SALE_20260122_OUT001_MENU0030,ABNAH Cafe Connaught Place,2026-01-22,Beverage,Signature Coffee,MENU0030,Vegan Iced Latte - Regular,1,280.96
SALE_20260122_OUT001_MENU0031,ABNAH Cafe Connaught Place,2026-01-22,Beverage,Signature Coffee,MENU0031,Vegan Iced Latte - Medium,1,298.33
SALE_20260122_OUT001_MENU0035,ABNAH Cafe Connaught Place,2026-01-22,Beverage,Cold Brew,MENU0035,Classic Cold Brew - Large,2,524.95
SALE_20260122_OUT001_MENU0036,ABNAH Cafe Connaught Place,2026-01-22,Beverage,Cold Brew,MENU0036,Coffee Lemonade - Regular,2,448.55
SALE_20260122_OUT001_MENU0038,ABNAH Cafe Connaught Place,2026-01-22,Beverage,Cold Brew,MENU0038,Coffee Lemonade - Large,2,564.55
SALE_20260122_OUT001_MENU0039,ABNAH Cafe Connaught Place,2026-01-22,Beverage,Cold Brew,MENU0039,Vietnamese Shakerato - Regular,1,252.5
SALE_20260122_OUT001_MENU0041,ABNAH Cafe Connaught Place,2026-01-22,Beverage,Cold Brew,MENU0041,Vietnamese Shakerato - Large,1,305.5
SALE_20260122_OUT001_MENU0043,ABNAH Cafe Connaught Place,2026-01-22,Beverage,Cold Coffee,MENU0043,Classic Cold Coffee - Medium,4,1112.44
SALE_20260122_OUT001_MENU0044,ABNAH Cafe Connaught Place,2026-01-22,Beverage,Cold Coffee,MENU0044,Classic Cold Coffee - Large,1,323.62
SALE_20260122_OUT001_MENU0045,ABNAH Cafe Connaught Place,2026-01-22,Beverage,Cold Coffee,MENU0045,Mocha Cold Coffee - Regular,3,845.23
SALE_20260122_OUT001_MENU0050,ABNAH Cafe Connaught Place,2026-01-22,Beverage,Cold Coffee,MENU0050,Caramel Cold Coffee - Large,1,353.97
SALE_20260122_OUT001_MENU0052,ABNAH Cafe Connaught Place,2026-01-22,Beverage,Tea,MENU0052,Masala Chai Latte - Medium,3,657.48
SALE_20260122_OUT001_MENU0054,ABNAH Cafe Connaught Place,2026-01-22,Beverage,Tea,MENU0054,Himalayan Green Tea,1,205.56
SALE_20260122_OUT001_MENU0055,ABNAH Cafe Connaught Place,2026-01-22,Beverage,Tea,MENU0055,Japanese Matcha Latte - Regular,3,749.07
SALE_20260122_OUT001_MENU0056,ABNAH Cafe Connaught Place,2026-01-22,Beverage,Tea,MENU0056,Japanese Matcha Latte - Medium,2,559.68
SALE_20260122_OUT001_MENU0058,ABNAH Cafe Connaught Place,2026-01-22,Beverage,Iced Tea,MENU0058,Lemon Iced Tea - Regular,1,206.17
SALE_20260122_OUT001_MENU0059,ABNAH Cafe Connaught Place,2026-01-22,Beverage,Iced Tea,MENU0059,Lemon Iced Tea - Medium,2,465.21
SALE_20260122_OUT001_MENU0061,ABNAH Cafe Connaught Place,2026-01-22,Beverage,Iced Tea,MENU0061,Hibiscus Lime Iced Tea - Regular,1,217.21
SALE_20260122_OUT001_MENU0064,ABNAH Cafe Connaught Place,2026-01-22,Beverage,Kids Beverage,MENU0064,Hot Chocolate - Regular,1,209.57
SALE_20260122_OUT001_MENU0067,ABNAH Cafe Connaught Place,2026-01-22,Beverage,Kids Beverage,MENU0067,Babyccino - Regular,1,159.53
SALE_20260122_OUT001_MENU0071,ABNAH Cafe Connaught Place,2026-01-22,Beverage,Shake,MENU0071,Mixed Berry Shake - Regular,1,315.87
SALE_20260122_OUT001_MENU0073,ABNAH Cafe Connaught Place,2026-01-22,Beverage,Shake,MENU0073,Mixed Berry Shake - Large,1,362.12
SALE_20260122_OUT001_MENU0074,ABNAH Cafe Connaught Place,2026-01-22,Beverage,Smoothie,MENU0074,Seasonal Smoothie - Regular,1,300.57
SALE_20260122_OUT001_MENU0075,ABNAH Cafe Connaught Place,2026-01-22,Beverage,Smoothie,MENU0075,Seasonal Smoothie - Medium,1,343.29
SALE_20260122_OUT001_MENU0077,ABNAH Cafe Connaught Place,2026-01-22,Food,Wraps,MENU0077,Spicy Paneer Wrap,1,278.44
SALE_20260122_OUT001_MENU0078,ABNAH Cafe Connaught Place,2026-01-22,Food,Wraps,MENU0078,Shredded Chicken Wrap,1,280.16
SALE_20260122_OUT001_MENU0079,ABNAH Cafe Connaught Place,2026-01-22,Food,Sandwiches,MENU0079,Smoked Chipotle Paneer Sandwich,2,569.36
SALE_20260122_OUT001_MENU0080,ABNAH Cafe Connaught Place,2026-01-22,Food,Sandwiches,MENU0080,Pesto Veg Sandwich,2,561.91
SALE_20260122_OUT001_MENU0082,ABNAH Cafe Connaught Place,2026-01-22,Food,Sandwiches,MENU0082,Tandoori Chicken Sandwich,1,322.81
SALE_20260122_OUT001_MENU0084,ABNAH Cafe Connaught Place,2026-01-22,Food,Toasts,MENU0084,Chicken Pepperoni Avocado Toast,1,326.24
SALE_20260122_OUT001_MENU0086,ABNAH Cafe Connaught Place,2026-01-22,Food,Breakfast,MENU0086,Breakfast Pancakes,1,276.17
SALE_20260122_OUT001_MENU0087,ABNAH Cafe Connaught Place,2026-01-22,Food,Breakfast,MENU0087,Cream Cheese Bagel,1,250.34
SALE_20260122_OUT001_MENU0088,ABNAH Cafe Connaught Place,2026-01-22,Food,Breakfast,MENU0088,Scallion Pepper Cream Cheese Bagel,1,250.43
SALE_20260122_OUT001_MENU0090,ABNAH Cafe Connaught Place,2026-01-22,Food,Snacks,MENU0090,Marinara Cheese Pin Wheels,1,217.06
SALE_20260122_OUT001_MENU0095,ABNAH Cafe Connaught Place,2026-01-22,Food,Baked Goods,MENU0095,Almond Croissant,1,239.91
SALE_20260122_OUT001_MENU0096,ABNAH Cafe Connaught Place,2026-01-22,Food,Baked Goods,MENU0096,Chocolate Croissant,1,236.54
SALE_20260122_OUT001_MENU0098,ABNAH Cafe Connaught Place,2026-01-22,Food,Baked Goods,MENU0098,Sriracha Chicken Croissant,1,271.65
SALE_20260122_OUT001_MENU0100,ABNAH Cafe Connaught Place,2026-01-22,Dessert,Baked Goods,MENU0100,Banana Walnut Tea Cake,1,206.79
SALE_20260122_OUT001_MENU0102,ABNAH Cafe Connaught Place,2026-01-22,Dessert,Desserts,MENU0102,Double Chocolate Truffle Cake,1,296.77
SALE_20260122_OUT001_MENU0103,ABNAH Cafe Connaught Place,2026-01-22,Dessert,Desserts,MENU0103,Banoffee Pie,1,276.48
SALE_20260122_OUT001_MENU0107,ABNAH Cafe Connaught Place,2026-01-22,Dessert,Desserts,MENU0107,Jaggery Parmesan Cookie,1,159.83
SALE_20260122_OUT001_MENU0110,ABNAH Cafe Connaught Place,2026-01-22,Dessert,Baked Goods,MENU0110,Multigrain Walnut Tea Cake,1,222.22
SALE_20260123_OUT001_MENU0001,ABNAH Cafe Connaught Place,2026-01-23,Beverage,Espresso,MENU0001,Espresso Shot - Solo,1,142.11
SALE_20260123_OUT001_MENU0003,ABNAH Cafe Connaught Place,2026-01-23,Beverage,Coffee Classics,MENU0003,Americano - Regular,5,920.71
SALE_20260123_OUT001_MENU0004,ABNAH Cafe Connaught Place,2026-01-23,Beverage,Coffee Classics,MENU0004,Americano - Medium,4,802.25
SALE_20260123_OUT001_MENU0005,ABNAH Cafe Connaught Place,2026-01-23,Beverage,Coffee Classics,MENU0005,Americano - Large,2,443.53
SALE_20260123_OUT001_MENU0006,ABNAH Cafe Connaught Place,2026-01-23,Beverage,Coffee Classics,MENU0006,Latte - Regular,3,648.37
SALE_20260123_OUT001_MENU0007,ABNAH Cafe Connaught Place,2026-01-23,Beverage,Coffee Classics,MENU0007,Latte - Medium,3,715.59
SALE_20260123_OUT001_MENU0008,ABNAH Cafe Connaught Place,2026-01-23,Beverage,Coffee Classics,MENU0008,Latte - Large,1,262.58
SALE_20260123_OUT001_MENU0009,ABNAH Cafe Connaught Place,2026-01-23,Beverage,Coffee Classics,MENU0009,Cappuccino - Regular,1,229.4
SALE_20260123_OUT001_MENU0010,ABNAH Cafe Connaught Place,2026-01-23,Beverage,Coffee Classics,MENU0010,Cappuccino - Medium,1,249.53
SALE_20260123_OUT001_MENU0011,ABNAH Cafe Connaught Place,2026-01-23,Beverage,Coffee Classics,MENU0011,Cappuccino - Large,4,1082.68
SALE_20260123_OUT001_MENU0012,ABNAH Cafe Connaught Place,2026-01-23,Beverage,Coffee Classics,MENU0012,Flat White - Regular,1,238.21
SALE_20260123_OUT001_MENU0013,ABNAH Cafe Connaught Place,2026-01-23,Beverage,Coffee Classics,MENU0013,Flat White - Medium,2,492.42
SALE_20260123_OUT001_MENU0014,ABNAH Cafe Connaught Place,2026-01-23,Beverage,Coffee Classics,MENU0014,Flat White - Large,1,277.35
SALE_20260123_OUT001_MENU0015,ABNAH Cafe Connaught Place,2026-01-23,Beverage,Coffee Classics,MENU0015,Mocha - Regular,2,485.5
SALE_20260123_OUT001_MENU0016,ABNAH Cafe Connaught Place,2026-01-23,Beverage,Coffee Classics,MENU0016,Mocha - Medium,2,516.37
SALE_20260123_OUT001_MENU0018,ABNAH Cafe Connaught Place,2026-01-23,Beverage,Signature Coffee,MENU0018,Sea Salt Mocha - Regular,1,275.57
SALE_20260123_OUT001_MENU0019,ABNAH Cafe Connaught Place,2026-01-23,Beverage,Signature Coffee,MENU0019,Sea Salt Mocha - Medium,1,302.05
SALE_20260123_OUT001_MENU0022,ABNAH Cafe Connaught Place,2026-01-23,Beverage,Signature Coffee,MENU0022,Orange Zest Mocha - Medium,1,298.06
SALE_20260123_OUT001_MENU0023,ABNAH Cafe Connaught Place,2026-01-23,Beverage,Signature Coffee,MENU0023,Orange Zest Mocha - Large,1,328.56
SALE_20260123_OUT001_MENU0024,ABNAH Cafe Connaught Place,2026-01-23,Beverage,Signature Coffee,MENU0024,Caramel Macchiato - Regular,1,258.38
SALE_20260123_OUT001_MENU0025,ABNAH Cafe Connaught Place,2026-01-23,Beverage,Signature Coffee,MENU0025,Caramel Macchiato - Medium,1,282.27
SALE_20260123_OUT001_MENU0027,ABNAH Cafe Connaught Place,2026-01-23,Beverage,Signature Coffee,MENU0027,French Vanilla Latte - Regular,4,1035.85
SALE_20260123_OUT001_MENU0030,ABNAH Cafe Connaught Place,2026-01-23,Beverage,Signature Coffee,MENU0030,Vegan Iced Latte - Regular,2,578.27
SALE_20260123_OUT001_MENU0031,ABNAH Cafe Connaught Place,2026-01-23,Beverage,Signature Coffee,MENU0031,Vegan Iced Latte - Medium,1,311.53
SALE_20260123_OUT001_MENU0032,ABNAH Cafe Connaught Place,2026-01-23,Beverage,Signature Coffee,MENU0032,Vegan Iced Latte - Large,1,319.75
SALE_20260123_OUT001_MENU0033,ABNAH Cafe Connaught Place,2026-01-23,Beverage,Cold Brew,MENU0033,Classic Cold Brew - Regular,1,212.54
SALE_20260123_OUT001_MENU0035,ABNAH Cafe Connaught Place,2026-01-23,Beverage,Cold Brew,MENU0035,Classic Cold Brew - Large,1,276.2
SALE_20260123_OUT001_MENU0038,ABNAH Cafe Connaught Place,2026-01-23,Beverage,Cold Brew,MENU0038,Coffee Lemonade - Large,2,557.25
SALE_20260123_OUT001_MENU0039,ABNAH Cafe Connaught Place,2026-01-23,Beverage,Cold Brew,MENU0039,Vietnamese Shakerato - Regular,1,253.15
SALE_20260123_OUT001_MENU0040,ABNAH Cafe Connaught Place,2026-01-23,Beverage,Cold Brew,MENU0040,Vietnamese Shakerato - Medium,1,275.88
SALE_20260123_OUT001_MENU0041,ABNAH Cafe Connaught Place,2026-01-23,Beverage,Cold Brew,MENU0041,Vietnamese Shakerato - Large,2,594.72
SALE_20260123_OUT001_MENU0042,ABNAH Cafe Connaught Place,2026-01-23,Beverage,Cold Coffee,MENU0042,Classic Cold Coffee - Regular,2,506.92
SALE_20260123_OUT001_MENU0043,ABNAH Cafe Connaught Place,2026-01-23,Beverage,Cold Coffee,MENU0043,Classic Cold Coffee - Medium,1,279.54
SALE_20260123_OUT001_MENU0044,ABNAH Cafe Connaught Place,2026-01-23,Beverage,Cold Coffee,MENU0044,Classic Cold Coffee - Large,1,311.45
SALE_20260123_OUT001_MENU0045,ABNAH Cafe Connaught Place,2026-01-23,Beverage,Cold Coffee,MENU0045,Mocha Cold Coffee - Regular,1,280.0
SALE_20260123_OUT001_MENU0046,ABNAH Cafe Connaught Place,2026-01-23,Beverage,Cold Coffee,MENU0046,Mocha Cold Coffee - Medium,2,643.27
SALE_20260123_OUT001_MENU0048,ABNAH Cafe Connaught Place,2026-01-23,Beverage,Cold Coffee,MENU0048,Caramel Cold Coffee - Regular,4,1116.02
SALE_20260123_OUT001_MENU0050,ABNAH Cafe Connaught Place,2026-01-23,Beverage,Cold Coffee,MENU0050,Caramel Cold Coffee - Large,2,685.26
SALE_20260123_OUT001_MENU0053,ABNAH Cafe Connaught Place,2026-01-23,Beverage,Tea,MENU0053,Masala Chai Latte - Large,2,482.97
SALE_20260123_OUT001_MENU0057,ABNAH Cafe Connaught Place,2026-01-23,Beverage,Tea,MENU0057,Japanese Matcha Latte - Large,1,319.61
SALE_20260123_OUT001_MENU0058,ABNAH Cafe Connaught Place,2026-01-23,Beverage,Iced Tea,MENU0058,Lemon Iced Tea - Regular,2,395.45
SALE_20260123_OUT001_MENU0064,ABNAH Cafe Connaught Place,2026-01-23,Beverage,Kids Beverage,MENU0064,Hot Chocolate - Regular,1,219.4
SALE_20260123_OUT001_MENU0068,ABNAH Cafe Connaught Place,2026-01-23,Beverage,Shake,MENU0068,Choco Chip Shake - Regular,1,283.65
SALE_20260123_OUT001_MENU0069,ABNAH Cafe Connaught Place,2026-01-23,Beverage,Shake,MENU0069,Choco Chip Shake - Medium,1,323.57
SALE_20260123_OUT001_MENU0080,ABNAH Cafe Connaught Place,2026-01-23,Food,Sandwiches,MENU0080,Pesto Veg Sandwich,1,274.56
SALE_20260123_OUT001_MENU0082,ABNAH Cafe Connaught Place,2026-01-23,Food,Sandwiches,MENU0082,Tandoori Chicken Sandwich,3,960.45
SALE_20260123_OUT001_MENU0086,ABNAH Cafe Connaught Place,2026-01-23,Food,Breakfast,MENU0086,Breakfast Pancakes,1,286.62
SALE_20260123_OUT001_MENU0089,ABNAH Cafe Connaught Place,2026-01-23,Food,Breakfast,MENU0089,Masala Egg Bun,3,634.53
SALE_20260123_OUT001_MENU0091,ABNAH Cafe Connaught Place,2026-01-23,Food,Snacks,MENU0091,Pesto Sundried Tomato Pin Wheel,1,227.87
SALE_20260123_OUT001_MENU0092,ABNAH Cafe Connaught Place,2026-01-23,Food,Snacks,MENU0092,Turnover with Brioche Dough Chicken,1,257.35
SALE_20260123_OUT001_MENU0096,ABNAH Cafe Connaught Place,2026-01-23,Food,Baked Goods,MENU0096,Chocolate Croissant,1,231.02
SALE_20260123_OUT001_MENU0097,ABNAH Cafe Connaught Place,2026-01-23,Food,Baked Goods,MENU0097,Mushroom Cheese Croissant,1,254.65
SALE_20260123_OUT001_MENU0099,ABNAH Cafe Connaught Place,2026-01-23,Dessert,Baked Goods,MENU0099,Cinnamon Roll with Cream Cheese,1,215.44
SALE_20260123_OUT001_MENU0101,ABNAH Cafe Connaught Place,2026-01-23,Dessert,Baked Goods,MENU0101,Lemon Raspberry Tea Cake,3,625.3
SALE_20260123_OUT001_MENU0102,ABNAH Cafe Connaught Place,2026-01-23,Dessert,Desserts,MENU0102,Double Chocolate Truffle Cake,1,296.4
SALE_20260123_OUT001_MENU0110,ABNAH Cafe Connaught Place,2026-01-23,Dessert,Baked Goods,MENU0110,Multigrain Walnut Tea Cake,1,229.19
SALE_20260124_OUT001_MENU0003,ABNAH Cafe Connaught Place,2026-01-24,Beverage,Coffee Classics,MENU0003,Americano - Regular,3,537.51
SALE_20260124_OUT001_MENU0004,ABNAH Cafe Connaught Place,2026-01-24,Beverage,Coffee Classics,MENU0004,Americano - Medium,1,214.03
SALE_20260124_OUT001_MENU0006,ABNAH Cafe Connaught Place,2026-01-24,Beverage,Coffee Classics,MENU0006,Latte - Regular,2,440.48
SALE_20260124_OUT001_MENU0007,ABNAH Cafe Connaught Place,2026-01-24,Beverage,Coffee Classics,MENU0007,Latte - Medium,1,242.14
SALE_20260124_OUT001_MENU0008,ABNAH Cafe Connaught Place,2026-01-24,Beverage,Coffee Classics,MENU0008,Latte - Large,2,528.54
SALE_20260124_OUT001_MENU0009,ABNAH Cafe Connaught Place,2026-01-24,Beverage,Coffee Classics,MENU0009,Cappuccino - Regular,2,449.79
SALE_20260124_OUT001_MENU0010,ABNAH Cafe Connaught Place,2026-01-24,Beverage,Coffee Classics,MENU0010,Cappuccino - Medium,1,241.71
SALE_20260124_OUT001_MENU0013,ABNAH Cafe Connaught Place,2026-01-24,Beverage,Coffee Classics,MENU0013,Flat White - Medium,3,794.62
SALE_20260124_OUT001_MENU0015,ABNAH Cafe Connaught Place,2026-01-24,Beverage,Coffee Classics,MENU0015,Mocha - Regular,1,239.26
SALE_20260124_OUT001_MENU0016,ABNAH Cafe Connaught Place,2026-01-24,Beverage,Coffee Classics,MENU0016,Mocha - Medium,1,260.68
SALE_20260124_OUT001_MENU0017,ABNAH Cafe Connaught Place,2026-01-24,Beverage,Coffee Classics,MENU0017,Mocha - Large,1,297.56
SALE_20260124_OUT001_MENU0018,ABNAH Cafe Connaught Place,2026-01-24,Beverage,Signature Coffee,MENU0018,Sea Salt Mocha - Regular,1,265.63
SALE_20260124_OUT001_MENU0020,ABNAH Cafe Connaught Place,2026-01-24,Beverage,Signature Coffee,MENU0020,Sea Salt Mocha - Large,1,331.87
SALE_20260124_OUT001_MENU0023,ABNAH Cafe Connaught Place,2026-01-24,Beverage,Signature Coffee,MENU0023,Orange Zest Mocha - Large,1,317.15
SALE_20260124_OUT001_MENU0025,ABNAH Cafe Connaught Place,2026-01-24,Beverage,Signature Coffee,MENU0025,Caramel Macchiato - Medium,1,286.09
SALE_20260124_OUT001_MENU0027,ABNAH Cafe Connaught Place,2026-01-24,Beverage,Signature Coffee,MENU0027,French Vanilla Latte - Regular,3,792.35
SALE_20260124_OUT001_MENU0028,ABNAH Cafe Connaught Place,2026-01-24,Beverage,Signature Coffee,MENU0028,French Vanilla Latte - Medium,2,557.26
SALE_20260124_OUT001_MENU0029,ABNAH Cafe Connaught Place,2026-01-24,Beverage,Signature Coffee,MENU0029,French Vanilla Latte - Large,3,920.29
SALE_20260124_OUT001_MENU0030,ABNAH Cafe Connaught Place,2026-01-24,Beverage,Signature Coffee,MENU0030,Vegan Iced Latte - Regular,1,278.78
SALE_20260124_OUT001_MENU0031,ABNAH Cafe Connaught Place,2026-01-24,Beverage,Signature Coffee,MENU0031,Vegan Iced Latte - Medium,2,595.88
SALE_20260124_OUT001_MENU0033,ABNAH Cafe Connaught Place,2026-01-24,Beverage,Cold Brew,MENU0033,Classic Cold Brew - Regular,1,229.39
SALE_20260124_OUT001_MENU0034,ABNAH Cafe Connaught Place,2026-01-24,Beverage,Cold Brew,MENU0034,Classic Cold Brew - Medium,1,250.39
SALE_20260124_OUT001_MENU0035,ABNAH Cafe Connaught Place,2026-01-24,Beverage,Cold Brew,MENU0035,Classic Cold Brew - Large,1,272.48
SALE_20260124_OUT001_MENU0037,ABNAH Cafe Connaught Place,2026-01-24,Beverage,Cold Brew,MENU0037,Coffee Lemonade - Medium,1,254.86
SALE_20260124_OUT001_MENU0038,ABNAH Cafe Connaught Place,2026-01-24,Beverage,Cold Brew,MENU0038,Coffee Lemonade - Large,1,278.07
SALE_20260124_OUT001_MENU0039,ABNAH Cafe Connaught Place,2026-01-24,Beverage,Cold Brew,MENU0039,Vietnamese Shakerato - Regular,1,242.76
SALE_20260124_OUT001_MENU0040,ABNAH Cafe Connaught Place,2026-01-24,Beverage,Cold Brew,MENU0040,Vietnamese Shakerato - Medium,2,564.99
SALE_20260124_OUT001_MENU0042,ABNAH Cafe Connaught Place,2026-01-24,Beverage,Cold Coffee,MENU0042,Classic Cold Coffee - Regular,1,245.46
SALE_20260124_OUT001_MENU0045,ABNAH Cafe Connaught Place,2026-01-24,Beverage,Cold Coffee,MENU0045,Mocha Cold Coffee - Regular,1,283.4
SALE_20260124_OUT001_MENU0047,ABNAH Cafe Connaught Place,2026-01-24,Beverage,Cold Coffee,MENU0047,Mocha Cold Coffee - Large,1,336.23
SALE_20260124_OUT001_MENU0048,ABNAH Cafe Connaught Place,2026-01-24,Beverage,Cold Coffee,MENU0048,Caramel Cold Coffee - Regular,1,280.6
SALE_20260124_OUT001_MENU0051,ABNAH Cafe Connaught Place,2026-01-24,Beverage,Tea,MENU0051,Masala Chai Latte - Regular,2,384.15
SALE_20260124_OUT001_MENU0052,ABNAH Cafe Connaught Place,2026-01-24,Beverage,Tea,MENU0052,Masala Chai Latte - Medium,1,209.86
SALE_20260124_OUT001_MENU0059,ABNAH Cafe Connaught Place,2026-01-24,Beverage,Iced Tea,MENU0059,Lemon Iced Tea - Medium,1,223.32
SALE_20260124_OUT001_MENU0061,ABNAH Cafe Connaught Place,2026-01-24,Beverage,Iced Tea,MENU0061,Hibiscus Lime Iced Tea - Regular,1,225.54
SALE_20260124_OUT001_MENU0062,ABNAH Cafe Connaught Place,2026-01-24,Beverage,Iced Tea,MENU0062,Hibiscus Lime Iced Tea - Medium,1,253.51
SALE_20260124_OUT001_MENU0063,ABNAH Cafe Connaught Place,2026-01-24,Beverage,Iced Tea,MENU0063,Hibiscus Lime Iced Tea - Large,1,260.63
SALE_20260124_OUT001_MENU0064,ABNAH Cafe Connaught Place,2026-01-24,Beverage,Kids Beverage,MENU0064,Hot Chocolate - Regular,1,209.99
SALE_20260124_OUT001_MENU0068,ABNAH Cafe Connaught Place,2026-01-24,Beverage,Shake,MENU0068,Choco Chip Shake - Regular,1,286.45
SALE_20260124_OUT001_MENU0072,ABNAH Cafe Connaught Place,2026-01-24,Beverage,Shake,MENU0072,Mixed Berry Shake - Medium,2,662.26
SALE_20260124_OUT001_MENU0074,ABNAH Cafe Connaught Place,2026-01-24,Beverage,Smoothie,MENU0074,Seasonal Smoothie - Regular,1,297.41
SALE_20260124_OUT001_MENU0078,ABNAH Cafe Connaught Place,2026-01-24,Food,Wraps,MENU0078,Shredded Chicken Wrap,3,867.19
SALE_20260124_OUT001_MENU0079,ABNAH Cafe Connaught Place,2026-01-24,Food,Sandwiches,MENU0079,Smoked Chipotle Paneer Sandwich,1,286.45
SALE_20260124_OUT001_MENU0081,ABNAH Cafe Connaught Place,2026-01-24,Food,Sandwiches,MENU0081,Pepper Chicken Sandwich,1,298.17
SALE_20260124_OUT001_MENU0082,ABNAH Cafe Connaught Place,2026-01-24,Food,Sandwiches,MENU0082,Tandoori Chicken Sandwich,2,622.23
SALE_20260124_OUT001_MENU0086,ABNAH Cafe Connaught Place,2026-01-24,Food,Breakfast,MENU0086,Breakfast Pancakes,2,567.53
SALE_20260124_OUT001_MENU0088,ABNAH Cafe Connaught Place,2026-01-24,Food,Breakfast,MENU0088,Scallion Pepper Cream Cheese Bagel,1,267.66
SALE_20260124_OUT001_MENU0091,ABNAH Cafe Connaught Place,2026-01-24,Food,Snacks,MENU0091,Pesto Sundried Tomato Pin Wheel,2,432.46
SALE_20260124_OUT001_MENU0092,ABNAH Cafe Connaught Place,2026-01-24,Food,Snacks,MENU0092,Turnover with Brioche Dough Chicken,1,253.85
SALE_20260124_OUT001_MENU0094,ABNAH Cafe Connaught Place,2026-01-24,Food,Baked Goods,MENU0094,Butter Croissant,1,198.15
SALE_20260124_OUT001_MENU0099,ABNAH Cafe Connaught Place,2026-01-24,Dessert,Baked Goods,MENU0099,Cinnamon Roll with Cream Cheese,2,446.38
SALE_20260124_OUT001_MENU0100,ABNAH Cafe Connaught Place,2026-01-24,Dessert,Baked Goods,MENU0100,Banana Walnut Tea Cake,1,206.24
SALE_20260125_OUT001_MENU0003,ABNAH Cafe Connaught Place,2026-01-25,Beverage,Coffee Classics,MENU0003,Americano - Regular,2,373.81
SALE_20260125_OUT001_MENU0004,ABNAH Cafe Connaught Place,2026-01-25,Beverage,Coffee Classics,MENU0004,Americano - Medium,2,396.51
SALE_20260125_OUT001_MENU0008,ABNAH Cafe Connaught Place,2026-01-25,Beverage,Coffee Classics,MENU0008,Latte - Large,1,267.8
SALE_20260125_OUT001_MENU0010,ABNAH Cafe Connaught Place,2026-01-25,Beverage,Coffee Classics,MENU0010,Cappuccino - Medium,3,734.79
SALE_20260125_OUT001_MENU0011,ABNAH Cafe Connaught Place,2026-01-25,Beverage,Coffee Classics,MENU0011,Cappuccino - Large,2,529.16
SALE_20260125_OUT001_MENU0012,ABNAH Cafe Connaught Place,2026-01-25,Beverage,Coffee Classics,MENU0012,Flat White - Regular,1,231.18
SALE_20260125_OUT001_MENU0013,ABNAH Cafe Connaught Place,2026-01-25,Beverage,Coffee Classics,MENU0013,Flat White - Medium,2,508.35
SALE_20260125_OUT001_MENU0014,ABNAH Cafe Connaught Place,2026-01-25,Beverage,Coffee Classics,MENU0014,Flat White - Large,2,542.55
SALE_20260125_OUT001_MENU0015,ABNAH Cafe Connaught Place,2026-01-25,Beverage,Coffee Classics,MENU0015,Mocha - Regular,1,234.73
SALE_20260125_OUT001_MENU0017,ABNAH Cafe Connaught Place,2026-01-25,Beverage,Coffee Classics,MENU0017,Mocha - Large,1,291.03
SALE_20260125_OUT001_MENU0019,ABNAH Cafe Connaught Place,2026-01-25,Beverage,Signature Coffee,MENU0019,Sea Salt Mocha - Medium,1,306.77
SALE_20260125_OUT001_MENU0021,ABNAH Cafe Connaught Place,2026-01-25,Beverage,Signature Coffee,MENU0021,Orange Zest Mocha - Regular,1,261.83
SALE_20260125_OUT001_MENU0025,ABNAH Cafe Connaught Place,2026-01-25,Beverage,Signature Coffee,MENU0025,Caramel Macchiato - Medium,1,287.77
SALE_20260125_OUT001_MENU0028,ABNAH Cafe Connaught Place,2026-01-25,Beverage,Signature Coffee,MENU0028,French Vanilla Latte - Medium,1,283.61
SALE_20260125_OUT001_MENU0032,ABNAH Cafe Connaught Place,2026-01-25,Beverage,Signature Coffee,MENU0032,Vegan Iced Latte - Large,1,330.29
SALE_20260125_OUT001_MENU0034,ABNAH Cafe Connaught Place,2026-01-25,Beverage,Cold Brew,MENU0034,Classic Cold Brew - Medium,2,488.95
SALE_20260125_OUT001_MENU0037,ABNAH Cafe Connaught Place,2026-01-25,Beverage,Cold Brew,MENU0037,Coffee Lemonade - Medium,1,252.56
SALE_20260125_OUT001_MENU0042,ABNAH Cafe Connaught Place,2026-01-25,Beverage,Cold Coffee,MENU0042,Classic Cold Coffee - Regular,1,246.03
SALE_20260125_OUT001_MENU0046,ABNAH Cafe Connaught Place,2026-01-25,Beverage,Cold Coffee,MENU0046,Mocha Cold Coffee - Medium,1,305.18
SALE_20260125_OUT001_MENU0058,ABNAH Cafe Connaught Place,2026-01-25,Beverage,Iced Tea,MENU0058,Lemon Iced Tea - Regular,1,200.15
SALE_20260125_OUT001_MENU0061,ABNAH Cafe Connaught Place,2026-01-25,Beverage,Iced Tea,MENU0061,Hibiscus Lime Iced Tea - Regular,1,227.55
SALE_20260125_OUT001_MENU0062,ABNAH Cafe Connaught Place,2026-01-25,Beverage,Iced Tea,MENU0062,Hibiscus Lime Iced Tea - Medium,1,248.51
SALE_20260125_OUT001_MENU0072,ABNAH Cafe Connaught Place,2026-01-25,Beverage,Shake,MENU0072,Mixed Berry Shake - Medium,1,348.74
SALE_20260125_OUT001_MENU0077,ABNAH Cafe Connaught Place,2026-01-25,Food,Wraps,MENU0077,Spicy Paneer Wrap,1,271.16
SALE_20260125_OUT001_MENU0079,ABNAH Cafe Connaught Place,2026-01-25,Food,Sandwiches,MENU0079,Smoked Chipotle Paneer Sandwich,2,555.1
SALE_20260125_OUT001_MENU0080,ABNAH Cafe Connaught Place,2026-01-25,Food,Sandwiches,MENU0080,Pesto Veg Sandwich,1,270.89
SALE_20260125_OUT001_MENU0081,ABNAH Cafe Connaught Place,2026-01-25,Food,Sandwiches,MENU0081,Pepper Chicken Sandwich,1,311.45
SALE_20260125_OUT001_MENU0102,ABNAH Cafe Connaught Place,2026-01-25,Dessert,Desserts,MENU0102,Double Chocolate Truffle Cake,1,289.09
SALE_20260125_OUT001_MENU0103,ABNAH Cafe Connaught Place,2026-01-25,Dessert,Desserts,MENU0103,Banoffee Pie,2,569.54
SALE_20260125_OUT001_MENU0104,ABNAH Cafe Connaught Place,2026-01-25,Dessert,Desserts,MENU0104,Classic Chocolate Fudge Brownie,1,187.48
SALE_20260125_OUT001_MENU0110,ABNAH Cafe Connaught Place,2026-01-25,Dessert,Baked Goods,MENU0110,Multigrain Walnut Tea Cake,1,215.72
SALE_20260126_OUT001_MENU0003,ABNAH Cafe Connaught Place,2026-01-26,Beverage,Coffee Classics,MENU0003,Americano - Regular,2,369.42
SALE_20260126_OUT001_MENU0006,ABNAH Cafe Connaught Place,2026-01-26,Beverage,Coffee Classics,MENU0006,Latte - Regular,1,213.7
SALE_20260126_OUT001_MENU0007,ABNAH Cafe Connaught Place,2026-01-26,Beverage,Coffee Classics,MENU0007,Latte - Medium,1,249.79
SALE_20260126_OUT001_MENU0008,ABNAH Cafe Connaught Place,2026-01-26,Beverage,Coffee Classics,MENU0008,Latte - Large,1,264.51
SALE_20260126_OUT001_MENU0009,ABNAH Cafe Connaught Place,2026-01-26,Beverage,Coffee Classics,MENU0009,Cappuccino - Regular,2,451.15
SALE_20260126_OUT001_MENU0010,ABNAH Cafe Connaught Place,2026-01-26,Beverage,Coffee Classics,MENU0010,Cappuccino - Medium,1,252.88
SALE_20260126_OUT001_MENU0011,ABNAH Cafe Connaught Place,2026-01-26,Beverage,Coffee Classics,MENU0011,Cappuccino - Large,1,263.46
SALE_20260126_OUT001_MENU0012,ABNAH Cafe Connaught Place,2026-01-26,Beverage,Coffee Classics,MENU0012,Flat White - Regular,1,229.38
SALE_20260126_OUT001_MENU0013,ABNAH Cafe Connaught Place,2026-01-26,Beverage,Coffee Classics,MENU0013,Flat White - Medium,1,258.83
SALE_20260126_OUT001_MENU0015,ABNAH Cafe Connaught Place,2026-01-26,Beverage,Coffee Classics,MENU0015,Mocha - Regular,5,1194.0
SALE_20260126_OUT001_MENU0021,ABNAH Cafe Connaught Place,2026-01-26,Beverage,Signature Coffee,MENU0021,Orange Zest Mocha - Regular,1,257.75
SALE_20260126_OUT001_MENU0022,ABNAH Cafe Connaught Place,2026-01-26,Beverage,Signature Coffee,MENU0022,Orange Zest Mocha - Medium,3,917.06
SALE_20260126_OUT001_MENU0024,ABNAH Cafe Connaught Place,2026-01-26,Beverage,Signature Coffee,MENU0024,Caramel Macchiato - Regular,1,265.6
SALE_20260126_OUT001_MENU0028,ABNAH Cafe Connaught Place,2026-01-26,Beverage,Signature Coffee,MENU0028,French Vanilla Latte - Medium,2,595.2
SALE_20260126_OUT001_MENU0029,ABNAH Cafe Connaught Place,2026-01-26,Beverage,Signature Coffee,MENU0029,French Vanilla Latte - Large,2,645.75
SALE_20260126_OUT001_MENU0030,ABNAH Cafe Connaught Place,2026-01-26,Beverage,Signature Coffee,MENU0030,Vegan Iced Latte - Regular,1,280.8
SALE_20260126_OUT001_MENU0031,ABNAH Cafe Connaught Place,2026-01-26,Beverage,Signature Coffee,MENU0031,Vegan Iced Latte - Medium,1,305.05
SALE_20260126_OUT001_MENU0032,ABNAH Cafe Connaught Place,2026-01-26,Beverage,Signature Coffee,MENU0032,Vegan Iced Latte - Large,1,323.49
SALE_20260126_OUT001_MENU0033,ABNAH Cafe Connaught Place,2026-01-26,Beverage,Cold Brew,MENU0033,Classic Cold Brew - Regular,1,229.32
SALE_20260126_OUT001_MENU0035,ABNAH Cafe Connaught Place,2026-01-26,Beverage,Cold Brew,MENU0035,Classic Cold Brew - Large,1,267.64
SALE_20260126_OUT001_MENU0037,ABNAH Cafe Connaught Place,2026-01-26,Beverage,Cold Brew,MENU0037,Coffee Lemonade - Medium,1,258.97
SALE_20260126_OUT001_MENU0039,ABNAH Cafe Connaught Place,2026-01-26,Beverage,Cold Brew,MENU0039,Vietnamese Shakerato - Regular,1,256.39
SALE_20260126_OUT001_MENU0040,ABNAH Cafe Connaught Place,2026-01-26,Beverage,Cold Brew,MENU0040,Vietnamese Shakerato - Medium,1,281.22
SALE_20260126_OUT001_MENU0041,ABNAH Cafe Connaught Place,2026-01-26,Beverage,Cold Brew,MENU0041,Vietnamese Shakerato - Large,1,291.47
SALE_20260126_OUT001_MENU0046,ABNAH Cafe Connaught Place,2026-01-26,Beverage,Cold Coffee,MENU0046,Mocha Cold Coffee - Medium,1,301.56
SALE_20260126_OUT001_MENU0047,ABNAH Cafe Connaught Place,2026-01-26,Beverage,Cold Coffee,MENU0047,Mocha Cold Coffee - Large,1,348.27
SALE_20260126_OUT001_MENU0050,ABNAH Cafe Connaught Place,2026-01-26,Beverage,Cold Coffee,MENU0050,Caramel Cold Coffee - Large,2,673.05
SALE_20260126_OUT001_MENU0051,ABNAH Cafe Connaught Place,2026-01-26,Beverage,Tea,MENU0051,Masala Chai Latte - Regular,1,192.46
SALE_20260126_OUT001_MENU0056,ABNAH Cafe Connaught Place,2026-01-26,Beverage,Tea,MENU0056,Japanese Matcha Latte - Medium,1,296.0
SALE_20260126_OUT001_MENU0059,ABNAH Cafe Connaught Place,2026-01-26,Beverage,Iced Tea,MENU0059,Lemon Iced Tea - Medium,1,223.57
SALE_20260126_OUT001_MENU0062,ABNAH Cafe Connaught Place,2026-01-26,Beverage,Iced Tea,MENU0062,Hibiscus Lime Iced Tea - Medium,1,235.59
SALE_20260126_OUT001_MENU0069,ABNAH Cafe Connaught Place,2026-01-26,Beverage,Shake,MENU0069,Choco Chip Shake - Medium,1,333.64
SALE_20260126_OUT001_MENU0070,ABNAH Cafe Connaught Place,2026-01-26,Beverage,Shake,MENU0070,Choco Chip Shake - Large,1,349.23
SALE_20260126_OUT001_MENU0072,ABNAH Cafe Connaught Place,2026-01-26,Beverage,Shake,MENU0072,Mixed Berry Shake - Medium,1,334.25
SALE_20260126_OUT001_MENU0079,ABNAH Cafe Connaught Place,2026-01-26,Food,Sandwiches,MENU0079,Smoked Chipotle Paneer Sandwich,2,587.93
SALE_20260126_OUT001_MENU0084,ABNAH Cafe Connaught Place,2026-01-26,Food,Toasts,MENU0084,Chicken Pepperoni Avocado Toast,1,320.7
SALE_20260126_OUT001_MENU0086,ABNAH Cafe Connaught Place,2026-01-26,Food,Breakfast,MENU0086,Breakfast Pancakes,1,284.16
SALE_20260126_OUT001_MENU0092,ABNAH Cafe Connaught Place,2026-01-26,Food,Snacks,MENU0092,Turnover with Brioche Dough Chicken,1,258.89
SALE_20260126_OUT001_MENU0097,ABNAH Cafe Connaught Place,2026-01-26,Food,Baked Goods,MENU0097,Mushroom Cheese Croissant,1,245.45
SALE_20260126_OUT001_MENU0098,ABNAH Cafe Connaught Place,2026-01-26,Food,Baked Goods,MENU0098,Sriracha Chicken Croissant,1,274.98
SALE_20260126_OUT001_MENU0099,ABNAH Cafe Connaught Place,2026-01-26,Dessert,Baked Goods,MENU0099,Cinnamon Roll with Cream Cheese,1,220.91
SALE_20260126_OUT001_MENU0104,ABNAH Cafe Connaught Place,2026-01-26,Dessert,Desserts,MENU0104,Classic Chocolate Fudge Brownie,1,185.75
SALE_20260126_OUT001_MENU0107,ABNAH Cafe Connaught Place,2026-01-26,Dessert,Desserts,MENU0107,Jaggery Parmesan Cookie,1,171.46
SALE_20260126_OUT001_MENU0110,ABNAH Cafe Connaught Place,2026-01-26,Dessert,Baked Goods,MENU0110,Multigrain Walnut Tea Cake,1,223.66
SALE_20260127_OUT001_MENU0003,ABNAH Cafe Connaught Place,2026-01-27,Beverage,Coffee Classics,MENU0003,Americano - Regular,6,1078.32
SALE_20260127_OUT001_MENU0004,ABNAH Cafe Connaught Place,2026-01-27,Beverage,Coffee Classics,MENU0004,Americano - Medium,2,398.84
SALE_20260127_OUT001_MENU0006,ABNAH Cafe Connaught Place,2026-01-27,Beverage,Coffee Classics,MENU0006,Latte - Regular,2,432.25
SALE_20260127_OUT001_MENU0008,ABNAH Cafe Connaught Place,2026-01-27,Beverage,Coffee Classics,MENU0008,Latte - Large,3,785.87
SALE_20260127_OUT001_MENU0009,ABNAH Cafe Connaught Place,2026-01-27,Beverage,Coffee Classics,MENU0009,Cappuccino - Regular,3,642.54
SALE_20260127_OUT001_MENU0010,ABNAH Cafe Connaught Place,2026-01-27,Beverage,Coffee Classics,MENU0010,Cappuccino - Medium,4,972.29
SALE_20260127_OUT001_MENU0011,ABNAH Cafe Connaught Place,2026-01-27,Beverage,Coffee Classics,MENU0011,Cappuccino - Large,4,1087.72
SALE_20260127_OUT001_MENU0012,ABNAH Cafe Connaught Place,2026-01-27,Beverage,Coffee Classics,MENU0012,Flat White - Regular,3,707.6
SALE_20260127_OUT001_MENU0013,ABNAH Cafe Connaught Place,2026-01-27,Beverage,Coffee Classics,MENU0013,Flat White - Medium,3,759.86
SALE_20260127_OUT001_MENU0014,ABNAH Cafe Connaught Place,2026-01-27,Beverage,Coffee Classics,MENU0014,Flat White - Large,1,270.95
SALE_20260127_OUT001_MENU0015,ABNAH Cafe Connaught Place,2026-01-27,Beverage,Coffee Classics,MENU0015,Mocha - Regular,1,238.78
SALE_20260127_OUT001_MENU0016,ABNAH Cafe Connaught Place,2026-01-27,Beverage,Coffee Classics,MENU0016,Mocha - Medium,4,1073.87
SALE_20260127_OUT001_MENU0018,ABNAH Cafe Connaught Place,2026-01-27,Beverage,Signature Coffee,MENU0018,Sea Salt Mocha - Regular,2,528.63
SALE_20260127_OUT001_MENU0019,ABNAH Cafe Connaught Place,2026-01-27,Beverage,Signature Coffee,MENU0019,Sea Salt Mocha - Medium,3,902.4
SALE_20260127_OUT001_MENU0020,ABNAH Cafe Connaught Place,2026-01-27,Beverage,Signature Coffee,MENU0020,Sea Salt Mocha - Large,1,335.42
SALE_20260127_OUT001_MENU0021,ABNAH Cafe Connaught Place,2026-01-27,Beverage,Signature Coffee,MENU0021,Orange Zest Mocha - Regular,3,775.36
SALE_20260127_OUT001_MENU0022,ABNAH Cafe Connaught Place,2026-01-27,Beverage,Signature Coffee,MENU0022,Orange Zest Mocha - Medium,1,295.59
SALE_20260127_OUT001_MENU0024,ABNAH Cafe Connaught Place,2026-01-27,Beverage,Signature Coffee,MENU0024,Caramel Macchiato - Regular,1,270.22
SALE_20260127_OUT001_MENU0028,ABNAH Cafe Connaught Place,2026-01-27,Beverage,Signature Coffee,MENU0028,French Vanilla Latte - Medium,2,574.04
SALE_20260127_OUT001_MENU0029,ABNAH Cafe Connaught Place,2026-01-27,Beverage,Signature Coffee,MENU0029,French Vanilla Latte - Large,2,625.21
SALE_20260127_OUT001_MENU0030,ABNAH Cafe Connaught Place,2026-01-27,Beverage,Signature Coffee,MENU0030,Vegan Iced Latte - Regular,1,275.52
SALE_20260127_OUT001_MENU0031,ABNAH Cafe Connaught Place,2026-01-27,Beverage,Signature Coffee,MENU0031,Vegan Iced Latte - Medium,1,314.2
SALE_20260127_OUT001_MENU0032,ABNAH Cafe Connaught Place,2026-01-27,Beverage,Signature Coffee,MENU0032,Vegan Iced Latte - Large,4,1348.05
SALE_20260127_OUT001_MENU0034,ABNAH Cafe Connaught Place,2026-01-27,Beverage,Cold Brew,MENU0034,Classic Cold Brew - Medium,2,490.07
SALE_20260127_OUT001_MENU0035,ABNAH Cafe Connaught Place,2026-01-27,Beverage,Cold Brew,MENU0035,Classic Cold Brew - Large,1,267.62
SALE_20260127_OUT001_MENU0040,ABNAH Cafe Connaught Place,2026-01-27,Beverage,Cold Brew,MENU0040,Vietnamese Shakerato - Medium,1,265.74
SALE_20260127_OUT001_MENU0042,ABNAH Cafe Connaught Place,2026-01-27,Beverage,Cold Coffee,MENU0042,Classic Cold Coffee - Regular,2,503.38
SALE_20260127_OUT001_MENU0044,ABNAH Cafe Connaught Place,2026-01-27,Beverage,Cold Coffee,MENU0044,Classic Cold Coffee - Large,2,649.72
SALE_20260127_OUT001_MENU0045,ABNAH Cafe Connaught Place,2026-01-27,Beverage,Cold Coffee,MENU0045,Mocha Cold Coffee - Regular,1,275.57
SALE_20260127_OUT001_MENU0046,ABNAH Cafe Connaught Place,2026-01-27,Beverage,Cold Coffee,MENU0046,Mocha Cold Coffee - Medium,1,303.31
SALE_20260127_OUT001_MENU0047,ABNAH Cafe Connaught Place,2026-01-27,Beverage,Cold Coffee,MENU0047,Mocha Cold Coffee - Large,1,345.46
SALE_20260127_OUT001_MENU0048,ABNAH Cafe Connaught Place,2026-01-27,Beverage,Cold Coffee,MENU0048,Caramel Cold Coffee - Regular,3,866.27
SALE_20260127_OUT001_MENU0052,ABNAH Cafe Connaught Place,2026-01-27,Beverage,Tea,MENU0052,Masala Chai Latte - Medium,1,211.68
SALE_20260127_OUT001_MENU0056,ABNAH Cafe Connaught Place,2026-01-27,Beverage,Tea,MENU0056,Japanese Matcha Latte - Medium,1,277.85
SALE_20260127_OUT001_MENU0062,ABNAH Cafe Connaught Place,2026-01-27,Beverage,Iced Tea,MENU0062,Hibiscus Lime Iced Tea - Medium,1,239.63
SALE_20260127_OUT001_MENU0063,ABNAH Cafe Connaught Place,2026-01-27,Beverage,Iced Tea,MENU0063,Hibiscus Lime Iced Tea - Large,1,261.75
SALE_20260127_OUT001_MENU0065,ABNAH Cafe Connaught Place,2026-01-27,Beverage,Kids Beverage,MENU0065,Hot Chocolate - Medium,1,232.26
SALE_20260127_OUT001_MENU0072,ABNAH Cafe Connaught Place,2026-01-27,Beverage,Shake,MENU0072,Mixed Berry Shake - Medium,1,354.53
SALE_20260127_OUT001_MENU0076,ABNAH Cafe Connaught Place,2026-01-27,Beverage,Smoothie,MENU0076,Seasonal Smoothie - Large,1,382.18
SALE_20260127_OUT001_MENU0078,ABNAH Cafe Connaught Place,2026-01-27,Food,Wraps,MENU0078,Shredded Chicken Wrap,2,584.81
SALE_20260127_OUT001_MENU0079,ABNAH Cafe Connaught Place,2026-01-27,Food,Sandwiches,MENU0079,Smoked Chipotle Paneer Sandwich,1,282.89
SALE_20260127_OUT001_MENU0080,ABNAH Cafe Connaught Place,2026-01-27,Food,Sandwiches,MENU0080,Pesto Veg Sandwich,2,528.05
SALE_20260127_OUT001_MENU0081,ABNAH Cafe Connaught Place,2026-01-27,Food,Sandwiches,MENU0081,Pepper Chicken Sandwich,2,628.52
SALE_20260127_OUT001_MENU0086,ABNAH Cafe Connaught Place,2026-01-27,Food,Breakfast,MENU0086,Breakfast Pancakes,1,286.62
SALE_20260127_OUT001_MENU0087,ABNAH Cafe Connaught Place,2026-01-27,Food,Breakfast,MENU0087,Cream Cheese Bagel,1,252.76
SALE_20260127_OUT001_MENU0092,ABNAH Cafe Connaught Place,2026-01-27,Food,Snacks,MENU0092,Turnover with Brioche Dough Chicken,1,244.39
SALE_20260127_OUT001_MENU0093,ABNAH Cafe Connaught Place,2026-01-27,Food,Snacks,MENU0093,Turnover with Brioche Dough Veg,1,231.79
SALE_20260127_OUT001_MENU0098,ABNAH Cafe Connaught Place,2026-01-27,Food,Baked Goods,MENU0098,Sriracha Chicken Croissant,1,270.34
SALE_20260127_OUT001_MENU0099,ABNAH Cafe Connaught Place,2026-01-27,Dessert,Baked Goods,MENU0099,Cinnamon Roll with Cream Cheese,1,218.98
SALE_20260127_OUT001_MENU0102,ABNAH Cafe Connaught Place,2026-01-27,Dessert,Desserts,MENU0102,Double Chocolate Truffle Cake,1,298.22
SALE_20260127_OUT001_MENU0103,ABNAH Cafe Connaught Place,2026-01-27,Dessert,Desserts,MENU0103,Banoffee Pie,1,289.51
SALE_20260127_OUT001_MENU0104,ABNAH Cafe Connaught Place,2026-01-27,Dessert,Desserts,MENU0104,Classic Chocolate Fudge Brownie,1,185.18
SALE_20260127_OUT001_MENU0105,ABNAH Cafe Connaught Place,2026-01-27,Dessert,Desserts,MENU0105,Soft-Centred Caramel Cookie,1,183.21
SALE_20260127_OUT001_MENU0106,ABNAH Cafe Connaught Place,2026-01-27,Dessert,Desserts,MENU0106,Death by Chocolate Cookie,1,193.69
SALE_20260127_OUT001_MENU0107,ABNAH Cafe Connaught Place,2026-01-27,Dessert,Desserts,MENU0107,Jaggery Parmesan Cookie,1,170.32
SALE_20260127_OUT001_MENU0108,ABNAH Cafe Connaught Place,2026-01-27,Dessert,Desserts,MENU0108,Apple Pie,1,264.27
SALE_20260127_OUT001_MENU0110,ABNAH Cafe Connaught Place,2026-01-27,Dessert,Baked Goods,MENU0110,Multigrain Walnut Tea Cake,1,224.18
SALE_20260128_OUT001_MENU0001,ABNAH Cafe Connaught Place,2026-01-28,Beverage,Espresso,MENU0001,Espresso Shot - Solo,1,146.59
SALE_20260128_OUT001_MENU0003,ABNAH Cafe Connaught Place,2026-01-28,Beverage,Coffee Classics,MENU0003,Americano - Regular,3,527.94
SALE_20260128_OUT001_MENU0004,ABNAH Cafe Connaught Place,2026-01-28,Beverage,Coffee Classics,MENU0004,Americano - Medium,2,408.01
SALE_20260128_OUT001_MENU0005,ABNAH Cafe Connaught Place,2026-01-28,Beverage,Coffee Classics,MENU0005,Americano - Large,4,897.38
SALE_20260128_OUT001_MENU0006,ABNAH Cafe Connaught Place,2026-01-28,Beverage,Coffee Classics,MENU0006,Latte - Regular,2,453.28
SALE_20260128_OUT001_MENU0007,ABNAH Cafe Connaught Place,2026-01-28,Beverage,Coffee Classics,MENU0007,Latte - Medium,2,475.51
SALE_20260128_OUT001_MENU0010,ABNAH Cafe Connaught Place,2026-01-28,Beverage,Coffee Classics,MENU0010,Cappuccino - Medium,1,244.05
SALE_20260128_OUT001_MENU0011,ABNAH Cafe Connaught Place,2026-01-28,Beverage,Coffee Classics,MENU0011,Cappuccino - Large,3,826.11
SALE_20260128_OUT001_MENU0012,ABNAH Cafe Connaught Place,2026-01-28,Beverage,Coffee Classics,MENU0012,Flat White - Regular,3,677.56
SALE_20260128_OUT001_MENU0013,ABNAH Cafe Connaught Place,2026-01-28,Beverage,Coffee Classics,MENU0013,Flat White - Medium,1,262.76
SALE_20260128_OUT001_MENU0015,ABNAH Cafe Connaught Place,2026-01-28,Beverage,Coffee Classics,MENU0015,Mocha - Regular,1,242.91
SALE_20260128_OUT001_MENU0016,ABNAH Cafe Connaught Place,2026-01-28,Beverage,Coffee Classics,MENU0016,Mocha - Medium,2,524.03
SALE_20260128_OUT001_MENU0017,ABNAH Cafe Connaught Place,2026-01-28,Beverage,Coffee Classics,MENU0017,Mocha - Large,3,841.09
SALE_20260128_OUT001_MENU0021,ABNAH Cafe Connaught Place,2026-01-28,Beverage,Signature Coffee,MENU0021,Orange Zest Mocha - Regular,3,786.47
SALE_20260128_OUT001_MENU0024,ABNAH Cafe Connaught Place,2026-01-28,Beverage,Signature Coffee,MENU0024,Caramel Macchiato - Regular,3,808.89
SALE_20260128_OUT001_MENU0025,ABNAH Cafe Connaught Place,2026-01-28,Beverage,Signature Coffee,MENU0025,Caramel Macchiato - Medium,1,288.36
SALE_20260128_OUT001_MENU0027,ABNAH Cafe Connaught Place,2026-01-28,Beverage,Signature Coffee,MENU0027,French Vanilla Latte - Regular,2,540.36
SALE_20260128_OUT001_MENU0028,ABNAH Cafe Connaught Place,2026-01-28,Beverage,Signature Coffee,MENU0028,French Vanilla Latte - Medium,1,289.62
SALE_20260128_OUT001_MENU0029,ABNAH Cafe Connaught Place,2026-01-28,Beverage,Signature Coffee,MENU0029,French Vanilla Latte - Large,2,629.5
SALE_20260128_OUT001_MENU0030,ABNAH Cafe Connaught Place,2026-01-28,Beverage,Signature Coffee,MENU0030,Vegan Iced Latte - Regular,2,541.32
SALE_20260128_OUT001_MENU0036,ABNAH Cafe Connaught Place,2026-01-28,Beverage,Cold Brew,MENU0036,Coffee Lemonade - Regular,1,230.5
SALE_20260128_OUT001_MENU0037,ABNAH Cafe Connaught Place,2026-01-28,Beverage,Cold Brew,MENU0037,Coffee Lemonade - Medium,1,253.13
SALE_20260128_OUT001_MENU0040,ABNAH Cafe Connaught Place,2026-01-28,Beverage,Cold Brew,MENU0040,Vietnamese Shakerato - Medium,1,272.81
SALE_20260128_OUT001_MENU0042,ABNAH Cafe Connaught Place,2026-01-28,Beverage,Cold Coffee,MENU0042,Classic Cold Coffee - Regular,4,974.89
SALE_20260128_OUT001_MENU0043,ABNAH Cafe Connaught Place,2026-01-28,Beverage,Cold Coffee,MENU0043,Classic Cold Coffee - Medium,1,284.34
SALE_20260128_OUT001_MENU0044,ABNAH Cafe Connaught Place,2026-01-28,Beverage,Cold Coffee,MENU0044,Classic Cold Coffee - Large,1,326.05
SALE_20260128_OUT001_MENU0045,ABNAH Cafe Connaught Place,2026-01-28,Beverage,Cold Coffee,MENU0045,Mocha Cold Coffee - Regular,2,538.15
SALE_20260128_OUT001_MENU0050,ABNAH Cafe Connaught Place,2026-01-28,Beverage,Cold Coffee,MENU0050,Caramel Cold Coffee - Large,1,339.79
SALE_20260128_OUT001_MENU0051,ABNAH Cafe Connaught Place,2026-01-28,Beverage,Tea,MENU0051,Masala Chai Latte - Regular,1,196.62
SALE_20260128_OUT001_MENU0052,ABNAH Cafe Connaught Place,2026-01-28,Beverage,Tea,MENU0052,Masala Chai Latte - Medium,1,213.01
SALE_20260128_OUT001_MENU0053,ABNAH Cafe Connaught Place,2026-01-28,Beverage,Tea,MENU0053,Masala Chai Latte - Large,1,235.95
SALE_20260128_OUT001_MENU0054,ABNAH Cafe Connaught Place,2026-01-28,Beverage,Tea,MENU0054,Himalayan Green Tea,2,394.99
SALE_20260128_OUT001_MENU0059,ABNAH Cafe Connaught Place,2026-01-28,Beverage,Iced Tea,MENU0059,Lemon Iced Tea - Medium,1,230.34
SALE_20260128_OUT001_MENU0065,ABNAH Cafe Connaught Place,2026-01-28,Beverage,Kids Beverage,MENU0065,Hot Chocolate - Medium,1,232.37
SALE_20260128_OUT001_MENU0070,ABNAH Cafe Connaught Place,2026-01-28,Beverage,Shake,MENU0070,Choco Chip Shake - Large,1,359.36
SALE_20260128_OUT001_MENU0080,ABNAH Cafe Connaught Place,2026-01-28,Food,Sandwiches,MENU0080,Pesto Veg Sandwich,1,275.15
SALE_20260128_OUT001_MENU0082,ABNAH Cafe Connaught Place,2026-01-28,Food,Sandwiches,MENU0082,Tandoori Chicken Sandwich,1,315.07
SALE_20260128_OUT001_MENU0084,ABNAH Cafe Connaught Place,2026-01-28,Food,Toasts,MENU0084,Chicken Pepperoni Avocado Toast,1,315.97
SALE_20260128_OUT001_MENU0086,ABNAH Cafe Connaught Place,2026-01-28,Food,Breakfast,MENU0086,Breakfast Pancakes,1,269.37
SALE_20260128_OUT001_MENU0089,ABNAH Cafe Connaught Place,2026-01-28,Food,Breakfast,MENU0089,Masala Egg Bun,1,222.59
SALE_20260128_OUT001_MENU0090,ABNAH Cafe Connaught Place,2026-01-28,Food,Snacks,MENU0090,Marinara Cheese Pin Wheels,1,215.42
SALE_20260128_OUT001_MENU0094,ABNAH Cafe Connaught Place,2026-01-28,Food,Baked Goods,MENU0094,Butter Croissant,1,189.62
SALE_20260128_OUT001_MENU0097,ABNAH Cafe Connaught Place,2026-01-28,Food,Baked Goods,MENU0097,Mushroom Cheese Croissant,1,249.55
SALE_20260128_OUT001_MENU0099,ABNAH Cafe Connaught Place,2026-01-28,Dessert,Baked Goods,MENU0099,Cinnamon Roll with Cream Cheese,2,446.26
SALE_20260128_OUT001_MENU0101,ABNAH Cafe Connaught Place,2026-01-28,Dessert,Baked Goods,MENU0101,Lemon Raspberry Tea Cake,3,627.64
SALE_20260128_OUT001_MENU0102,ABNAH Cafe Connaught Place,2026-01-28,Dessert,Desserts,MENU0102,Double Chocolate Truffle Cake,1,289.98
SALE_20260128_OUT001_MENU0103,ABNAH Cafe Connaught Place,2026-01-28,Dessert,Desserts,MENU0103,Banoffee Pie,1,279.03
SALE_20260128_OUT001_MENU0107,ABNAH Cafe Connaught Place,2026-01-28,Dessert,Desserts,MENU0107,Jaggery Parmesan Cookie,2,326.85
SALE_20260129_OUT001_MENU0002,ABNAH Cafe Connaught Place,2026-01-29,Beverage,Espresso,MENU0002,Espresso Shot - Doppio,1,188.62
SALE_20260129_OUT001_MENU0003,ABNAH Cafe Connaught Place,2026-01-29,Beverage,Coffee Classics,MENU0003,Americano - Regular,3,536.5
SALE_20260129_OUT001_MENU0004,ABNAH Cafe Connaught Place,2026-01-29,Beverage,Coffee Classics,MENU0004,Americano - Medium,3,625.52
SALE_20260129_OUT001_MENU0005,ABNAH Cafe Connaught Place,2026-01-29,Beverage,Coffee Classics,MENU0005,Americano - Large,1,234.14
SALE_20260129_OUT001_MENU0007,ABNAH Cafe Connaught Place,2026-01-29,Beverage,Coffee Classics,MENU0007,Latte - Medium,2,499.53
SALE_20260129_OUT001_MENU0008,ABNAH Cafe Connaught Place,2026-01-29,Beverage,Coffee Classics,MENU0008,Latte - Large,2,553.39
SALE_20260129_OUT001_MENU0009,ABNAH Cafe Connaught Place,2026-01-29,Beverage,Coffee Classics,MENU0009,Cappuccino - Regular,6,1305.6
SALE_20260129_OUT001_MENU0010,ABNAH Cafe Connaught Place,2026-01-29,Beverage,Coffee Classics,MENU0010,Cappuccino - Medium,4,996.18
SALE_20260129_OUT001_MENU0011,ABNAH Cafe Connaught Place,2026-01-29,Beverage,Coffee Classics,MENU0011,Cappuccino - Large,2,530.76
SALE_20260129_OUT001_MENU0012,ABNAH Cafe Connaught Place,2026-01-29,Beverage,Coffee Classics,MENU0012,Flat White - Regular,3,700.54
SALE_20260129_OUT001_MENU0013,ABNAH Cafe Connaught Place,2026-01-29,Beverage,Coffee Classics,MENU0013,Flat White - Medium,2,514.43
SALE_20260129_OUT001_MENU0014,ABNAH Cafe Connaught Place,2026-01-29,Beverage,Coffee Classics,MENU0014,Flat White - Large,1,286.53
SALE_20260129_OUT001_MENU0015,ABNAH Cafe Connaught Place,2026-01-29,Beverage,Coffee Classics,MENU0015,Mocha - Regular,3,698.97
SALE_20260129_OUT001_MENU0016,ABNAH Cafe Connaught Place,2026-01-29,Beverage,Coffee Classics,MENU0016,Mocha - Medium,4,1062.78
SALE_20260129_OUT001_MENU0017,ABNAH Cafe Connaught Place,2026-01-29,Beverage,Coffee Classics,MENU0017,Mocha - Large,1,283.47
SALE_20260129_OUT001_MENU0018,ABNAH Cafe Connaught Place,2026-01-29,Beverage,Signature Coffee,MENU0018,Sea Salt Mocha - Regular,3,816.74
SALE_20260129_OUT001_MENU0025,ABNAH Cafe Connaught Place,2026-01-29,Beverage,Signature Coffee,MENU0025,Caramel Macchiato - Medium,1,296.33
SALE_20260129_OUT001_MENU0026,ABNAH Cafe Connaught Place,2026-01-29,Beverage,Signature Coffee,MENU0026,Caramel Macchiato - Large,1,322.42
SALE_20260129_OUT001_MENU0028,ABNAH Cafe Connaught Place,2026-01-29,Beverage,Signature Coffee,MENU0028,French Vanilla Latte - Medium,3,843.58
SALE_20260129_OUT001_MENU0030,ABNAH Cafe Connaught Place,2026-01-29,Beverage,Signature Coffee,MENU0030,Vegan Iced Latte - Regular,1,281.52
SALE_20260129_OUT001_MENU0031,ABNAH Cafe Connaught Place,2026-01-29,Beverage,Signature Coffee,MENU0031,Vegan Iced Latte - Medium,1,305.37
SALE_20260129_OUT001_MENU0033,ABNAH Cafe Connaught Place,2026-01-29,Beverage,Cold Brew,MENU0033,Classic Cold Brew - Regular,1,215.55
SALE_20260129_OUT001_MENU0036,ABNAH Cafe Connaught Place,2026-01-29,Beverage,Cold Brew,MENU0036,Coffee Lemonade - Regular,2,457.65
SALE_20260129_OUT001_MENU0037,ABNAH Cafe Connaught Place,2026-01-29,Beverage,Cold Brew,MENU0037,Coffee Lemonade - Medium,1,260.13
SALE_20260129_OUT001_MENU0040,ABNAH Cafe Connaught Place,2026-01-29,Beverage,Cold Brew,MENU0040,Vietnamese Shakerato - Medium,1,281.4
SALE_20260129_OUT001_MENU0041,ABNAH Cafe Connaught Place,2026-01-29,Beverage,Cold Brew,MENU0041,Vietnamese Shakerato - Large,1,297.52
SALE_20260129_OUT001_MENU0043,ABNAH Cafe Connaught Place,2026-01-29,Beverage,Cold Coffee,MENU0043,Classic Cold Coffee - Medium,2,586.46
SALE_20260129_OUT001_MENU0052,ABNAH Cafe Connaught Place,2026-01-29,Beverage,Tea,MENU0052,Masala Chai Latte - Medium,2,435.4
SALE_20260129_OUT001_MENU0053,ABNAH Cafe Connaught Place,2026-01-29,Beverage,Tea,MENU0053,Masala Chai Latte - Large,3,705.43
SALE_20260129_OUT001_MENU0057,ABNAH Cafe Connaught Place,2026-01-29,Beverage,Tea,MENU0057,Japanese Matcha Latte - Large,2,626.93
SALE_20260129_OUT001_MENU0061,ABNAH Cafe Connaught Place,2026-01-29,Beverage,Iced Tea,MENU0061,Hibiscus Lime Iced Tea - Regular,3,666.1
SALE_20260129_OUT001_MENU0062,ABNAH Cafe Connaught Place,2026-01-29,Beverage,Iced Tea,MENU0062,Hibiscus Lime Iced Tea - Medium,1,251.17
SALE_20260129_OUT001_MENU0064,ABNAH Cafe Connaught Place,2026-01-29,Beverage,Kids Beverage,MENU0064,Hot Chocolate - Regular,1,217.26
SALE_20260129_OUT001_MENU0069,ABNAH Cafe Connaught Place,2026-01-29,Beverage,Shake,MENU0069,Choco Chip Shake - Medium,1,335.29
SALE_20260129_OUT001_MENU0071,ABNAH Cafe Connaught Place,2026-01-29,Beverage,Shake,MENU0071,Mixed Berry Shake - Regular,1,318.36
SALE_20260129_OUT001_MENU0073,ABNAH Cafe Connaught Place,2026-01-29,Beverage,Shake,MENU0073,Mixed Berry Shake - Large,1,384.09
SALE_20260129_OUT001_MENU0076,ABNAH Cafe Connaught Place,2026-01-29,Beverage,Smoothie,MENU0076,Seasonal Smoothie - Large,1,380.37
SALE_20260129_OUT001_MENU0077,ABNAH Cafe Connaught Place,2026-01-29,Food,Wraps,MENU0077,Spicy Paneer Wrap,1,267.92
SALE_20260129_OUT001_MENU0081,ABNAH Cafe Connaught Place,2026-01-29,Food,Sandwiches,MENU0081,Pepper Chicken Sandwich,1,320.03
SALE_20260129_OUT001_MENU0082,ABNAH Cafe Connaught Place,2026-01-29,Food,Sandwiches,MENU0082,Tandoori Chicken Sandwich,2,612.91
SALE_20260129_OUT001_MENU0083,ABNAH Cafe Connaught Place,2026-01-29,Food,Toasts,MENU0083,Chilli Cheese Garlic Toast,1,230.79
SALE_20260129_OUT001_MENU0086,ABNAH Cafe Connaught Place,2026-01-29,Food,Breakfast,MENU0086,Breakfast Pancakes,1,282.92
SALE_20260129_OUT001_MENU0087,ABNAH Cafe Connaught Place,2026-01-29,Food,Breakfast,MENU0087,Cream Cheese Bagel,2,476.23
SALE_20260129_OUT001_MENU0088,ABNAH Cafe Connaught Place,2026-01-29,Food,Breakfast,MENU0088,Scallion Pepper Cream Cheese Bagel,1,266.18
SALE_20260129_OUT001_MENU0090,ABNAH Cafe Connaught Place,2026-01-29,Food,Snacks,MENU0090,Marinara Cheese Pin Wheels,1,208.28
SALE_20260129_OUT001_MENU0096,ABNAH Cafe Connaught Place,2026-01-29,Food,Baked Goods,MENU0096,Chocolate Croissant,2,457.72
SALE_20260129_OUT001_MENU0099,ABNAH Cafe Connaught Place,2026-01-29,Dessert,Baked Goods,MENU0099,Cinnamon Roll with Cream Cheese,3,650.44
SALE_20260129_OUT001_MENU0101,ABNAH Cafe Connaught Place,2026-01-29,Dessert,Baked Goods,MENU0101,Lemon Raspberry Tea Cake,1,211.23
SALE_20260129_OUT001_MENU0102,ABNAH Cafe Connaught Place,2026-01-29,Dessert,Desserts,MENU0102,Double Chocolate Truffle Cake,1,281.62
SALE_20260129_OUT001_MENU0103,ABNAH Cafe Connaught Place,2026-01-29,Dessert,Desserts,MENU0103,Banoffee Pie,1,281.97
SALE_20260129_OUT001_MENU0109,ABNAH Cafe Connaught Place,2026-01-29,Dessert,Desserts,MENU0109,Basque Cheesecake,1,312.21
SALE_20260130_OUT001_MENU0003,ABNAH Cafe Connaught Place,2026-01-30,Beverage,Coffee Classics,MENU0003,Americano - Regular,3,556.55
SALE_20260130_OUT001_MENU0004,ABNAH Cafe Connaught Place,2026-01-30,Beverage,Coffee Classics,MENU0004,Americano - Medium,4,815.5
SALE_20260130_OUT001_MENU0005,ABNAH Cafe Connaught Place,2026-01-30,Beverage,Coffee Classics,MENU0005,Americano - Large,3,691.71
SALE_20260130_OUT001_MENU0006,ABNAH Cafe Connaught Place,2026-01-30,Beverage,Coffee Classics,MENU0006,Latte - Regular,2,425.96
SALE_20260130_OUT001_MENU0007,ABNAH Cafe Connaught Place,2026-01-30,Beverage,Coffee Classics,MENU0007,Latte - Medium,5,1241.2
SALE_20260130_OUT001_MENU0008,ABNAH Cafe Connaught Place,2026-01-30,Beverage,Coffee Classics,MENU0008,Latte - Large,2,535.12
SALE_20260130_OUT001_MENU0009,ABNAH Cafe Connaught Place,2026-01-30,Beverage,Coffee Classics,MENU0009,Cappuccino - Regular,2,446.22
SALE_20260130_OUT001_MENU0010,ABNAH Cafe Connaught Place,2026-01-30,Beverage,Coffee Classics,MENU0010,Cappuccino - Medium,1,243.02
SALE_20260130_OUT001_MENU0012,ABNAH Cafe Connaught Place,2026-01-30,Beverage,Coffee Classics,MENU0012,Flat White - Regular,1,232.01
SALE_20260130_OUT001_MENU0013,ABNAH Cafe Connaught Place,2026-01-30,Beverage,Coffee Classics,MENU0013,Flat White - Medium,2,516.98
SALE_20260130_OUT001_MENU0014,ABNAH Cafe Connaught Place,2026-01-30,Beverage,Coffee Classics,MENU0014,Flat White - Large,1,290.39
SALE_20260130_OUT001_MENU0015,ABNAH Cafe Connaught Place,2026-01-30,Beverage,Coffee Classics,MENU0015,Mocha - Regular,1,245.17
SALE_20260130_OUT001_MENU0016,ABNAH Cafe Connaught Place,2026-01-30,Beverage,Coffee Classics,MENU0016,Mocha - Medium,2,523.14
SALE_20260130_OUT001_MENU0017,ABNAH Cafe Connaught Place,2026-01-30,Beverage,Coffee Classics,MENU0017,Mocha - Large,2,584.26
SALE_20260130_OUT001_MENU0018,ABNAH Cafe Connaught Place,2026-01-30,Beverage,Signature Coffee,MENU0018,Sea Salt Mocha - Regular,3,794.97
SALE_20260130_OUT001_MENU0020,ABNAH Cafe Connaught Place,2026-01-30,Beverage,Signature Coffee,MENU0020,Sea Salt Mocha - Large,1,340.17
SALE_20260130_OUT001_MENU0022,ABNAH Cafe Connaught Place,2026-01-30,Beverage,Signature Coffee,MENU0022,Orange Zest Mocha - Medium,1,304.94
SALE_20260130_OUT001_MENU0024,ABNAH Cafe Connaught Place,2026-01-30,Beverage,Signature Coffee,MENU0024,Caramel Macchiato - Regular,1,269.74
SALE_20260130_OUT001_MENU0025,ABNAH Cafe Connaught Place,2026-01-30,Beverage,Signature Coffee,MENU0025,Caramel Macchiato - Medium,1,293.1
SALE_20260130_OUT001_MENU0027,ABNAH Cafe Connaught Place,2026-01-30,Beverage,Signature Coffee,MENU0027,French Vanilla Latte - Regular,1,254.75
SALE_20260130_OUT001_MENU0028,ABNAH Cafe Connaught Place,2026-01-30,Beverage,Signature Coffee,MENU0028,French Vanilla Latte - Medium,1,287.79
SALE_20260130_OUT001_MENU0029,ABNAH Cafe Connaught Place,2026-01-30,Beverage,Signature Coffee,MENU0029,French Vanilla Latte - Large,2,633.16
SALE_20260130_OUT001_MENU0031,ABNAH Cafe Connaught Place,2026-01-30,Beverage,Signature Coffee,MENU0031,Vegan Iced Latte - Medium,1,302.08
SALE_20260130_OUT001_MENU0032,ABNAH Cafe Connaught Place,2026-01-30,Beverage,Signature Coffee,MENU0032,Vegan Iced Latte - Large,1,329.16
SALE_20260130_OUT001_MENU0034,ABNAH Cafe Connaught Place,2026-01-30,Beverage,Cold Brew,MENU0034,Classic Cold Brew - Medium,1,250.66
SALE_20260130_OUT001_MENU0039,ABNAH Cafe Connaught Place,2026-01-30,Beverage,Cold Brew,MENU0039,Vietnamese Shakerato - Regular,1,244.38
SALE_20260130_OUT001_MENU0040,ABNAH Cafe Connaught Place,2026-01-30,Beverage,Cold Brew,MENU0040,Vietnamese Shakerato - Medium,1,283.69
SALE_20260130_OUT001_MENU0043,ABNAH Cafe Connaught Place,2026-01-30,Beverage,Cold Coffee,MENU0043,Classic Cold Coffee - Medium,1,274.21
SALE_20260130_OUT001_MENU0044,ABNAH Cafe Connaught Place,2026-01-30,Beverage,Cold Coffee,MENU0044,Classic Cold Coffee - Large,1,325.56
SALE_20260130_OUT001_MENU0045,ABNAH Cafe Connaught Place,2026-01-30,Beverage,Cold Coffee,MENU0045,Mocha Cold Coffee - Regular,1,272.66
SALE_20260130_OUT001_MENU0046,ABNAH Cafe Connaught Place,2026-01-30,Beverage,Cold Coffee,MENU0046,Mocha Cold Coffee - Medium,1,312.76
SALE_20260130_OUT001_MENU0050,ABNAH Cafe Connaught Place,2026-01-30,Beverage,Cold Coffee,MENU0050,Caramel Cold Coffee - Large,1,360.78
SALE_20260130_OUT001_MENU0051,ABNAH Cafe Connaught Place,2026-01-30,Beverage,Tea,MENU0051,Masala Chai Latte - Regular,1,184.24
SALE_20260130_OUT001_MENU0053,ABNAH Cafe Connaught Place,2026-01-30,Beverage,Tea,MENU0053,Masala Chai Latte - Large,1,232.11
SALE_20260130_OUT001_MENU0058,ABNAH Cafe Connaught Place,2026-01-30,Beverage,Iced Tea,MENU0058,Lemon Iced Tea - Regular,1,193.05
SALE_20260130_OUT001_MENU0059,ABNAH Cafe Connaught Place,2026-01-30,Beverage,Iced Tea,MENU0059,Lemon Iced Tea - Medium,1,230.43
SALE_20260130_OUT001_MENU0061,ABNAH Cafe Connaught Place,2026-01-30,Beverage,Iced Tea,MENU0061,Hibiscus Lime Iced Tea - Regular,1,224.28
SALE_20260130_OUT001_MENU0062,ABNAH Cafe Connaught Place,2026-01-30,Beverage,Iced Tea,MENU0062,Hibiscus Lime Iced Tea - Medium,4,972.65
SALE_20260130_OUT001_MENU0069,ABNAH Cafe Connaught Place,2026-01-30,Beverage,Shake,MENU0069,Choco Chip Shake - Medium,2,654.78
SALE_20260130_OUT001_MENU0072,ABNAH Cafe Connaught Place,2026-01-30,Beverage,Shake,MENU0072,Mixed Berry Shake - Medium,2,670.34
SALE_20260130_OUT001_MENU0077,ABNAH Cafe Connaught Place,2026-01-30,Food,Wraps,MENU0077,Spicy Paneer Wrap,1,280.07
SALE_20260130_OUT001_MENU0078,ABNAH Cafe Connaught Place,2026-01-30,Food,Wraps,MENU0078,Shredded Chicken Wrap,1,285.14
SALE_20260130_OUT001_MENU0081,ABNAH Cafe Connaught Place,2026-01-30,Food,Sandwiches,MENU0081,Pepper Chicken Sandwich,1,304.89
SALE_20260130_OUT001_MENU0082,ABNAH Cafe Connaught Place,2026-01-30,Food,Sandwiches,MENU0082,Tandoori Chicken Sandwich,1,320.89
SALE_20260130_OUT001_MENU0086,ABNAH Cafe Connaught Place,2026-01-30,Food,Breakfast,MENU0086,Breakfast Pancakes,3,852.76
SALE_20260130_OUT001_MENU0087,ABNAH Cafe Connaught Place,2026-01-30,Food,Breakfast,MENU0087,Cream Cheese Bagel,2,506.98
SALE_20260130_OUT001_MENU0088,ABNAH Cafe Connaught Place,2026-01-30,Food,Breakfast,MENU0088,Scallion Pepper Cream Cheese Bagel,1,256.07
SALE_20260130_OUT001_MENU0090,ABNAH Cafe Connaught Place,2026-01-30,Food,Snacks,MENU0090,Marinara Cheese Pin Wheels,1,202.79
SALE_20260130_OUT001_MENU0093,ABNAH Cafe Connaught Place,2026-01-30,Food,Snacks,MENU0093,Turnover with Brioche Dough Veg,1,227.18
SALE_20260130_OUT001_MENU0096,ABNAH Cafe Connaught Place,2026-01-30,Food,Baked Goods,MENU0096,Chocolate Croissant,1,229.76
SALE_20260130_OUT001_MENU0098,ABNAH Cafe Connaught Place,2026-01-30,Food,Baked Goods,MENU0098,Sriracha Chicken Croissant,1,274.45
SALE_20260130_OUT001_MENU0099,ABNAH Cafe Connaught Place,2026-01-30,Dessert,Baked Goods,MENU0099,Cinnamon Roll with Cream Cheese,1,221.93
SALE_20260130_OUT001_MENU0100,ABNAH Cafe Connaught Place,2026-01-30,Dessert,Baked Goods,MENU0100,Banana Walnut Tea Cake,1,193.27
SALE_20260130_OUT001_MENU0101,ABNAH Cafe Connaught Place,2026-01-30,Dessert,Baked Goods,MENU0101,Lemon Raspberry Tea Cake,1,212.95
SALE_20260130_OUT001_MENU0102,ABNAH Cafe Connaught Place,2026-01-30,Dessert,Desserts,MENU0102,Double Chocolate Truffle Cake,1,293.57
SALE_20260130_OUT001_MENU0109,ABNAH Cafe Connaught Place,2026-01-30,Dessert,Desserts,MENU0109,Basque Cheesecake,1,305.92
SALE_20260130_OUT001_MENU0110,ABNAH Cafe Connaught Place,2026-01-30,Dessert,Baked Goods,MENU0110,Multigrain Walnut Tea Cake,1,216.86
SALE_20260131_OUT001_MENU0003,ABNAH Cafe Connaught Place,2026-01-31,Beverage,Coffee Classics,MENU0003,Americano - Regular,2,373.82
SALE_20260131_OUT001_MENU0004,ABNAH Cafe Connaught Place,2026-01-31,Beverage,Coffee Classics,MENU0004,Americano - Medium,3,597.2
SALE_20260131_OUT001_MENU0005,ABNAH Cafe Connaught Place,2026-01-31,Beverage,Coffee Classics,MENU0005,Americano - Large,1,232.25
SALE_20260131_OUT001_MENU0006,ABNAH Cafe Connaught Place,2026-01-31,Beverage,Coffee Classics,MENU0006,Latte - Regular,1,226.27
SALE_20260131_OUT001_MENU0007,ABNAH Cafe Connaught Place,2026-01-31,Beverage,Coffee Classics,MENU0007,Latte - Medium,1,235.23
SALE_20260131_OUT001_MENU0009,ABNAH Cafe Connaught Place,2026-01-31,Beverage,Coffee Classics,MENU0009,Cappuccino - Regular,2,423.39
SALE_20260131_OUT001_MENU0010,ABNAH Cafe Connaught Place,2026-01-31,Beverage,Coffee Classics,MENU0010,Cappuccino - Medium,3,726.12
SALE_20260131_OUT001_MENU0012,ABNAH Cafe Connaught Place,2026-01-31,Beverage,Coffee Classics,MENU0012,Flat White - Regular,2,467.36
SALE_20260131_OUT001_MENU0013,ABNAH Cafe Connaught Place,2026-01-31,Beverage,Coffee Classics,MENU0013,Flat White - Medium,2,510.62
SALE_20260131_OUT001_MENU0014,ABNAH Cafe Connaught Place,2026-01-31,Beverage,Coffee Classics,MENU0014,Flat White - Large,1,287.32
SALE_20260131_OUT001_MENU0015,ABNAH Cafe Connaught Place,2026-01-31,Beverage,Coffee Classics,MENU0015,Mocha - Regular,1,240.8
SALE_20260131_OUT001_MENU0016,ABNAH Cafe Connaught Place,2026-01-31,Beverage,Coffee Classics,MENU0016,Mocha - Medium,3,797.01
SALE_20260131_OUT001_MENU0017,ABNAH Cafe Connaught Place,2026-01-31,Beverage,Coffee Classics,MENU0017,Mocha - Large,2,594.84
SALE_20260131_OUT001_MENU0019,ABNAH Cafe Connaught Place,2026-01-31,Beverage,Signature Coffee,MENU0019,Sea Salt Mocha - Medium,1,295.35
SALE_20260131_OUT001_MENU0023,ABNAH Cafe Connaught Place,2026-01-31,Beverage,Signature Coffee,MENU0023,Orange Zest Mocha - Large,1,321.7
SALE_20260131_OUT001_MENU0029,ABNAH Cafe Connaught Place,2026-01-31,Beverage,Signature Coffee,MENU0029,French Vanilla Latte - Large,1,311.38
SALE_20260131_OUT001_MENU0031,ABNAH Cafe Connaught Place,2026-01-31,Beverage,Signature Coffee,MENU0031,Vegan Iced Latte - Medium,1,311.53
SALE_20260131_OUT001_MENU0033,ABNAH Cafe Connaught Place,2026-01-31,Beverage,Cold Brew,MENU0033,Classic Cold Brew - Regular,1,216.82
SALE_20260131_OUT001_MENU0034,ABNAH Cafe Connaught Place,2026-01-31,Beverage,Cold Brew,MENU0034,Classic Cold Brew - Medium,1,251.35
SALE_20260131_OUT001_MENU0040,ABNAH Cafe Connaught Place,2026-01-31,Beverage,Cold Brew,MENU0040,Vietnamese Shakerato - Medium,1,279.61
SALE_20260131_OUT001_MENU0042,ABNAH Cafe Connaught Place,2026-01-31,Beverage,Cold Coffee,MENU0042,Classic Cold Coffee - Regular,1,248.95
SALE_20260131_OUT001_MENU0043,ABNAH Cafe Connaught Place,2026-01-31,Beverage,Cold Coffee,MENU0043,Classic Cold Coffee - Medium,1,284.53
SALE_20260131_OUT001_MENU0047,ABNAH Cafe Connaught Place,2026-01-31,Beverage,Cold Coffee,MENU0047,Mocha Cold Coffee - Large,1,341.6
SALE_20260131_OUT001_MENU0053,ABNAH Cafe Connaught Place,2026-01-31,Beverage,Tea,MENU0053,Masala Chai Latte - Large,1,244.94
SALE_20260131_OUT001_MENU0056,ABNAH Cafe Connaught Place,2026-01-31,Beverage,Tea,MENU0056,Japanese Matcha Latte - Medium,2,569.96
SALE_20260131_OUT001_MENU0057,ABNAH Cafe Connaught Place,2026-01-31,Beverage,Tea,MENU0057,Japanese Matcha Latte - Large,1,313.1
SALE_20260131_OUT001_MENU0058,ABNAH Cafe Connaught Place,2026-01-31,Beverage,Iced Tea,MENU0058,Lemon Iced Tea - Regular,1,197.02
SALE_20260131_OUT001_MENU0069,ABNAH Cafe Connaught Place,2026-01-31,Beverage,Shake,MENU0069,Choco Chip Shake - Medium,1,321.24
SALE_20260131_OUT001_MENU0071,ABNAH Cafe Connaught Place,2026-01-31,Beverage,Shake,MENU0071,Mixed Berry Shake - Regular,1,300.53
SALE_20260131_OUT001_MENU0079,ABNAH Cafe Connaught Place,2026-01-31,Food,Sandwiches,MENU0079,Smoked Chipotle Paneer Sandwich,2,580.48
SALE_20260131_OUT001_MENU0081,ABNAH Cafe Connaught Place,2026-01-31,Food,Sandwiches,MENU0081,Pepper Chicken Sandwich,1,300.0
SALE_20260131_OUT001_MENU0082,ABNAH Cafe Connaught Place,2026-01-31,Food,Sandwiches,MENU0082,Tandoori Chicken Sandwich,2,603.59
SALE_20260131_OUT001_MENU0083,ABNAH Cafe Connaught Place,2026-01-31,Food,Toasts,MENU0083,Chilli Cheese Garlic Toast,1,228.08
SALE_20260131_OUT001_MENU0088,ABNAH Cafe Connaught Place,2026-01-31,Food,Breakfast,MENU0088,Scallion Pepper Cream Cheese Bagel,1,259.43
SALE_20260131_OUT001_MENU0093,ABNAH Cafe Connaught Place,2026-01-31,Food,Snacks,MENU0093,Turnover with Brioche Dough Veg,1,238.67
SALE_20260131_OUT001_MENU0094,ABNAH Cafe Connaught Place,2026-01-31,Food,Baked Goods,MENU0094,Butter Croissant,1,190.84
SALE_20260131_OUT001_MENU0095,ABNAH Cafe Connaught Place,2026-01-31,Food,Baked Goods,MENU0095,Almond Croissant,1,244.85
SALE_20260131_OUT001_MENU0096,ABNAH Cafe Connaught Place,2026-01-31,Food,Baked Goods,MENU0096,Chocolate Croissant,1,228.72
SALE_20260131_OUT001_MENU0097,ABNAH Cafe Connaught Place,2026-01-31,Food,Baked Goods,MENU0097,Mushroom Cheese Croissant,2,481.95
SALE_20260131_OUT001_MENU0102,ABNAH Cafe Connaught Place,2026-01-31,Dessert,Desserts,MENU0102,Double Chocolate Truffle Cake,2,594.06
SALE_20260131_OUT001_MENU0105,ABNAH Cafe Connaught Place,2026-01-31,Dessert,Desserts,MENU0105,Soft-Centred Caramel Cookie,1,174.95
SALE_20260131_OUT001_MENU0110,ABNAH Cafe Connaught Place,2026-01-31,Dessert,Baked Goods,MENU0110,Multigrain Walnut Tea Cake,2,426.2
