Type,Item Code,Item Name,Parent Item Quantity,Parent Price Per Unit,Parent Subtotal,Consumed Quantity,Unit,Price Per Unit,Subtotal,Consumption Source
Menu Item,MENU0001,Espresso Shot - Solo,,,,0.0384,kg,980.0,37.63,Recipe:ING001
Menu Item,MENU0001,Espresso Shot - Solo,,,,4.0,pcs,2.8,11.2,Recipe:ING037
Menu Item,MENU0001,Espresso Shot - Solo,,,,4.0,pcs,1.1,4.4,Recipe:ING038
Menu Item,MENU0001,Espresso Shot - Solo,,,,4.0,pcs,0.32,1.28,Recipe:ING040
Menu Item,MENU0002,Espresso Shot - Doppio,,,,0.0522,kg,980.0,51.16,Recipe:ING001
Menu Item,MENU0002,Espresso Shot - Doppio,,,,3.0,pcs,2.8,8.4,Recipe:ING037
Menu Item,MENU0002,Espresso Shot - Doppio,,,,3.0,pcs,1.1,3.3,Recipe:ING038
Menu Item,MENU0002,Espresso Shot - Doppio,,,,3.0,pcs,0.32,0.96,Recipe:ING040
Menu Item,MENU0003,Americano - Regular,,,,1.53,kg,980.0,1499.4,Recipe:ING001
Menu Item,MENU0003,Americano - Regular,,,,85.0,pcs,2.8,238.0,Recipe:ING037
Menu Item,MENU0003,Americano - Regular,,,,85.0,pcs,1.1,93.5,Recipe:ING038
Menu Item,MENU0003,Americano - Regular,,,,85.0,pcs,0.32,27.2,Recipe:ING040
Menu Item,MENU0003,Americano - Regular,,,,1.275,litre,90.0,114.75,Recipe:ING019
Menu Item,MENU0004,Americano - Medium,,,,1.4283,kg,980.0,1399.73,Recipe:ING001
Menu Item,MENU0004,Americano - Medium,,,,69.0,pcs,2.8,193.2,Recipe:ING037
Menu Item,MENU0004,Americano - Medium,,,,69.0,pcs,1.1,75.9,Recipe:ING038
Menu Item,MENU0004,Americano - Medium,,,,69.0,pcs,0.32,22.08,Recipe:ING040
Menu Item,MENU0004,Americano - Medium,,,,1.1868,litre,90.0,106.81,Recipe:ING019
Menu Item,MENU0005,Americano - Large,,,,1.287,kg,980.0,1261.26,Recipe:ING001
Menu Item,MENU0005,Americano - Large,,,,55.0,pcs,2.8,154.0,Recipe:ING037
Menu Item,MENU0005,Americano - Large,,,,55.0,pcs,1.1,60.5,Recipe:ING038
Menu Item,MENU0005,Americano - Large,,,,55.0,pcs,0.32,17.6,Recipe:ING040
Menu Item,MENU0005,Americano - Large,,,,1.0725,litre,90.0,96.53,Recipe:ING019
Menu Item,MENU0006,Latte - Regular,,,,1.17,kg,980.0,1146.6,Recipe:ING001
Menu Item,MENU0006,Latte - Regular,,,,65.0,pcs,2.8,182.0,Recipe:ING037
Menu Item,MENU0006,Latte - Regular,,,,65.0,pcs,1.1,71.5,Recipe:ING038
Menu Item,MENU0006,Latte - Regular,,,,11.7,litre,72.0,842.4,Recipe:ING002
Menu Item,MENU0006,Latte - Regular,,,,65.0,pcs,0.32,20.8,Recipe:ING040
Menu Item,MENU0006,Latte - Regular,,,,0.975,litre,90.0,87.75,Recipe:ING019
Menu Item,MENU0007,Latte - Medium,,,,1.3248,kg,980.0,1298.3,Recipe:ING001
Menu Item,MENU0007,Latte - Medium,,,,64.0,pcs,2.8,179.2,Recipe:ING037
Menu Item,MENU0007,Latte - Medium,,,,64.0,pcs,1.1,70.4,Recipe:ING038
Menu Item,MENU0007,Latte - Medium,,,,13.248,litre,72.0,953.86,Recipe:ING002
Menu Item,MENU0007,Latte - Medium,,,,64.0,pcs,0.32,20.48,Recipe:ING040
Menu Item,MENU0007,Latte - Medium,,,,1.1008,litre,90.0,99.07,Recipe:ING019
Menu Item,MENU0008,Latte - Large,,,,1.053,kg,980.0,1031.94,Recipe:ING001
Menu Item,MENU0008,Latte - Large,,,,45.0,pcs,2.8,126.0,Recipe:ING037
Menu Item,MENU0008,Latte - Large,,,,45.0,pcs,1.1,49.5,Recipe:ING038
Menu Item,MENU0008,Latte - Large,,,,10.53,litre,72.0,758.16,Recipe:ING002
Menu Item,MENU0008,Latte - Large,,,,45.0,pcs,0.32,14.4,Recipe:ING040
Menu Item,MENU0008,Latte - Large,,,,0.8775,litre,90.0,78.97,Recipe:ING019
Menu Item,MENU0009,Cappuccino - Regular,,,,1.17,kg,980.0,1146.6,Recipe:ING001
Menu Item,MENU0009,Cappuccino - Regular,,,,65.0,pcs,2.8,182.0,Recipe:ING037
Menu Item,MENU0009,Cappuccino - Regular,,,,65.0,pcs,1.1,71.5,Recipe:ING038
Menu Item,MENU0009,Cappuccino - Regular,,,,11.7,litre,72.0,842.4,Recipe:ING002
Menu Item,MENU0009,Cappuccino - Regular,,,,65.0,pcs,0.32,20.8,Recipe:ING040
Menu Item,MENU0009,Cappuccino - Regular,,,,0.975,litre,90.0,87.75,Recipe:ING019
Menu Item,MENU0010,Cappuccino - Medium,,,,1.5111,kg,980.0,1480.88,Recipe:ING001
Menu Item,MENU0010,Cappuccino - Medium,,,,73.0,pcs,2.8,204.4,Recipe:ING037
Menu Item,MENU0010,Cappuccino - Medium,,,,73.0,pcs,1.1,80.3,Recipe:ING038
Menu Item,MENU0010,Cappuccino - Medium,,,,15.111,litre,72.0,1087.99,Recipe:ING002
Menu Item,MENU0010,Cappuccino - Medium,,,,73.0,pcs,0.32,23.36,Recipe:ING040
Menu Item,MENU0010,Cappuccino - Medium,,,,1.2556,litre,90.0,113.0,Recipe:ING019
Menu Item,MENU0011,Cappuccino - Large,,,,0.9594,kg,980.0,940.21,Recipe:ING001
Menu Item,MENU0011,Cappuccino - Large,,,,41.0,pcs,2.8,114.8,Recipe:ING037
Menu Item,MENU0011,Cappuccino - Large,,,,41.0,pcs,1.1,45.1,Recipe:ING038
Menu Item,MENU0011,Cappuccino - Large,,,,9.594,litre,72.0,690.77,Recipe:ING002
Menu Item,MENU0011,Cappuccino - Large,,,,41.0,pcs,0.32,13.12,Recipe:ING040
Menu Item,MENU0011,Cappuccino - Large,,,,0.7995,litre,90.0,71.95,Recipe:ING019
Menu Item,MENU0012,Flat White - Regular,,,,1.062,kg,980.0,1040.76,Recipe:ING001
Menu Item,MENU0012,Flat White - Regular,,,,59.0,pcs,2.8,165.2,Recipe:ING037
Menu Item,MENU0012,Flat White - Regular,,,,59.0,pcs,1.1,64.9,Recipe:ING038
Menu Item,MENU0012,Flat White - Regular,,,,10.62,litre,72.0,764.64,Recipe:ING002
Menu Item,MENU0012,Flat White - Regular,,,,59.0,pcs,0.32,18.88,Recipe:ING040
Menu Item,MENU0012,Flat White - Regular,,,,0.885,litre,90.0,79.65,Recipe:ING019
Menu Item,MENU0013,Flat White - Medium,,,,1.3248,kg,980.0,1298.3,Recipe:ING001
Menu Item,MENU0013,Flat White - Medium,,,,64.0,pcs,2.8,179.2,Recipe:ING037
Menu Item,MENU0013,Flat White - Medium,,,,64.0,pcs,1.1,70.4,Recipe:ING038
Menu Item,MENU0013,Flat White - Medium,,,,13.248,litre,72.0,953.86,Recipe:ING002
Menu Item,MENU0013,Flat White - Medium,,,,64.0,pcs,0.32,20.48,Recipe:ING040
Menu Item,MENU0013,Flat White - Medium,,,,1.1008,litre,90.0,99.07,Recipe:ING019
Menu Item,MENU0014,Flat White - Large,,,,0.8892,kg,980.0,871.42,Recipe:ING001
Menu Item,MENU0014,Flat White - Large,,,,38.0,pcs,2.8,106.4,Recipe:ING037
Menu Item,MENU0014,Flat White - Large,,,,38.0,pcs,1.1,41.8,Recipe:ING038
Menu Item,MENU0014,Flat White - Large,,,,8.892,litre,72.0,640.22,Recipe:ING002
Menu Item,MENU0014,Flat White - Large,,,,38.0,pcs,0.32,12.16,Recipe:ING040
Menu Item,MENU0014,Flat White - Large,,,,0.741,litre,90.0,66.69,Recipe:ING019
Menu Item,MENU0015,Mocha - Regular,,,,1.625,litre,260.0,422.5,Recipe:ING016
Menu Item,MENU0015,Mocha - Regular,,,,1.17,kg,980.0,1146.6,Recipe:ING001
Menu Item,MENU0015,Mocha - Regular,,,,65.0,pcs,2.8,182.0,Recipe:ING037
Menu Item,MENU0015,Mocha - Regular,,,,65.0,pcs,1.1,71.5,Recipe:ING038
Menu Item,MENU0015,Mocha - Regular,,,,11.7,litre,72.0,842.4,Recipe:ING002
Menu Item,MENU0015,Mocha - Regular,,,,65.0,pcs,0.32,20.8,Recipe:ING040
Menu Item,MENU0015,Mocha - Regular,,,,0.975,litre,90.0,87.75,Recipe:ING019
Menu Item,MENU0016,Mocha - Medium,,,,1.6933,litre,260.0,440.26,Recipe:ING016
Menu Item,MENU0016,Mocha - Medium,,,,1.2213,kg,980.0,1196.87,Recipe:ING001
Menu Item,MENU0016,Mocha - Medium,,,,59.0,pcs,2.8,165.2,Recipe:ING037
Menu Item,MENU0016,Mocha - Medium,,,,59.0,pcs,1.1,64.9,Recipe:ING038
Menu Item,MENU0016,Mocha - Medium,,,,12.213,litre,72.0,879.34,Recipe:ING002
Menu Item,MENU0016,Mocha - Medium,,,,59.0,pcs,0.32,18.88,Recipe:ING040
Menu Item,MENU0016,Mocha - Medium,,,,1.0148,litre,90.0,91.33,Recipe:ING019
Menu Item,MENU0017,Mocha - Large,,,,0.91,litre,260.0,236.6,Recipe:ING016
Menu Item,MENU0017,Mocha - Large,,,,0.6552,kg,980.0,642.1,Recipe:ING001
Menu Item,MENU0017,Mocha - Large,,,,28.0,pcs,2.8,78.4,Recipe:ING037
Menu Item,MENU0017,Mocha - Large,,,,28.0,pcs,1.1,30.8,Recipe:ING038
Menu Item,MENU0017,Mocha - Large,,,,6.552,litre,72.0,471.74,Recipe:ING002
Menu Item,MENU0017,Mocha - Large,,,,28.0,pcs,0.32,8.96,Recipe:ING040
Menu Item,MENU0017,Mocha - Large,,,,0.546,litre,90.0,49.14,Recipe:ING019
Menu Item,MENU0018,Sea Salt Mocha - Regular,,,,0.875,litre,260.0,227.5,Recipe:ING016
Menu Item,MENU0018,Sea Salt Mocha - Regular,,,,0.63,kg,980.0,617.4,Recipe:ING001
Menu Item,MENU0018,Sea Salt Mocha - Regular,,,,35.0,pcs,2.8,98.0,Recipe:ING037
Menu Item,MENU0018,Sea Salt Mocha - Regular,,,,35.0,pcs,1.1,38.5,Recipe:ING038
Menu Item,MENU0018,Sea Salt Mocha - Regular,,,,6.3,litre,72.0,453.6,Recipe:ING002
Menu Item,MENU0018,Sea Salt Mocha - Regular,,,,35.0,pcs,0.32,11.2,Recipe:ING040
Menu Item,MENU0018,Sea Salt Mocha - Regular,,,,0.525,litre,90.0,47.25,Recipe:ING019
Menu Item,MENU0019,Sea Salt Mocha - Medium,,,,0.574,litre,260.0,149.24,Recipe:ING016
Menu Item,MENU0019,Sea Salt Mocha - Medium,,,,0.414,kg,980.0,405.72,Recipe:ING001
Menu Item,MENU0019,Sea Salt Mocha - Medium,,,,20.0,pcs,2.8,56.0,Recipe:ING037
Menu Item,MENU0019,Sea Salt Mocha - Medium,,,,20.0,pcs,1.1,22.0,Recipe:ING038
Menu Item,MENU0019,Sea Salt Mocha - Medium,,,,4.14,litre,72.0,298.08,Recipe:ING002
Menu Item,MENU0019,Sea Salt Mocha - Medium,,,,20.0,pcs,0.32,6.4,Recipe:ING040
Menu Item,MENU0019,Sea Salt Mocha - Medium,,,,0.344,litre,90.0,30.96,Recipe:ING019
Menu Item,MENU0020,Sea Salt Mocha - Large,,,,0.325,litre,260.0,84.5,Recipe:ING016
Menu Item,MENU0020,Sea Salt Mocha - Large,,,,0.234,kg,980.0,229.32,Recipe:ING001
Menu Item,MENU0020,Sea Salt Mocha - Large,,,,10.0,pcs,2.8,28.0,Recipe:ING037
Menu Item,MENU0020,Sea Salt Mocha - Large,,,,10.0,pcs,1.1,11.0,Recipe:ING038
Menu Item,MENU0020,Sea Salt Mocha - Large,,,,2.34,litre,72.0,168.48,Recipe:ING002
Menu Item,MENU0020,Sea Salt Mocha - Large,,,,10.0,pcs,0.32,3.2,Recipe:ING040
Menu Item,MENU0020,Sea Salt Mocha - Large,,,,0.195,litre,90.0,17.55,Recipe:ING019
Menu Item,MENU0021,Orange Zest Mocha - Regular,,,,0.5,litre,260.0,130.0,Recipe:ING016
Menu Item,MENU0021,Orange Zest Mocha - Regular,,,,0.36,kg,980.0,352.8,Recipe:ING001
Menu Item,MENU0021,Orange Zest Mocha - Regular,,,,20.0,pcs,2.8,56.0,Recipe:ING037
Menu Item,MENU0021,Orange Zest Mocha - Regular,,,,20.0,pcs,1.1,22.0,Recipe:ING038
Menu Item,MENU0021,Orange Zest Mocha - Regular,,,,3.6,litre,72.0,259.2,Recipe:ING002
Menu Item,MENU0021,Orange Zest Mocha - Regular,,,,20.0,pcs,0.32,6.4,Recipe:ING040
Menu Item,MENU0021,Orange Zest Mocha - Regular,,,,0.3,litre,90.0,27.0,Recipe:ING019
Menu Item,MENU0022,Orange Zest Mocha - Medium,,,,0.6314,litre,260.0,164.16,Recipe:ING016
Menu Item,MENU0022,Orange Zest Mocha - Medium,,,,0.4554,kg,980.0,446.29,Recipe:ING001
Menu Item,MENU0022,Orange Zest Mocha - Medium,,,,22.0,pcs,2.8,61.6,Recipe:ING037
Menu Item,MENU0022,Orange Zest Mocha - Medium,,,,22.0,pcs,1.1,24.2,Recipe:ING038
Menu Item,MENU0022,Orange Zest Mocha - Medium,,,,4.554,litre,72.0,327.89,Recipe:ING002
Menu Item,MENU0022,Orange Zest Mocha - Medium,,,,22.0,pcs,0.32,7.04,Recipe:ING040
Menu Item,MENU0022,Orange Zest Mocha - Medium,,,,0.3784,litre,90.0,34.06,Recipe:ING019
Menu Item,MENU0023,Orange Zest Mocha - Large,,,,0.5525,litre,260.0,143.65,Recipe:ING016
Menu Item,MENU0023,Orange Zest Mocha - Large,,,,0.3978,kg,980.0,389.84,Recipe:ING001
Menu Item,MENU0023,Orange Zest Mocha - Large,,,,17.0,pcs,2.8,47.6,Recipe:ING037
Menu Item,MENU0023,Orange Zest Mocha - Large,,,,17.0,pcs,1.1,18.7,Recipe:ING038
Menu Item,MENU0023,Orange Zest Mocha - Large,,,,3.978,litre,72.0,286.42,Recipe:ING002
Menu Item,MENU0023,Orange Zest Mocha - Large,,,,17.0,pcs,0.32,5.44,Recipe:ING040
Menu Item,MENU0023,Orange Zest Mocha - Large,,,,0.3315,litre,90.0,29.84,Recipe:ING019
Menu Item,MENU0024,Caramel Macchiato - Regular,,,,0.775,litre,250.0,193.75,Recipe:ING017
Menu Item,MENU0024,Caramel Macchiato - Regular,,,,0.558,kg,980.0,546.84,Recipe:ING001
Menu Item,MENU0024,Caramel Macchiato - Regular,,,,31.0,pcs,2.8,86.8,Recipe:ING037
Menu Item,MENU0024,Caramel Macchiato - Regular,,,,31.0,pcs,1.1,34.1,Recipe:ING038
Menu Item,MENU0024,Caramel Macchiato - Regular,,,,5.58,litre,72.0,401.76,Recipe:ING002
Menu Item,MENU0024,Caramel Macchiato - Regular,,,,31.0,pcs,0.32,9.92,Recipe:ING040
Menu Item,MENU0024,Caramel Macchiato - Regular,,,,0.465,litre,90.0,41.85,Recipe:ING019
Menu Item,MENU0025,Caramel Macchiato - Medium,,,,0.7462,litre,250.0,186.55,Recipe:ING017
Menu Item,MENU0025,Caramel Macchiato - Medium,,,,0.5382,kg,980.0,527.44,Recipe:ING001
Menu Item,MENU0025,Caramel Macchiato - Medium,,,,26.0,pcs,2.8,72.8,Recipe:ING037
Menu Item,MENU0025,Caramel Macchiato - Medium,,,,26.0,pcs,1.1,28.6,Recipe:ING038
Menu Item,MENU0025,Caramel Macchiato - Medium,,,,5.382,litre,72.0,387.5,Recipe:ING002
Menu Item,MENU0025,Caramel Macchiato - Medium,,,,26.0,pcs,0.32,8.32,Recipe:ING040
Menu Item,MENU0025,Caramel Macchiato - Medium,,,,0.4472,litre,90.0,40.25,Recipe:ING019
Menu Item,MENU0026,Caramel Macchiato - Large,,,,0.2275,litre,250.0,56.88,Recipe:ING017
Menu Item,MENU0026,Caramel Macchiato - Large,,,,0.1638,kg,980.0,160.52,Recipe:ING001
Menu Item,MENU0026,Caramel Macchiato - Large,,,,7.0,pcs,2.8,19.6,Recipe:ING037
Menu Item,MENU0026,Caramel Macchiato - Large,,,,7.0,pcs,1.1,7.7,Recipe:ING038
Menu Item,MENU0026,Caramel Macchiato - Large,,,,1.638,litre,72.0,117.94,Recipe:ING002
Menu Item,MENU0026,Caramel Macchiato - Large,,,,7.0,pcs,0.32,2.24,Recipe:ING040
Menu Item,MENU0026,Caramel Macchiato - Large,,,,0.1365,litre,90.0,12.29,Recipe:ING019
Menu Item,MENU0027,French Vanilla Latte - Regular,,,,0.576,kg,980.0,564.48,Recipe:ING001
Menu Item,MENU0027,French Vanilla Latte - Regular,,,,32.0,pcs,2.8,89.6,Recipe:ING037
Menu Item,MENU0027,French Vanilla Latte - Regular,,,,32.0,pcs,1.1,35.2,Recipe:ING038
Menu Item,MENU0027,French Vanilla Latte - Regular,,,,5.76,litre,72.0,414.72,Recipe:ING002
Menu Item,MENU0027,French Vanilla Latte - Regular,,,,32.0,pcs,0.32,10.24,Recipe:ING040
Menu Item,MENU0027,French Vanilla Latte - Regular,,,,0.48,litre,90.0,43.2,Recipe:ING019
Menu Item,MENU0027,French Vanilla Latte - Regular,,,,0.8,litre,240.0,192.0,Recipe:ING018
Menu Item,MENU0028,French Vanilla Latte - Medium,,,,0.6831,kg,980.0,669.44,Recipe:ING001
Menu Item,MENU0028,French Vanilla Latte - Medium,,,,33.0,pcs,2.8,92.4,Recipe:ING037
Menu Item,MENU0028,French Vanilla Latte - Medium,,,,33.0,pcs,1.1,36.3,Recipe:ING038
Menu Item,MENU0028,French Vanilla Latte - Medium,,,,6.831,litre,72.0,491.83,Recipe:ING002
Menu Item,MENU0028,French Vanilla Latte - Medium,,,,33.0,pcs,0.32,10.56,Recipe:ING040
Menu Item,MENU0028,French Vanilla Latte - Medium,,,,0.5676,litre,90.0,51.08,Recipe:ING019
Menu Item,MENU0028,French Vanilla Latte - Medium,,,,0.9471,litre,240.0,227.3,Recipe:ING018
Menu Item,MENU0029,French Vanilla Latte - Large,,,,0.6084,kg,980.0,596.23,Recipe:ING001
Menu Item,MENU0029,French Vanilla Latte - Large,,,,26.0,pcs,2.8,72.8,Recipe:ING037
Menu Item,MENU0029,French Vanilla Latte - Large,,,,26.0,pcs,1.1,28.6,Recipe:ING038
Menu Item,MENU0029,French Vanilla Latte - Large,,,,6.084,litre,72.0,438.05,Recipe:ING002
Menu Item,MENU0029,French Vanilla Latte - Large,,,,26.0,pcs,0.32,8.32,Recipe:ING040
Menu Item,MENU0029,French Vanilla Latte - Large,,,,0.507,litre,90.0,45.63,Recipe:ING019
Menu Item,MENU0029,French Vanilla Latte - Large,,,,0.845,litre,240.0,202.8,Recipe:ING018
Menu Item,MENU0030,Vegan Iced Latte - Regular,,,,0.63,kg,980.0,617.4,Recipe:ING001
Menu Item,MENU0030,Vegan Iced Latte - Regular,,,,35.0,pcs,3.2,112.0,Recipe:ING036
Menu Item,MENU0030,Vegan Iced Latte - Regular,,,,4.2,kg,12.0,50.4,Recipe:ING022
Menu Item,MENU0030,Vegan Iced Latte - Regular,,,,35.0,pcs,1.1,38.5,Recipe:ING038
Menu Item,MENU0030,Vegan Iced Latte - Regular,,,,35.0,pcs,0.32,11.2,Recipe:ING040
Menu Item,MENU0030,Vegan Iced Latte - Regular,,,,6.3,litre,185.0,1165.5,Recipe:ING003
Menu Item,MENU0030,Vegan Iced Latte - Regular,,,,35.0,pcs,0.55,19.25,Recipe:ING039
Menu Item,MENU0030,Vegan Iced Latte - Regular,,,,0.525,litre,90.0,47.25,Recipe:ING019
Menu Item,MENU0031,Vegan Iced Latte - Medium,,,,0.4347,kg,980.0,426.01,Recipe:ING001
Menu Item,MENU0031,Vegan Iced Latte - Medium,,,,21.0,pcs,3.2,67.2,Recipe:ING036
Menu Item,MENU0031,Vegan Iced Latte - Medium,,,,2.898,kg,12.0,34.78,Recipe:ING022
Menu Item,MENU0031,Vegan Iced Latte - Medium,,,,21.0,pcs,1.1,23.1,Recipe:ING038
Menu Item,MENU0031,Vegan Iced Latte - Medium,,,,21.0,pcs,0.32,6.72,Recipe:ING040
Menu Item,MENU0031,Vegan Iced Latte - Medium,,,,4.347,litre,185.0,804.2,Recipe:ING003
Menu Item,MENU0031,Vegan Iced Latte - Medium,,,,21.0,pcs,0.55,11.55,Recipe:ING039
Menu Item,MENU0031,Vegan Iced Latte - Medium,,,,0.3612,litre,90.0,32.51,Recipe:ING019
Menu Item,MENU0032,Vegan Iced Latte - Large,,,,0.5382,kg,980.0,527.44,Recipe:ING001
Menu Item,MENU0032,Vegan Iced Latte - Large,,,,23.0,pcs,3.2,73.6,Recipe:ING036
Menu Item,MENU0032,Vegan Iced Latte - Large,,,,3.588,kg,12.0,43.06,Recipe:ING022
Menu Item,MENU0032,Vegan Iced Latte - Large,,,,23.0,pcs,1.1,25.3,Recipe:ING038
Menu Item,MENU0032,Vegan Iced Latte - Large,,,,23.0,pcs,0.32,7.36,Recipe:ING040
Menu Item,MENU0032,Vegan Iced Latte - Large,,,,5.382,litre,185.0,995.67,Recipe:ING003
Menu Item,MENU0032,Vegan Iced Latte - Large,,,,23.0,pcs,0.55,12.65,Recipe:ING039
Menu Item,MENU0032,Vegan Iced Latte - Large,,,,0.4485,litre,90.0,40.37,Recipe:ING019
Menu Item,MENU0033,Classic Cold Brew - Regular,,,,0.198,kg,980.0,194.04,Recipe:ING001
Menu Item,MENU0033,Classic Cold Brew - Regular,,,,11.0,pcs,3.2,35.2,Recipe:ING036
Menu Item,MENU0033,Classic Cold Brew - Regular,,,,1.32,kg,12.0,15.84,Recipe:ING022
Menu Item,MENU0033,Classic Cold Brew - Regular,,,,11.0,pcs,1.1,12.1,Recipe:ING038
Menu Item,MENU0033,Classic Cold Brew - Regular,,,,11.0,pcs,0.32,3.52,Recipe:ING040
Menu Item,MENU0033,Classic Cold Brew - Regular,,,,11.0,pcs,0.55,6.05,Recipe:ING039
Menu Item,MENU0033,Classic Cold Brew - Regular,,,,0.165,litre,90.0,14.85,Recipe:ING019
Menu Item,MENU0034,Classic Cold Brew - Medium,,,,0.2898,kg,980.0,284.0,Recipe:ING001
Menu Item,MENU0034,Classic Cold Brew - Medium,,,,14.0,pcs,3.2,44.8,Recipe:ING036
Menu Item,MENU0034,Classic Cold Brew - Medium,,,,1.932,kg,12.0,23.18,Recipe:ING022
Menu Item,MENU0034,Classic Cold Brew - Medium,,,,14.0,pcs,1.1,15.4,Recipe:ING038
Menu Item,MENU0034,Classic Cold Brew - Medium,,,,14.0,pcs,0.32,4.48,Recipe:ING040
Menu Item,MENU0034,Classic Cold Brew - Medium,,,,14.0,pcs,0.55,7.7,Recipe:ING039
Menu Item,MENU0034,Classic Cold Brew - Medium,,,,0.2408,litre,90.0,21.67,Recipe:ING019
Menu Item,MENU0035,Classic Cold Brew - Large,,,,0.2574,kg,980.0,252.25,Recipe:ING001
Menu Item,MENU0035,Classic Cold Brew - Large,,,,11.0,pcs,3.2,35.2,Recipe:ING036
Menu Item,MENU0035,Classic Cold Brew - Large,,,,1.716,kg,12.0,20.59,Recipe:ING022
Menu Item,MENU0035,Classic Cold Brew - Large,,,,11.0,pcs,1.1,12.1,Recipe:ING038
Menu Item,MENU0035,Classic Cold Brew - Large,,,,11.0,pcs,0.32,3.52,Recipe:ING040
Menu Item,MENU0035,Classic Cold Brew - Large,,,,11.0,pcs,0.55,6.05,Recipe:ING039
Menu Item,MENU0035,Classic Cold Brew - Large,,,,0.2145,litre,90.0,19.3,Recipe:ING019
Menu Item,MENU0036,Coffee Lemonade - Regular,,,,0.396,kg,980.0,388.08,Recipe:ING001
Menu Item,MENU0036,Coffee Lemonade - Regular,,,,22.0,pcs,3.2,70.4,Recipe:ING036
Menu Item,MENU0036,Coffee Lemonade - Regular,,,,2.64,kg,12.0,31.68,Recipe:ING022
Menu Item,MENU0036,Coffee Lemonade - Regular,,,,0.77,kg,110.0,84.7,Recipe:ING023
Menu Item,MENU0036,Coffee Lemonade - Regular,,,,22.0,pcs,1.1,24.2,Recipe:ING038
Menu Item,MENU0036,Coffee Lemonade - Regular,,,,22.0,pcs,0.32,7.04,Recipe:ING040
Menu Item,MENU0036,Coffee Lemonade - Regular,,,,22.0,pcs,0.55,12.1,Recipe:ING039
Menu Item,MENU0036,Coffee Lemonade - Regular,,,,0.33,litre,90.0,29.7,Recipe:ING019
Menu Item,MENU0037,Coffee Lemonade - Medium,,,,0.3105,kg,980.0,304.29,Recipe:ING001
Menu Item,MENU0037,Coffee Lemonade - Medium,,,,15.0,pcs,3.2,48.0,Recipe:ING036
Menu Item,MENU0037,Coffee Lemonade - Medium,,,,2.07,kg,12.0,24.84,Recipe:ING022
Menu Item,MENU0037,Coffee Lemonade - Medium,,,,0.6045,kg,110.0,66.5,Recipe:ING023
Menu Item,MENU0037,Coffee Lemonade - Medium,,,,15.0,pcs,1.1,16.5,Recipe:ING038
Menu Item,MENU0037,Coffee Lemonade - Medium,,,,15.0,pcs,0.32,4.8,Recipe:ING040
Menu Item,MENU0037,Coffee Lemonade - Medium,,,,15.0,pcs,0.55,8.25,Recipe:ING039
Menu Item,MENU0037,Coffee Lemonade - Medium,,,,0.258,litre,90.0,23.22,Recipe:ING019
Menu Item,MENU0038,Coffee Lemonade - Large,,,,0.3744,kg,980.0,366.91,Recipe:ING001
Menu Item,MENU0038,Coffee Lemonade - Large,,,,16.0,pcs,3.2,51.2,Recipe:ING036
Menu Item,MENU0038,Coffee Lemonade - Large,,,,2.496,kg,12.0,29.95,Recipe:ING022
Menu Item,MENU0038,Coffee Lemonade - Large,,,,0.728,kg,110.0,80.08,Recipe:ING023
Menu Item,MENU0038,Coffee Lemonade - Large,,,,16.0,pcs,1.1,17.6,Recipe:ING038
Menu Item,MENU0038,Coffee Lemonade - Large,,,,16.0,pcs,0.32,5.12,Recipe:ING040
Menu Item,MENU0038,Coffee Lemonade - Large,,,,16.0,pcs,0.55,8.8,Recipe:ING039
Menu Item,MENU0038,Coffee Lemonade - Large,,,,0.312,litre,90.0,28.08,Recipe:ING019
Menu Item,MENU0039,Vietnamese Shakerato - Regular,,,,0.342,kg,980.0,335.16,Recipe:ING001
Menu Item,MENU0039,Vietnamese Shakerato - Regular,,,,19.0,pcs,3.2,60.8,Recipe:ING036
Menu Item,MENU0039,Vietnamese Shakerato - Regular,,,,2.28,kg,12.0,27.36,Recipe:ING022
Menu Item,MENU0039,Vietnamese Shakerato - Regular,,,,19.0,pcs,1.1,20.9,Recipe:ING038
Menu Item,MENU0039,Vietnamese Shakerato - Regular,,,,19.0,pcs,0.32,6.08,Recipe:ING040
Menu Item,MENU0039,Vietnamese Shakerato - Regular,,,,19.0,pcs,0.55,10.45,Recipe:ING039
Menu Item,MENU0039,Vietnamese Shakerato - Regular,,,,0.285,litre,90.0,25.65,Recipe:ING019
Menu Item,MENU0040,Vietnamese Shakerato - Medium,,,,0.4968,kg,980.0,486.86,Recipe:ING001
Menu Item,MENU0040,Vietnamese Shakerato - Medium,,,,24.0,pcs,3.2,76.8,Recipe:ING036
Menu Item,MENU0040,Vietnamese Shakerato - Medium,,,,3.312,kg,12.0,39.74,Recipe:ING022
Menu Item,MENU0040,Vietnamese Shakerato - Medium,,,,24.0,pcs,1.1,26.4,Recipe:ING038
Menu Item,MENU0040,Vietnamese Shakerato - Medium,,,,24.0,pcs,0.32,7.68,Recipe:ING040
Menu Item,MENU0040,Vietnamese Shakerato - Medium,,,,24.0,pcs,0.55,13.2,Recipe:ING039
Menu Item,MENU0040,Vietnamese Shakerato - Medium,,,,0.4128,litre,90.0,37.15,Recipe:ING019
Menu Item,MENU0041,Vietnamese Shakerato - Large,,,,0.2106,kg,980.0,206.39,Recipe:ING001
Menu Item,MENU0041,Vietnamese Shakerato - Large,,,,9.0,pcs,3.2,28.8,Recipe:ING036
Menu Item,MENU0041,Vietnamese Shakerato - Large,,,,1.404,kg,12.0,16.85,Recipe:ING022
Menu Item,MENU0041,Vietnamese Shakerato - Large,,,,9.0,pcs,1.1,9.9,Recipe:ING038
Menu Item,MENU0041,Vietnamese Shakerato - Large,,,,9.0,pcs,0.32,2.88,Recipe:ING040
Menu Item,MENU0041,Vietnamese Shakerato - Large,,,,9.0,pcs,0.55,4.95,Recipe:ING039
Menu Item,MENU0041,Vietnamese Shakerato - Large,,,,0.1755,litre,90.0,15.79,Recipe:ING019
Menu Item,MENU0042,Classic Cold Coffee - Regular,,,,0.504,kg,980.0,493.92,Recipe:ING001
Menu Item,MENU0042,Classic Cold Coffee - Regular,,,,28.0,pcs,3.2,89.6,Recipe:ING036
Menu Item,MENU0042,Classic Cold Coffee - Regular,,,,3.36,kg,12.0,40.32,Recipe:ING022
Menu Item,MENU0042,Classic Cold Coffee - Regular,,,,28.0,pcs,1.1,30.8,Recipe:ING038
Menu Item,MENU0042,Classic Cold Coffee - Regular,,,,5.04,litre,72.0,362.88,Recipe:ING002
Menu Item,MENU0042,Classic Cold Coffee - Regular,,,,28.0,pcs,0.32,8.96,Recipe:ING040
Menu Item,MENU0042,Classic Cold Coffee - Regular,,,,28.0,pcs,0.55,15.4,Recipe:ING039
Menu Item,MENU0042,Classic Cold Coffee - Regular,,,,0.42,litre,90.0,37.8,Recipe:ING019
Menu Item,MENU0043,Classic Cold Coffee - Medium,,,,0.4554,kg,980.0,446.29,Recipe:ING001
Menu Item,MENU0043,Classic Cold Coffee - Medium,,,,22.0,pcs,3.2,70.4,Recipe:ING036
Menu Item,MENU0043,Classic Cold Coffee - Medium,,,,3.036,kg,12.0,36.43,Recipe:ING022
Menu Item,MENU0043,Classic Cold Coffee - Medium,,,,22.0,pcs,1.1,24.2,Recipe:ING038
Menu Item,MENU0043,Classic Cold Coffee - Medium,,,,4.554,litre,72.0,327.89,Recipe:ING002
Menu Item,MENU0043,Classic Cold Coffee - Medium,,,,22.0,pcs,0.32,7.04,Recipe:ING040
Menu Item,MENU0043,Classic Cold Coffee - Medium,,,,22.0,pcs,0.55,12.1,Recipe:ING039
Menu Item,MENU0043,Classic Cold Coffee - Medium,,,,0.3784,litre,90.0,34.06,Recipe:ING019
Menu Item,MENU0044,Classic Cold Coffee - Large,,,,0.585,kg,980.0,573.3,Recipe:ING001
Menu Item,MENU0044,Classic Cold Coffee - Large,,,,25.0,pcs,3.2,80.0,Recipe:ING036
Menu Item,MENU0044,Classic Cold Coffee - Large,,,,3.9,kg,12.0,46.8,Recipe:ING022
Menu Item,MENU0044,Classic Cold Coffee - Large,,,,25.0,pcs,1.1,27.5,Recipe:ING038
Menu Item,MENU0044,Classic Cold Coffee - Large,,,,5.85,litre,72.0,421.2,Recipe:ING002
Menu Item,MENU0044,Classic Cold Coffee - Large,,,,25.0,pcs,0.32,8.0,Recipe:ING040
Menu Item,MENU0044,Classic Cold Coffee - Large,,,,25.0,pcs,0.55,13.75,Recipe:ING039
Menu Item,MENU0044,Classic Cold Coffee - Large,,,,0.4875,litre,90.0,43.88,Recipe:ING019
Menu Item,MENU0045,Mocha Cold Coffee - Regular,,,,0.625,litre,260.0,162.5,Recipe:ING016
Menu Item,MENU0045,Mocha Cold Coffee - Regular,,,,0.45,kg,980.0,441.0,Recipe:ING001
Menu Item,MENU0045,Mocha Cold Coffee - Regular,,,,25.0,pcs,3.2,80.0,Recipe:ING036
Menu Item,MENU0045,Mocha Cold Coffee - Regular,,,,3.0,kg,12.0,36.0,Recipe:ING022
Menu Item,MENU0045,Mocha Cold Coffee - Regular,,,,25.0,pcs,1.1,27.5,Recipe:ING038
Menu Item,MENU0045,Mocha Cold Coffee - Regular,,,,4.5,litre,72.0,324.0,Recipe:ING002
Menu Item,MENU0045,Mocha Cold Coffee - Regular,,,,25.0,pcs,0.32,8.0,Recipe:ING040
Menu Item,MENU0045,Mocha Cold Coffee - Regular,,,,25.0,pcs,0.55,13.75,Recipe:ING039
Menu Item,MENU0045,Mocha Cold Coffee - Regular,,,,0.375,litre,90.0,33.75,Recipe:ING019
Menu Item,MENU0046,Mocha Cold Coffee - Medium,,,,0.5166,litre,260.0,134.32,Recipe:ING016
Menu Item,MENU0046,Mocha Cold Coffee - Medium,,,,0.3726,kg,980.0,365.15,Recipe:ING001
Menu Item,MENU0046,Mocha Cold Coffee - Medium,,,,18.0,pcs,3.2,57.6,Recipe:ING036
Menu Item,MENU0046,Mocha Cold Coffee - Medium,,,,2.484,kg,12.0,29.81,Recipe:ING022
Menu Item,MENU0046,Mocha Cold Coffee - Medium,,,,18.0,pcs,1.1,19.8,Recipe:ING038
Menu Item,MENU0046,Mocha Cold Coffee - Medium,,,,3.726,litre,72.0,268.27,Recipe:ING002
Menu Item,MENU0046,Mocha Cold Coffee - Medium,,,,18.0,pcs,0.32,5.76,Recipe:ING040
Menu Item,MENU0046,Mocha Cold Coffee - Medium,,,,18.0,pcs,0.55,9.9,Recipe:ING039
Menu Item,MENU0046,Mocha Cold Coffee - Medium,,,,0.3096,litre,90.0,27.86,Recipe:ING019
Menu Item,MENU0047,Mocha Cold Coffee - Large,,,,0.4875,litre,260.0,126.75,Recipe:ING016
Menu Item,MENU0047,Mocha Cold Coffee - Large,,,,0.351,kg,980.0,343.98,Recipe:ING001
Menu Item,MENU0047,Mocha Cold Coffee - Large,,,,15.0,pcs,3.2,48.0,Recipe:ING036
Menu Item,MENU0047,Mocha Cold Coffee - Large,,,,2.34,kg,12.0,28.08,Recipe:ING022
Menu Item,MENU0047,Mocha Cold Coffee - Large,,,,15.0,pcs,1.1,16.5,Recipe:ING038
Menu Item,MENU0047,Mocha Cold Coffee - Large,,,,3.51,litre,72.0,252.72,Recipe:ING002
Menu Item,MENU0047,Mocha Cold Coffee - Large,,,,15.0,pcs,0.32,4.8,Recipe:ING040
Menu Item,MENU0047,Mocha Cold Coffee - Large,,,,15.0,pcs,0.55,8.25,Recipe:ING039
Menu Item,MENU0047,Mocha Cold Coffee - Large,,,,0.2925,litre,90.0,26.32,Recipe:ING019
Menu Item,MENU0048,Caramel Cold Coffee - Regular,,,,0.675,litre,250.0,168.75,Recipe:ING017
Menu Item,MENU0048,Caramel Cold Coffee - Regular,,,,0.486,kg,980.0,476.28,Recipe:ING001
Menu Item,MENU0048,Caramel Cold Coffee - Regular,,,,27.0,pcs,3.2,86.4,Recipe:ING036
Menu Item,MENU0048,Caramel Cold Coffee - Regular,,,,3.24,kg,12.0,38.88,Recipe:ING022
Menu Item,MENU0048,Caramel Cold Coffee - Regular,,,,27.0,pcs,1.1,29.7,Recipe:ING038
Menu Item,MENU0048,Caramel Cold Coffee - Regular,,,,4.86,litre,72.0,349.92,Recipe:ING002
Menu Item,MENU0048,Caramel Cold Coffee - Regular,,,,27.0,pcs,0.32,8.64,Recipe:ING040
Menu Item,MENU0048,Caramel Cold Coffee - Regular,,,,27.0,pcs,0.55,14.85,Recipe:ING039
Menu Item,MENU0048,Caramel Cold Coffee - Regular,,,,0.405,litre,90.0,36.45,Recipe:ING019
Menu Item,MENU0049,Caramel Cold Coffee - Medium,,,,0.574,litre,250.0,143.5,Recipe:ING017
Menu Item,MENU0049,Caramel Cold Coffee - Medium,,,,0.414,kg,980.0,405.72,Recipe:ING001
Menu Item,MENU0049,Caramel Cold Coffee - Medium,,,,20.0,pcs,3.2,64.0,Recipe:ING036
Menu Item,MENU0049,Caramel Cold Coffee - Medium,,,,2.76,kg,12.0,33.12,Recipe:ING022
Menu Item,MENU0049,Caramel Cold Coffee - Medium,,,,20.0,pcs,1.1,22.0,Recipe:ING038
Menu Item,MENU0049,Caramel Cold Coffee - Medium,,,,4.14,litre,72.0,298.08,Recipe:ING002
Menu Item,MENU0049,Caramel Cold Coffee - Medium,,,,20.0,pcs,0.32,6.4,Recipe:ING040
Menu Item,MENU0049,Caramel Cold Coffee - Medium,,,,20.0,pcs,0.55,11.0,Recipe:ING039
Menu Item,MENU0049,Caramel Cold Coffee - Medium,,,,0.344,litre,90.0,30.96,Recipe:ING019
Menu Item,MENU0050,Caramel Cold Coffee - Large,,,,0.455,litre,250.0,113.75,Recipe:ING017
Menu Item,MENU0050,Caramel Cold Coffee - Large,,,,0.3276,kg,980.0,321.05,Recipe:ING001
Menu Item,MENU0050,Caramel Cold Coffee - Large,,,,14.0,pcs,3.2,44.8,Recipe:ING036
Menu Item,MENU0050,Caramel Cold Coffee - Large,,,,2.184,kg,12.0,26.21,Recipe:ING022
Menu Item,MENU0050,Caramel Cold Coffee - Large,,,,14.0,pcs,1.1,15.4,Recipe:ING038
Menu Item,MENU0050,Caramel Cold Coffee - Large,,,,3.276,litre,72.0,235.87,Recipe:ING002
Menu Item,MENU0050,Caramel Cold Coffee - Large,,,,14.0,pcs,0.32,4.48,Recipe:ING040
Menu Item,MENU0050,Caramel Cold Coffee - Large,,,,14.0,pcs,0.55,7.7,Recipe:ING039
Menu Item,MENU0050,Caramel Cold Coffee - Large,,,,0.273,litre,90.0,24.57,Recipe:ING019
Menu Item,MENU0051,Masala Chai Latte - Regular,,,,0.594,kg,980.0,582.12,Recipe:ING001
Menu Item,MENU0051,Masala Chai Latte - Regular,,,,33.0,pcs,2.8,92.4,Recipe:ING037
Menu Item,MENU0051,Masala Chai Latte - Regular,,,,33.0,pcs,1.1,36.3,Recipe:ING038
Menu Item,MENU0051,Masala Chai Latte - Regular,,,,5.94,litre,72.0,427.68,Recipe:ING002
Menu Item,MENU0051,Masala Chai Latte - Regular,,,,33.0,pcs,0.32,10.56,Recipe:ING040
Menu Item,MENU0051,Masala Chai Latte - Regular,,,,0.495,litre,90.0,44.55,Recipe:ING019
Menu Item,MENU0052,Masala Chai Latte - Medium,,,,0.4347,kg,980.0,426.01,Recipe:ING001
Menu Item,MENU0052,Masala Chai Latte - Medium,,,,21.0,pcs,2.8,58.8,Recipe:ING037
Menu Item,MENU0052,Masala Chai Latte - Medium,,,,21.0,pcs,1.1,23.1,Recipe:ING038
Menu Item,MENU0052,Masala Chai Latte - Medium,,,,4.347,litre,72.0,312.98,Recipe:ING002
Menu Item,MENU0052,Masala Chai Latte - Medium,,,,21.0,pcs,0.32,6.72,Recipe:ING040
Menu Item,MENU0052,Masala Chai Latte - Medium,,,,0.3612,litre,90.0,32.51,Recipe:ING019
Menu Item,MENU0053,Masala Chai Latte - Large,,,,0.5148,kg,980.0,504.5,Recipe:ING001
Menu Item,MENU0053,Masala Chai Latte - Large,,,,22.0,pcs,2.8,61.6,Recipe:ING037
Menu Item,MENU0053,Masala Chai Latte - Large,,,,22.0,pcs,1.1,24.2,Recipe:ING038
Menu Item,MENU0053,Masala Chai Latte - Large,,,,5.148,litre,72.0,370.66,Recipe:ING002
Menu Item,MENU0053,Masala Chai Latte - Large,,,,22.0,pcs,0.32,7.04,Recipe:ING040
Menu Item,MENU0053,Masala Chai Latte - Large,,,,0.429,litre,90.0,38.61,Recipe:ING019
Menu Item,MENU0054,Himalayan Green Tea,,,,14.0,pcs,2.8,39.2,Recipe:ING037
Menu Item,MENU0054,Himalayan Green Tea,,,,14.0,pcs,1.1,15.4,Recipe:ING038
Menu Item,MENU0054,Himalayan Green Tea,,,,14.0,pcs,0.32,4.48,Recipe:ING040
Menu Item,MENU0054,Himalayan Green Tea,,,,0.21,litre,90.0,18.9,Recipe:ING019
Menu Item,MENU0054,Himalayan Green Tea,,,,0.07,kg,620.0,43.4,Recipe:ING020
Menu Item,MENU0055,Japanese Matcha Latte - Regular,,,,0.378,kg,980.0,370.44,Recipe:ING001
Menu Item,MENU0055,Japanese Matcha Latte - Regular,,,,21.0,pcs,2.8,58.8,Recipe:ING037
Menu Item,MENU0055,Japanese Matcha Latte - Regular,,,,21.0,pcs,1.1,23.1,Recipe:ING038
Menu Item,MENU0055,Japanese Matcha Latte - Regular,,,,3.78,litre,72.0,272.16,Recipe:ING002
Menu Item,MENU0055,Japanese Matcha Latte - Regular,,,,21.0,pcs,0.32,6.72,Recipe:ING040
Menu Item,MENU0055,Japanese Matcha Latte - Regular,,,,0.315,litre,90.0,28.35,Recipe:ING019
Menu Item,MENU0056,Japanese Matcha Latte - Medium,,,,0.3933,kg,980.0,385.43,Recipe:ING001
Menu Item,MENU0056,Japanese Matcha Latte - Medium,,,,19.0,pcs,2.8,53.2,Recipe:ING037
Menu Item,MENU0056,Japanese Matcha Latte - Medium,,,,19.0,pcs,1.1,20.9,Recipe:ING038
Menu Item,MENU0056,Japanese Matcha Latte - Medium,,,,3.933,litre,72.0,283.18,Recipe:ING002
Menu Item,MENU0056,Japanese Matcha Latte - Medium,,,,19.0,pcs,0.32,6.08,Recipe:ING040
Menu Item,MENU0056,Japanese Matcha Latte - Medium,,,,0.3268,litre,90.0,29.41,Recipe:ING019
Menu Item,MENU0057,Japanese Matcha Latte - Large,,,,0.3978,kg,980.0,389.84,Recipe:ING001
Menu Item,MENU0057,Japanese Matcha Latte - Large,,,,17.0,pcs,2.8,47.6,Recipe:ING037
Menu Item,MENU0057,Japanese Matcha Latte - Large,,,,17.0,pcs,1.1,18.7,Recipe:ING038
Menu Item,MENU0057,Japanese Matcha Latte - Large,,,,3.978,litre,72.0,286.42,Recipe:ING002
Menu Item,MENU0057,Japanese Matcha Latte - Large,,,,17.0,pcs,0.32,5.44,Recipe:ING040
Menu Item,MENU0057,Japanese Matcha Latte - Large,,,,0.3315,litre,90.0,29.84,Recipe:ING019
Menu Item,MENU0058,Lemon Iced Tea - Regular,,,,16.0,pcs,3.2,51.2,Recipe:ING036
Menu Item,MENU0058,Lemon Iced Tea - Regular,,,,1.92,kg,12.0,23.04,Recipe:ING022
Menu Item,MENU0058,Lemon Iced Tea - Regular,,,,0.56,kg,110.0,61.6,Recipe:ING023
Menu Item,MENU0058,Lemon Iced Tea - Regular,,,,16.0,pcs,1.1,17.6,Recipe:ING038
Menu Item,MENU0058,Lemon Iced Tea - Regular,,,,16.0,pcs,0.32,5.12,Recipe:ING040
Menu Item,MENU0058,Lemon Iced Tea - Regular,,,,16.0,pcs,0.55,8.8,Recipe:ING039
Menu Item,MENU0058,Lemon Iced Tea - Regular,,,,0.24,litre,90.0,21.6,Recipe:ING019
Menu Item,MENU0058,Lemon Iced Tea - Regular,,,,0.064,kg,620.0,39.68,Recipe:ING020
Menu Item,MENU0059,Lemon Iced Tea - Medium,,,,16.0,pcs,3.2,51.2,Recipe:ING036
Menu Item,MENU0059,Lemon Iced Tea - Medium,,,,2.208,kg,12.0,26.5,Recipe:ING022
Menu Item,MENU0059,Lemon Iced Tea - Medium,,,,0.6448,kg,110.0,70.93,Recipe:ING023
Menu Item,MENU0059,Lemon Iced Tea - Medium,,,,16.0,pcs,1.1,17.6,Recipe:ING038
Menu Item,MENU0059,Lemon Iced Tea - Medium,,,,16.0,pcs,0.32,5.12,Recipe:ING040
Menu Item,MENU0059,Lemon Iced Tea - Medium,,,,16.0,pcs,0.55,8.8,Recipe:ING039
Menu Item,MENU0059,Lemon Iced Tea - Medium,,,,0.2752,litre,90.0,24.77,Recipe:ING019
Menu Item,MENU0059,Lemon Iced Tea - Medium,,,,0.0736,kg,620.0,45.63,Recipe:ING020
Menu Item,MENU0060,Lemon Iced Tea - Large,,,,9.0,pcs,3.2,28.8,Recipe:ING036
Menu Item,MENU0060,Lemon Iced Tea - Large,,,,1.404,kg,12.0,16.85,Recipe:ING022
Menu Item,MENU0060,Lemon Iced Tea - Large,,,,0.4095,kg,110.0,45.04,Recipe:ING023
Menu Item,MENU0060,Lemon Iced Tea - Large,,,,9.0,pcs,1.1,9.9,Recipe:ING038
Menu Item,MENU0060,Lemon Iced Tea - Large,,,,9.0,pcs,0.32,2.88,Recipe:ING040
Menu Item,MENU0060,Lemon Iced Tea - Large,,,,9.0,pcs,0.55,4.95,Recipe:ING039
Menu Item,MENU0060,Lemon Iced Tea - Large,,,,0.1755,litre,90.0,15.79,Recipe:ING019
Menu Item,MENU0060,Lemon Iced Tea - Large,,,,0.0468,kg,620.0,29.02,Recipe:ING020
Menu Item,MENU0061,Hibiscus Lime Iced Tea - Regular,,,,18.0,pcs,3.2,57.6,Recipe:ING036
Menu Item,MENU0061,Hibiscus Lime Iced Tea - Regular,,,,0.63,litre,390.0,245.7,Recipe:ING024
Menu Item,MENU0061,Hibiscus Lime Iced Tea - Regular,,,,2.16,kg,12.0,25.92,Recipe:ING022
Menu Item,MENU0061,Hibiscus Lime Iced Tea - Regular,,,,18.0,pcs,1.1,19.8,Recipe:ING038
Menu Item,MENU0061,Hibiscus Lime Iced Tea - Regular,,,,18.0,pcs,0.32,5.76,Recipe:ING040
Menu Item,MENU0061,Hibiscus Lime Iced Tea - Regular,,,,18.0,pcs,0.55,9.9,Recipe:ING039
Menu Item,MENU0061,Hibiscus Lime Iced Tea - Regular,,,,0.27,litre,90.0,24.3,Recipe:ING019
Menu Item,MENU0061,Hibiscus Lime Iced Tea - Regular,,,,0.072,kg,620.0,44.64,Recipe:ING020
Menu Item,MENU0062,Hibiscus Lime Iced Tea - Medium,,,,19.0,pcs,3.2,60.8,Recipe:ING036
Menu Item,MENU0062,Hibiscus Lime Iced Tea - Medium,,,,0.7657,litre,390.0,298.62,Recipe:ING024
Menu Item,MENU0062,Hibiscus Lime Iced Tea - Medium,,,,2.622,kg,12.0,31.46,Recipe:ING022
Menu Item,MENU0062,Hibiscus Lime Iced Tea - Medium,,,,19.0,pcs,1.1,20.9,Recipe:ING038
Menu Item,MENU0062,Hibiscus Lime Iced Tea - Medium,,,,19.0,pcs,0.32,6.08,Recipe:ING040
Menu Item,MENU0062,Hibiscus Lime Iced Tea - Medium,,,,19.0,pcs,0.55,10.45,Recipe:ING039
Menu Item,MENU0062,Hibiscus Lime Iced Tea - Medium,,,,0.3268,litre,90.0,29.41,Recipe:ING019
Menu Item,MENU0062,Hibiscus Lime Iced Tea - Medium,,,,0.0874,kg,620.0,54.19,Recipe:ING020
Menu Item,MENU0063,Hibiscus Lime Iced Tea - Large,,,,8.0,pcs,3.2,25.6,Recipe:ING036
Menu Item,MENU0063,Hibiscus Lime Iced Tea - Large,,,,0.364,litre,390.0,141.96,Recipe:ING024
Menu Item,MENU0063,Hibiscus Lime Iced Tea - Large,,,,1.248,kg,12.0,14.98,Recipe:ING022
Menu Item,MENU0063,Hibiscus Lime Iced Tea - Large,,,,8.0,pcs,1.1,8.8,Recipe:ING038
Menu Item,MENU0063,Hibiscus Lime Iced Tea - Large,,,,8.0,pcs,0.32,2.56,Recipe:ING040
Menu Item,MENU0063,Hibiscus Lime Iced Tea - Large,,,,8.0,pcs,0.55,4.4,Recipe:ING039
Menu Item,MENU0063,Hibiscus Lime Iced Tea - Large,,,,0.156,litre,90.0,14.04,Recipe:ING019
Menu Item,MENU0063,Hibiscus Lime Iced Tea - Large,,,,0.0416,kg,620.0,25.79,Recipe:ING020
Menu Item,MENU0064,Hot Chocolate - Regular,,,,0.42,litre,260.0,109.2,Recipe:ING016
Menu Item,MENU0064,Hot Chocolate - Regular,,,,7.0,pcs,2.8,19.6,Recipe:ING037
Menu Item,MENU0064,Hot Chocolate - Regular,,,,7.0,pcs,1.1,7.7,Recipe:ING038
Menu Item,MENU0064,Hot Chocolate - Regular,,,,1.4,litre,72.0,100.8,Recipe:ING002
Menu Item,MENU0064,Hot Chocolate - Regular,,,,7.0,pcs,0.32,2.24,Recipe:ING040
Menu Item,MENU0064,Hot Chocolate - Regular,,,,0.105,litre,90.0,9.45,Recipe:ING019
Menu Item,MENU0065,Hot Chocolate - Medium,,,,0.414,litre,260.0,107.64,Recipe:ING016
Menu Item,MENU0065,Hot Chocolate - Medium,,,,6.0,pcs,2.8,16.8,Recipe:ING037
Menu Item,MENU0065,Hot Chocolate - Medium,,,,6.0,pcs,1.1,6.6,Recipe:ING038
Menu Item,MENU0065,Hot Chocolate - Medium,,,,1.38,litre,72.0,99.36,Recipe:ING002
Menu Item,MENU0065,Hot Chocolate - Medium,,,,6.0,pcs,0.32,1.92,Recipe:ING040
Menu Item,MENU0065,Hot Chocolate - Medium,,,,0.1032,litre,90.0,9.29,Recipe:ING019
Menu Item,MENU0066,Hot Chocolate - Large,,,,0.078,litre,260.0,20.28,Recipe:ING016
Menu Item,MENU0066,Hot Chocolate - Large,,,,1.0,pcs,2.8,2.8,Recipe:ING037
Menu Item,MENU0066,Hot Chocolate - Large,,,,1.0,pcs,1.1,1.1,Recipe:ING038
Menu Item,MENU0066,Hot Chocolate - Large,,,,0.26,litre,72.0,18.72,Recipe:ING002
Menu Item,MENU0066,Hot Chocolate - Large,,,,1.0,pcs,0.32,0.32,Recipe:ING040
Menu Item,MENU0066,Hot Chocolate - Large,,,,0.0195,litre,90.0,1.75,Recipe:ING019
Menu Item,MENU0067,Babyccino - Regular,,,,3.0,pcs,2.8,8.4,Recipe:ING037
Menu Item,MENU0067,Babyccino - Regular,,,,3.0,pcs,1.1,3.3,Recipe:ING038
Menu Item,MENU0067,Babyccino - Regular,,,,0.36,litre,72.0,25.92,Recipe:ING002
Menu Item,MENU0067,Babyccino - Regular,,,,3.0,pcs,0.32,0.96,Recipe:ING040
Menu Item,MENU0067,Babyccino - Regular,,,,0.045,litre,90.0,4.05,Recipe:ING019
Menu Item,MENU0068,Choco Chip Shake - Regular,,,,0.2,litre,260.0,52.0,Recipe:ING016
Menu Item,MENU0068,Choco Chip Shake - Regular,,,,8.0,pcs,3.2,25.6,Recipe:ING036
Menu Item,MENU0068,Choco Chip Shake - Regular,,,,0.2,litre,210.0,42.0,Recipe:ING004
Menu Item,MENU0068,Choco Chip Shake - Regular,,,,0.96,kg,12.0,11.52,Recipe:ING022
Menu Item,MENU0068,Choco Chip Shake - Regular,,,,8.0,pcs,1.1,8.8,Recipe:ING038
Menu Item,MENU0068,Choco Chip Shake - Regular,,,,1.6,litre,72.0,115.2,Recipe:ING002
Menu Item,MENU0068,Choco Chip Shake - Regular,,,,8.0,pcs,0.32,2.56,Recipe:ING040
Menu Item,MENU0068,Choco Chip Shake - Regular,,,,8.0,pcs,0.55,4.4,Recipe:ING039
Menu Item,MENU0068,Choco Chip Shake - Regular,,,,0.12,litre,90.0,10.8,Recipe:ING019
Menu Item,MENU0069,Choco Chip Shake - Medium,,,,0.4592,litre,260.0,119.39,Recipe:ING016
Menu Item,MENU0069,Choco Chip Shake - Medium,,,,16.0,pcs,3.2,51.2,Recipe:ING036
Menu Item,MENU0069,Choco Chip Shake - Medium,,,,0.4592,litre,210.0,96.43,Recipe:ING004
Menu Item,MENU0069,Choco Chip Shake - Medium,,,,2.208,kg,12.0,26.5,Recipe:ING022
Menu Item,MENU0069,Choco Chip Shake - Medium,,,,16.0,pcs,1.1,17.6,Recipe:ING038
Menu Item,MENU0069,Choco Chip Shake - Medium,,,,3.68,litre,72.0,264.96,Recipe:ING002
Menu Item,MENU0069,Choco Chip Shake - Medium,,,,16.0,pcs,0.32,5.12,Recipe:ING040
Menu Item,MENU0069,Choco Chip Shake - Medium,,,,16.0,pcs,0.55,8.8,Recipe:ING039
Menu Item,MENU0069,Choco Chip Shake - Medium,,,,0.2752,litre,90.0,24.77,Recipe:ING019
Menu Item,MENU0070,Choco Chip Shake - Large,,,,0.2925,litre,260.0,76.05,Recipe:ING016
Menu Item,MENU0070,Choco Chip Shake - Large,,,,9.0,pcs,3.2,28.8,Recipe:ING036
Menu Item,MENU0070,Choco Chip Shake - Large,,,,0.2925,litre,210.0,61.42,Recipe:ING004
Menu Item,MENU0070,Choco Chip Shake - Large,,,,1.404,kg,12.0,16.85,Recipe:ING022
Menu Item,MENU0070,Choco Chip Shake - Large,,,,9.0,pcs,1.1,9.9,Recipe:ING038
Menu Item,MENU0070,Choco Chip Shake - Large,,,,2.34,litre,72.0,168.48,Recipe:ING002
Menu Item,MENU0070,Choco Chip Shake - Large,,,,9.0,pcs,0.32,2.88,Recipe:ING040
Menu Item,MENU0070,Choco Chip Shake - Large,,,,9.0,pcs,0.55,4.95,Recipe:ING039
Menu Item,MENU0070,Choco Chip Shake - Large,,,,0.1755,litre,90.0,15.79,Recipe:ING019
Menu Item,MENU0071,Mixed Berry Shake - Regular,,,,11.0,pcs,3.2,35.2,Recipe:ING036
Menu Item,MENU0071,Mixed Berry Shake - Regular,,,,0.275,litre,210.0,57.75,Recipe:ING004
Menu Item,MENU0071,Mixed Berry Shake - Regular,,,,1.32,kg,12.0,15.84,Recipe:ING022
Menu Item,MENU0071,Mixed Berry Shake - Regular,,,,11.0,pcs,1.1,12.1,Recipe:ING038
Menu Item,MENU0071,Mixed Berry Shake - Regular,,,,2.2,litre,72.0,158.4,Recipe:ING002
Menu Item,MENU0071,Mixed Berry Shake - Regular,,,,0.88,kg,420.0,369.6,Recipe:ING025
Menu Item,MENU0071,Mixed Berry Shake - Regular,,,,11.0,pcs,0.32,3.52,Recipe:ING040
Menu Item,MENU0071,Mixed Berry Shake - Regular,,,,11.0,pcs,0.55,6.05,Recipe:ING039
Menu Item,MENU0071,Mixed Berry Shake - Regular,,,,0.165,litre,90.0,14.85,Recipe:ING019
Menu Item,MENU0072,Mixed Berry Shake - Medium,,,,21.0,pcs,3.2,67.2,Recipe:ING036
Menu Item,MENU0072,Mixed Berry Shake - Medium,,,,0.6027,litre,210.0,126.57,Recipe:ING004
Menu Item,MENU0072,Mixed Berry Shake - Medium,,,,2.898,kg,12.0,34.78,Recipe:ING022
Menu Item,MENU0072,Mixed Berry Shake - Medium,,,,21.0,pcs,1.1,23.1,Recipe:ING038
Menu Item,MENU0072,Mixed Berry Shake - Medium,,,,4.83,litre,72.0,347.76,Recipe:ING002
Menu Item,MENU0072,Mixed Berry Shake - Medium,,,,1.932,kg,420.0,811.44,Recipe:ING025
Menu Item,MENU0072,Mixed Berry Shake - Medium,,,,21.0,pcs,0.32,6.72,Recipe:ING040
Menu Item,MENU0072,Mixed Berry Shake - Medium,,,,21.0,pcs,0.55,11.55,Recipe:ING039
Menu Item,MENU0072,Mixed Berry Shake - Medium,,,,0.3612,litre,90.0,32.51,Recipe:ING019
Menu Item,MENU0073,Mixed Berry Shake - Large,,,,8.0,pcs,3.2,25.6,Recipe:ING036
Menu Item,MENU0073,Mixed Berry Shake - Large,,,,0.26,litre,210.0,54.6,Recipe:ING004
Menu Item,MENU0073,Mixed Berry Shake - Large,,,,1.248,kg,12.0,14.98,Recipe:ING022
Menu Item,MENU0073,Mixed Berry Shake - Large,,,,8.0,pcs,1.1,8.8,Recipe:ING038
Menu Item,MENU0073,Mixed Berry Shake - Large,,,,2.08,litre,72.0,149.76,Recipe:ING002
Menu Item,MENU0073,Mixed Berry Shake - Large,,,,0.832,kg,420.0,349.44,Recipe:ING025
Menu Item,MENU0073,Mixed Berry Shake - Large,,,,8.0,pcs,0.32,2.56,Recipe:ING040
Menu Item,MENU0073,Mixed Berry Shake - Large,,,,8.0,pcs,0.55,4.4,Recipe:ING039
Menu Item,MENU0073,Mixed Berry Shake - Large,,,,0.156,litre,90.0,14.04,Recipe:ING019
Menu Item,MENU0074,Seasonal Smoothie - Regular,,,,0.88,kg,72.0,63.36,Recipe:ING026
Menu Item,MENU0074,Seasonal Smoothie - Regular,,,,11.0,pcs,3.2,35.2,Recipe:ING036
Menu Item,MENU0074,Seasonal Smoothie - Regular,,,,0.275,litre,210.0,57.75,Recipe:ING004
Menu Item,MENU0074,Seasonal Smoothie - Regular,,,,1.32,kg,12.0,15.84,Recipe:ING022
Menu Item,MENU0074,Seasonal Smoothie - Regular,,,,11.0,pcs,1.1,12.1,Recipe:ING038
Menu Item,MENU0074,Seasonal Smoothie - Regular,,,,2.2,litre,72.0,158.4,Recipe:ING002
Menu Item,MENU0074,Seasonal Smoothie - Regular,,,,11.0,pcs,0.32,3.52,Recipe:ING040
Menu Item,MENU0074,Seasonal Smoothie - Regular,,,,11.0,pcs,0.55,6.05,Recipe:ING039
Menu Item,MENU0074,Seasonal Smoothie - Regular,,,,0.165,litre,90.0,14.85,Recipe:ING019
Menu Item,MENU0075,Seasonal Smoothie - Medium,,,,0.644,kg,72.0,46.37,Recipe:ING026
Menu Item,MENU0075,Seasonal Smoothie - Medium,,,,7.0,pcs,3.2,22.4,Recipe:ING036
Menu Item,MENU0075,Seasonal Smoothie - Medium,,,,0.2009,litre,210.0,42.19,Recipe:ING004
Menu Item,MENU0075,Seasonal Smoothie - Medium,,,,0.966,kg,12.0,11.59,Recipe:ING022
Menu Item,MENU0075,Seasonal Smoothie - Medium,,,,7.0,pcs,1.1,7.7,Recipe:ING038
Menu Item,MENU0075,Seasonal Smoothie - Medium,,,,1.61,litre,72.0,115.92,Recipe:ING002
Menu Item,MENU0075,Seasonal Smoothie - Medium,,,,7.0,pcs,0.32,2.24,Recipe:ING040
Menu Item,MENU0075,Seasonal Smoothie - Medium,,,,7.0,pcs,0.55,3.85,Recipe:ING039
Menu Item,MENU0075,Seasonal Smoothie - Medium,,,,0.1204,litre,90.0,10.84,Recipe:ING019
Menu Item,MENU0076,Seasonal Smoothie - Large,,,,0.52,kg,72.0,37.44,Recipe:ING026
Menu Item,MENU0076,Seasonal Smoothie - Large,,,,5.0,pcs,3.2,16.0,Recipe:ING036
Menu Item,MENU0076,Seasonal Smoothie - Large,,,,0.1625,litre,210.0,34.12,Recipe:ING004
Menu Item,MENU0076,Seasonal Smoothie - Large,,,,0.78,kg,12.0,9.36,Recipe:ING022
Menu Item,MENU0076,Seasonal Smoothie - Large,,,,5.0,pcs,1.1,5.5,Recipe:ING038
Menu Item,MENU0076,Seasonal Smoothie - Large,,,,1.3,litre,72.0,93.6,Recipe:ING002
Menu Item,MENU0076,Seasonal Smoothie - Large,,,,5.0,pcs,0.32,1.6,Recipe:ING040
Menu Item,MENU0076,Seasonal Smoothie - Large,,,,5.0,pcs,0.55,2.75,Recipe:ING039
Menu Item,MENU0076,Seasonal Smoothie - Large,,,,0.0975,litre,90.0,8.78,Recipe:ING019
Menu Item,MENU0077,Spicy Paneer Wrap,,,,0.4,kg,84.0,33.6,Recipe:ING030
Menu Item,MENU0077,Spicy Paneer Wrap,,,,0.4,kg,280.0,112.0,Recipe:ING033
Menu Item,MENU0077,Spicy Paneer Wrap,,,,0.4,kg,95.0,38.0,Recipe:ING028
Menu Item,MENU0077,Spicy Paneer Wrap,,,,32.0,pcs,0.32,10.24,Recipe:ING040
Menu Item,MENU0077,Spicy Paneer Wrap,,,,0.32,kg,42.0,13.44,Recipe:ING029
Menu Item,MENU0077,Spicy Paneer Wrap,,,,1.76,kg,360.0,633.6,Recipe:ING005
Menu Item,MENU0077,Spicy Paneer Wrap,,,,16.0,pcs,15.0,240.0,Recipe:ING011
Menu Item,MENU0077,Spicy Paneer Wrap,,,,16.0,pcs,5.8,92.8,Recipe:ING043
Menu Item,MENU0078,Shredded Chicken Wrap,,,,0.4,kg,84.0,33.6,Recipe:ING030
Menu Item,MENU0078,Shredded Chicken Wrap,,,,1.76,kg,330.0,580.8,Recipe:ING007
Menu Item,MENU0078,Shredded Chicken Wrap,,,,0.4,kg,280.0,112.0,Recipe:ING033
Menu Item,MENU0078,Shredded Chicken Wrap,,,,0.4,kg,95.0,38.0,Recipe:ING028
Menu Item,MENU0078,Shredded Chicken Wrap,,,,32.0,pcs,0.32,10.24,Recipe:ING040
Menu Item,MENU0078,Shredded Chicken Wrap,,,,0.32,kg,42.0,13.44,Recipe:ING029
Menu Item,MENU0078,Shredded Chicken Wrap,,,,16.0,pcs,15.0,240.0,Recipe:ING011
Menu Item,MENU0078,Shredded Chicken Wrap,,,,16.0,pcs,5.8,92.8,Recipe:ING043
Menu Item,MENU0079,Smoked Chipotle Paneer Sandwich,,,,52.0,pcs,12.0,624.0,Recipe:ING009
Menu Item,MENU0079,Smoked Chipotle Paneer Sandwich,,,,0.78,kg,480.0,374.4,Recipe:ING006
Menu Item,MENU0079,Smoked Chipotle Paneer Sandwich,,,,0.52,kg,280.0,145.6,Recipe:ING033
Menu Item,MENU0079,Smoked Chipotle Paneer Sandwich,,,,0.52,kg,95.0,49.4,Recipe:ING028
Menu Item,MENU0079,Smoked Chipotle Paneer Sandwich,,,,52.0,pcs,0.32,16.64,Recipe:ING040
Menu Item,MENU0079,Smoked Chipotle Paneer Sandwich,,,,2.6,kg,360.0,936.0,Recipe:ING005
Menu Item,MENU0079,Smoked Chipotle Paneer Sandwich,,,,26.0,pcs,6.5,169.0,Recipe:ING042
Menu Item,MENU0079,Smoked Chipotle Paneer Sandwich,,,,0.78,kg,54.0,42.12,Recipe:ING031
Menu Item,MENU0080,Pesto Veg Sandwich,,,,48.0,pcs,12.0,576.0,Recipe:ING009
Menu Item,MENU0080,Pesto Veg Sandwich,,,,0.72,kg,480.0,345.6,Recipe:ING006
Menu Item,MENU0080,Pesto Veg Sandwich,,,,0.48,kg,95.0,45.6,Recipe:ING028
Menu Item,MENU0080,Pesto Veg Sandwich,,,,48.0,pcs,0.32,15.36,Recipe:ING040
Menu Item,MENU0080,Pesto Veg Sandwich,,,,2.4,kg,360.0,864.0,Recipe:ING005
Menu Item,MENU0080,Pesto Veg Sandwich,,,,0.48,kg,340.0,163.2,Recipe:ING032
Menu Item,MENU0080,Pesto Veg Sandwich,,,,24.0,pcs,6.5,156.0,Recipe:ING042
Menu Item,MENU0080,Pesto Veg Sandwich,,,,0.72,kg,54.0,38.88,Recipe:ING031
Menu Item,MENU0081,Pepper Chicken Sandwich,,,,50.0,pcs,12.0,600.0,Recipe:ING009
Menu Item,MENU0081,Pepper Chicken Sandwich,,,,0.75,kg,480.0,360.0,Recipe:ING006
Menu Item,MENU0081,Pepper Chicken Sandwich,,,,2.5,kg,330.0,825.0,Recipe:ING007
Menu Item,MENU0081,Pepper Chicken Sandwich,,,,0.5,kg,280.0,140.0,Recipe:ING033
Menu Item,MENU0081,Pepper Chicken Sandwich,,,,0.5,kg,95.0,47.5,Recipe:ING028
Menu Item,MENU0081,Pepper Chicken Sandwich,,,,50.0,pcs,0.32,16.0,Recipe:ING040
Menu Item,MENU0081,Pepper Chicken Sandwich,,,,25.0,pcs,6.5,162.5,Recipe:ING042
Menu Item,MENU0081,Pepper Chicken Sandwich,,,,0.75,kg,54.0,40.5,Recipe:ING031
Menu Item,MENU0082,Tandoori Chicken Sandwich,,,,56.0,pcs,12.0,672.0,Recipe:ING009
Menu Item,MENU0082,Tandoori Chicken Sandwich,,,,0.84,kg,480.0,403.2,Recipe:ING006
Menu Item,MENU0082,Tandoori Chicken Sandwich,,,,2.8,kg,330.0,924.0,Recipe:ING007
Menu Item,MENU0082,Tandoori Chicken Sandwich,,,,0.56,kg,280.0,156.8,Recipe:ING033
Menu Item,MENU0082,Tandoori Chicken Sandwich,,,,0.56,kg,95.0,53.2,Recipe:ING028
Menu Item,MENU0082,Tandoori Chicken Sandwich,,,,56.0,pcs,0.32,17.92,Recipe:ING040
Menu Item,MENU0082,Tandoori Chicken Sandwich,,,,28.0,pcs,6.5,182.0,Recipe:ING042
Menu Item,MENU0082,Tandoori Chicken Sandwich,,,,0.84,kg,54.0,45.36,Recipe:ING031
Menu Item,MENU0083,Chilli Cheese Garlic Toast,,,,0.14,kg,310.0,43.4,Recipe:ING035
Menu Item,MENU0083,Chilli Cheese Garlic Toast,,,,7.0,pcs,12.0,84.0,Recipe:ING009
Menu Item,MENU0083,Chilli Cheese Garlic Toast,,,,0.245,kg,480.0,117.6,Recipe:ING006
Menu Item,MENU0083,Chilli Cheese Garlic Toast,,,,14.0,pcs,0.32,4.48,Recipe:ING040
Menu Item,MENU0083,Chilli Cheese Garlic Toast,,,,7.0,pcs,6.5,45.5,Recipe:ING042
Menu Item,MENU0084,Chicken Pepperoni Avocado Toast,,,,0.26,kg,310.0,80.6,Recipe:ING035
Menu Item,MENU0084,Chicken Pepperoni Avocado Toast,,,,13.0,pcs,12.0,156.0,Recipe:ING009
Menu Item,MENU0084,Chicken Pepperoni Avocado Toast,,,,0.455,kg,480.0,218.4,Recipe:ING006
Menu Item,MENU0084,Chicken Pepperoni Avocado Toast,,,,1.04,kg,330.0,343.2,Recipe:ING007
Menu Item,MENU0084,Chicken Pepperoni Avocado Toast,,,,26.0,pcs,0.32,8.32,Recipe:ING040
Menu Item,MENU0084,Chicken Pepperoni Avocado Toast,,,,13.0,pcs,6.5,84.5,Recipe:ING042
Menu Item,MENU0085,Hummus and Pita Platter,,,,0.15,kg,310.0,46.5,Recipe:ING035
Menu Item,MENU0085,Hummus and Pita Platter,,,,10.0,pcs,12.0,120.0,Recipe:ING009
Menu Item,MENU0085,Hummus and Pita Platter,,,,0.15,kg,95.0,14.25,Recipe:ING028
Menu Item,MENU0085,Hummus and Pita Platter,,,,10.0,pcs,0.32,3.2,Recipe:ING040
Menu Item,MENU0085,Hummus and Pita Platter,,,,5.0,pcs,6.5,32.5,Recipe:ING042
Menu Item,MENU0085,Hummus and Pita Platter,,,,0.2,kg,54.0,10.8,Recipe:ING031
Menu Item,MENU0086,Breakfast Pancakes,,,,0.5,kg,520.0,260.0,Recipe:ING027
Menu Item,MENU0086,Breakfast Pancakes,,,,20.0,pcs,46.0,920.0,Recipe:ING014
Menu Item,MENU0086,Breakfast Pancakes,,,,20.0,pcs,5.0,100.0,Recipe:ING041
Menu Item,MENU0086,Breakfast Pancakes,,,,40.0,pcs,0.32,12.8,Recipe:ING040
Menu Item,MENU0086,Breakfast Pancakes,,,,0.5,litre,90.0,45.0,Recipe:ING019
Menu Item,MENU0087,Cream Cheese Bagel,,,,17.0,pcs,28.0,476.0,Recipe:ING010
Menu Item,MENU0087,Cream Cheese Bagel,,,,0.425,kg,480.0,204.0,Recipe:ING006
Menu Item,MENU0087,Cream Cheese Bagel,,,,0.595,litre,210.0,124.95,Recipe:ING004
Menu Item,MENU0087,Cream Cheese Bagel,,,,34.0,pcs,0.32,10.88,Recipe:ING040
Menu Item,MENU0087,Cream Cheese Bagel,,,,17.0,pcs,6.5,110.5,Recipe:ING042
Menu Item,MENU0088,Scallion Pepper Cream Cheese Bagel,,,,17.0,pcs,28.0,476.0,Recipe:ING010
Menu Item,MENU0088,Scallion Pepper Cream Cheese Bagel,,,,0.425,kg,480.0,204.0,Recipe:ING006
Menu Item,MENU0088,Scallion Pepper Cream Cheese Bagel,,,,0.595,litre,210.0,124.95,Recipe:ING004
Menu Item,MENU0088,Scallion Pepper Cream Cheese Bagel,,,,34.0,pcs,0.32,10.88,Recipe:ING040
Menu Item,MENU0088,Scallion Pepper Cream Cheese Bagel,,,,17.0,pcs,6.5,110.5,Recipe:ING042
Menu Item,MENU0089,Masala Egg Bun,,,,11.0,pcs,12.0,132.0,Recipe:ING009
Menu Item,MENU0089,Masala Egg Bun,,,,0.22,kg,480.0,105.6,Recipe:ING006
Menu Item,MENU0089,Masala Egg Bun,,,,22.0,pcs,7.0,154.0,Recipe:ING008
Menu Item,MENU0089,Masala Egg Bun,,,,22.0,pcs,0.32,7.04,Recipe:ING040
Menu Item,MENU0089,Masala Egg Bun,,,,11.0,pcs,6.5,71.5,Recipe:ING042
Menu Item,MENU0090,Marinara Cheese Pin Wheels,,,,5.0,pcs,12.0,60.0,Recipe:ING009
Menu Item,MENU0090,Marinara Cheese Pin Wheels,,,,0.15,kg,480.0,72.0,Recipe:ING006
Menu Item,MENU0090,Marinara Cheese Pin Wheels,,,,10.0,pcs,0.32,3.2,Recipe:ING040
Menu Item,MENU0090,Marinara Cheese Pin Wheels,,,,0.125,kg,190.0,23.75,Recipe:ING034
Menu Item,MENU0090,Marinara Cheese Pin Wheels,,,,5.0,pcs,6.5,32.5,Recipe:ING042
Menu Item,MENU0091,Pesto Sundried Tomato Pin Wheel,,,,14.0,pcs,12.0,168.0,Recipe:ING009
Menu Item,MENU0091,Pesto Sundried Tomato Pin Wheel,,,,0.42,kg,480.0,201.6,Recipe:ING006
Menu Item,MENU0091,Pesto Sundried Tomato Pin Wheel,,,,28.0,pcs,0.32,8.96,Recipe:ING040
Menu Item,MENU0091,Pesto Sundried Tomato Pin Wheel,,,,0.35,kg,340.0,119.0,Recipe:ING032
Menu Item,MENU0091,Pesto Sundried Tomato Pin Wheel,,,,14.0,pcs,6.5,91.0,Recipe:ING042
Menu Item,MENU0092,Turnover with Brioche Dough Chicken,,,,0.2,kg,480.0,96.0,Recipe:ING006
Menu Item,MENU0092,Turnover with Brioche Dough Chicken,,,,0.64,kg,330.0,211.2,Recipe:ING007
Menu Item,MENU0092,Turnover with Brioche Dough Chicken,,,,8.0,pcs,42.0,336.0,Recipe:ING012
Menu Item,MENU0092,Turnover with Brioche Dough Chicken,,,,16.0,pcs,0.32,5.12,Recipe:ING040
Menu Item,MENU0092,Turnover with Brioche Dough Chicken,,,,8.0,pcs,6.5,52.0,Recipe:ING042
Menu Item,MENU0093,Turnover with Brioche Dough Veg,,,,0.25,kg,480.0,120.0,Recipe:ING006
Menu Item,MENU0093,Turnover with Brioche Dough Veg,,,,10.0,pcs,42.0,420.0,Recipe:ING012
Menu Item,MENU0093,Turnover with Brioche Dough Veg,,,,20.0,pcs,0.32,6.4,Recipe:ING040
Menu Item,MENU0093,Turnover with Brioche Dough Veg,,,,0.8,kg,360.0,288.0,Recipe:ING005
Menu Item,MENU0093,Turnover with Brioche Dough Veg,,,,10.0,pcs,6.5,65.0,Recipe:ING042
Menu Item,MENU0094,Butter Croissant,,,,0.24,kg,520.0,124.8,Recipe:ING027
Menu Item,MENU0094,Butter Croissant,,,,12.0,pcs,42.0,504.0,Recipe:ING012
Menu Item,MENU0094,Butter Croissant,,,,12.0,pcs,5.0,60.0,Recipe:ING041
Menu Item,MENU0094,Butter Croissant,,,,24.0,pcs,0.32,7.68,Recipe:ING040
Menu Item,MENU0095,Almond Croissant,,,,0.24,kg,520.0,124.8,Recipe:ING027
Menu Item,MENU0095,Almond Croissant,,,,12.0,pcs,42.0,504.0,Recipe:ING012
Menu Item,MENU0095,Almond Croissant,,,,12.0,pcs,5.0,60.0,Recipe:ING041
Menu Item,MENU0095,Almond Croissant,,,,24.0,pcs,0.32,7.68,Recipe:ING040
Menu Item,MENU0096,Chocolate Croissant,,,,0.38,kg,520.0,197.6,Recipe:ING027
Menu Item,MENU0096,Chocolate Croissant,,,,0.475,litre,260.0,123.5,Recipe:ING016
Menu Item,MENU0096,Chocolate Croissant,,,,19.0,pcs,42.0,798.0,Recipe:ING012
Menu Item,MENU0096,Chocolate Croissant,,,,19.0,pcs,5.0,95.0,Recipe:ING041
Menu Item,MENU0096,Chocolate Croissant,,,,38.0,pcs,0.32,12.16,Recipe:ING040
Menu Item,MENU0097,Mushroom Cheese Croissant,,,,0.34,kg,520.0,176.8,Recipe:ING027
Menu Item,MENU0097,Mushroom Cheese Croissant,,,,0.595,kg,480.0,285.6,Recipe:ING006
Menu Item,MENU0097,Mushroom Cheese Croissant,,,,17.0,pcs,42.0,714.0,Recipe:ING012
Menu Item,MENU0097,Mushroom Cheese Croissant,,,,17.0,pcs,5.0,85.0,Recipe:ING041
Menu Item,MENU0097,Mushroom Cheese Croissant,,,,34.0,pcs,0.32,10.88,Recipe:ING040
Menu Item,MENU0098,Sriracha Chicken Croissant,,,,0.26,kg,520.0,135.2,Recipe:ING027
Menu Item,MENU0098,Sriracha Chicken Croissant,,,,0.91,kg,330.0,300.3,Recipe:ING007
Menu Item,MENU0098,Sriracha Chicken Croissant,,,,13.0,pcs,42.0,546.0,Recipe:ING012
Menu Item,MENU0098,Sriracha Chicken Croissant,,,,13.0,pcs,5.0,65.0,Recipe:ING041
Menu Item,MENU0098,Sriracha Chicken Croissant,,,,26.0,pcs,0.32,8.32,Recipe:ING040
Menu Item,MENU0099,Cinnamon Roll with Cream Cheese,,,,0.45,litre,210.0,94.5,Recipe:ING004
Menu Item,MENU0099,Cinnamon Roll with Cream Cheese,,,,18.0,pcs,42.0,756.0,Recipe:ING012
Menu Item,MENU0099,Cinnamon Roll with Cream Cheese,,,,18.0,pcs,5.0,90.0,Recipe:ING041
Menu Item,MENU0099,Cinnamon Roll with Cream Cheese,,,,18.0,pcs,0.32,5.76,Recipe:ING040
Menu Item,MENU0100,Banana Walnut Tea Cake,,,,0.77,kg,72.0,55.44,Recipe:ING026
Menu Item,MENU0100,Banana Walnut Tea Cake,,,,11.0,pcs,46.0,506.0,Recipe:ING014
Menu Item,MENU0100,Banana Walnut Tea Cake,,,,0.275,litre,210.0,57.75,Recipe:ING004
Menu Item,MENU0100,Banana Walnut Tea Cake,,,,11.0,pcs,5.0,55.0,Recipe:ING041
Menu Item,MENU0100,Banana Walnut Tea Cake,,,,11.0,pcs,0.32,3.52,Recipe:ING040
Menu Item,MENU0101,Lemon Raspberry Tea Cake,,,,16.0,pcs,46.0,736.0,Recipe:ING014
Menu Item,MENU0101,Lemon Raspberry Tea Cake,,,,0.4,litre,210.0,84.0,Recipe:ING004
Menu Item,MENU0101,Lemon Raspberry Tea Cake,,,,16.0,pcs,5.0,80.0,Recipe:ING041
Menu Item,MENU0101,Lemon Raspberry Tea Cake,,,,16.0,pcs,0.32,5.12,Recipe:ING040
Menu Item,MENU0102,Double Chocolate Truffle Cake,,,,19.0,pcs,46.0,874.0,Recipe:ING014
Menu Item,MENU0102,Double Chocolate Truffle Cake,,,,0.475,litre,260.0,123.5,Recipe:ING016
Menu Item,MENU0102,Double Chocolate Truffle Cake,,,,0.475,litre,210.0,99.75,Recipe:ING004
Menu Item,MENU0102,Double Chocolate Truffle Cake,,,,19.0,pcs,5.0,95.0,Recipe:ING041
Menu Item,MENU0102,Double Chocolate Truffle Cake,,,,19.0,pcs,0.32,6.08,Recipe:ING040
Menu Item,MENU0103,Banoffee Pie,,,,21.0,pcs,46.0,966.0,Recipe:ING014
Menu Item,MENU0103,Banoffee Pie,,,,0.525,litre,210.0,110.25,Recipe:ING004
Menu Item,MENU0103,Banoffee Pie,,,,21.0,pcs,5.0,105.0,Recipe:ING041
Menu Item,MENU0103,Banoffee Pie,,,,21.0,pcs,0.32,6.72,Recipe:ING040
Menu Item,MENU0104,Classic Chocolate Fudge Brownie,,,,19.0,pcs,34.0,646.0,Recipe:ING013
Menu Item,MENU0104,Classic Chocolate Fudge Brownie,,,,0.855,litre,260.0,222.3,Recipe:ING016
Menu Item,MENU0104,Classic Chocolate Fudge Brownie,,,,19.0,pcs,5.0,95.0,Recipe:ING041
Menu Item,MENU0104,Classic Chocolate Fudge Brownie,,,,19.0,pcs,0.32,6.08,Recipe:ING040
Menu Item,MENU0105,Soft-Centred Caramel Cookie,,,,0.26,kg,520.0,135.2,Recipe:ING027
Menu Item,MENU0105,Soft-Centred Caramel Cookie,,,,7.15,pcs,46.0,328.9,Recipe:ING014
Menu Item,MENU0105,Soft-Centred Caramel Cookie,,,,0.26,litre,250.0,65.0,Recipe:ING017
Menu Item,MENU0105,Soft-Centred Caramel Cookie,,,,13.0,pcs,5.0,65.0,Recipe:ING041
Menu Item,MENU0105,Soft-Centred Caramel Cookie,,,,13.0,pcs,0.32,4.16,Recipe:ING040
Menu Item,MENU0106,Death by Chocolate Cookie,,,,0.12,kg,520.0,62.4,Recipe:ING027
Menu Item,MENU0106,Death by Chocolate Cookie,,,,3.3,pcs,46.0,151.8,Recipe:ING014
Menu Item,MENU0106,Death by Chocolate Cookie,,,,0.15,litre,260.0,39.0,Recipe:ING016
Menu Item,MENU0106,Death by Chocolate Cookie,,,,6.0,pcs,5.0,30.0,Recipe:ING041
Menu Item,MENU0106,Death by Chocolate Cookie,,,,6.0,pcs,0.32,1.92,Recipe:ING040
Menu Item,MENU0107,Jaggery Parmesan Cookie,,,,0.2,kg,520.0,104.0,Recipe:ING027
Menu Item,MENU0107,Jaggery Parmesan Cookie,,,,5.5,pcs,46.0,253.0,Recipe:ING014
Menu Item,MENU0107,Jaggery Parmesan Cookie,,,,10.0,pcs,5.0,50.0,Recipe:ING041
Menu Item,MENU0107,Jaggery Parmesan Cookie,,,,10.0,pcs,0.32,3.2,Recipe:ING040
Menu Item,MENU0108,Apple Pie,,,,10.0,pcs,46.0,460.0,Recipe:ING014
Menu Item,MENU0108,Apple Pie,,,,0.25,litre,210.0,52.5,Recipe:ING004
Menu Item,MENU0108,Apple Pie,,,,10.0,pcs,5.0,50.0,Recipe:ING041
Menu Item,MENU0108,Apple Pie,,,,10.0,pcs,0.32,3.2,Recipe:ING040
Menu Item,MENU0109,Basque Cheesecake,,,,11.0,pcs,72.0,792.0,Recipe:ING015
Menu Item,MENU0109,Basque Cheesecake,,,,0.275,litre,210.0,57.75,Recipe:ING004
Menu Item,MENU0109,Basque Cheesecake,,,,11.0,pcs,5.0,55.0,Recipe:ING041
Menu Item,MENU0109,Basque Cheesecake,,,,11.0,pcs,0.32,3.52,Recipe:ING040
Menu Item,MENU0110,Multigrain Walnut Tea Cake,,,,22.0,pcs,46.0,1012.0,Recipe:ING014
Menu Item,MENU0110,Multigrain Walnut Tea Cake,,,,0.55,litre,210.0,115.5,Recipe:ING004
Menu Item,MENU0110,Multigrain Walnut Tea Cake,,,,22.0,pcs,5.0,110.0,Recipe:ING041
Menu Item,MENU0110,Multigrain Walnut Tea Cake,,,,22.0,pcs,0.32,7.04,Recipe:ING040
Menu Item,MENU0001,Espresso Shot - Solo,,,,0.0576,kg,980.0,56.45,Recipe:ING001
Menu Item,MENU0001,Espresso Shot - Solo,,,,6.0,pcs,2.8,16.8,Recipe:ING037
Menu Item,MENU0001,Espresso Shot - Solo,,,,6.0,pcs,1.1,6.6,Recipe:ING038
Menu Item,MENU0001,Espresso Shot - Solo,,,,6.0,pcs,0.32,1.92,Recipe:ING040
Menu Item,MENU0002,Espresso Shot - Doppio,,,,0.1218,kg,980.0,119.36,Recipe:ING001
Menu Item,MENU0002,Espresso Shot - Doppio,,,,7.0,pcs,2.8,19.6,Recipe:ING037
Menu Item,MENU0002,Espresso Shot - Doppio,,,,7.0,pcs,1.1,7.7,Recipe:ING038
Menu Item,MENU0002,Espresso Shot - Doppio,,,,7.0,pcs,0.32,2.24,Recipe:ING040
Menu Item,MENU0003,Americano - Regular,,,,1.008,kg,980.0,987.84,Recipe:ING001
Menu Item,MENU0003,Americano - Regular,,,,56.0,pcs,2.8,156.8,Recipe:ING037
Menu Item,MENU0003,Americano - Regular,,,,56.0,pcs,1.1,61.6,Recipe:ING038
Menu Item,MENU0003,Americano - Regular,,,,56.0,pcs,0.32,17.92,Recipe:ING040
Menu Item,MENU0003,Americano - Regular,,,,0.84,litre,90.0,75.6,Recipe:ING019
Menu Item,MENU0004,Americano - Medium,,,,1.4283,kg,980.0,1399.73,Recipe:ING001
Menu Item,MENU0004,Americano - Medium,,,,69.0,pcs,2.8,193.2,Recipe:ING037
Menu Item,MENU0004,Americano - Medium,,,,69.0,pcs,1.1,75.9,Recipe:ING038
Menu Item,MENU0004,Americano - Medium,,,,69.0,pcs,0.32,22.08,Recipe:ING040
Menu Item,MENU0004,Americano - Medium,,,,1.1868,litre,90.0,106.81,Recipe:ING019
Menu Item,MENU0005,Americano - Large,,,,0.936,kg,980.0,917.28,Recipe:ING001
Menu Item,MENU0005,Americano - Large,,,,40.0,pcs,2.8,112.0,Recipe:ING037
Menu Item,MENU0005,Americano - Large,,,,40.0,pcs,1.1,44.0,Recipe:ING038
Menu Item,MENU0005,Americano - Large,,,,40.0,pcs,0.32,12.8,Recipe:ING040
Menu Item,MENU0005,Americano - Large,,,,0.78,litre,90.0,70.2,Recipe:ING019
Menu Item,MENU0006,Latte - Regular,,,,1.008,kg,980.0,987.84,Recipe:ING001
Menu Item,MENU0006,Latte - Regular,,,,56.0,pcs,2.8,156.8,Recipe:ING037
Menu Item,MENU0006,Latte - Regular,,,,56.0,pcs,1.1,61.6,Recipe:ING038
Menu Item,MENU0006,Latte - Regular,,,,10.08,litre,72.0,725.76,Recipe:ING002
Menu Item,MENU0006,Latte - Regular,,,,56.0,pcs,0.32,17.92,Recipe:ING040
Menu Item,MENU0006,Latte - Regular,,,,0.84,litre,90.0,75.6,Recipe:ING019
Menu Item,MENU0007,Latte - Medium,,,,1.0971,kg,980.0,1075.16,Recipe:ING001
Menu Item,MENU0007,Latte - Medium,,,,53.0,pcs,2.8,148.4,Recipe:ING037
Menu Item,MENU0007,Latte - Medium,,,,53.0,pcs,1.1,58.3,Recipe:ING038
Menu Item,MENU0007,Latte - Medium,,,,10.971,litre,72.0,789.91,Recipe:ING002
Menu Item,MENU0007,Latte - Medium,,,,53.0,pcs,0.32,16.96,Recipe:ING040
Menu Item,MENU0007,Latte - Medium,,,,0.9116,litre,90.0,82.04,Recipe:ING019
Menu Item,MENU0008,Latte - Large,,,,0.7488,kg,980.0,733.82,Recipe:ING001
Menu Item,MENU0008,Latte - Large,,,,32.0,pcs,2.8,89.6,Recipe:ING037
Menu Item,MENU0008,Latte - Large,,,,32.0,pcs,1.1,35.2,Recipe:ING038
Menu Item,MENU0008,Latte - Large,,,,7.488,litre,72.0,539.14,Recipe:ING002
Menu Item,MENU0008,Latte - Large,,,,32.0,pcs,0.32,10.24,Recipe:ING040
Menu Item,MENU0008,Latte - Large,,,,0.624,litre,90.0,56.16,Recipe:ING019
Menu Item,MENU0009,Cappuccino - Regular,,,,1.08,kg,980.0,1058.4,Recipe:ING001
Menu Item,MENU0009,Cappuccino - Regular,,,,60.0,pcs,2.8,168.0,Recipe:ING037
Menu Item,MENU0009,Cappuccino - Regular,,,,60.0,pcs,1.1,66.0,Recipe:ING038
Menu Item,MENU0009,Cappuccino - Regular,,,,10.8,litre,72.0,777.6,Recipe:ING002
Menu Item,MENU0009,Cappuccino - Regular,,,,60.0,pcs,0.32,19.2,Recipe:ING040
Menu Item,MENU0009,Cappuccino - Regular,,,,0.9,litre,90.0,81.0,Recipe:ING019
Menu Item,MENU0010,Cappuccino - Medium,,,,0.7452,kg,980.0,730.3,Recipe:ING001
Menu Item,MENU0010,Cappuccino - Medium,,,,36.0,pcs,2.8,100.8,Recipe:ING037
Menu Item,MENU0010,Cappuccino - Medium,,,,36.0,pcs,1.1,39.6,Recipe:ING038
Menu Item,MENU0010,Cappuccino - Medium,,,,7.452,litre,72.0,536.54,Recipe:ING002
Menu Item,MENU0010,Cappuccino - Medium,,,,36.0,pcs,0.32,11.52,Recipe:ING040
Menu Item,MENU0010,Cappuccino - Medium,,,,0.6192,litre,90.0,55.73,Recipe:ING019
Menu Item,MENU0011,Cappuccino - Large,,,,0.6318,kg,980.0,619.16,Recipe:ING001
Menu Item,MENU0011,Cappuccino - Large,,,,27.0,pcs,2.8,75.6,Recipe:ING037
Menu Item,MENU0011,Cappuccino - Large,,,,27.0,pcs,1.1,29.7,Recipe:ING038
Menu Item,MENU0011,Cappuccino - Large,,,,6.318,litre,72.0,454.9,Recipe:ING002
Menu Item,MENU0011,Cappuccino - Large,,,,27.0,pcs,0.32,8.64,Recipe:ING040
Menu Item,MENU0011,Cappuccino - Large,,,,0.5265,litre,90.0,47.38,Recipe:ING019
Menu Item,MENU0012,Flat White - Regular,,,,0.774,kg,980.0,758.52,Recipe:ING001
Menu Item,MENU0012,Flat White - Regular,,,,43.0,pcs,2.8,120.4,Recipe:ING037
Menu Item,MENU0012,Flat White - Regular,,,,43.0,pcs,1.1,47.3,Recipe:ING038
Menu Item,MENU0012,Flat White - Regular,,,,7.74,litre,72.0,557.28,Recipe:ING002
Menu Item,MENU0012,Flat White - Regular,,,,43.0,pcs,0.32,13.76,Recipe:ING040
Menu Item,MENU0012,Flat White - Regular,,,,0.645,litre,90.0,58.05,Recipe:ING019
Menu Item,MENU0013,Flat White - Medium,,,,0.8073,kg,980.0,791.15,Recipe:ING001
Menu Item,MENU0013,Flat White - Medium,,,,39.0,pcs,2.8,109.2,Recipe:ING037
Menu Item,MENU0013,Flat White - Medium,,,,39.0,pcs,1.1,42.9,Recipe:ING038
Menu Item,MENU0013,Flat White - Medium,,,,8.073,litre,72.0,581.26,Recipe:ING002
Menu Item,MENU0013,Flat White - Medium,,,,39.0,pcs,0.32,12.48,Recipe:ING040
Menu Item,MENU0013,Flat White - Medium,,,,0.6708,litre,90.0,60.37,Recipe:ING019
Menu Item,MENU0014,Flat White - Large,,,,0.819,kg,980.0,802.62,Recipe:ING001
Menu Item,MENU0014,Flat White - Large,,,,35.0,pcs,2.8,98.0,Recipe:ING037
Menu Item,MENU0014,Flat White - Large,,,,35.0,pcs,1.1,38.5,Recipe:ING038
Menu Item,MENU0014,Flat White - Large,,,,8.19,litre,72.0,589.68,Recipe:ING002
Menu Item,MENU0014,Flat White - Large,,,,35.0,pcs,0.32,11.2,Recipe:ING040
Menu Item,MENU0014,Flat White - Large,,,,0.6825,litre,90.0,61.42,Recipe:ING019
Menu Item,MENU0015,Mocha - Regular,,,,1.025,litre,260.0,266.5,Recipe:ING016
Menu Item,MENU0015,Mocha - Regular,,,,0.738,kg,980.0,723.24,Recipe:ING001
Menu Item,MENU0015,Mocha - Regular,,,,41.0,pcs,2.8,114.8,Recipe:ING037
Menu Item,MENU0015,Mocha - Regular,,,,41.0,pcs,1.1,45.1,Recipe:ING038
Menu Item,MENU0015,Mocha - Regular,,,,7.38,litre,72.0,531.36,Recipe:ING002
Menu Item,MENU0015,Mocha - Regular,,,,41.0,pcs,0.32,13.12,Recipe:ING040
Menu Item,MENU0015,Mocha - Regular,,,,0.615,litre,90.0,55.35,Recipe:ING019
Menu Item,MENU0016,Mocha - Medium,,,,1.2628,litre,260.0,328.33,Recipe:ING016
Menu Item,MENU0016,Mocha - Medium,,,,0.9108,kg,980.0,892.58,Recipe:ING001
Menu Item,MENU0016,Mocha - Medium,,,,44.0,pcs,2.8,123.2,Recipe:ING037
Menu Item,MENU0016,Mocha - Medium,,,,44.0,pcs,1.1,48.4,Recipe:ING038
Menu Item,MENU0016,Mocha - Medium,,,,9.108,litre,72.0,655.78,Recipe:ING002
Menu Item,MENU0016,Mocha - Medium,,,,44.0,pcs,0.32,14.08,Recipe:ING040
Menu Item,MENU0016,Mocha - Medium,,,,0.7568,litre,90.0,68.11,Recipe:ING019
Menu Item,MENU0017,Mocha - Large,,,,1.0075,litre,260.0,261.95,Recipe:ING016
Menu Item,MENU0017,Mocha - Large,,,,0.7254,kg,980.0,710.89,Recipe:ING001
Menu Item,MENU0017,Mocha - Large,,,,31.0,pcs,2.8,86.8,Recipe:ING037
Menu Item,MENU0017,Mocha - Large,,,,31.0,pcs,1.1,34.1,Recipe:ING038
Menu Item,MENU0017,Mocha - Large,,,,7.254,litre,72.0,522.29,Recipe:ING002
Menu Item,MENU0017,Mocha - Large,,,,31.0,pcs,0.32,9.92,Recipe:ING040
Menu Item,MENU0017,Mocha - Large,,,,0.6045,litre,90.0,54.41,Recipe:ING019
Menu Item,MENU0018,Sea Salt Mocha - Regular,,,,0.525,litre,260.0,136.5,Recipe:ING016
Menu Item,MENU0018,Sea Salt Mocha - Regular,,,,0.378,kg,980.0,370.44,Recipe:ING001
Menu Item,MENU0018,Sea Salt Mocha - Regular,,,,21.0,pcs,2.8,58.8,Recipe:ING037
Menu Item,MENU0018,Sea Salt Mocha - Regular,,,,21.0,pcs,1.1,23.1,Recipe:ING038
Menu Item,MENU0018,Sea Salt Mocha - Regular,,,,3.78,litre,72.0,272.16,Recipe:ING002
Menu Item,MENU0018,Sea Salt Mocha - Regular,,,,21.0,pcs,0.32,6.72,Recipe:ING040
Menu Item,MENU0018,Sea Salt Mocha - Regular,,,,0.315,litre,90.0,28.35,Recipe:ING019
Menu Item,MENU0019,Sea Salt Mocha - Medium,,,,0.4305,litre,260.0,111.93,Recipe:ING016
Menu Item,MENU0019,Sea Salt Mocha - Medium,,,,0.3105,kg,980.0,304.29,Recipe:ING001
Menu Item,MENU0019,Sea Salt Mocha - Medium,,,,15.0,pcs,2.8,42.0,Recipe:ING037
Menu Item,MENU0019,Sea Salt Mocha - Medium,,,,15.0,pcs,1.1,16.5,Recipe:ING038
Menu Item,MENU0019,Sea Salt Mocha - Medium,,,,3.105,litre,72.0,223.56,Recipe:ING002
Menu Item,MENU0019,Sea Salt Mocha - Medium,,,,15.0,pcs,0.32,4.8,Recipe:ING040
Menu Item,MENU0019,Sea Salt Mocha - Medium,,,,0.258,litre,90.0,23.22,Recipe:ING019
Menu Item,MENU0020,Sea Salt Mocha - Large,,,,0.1625,litre,260.0,42.25,Recipe:ING016
Menu Item,MENU0020,Sea Salt Mocha - Large,,,,0.117,kg,980.0,114.66,Recipe:ING001
Menu Item,MENU0020,Sea Salt Mocha - Large,,,,5.0,pcs,2.8,14.0,Recipe:ING037
Menu Item,MENU0020,Sea Salt Mocha - Large,,,,5.0,pcs,1.1,5.5,Recipe:ING038
Menu Item,MENU0020,Sea Salt Mocha - Large,,,,1.17,litre,72.0,84.24,Recipe:ING002
Menu Item,MENU0020,Sea Salt Mocha - Large,,,,5.0,pcs,0.32,1.6,Recipe:ING040
Menu Item,MENU0020,Sea Salt Mocha - Large,,,,0.0975,litre,90.0,8.78,Recipe:ING019
Menu Item,MENU0021,Orange Zest Mocha - Regular,,,,0.525,litre,260.0,136.5,Recipe:ING016
Menu Item,MENU0021,Orange Zest Mocha - Regular,,,,0.378,kg,980.0,370.44,Recipe:ING001
Menu Item,MENU0021,Orange Zest Mocha - Regular,,,,21.0,pcs,2.8,58.8,Recipe:ING037
Menu Item,MENU0021,Orange Zest Mocha - Regular,,,,21.0,pcs,1.1,23.1,Recipe:ING038
Menu Item,MENU0021,Orange Zest Mocha - Regular,,,,3.78,litre,72.0,272.16,Recipe:ING002
Menu Item,MENU0021,Orange Zest Mocha - Regular,,,,21.0,pcs,0.32,6.72,Recipe:ING040
Menu Item,MENU0021,Orange Zest Mocha - Regular,,,,0.315,litre,90.0,28.35,Recipe:ING019
Menu Item,MENU0022,Orange Zest Mocha - Medium,,,,0.574,litre,260.0,149.24,Recipe:ING016
Menu Item,MENU0022,Orange Zest Mocha - Medium,,,,0.414,kg,980.0,405.72,Recipe:ING001
Menu Item,MENU0022,Orange Zest Mocha - Medium,,,,20.0,pcs,2.8,56.0,Recipe:ING037
Menu Item,MENU0022,Orange Zest Mocha - Medium,,,,20.0,pcs,1.1,22.0,Recipe:ING038
Menu Item,MENU0022,Orange Zest Mocha - Medium,,,,4.14,litre,72.0,298.08,Recipe:ING002
Menu Item,MENU0022,Orange Zest Mocha - Medium,,,,20.0,pcs,0.32,6.4,Recipe:ING040
Menu Item,MENU0022,Orange Zest Mocha - Medium,,,,0.344,litre,90.0,30.96,Recipe:ING019
Menu Item,MENU0023,Orange Zest Mocha - Large,,,,0.5525,litre,260.0,143.65,Recipe:ING016
Menu Item,MENU0023,Orange Zest Mocha - Large,,,,0.3978,kg,980.0,389.84,Recipe:ING001
Menu Item,MENU0023,Orange Zest Mocha - Large,,,,17.0,pcs,2.8,47.6,Recipe:ING037
Menu Item,MENU0023,Orange Zest Mocha - Large,,,,17.0,pcs,1.1,18.7,Recipe:ING038
Menu Item,MENU0023,Orange Zest Mocha - Large,,,,3.978,litre,72.0,286.42,Recipe:ING002
Menu Item,MENU0023,Orange Zest Mocha - Large,,,,17.0,pcs,0.32,5.44,Recipe:ING040
Menu Item,MENU0023,Orange Zest Mocha - Large,,,,0.3315,litre,90.0,29.84,Recipe:ING019
Menu Item,MENU0024,Caramel Macchiato - Regular,,,,0.475,litre,250.0,118.75,Recipe:ING017
Menu Item,MENU0024,Caramel Macchiato - Regular,,,,0.342,kg,980.0,335.16,Recipe:ING001
Menu Item,MENU0024,Caramel Macchiato - Regular,,,,19.0,pcs,2.8,53.2,Recipe:ING037
Menu Item,MENU0024,Caramel Macchiato - Regular,,,,19.0,pcs,1.1,20.9,Recipe:ING038
Menu Item,MENU0024,Caramel Macchiato - Regular,,,,3.42,litre,72.0,246.24,Recipe:ING002
Menu Item,MENU0024,Caramel Macchiato - Regular,,,,19.0,pcs,0.32,6.08,Recipe:ING040
Menu Item,MENU0024,Caramel Macchiato - Regular,,,,0.285,litre,90.0,25.65,Recipe:ING019
Menu Item,MENU0025,Caramel Macchiato - Medium,,,,0.6314,litre,250.0,157.85,Recipe:ING017
Menu Item,MENU0025,Caramel Macchiato - Medium,,,,0.4554,kg,980.0,446.29,Recipe:ING001
Menu Item,MENU0025,Caramel Macchiato - Medium,,,,22.0,pcs,2.8,61.6,Recipe:ING037
Menu Item,MENU0025,Caramel Macchiato - Medium,,,,22.0,pcs,1.1,24.2,Recipe:ING038
Menu Item,MENU0025,Caramel Macchiato - Medium,,,,4.554,litre,72.0,327.89,Recipe:ING002
Menu Item,MENU0025,Caramel Macchiato - Medium,,,,22.0,pcs,0.32,7.04,Recipe:ING040
Menu Item,MENU0025,Caramel Macchiato - Medium,,,,0.3784,litre,90.0,34.06,Recipe:ING019
Menu Item,MENU0026,Caramel Macchiato - Large,,,,0.325,litre,250.0,81.25,Recipe:ING017
Menu Item,MENU0026,Caramel Macchiato - Large,,,,0.234,kg,980.0,229.32,Recipe:ING001
Menu Item,MENU0026,Caramel Macchiato - Large,,,,10.0,pcs,2.8,28.0,Recipe:ING037
Menu Item,MENU0026,Caramel Macchiato - Large,,,,10.0,pcs,1.1,11.0,Recipe:ING038
Menu Item,MENU0026,Caramel Macchiato - Large,,,,2.34,litre,72.0,168.48,Recipe:ING002
Menu Item,MENU0026,Caramel Macchiato - Large,,,,10.0,pcs,0.32,3.2,Recipe:ING040
Menu Item,MENU0026,Caramel Macchiato - Large,,,,0.195,litre,90.0,17.55,Recipe:ING019
Menu Item,MENU0027,French Vanilla Latte - Regular,,,,0.45,kg,980.0,441.0,Recipe:ING001
Menu Item,MENU0027,French Vanilla Latte - Regular,,,,25.0,pcs,2.8,70.0,Recipe:ING037
Menu Item,MENU0027,French Vanilla Latte - Regular,,,,25.0,pcs,1.1,27.5,Recipe:ING038
Menu Item,MENU0027,French Vanilla Latte - Regular,,,,4.5,litre,72.0,324.0,Recipe:ING002
Menu Item,MENU0027,French Vanilla Latte - Regular,,,,25.0,pcs,0.32,8.0,Recipe:ING040
Menu Item,MENU0027,French Vanilla Latte - Regular,,,,0.375,litre,90.0,33.75,Recipe:ING019
Menu Item,MENU0027,French Vanilla Latte - Regular,,,,0.625,litre,240.0,150.0,Recipe:ING018
Menu Item,MENU0028,French Vanilla Latte - Medium,,,,0.5175,kg,980.0,507.15,Recipe:ING001
Menu Item,MENU0028,French Vanilla Latte - Medium,,,,25.0,pcs,2.8,70.0,Recipe:ING037
Menu Item,MENU0028,French Vanilla Latte - Medium,,,,25.0,pcs,1.1,27.5,Recipe:ING038
Menu Item,MENU0028,French Vanilla Latte - Medium,,,,5.175,litre,72.0,372.6,Recipe:ING002
Menu Item,MENU0028,French Vanilla Latte - Medium,,,,25.0,pcs,0.32,8.0,Recipe:ING040
Menu Item,MENU0028,French Vanilla Latte - Medium,,,,0.43,litre,90.0,38.7,Recipe:ING019
Menu Item,MENU0028,French Vanilla Latte - Medium,,,,0.7175,litre,240.0,172.2,Recipe:ING018
Menu Item,MENU0029,French Vanilla Latte - Large,,,,0.3276,kg,980.0,321.05,Recipe:ING001
Menu Item,MENU0029,French Vanilla Latte - Large,,,,14.0,pcs,2.8,39.2,Recipe:ING037
Menu Item,MENU0029,French Vanilla Latte - Large,,,,14.0,pcs,1.1,15.4,Recipe:ING038
Menu Item,MENU0029,French Vanilla Latte - Large,,,,3.276,litre,72.0,235.87,Recipe:ING002
Menu Item,MENU0029,French Vanilla Latte - Large,,,,14.0,pcs,0.32,4.48,Recipe:ING040
Menu Item,MENU0029,French Vanilla Latte - Large,,,,0.273,litre,90.0,24.57,Recipe:ING019
Menu Item,MENU0029,French Vanilla Latte - Large,,,,0.455,litre,240.0,109.2,Recipe:ING018
Menu Item,MENU0030,Vegan Iced Latte - Regular,,,,0.378,kg,980.0,370.44,Recipe:ING001
Menu Item,MENU0030,Vegan Iced Latte - Regular,,,,21.0,pcs,3.2,67.2,Recipe:ING036
Menu Item,MENU0030,Vegan Iced Latte - Regular,,,,2.52,kg,12.0,30.24,Recipe:ING022
Menu Item,MENU0030,Vegan Iced Latte - Regular,,,,21.0,pcs,1.1,23.1,Recipe:ING038
Menu Item,MENU0030,Vegan Iced Latte - Regular,,,,21.0,pcs,0.32,6.72,Recipe:ING040
Menu Item,MENU0030,Vegan Iced Latte - Regular,,,,3.78,litre,185.0,699.3,Recipe:ING003
Menu Item,MENU0030,Vegan Iced Latte - Regular,,,,21.0,pcs,0.55,11.55,Recipe:ING039
Menu Item,MENU0030,Vegan Iced Latte - Regular,,,,0.315,litre,90.0,28.35,Recipe:ING019
Menu Item,MENU0031,Vegan Iced Latte - Medium,,,,0.5175,kg,980.0,507.15,Recipe:ING001
Menu Item,MENU0031,Vegan Iced Latte - Medium,,,,25.0,pcs,3.2,80.0,Recipe:ING036
Menu Item,MENU0031,Vegan Iced Latte - Medium,,,,3.45,kg,12.0,41.4,Recipe:ING022
Menu Item,MENU0031,Vegan Iced Latte - Medium,,,,25.0,pcs,1.1,27.5,Recipe:ING038
Menu Item,MENU0031,Vegan Iced Latte - Medium,,,,25.0,pcs,0.32,8.0,Recipe:ING040
Menu Item,MENU0031,Vegan Iced Latte - Medium,,,,5.175,litre,185.0,957.38,Recipe:ING003
Menu Item,MENU0031,Vegan Iced Latte - Medium,,,,25.0,pcs,0.55,13.75,Recipe:ING039
Menu Item,MENU0031,Vegan Iced Latte - Medium,,,,0.43,litre,90.0,38.7,Recipe:ING019
Menu Item,MENU0032,Vegan Iced Latte - Large,,,,0.3978,kg,980.0,389.84,Recipe:ING001
Menu Item,MENU0032,Vegan Iced Latte - Large,,,,17.0,pcs,3.2,54.4,Recipe:ING036
Menu Item,MENU0032,Vegan Iced Latte - Large,,,,2.652,kg,12.0,31.82,Recipe:ING022
Menu Item,MENU0032,Vegan Iced Latte - Large,,,,17.0,pcs,1.1,18.7,Recipe:ING038
Menu Item,MENU0032,Vegan Iced Latte - Large,,,,17.0,pcs,0.32,5.44,Recipe:ING040
Menu Item,MENU0032,Vegan Iced Latte - Large,,,,3.978,litre,185.0,735.93,Recipe:ING003
Menu Item,MENU0032,Vegan Iced Latte - Large,,,,17.0,pcs,0.55,9.35,Recipe:ING039
Menu Item,MENU0032,Vegan Iced Latte - Large,,,,0.3315,litre,90.0,29.84,Recipe:ING019
Menu Item,MENU0033,Classic Cold Brew - Regular,,,,0.396,kg,980.0,388.08,Recipe:ING001
Menu Item,MENU0033,Classic Cold Brew - Regular,,,,22.0,pcs,3.2,70.4,Recipe:ING036
Menu Item,MENU0033,Classic Cold Brew - Regular,,,,2.64,kg,12.0,31.68,Recipe:ING022
Menu Item,MENU0033,Classic Cold Brew - Regular,,,,22.0,pcs,1.1,24.2,Recipe:ING038
Menu Item,MENU0033,Classic Cold Brew - Regular,,,,22.0,pcs,0.32,7.04,Recipe:ING040
Menu Item,MENU0033,Classic Cold Brew - Regular,,,,22.0,pcs,0.55,12.1,Recipe:ING039
Menu Item,MENU0033,Classic Cold Brew - Regular,,,,0.33,litre,90.0,29.7,Recipe:ING019
Menu Item,MENU0034,Classic Cold Brew - Medium,,,,0.2898,kg,980.0,284.0,Recipe:ING001
Menu Item,MENU0034,Classic Cold Brew - Medium,,,,14.0,pcs,3.2,44.8,Recipe:ING036
Menu Item,MENU0034,Classic Cold Brew - Medium,,,,1.932,kg,12.0,23.18,Recipe:ING022
Menu Item,MENU0034,Classic Cold Brew - Medium,,,,14.0,pcs,1.1,15.4,Recipe:ING038
Menu Item,MENU0034,Classic Cold Brew - Medium,,,,14.0,pcs,0.32,4.48,Recipe:ING040
Menu Item,MENU0034,Classic Cold Brew - Medium,,,,14.0,pcs,0.55,7.7,Recipe:ING039
Menu Item,MENU0034,Classic Cold Brew - Medium,,,,0.2408,litre,90.0,21.67,Recipe:ING019
Menu Item,MENU0035,Classic Cold Brew - Large,,,,0.2106,kg,980.0,206.39,Recipe:ING001
Menu Item,MENU0035,Classic Cold Brew - Large,,,,9.0,pcs,3.2,28.8,Recipe:ING036
Menu Item,MENU0035,Classic Cold Brew - Large,,,,1.404,kg,12.0,16.85,Recipe:ING022
Menu Item,MENU0035,Classic Cold Brew - Large,,,,9.0,pcs,1.1,9.9,Recipe:ING038
Menu Item,MENU0035,Classic Cold Brew - Large,,,,9.0,pcs,0.32,2.88,Recipe:ING040
Menu Item,MENU0035,Classic Cold Brew - Large,,,,9.0,pcs,0.55,4.95,Recipe:ING039
Menu Item,MENU0035,Classic Cold Brew - Large,,,,0.1755,litre,90.0,15.79,Recipe:ING019
Menu Item,MENU0036,Coffee Lemonade - Regular,,,,0.342,kg,980.0,335.16,Recipe:ING001
Menu Item,MENU0036,Coffee Lemonade - Regular,,,,19.0,pcs,3.2,60.8,Recipe:ING036
Menu Item,MENU0036,Coffee Lemonade - Regular,,,,2.28,kg,12.0,27.36,Recipe:ING022
Menu Item,MENU0036,Coffee Lemonade - Regular,,,,0.665,kg,110.0,73.15,Recipe:ING023
Menu Item,MENU0036,Coffee Lemonade - Regular,,,,19.0,pcs,1.1,20.9,Recipe:ING038
Menu Item,MENU0036,Coffee Lemonade - Regular,,,,19.0,pcs,0.32,6.08,Recipe:ING040
Menu Item,MENU0036,Coffee Lemonade - Regular,,,,19.0,pcs,0.55,10.45,Recipe:ING039
Menu Item,MENU0036,Coffee Lemonade - Regular,,,,0.285,litre,90.0,25.65,Recipe:ING019
Menu Item,MENU0037,Coffee Lemonade - Medium,,,,0.3519,kg,980.0,344.86,Recipe:ING001
Menu Item,MENU0037,Coffee Lemonade - Medium,,,,17.0,pcs,3.2,54.4,Recipe:ING036
Menu Item,MENU0037,Coffee Lemonade - Medium,,,,2.346,kg,12.0,28.15,Recipe:ING022
Menu Item,MENU0037,Coffee Lemonade - Medium,,,,0.6851,kg,110.0,75.36,Recipe:ING023
Menu Item,MENU0037,Coffee Lemonade - Medium,,,,17.0,pcs,1.1,18.7,Recipe:ING038
Menu Item,MENU0037,Coffee Lemonade - Medium,,,,17.0,pcs,0.32,5.44,Recipe:ING040
Menu Item,MENU0037,Coffee Lemonade - Medium,,,,17.0,pcs,0.55,9.35,Recipe:ING039
Menu Item,MENU0037,Coffee Lemonade - Medium,,,,0.2924,litre,90.0,26.32,Recipe:ING019
Menu Item,MENU0038,Coffee Lemonade - Large,,,,0.3042,kg,980.0,298.12,Recipe:ING001
Menu Item,MENU0038,Coffee Lemonade - Large,,,,13.0,pcs,3.2,41.6,Recipe:ING036
Menu Item,MENU0038,Coffee Lemonade - Large,,,,2.028,kg,12.0,24.34,Recipe:ING022
Menu Item,MENU0038,Coffee Lemonade - Large,,,,0.5915,kg,110.0,65.06,Recipe:ING023
Menu Item,MENU0038,Coffee Lemonade - Large,,,,13.0,pcs,1.1,14.3,Recipe:ING038
Menu Item,MENU0038,Coffee Lemonade - Large,,,,13.0,pcs,0.32,4.16,Recipe:ING040
Menu Item,MENU0038,Coffee Lemonade - Large,,,,13.0,pcs,0.55,7.15,Recipe:ING039
Menu Item,MENU0038,Coffee Lemonade - Large,,,,0.2535,litre,90.0,22.82,Recipe:ING019
Menu Item,MENU0039,Vietnamese Shakerato - Regular,,,,0.324,kg,980.0,317.52,Recipe:ING001
Menu Item,MENU0039,Vietnamese Shakerato - Regular,,,,18.0,pcs,3.2,57.6,Recipe:ING036
Menu Item,MENU0039,Vietnamese Shakerato - Regular,,,,2.16,kg,12.0,25.92,Recipe:ING022
Menu Item,MENU0039,Vietnamese Shakerato - Regular,,,,18.0,pcs,1.1,19.8,Recipe:ING038
Menu Item,MENU0039,Vietnamese Shakerato - Regular,,,,18.0,pcs,0.32,5.76,Recipe:ING040
Menu Item,MENU0039,Vietnamese Shakerato - Regular,,,,18.0,pcs,0.55,9.9,Recipe:ING039
Menu Item,MENU0039,Vietnamese Shakerato - Regular,,,,0.27,litre,90.0,24.3,Recipe:ING019
Menu Item,MENU0040,Vietnamese Shakerato - Medium,,,,0.3726,kg,980.0,365.15,Recipe:ING001
Menu Item,MENU0040,Vietnamese Shakerato - Medium,,,,18.0,pcs,3.2,57.6,Recipe:ING036
Menu Item,MENU0040,Vietnamese Shakerato - Medium,,,,2.484,kg,12.0,29.81,Recipe:ING022
Menu Item,MENU0040,Vietnamese Shakerato - Medium,,,,18.0,pcs,1.1,19.8,Recipe:ING038
Menu Item,MENU0040,Vietnamese Shakerato - Medium,,,,18.0,pcs,0.32,5.76,Recipe:ING040
Menu Item,MENU0040,Vietnamese Shakerato - Medium,,,,18.0,pcs,0.55,9.9,Recipe:ING039
Menu Item,MENU0040,Vietnamese Shakerato - Medium,,,,0.3096,litre,90.0,27.86,Recipe:ING019
Menu Item,MENU0041,Vietnamese Shakerato - Large,,,,0.3744,kg,980.0,366.91,Recipe:ING001
Menu Item,MENU0041,Vietnamese Shakerato - Large,,,,16.0,pcs,3.2,51.2,Recipe:ING036
Menu Item,MENU0041,Vietnamese Shakerato - Large,,,,2.496,kg,12.0,29.95,Recipe:ING022
Menu Item,MENU0041,Vietnamese Shakerato - Large,,,,16.0,pcs,1.1,17.6,Recipe:ING038
Menu Item,MENU0041,Vietnamese Shakerato - Large,,,,16.0,pcs,0.32,5.12,Recipe:ING040
Menu Item,MENU0041,Vietnamese Shakerato - Large,,,,16.0,pcs,0.55,8.8,Recipe:ING039
Menu Item,MENU0041,Vietnamese Shakerato - Large,,,,0.312,litre,90.0,28.08,Recipe:ING019
Menu Item,MENU0042,Classic Cold Coffee - Regular,,,,0.846,kg,980.0,829.08,Recipe:ING001
Menu Item,MENU0042,Classic Cold Coffee - Regular,,,,47.0,pcs,3.2,150.4,Recipe:ING036
Menu Item,MENU0042,Classic Cold Coffee - Regular,,,,5.64,kg,12.0,67.68,Recipe:ING022
Menu Item,MENU0042,Classic Cold Coffee - Regular,,,,47.0,pcs,1.1,51.7,Recipe:ING038
Menu Item,MENU0042,Classic Cold Coffee - Regular,,,,8.46,litre,72.0,609.12,Recipe:ING002
Menu Item,MENU0042,Classic Cold Coffee - Regular,,,,47.0,pcs,0.32,15.04,Recipe:ING040
Menu Item,MENU0042,Classic Cold Coffee - Regular,,,,47.0,pcs,0.55,25.85,Recipe:ING039
Menu Item,MENU0042,Classic Cold Coffee - Regular,,,,0.705,litre,90.0,63.45,Recipe:ING019
Menu Item,MENU0043,Classic Cold Coffee - Medium,,,,1.2006,kg,980.0,1176.59,Recipe:ING001
Menu Item,MENU0043,Classic Cold Coffee - Medium,,,,58.0,pcs,3.2,185.6,Recipe:ING036
Menu Item,MENU0043,Classic Cold Coffee - Medium,,,,8.004,kg,12.0,96.05,Recipe:ING022
Menu Item,MENU0043,Classic Cold Coffee - Medium,,,,58.0,pcs,1.1,63.8,Recipe:ING038
Menu Item,MENU0043,Classic Cold Coffee - Medium,,,,12.006,litre,72.0,864.43,Recipe:ING002
Menu Item,MENU0043,Classic Cold Coffee - Medium,,,,58.0,pcs,0.32,18.56,Recipe:ING040
Menu Item,MENU0043,Classic Cold Coffee - Medium,,,,58.0,pcs,0.55,31.9,Recipe:ING039
Menu Item,MENU0043,Classic Cold Coffee - Medium,,,,0.9976,litre,90.0,89.78,Recipe:ING019
Menu Item,MENU0044,Classic Cold Coffee - Large,,,,0.6084,kg,980.0,596.23,Recipe:ING001
Menu Item,MENU0044,Classic Cold Coffee - Large,,,,26.0,pcs,3.2,83.2,Recipe:ING036
Menu Item,MENU0044,Classic Cold Coffee - Large,,,,4.056,kg,12.0,48.67,Recipe:ING022
Menu Item,MENU0044,Classic Cold Coffee - Large,,,,26.0,pcs,1.1,28.6,Recipe:ING038
Menu Item,MENU0044,Classic Cold Coffee - Large,,,,6.084,litre,72.0,438.05,Recipe:ING002
Menu Item,MENU0044,Classic Cold Coffee - Large,,,,26.0,pcs,0.32,8.32,Recipe:ING040
Menu Item,MENU0044,Classic Cold Coffee - Large,,,,26.0,pcs,0.55,14.3,Recipe:ING039
Menu Item,MENU0044,Classic Cold Coffee - Large,,,,0.507,litre,90.0,45.63,Recipe:ING019
Menu Item,MENU0045,Mocha Cold Coffee - Regular,,,,1.125,litre,260.0,292.5,Recipe:ING016
Menu Item,MENU0045,Mocha Cold Coffee - Regular,,,,0.81,kg,980.0,793.8,Recipe:ING001
Menu Item,MENU0045,Mocha Cold Coffee - Regular,,,,45.0,pcs,3.2,144.0,Recipe:ING036
Menu Item,MENU0045,Mocha Cold Coffee - Regular,,,,5.4,kg,12.0,64.8,Recipe:ING022
Menu Item,MENU0045,Mocha Cold Coffee - Regular,,,,45.0,pcs,1.1,49.5,Recipe:ING038
Menu Item,MENU0045,Mocha Cold Coffee - Regular,,,,8.1,litre,72.0,583.2,Recipe:ING002
Menu Item,MENU0045,Mocha Cold Coffee - Regular,,,,45.0,pcs,0.32,14.4,Recipe:ING040
Menu Item,MENU0045,Mocha Cold Coffee - Regular,,,,45.0,pcs,0.55,24.75,Recipe:ING039
Menu Item,MENU0045,Mocha Cold Coffee - Regular,,,,0.675,litre,90.0,60.75,Recipe:ING019
Menu Item,MENU0046,Mocha Cold Coffee - Medium,,,,1.0332,litre,260.0,268.63,Recipe:ING016
Menu Item,MENU0046,Mocha Cold Coffee - Medium,,,,0.7452,kg,980.0,730.3,Recipe:ING001
Menu Item,MENU0046,Mocha Cold Coffee - Medium,,,,36.0,pcs,3.2,115.2,Recipe:ING036
Menu Item,MENU0046,Mocha Cold Coffee - Medium,,,,4.968,kg,12.0,59.62,Recipe:ING022
Menu Item,MENU0046,Mocha Cold Coffee - Medium,,,,36.0,pcs,1.1,39.6,Recipe:ING038
Menu Item,MENU0046,Mocha Cold Coffee - Medium,,,,7.452,litre,72.0,536.54,Recipe:ING002
Menu Item,MENU0046,Mocha Cold Coffee - Medium,,,,36.0,pcs,0.32,11.52,Recipe:ING040
Menu Item,MENU0046,Mocha Cold Coffee - Medium,,,,36.0,pcs,0.55,19.8,Recipe:ING039
Menu Item,MENU0046,Mocha Cold Coffee - Medium,,,,0.6192,litre,90.0,55.73,Recipe:ING019
Menu Item,MENU0047,Mocha Cold Coffee - Large,,,,0.65,litre,260.0,169.0,Recipe:ING016
Menu Item,MENU0047,Mocha Cold Coffee - Large,,,,0.468,kg,980.0,458.64,Recipe:ING001
Menu Item,MENU0047,Mocha Cold Coffee - Large,,,,20.0,pcs,3.2,64.0,Recipe:ING036
Menu Item,MENU0047,Mocha Cold Coffee - Large,,,,3.12,kg,12.0,37.44,Recipe:ING022
Menu Item,MENU0047,Mocha Cold Coffee - Large,,,,20.0,pcs,1.1,22.0,Recipe:ING038
Menu Item,MENU0047,Mocha Cold Coffee - Large,,,,4.68,litre,72.0,336.96,Recipe:ING002
Menu Item,MENU0047,Mocha Cold Coffee - Large,,,,20.0,pcs,0.32,6.4,Recipe:ING040
Menu Item,MENU0047,Mocha Cold Coffee - Large,,,,20.0,pcs,0.55,11.0,Recipe:ING039
Menu Item,MENU0047,Mocha Cold Coffee - Large,,,,0.39,litre,90.0,35.1,Recipe:ING019
Menu Item,MENU0048,Caramel Cold Coffee - Regular,,,,1.125,litre,250.0,281.25,Recipe:ING017
Menu Item,MENU0048,Caramel Cold Coffee - Regular,,,,0.81,kg,980.0,793.8,Recipe:ING001
Menu Item,MENU0048,Caramel Cold Coffee - Regular,,,,45.0,pcs,3.2,144.0,Recipe:ING036
Menu Item,MENU0048,Caramel Cold Coffee - Regular,,,,5.4,kg,12.0,64.8,Recipe:ING022
Menu Item,MENU0048,Caramel Cold Coffee - Regular,,,,45.0,pcs,1.1,49.5,Recipe:ING038
Menu Item,MENU0048,Caramel Cold Coffee - Regular,,,,8.1,litre,72.0,583.2,Recipe:ING002
Menu Item,MENU0048,Caramel Cold Coffee - Regular,,,,45.0,pcs,0.32,14.4,Recipe:ING040
Menu Item,MENU0048,Caramel Cold Coffee - Regular,,,,45.0,pcs,0.55,24.75,Recipe:ING039
Menu Item,MENU0048,Caramel Cold Coffee - Regular,,,,0.675,litre,90.0,60.75,Recipe:ING019
Menu Item,MENU0049,Caramel Cold Coffee - Medium,,,,0.861,litre,250.0,215.25,Recipe:ING017
Menu Item,MENU0049,Caramel Cold Coffee - Medium,,,,0.621,kg,980.0,608.58,Recipe:ING001
Menu Item,MENU0049,Caramel Cold Coffee - Medium,,,,30.0,pcs,3.2,96.0,Recipe:ING036
Menu Item,MENU0049,Caramel Cold Coffee - Medium,,,,4.14,kg,12.0,49.68,Recipe:ING022
Menu Item,MENU0049,Caramel Cold Coffee - Medium,,,,30.0,pcs,1.1,33.0,Recipe:ING038
Menu Item,MENU0049,Caramel Cold Coffee - Medium,,,,6.21,litre,72.0,447.12,Recipe:ING002
Menu Item,MENU0049,Caramel Cold Coffee - Medium,,,,30.0,pcs,0.32,9.6,Recipe:ING040
Menu Item,MENU0049,Caramel Cold Coffee - Medium,,,,30.0,pcs,0.55,16.5,Recipe:ING039
Menu Item,MENU0049,Caramel Cold Coffee - Medium,,,,0.516,litre,90.0,46.44,Recipe:ING019
Menu Item,MENU0050,Caramel Cold Coffee - Large,,,,0.455,litre,250.0,113.75,Recipe:ING017
Menu Item,MENU0050,Caramel Cold Coffee - Large,,,,0.3276,kg,980.0,321.05,Recipe:ING001
Menu Item,MENU0050,Caramel Cold Coffee - Large,,,,14.0,pcs,3.2,44.8,Recipe:ING036
Menu Item,MENU0050,Caramel Cold Coffee - Large,,,,2.184,kg,12.0,26.21,Recipe:ING022
Menu Item,MENU0050,Caramel Cold Coffee - Large,,,,14.0,pcs,1.1,15.4,Recipe:ING038
Menu Item,MENU0050,Caramel Cold Coffee - Large,,,,3.276,litre,72.0,235.87,Recipe:ING002
Menu Item,MENU0050,Caramel Cold Coffee - Large,,,,14.0,pcs,0.32,4.48,Recipe:ING040
Menu Item,MENU0050,Caramel Cold Coffee - Large,,,,14.0,pcs,0.55,7.7,Recipe:ING039
Menu Item,MENU0050,Caramel Cold Coffee - Large,,,,0.273,litre,90.0,24.57,Recipe:ING019
Menu Item,MENU0051,Masala Chai Latte - Regular,,,,0.468,kg,980.0,458.64,Recipe:ING001
Menu Item,MENU0051,Masala Chai Latte - Regular,,,,26.0,pcs,2.8,72.8,Recipe:ING037
Menu Item,MENU0051,Masala Chai Latte - Regular,,,,26.0,pcs,1.1,28.6,Recipe:ING038
Menu Item,MENU0051,Masala Chai Latte - Regular,,,,4.68,litre,72.0,336.96,Recipe:ING002
Menu Item,MENU0051,Masala Chai Latte - Regular,,,,26.0,pcs,0.32,8.32,Recipe:ING040
Menu Item,MENU0051,Masala Chai Latte - Regular,,,,0.39,litre,90.0,35.1,Recipe:ING019
Menu Item,MENU0052,Masala Chai Latte - Medium,,,,0.4761,kg,980.0,466.58,Recipe:ING001
Menu Item,MENU0052,Masala Chai Latte - Medium,,,,23.0,pcs,2.8,64.4,Recipe:ING037
Menu Item,MENU0052,Masala Chai Latte - Medium,,,,23.0,pcs,1.1,25.3,Recipe:ING038
Menu Item,MENU0052,Masala Chai Latte - Medium,,,,4.761,litre,72.0,342.79,Recipe:ING002
Menu Item,MENU0052,Masala Chai Latte - Medium,,,,23.0,pcs,0.32,7.36,Recipe:ING040
Menu Item,MENU0052,Masala Chai Latte - Medium,,,,0.3956,litre,90.0,35.6,Recipe:ING019
Menu Item,MENU0053,Masala Chai Latte - Large,,,,0.351,kg,980.0,343.98,Recipe:ING001
Menu Item,MENU0053,Masala Chai Latte - Large,,,,15.0,pcs,2.8,42.0,Recipe:ING037
Menu Item,MENU0053,Masala Chai Latte - Large,,,,15.0,pcs,1.1,16.5,Recipe:ING038
Menu Item,MENU0053,Masala Chai Latte - Large,,,,3.51,litre,72.0,252.72,Recipe:ING002
Menu Item,MENU0053,Masala Chai Latte - Large,,,,15.0,pcs,0.32,4.8,Recipe:ING040
Menu Item,MENU0053,Masala Chai Latte - Large,,,,0.2925,litre,90.0,26.32,Recipe:ING019
Menu Item,MENU0054,Himalayan Green Tea,,,,20.0,pcs,2.8,56.0,Recipe:ING037
Menu Item,MENU0054,Himalayan Green Tea,,,,20.0,pcs,1.1,22.0,Recipe:ING038
Menu Item,MENU0054,Himalayan Green Tea,,,,20.0,pcs,0.32,6.4,Recipe:ING040
Menu Item,MENU0054,Himalayan Green Tea,,,,0.3,litre,90.0,27.0,Recipe:ING019
Menu Item,MENU0054,Himalayan Green Tea,,,,0.1,kg,620.0,62.0,Recipe:ING020
Menu Item,MENU0055,Japanese Matcha Latte - Regular,,,,0.324,kg,980.0,317.52,Recipe:ING001
Menu Item,MENU0055,Japanese Matcha Latte - Regular,,,,18.0,pcs,2.8,50.4,Recipe:ING037
Menu Item,MENU0055,Japanese Matcha Latte - Regular,,,,18.0,pcs,1.1,19.8,Recipe:ING038
Menu Item,MENU0055,Japanese Matcha Latte - Regular,,,,3.24,litre,72.0,233.28,Recipe:ING002
Menu Item,MENU0055,Japanese Matcha Latte - Regular,,,,18.0,pcs,0.32,5.76,Recipe:ING040
Menu Item,MENU0055,Japanese Matcha Latte - Regular,,,,0.27,litre,90.0,24.3,Recipe:ING019
Menu Item,MENU0056,Japanese Matcha Latte - Medium,,,,0.3312,kg,980.0,324.58,Recipe:ING001
Menu Item,MENU0056,Japanese Matcha Latte - Medium,,,,16.0,pcs,2.8,44.8,Recipe:ING037
Menu Item,MENU0056,Japanese Matcha Latte - Medium,,,,16.0,pcs,1.1,17.6,Recipe:ING038
Menu Item,MENU0056,Japanese Matcha Latte - Medium,,,,3.312,litre,72.0,238.46,Recipe:ING002
Menu Item,MENU0056,Japanese Matcha Latte - Medium,,,,16.0,pcs,0.32,5.12,Recipe:ING040
Menu Item,MENU0056,Japanese Matcha Latte - Medium,,,,0.2752,litre,90.0,24.77,Recipe:ING019
Menu Item,MENU0057,Japanese Matcha Latte - Large,,,,0.2808,kg,980.0,275.18,Recipe:ING001
Menu Item,MENU0057,Japanese Matcha Latte - Large,,,,12.0,pcs,2.8,33.6,Recipe:ING037
Menu Item,MENU0057,Japanese Matcha Latte - Large,,,,12.0,pcs,1.1,13.2,Recipe:ING038
Menu Item,MENU0057,Japanese Matcha Latte - Large,,,,2.808,litre,72.0,202.18,Recipe:ING002
Menu Item,MENU0057,Japanese Matcha Latte - Large,,,,12.0,pcs,0.32,3.84,Recipe:ING040
Menu Item,MENU0057,Japanese Matcha Latte - Large,,,,0.234,litre,90.0,21.06,Recipe:ING019
Menu Item,MENU0058,Lemon Iced Tea - Regular,,,,29.0,pcs,3.2,92.8,Recipe:ING036
Menu Item,MENU0058,Lemon Iced Tea - Regular,,,,3.48,kg,12.0,41.76,Recipe:ING022
Menu Item,MENU0058,Lemon Iced Tea - Regular,,,,1.015,kg,110.0,111.65,Recipe:ING023
Menu Item,MENU0058,Lemon Iced Tea - Regular,,,,29.0,pcs,1.1,31.9,Recipe:ING038
Menu Item,MENU0058,Lemon Iced Tea - Regular,,,,29.0,pcs,0.32,9.28,Recipe:ING040
Menu Item,MENU0058,Lemon Iced Tea - Regular,,,,29.0,pcs,0.55,15.95,Recipe:ING039
Menu Item,MENU0058,Lemon Iced Tea - Regular,,,,0.435,litre,90.0,39.15,Recipe:ING019
Menu Item,MENU0058,Lemon Iced Tea - Regular,,,,0.116,kg,620.0,71.92,Recipe:ING020
Menu Item,MENU0059,Lemon Iced Tea - Medium,,,,23.0,pcs,3.2,73.6,Recipe:ING036
Menu Item,MENU0059,Lemon Iced Tea - Medium,,,,3.174,kg,12.0,38.09,Recipe:ING022
Menu Item,MENU0059,Lemon Iced Tea - Medium,,,,0.9269,kg,110.0,101.96,Recipe:ING023
Menu Item,MENU0059,Lemon Iced Tea - Medium,,,,23.0,pcs,1.1,25.3,Recipe:ING038
Menu Item,MENU0059,Lemon Iced Tea - Medium,,,,23.0,pcs,0.32,7.36,Recipe:ING040
Menu Item,MENU0059,Lemon Iced Tea - Medium,,,,23.0,pcs,0.55,12.65,Recipe:ING039
Menu Item,MENU0059,Lemon Iced Tea - Medium,,,,0.3956,litre,90.0,35.6,Recipe:ING019
Menu Item,MENU0059,Lemon Iced Tea - Medium,,,,0.1058,kg,620.0,65.6,Recipe:ING020
Menu Item,MENU0060,Lemon Iced Tea - Large,,,,14.0,pcs,3.2,44.8,Recipe:ING036
Menu Item,MENU0060,Lemon Iced Tea - Large,,,,2.184,kg,12.0,26.21,Recipe:ING022
Menu Item,MENU0060,Lemon Iced Tea - Large,,,,0.637,kg,110.0,70.07,Recipe:ING023
Menu Item,MENU0060,Lemon Iced Tea - Large,,,,14.0,pcs,1.1,15.4,Recipe:ING038
Menu Item,MENU0060,Lemon Iced Tea - Large,,,,14.0,pcs,0.32,4.48,Recipe:ING040
Menu Item,MENU0060,Lemon Iced Tea - Large,,,,14.0,pcs,0.55,7.7,Recipe:ING039
Menu Item,MENU0060,Lemon Iced Tea - Large,,,,0.273,litre,90.0,24.57,Recipe:ING019
Menu Item,MENU0060,Lemon Iced Tea - Large,,,,0.0728,kg,620.0,45.14,Recipe:ING020
Menu Item,MENU0061,Hibiscus Lime Iced Tea - Regular,,,,34.0,pcs,3.2,108.8,Recipe:ING036
Menu Item,MENU0061,Hibiscus Lime Iced Tea - Regular,,,,1.19,litre,390.0,464.1,Recipe:ING024
Menu Item,MENU0061,Hibiscus Lime Iced Tea - Regular,,,,4.08,kg,12.0,48.96,Recipe:ING022
Menu Item,MENU0061,Hibiscus Lime Iced Tea - Regular,,,,34.0,pcs,1.1,37.4,Recipe:ING038
Menu Item,MENU0061,Hibiscus Lime Iced Tea - Regular,,,,34.0,pcs,0.32,10.88,Recipe:ING040
Menu Item,MENU0061,Hibiscus Lime Iced Tea - Regular,,,,34.0,pcs,0.55,18.7,Recipe:ING039
Menu Item,MENU0061,Hibiscus Lime Iced Tea - Regular,,,,0.51,litre,90.0,45.9,Recipe:ING019
Menu Item,MENU0061,Hibiscus Lime Iced Tea - Regular,,,,0.136,kg,620.0,84.32,Recipe:ING020
Menu Item,MENU0062,Hibiscus Lime Iced Tea - Medium,,,,24.0,pcs,3.2,76.8,Recipe:ING036
Menu Item,MENU0062,Hibiscus Lime Iced Tea - Medium,,,,0.9672,litre,390.0,377.21,Recipe:ING024
Menu Item,MENU0062,Hibiscus Lime Iced Tea - Medium,,,,3.312,kg,12.0,39.74,Recipe:ING022
Menu Item,MENU0062,Hibiscus Lime Iced Tea - Medium,,,,24.0,pcs,1.1,26.4,Recipe:ING038
Menu Item,MENU0062,Hibiscus Lime Iced Tea - Medium,,,,24.0,pcs,0.32,7.68,Recipe:ING040
Menu Item,MENU0062,Hibiscus Lime Iced Tea - Medium,,,,24.0,pcs,0.55,13.2,Recipe:ING039
Menu Item,MENU0062,Hibiscus Lime Iced Tea - Medium,,,,0.4128,litre,90.0,37.15,Recipe:ING019
Menu Item,MENU0062,Hibiscus Lime Iced Tea - Medium,,,,0.1104,kg,620.0,68.45,Recipe:ING020
Menu Item,MENU0063,Hibiscus Lime Iced Tea - Large,,,,12.0,pcs,3.2,38.4,Recipe:ING036
Menu Item,MENU0063,Hibiscus Lime Iced Tea - Large,,,,0.546,litre,390.0,212.94,Recipe:ING024
Menu Item,MENU0063,Hibiscus Lime Iced Tea - Large,,,,1.872,kg,12.0,22.46,Recipe:ING022
Menu Item,MENU0063,Hibiscus Lime Iced Tea - Large,,,,12.0,pcs,1.1,13.2,Recipe:ING038
Menu Item,MENU0063,Hibiscus Lime Iced Tea - Large,,,,12.0,pcs,0.32,3.84,Recipe:ING040
Menu Item,MENU0063,Hibiscus Lime Iced Tea - Large,,,,12.0,pcs,0.55,6.6,Recipe:ING039
Menu Item,MENU0063,Hibiscus Lime Iced Tea - Large,,,,0.234,litre,90.0,21.06,Recipe:ING019
Menu Item,MENU0063,Hibiscus Lime Iced Tea - Large,,,,0.0624,kg,620.0,38.69,Recipe:ING020
Menu Item,MENU0064,Hot Chocolate - Regular,,,,0.36,litre,260.0,93.6,Recipe:ING016
Menu Item,MENU0064,Hot Chocolate - Regular,,,,6.0,pcs,2.8,16.8,Recipe:ING037
Menu Item,MENU0064,Hot Chocolate - Regular,,,,6.0,pcs,1.1,6.6,Recipe:ING038
Menu Item,MENU0064,Hot Chocolate - Regular,,,,1.2,litre,72.0,86.4,Recipe:ING002
Menu Item,MENU0064,Hot Chocolate - Regular,,,,6.0,pcs,0.32,1.92,Recipe:ING040
Menu Item,MENU0064,Hot Chocolate - Regular,,,,0.09,litre,90.0,8.1,Recipe:ING019
Menu Item,MENU0065,Hot Chocolate - Medium,,,,0.345,litre,260.0,89.7,Recipe:ING016
Menu Item,MENU0065,Hot Chocolate - Medium,,,,5.0,pcs,2.8,14.0,Recipe:ING037
Menu Item,MENU0065,Hot Chocolate - Medium,,,,5.0,pcs,1.1,5.5,Recipe:ING038
Menu Item,MENU0065,Hot Chocolate - Medium,,,,1.15,litre,72.0,82.8,Recipe:ING002
Menu Item,MENU0065,Hot Chocolate - Medium,,,,5.0,pcs,0.32,1.6,Recipe:ING040
Menu Item,MENU0065,Hot Chocolate - Medium,,,,0.086,litre,90.0,7.74,Recipe:ING019
Menu Item,MENU0066,Hot Chocolate - Large,,,,0.468,litre,260.0,121.68,Recipe:ING016
Menu Item,MENU0066,Hot Chocolate - Large,,,,6.0,pcs,2.8,16.8,Recipe:ING037
Menu Item,MENU0066,Hot Chocolate - Large,,,,6.0,pcs,1.1,6.6,Recipe:ING038
Menu Item,MENU0066,Hot Chocolate - Large,,,,1.56,litre,72.0,112.32,Recipe:ING002
Menu Item,MENU0066,Hot Chocolate - Large,,,,6.0,pcs,0.32,1.92,Recipe:ING040
Menu Item,MENU0066,Hot Chocolate - Large,,,,0.117,litre,90.0,10.53,Recipe:ING019
Menu Item,MENU0067,Babyccino - Regular,,,,4.0,pcs,2.8,11.2,Recipe:ING037
Menu Item,MENU0067,Babyccino - Regular,,,,4.0,pcs,1.1,4.4,Recipe:ING038
Menu Item,MENU0067,Babyccino - Regular,,,,0.48,litre,72.0,34.56,Recipe:ING002
Menu Item,MENU0067,Babyccino - Regular,,,,4.0,pcs,0.32,1.28,Recipe:ING040
Menu Item,MENU0067,Babyccino - Regular,,,,0.06,litre,90.0,5.4,Recipe:ING019
Menu Item,MENU0068,Choco Chip Shake - Regular,,,,0.4,litre,260.0,104.0,Recipe:ING016
Menu Item,MENU0068,Choco Chip Shake - Regular,,,,16.0,pcs,3.2,51.2,Recipe:ING036
Menu Item,MENU0068,Choco Chip Shake - Regular,,,,0.4,litre,210.0,84.0,Recipe:ING004
Menu Item,MENU0068,Choco Chip Shake - Regular,,,,1.92,kg,12.0,23.04,Recipe:ING022
Menu Item,MENU0068,Choco Chip Shake - Regular,,,,16.0,pcs,1.1,17.6,Recipe:ING038
Menu Item,MENU0068,Choco Chip Shake - Regular,,,,3.2,litre,72.0,230.4,Recipe:ING002
Menu Item,MENU0068,Choco Chip Shake - Regular,,,,16.0,pcs,0.32,5.12,Recipe:ING040
Menu Item,MENU0068,Choco Chip Shake - Regular,,,,16.0,pcs,0.55,8.8,Recipe:ING039
Menu Item,MENU0068,Choco Chip Shake - Regular,,,,0.24,litre,90.0,21.6,Recipe:ING019
Menu Item,MENU0069,Choco Chip Shake - Medium,,,,0.4018,litre,260.0,104.47,Recipe:ING016
Menu Item,MENU0069,Choco Chip Shake - Medium,,,,14.0,pcs,3.2,44.8,Recipe:ING036
Menu Item,MENU0069,Choco Chip Shake - Medium,,,,0.4018,litre,210.0,84.38,Recipe:ING004
Menu Item,MENU0069,Choco Chip Shake - Medium,,,,1.932,kg,12.0,23.18,Recipe:ING022
Menu Item,MENU0069,Choco Chip Shake - Medium,,,,14.0,pcs,1.1,15.4,Recipe:ING038
Menu Item,MENU0069,Choco Chip Shake - Medium,,,,3.22,litre,72.0,231.84,Recipe:ING002
Menu Item,MENU0069,Choco Chip Shake - Medium,,,,14.0,pcs,0.32,4.48,Recipe:ING040
Menu Item,MENU0069,Choco Chip Shake - Medium,,,,14.0,pcs,0.55,7.7,Recipe:ING039
Menu Item,MENU0069,Choco Chip Shake - Medium,,,,0.2408,litre,90.0,21.67,Recipe:ING019
Menu Item,MENU0070,Choco Chip Shake - Large,,,,0.2275,litre,260.0,59.15,Recipe:ING016
Menu Item,MENU0070,Choco Chip Shake - Large,,,,7.0,pcs,3.2,22.4,Recipe:ING036
Menu Item,MENU0070,Choco Chip Shake - Large,,,,0.2275,litre,210.0,47.77,Recipe:ING004
Menu Item,MENU0070,Choco Chip Shake - Large,,,,1.092,kg,12.0,13.1,Recipe:ING022
Menu Item,MENU0070,Choco Chip Shake - Large,,,,7.0,pcs,1.1,7.7,Recipe:ING038
Menu Item,MENU0070,Choco Chip Shake - Large,,,,1.82,litre,72.0,131.04,Recipe:ING002
Menu Item,MENU0070,Choco Chip Shake - Large,,,,7.0,pcs,0.32,2.24,Recipe:ING040
Menu Item,MENU0070,Choco Chip Shake - Large,,,,7.0,pcs,0.55,3.85,Recipe:ING039
Menu Item,MENU0070,Choco Chip Shake - Large,,,,0.1365,litre,90.0,12.29,Recipe:ING019
Menu Item,MENU0071,Mixed Berry Shake - Regular,,,,14.0,pcs,3.2,44.8,Recipe:ING036
Menu Item,MENU0071,Mixed Berry Shake - Regular,,,,0.35,litre,210.0,73.5,Recipe:ING004
Menu Item,MENU0071,Mixed Berry Shake - Regular,,,,1.68,kg,12.0,20.16,Recipe:ING022
Menu Item,MENU0071,Mixed Berry Shake - Regular,,,,14.0,pcs,1.1,15.4,Recipe:ING038
Menu Item,MENU0071,Mixed Berry Shake - Regular,,,,2.8,litre,72.0,201.6,Recipe:ING002
Menu Item,MENU0071,Mixed Berry Shake - Regular,,,,1.12,kg,420.0,470.4,Recipe:ING025
Menu Item,MENU0071,Mixed Berry Shake - Regular,,,,14.0,pcs,0.32,4.48,Recipe:ING040
Menu Item,MENU0071,Mixed Berry Shake - Regular,,,,14.0,pcs,0.55,7.7,Recipe:ING039
Menu Item,MENU0071,Mixed Berry Shake - Regular,,,,0.21,litre,90.0,18.9,Recipe:ING019
Menu Item,MENU0072,Mixed Berry Shake - Medium,,,,21.0,pcs,3.2,67.2,Recipe:ING036
Menu Item,MENU0072,Mixed Berry Shake - Medium,,,,0.6027,litre,210.0,126.57,Recipe:ING004
Menu Item,MENU0072,Mixed Berry Shake - Medium,,,,2.898,kg,12.0,34.78,Recipe:ING022
Menu Item,MENU0072,Mixed Berry Shake - Medium,,,,21.0,pcs,1.1,23.1,Recipe:ING038
Menu Item,MENU0072,Mixed Berry Shake - Medium,,,,4.83,litre,72.0,347.76,Recipe:ING002
Menu Item,MENU0072,Mixed Berry Shake - Medium,,,,1.932,kg,420.0,811.44,Recipe:ING025
Menu Item,MENU0072,Mixed Berry Shake - Medium,,,,21.0,pcs,0.32,6.72,Recipe:ING040
Menu Item,MENU0072,Mixed Berry Shake - Medium,,,,21.0,pcs,0.55,11.55,Recipe:ING039
Menu Item,MENU0072,Mixed Berry Shake - Medium,,,,0.3612,litre,90.0,32.51,Recipe:ING019
Menu Item,MENU0073,Mixed Berry Shake - Large,,,,5.0,pcs,3.2,16.0,Recipe:ING036
Menu Item,MENU0073,Mixed Berry Shake - Large,,,,0.1625,litre,210.0,34.12,Recipe:ING004
Menu Item,MENU0073,Mixed Berry Shake - Large,,,,0.78,kg,12.0,9.36,Recipe:ING022
Menu Item,MENU0073,Mixed Berry Shake - Large,,,,5.0,pcs,1.1,5.5,Recipe:ING038
Menu Item,MENU0073,Mixed Berry Shake - Large,,,,1.3,litre,72.0,93.6,Recipe:ING002
Menu Item,MENU0073,Mixed Berry Shake - Large,,,,0.52,kg,420.0,218.4,Recipe:ING025
Menu Item,MENU0073,Mixed Berry Shake - Large,,,,5.0,pcs,0.32,1.6,Recipe:ING040
Menu Item,MENU0073,Mixed Berry Shake - Large,,,,5.0,pcs,0.55,2.75,Recipe:ING039
Menu Item,MENU0073,Mixed Berry Shake - Large,,,,0.0975,litre,90.0,8.78,Recipe:ING019
Menu Item,MENU0074,Seasonal Smoothie - Regular,,,,0.72,kg,72.0,51.84,Recipe:ING026
Menu Item,MENU0074,Seasonal Smoothie - Regular,,,,9.0,pcs,3.2,28.8,Recipe:ING036
Menu Item,MENU0074,Seasonal Smoothie - Regular,,,,0.225,litre,210.0,47.25,Recipe:ING004
Menu Item,MENU0074,Seasonal Smoothie - Regular,,,,1.08,kg,12.0,12.96,Recipe:ING022
Menu Item,MENU0074,Seasonal Smoothie - Regular,,,,9.0,pcs,1.1,9.9,Recipe:ING038
Menu Item,MENU0074,Seasonal Smoothie - Regular,,,,1.8,litre,72.0,129.6,Recipe:ING002
Menu Item,MENU0074,Seasonal Smoothie - Regular,,,,9.0,pcs,0.32,2.88,Recipe:ING040
Menu Item,MENU0074,Seasonal Smoothie - Regular,,,,9.0,pcs,0.55,4.95,Recipe:ING039
Menu Item,MENU0074,Seasonal Smoothie - Regular,,,,0.135,litre,90.0,12.15,Recipe:ING019
Menu Item,MENU0075,Seasonal Smoothie - Medium,,,,1.472,kg,72.0,105.98,Recipe:ING026
Menu Item,MENU0075,Seasonal Smoothie - Medium,,,,16.0,pcs,3.2,51.2,Recipe:ING036
Menu Item,MENU0075,Seasonal Smoothie - Medium,,,,0.4592,litre,210.0,96.43,Recipe:ING004
Menu Item,MENU0075,Seasonal Smoothie - Medium,,,,2.208,kg,12.0,26.5,Recipe:ING022
Menu Item,MENU0075,Seasonal Smoothie - Medium,,,,16.0,pcs,1.1,17.6,Recipe:ING038
Menu Item,MENU0075,Seasonal Smoothie - Medium,,,,3.68,litre,72.0,264.96,Recipe:ING002
Menu Item,MENU0075,Seasonal Smoothie - Medium,,,,16.0,pcs,0.32,5.12,Recipe:ING040
Menu Item,MENU0075,Seasonal Smoothie - Medium,,,,16.0,pcs,0.55,8.8,Recipe:ING039
Menu Item,MENU0075,Seasonal Smoothie - Medium,,,,0.2752,litre,90.0,24.77,Recipe:ING019
Menu Item,MENU0076,Seasonal Smoothie - Large,,,,0.416,kg,72.0,29.95,Recipe:ING026
Menu Item,MENU0076,Seasonal Smoothie - Large,,,,4.0,pcs,3.2,12.8,Recipe:ING036
Menu Item,MENU0076,Seasonal Smoothie - Large,,,,0.13,litre,210.0,27.3,Recipe:ING004
Menu Item,MENU0076,Seasonal Smoothie - Large,,,,0.624,kg,12.0,7.49,Recipe:ING022
Menu Item,MENU0076,Seasonal Smoothie - Large,,,,4.0,pcs,1.1,4.4,Recipe:ING038
Menu Item,MENU0076,Seasonal Smoothie - Large,,,,1.04,litre,72.0,74.88,Recipe:ING002
Menu Item,MENU0076,Seasonal Smoothie - Large,,,,4.0,pcs,0.32,1.28,Recipe:ING040
Menu Item,MENU0076,Seasonal Smoothie - Large,,,,4.0,pcs,0.55,2.2,Recipe:ING039
Menu Item,MENU0076,Seasonal Smoothie - Large,,,,0.078,litre,90.0,7.02,Recipe:ING019
Menu Item,MENU0077,Spicy Paneer Wrap,,,,0.8,kg,84.0,67.2,Recipe:ING030
Menu Item,MENU0077,Spicy Paneer Wrap,,,,0.8,kg,280.0,224.0,Recipe:ING033
Menu Item,MENU0077,Spicy Paneer Wrap,,,,0.8,kg,95.0,76.0,Recipe:ING028
Menu Item,MENU0077,Spicy Paneer Wrap,,,,64.0,pcs,0.32,20.48,Recipe:ING040
Menu Item,MENU0077,Spicy Paneer Wrap,,,,0.64,kg,42.0,26.88,Recipe:ING029
Menu Item,MENU0077,Spicy Paneer Wrap,,,,3.52,kg,360.0,1267.2,Recipe:ING005
Menu Item,MENU0077,Spicy Paneer Wrap,,,,32.0,pcs,15.0,480.0,Recipe:ING011
Menu Item,MENU0077,Spicy Paneer Wrap,,,,32.0,pcs,5.8,185.6,Recipe:ING043
Menu Item,MENU0078,Shredded Chicken Wrap,,,,0.725,kg,84.0,60.9,Recipe:ING030
Menu Item,MENU0078,Shredded Chicken Wrap,,,,3.19,kg,330.0,1052.7,Recipe:ING007
Menu Item,MENU0078,Shredded Chicken Wrap,,,,0.725,kg,280.0,203.0,Recipe:ING033
Menu Item,MENU0078,Shredded Chicken Wrap,,,,0.725,kg,95.0,68.88,Recipe:ING028
Menu Item,MENU0078,Shredded Chicken Wrap,,,,58.0,pcs,0.32,18.56,Recipe:ING040
Menu Item,MENU0078,Shredded Chicken Wrap,,,,0.58,kg,42.0,24.36,Recipe:ING029
Menu Item,MENU0078,Shredded Chicken Wrap,,,,29.0,pcs,15.0,435.0,Recipe:ING011
Menu Item,MENU0078,Shredded Chicken Wrap,,,,29.0,pcs,5.8,168.2,Recipe:ING043
Menu Item,MENU0079,Smoked Chipotle Paneer Sandwich,,,,40.0,pcs,12.0,480.0,Recipe:ING009
Menu Item,MENU0079,Smoked Chipotle Paneer Sandwich,,,,0.6,kg,480.0,288.0,Recipe:ING006
Menu Item,MENU0079,Smoked Chipotle Paneer Sandwich,,,,0.4,kg,280.0,112.0,Recipe:ING033
Menu Item,MENU0079,Smoked Chipotle Paneer Sandwich,,,,0.4,kg,95.0,38.0,Recipe:ING028
Menu Item,MENU0079,Smoked Chipotle Paneer Sandwich,,,,40.0,pcs,0.32,12.8,Recipe:ING040
Menu Item,MENU0079,Smoked Chipotle Paneer Sandwich,,,,2.0,kg,360.0,720.0,Recipe:ING005
Menu Item,MENU0079,Smoked Chipotle Paneer Sandwich,,,,20.0,pcs,6.5,130.0,Recipe:ING042
Menu Item,MENU0079,Smoked Chipotle Paneer Sandwich,,,,0.6,kg,54.0,32.4,Recipe:ING031
Menu Item,MENU0080,Pesto Veg Sandwich,,,,50.0,pcs,12.0,600.0,Recipe:ING009
Menu Item,MENU0080,Pesto Veg Sandwich,,,,0.75,kg,480.0,360.0,Recipe:ING006
Menu Item,MENU0080,Pesto Veg Sandwich,,,,0.5,kg,95.0,47.5,Recipe:ING028
Menu Item,MENU0080,Pesto Veg Sandwich,,,,50.0,pcs,0.32,16.0,Recipe:ING040
Menu Item,MENU0080,Pesto Veg Sandwich,,,,2.5,kg,360.0,900.0,Recipe:ING005
Menu Item,MENU0080,Pesto Veg Sandwich,,,,0.5,kg,340.0,170.0,Recipe:ING032
Menu Item,MENU0080,Pesto Veg Sandwich,,,,25.0,pcs,6.5,162.5,Recipe:ING042
Menu Item,MENU0080,Pesto Veg Sandwich,,,,0.75,kg,54.0,40.5,Recipe:ING031
Menu Item,MENU0081,Pepper Chicken Sandwich,,,,28.0,pcs,12.0,336.0,Recipe:ING009
Menu Item,MENU0081,Pepper Chicken Sandwich,,,,0.42,kg,480.0,201.6,Recipe:ING006
Menu Item,MENU0081,Pepper Chicken Sandwich,,,,1.4,kg,330.0,462.0,Recipe:ING007
Menu Item,MENU0081,Pepper Chicken Sandwich,,,,0.28,kg,280.0,78.4,Recipe:ING033
Menu Item,MENU0081,Pepper Chicken Sandwich,,,,0.28,kg,95.0,26.6,Recipe:ING028
Menu Item,MENU0081,Pepper Chicken Sandwich,,,,28.0,pcs,0.32,8.96,Recipe:ING040
Menu Item,MENU0081,Pepper Chicken Sandwich,,,,14.0,pcs,6.5,91.0,Recipe:ING042
Menu Item,MENU0081,Pepper Chicken Sandwich,,,,0.42,kg,54.0,22.68,Recipe:ING031
Menu Item,MENU0082,Tandoori Chicken Sandwich,,,,48.0,pcs,12.0,576.0,Recipe:ING009
Menu Item,MENU0082,Tandoori Chicken Sandwich,,,,0.72,kg,480.0,345.6,Recipe:ING006
Menu Item,MENU0082,Tandoori Chicken Sandwich,,,,2.4,kg,330.0,792.0,Recipe:ING007
Menu Item,MENU0082,Tandoori Chicken Sandwich,,,,0.48,kg,280.0,134.4,Recipe:ING033
Menu Item,MENU0082,Tandoori Chicken Sandwich,,,,0.48,kg,95.0,45.6,Recipe:ING028
Menu Item,MENU0082,Tandoori Chicken Sandwich,,,,48.0,pcs,0.32,15.36,Recipe:ING040
Menu Item,MENU0082,Tandoori Chicken Sandwich,,,,24.0,pcs,6.5,156.0,Recipe:ING042
Menu Item,MENU0082,Tandoori Chicken Sandwich,,,,0.72,kg,54.0,38.88,Recipe:ING031
Menu Item,MENU0083,Chilli Cheese Garlic Toast,,,,0.06,kg,310.0,18.6,Recipe:ING035
Menu Item,MENU0083,Chilli Cheese Garlic Toast,,,,3.0,pcs,12.0,36.0,Recipe:ING009
Menu Item,MENU0083,Chilli Cheese Garlic Toast,,,,0.105,kg,480.0,50.4,Recipe:ING006
Menu Item,MENU0083,Chilli Cheese Garlic Toast,,,,6.0,pcs,0.32,1.92,Recipe:ING040
Menu Item,MENU0083,Chilli Cheese Garlic Toast,,,,3.0,pcs,6.5,19.5,Recipe:ING042
Menu Item,MENU0084,Chicken Pepperoni Avocado Toast,,,,0.24,kg,310.0,74.4,Recipe:ING035
Menu Item,MENU0084,Chicken Pepperoni Avocado Toast,,,,12.0,pcs,12.0,144.0,Recipe:ING009
Menu Item,MENU0084,Chicken Pepperoni Avocado Toast,,,,0.42,kg,480.0,201.6,Recipe:ING006
Menu Item,MENU0084,Chicken Pepperoni Avocado Toast,,,,0.96,kg,330.0,316.8,Recipe:ING007
Menu Item,MENU0084,Chicken Pepperoni Avocado Toast,,,,24.0,pcs,0.32,7.68,Recipe:ING040
Menu Item,MENU0084,Chicken Pepperoni Avocado Toast,,,,12.0,pcs,6.5,78.0,Recipe:ING042
Menu Item,MENU0085,Hummus and Pita Platter,,,,0.18,kg,310.0,55.8,Recipe:ING035
Menu Item,MENU0085,Hummus and Pita Platter,,,,12.0,pcs,12.0,144.0,Recipe:ING009
Menu Item,MENU0085,Hummus and Pita Platter,,,,0.18,kg,95.0,17.1,Recipe:ING028
Menu Item,MENU0085,Hummus and Pita Platter,,,,12.0,pcs,0.32,3.84,Recipe:ING040
Menu Item,MENU0085,Hummus and Pita Platter,,,,6.0,pcs,6.5,39.0,Recipe:ING042
Menu Item,MENU0085,Hummus and Pita Platter,,,,0.24,kg,54.0,12.96,Recipe:ING031
Menu Item,MENU0086,Breakfast Pancakes,,,,0.425,kg,520.0,221.0,Recipe:ING027
Menu Item,MENU0086,Breakfast Pancakes,,,,17.0,pcs,46.0,782.0,Recipe:ING014
Menu Item,MENU0086,Breakfast Pancakes,,,,17.0,pcs,5.0,85.0,Recipe:ING041
Menu Item,MENU0086,Breakfast Pancakes,,,,34.0,pcs,0.32,10.88,Recipe:ING040
Menu Item,MENU0086,Breakfast Pancakes,,,,0.425,litre,90.0,38.25,Recipe:ING019
Menu Item,MENU0087,Cream Cheese Bagel,,,,6.0,pcs,28.0,168.0,Recipe:ING010
Menu Item,MENU0087,Cream Cheese Bagel,,,,0.15,kg,480.0,72.0,Recipe:ING006
Menu Item,MENU0087,Cream Cheese Bagel,,,,0.21,litre,210.0,44.1,Recipe:ING004
Menu Item,MENU0087,Cream Cheese Bagel,,,,12.0,pcs,0.32,3.84,Recipe:ING040
Menu Item,MENU0087,Cream Cheese Bagel,,,,6.0,pcs,6.5,39.0,Recipe:ING042
Menu Item,MENU0088,Scallion Pepper Cream Cheese Bagel,,,,16.0,pcs,28.0,448.0,Recipe:ING010
Menu Item,MENU0088,Scallion Pepper Cream Cheese Bagel,,,,0.4,kg,480.0,192.0,Recipe:ING006
Menu Item,MENU0088,Scallion Pepper Cream Cheese Bagel,,,,0.56,litre,210.0,117.6,Recipe:ING004
Menu Item,MENU0088,Scallion Pepper Cream Cheese Bagel,,,,32.0,pcs,0.32,10.24,Recipe:ING040
Menu Item,MENU0088,Scallion Pepper Cream Cheese Bagel,,,,16.0,pcs,6.5,104.0,Recipe:ING042
Menu Item,MENU0089,Masala Egg Bun,,,,13.0,pcs,12.0,156.0,Recipe:ING009
Menu Item,MENU0089,Masala Egg Bun,,,,0.26,kg,480.0,124.8,Recipe:ING006
Menu Item,MENU0089,Masala Egg Bun,,,,26.0,pcs,7.0,182.0,Recipe:ING008
Menu Item,MENU0089,Masala Egg Bun,,,,26.0,pcs,0.32,8.32,Recipe:ING040
Menu Item,MENU0089,Masala Egg Bun,,,,13.0,pcs,6.5,84.5,Recipe:ING042
Menu Item,MENU0090,Marinara Cheese Pin Wheels,,,,18.0,pcs,12.0,216.0,Recipe:ING009
Menu Item,MENU0090,Marinara Cheese Pin Wheels,,,,0.54,kg,480.0,259.2,Recipe:ING006
Menu Item,MENU0090,Marinara Cheese Pin Wheels,,,,36.0,pcs,0.32,11.52,Recipe:ING040
Menu Item,MENU0090,Marinara Cheese Pin Wheels,,,,0.45,kg,190.0,85.5,Recipe:ING034
Menu Item,MENU0090,Marinara Cheese Pin Wheels,,,,18.0,pcs,6.5,117.0,Recipe:ING042
Menu Item,MENU0091,Pesto Sundried Tomato Pin Wheel,,,,20.0,pcs,12.0,240.0,Recipe:ING009
Menu Item,MENU0091,Pesto Sundried Tomato Pin Wheel,,,,0.6,kg,480.0,288.0,Recipe:ING006
Menu Item,MENU0091,Pesto Sundried Tomato Pin Wheel,,,,40.0,pcs,0.32,12.8,Recipe:ING040
Menu Item,MENU0091,Pesto Sundried Tomato Pin Wheel,,,,0.5,kg,340.0,170.0,Recipe:ING032
Menu Item,MENU0091,Pesto Sundried Tomato Pin Wheel,,,,20.0,pcs,6.5,130.0,Recipe:ING042
Menu Item,MENU0092,Turnover with Brioche Dough Chicken,,,,0.525,kg,480.0,252.0,Recipe:ING006
Menu Item,MENU0092,Turnover with Brioche Dough Chicken,,,,1.68,kg,330.0,554.4,Recipe:ING007
Menu Item,MENU0092,Turnover with Brioche Dough Chicken,,,,21.0,pcs,42.0,882.0,Recipe:ING012
Menu Item,MENU0092,Turnover with Brioche Dough Chicken,,,,42.0,pcs,0.32,13.44,Recipe:ING040
Menu Item,MENU0092,Turnover with Brioche Dough Chicken,,,,21.0,pcs,6.5,136.5,Recipe:ING042
Menu Item,MENU0093,Turnover with Brioche Dough Veg,,,,0.3,kg,480.0,144.0,Recipe:ING006
Menu Item,MENU0093,Turnover with Brioche Dough Veg,,,,12.0,pcs,42.0,504.0,Recipe:ING012
Menu Item,MENU0093,Turnover with Brioche Dough Veg,,,,24.0,pcs,0.32,7.68,Recipe:ING040
Menu Item,MENU0093,Turnover with Brioche Dough Veg,,,,0.96,kg,360.0,345.6,Recipe:ING005
Menu Item,MENU0093,Turnover with Brioche Dough Veg,,,,12.0,pcs,6.5,78.0,Recipe:ING042
Menu Item,MENU0094,Butter Croissant,,,,0.4,kg,520.0,208.0,Recipe:ING027
Menu Item,MENU0094,Butter Croissant,,,,20.0,pcs,42.0,840.0,Recipe:ING012
Menu Item,MENU0094,Butter Croissant,,,,20.0,pcs,5.0,100.0,Recipe:ING041
Menu Item,MENU0094,Butter Croissant,,,,40.0,pcs,0.32,12.8,Recipe:ING040
Menu Item,MENU0095,Almond Croissant,,,,0.34,kg,520.0,176.8,Recipe:ING027
Menu Item,MENU0095,Almond Croissant,,,,17.0,pcs,42.0,714.0,Recipe:ING012
Menu Item,MENU0095,Almond Croissant,,,,17.0,pcs,5.0,85.0,Recipe:ING041
Menu Item,MENU0095,Almond Croissant,,,,34.0,pcs,0.32,10.88,Recipe:ING040
Menu Item,MENU0096,Chocolate Croissant,,,,0.42,kg,520.0,218.4,Recipe:ING027
Menu Item,MENU0096,Chocolate Croissant,,,,0.525,litre,260.0,136.5,Recipe:ING016
Menu Item,MENU0096,Chocolate Croissant,,,,21.0,pcs,42.0,882.0,Recipe:ING012
Menu Item,MENU0096,Chocolate Croissant,,,,21.0,pcs,5.0,105.0,Recipe:ING041
Menu Item,MENU0096,Chocolate Croissant,,,,42.0,pcs,0.32,13.44,Recipe:ING040
Menu Item,MENU0097,Mushroom Cheese Croissant,,,,0.42,kg,520.0,218.4,Recipe:ING027
Menu Item,MENU0097,Mushroom Cheese Croissant,,,,0.735,kg,480.0,352.8,Recipe:ING006
Menu Item,MENU0097,Mushroom Cheese Croissant,,,,21.0,pcs,42.0,882.0,Recipe:ING012
Menu Item,MENU0097,Mushroom Cheese Croissant,,,,21.0,pcs,5.0,105.0,Recipe:ING041
Menu Item,MENU0097,Mushroom Cheese Croissant,,,,42.0,pcs,0.32,13.44,Recipe:ING040
Menu Item,MENU0098,Sriracha Chicken Croissant,,,,0.38,kg,520.0,197.6,Recipe:ING027
Menu Item,MENU0098,Sriracha Chicken Croissant,,,,1.33,kg,330.0,438.9,Recipe:ING007
Menu Item,MENU0098,Sriracha Chicken Croissant,,,,19.0,pcs,42.0,798.0,Recipe:ING012
Menu Item,MENU0098,Sriracha Chicken Croissant,,,,19.0,pcs,5.0,95.0,Recipe:ING041
Menu Item,MENU0098,Sriracha Chicken Croissant,,,,38.0,pcs,0.32,12.16,Recipe:ING040
Menu Item,MENU0099,Cinnamon Roll with Cream Cheese,,,,0.625,litre,210.0,131.25,Recipe:ING004
Menu Item,MENU0099,Cinnamon Roll with Cream Cheese,,,,25.0,pcs,42.0,1050.0,Recipe:ING012
Menu Item,MENU0099,Cinnamon Roll with Cream Cheese,,,,25.0,pcs,5.0,125.0,Recipe:ING041
Menu Item,MENU0099,Cinnamon Roll with Cream Cheese,,,,25.0,pcs,0.32,8.0,Recipe:ING040
Menu Item,MENU0100,Banana Walnut Tea Cake,,,,1.26,kg,72.0,90.72,Recipe:ING026
Menu Item,MENU0100,Banana Walnut Tea Cake,,,,18.0,pcs,46.0,828.0,Recipe:ING014
Menu Item,MENU0100,Banana Walnut Tea Cake,,,,0.45,litre,210.0,94.5,Recipe:ING004
Menu Item,MENU0100,Banana Walnut Tea Cake,,,,18.0,pcs,5.0,90.0,Recipe:ING041
Menu Item,MENU0100,Banana Walnut Tea Cake,,,,18.0,pcs,0.32,5.76,Recipe:ING040
Menu Item,MENU0101,Lemon Raspberry Tea Cake,,,,14.0,pcs,46.0,644.0,Recipe:ING014
Menu Item,MENU0101,Lemon Raspberry Tea Cake,,,,0.35,litre,210.0,73.5,Recipe:ING004
Menu Item,MENU0101,Lemon Raspberry Tea Cake,,,,14.0,pcs,5.0,70.0,Recipe:ING041
Menu Item,MENU0101,Lemon Raspberry Tea Cake,,,,14.0,pcs,0.32,4.48,Recipe:ING040
Menu Item,MENU0102,Double Chocolate Truffle Cake,,,,21.0,pcs,46.0,966.0,Recipe:ING014
Menu Item,MENU0102,Double Chocolate Truffle Cake,,,,0.525,litre,260.0,136.5,Recipe:ING016
Menu Item,MENU0102,Double Chocolate Truffle Cake,,,,0.525,litre,210.0,110.25,Recipe:ING004
Menu Item,MENU0102,Double Chocolate Truffle Cake,,,,21.0,pcs,5.0,105.0,Recipe:ING041
Menu Item,MENU0102,Double Chocolate Truffle Cake,,,,21.0,pcs,0.32,6.72,Recipe:ING040
Menu Item,MENU0103,Banoffee Pie,,,,18.0,pcs,46.0,828.0,Recipe:ING014
Menu Item,MENU0103,Banoffee Pie,,,,0.45,litre,210.0,94.5,Recipe:ING004
Menu Item,MENU0103,Banoffee Pie,,,,18.0,pcs,5.0,90.0,Recipe:ING041
Menu Item,MENU0103,Banoffee Pie,,,,18.0,pcs,0.32,5.76,Recipe:ING040
Menu Item,MENU0104,Classic Chocolate Fudge Brownie,,,,19.0,pcs,34.0,646.0,Recipe:ING013
Menu Item,MENU0104,Classic Chocolate Fudge Brownie,,,,0.855,litre,260.0,222.3,Recipe:ING016
Menu Item,MENU0104,Classic Chocolate Fudge Brownie,,,,19.0,pcs,5.0,95.0,Recipe:ING041
Menu Item,MENU0104,Classic Chocolate Fudge Brownie,,,,19.0,pcs,0.32,6.08,Recipe:ING040
Menu Item,MENU0105,Soft-Centred Caramel Cookie,,,,0.56,kg,520.0,291.2,Recipe:ING027
Menu Item,MENU0105,Soft-Centred Caramel Cookie,,,,15.4,pcs,46.0,708.4,Recipe:ING014
Menu Item,MENU0105,Soft-Centred Caramel Cookie,,,,0.56,litre,250.0,140.0,Recipe:ING017
Menu Item,MENU0105,Soft-Centred Caramel Cookie,,,,28.0,pcs,5.0,140.0,Recipe:ING041
Menu Item,MENU0105,Soft-Centred Caramel Cookie,,,,28.0,pcs,0.32,8.96,Recipe:ING040
Menu Item,MENU0106,Death by Chocolate Cookie,,,,0.56,kg,520.0,291.2,Recipe:ING027
Menu Item,MENU0106,Death by Chocolate Cookie,,,,15.4,pcs,46.0,708.4,Recipe:ING014
Menu Item,MENU0106,Death by Chocolate Cookie,,,,0.7,litre,260.0,182.0,Recipe:ING016
Menu Item,MENU0106,Death by Chocolate Cookie,,,,28.0,pcs,5.0,140.0,Recipe:ING041
Menu Item,MENU0106,Death by Chocolate Cookie,,,,28.0,pcs,0.32,8.96,Recipe:ING040
Menu Item,MENU0107,Jaggery Parmesan Cookie,,,,0.38,kg,520.0,197.6,Recipe:ING027
Menu Item,MENU0107,Jaggery Parmesan Cookie,,,,10.45,pcs,46.0,480.7,Recipe:ING014
Menu Item,MENU0107,Jaggery Parmesan Cookie,,,,19.0,pcs,5.0,95.0,Recipe:ING041
Menu Item,MENU0107,Jaggery Parmesan Cookie,,,,19.0,pcs,0.32,6.08,Recipe:ING040
Menu Item,MENU0108,Apple Pie,,,,13.0,pcs,46.0,598.0,Recipe:ING014
Menu Item,MENU0108,Apple Pie,,,,0.325,litre,210.0,68.25,Recipe:ING004
Menu Item,MENU0108,Apple Pie,,,,13.0,pcs,5.0,65.0,Recipe:ING041
Menu Item,MENU0108,Apple Pie,,,,13.0,pcs,0.32,4.16,Recipe:ING040
Menu Item,MENU0109,Basque Cheesecake,,,,21.0,pcs,72.0,1512.0,Recipe:ING015
Menu Item,MENU0109,Basque Cheesecake,,,,0.525,litre,210.0,110.25,Recipe:ING004
Menu Item,MENU0109,Basque Cheesecake,,,,21.0,pcs,5.0,105.0,Recipe:ING041
Menu Item,MENU0109,Basque Cheesecake,,,,21.0,pcs,0.32,6.72,Recipe:ING040
Menu Item,MENU0110,Multigrain Walnut Tea Cake,,,,18.0,pcs,46.0,828.0,Recipe:ING014
Menu Item,MENU0110,Multigrain Walnut Tea Cake,,,,0.45,litre,210.0,94.5,Recipe:ING004
Menu Item,MENU0110,Multigrain Walnut Tea Cake,,,,18.0,pcs,5.0,90.0,Recipe:ING041
Menu Item,MENU0110,Multigrain Walnut Tea Cake,,,,18.0,pcs,0.32,5.76,Recipe:ING040
Menu Item,MENU0001,Espresso Shot - Solo,,,,0.0096,kg,980.0,9.41,Recipe:ING001
Menu Item,MENU0001,Espresso Shot - Solo,,,,1.0,pcs,2.8,2.8,Recipe:ING037
Menu Item,MENU0001,Espresso Shot - Solo,,,,1.0,pcs,1.1,1.1,Recipe:ING038
Menu Item,MENU0001,Espresso Shot - Solo,,,,1.0,pcs,0.32,0.32,Recipe:ING040
Menu Item,MENU0002,Espresso Shot - Doppio,,,,0.0696,kg,980.0,68.21,Recipe:ING001
Menu Item,MENU0002,Espresso Shot - Doppio,,,,4.0,pcs,2.8,11.2,Recipe:ING037
Menu Item,MENU0002,Espresso Shot - Doppio,,,,4.0,pcs,1.1,4.4,Recipe:ING038
Menu Item,MENU0002,Espresso Shot - Doppio,,,,4.0,pcs,0.32,1.28,Recipe:ING040
Menu Item,MENU0003,Americano - Regular,,,,0.828,kg,980.0,811.44,Recipe:ING001
Menu Item,MENU0003,Americano - Regular,,,,46.0,pcs,2.8,128.8,Recipe:ING037
Menu Item,MENU0003,Americano - Regular,,,,46.0,pcs,1.1,50.6,Recipe:ING038
Menu Item,MENU0003,Americano - Regular,,,,46.0,pcs,0.32,14.72,Recipe:ING040
Menu Item,MENU0003,Americano - Regular,,,,0.69,litre,90.0,62.1,Recipe:ING019
Menu Item,MENU0004,Americano - Medium,,,,0.9936,kg,980.0,973.73,Recipe:ING001
Menu Item,MENU0004,Americano - Medium,,,,48.0,pcs,2.8,134.4,Recipe:ING037
Menu Item,MENU0004,Americano - Medium,,,,48.0,pcs,1.1,52.8,Recipe:ING038
Menu Item,MENU0004,Americano - Medium,,,,48.0,pcs,0.32,15.36,Recipe:ING040
Menu Item,MENU0004,Americano - Medium,,,,0.8256,litre,90.0,74.3,Recipe:ING019
Menu Item,MENU0005,Americano - Large,,,,0.7722,kg,980.0,756.76,Recipe:ING001
Menu Item,MENU0005,Americano - Large,,,,33.0,pcs,2.8,92.4,Recipe:ING037
Menu Item,MENU0005,Americano - Large,,,,33.0,pcs,1.1,36.3,Recipe:ING038
Menu Item,MENU0005,Americano - Large,,,,33.0,pcs,0.32,10.56,Recipe:ING040
Menu Item,MENU0005,Americano - Large,,,,0.6435,litre,90.0,57.91,Recipe:ING019
Menu Item,MENU0006,Latte - Regular,,,,1.116,kg,980.0,1093.68,Recipe:ING001
Menu Item,MENU0006,Latte - Regular,,,,62.0,pcs,2.8,173.6,Recipe:ING037
Menu Item,MENU0006,Latte - Regular,,,,62.0,pcs,1.1,68.2,Recipe:ING038
Menu Item,MENU0006,Latte - Regular,,,,11.16,litre,72.0,803.52,Recipe:ING002
Menu Item,MENU0006,Latte - Regular,,,,62.0,pcs,0.32,19.84,Recipe:ING040
Menu Item,MENU0006,Latte - Regular,,,,0.93,litre,90.0,83.7,Recipe:ING019
Menu Item,MENU0007,Latte - Medium,,,,1.0557,kg,980.0,1034.59,Recipe:ING001
Menu Item,MENU0007,Latte - Medium,,,,51.0,pcs,2.8,142.8,Recipe:ING037
Menu Item,MENU0007,Latte - Medium,,,,51.0,pcs,1.1,56.1,Recipe:ING038
Menu Item,MENU0007,Latte - Medium,,,,10.557,litre,72.0,760.1,Recipe:ING002
Menu Item,MENU0007,Latte - Medium,,,,51.0,pcs,0.32,16.32,Recipe:ING040
Menu Item,MENU0007,Latte - Medium,,,,0.8772,litre,90.0,78.95,Recipe:ING019
Menu Item,MENU0008,Latte - Large,,,,0.819,kg,980.0,802.62,Recipe:ING001
Menu Item,MENU0008,Latte - Large,,,,35.0,pcs,2.8,98.0,Recipe:ING037
Menu Item,MENU0008,Latte - Large,,,,35.0,pcs,1.1,38.5,Recipe:ING038
Menu Item,MENU0008,Latte - Large,,,,8.19,litre,72.0,589.68,Recipe:ING002
Menu Item,MENU0008,Latte - Large,,,,35.0,pcs,0.32,11.2,Recipe:ING040
Menu Item,MENU0008,Latte - Large,,,,0.6825,litre,90.0,61.42,Recipe:ING019
Menu Item,MENU0009,Cappuccino - Regular,,,,0.936,kg,980.0,917.28,Recipe:ING001
Menu Item,MENU0009,Cappuccino - Regular,,,,52.0,pcs,2.8,145.6,Recipe:ING037
Menu Item,MENU0009,Cappuccino - Regular,,,,52.0,pcs,1.1,57.2,Recipe:ING038
Menu Item,MENU0009,Cappuccino - Regular,,,,9.36,litre,72.0,673.92,Recipe:ING002
Menu Item,MENU0009,Cappuccino - Regular,,,,52.0,pcs,0.32,16.64,Recipe:ING040
Menu Item,MENU0009,Cappuccino - Regular,,,,0.78,litre,90.0,70.2,Recipe:ING019
Menu Item,MENU0010,Cappuccino - Medium,,,,0.8694,kg,980.0,852.01,Recipe:ING001
Menu Item,MENU0010,Cappuccino - Medium,,,,42.0,pcs,2.8,117.6,Recipe:ING037
Menu Item,MENU0010,Cappuccino - Medium,,,,42.0,pcs,1.1,46.2,Recipe:ING038
Menu Item,MENU0010,Cappuccino - Medium,,,,8.694,litre,72.0,625.97,Recipe:ING002
Menu Item,MENU0010,Cappuccino - Medium,,,,42.0,pcs,0.32,13.44,Recipe:ING040
Menu Item,MENU0010,Cappuccino - Medium,,,,0.7224,litre,90.0,65.02,Recipe:ING019
Menu Item,MENU0011,Cappuccino - Large,,,,0.8658,kg,980.0,848.48,Recipe:ING001
Menu Item,MENU0011,Cappuccino - Large,,,,37.0,pcs,2.8,103.6,Recipe:ING037
Menu Item,MENU0011,Cappuccino - Large,,,,37.0,pcs,1.1,40.7,Recipe:ING038
Menu Item,MENU0011,Cappuccino - Large,,,,8.658,litre,72.0,623.38,Recipe:ING002
Menu Item,MENU0011,Cappuccino - Large,,,,37.0,pcs,0.32,11.84,Recipe:ING040
Menu Item,MENU0011,Cappuccino - Large,,,,0.7215,litre,90.0,64.94,Recipe:ING019
Menu Item,MENU0012,Flat White - Regular,,,,1.026,kg,980.0,1005.48,Recipe:ING001
Menu Item,MENU0012,Flat White - Regular,,,,57.0,pcs,2.8,159.6,Recipe:ING037
Menu Item,MENU0012,Flat White - Regular,,,,57.0,pcs,1.1,62.7,Recipe:ING038
Menu Item,MENU0012,Flat White - Regular,,,,10.26,litre,72.0,738.72,Recipe:ING002
Menu Item,MENU0012,Flat White - Regular,,,,57.0,pcs,0.32,18.24,Recipe:ING040
Menu Item,MENU0012,Flat White - Regular,,,,0.855,litre,90.0,76.95,Recipe:ING019
Menu Item,MENU0013,Flat White - Medium,,,,0.9729,kg,980.0,953.44,Recipe:ING001
Menu Item,MENU0013,Flat White - Medium,,,,47.0,pcs,2.8,131.6,Recipe:ING037
Menu Item,MENU0013,Flat White - Medium,,,,47.0,pcs,1.1,51.7,Recipe:ING038
Menu Item,MENU0013,Flat White - Medium,,,,9.729,litre,72.0,700.49,Recipe:ING002
Menu Item,MENU0013,Flat White - Medium,,,,47.0,pcs,0.32,15.04,Recipe:ING040
Menu Item,MENU0013,Flat White - Medium,,,,0.8084,litre,90.0,72.76,Recipe:ING019
Menu Item,MENU0014,Flat White - Large,,,,0.6318,kg,980.0,619.16,Recipe:ING001
Menu Item,MENU0014,Flat White - Large,,,,27.0,pcs,2.8,75.6,Recipe:ING037
Menu Item,MENU0014,Flat White - Large,,,,27.0,pcs,1.1,29.7,Recipe:ING038
Menu Item,MENU0014,Flat White - Large,,,,6.318,litre,72.0,454.9,Recipe:ING002
Menu Item,MENU0014,Flat White - Large,,,,27.0,pcs,0.32,8.64,Recipe:ING040
Menu Item,MENU0014,Flat White - Large,,,,0.5265,litre,90.0,47.38,Recipe:ING019
Menu Item,MENU0015,Mocha - Regular,,,,0.9,litre,260.0,234.0,Recipe:ING016
Menu Item,MENU0015,Mocha - Regular,,,,0.648,kg,980.0,635.04,Recipe:ING001
Menu Item,MENU0015,Mocha - Regular,,,,36.0,pcs,2.8,100.8,Recipe:ING037
Menu Item,MENU0015,Mocha - Regular,,,,36.0,pcs,1.1,39.6,Recipe:ING038
Menu Item,MENU0015,Mocha - Regular,,,,6.48,litre,72.0,466.56,Recipe:ING002
Menu Item,MENU0015,Mocha - Regular,,,,36.0,pcs,0.32,11.52,Recipe:ING040
Menu Item,MENU0015,Mocha - Regular,,,,0.54,litre,90.0,48.6,Recipe:ING019
Menu Item,MENU0016,Mocha - Medium,,,,1.6933,litre,260.0,440.26,Recipe:ING016
Menu Item,MENU0016,Mocha - Medium,,,,1.2213,kg,980.0,1196.87,Recipe:ING001
Menu Item,MENU0016,Mocha - Medium,,,,59.0,pcs,2.8,165.2,Recipe:ING037
Menu Item,MENU0016,Mocha - Medium,,,,59.0,pcs,1.1,64.9,Recipe:ING038
Menu Item,MENU0016,Mocha - Medium,,,,12.213,litre,72.0,879.34,Recipe:ING002
Menu Item,MENU0016,Mocha - Medium,,,,59.0,pcs,0.32,18.88,Recipe:ING040
Menu Item,MENU0016,Mocha - Medium,,,,1.0148,litre,90.0,91.33,Recipe:ING019
Menu Item,MENU0017,Mocha - Large,,,,1.0075,litre,260.0,261.95,Recipe:ING016
Menu Item,MENU0017,Mocha - Large,,,,0.7254,kg,980.0,710.89,Recipe:ING001
Menu Item,MENU0017,Mocha - Large,,,,31.0,pcs,2.8,86.8,Recipe:ING037
Menu Item,MENU0017,Mocha - Large,,,,31.0,pcs,1.1,34.1,Recipe:ING038
Menu Item,MENU0017,Mocha - Large,,,,7.254,litre,72.0,522.29,Recipe:ING002
Menu Item,MENU0017,Mocha - Large,,,,31.0,pcs,0.32,9.92,Recipe:ING040
Menu Item,MENU0017,Mocha - Large,,,,0.6045,litre,90.0,54.41,Recipe:ING019
Menu Item,MENU0018,Sea Salt Mocha - Regular,,,,0.6,litre,260.0,156.0,Recipe:ING016
Menu Item,MENU0018,Sea Salt Mocha - Regular,,,,0.432,kg,980.0,423.36,Recipe:ING001
Menu Item,MENU0018,Sea Salt Mocha - Regular,,,,24.0,pcs,2.8,67.2,Recipe:ING037
Menu Item,MENU0018,Sea Salt Mocha - Regular,,,,24.0,pcs,1.1,26.4,Recipe:ING038
Menu Item,MENU0018,Sea Salt Mocha - Regular,,,,4.32,litre,72.0,311.04,Recipe:ING002
Menu Item,MENU0018,Sea Salt Mocha - Regular,,,,24.0,pcs,0.32,7.68,Recipe:ING040
Menu Item,MENU0018,Sea Salt Mocha - Regular,,,,0.36,litre,90.0,32.4,Recipe:ING019
Menu Item,MENU0019,Sea Salt Mocha - Medium,,,,0.9471,litre,260.0,246.25,Recipe:ING016
Menu Item,MENU0019,Sea Salt Mocha - Medium,,,,0.6831,kg,980.0,669.44,Recipe:ING001
Menu Item,MENU0019,Sea Salt Mocha - Medium,,,,33.0,pcs,2.8,92.4,Recipe:ING037
Menu Item,MENU0019,Sea Salt Mocha - Medium,,,,33.0,pcs,1.1,36.3,Recipe:ING038
Menu Item,MENU0019,Sea Salt Mocha - Medium,,,,6.831,litre,72.0,491.83,Recipe:ING002
Menu Item,MENU0019,Sea Salt Mocha - Medium,,,,33.0,pcs,0.32,10.56,Recipe:ING040
Menu Item,MENU0019,Sea Salt Mocha - Medium,,,,0.5676,litre,90.0,51.08,Recipe:ING019
Menu Item,MENU0020,Sea Salt Mocha - Large,,,,0.78,litre,260.0,202.8,Recipe:ING016
Menu Item,MENU0020,Sea Salt Mocha - Large,,,,0.5616,kg,980.0,550.37,Recipe:ING001
Menu Item,MENU0020,Sea Salt Mocha - Large,,,,24.0,pcs,2.8,67.2,Recipe:ING037
Menu Item,MENU0020,Sea Salt Mocha - Large,,,,24.0,pcs,1.1,26.4,Recipe:ING038
Menu Item,MENU0020,Sea Salt Mocha - Large,,,,5.616,litre,72.0,404.35,Recipe:ING002
Menu Item,MENU0020,Sea Salt Mocha - Large,,,,24.0,pcs,0.32,7.68,Recipe:ING040
Menu Item,MENU0020,Sea Salt Mocha - Large,,,,0.468,litre,90.0,42.12,Recipe:ING019
Menu Item,MENU0021,Orange Zest Mocha - Regular,,,,0.875,litre,260.0,227.5,Recipe:ING016
Menu Item,MENU0021,Orange Zest Mocha - Regular,,,,0.63,kg,980.0,617.4,Recipe:ING001
Menu Item,MENU0021,Orange Zest Mocha - Regular,,,,35.0,pcs,2.8,98.0,Recipe:ING037
Menu Item,MENU0021,Orange Zest Mocha - Regular,,,,35.0,pcs,1.1,38.5,Recipe:ING038
Menu Item,MENU0021,Orange Zest Mocha - Regular,,,,6.3,litre,72.0,453.6,Recipe:ING002
Menu Item,MENU0021,Orange Zest Mocha - Regular,,,,35.0,pcs,0.32,11.2,Recipe:ING040
Menu Item,MENU0021,Orange Zest Mocha - Regular,,,,0.525,litre,90.0,47.25,Recipe:ING019
Menu Item,MENU0022,Orange Zest Mocha - Medium,,,,0.8323,litre,260.0,216.4,Recipe:ING016
Menu Item,MENU0022,Orange Zest Mocha - Medium,,,,0.6003,kg,980.0,588.29,Recipe:ING001
Menu Item,MENU0022,Orange Zest Mocha - Medium,,,,29.0,pcs,2.8,81.2,Recipe:ING037
Menu Item,MENU0022,Orange Zest Mocha - Medium,,,,29.0,pcs,1.1,31.9,Recipe:ING038
Menu Item,MENU0022,Orange Zest Mocha - Medium,,,,6.003,litre,72.0,432.22,Recipe:ING002
Menu Item,MENU0022,Orange Zest Mocha - Medium,,,,29.0,pcs,0.32,9.28,Recipe:ING040
Menu Item,MENU0022,Orange Zest Mocha - Medium,,,,0.4988,litre,90.0,44.89,Recipe:ING019
Menu Item,MENU0023,Orange Zest Mocha - Large,,,,0.91,litre,260.0,236.6,Recipe:ING016
Menu Item,MENU0023,Orange Zest Mocha - Large,,,,0.6552,kg,980.0,642.1,Recipe:ING001
Menu Item,MENU0023,Orange Zest Mocha - Large,,,,28.0,pcs,2.8,78.4,Recipe:ING037
Menu Item,MENU0023,Orange Zest Mocha - Large,,,,28.0,pcs,1.1,30.8,Recipe:ING038
Menu Item,MENU0023,Orange Zest Mocha - Large,,,,6.552,litre,72.0,471.74,Recipe:ING002
Menu Item,MENU0023,Orange Zest Mocha - Large,,,,28.0,pcs,0.32,8.96,Recipe:ING040
Menu Item,MENU0023,Orange Zest Mocha - Large,,,,0.546,litre,90.0,49.14,Recipe:ING019
Menu Item,MENU0024,Caramel Macchiato - Regular,,,,0.675,litre,250.0,168.75,Recipe:ING017
Menu Item,MENU0024,Caramel Macchiato - Regular,,,,0.486,kg,980.0,476.28,Recipe:ING001
Menu Item,MENU0024,Caramel Macchiato - Regular,,,,27.0,pcs,2.8,75.6,Recipe:ING037
Menu Item,MENU0024,Caramel Macchiato - Regular,,,,27.0,pcs,1.1,29.7,Recipe:ING038
Menu Item,MENU0024,Caramel Macchiato - Regular,,,,4.86,litre,72.0,349.92,Recipe:ING002
Menu Item,MENU0024,Caramel Macchiato - Regular,,,,27.0,pcs,0.32,8.64,Recipe:ING040
Menu Item,MENU0024,Caramel Macchiato - Regular,,,,0.405,litre,90.0,36.45,Recipe:ING019
Menu Item,MENU0025,Caramel Macchiato - Medium,,,,0.9758,litre,250.0,243.95,Recipe:ING017
Menu Item,MENU0025,Caramel Macchiato - Medium,,,,0.7038,kg,980.0,689.72,Recipe:ING001
Menu Item,MENU0025,Caramel Macchiato - Medium,,,,34.0,pcs,2.8,95.2,Recipe:ING037
Menu Item,MENU0025,Caramel Macchiato - Medium,,,,34.0,pcs,1.1,37.4,Recipe:ING038
Menu Item,MENU0025,Caramel Macchiato - Medium,,,,7.038,litre,72.0,506.74,Recipe:ING002
Menu Item,MENU0025,Caramel Macchiato - Medium,,,,34.0,pcs,0.32,10.88,Recipe:ING040
Menu Item,MENU0025,Caramel Macchiato - Medium,,,,0.5848,litre,90.0,52.63,Recipe:ING019
Menu Item,MENU0026,Caramel Macchiato - Large,,,,0.7475,litre,250.0,186.88,Recipe:ING017
Menu Item,MENU0026,Caramel Macchiato - Large,,,,0.5382,kg,980.0,527.44,Recipe:ING001
Menu Item,MENU0026,Caramel Macchiato - Large,,,,23.0,pcs,2.8,64.4,Recipe:ING037
Menu Item,MENU0026,Caramel Macchiato - Large,,,,23.0,pcs,1.1,25.3,Recipe:ING038
Menu Item,MENU0026,Caramel Macchiato - Large,,,,5.382,litre,72.0,387.5,Recipe:ING002
Menu Item,MENU0026,Caramel Macchiato - Large,,,,23.0,pcs,0.32,7.36,Recipe:ING040
Menu Item,MENU0026,Caramel Macchiato - Large,,,,0.4485,litre,90.0,40.37,Recipe:ING019
Menu Item,MENU0027,French Vanilla Latte - Regular,,,,0.594,kg,980.0,582.12,Recipe:ING001
Menu Item,MENU0027,French Vanilla Latte - Regular,,,,33.0,pcs,2.8,92.4,Recipe:ING037
Menu Item,MENU0027,French Vanilla Latte - Regular,,,,33.0,pcs,1.1,36.3,Recipe:ING038
Menu Item,MENU0027,French Vanilla Latte - Regular,,,,5.94,litre,72.0,427.68,Recipe:ING002
Menu Item,MENU0027,French Vanilla Latte - Regular,,,,33.0,pcs,0.32,10.56,Recipe:ING040
Menu Item,MENU0027,French Vanilla Latte - Regular,,,,0.495,litre,90.0,44.55,Recipe:ING019
Menu Item,MENU0027,French Vanilla Latte - Regular,,,,0.825,litre,240.0,198.0,Recipe:ING018
Menu Item,MENU0028,French Vanilla Latte - Medium,,,,0.7659,kg,980.0,750.58,Recipe:ING001
Menu Item,MENU0028,French Vanilla Latte - Medium,,,,37.0,pcs,2.8,103.6,Recipe:ING037
Menu Item,MENU0028,French Vanilla Latte - Medium,,,,37.0,pcs,1.1,40.7,Recipe:ING038
Menu Item,MENU0028,French Vanilla Latte - Medium,,,,7.659,litre,72.0,551.45,Recipe:ING002
Menu Item,MENU0028,French Vanilla Latte - Medium,,,,37.0,pcs,0.32,11.84,Recipe:ING040
Menu Item,MENU0028,French Vanilla Latte - Medium,,,,0.6364,litre,90.0,57.28,Recipe:ING019
Menu Item,MENU0028,French Vanilla Latte - Medium,,,,1.0619,litre,240.0,254.86,Recipe:ING018
Menu Item,MENU0029,French Vanilla Latte - Large,,,,0.4446,kg,980.0,435.71,Recipe:ING001
Menu Item,MENU0029,French Vanilla Latte - Large,,,,19.0,pcs,2.8,53.2,Recipe:ING037
Menu Item,MENU0029,French Vanilla Latte - Large,,,,19.0,pcs,1.1,20.9,Recipe:ING038
Menu Item,MENU0029,French Vanilla Latte - Large,,,,4.446,litre,72.0,320.11,Recipe:ING002
Menu Item,MENU0029,French Vanilla Latte - Large,,,,19.0,pcs,0.32,6.08,Recipe:ING040
Menu Item,MENU0029,French Vanilla Latte - Large,,,,0.3705,litre,90.0,33.34,Recipe:ING019
Menu Item,MENU0029,French Vanilla Latte - Large,,,,0.6175,litre,240.0,148.2,Recipe:ING018
Menu Item,MENU0030,Vegan Iced Latte - Regular,,,,0.846,kg,980.0,829.08,Recipe:ING001
Menu Item,MENU0030,Vegan Iced Latte - Regular,,,,47.0,pcs,3.2,150.4,Recipe:ING036
Menu Item,MENU0030,Vegan Iced Latte - Regular,,,,5.64,kg,12.0,67.68,Recipe:ING022
Menu Item,MENU0030,Vegan Iced Latte - Regular,,,,47.0,pcs,1.1,51.7,Recipe:ING038
Menu Item,MENU0030,Vegan Iced Latte - Regular,,,,47.0,pcs,0.32,15.04,Recipe:ING040
Menu Item,MENU0030,Vegan Iced Latte - Regular,,,,8.46,litre,185.0,1565.1,Recipe:ING003
Menu Item,MENU0030,Vegan Iced Latte - Regular,,,,47.0,pcs,0.55,25.85,Recipe:ING039
Menu Item,MENU0030,Vegan Iced Latte - Regular,,,,0.705,litre,90.0,63.45,Recipe:ING019
Menu Item,MENU0031,Vegan Iced Latte - Medium,,,,0.7038,kg,980.0,689.72,Recipe:ING001
Menu Item,MENU0031,Vegan Iced Latte - Medium,,,,34.0,pcs,3.2,108.8,Recipe:ING036
Menu Item,MENU0031,Vegan Iced Latte - Medium,,,,4.692,kg,12.0,56.3,Recipe:ING022
Menu Item,MENU0031,Vegan Iced Latte - Medium,,,,34.0,pcs,1.1,37.4,Recipe:ING038
Menu Item,MENU0031,Vegan Iced Latte - Medium,,,,34.0,pcs,0.32,10.88,Recipe:ING040
Menu Item,MENU0031,Vegan Iced Latte - Medium,,,,7.038,litre,185.0,1302.03,Recipe:ING003
Menu Item,MENU0031,Vegan Iced Latte - Medium,,,,34.0,pcs,0.55,18.7,Recipe:ING039
Menu Item,MENU0031,Vegan Iced Latte - Medium,,,,0.5848,litre,90.0,52.63,Recipe:ING019
Menu Item,MENU0032,Vegan Iced Latte - Large,,,,0.702,kg,980.0,687.96,Recipe:ING001
Menu Item,MENU0032,Vegan Iced Latte - Large,,,,30.0,pcs,3.2,96.0,Recipe:ING036
Menu Item,MENU0032,Vegan Iced Latte - Large,,,,4.68,kg,12.0,56.16,Recipe:ING022
Menu Item,MENU0032,Vegan Iced Latte - Large,,,,30.0,pcs,1.1,33.0,Recipe:ING038
Menu Item,MENU0032,Vegan Iced Latte - Large,,,,30.0,pcs,0.32,9.6,Recipe:ING040
Menu Item,MENU0032,Vegan Iced Latte - Large,,,,7.02,litre,185.0,1298.7,Recipe:ING003
Menu Item,MENU0032,Vegan Iced Latte - Large,,,,30.0,pcs,0.55,16.5,Recipe:ING039
Menu Item,MENU0032,Vegan Iced Latte - Large,,,,0.585,litre,90.0,52.65,Recipe:ING019
Menu Item,MENU0033,Classic Cold Brew - Regular,,,,0.522,kg,980.0,511.56,Recipe:ING001
Menu Item,MENU0033,Classic Cold Brew - Regular,,,,29.0,pcs,3.2,92.8,Recipe:ING036
Menu Item,MENU0033,Classic Cold Brew - Regular,,,,3.48,kg,12.0,41.76,Recipe:ING022
Menu Item,MENU0033,Classic Cold Brew - Regular,,,,29.0,pcs,1.1,31.9,Recipe:ING038
Menu Item,MENU0033,Classic Cold Brew - Regular,,,,29.0,pcs,0.32,9.28,Recipe:ING040
Menu Item,MENU0033,Classic Cold Brew - Regular,,,,29.0,pcs,0.55,15.95,Recipe:ING039
Menu Item,MENU0033,Classic Cold Brew - Regular,,,,0.435,litre,90.0,39.15,Recipe:ING019
Menu Item,MENU0034,Classic Cold Brew - Medium,,,,0.3933,kg,980.0,385.43,Recipe:ING001
Menu Item,MENU0034,Classic Cold Brew - Medium,,,,19.0,pcs,3.2,60.8,Recipe:ING036
Menu Item,MENU0034,Classic Cold Brew - Medium,,,,2.622,kg,12.0,31.46,Recipe:ING022
Menu Item,MENU0034,Classic Cold Brew - Medium,,,,19.0,pcs,1.1,20.9,Recipe:ING038
Menu Item,MENU0034,Classic Cold Brew - Medium,,,,19.0,pcs,0.32,6.08,Recipe:ING040
Menu Item,MENU0034,Classic Cold Brew - Medium,,,,19.0,pcs,0.55,10.45,Recipe:ING039
Menu Item,MENU0034,Classic Cold Brew - Medium,,,,0.3268,litre,90.0,29.41,Recipe:ING019
Menu Item,MENU0035,Classic Cold Brew - Large,,,,0.3744,kg,980.0,366.91,Recipe:ING001
Menu Item,MENU0035,Classic Cold Brew - Large,,,,16.0,pcs,3.2,51.2,Recipe:ING036
Menu Item,MENU0035,Classic Cold Brew - Large,,,,2.496,kg,12.0,29.95,Recipe:ING022
Menu Item,MENU0035,Classic Cold Brew - Large,,,,16.0,pcs,1.1,17.6,Recipe:ING038
Menu Item,MENU0035,Classic Cold Brew - Large,,,,16.0,pcs,0.32,5.12,Recipe:ING040
Menu Item,MENU0035,Classic Cold Brew - Large,,,,16.0,pcs,0.55,8.8,Recipe:ING039
Menu Item,MENU0035,Classic Cold Brew - Large,,,,0.312,litre,90.0,28.08,Recipe:ING019
Menu Item,MENU0036,Coffee Lemonade - Regular,,,,0.378,kg,980.0,370.44,Recipe:ING001
Menu Item,MENU0036,Coffee Lemonade - Regular,,,,21.0,pcs,3.2,67.2,Recipe:ING036
Menu Item,MENU0036,Coffee Lemonade - Regular,,,,2.52,kg,12.0,30.24,Recipe:ING022
Menu Item,MENU0036,Coffee Lemonade - Regular,,,,0.735,kg,110.0,80.85,Recipe:ING023
Menu Item,MENU0036,Coffee Lemonade - Regular,,,,21.0,pcs,1.1,23.1,Recipe:ING038
Menu Item,MENU0036,Coffee Lemonade - Regular,,,,21.0,pcs,0.32,6.72,Recipe:ING040
Menu Item,MENU0036,Coffee Lemonade - Regular,,,,21.0,pcs,0.55,11.55,Recipe:ING039
Menu Item,MENU0036,Coffee Lemonade - Regular,,,,0.315,litre,90.0,28.35,Recipe:ING019
Menu Item,MENU0037,Coffee Lemonade - Medium,,,,0.2277,kg,980.0,223.15,Recipe:ING001
Menu Item,MENU0037,Coffee Lemonade - Medium,,,,11.0,pcs,3.2,35.2,Recipe:ING036
Menu Item,MENU0037,Coffee Lemonade - Medium,,,,1.518,kg,12.0,18.22,Recipe:ING022
Menu Item,MENU0037,Coffee Lemonade - Medium,,,,0.4433,kg,110.0,48.76,Recipe:ING023
Menu Item,MENU0037,Coffee Lemonade - Medium,,,,11.0,pcs,1.1,12.1,Recipe:ING038
Menu Item,MENU0037,Coffee Lemonade - Medium,,,,11.0,pcs,0.32,3.52,Recipe:ING040
Menu Item,MENU0037,Coffee Lemonade - Medium,,,,11.0,pcs,0.55,6.05,Recipe:ING039
Menu Item,MENU0037,Coffee Lemonade - Medium,,,,0.1892,litre,90.0,17.03,Recipe:ING019
Menu Item,MENU0038,Coffee Lemonade - Large,,,,0.3276,kg,980.0,321.05,Recipe:ING001
Menu Item,MENU0038,Coffee Lemonade - Large,,,,14.0,pcs,3.2,44.8,Recipe:ING036
Menu Item,MENU0038,Coffee Lemonade - Large,,,,2.184,kg,12.0,26.21,Recipe:ING022
Menu Item,MENU0038,Coffee Lemonade - Large,,,,0.637,kg,110.0,70.07,Recipe:ING023
Menu Item,MENU0038,Coffee Lemonade - Large,,,,14.0,pcs,1.1,15.4,Recipe:ING038
Menu Item,MENU0038,Coffee Lemonade - Large,,,,14.0,pcs,0.32,4.48,Recipe:ING040
Menu Item,MENU0038,Coffee Lemonade - Large,,,,14.0,pcs,0.55,7.7,Recipe:ING039
Menu Item,MENU0038,Coffee Lemonade - Large,,,,0.273,litre,90.0,24.57,Recipe:ING019
Menu Item,MENU0039,Vietnamese Shakerato - Regular,,,,0.378,kg,980.0,370.44,Recipe:ING001
Menu Item,MENU0039,Vietnamese Shakerato - Regular,,,,21.0,pcs,3.2,67.2,Recipe:ING036
Menu Item,MENU0039,Vietnamese Shakerato - Regular,,,,2.52,kg,12.0,30.24,Recipe:ING022
Menu Item,MENU0039,Vietnamese Shakerato - Regular,,,,21.0,pcs,1.1,23.1,Recipe:ING038
Menu Item,MENU0039,Vietnamese Shakerato - Regular,,,,21.0,pcs,0.32,6.72,Recipe:ING040
Menu Item,MENU0039,Vietnamese Shakerato - Regular,,,,21.0,pcs,0.55,11.55,Recipe:ING039
Menu Item,MENU0039,Vietnamese Shakerato - Regular,,,,0.315,litre,90.0,28.35,Recipe:ING019
Menu Item,MENU0040,Vietnamese Shakerato - Medium,,,,0.4554,kg,980.0,446.29,Recipe:ING001
Menu Item,MENU0040,Vietnamese Shakerato - Medium,,,,22.0,pcs,3.2,70.4,Recipe:ING036
Menu Item,MENU0040,Vietnamese Shakerato - Medium,,,,3.036,kg,12.0,36.43,Recipe:ING022
Menu Item,MENU0040,Vietnamese Shakerato - Medium,,,,22.0,pcs,1.1,24.2,Recipe:ING038
Menu Item,MENU0040,Vietnamese Shakerato - Medium,,,,22.0,pcs,0.32,7.04,Recipe:ING040
Menu Item,MENU0040,Vietnamese Shakerato - Medium,,,,22.0,pcs,0.55,12.1,Recipe:ING039
Menu Item,MENU0040,Vietnamese Shakerato - Medium,,,,0.3784,litre,90.0,34.06,Recipe:ING019
Menu Item,MENU0041,Vietnamese Shakerato - Large,,,,0.2808,kg,980.0,275.18,Recipe:ING001
Menu Item,MENU0041,Vietnamese Shakerato - Large,,,,12.0,pcs,3.2,38.4,Recipe:ING036
Menu Item,MENU0041,Vietnamese Shakerato - Large,,,,1.872,kg,12.0,22.46,Recipe:ING022
Menu Item,MENU0041,Vietnamese Shakerato - Large,,,,12.0,pcs,1.1,13.2,Recipe:ING038
Menu Item,MENU0041,Vietnamese Shakerato - Large,,,,12.0,pcs,0.32,3.84,Recipe:ING040
Menu Item,MENU0041,Vietnamese Shakerato - Large,,,,12.0,pcs,0.55,6.6,Recipe:ING039
Menu Item,MENU0041,Vietnamese Shakerato - Large,,,,0.234,litre,90.0,21.06,Recipe:ING019
Menu Item,MENU0042,Classic Cold Coffee - Regular,,,,0.81,kg,980.0,793.8,Recipe:ING001
Menu Item,MENU0042,Classic Cold Coffee - Regular,,,,45.0,pcs,3.2,144.0,Recipe:ING036
Menu Item,MENU0042,Classic Cold Coffee - Regular,,,,5.4,kg,12.0,64.8,Recipe:ING022
Menu Item,MENU0042,Classic Cold Coffee - Regular,,,,45.0,pcs,1.1,49.5,Recipe:ING038
Menu Item,MENU0042,Classic Cold Coffee - Regular,,,,8.1,litre,72.0,583.2,Recipe:ING002
Menu Item,MENU0042,Classic Cold Coffee - Regular,,,,45.0,pcs,0.32,14.4,Recipe:ING040
Menu Item,MENU0042,Classic Cold Coffee - Regular,,,,45.0,pcs,0.55,24.75,Recipe:ING039
Menu Item,MENU0042,Classic Cold Coffee - Regular,,,,0.675,litre,90.0,60.75,Recipe:ING019
Menu Item,MENU0043,Classic Cold Coffee - Medium,,,,0.7245,kg,980.0,710.01,Recipe:ING001
Menu Item,MENU0043,Classic Cold Coffee - Medium,,,,35.0,pcs,3.2,112.0,Recipe:ING036
Menu Item,MENU0043,Classic Cold Coffee - Medium,,,,4.83,kg,12.0,57.96,Recipe:ING022
Menu Item,MENU0043,Classic Cold Coffee - Medium,,,,35.0,pcs,1.1,38.5,Recipe:ING038
Menu Item,MENU0043,Classic Cold Coffee - Medium,,,,7.245,litre,72.0,521.64,Recipe:ING002
Menu Item,MENU0043,Classic Cold Coffee - Medium,,,,35.0,pcs,0.32,11.2,Recipe:ING040
Menu Item,MENU0043,Classic Cold Coffee - Medium,,,,35.0,pcs,0.55,19.25,Recipe:ING039
Menu Item,MENU0043,Classic Cold Coffee - Medium,,,,0.602,litre,90.0,54.18,Recipe:ING019
Menu Item,MENU0044,Classic Cold Coffee - Large,,,,0.702,kg,980.0,687.96,Recipe:ING001
Menu Item,MENU0044,Classic Cold Coffee - Large,,,,30.0,pcs,3.2,96.0,Recipe:ING036
Menu Item,MENU0044,Classic Cold Coffee - Large,,,,4.68,kg,12.0,56.16,Recipe:ING022
Menu Item,MENU0044,Classic Cold Coffee - Large,,,,30.0,pcs,1.1,33.0,Recipe:ING038
Menu Item,MENU0044,Classic Cold Coffee - Large,,,,7.02,litre,72.0,505.44,Recipe:ING002
Menu Item,MENU0044,Classic Cold Coffee - Large,,,,30.0,pcs,0.32,9.6,Recipe:ING040
Menu Item,MENU0044,Classic Cold Coffee - Large,,,,30.0,pcs,0.55,16.5,Recipe:ING039
Menu Item,MENU0044,Classic Cold Coffee - Large,,,,0.585,litre,90.0,52.65,Recipe:ING019
Menu Item,MENU0045,Mocha Cold Coffee - Regular,,,,0.6,litre,260.0,156.0,Recipe:ING016
Menu Item,MENU0045,Mocha Cold Coffee - Regular,,,,0.432,kg,980.0,423.36,Recipe:ING001
Menu Item,MENU0045,Mocha Cold Coffee - Regular,,,,24.0,pcs,3.2,76.8,Recipe:ING036
Menu Item,MENU0045,Mocha Cold Coffee - Regular,,,,2.88,kg,12.0,34.56,Recipe:ING022
Menu Item,MENU0045,Mocha Cold Coffee - Regular,,,,24.0,pcs,1.1,26.4,Recipe:ING038
Menu Item,MENU0045,Mocha Cold Coffee - Regular,,,,4.32,litre,72.0,311.04,Recipe:ING002
Menu Item,MENU0045,Mocha Cold Coffee - Regular,,,,24.0,pcs,0.32,7.68,Recipe:ING040
Menu Item,MENU0045,Mocha Cold Coffee - Regular,,,,24.0,pcs,0.55,13.2,Recipe:ING039
Menu Item,MENU0045,Mocha Cold Coffee - Regular,,,,0.36,litre,90.0,32.4,Recipe:ING019
Menu Item,MENU0046,Mocha Cold Coffee - Medium,,,,1.0332,litre,260.0,268.63,Recipe:ING016
Menu Item,MENU0046,Mocha Cold Coffee - Medium,,,,0.7452,kg,980.0,730.3,Recipe:ING001
Menu Item,MENU0046,Mocha Cold Coffee - Medium,,,,36.0,pcs,3.2,115.2,Recipe:ING036
Menu Item,MENU0046,Mocha Cold Coffee - Medium,,,,4.968,kg,12.0,59.62,Recipe:ING022
Menu Item,MENU0046,Mocha Cold Coffee - Medium,,,,36.0,pcs,1.1,39.6,Recipe:ING038
Menu Item,MENU0046,Mocha Cold Coffee - Medium,,,,7.452,litre,72.0,536.54,Recipe:ING002
Menu Item,MENU0046,Mocha Cold Coffee - Medium,,,,36.0,pcs,0.32,11.52,Recipe:ING040
Menu Item,MENU0046,Mocha Cold Coffee - Medium,,,,36.0,pcs,0.55,19.8,Recipe:ING039
Menu Item,MENU0046,Mocha Cold Coffee - Medium,,,,0.6192,litre,90.0,55.73,Recipe:ING019
Menu Item,MENU0047,Mocha Cold Coffee - Large,,,,0.455,litre,260.0,118.3,Recipe:ING016
Menu Item,MENU0047,Mocha Cold Coffee - Large,,,,0.3276,kg,980.0,321.05,Recipe:ING001
Menu Item,MENU0047,Mocha Cold Coffee - Large,,,,14.0,pcs,3.2,44.8,Recipe:ING036
Menu Item,MENU0047,Mocha Cold Coffee - Large,,,,2.184,kg,12.0,26.21,Recipe:ING022
Menu Item,MENU0047,Mocha Cold Coffee - Large,,,,14.0,pcs,1.1,15.4,Recipe:ING038
Menu Item,MENU0047,Mocha Cold Coffee - Large,,,,3.276,litre,72.0,235.87,Recipe:ING002
Menu Item,MENU0047,Mocha Cold Coffee - Large,,,,14.0,pcs,0.32,4.48,Recipe:ING040
Menu Item,MENU0047,Mocha Cold Coffee - Large,,,,14.0,pcs,0.55,7.7,Recipe:ING039
Menu Item,MENU0047,Mocha Cold Coffee - Large,,,,0.273,litre,90.0,24.57,Recipe:ING019
Menu Item,MENU0048,Caramel Cold Coffee - Regular,,,,0.825,litre,250.0,206.25,Recipe:ING017
Menu Item,MENU0048,Caramel Cold Coffee - Regular,,,,0.594,kg,980.0,582.12,Recipe:ING001
Menu Item,MENU0048,Caramel Cold Coffee - Regular,,,,33.0,pcs,3.2,105.6,Recipe:ING036
Menu Item,MENU0048,Caramel Cold Coffee - Regular,,,,3.96,kg,12.0,47.52,Recipe:ING022
Menu Item,MENU0048,Caramel Cold Coffee - Regular,,,,33.0,pcs,1.1,36.3,Recipe:ING038
Menu Item,MENU0048,Caramel Cold Coffee - Regular,,,,5.94,litre,72.0,427.68,Recipe:ING002
Menu Item,MENU0048,Caramel Cold Coffee - Regular,,,,33.0,pcs,0.32,10.56,Recipe:ING040
Menu Item,MENU0048,Caramel Cold Coffee - Regular,,,,33.0,pcs,0.55,18.15,Recipe:ING039
Menu Item,MENU0048,Caramel Cold Coffee - Regular,,,,0.495,litre,90.0,44.55,Recipe:ING019
Menu Item,MENU0049,Caramel Cold Coffee - Medium,,,,1.1193,litre,250.0,279.82,Recipe:ING017
Menu Item,MENU0049,Caramel Cold Coffee - Medium,,,,0.8073,kg,980.0,791.15,Recipe:ING001
Menu Item,MENU0049,Caramel Cold Coffee - Medium,,,,39.0,pcs,3.2,124.8,Recipe:ING036
Menu Item,MENU0049,Caramel Cold Coffee - Medium,,,,5.382,kg,12.0,64.58,Recipe:ING022
Menu Item,MENU0049,Caramel Cold Coffee - Medium,,,,39.0,pcs,1.1,42.9,Recipe:ING038
Menu Item,MENU0049,Caramel Cold Coffee - Medium,,,,8.073,litre,72.0,581.26,Recipe:ING002
Menu Item,MENU0049,Caramel Cold Coffee - Medium,,,,39.0,pcs,0.32,12.48,Recipe:ING040
Menu Item,MENU0049,Caramel Cold Coffee - Medium,,,,39.0,pcs,0.55,21.45,Recipe:ING039
Menu Item,MENU0049,Caramel Cold Coffee - Medium,,,,0.6708,litre,90.0,60.37,Recipe:ING019
Menu Item,MENU0050,Caramel Cold Coffee - Large,,,,0.52,litre,250.0,130.0,Recipe:ING017
Menu Item,MENU0050,Caramel Cold Coffee - Large,,,,0.3744,kg,980.0,366.91,Recipe:ING001
Menu Item,MENU0050,Caramel Cold Coffee - Large,,,,16.0,pcs,3.2,51.2,Recipe:ING036
Menu Item,MENU0050,Caramel Cold Coffee - Large,,,,2.496,kg,12.0,29.95,Recipe:ING022
Menu Item,MENU0050,Caramel Cold Coffee - Large,,,,16.0,pcs,1.1,17.6,Recipe:ING038
Menu Item,MENU0050,Caramel Cold Coffee - Large,,,,3.744,litre,72.0,269.57,Recipe:ING002
Menu Item,MENU0050,Caramel Cold Coffee - Large,,,,16.0,pcs,0.32,5.12,Recipe:ING040
Menu Item,MENU0050,Caramel Cold Coffee - Large,,,,16.0,pcs,0.55,8.8,Recipe:ING039
Menu Item,MENU0050,Caramel Cold Coffee - Large,,,,0.312,litre,90.0,28.08,Recipe:ING019
Menu Item,MENU0051,Masala Chai Latte - Regular,,,,0.45,kg,980.0,441.0,Recipe:ING001
Menu Item,MENU0051,Masala Chai Latte - Regular,,,,25.0,pcs,2.8,70.0,Recipe:ING037
Menu Item,MENU0051,Masala Chai Latte - Regular,,,,25.0,pcs,1.1,27.5,Recipe:ING038
Menu Item,MENU0051,Masala Chai Latte - Regular,,,,4.5,litre,72.0,324.0,Recipe:ING002
Menu Item,MENU0051,Masala Chai Latte - Regular,,,,25.0,pcs,0.32,8.0,Recipe:ING040
Menu Item,MENU0051,Masala Chai Latte - Regular,,,,0.375,litre,90.0,33.75,Recipe:ING019
Menu Item,MENU0052,Masala Chai Latte - Medium,,,,0.5175,kg,980.0,507.15,Recipe:ING001
Menu Item,MENU0052,Masala Chai Latte - Medium,,,,25.0,pcs,2.8,70.0,Recipe:ING037
Menu Item,MENU0052,Masala Chai Latte - Medium,,,,25.0,pcs,1.1,27.5,Recipe:ING038
Menu Item,MENU0052,Masala Chai Latte - Medium,,,,5.175,litre,72.0,372.6,Recipe:ING002
Menu Item,MENU0052,Masala Chai Latte - Medium,,,,25.0,pcs,0.32,8.0,Recipe:ING040
Menu Item,MENU0052,Masala Chai Latte - Medium,,,,0.43,litre,90.0,38.7,Recipe:ING019
Menu Item,MENU0053,Masala Chai Latte - Large,,,,0.3978,kg,980.0,389.84,Recipe:ING001
Menu Item,MENU0053,Masala Chai Latte - Large,,,,17.0,pcs,2.8,47.6,Recipe:ING037
Menu Item,MENU0053,Masala Chai Latte - Large,,,,17.0,pcs,1.1,18.7,Recipe:ING038
Menu Item,MENU0053,Masala Chai Latte - Large,,,,3.978,litre,72.0,286.42,Recipe:ING002
Menu Item,MENU0053,Masala Chai Latte - Large,,,,17.0,pcs,0.32,5.44,Recipe:ING040
Menu Item,MENU0053,Masala Chai Latte - Large,,,,0.3315,litre,90.0,29.84,Recipe:ING019
Menu Item,MENU0054,Himalayan Green Tea,,,,10.0,pcs,2.8,28.0,Recipe:ING037
Menu Item,MENU0054,Himalayan Green Tea,,,,10.0,pcs,1.1,11.0,Recipe:ING038
Menu Item,MENU0054,Himalayan Green Tea,,,,10.0,pcs,0.32,3.2,Recipe:ING040
Menu Item,MENU0054,Himalayan Green Tea,,,,0.15,litre,90.0,13.5,Recipe:ING019
Menu Item,MENU0054,Himalayan Green Tea,,,,0.05,kg,620.0,31.0,Recipe:ING020
Menu Item,MENU0055,Japanese Matcha Latte - Regular,,,,0.342,kg,980.0,335.16,Recipe:ING001
Menu Item,MENU0055,Japanese Matcha Latte - Regular,,,,19.0,pcs,2.8,53.2,Recipe:ING037
Menu Item,MENU0055,Japanese Matcha Latte - Regular,,,,19.0,pcs,1.1,20.9,Recipe:ING038
Menu Item,MENU0055,Japanese Matcha Latte - Regular,,,,3.42,litre,72.0,246.24,Recipe:ING002
Menu Item,MENU0055,Japanese Matcha Latte - Regular,,,,19.0,pcs,0.32,6.08,Recipe:ING040
Menu Item,MENU0055,Japanese Matcha Latte - Regular,,,,0.285,litre,90.0,25.65,Recipe:ING019
Menu Item,MENU0056,Japanese Matcha Latte - Medium,,,,0.414,kg,980.0,405.72,Recipe:ING001
Menu Item,MENU0056,Japanese Matcha Latte - Medium,,,,20.0,pcs,2.8,56.0,Recipe:ING037
Menu Item,MENU0056,Japanese Matcha Latte - Medium,,,,20.0,pcs,1.1,22.0,Recipe:ING038
Menu Item,MENU0056,Japanese Matcha Latte - Medium,,,,4.14,litre,72.0,298.08,Recipe:ING002
Menu Item,MENU0056,Japanese Matcha Latte - Medium,,,,20.0,pcs,0.32,6.4,Recipe:ING040
Menu Item,MENU0056,Japanese Matcha Latte - Medium,,,,0.344,litre,90.0,30.96,Recipe:ING019
Menu Item,MENU0057,Japanese Matcha Latte - Large,,,,0.3276,kg,980.0,321.05,Recipe:ING001
Menu Item,MENU0057,Japanese Matcha Latte - Large,,,,14.0,pcs,2.8,39.2,Recipe:ING037
Menu Item,MENU0057,Japanese Matcha Latte - Large,,,,14.0,pcs,1.1,15.4,Recipe:ING038
Menu Item,MENU0057,Japanese Matcha Latte - Large,,,,3.276,litre,72.0,235.87,Recipe:ING002
Menu Item,MENU0057,Japanese Matcha Latte - Large,,,,14.0,pcs,0.32,4.48,Recipe:ING040
Menu Item,MENU0057,Japanese Matcha Latte - Large,,,,0.273,litre,90.0,24.57,Recipe:ING019
Menu Item,MENU0058,Lemon Iced Tea - Regular,,,,31.0,pcs,3.2,99.2,Recipe:ING036
Menu Item,MENU0058,Lemon Iced Tea - Regular,,,,3.72,kg,12.0,44.64,Recipe:ING022
Menu Item,MENU0058,Lemon Iced Tea - Regular,,,,1.085,kg,110.0,119.35,Recipe:ING023
Menu Item,MENU0058,Lemon Iced Tea - Regular,,,,31.0,pcs,1.1,34.1,Recipe:ING038
Menu Item,MENU0058,Lemon Iced Tea - Regular,,,,31.0,pcs,0.32,9.92,Recipe:ING040
Menu Item,MENU0058,Lemon Iced Tea - Regular,,,,31.0,pcs,0.55,17.05,Recipe:ING039
Menu Item,MENU0058,Lemon Iced Tea - Regular,,,,0.465,litre,90.0,41.85,Recipe:ING019
Menu Item,MENU0058,Lemon Iced Tea - Regular,,,,0.124,kg,620.0,76.88,Recipe:ING020
Menu Item,MENU0059,Lemon Iced Tea - Medium,,,,18.0,pcs,3.2,57.6,Recipe:ING036
Menu Item,MENU0059,Lemon Iced Tea - Medium,,,,2.484,kg,12.0,29.81,Recipe:ING022
Menu Item,MENU0059,Lemon Iced Tea - Medium,,,,0.7254,kg,110.0,79.79,Recipe:ING023
Menu Item,MENU0059,Lemon Iced Tea - Medium,,,,18.0,pcs,1.1,19.8,Recipe:ING038
Menu Item,MENU0059,Lemon Iced Tea - Medium,,,,18.0,pcs,0.32,5.76,Recipe:ING040
Menu Item,MENU0059,Lemon Iced Tea - Medium,,,,18.0,pcs,0.55,9.9,Recipe:ING039
Menu Item,MENU0059,Lemon Iced Tea - Medium,,,,0.3096,litre,90.0,27.86,Recipe:ING019
Menu Item,MENU0059,Lemon Iced Tea - Medium,,,,0.0828,kg,620.0,51.34,Recipe:ING020
Menu Item,MENU0060,Lemon Iced Tea - Large,,,,12.0,pcs,3.2,38.4,Recipe:ING036
Menu Item,MENU0060,Lemon Iced Tea - Large,,,,1.872,kg,12.0,22.46,Recipe:ING022
Menu Item,MENU0060,Lemon Iced Tea - Large,,,,0.546,kg,110.0,60.06,Recipe:ING023
Menu Item,MENU0060,Lemon Iced Tea - Large,,,,12.0,pcs,1.1,13.2,Recipe:ING038
Menu Item,MENU0060,Lemon Iced Tea - Large,,,,12.0,pcs,0.32,3.84,Recipe:ING040
Menu Item,MENU0060,Lemon Iced Tea - Large,,,,12.0,pcs,0.55,6.6,Recipe:ING039
Menu Item,MENU0060,Lemon Iced Tea - Large,,,,0.234,litre,90.0,21.06,Recipe:ING019
Menu Item,MENU0060,Lemon Iced Tea - Large,,,,0.0624,kg,620.0,38.69,Recipe:ING020
Menu Item,MENU0061,Hibiscus Lime Iced Tea - Regular,,,,7.0,pcs,3.2,22.4,Recipe:ING036
Menu Item,MENU0061,Hibiscus Lime Iced Tea - Regular,,,,0.245,litre,390.0,95.55,Recipe:ING024
Menu Item,MENU0061,Hibiscus Lime Iced Tea - Regular,,,,0.84,kg,12.0,10.08,Recipe:ING022
Menu Item,MENU0061,Hibiscus Lime Iced Tea - Regular,,,,7.0,pcs,1.1,7.7,Recipe:ING038
Menu Item,MENU0061,Hibiscus Lime Iced Tea - Regular,,,,7.0,pcs,0.32,2.24,Recipe:ING040
Menu Item,MENU0061,Hibiscus Lime Iced Tea - Regular,,,,7.0,pcs,0.55,3.85,Recipe:ING039
Menu Item,MENU0061,Hibiscus Lime Iced Tea - Regular,,,,0.105,litre,90.0,9.45,Recipe:ING019
Menu Item,MENU0061,Hibiscus Lime Iced Tea - Regular,,,,0.028,kg,620.0,17.36,Recipe:ING020
Menu Item,MENU0062,Hibiscus Lime Iced Tea - Medium,,,,16.0,pcs,3.2,51.2,Recipe:ING036
Menu Item,MENU0062,Hibiscus Lime Iced Tea - Medium,,,,0.6448,litre,390.0,251.47,Recipe:ING024
Menu Item,MENU0062,Hibiscus Lime Iced Tea - Medium,,,,2.208,kg,12.0,26.5,Recipe:ING022
Menu Item,MENU0062,Hibiscus Lime Iced Tea - Medium,,,,16.0,pcs,1.1,17.6,Recipe:ING038
Menu Item,MENU0062,Hibiscus Lime Iced Tea - Medium,,,,16.0,pcs,0.32,5.12,Recipe:ING040
Menu Item,MENU0062,Hibiscus Lime Iced Tea - Medium,,,,16.0,pcs,0.55,8.8,Recipe:ING039
Menu Item,MENU0062,Hibiscus Lime Iced Tea - Medium,,,,0.2752,litre,90.0,24.77,Recipe:ING019
Menu Item,MENU0062,Hibiscus Lime Iced Tea - Medium,,,,0.0736,kg,620.0,45.63,Recipe:ING020
Menu Item,MENU0063,Hibiscus Lime Iced Tea - Large,,,,9.0,pcs,3.2,28.8,Recipe:ING036
Menu Item,MENU0063,Hibiscus Lime Iced Tea - Large,,,,0.4095,litre,390.0,159.7,Recipe:ING024
Menu Item,MENU0063,Hibiscus Lime Iced Tea - Large,,,,1.404,kg,12.0,16.85,Recipe:ING022
Menu Item,MENU0063,Hibiscus Lime Iced Tea - Large,,,,9.0,pcs,1.1,9.9,Recipe:ING038
Menu Item,MENU0063,Hibiscus Lime Iced Tea - Large,,,,9.0,pcs,0.32,2.88,Recipe:ING040
Menu Item,MENU0063,Hibiscus Lime Iced Tea - Large,,,,9.0,pcs,0.55,4.95,Recipe:ING039
Menu Item,MENU0063,Hibiscus Lime Iced Tea - Large,,,,0.1755,litre,90.0,15.79,Recipe:ING019
Menu Item,MENU0063,Hibiscus Lime Iced Tea - Large,,,,0.0468,kg,620.0,29.02,Recipe:ING020
Menu Item,MENU0064,Hot Chocolate - Regular,,,,0.18,litre,260.0,46.8,Recipe:ING016
Menu Item,MENU0064,Hot Chocolate - Regular,,,,3.0,pcs,2.8,8.4,Recipe:ING037
Menu Item,MENU0064,Hot Chocolate - Regular,,,,3.0,pcs,1.1,3.3,Recipe:ING038
Menu Item,MENU0064,Hot Chocolate - Regular,,,,0.6,litre,72.0,43.2,Recipe:ING002
Menu Item,MENU0064,Hot Chocolate - Regular,,,,3.0,pcs,0.32,0.96,Recipe:ING040
Menu Item,MENU0064,Hot Chocolate - Regular,,,,0.045,litre,90.0,4.05,Recipe:ING019
Menu Item,MENU0065,Hot Chocolate - Medium,,,,0.483,litre,260.0,125.58,Recipe:ING016
Menu Item,MENU0065,Hot Chocolate - Medium,,,,7.0,pcs,2.8,19.6,Recipe:ING037
Menu Item,MENU0065,Hot Chocolate - Medium,,,,7.0,pcs,1.1,7.7,Recipe:ING038
Menu Item,MENU0065,Hot Chocolate - Medium,,,,1.61,litre,72.0,115.92,Recipe:ING002
Menu Item,MENU0065,Hot Chocolate - Medium,,,,7.0,pcs,0.32,2.24,Recipe:ING040
Menu Item,MENU0065,Hot Chocolate - Medium,,,,0.1204,litre,90.0,10.84,Recipe:ING019
Menu Item,MENU0066,Hot Chocolate - Large,,,,0.156,litre,260.0,40.56,Recipe:ING016
Menu Item,MENU0066,Hot Chocolate - Large,,,,2.0,pcs,2.8,5.6,Recipe:ING037
Menu Item,MENU0066,Hot Chocolate - Large,,,,2.0,pcs,1.1,2.2,Recipe:ING038
Menu Item,MENU0066,Hot Chocolate - Large,,,,0.52,litre,72.0,37.44,Recipe:ING002
Menu Item,MENU0066,Hot Chocolate - Large,,,,2.0,pcs,0.32,0.64,Recipe:ING040
Menu Item,MENU0066,Hot Chocolate - Large,,,,0.039,litre,90.0,3.51,Recipe:ING019
Menu Item,MENU0067,Babyccino - Regular,,,,7.0,pcs,2.8,19.6,Recipe:ING037
Menu Item,MENU0067,Babyccino - Regular,,,,7.0,pcs,1.1,7.7,Recipe:ING038
Menu Item,MENU0067,Babyccino - Regular,,,,0.84,litre,72.0,60.48,Recipe:ING002
Menu Item,MENU0067,Babyccino - Regular,,,,7.0,pcs,0.32,2.24,Recipe:ING040
Menu Item,MENU0067,Babyccino - Regular,,,,0.105,litre,90.0,9.45,Recipe:ING019
Menu Item,MENU0068,Choco Chip Shake - Regular,,,,0.3,litre,260.0,78.0,Recipe:ING016
Menu Item,MENU0068,Choco Chip Shake - Regular,,,,12.0,pcs,3.2,38.4,Recipe:ING036
Menu Item,MENU0068,Choco Chip Shake - Regular,,,,0.3,litre,210.0,63.0,Recipe:ING004
Menu Item,MENU0068,Choco Chip Shake - Regular,,,,1.44,kg,12.0,17.28,Recipe:ING022
Menu Item,MENU0068,Choco Chip Shake - Regular,,,,12.0,pcs,1.1,13.2,Recipe:ING038
Menu Item,MENU0068,Choco Chip Shake - Regular,,,,2.4,litre,72.0,172.8,Recipe:ING002
Menu Item,MENU0068,Choco Chip Shake - Regular,,,,12.0,pcs,0.32,3.84,Recipe:ING040
Menu Item,MENU0068,Choco Chip Shake - Regular,,,,12.0,pcs,0.55,6.6,Recipe:ING039
Menu Item,MENU0068,Choco Chip Shake - Regular,,,,0.18,litre,90.0,16.2,Recipe:ING019
Menu Item,MENU0069,Choco Chip Shake - Medium,,,,0.7462,litre,260.0,194.01,Recipe:ING016
Menu Item,MENU0069,Choco Chip Shake - Medium,,,,26.0,pcs,3.2,83.2,Recipe:ING036
Menu Item,MENU0069,Choco Chip Shake - Medium,,,,0.7462,litre,210.0,156.7,Recipe:ING004
Menu Item,MENU0069,Choco Chip Shake - Medium,,,,3.588,kg,12.0,43.06,Recipe:ING022
Menu Item,MENU0069,Choco Chip Shake - Medium,,,,26.0,pcs,1.1,28.6,Recipe:ING038
Menu Item,MENU0069,Choco Chip Shake - Medium,,,,5.98,litre,72.0,430.56,Recipe:ING002
Menu Item,MENU0069,Choco Chip Shake - Medium,,,,26.0,pcs,0.32,8.32,Recipe:ING040
Menu Item,MENU0069,Choco Chip Shake - Medium,,,,26.0,pcs,0.55,14.3,Recipe:ING039
Menu Item,MENU0069,Choco Chip Shake - Medium,,,,0.4472,litre,90.0,40.25,Recipe:ING019
Menu Item,MENU0070,Choco Chip Shake - Large,,,,0.455,litre,260.0,118.3,Recipe:ING016
Menu Item,MENU0070,Choco Chip Shake - Large,,,,14.0,pcs,3.2,44.8,Recipe:ING036
Menu Item,MENU0070,Choco Chip Shake - Large,,,,0.455,litre,210.0,95.55,Recipe:ING004
Menu Item,MENU0070,Choco Chip Shake - Large,,,,2.184,kg,12.0,26.21,Recipe:ING022
Menu Item,MENU0070,Choco Chip Shake - Large,,,,14.0,pcs,1.1,15.4,Recipe:ING038
Menu Item,MENU0070,Choco Chip Shake - Large,,,,3.64,litre,72.0,262.08,Recipe:ING002
Menu Item,MENU0070,Choco Chip Shake - Large,,,,14.0,pcs,0.32,4.48,Recipe:ING040
Menu Item,MENU0070,Choco Chip Shake - Large,,,,14.0,pcs,0.55,7.7,Recipe:ING039
Menu Item,MENU0070,Choco Chip Shake - Large,,,,0.273,litre,90.0,24.57,Recipe:ING019
Menu Item,MENU0071,Mixed Berry Shake - Regular,,,,15.0,pcs,3.2,48.0,Recipe:ING036
Menu Item,MENU0071,Mixed Berry Shake - Regular,,,,0.375,litre,210.0,78.75,Recipe:ING004
Menu Item,MENU0071,Mixed Berry Shake - Regular,,,,1.8,kg,12.0,21.6,Recipe:ING022
Menu Item,MENU0071,Mixed Berry Shake - Regular,,,,15.0,pcs,1.1,16.5,Recipe:ING038
Menu Item,MENU0071,Mixed Berry Shake - Regular,,,,3.0,litre,72.0,216.0,Recipe:ING002
Menu Item,MENU0071,Mixed Berry Shake - Regular,,,,1.2,kg,420.0,504.0,Recipe:ING025
Menu Item,MENU0071,Mixed Berry Shake - Regular,,,,15.0,pcs,0.32,4.8,Recipe:ING040
Menu Item,MENU0071,Mixed Berry Shake - Regular,,,,15.0,pcs,0.55,8.25,Recipe:ING039
Menu Item,MENU0071,Mixed Berry Shake - Regular,,,,0.225,litre,90.0,20.25,Recipe:ING019
Menu Item,MENU0072,Mixed Berry Shake - Medium,,,,25.0,pcs,3.2,80.0,Recipe:ING036
Menu Item,MENU0072,Mixed Berry Shake - Medium,,,,0.7175,litre,210.0,150.68,Recipe:ING004
Menu Item,MENU0072,Mixed Berry Shake - Medium,,,,3.45,kg,12.0,41.4,Recipe:ING022
Menu Item,MENU0072,Mixed Berry Shake - Medium,,,,25.0,pcs,1.1,27.5,Recipe:ING038
Menu Item,MENU0072,Mixed Berry Shake - Medium,,,,5.75,litre,72.0,414.0,Recipe:ING002
Menu Item,MENU0072,Mixed Berry Shake - Medium,,,,2.3,kg,420.0,966.0,Recipe:ING025
Menu Item,MENU0072,Mixed Berry Shake - Medium,,,,25.0,pcs,0.32,8.0,Recipe:ING040
Menu Item,MENU0072,Mixed Berry Shake - Medium,,,,25.0,pcs,0.55,13.75,Recipe:ING039
Menu Item,MENU0072,Mixed Berry Shake - Medium,,,,0.43,litre,90.0,38.7,Recipe:ING019
Menu Item,MENU0073,Mixed Berry Shake - Large,,,,12.0,pcs,3.2,38.4,Recipe:ING036
Menu Item,MENU0073,Mixed Berry Shake - Large,,,,0.39,litre,210.0,81.9,Recipe:ING004
Menu Item,MENU0073,Mixed Berry Shake - Large,,,,1.872,kg,12.0,22.46,Recipe:ING022
Menu Item,MENU0073,Mixed Berry Shake - Large,,,,12.0,pcs,1.1,13.2,Recipe:ING038
Menu Item,MENU0073,Mixed Berry Shake - Large,,,,3.12,litre,72.0,224.64,Recipe:ING002
Menu Item,MENU0073,Mixed Berry Shake - Large,,,,1.248,kg,420.0,524.16,Recipe:ING025
Menu Item,MENU0073,Mixed Berry Shake - Large,,,,12.0,pcs,0.32,3.84,Recipe:ING040
Menu Item,MENU0073,Mixed Berry Shake - Large,,,,12.0,pcs,0.55,6.6,Recipe:ING039
Menu Item,MENU0073,Mixed Berry Shake - Large,,,,0.234,litre,90.0,21.06,Recipe:ING019
Menu Item,MENU0074,Seasonal Smoothie - Regular,,,,1.2,kg,72.0,86.4,Recipe:ING026
Menu Item,MENU0074,Seasonal Smoothie - Regular,,,,15.0,pcs,3.2,48.0,Recipe:ING036
Menu Item,MENU0074,Seasonal Smoothie - Regular,,,,0.375,litre,210.0,78.75,Recipe:ING004
Menu Item,MENU0074,Seasonal Smoothie - Regular,,,,1.8,kg,12.0,21.6,Recipe:ING022
Menu Item,MENU0074,Seasonal Smoothie - Regular,,,,15.0,pcs,1.1,16.5,Recipe:ING038
Menu Item,MENU0074,Seasonal Smoothie - Regular,,,,3.0,litre,72.0,216.0,Recipe:ING002
Menu Item,MENU0074,Seasonal Smoothie - Regular,,,,15.0,pcs,0.32,4.8,Recipe:ING040
Menu Item,MENU0074,Seasonal Smoothie - Regular,,,,15.0,pcs,0.55,8.25,Recipe:ING039
Menu Item,MENU0074,Seasonal Smoothie - Regular,,,,0.225,litre,90.0,20.25,Recipe:ING019
Menu Item,MENU0075,Seasonal Smoothie - Medium,,,,1.38,kg,72.0,99.36,Recipe:ING026
Menu Item,MENU0075,Seasonal Smoothie - Medium,,,,15.0,pcs,3.2,48.0,Recipe:ING036
Menu Item,MENU0075,Seasonal Smoothie - Medium,,,,0.4305,litre,210.0,90.41,Recipe:ING004
Menu Item,MENU0075,Seasonal Smoothie - Medium,,,,2.07,kg,12.0,24.84,Recipe:ING022
Menu Item,MENU0075,Seasonal Smoothie - Medium,,,,15.0,pcs,1.1,16.5,Recipe:ING038
Menu Item,MENU0075,Seasonal Smoothie - Medium,,,,3.45,litre,72.0,248.4,Recipe:ING002
Menu Item,MENU0075,Seasonal Smoothie - Medium,,,,15.0,pcs,0.32,4.8,Recipe:ING040
Menu Item,MENU0075,Seasonal Smoothie - Medium,,,,15.0,pcs,0.55,8.25,Recipe:ING039
Menu Item,MENU0075,Seasonal Smoothie - Medium,,,,0.258,litre,90.0,23.22,Recipe:ING019
Menu Item,MENU0076,Seasonal Smoothie - Large,,,,1.248,kg,72.0,89.86,Recipe:ING026
Menu Item,MENU0076,Seasonal Smoothie - Large,,,,12.0,pcs,3.2,38.4,Recipe:ING036
Menu Item,MENU0076,Seasonal Smoothie - Large,,,,0.39,litre,210.0,81.9,Recipe:ING004
Menu Item,MENU0076,Seasonal Smoothie - Large,,,,1.872,kg,12.0,22.46,Recipe:ING022
Menu Item,MENU0076,Seasonal Smoothie - Large,,,,12.0,pcs,1.1,13.2,Recipe:ING038
Menu Item,MENU0076,Seasonal Smoothie - Large,,,,3.12,litre,72.0,224.64,Recipe:ING002
Menu Item,MENU0076,Seasonal Smoothie - Large,,,,12.0,pcs,0.32,3.84,Recipe:ING040
Menu Item,MENU0076,Seasonal Smoothie - Large,,,,12.0,pcs,0.55,6.6,Recipe:ING039
Menu Item,MENU0076,Seasonal Smoothie - Large,,,,0.234,litre,90.0,21.06,Recipe:ING019
Menu Item,MENU0077,Spicy Paneer Wrap,,,,0.7,kg,84.0,58.8,Recipe:ING030
Menu Item,MENU0077,Spicy Paneer Wrap,,,,0.7,kg,280.0,196.0,Recipe:ING033
Menu Item,MENU0077,Spicy Paneer Wrap,,,,0.7,kg,95.0,66.5,Recipe:ING028
Menu Item,MENU0077,Spicy Paneer Wrap,,,,56.0,pcs,0.32,17.92,Recipe:ING040
Menu Item,MENU0077,Spicy Paneer Wrap,,,,0.56,kg,42.0,23.52,Recipe:ING029
Menu Item,MENU0077,Spicy Paneer Wrap,,,,3.08,kg,360.0,1108.8,Recipe:ING005
Menu Item,MENU0077,Spicy Paneer Wrap,,,,28.0,pcs,15.0,420.0,Recipe:ING011
Menu Item,MENU0077,Spicy Paneer Wrap,,,,28.0,pcs,5.8,162.4,Recipe:ING043
Menu Item,MENU0078,Shredded Chicken Wrap,,,,0.725,kg,84.0,60.9,Recipe:ING030
Menu Item,MENU0078,Shredded Chicken Wrap,,,,3.19,kg,330.0,1052.7,Recipe:ING007
Menu Item,MENU0078,Shredded Chicken Wrap,,,,0.725,kg,280.0,203.0,Recipe:ING033
Menu Item,MENU0078,Shredded Chicken Wrap,,,,0.725,kg,95.0,68.88,Recipe:ING028
Menu Item,MENU0078,Shredded Chicken Wrap,,,,58.0,pcs,0.32,18.56,Recipe:ING040
Menu Item,MENU0078,Shredded Chicken Wrap,,,,0.58,kg,42.0,24.36,Recipe:ING029
Menu Item,MENU0078,Shredded Chicken Wrap,,,,29.0,pcs,15.0,435.0,Recipe:ING011
Menu Item,MENU0078,Shredded Chicken Wrap,,,,29.0,pcs,5.8,168.2,Recipe:ING043
Menu Item,MENU0079,Smoked Chipotle Paneer Sandwich,,,,38.0,pcs,12.0,456.0,Recipe:ING009
Menu Item,MENU0079,Smoked Chipotle Paneer Sandwich,,,,0.57,kg,480.0,273.6,Recipe:ING006
Menu Item,MENU0079,Smoked Chipotle Paneer Sandwich,,,,0.38,kg,280.0,106.4,Recipe:ING033
Menu Item,MENU0079,Smoked Chipotle Paneer Sandwich,,,,0.38,kg,95.0,36.1,Recipe:ING028
Menu Item,MENU0079,Smoked Chipotle Paneer Sandwich,,,,38.0,pcs,0.32,12.16,Recipe:ING040
Menu Item,MENU0079,Smoked Chipotle Paneer Sandwich,,,,1.9,kg,360.0,684.0,Recipe:ING005
Menu Item,MENU0079,Smoked Chipotle Paneer Sandwich,,,,19.0,pcs,6.5,123.5,Recipe:ING042
Menu Item,MENU0079,Smoked Chipotle Paneer Sandwich,,,,0.57,kg,54.0,30.78,Recipe:ING031
Menu Item,MENU0080,Pesto Veg Sandwich,,,,46.0,pcs,12.0,552.0,Recipe:ING009
Menu Item,MENU0080,Pesto Veg Sandwich,,,,0.69,kg,480.0,331.2,Recipe:ING006
Menu Item,MENU0080,Pesto Veg Sandwich,,,,0.46,kg,95.0,43.7,Recipe:ING028
Menu Item,MENU0080,Pesto Veg Sandwich,,,,46.0,pcs,0.32,14.72,Recipe:ING040
Menu Item,MENU0080,Pesto Veg Sandwich,,,,2.3,kg,360.0,828.0,Recipe:ING005
Menu Item,MENU0080,Pesto Veg Sandwich,,,,0.46,kg,340.0,156.4,Recipe:ING032
Menu Item,MENU0080,Pesto Veg Sandwich,,,,23.0,pcs,6.5,149.5,Recipe:ING042
Menu Item,MENU0080,Pesto Veg Sandwich,,,,0.69,kg,54.0,37.26,Recipe:ING031
Menu Item,MENU0081,Pepper Chicken Sandwich,,,,44.0,pcs,12.0,528.0,Recipe:ING009
Menu Item,MENU0081,Pepper Chicken Sandwich,,,,0.66,kg,480.0,316.8,Recipe:ING006
Menu Item,MENU0081,Pepper Chicken Sandwich,,,,2.2,kg,330.0,726.0,Recipe:ING007
Menu Item,MENU0081,Pepper Chicken Sandwich,,,,0.44,kg,280.0,123.2,Recipe:ING033
Menu Item,MENU0081,Pepper Chicken Sandwich,,,,0.44,kg,95.0,41.8,Recipe:ING028
Menu Item,MENU0081,Pepper Chicken Sandwich,,,,44.0,pcs,0.32,14.08,Recipe:ING040
Menu Item,MENU0081,Pepper Chicken Sandwich,,,,22.0,pcs,6.5,143.0,Recipe:ING042
Menu Item,MENU0081,Pepper Chicken Sandwich,,,,0.66,kg,54.0,35.64,Recipe:ING031
Menu Item,MENU0082,Tandoori Chicken Sandwich,,,,42.0,pcs,12.0,504.0,Recipe:ING009
Menu Item,MENU0082,Tandoori Chicken Sandwich,,,,0.63,kg,480.0,302.4,Recipe:ING006
Menu Item,MENU0082,Tandoori Chicken Sandwich,,,,2.1,kg,330.0,693.0,Recipe:ING007
Menu Item,MENU0082,Tandoori Chicken Sandwich,,,,0.42,kg,280.0,117.6,Recipe:ING033
Menu Item,MENU0082,Tandoori Chicken Sandwich,,,,0.42,kg,95.0,39.9,Recipe:ING028
Menu Item,MENU0082,Tandoori Chicken Sandwich,,,,42.0,pcs,0.32,13.44,Recipe:ING040
Menu Item,MENU0082,Tandoori Chicken Sandwich,,,,21.0,pcs,6.5,136.5,Recipe:ING042
Menu Item,MENU0082,Tandoori Chicken Sandwich,,,,0.63,kg,54.0,34.02,Recipe:ING031
Menu Item,MENU0083,Chilli Cheese Garlic Toast,,,,0.1,kg,310.0,31.0,Recipe:ING035
Menu Item,MENU0083,Chilli Cheese Garlic Toast,,,,5.0,pcs,12.0,60.0,Recipe:ING009
Menu Item,MENU0083,Chilli Cheese Garlic Toast,,,,0.175,kg,480.0,84.0,Recipe:ING006
Menu Item,MENU0083,Chilli Cheese Garlic Toast,,,,10.0,pcs,0.32,3.2,Recipe:ING040
Menu Item,MENU0083,Chilli Cheese Garlic Toast,,,,5.0,pcs,6.5,32.5,Recipe:ING042
Menu Item,MENU0084,Chicken Pepperoni Avocado Toast,,,,0.18,kg,310.0,55.8,Recipe:ING035
Menu Item,MENU0084,Chicken Pepperoni Avocado Toast,,,,9.0,pcs,12.0,108.0,Recipe:ING009
Menu Item,MENU0084,Chicken Pepperoni Avocado Toast,,,,0.315,kg,480.0,151.2,Recipe:ING006
Menu Item,MENU0084,Chicken Pepperoni Avocado Toast,,,,0.72,kg,330.0,237.6,Recipe:ING007
Menu Item,MENU0084,Chicken Pepperoni Avocado Toast,,,,18.0,pcs,0.32,5.76,Recipe:ING040
Menu Item,MENU0084,Chicken Pepperoni Avocado Toast,,,,9.0,pcs,6.5,58.5,Recipe:ING042
Menu Item,MENU0085,Hummus and Pita Platter,,,,0.09,kg,310.0,27.9,Recipe:ING035
Menu Item,MENU0085,Hummus and Pita Platter,,,,6.0,pcs,12.0,72.0,Recipe:ING009
Menu Item,MENU0085,Hummus and Pita Platter,,,,0.09,kg,95.0,8.55,Recipe:ING028
Menu Item,MENU0085,Hummus and Pita Platter,,,,6.0,pcs,0.32,1.92,Recipe:ING040
Menu Item,MENU0085,Hummus and Pita Platter,,,,3.0,pcs,6.5,19.5,Recipe:ING042
Menu Item,MENU0085,Hummus and Pita Platter,,,,0.12,kg,54.0,6.48,Recipe:ING031
Menu Item,MENU0086,Breakfast Pancakes,,,,0.425,kg,520.0,221.0,Recipe:ING027
Menu Item,MENU0086,Breakfast Pancakes,,,,17.0,pcs,46.0,782.0,Recipe:ING014
Menu Item,MENU0086,Breakfast Pancakes,,,,17.0,pcs,5.0,85.0,Recipe:ING041
Menu Item,MENU0086,Breakfast Pancakes,,,,34.0,pcs,0.32,10.88,Recipe:ING040
Menu Item,MENU0086,Breakfast Pancakes,,,,0.425,litre,90.0,38.25,Recipe:ING019
Menu Item,MENU0087,Cream Cheese Bagel,,,,12.0,pcs,28.0,336.0,Recipe:ING010
Menu Item,MENU0087,Cream Cheese Bagel,,,,0.3,kg,480.0,144.0,Recipe:ING006
Menu Item,MENU0087,Cream Cheese Bagel,,,,0.42,litre,210.0,88.2,Recipe:ING004
Menu Item,MENU0087,Cream Cheese Bagel,,,,24.0,pcs,0.32,7.68,Recipe:ING040
Menu Item,MENU0087,Cream Cheese Bagel,,,,12.0,pcs,6.5,78.0,Recipe:ING042
Menu Item,MENU0088,Scallion Pepper Cream Cheese Bagel,,,,13.0,pcs,28.0,364.0,Recipe:ING010
Menu Item,MENU0088,Scallion Pepper Cream Cheese Bagel,,,,0.325,kg,480.0,156.0,Recipe:ING006
Menu Item,MENU0088,Scallion Pepper Cream Cheese Bagel,,,,0.455,litre,210.0,95.55,Recipe:ING004
Menu Item,MENU0088,Scallion Pepper Cream Cheese Bagel,,,,26.0,pcs,0.32,8.32,Recipe:ING040
Menu Item,MENU0088,Scallion Pepper Cream Cheese Bagel,,,,13.0,pcs,6.5,84.5,Recipe:ING042
Menu Item,MENU0089,Masala Egg Bun,,,,18.0,pcs,12.0,216.0,Recipe:ING009
Menu Item,MENU0089,Masala Egg Bun,,,,0.36,kg,480.0,172.8,Recipe:ING006
Menu Item,MENU0089,Masala Egg Bun,,,,36.0,pcs,7.0,252.0,Recipe:ING008
Menu Item,MENU0089,Masala Egg Bun,,,,36.0,pcs,0.32,11.52,Recipe:ING040
Menu Item,MENU0089,Masala Egg Bun,,,,18.0,pcs,6.5,117.0,Recipe:ING042
Menu Item,MENU0090,Marinara Cheese Pin Wheels,,,,10.0,pcs,12.0,120.0,Recipe:ING009
Menu Item,MENU0090,Marinara Cheese Pin Wheels,,,,0.3,kg,480.0,144.0,Recipe:ING006
Menu Item,MENU0090,Marinara Cheese Pin Wheels,,,,20.0,pcs,0.32,6.4,Recipe:ING040
Menu Item,MENU0090,Marinara Cheese Pin Wheels,,,,0.25,kg,190.0,47.5,Recipe:ING034
Menu Item,MENU0090,Marinara Cheese Pin Wheels,,,,10.0,pcs,6.5,65.0,Recipe:ING042
Menu Item,MENU0091,Pesto Sundried Tomato Pin Wheel,,,,12.0,pcs,12.0,144.0,Recipe:ING009
Menu Item,MENU0091,Pesto Sundried Tomato Pin Wheel,,,,0.36,kg,480.0,172.8,Recipe:ING006
Menu Item,MENU0091,Pesto Sundried Tomato Pin Wheel,,,,24.0,pcs,0.32,7.68,Recipe:ING040
Menu Item,MENU0091,Pesto Sundried Tomato Pin Wheel,,,,0.3,kg,340.0,102.0,Recipe:ING032
Menu Item,MENU0091,Pesto Sundried Tomato Pin Wheel,,,,12.0,pcs,6.5,78.0,Recipe:ING042
Menu Item,MENU0092,Turnover with Brioche Dough Chicken,,,,0.275,kg,480.0,132.0,Recipe:ING006
Menu Item,MENU0092,Turnover with Brioche Dough Chicken,,,,0.88,kg,330.0,290.4,Recipe:ING007
Menu Item,MENU0092,Turnover with Brioche Dough Chicken,,,,11.0,pcs,42.0,462.0,Recipe:ING012
Menu Item,MENU0092,Turnover with Brioche Dough Chicken,,,,22.0,pcs,0.32,7.04,Recipe:ING040
Menu Item,MENU0092,Turnover with Brioche Dough Chicken,,,,11.0,pcs,6.5,71.5,Recipe:ING042
Menu Item,MENU0093,Turnover with Brioche Dough Veg,,,,0.225,kg,480.0,108.0,Recipe:ING006
Menu Item,MENU0093,Turnover with Brioche Dough Veg,,,,9.0,pcs,42.0,378.0,Recipe:ING012
Menu Item,MENU0093,Turnover with Brioche Dough Veg,,,,18.0,pcs,0.32,5.76,Recipe:ING040
Menu Item,MENU0093,Turnover with Brioche Dough Veg,,,,0.72,kg,360.0,259.2,Recipe:ING005
Menu Item,MENU0093,Turnover with Brioche Dough Veg,,,,9.0,pcs,6.5,58.5,Recipe:ING042
Menu Item,MENU0094,Butter Croissant,,,,0.58,kg,520.0,301.6,Recipe:ING027
Menu Item,MENU0094,Butter Croissant,,,,29.0,pcs,42.0,1218.0,Recipe:ING012
Menu Item,MENU0094,Butter Croissant,,,,29.0,pcs,5.0,145.0,Recipe:ING041
Menu Item,MENU0094,Butter Croissant,,,,58.0,pcs,0.32,18.56,Recipe:ING040
Menu Item,MENU0095,Almond Croissant,,,,0.48,kg,520.0,249.6,Recipe:ING027
Menu Item,MENU0095,Almond Croissant,,,,24.0,pcs,42.0,1008.0,Recipe:ING012
Menu Item,MENU0095,Almond Croissant,,,,24.0,pcs,5.0,120.0,Recipe:ING041
Menu Item,MENU0095,Almond Croissant,,,,48.0,pcs,0.32,15.36,Recipe:ING040
Menu Item,MENU0096,Chocolate Croissant,,,,0.4,kg,520.0,208.0,Recipe:ING027
Menu Item,MENU0096,Chocolate Croissant,,,,0.5,litre,260.0,130.0,Recipe:ING016
Menu Item,MENU0096,Chocolate Croissant,,,,20.0,pcs,42.0,840.0,Recipe:ING012
Menu Item,MENU0096,Chocolate Croissant,,,,20.0,pcs,5.0,100.0,Recipe:ING041
Menu Item,MENU0096,Chocolate Croissant,,,,40.0,pcs,0.32,12.8,Recipe:ING040
Menu Item,MENU0097,Mushroom Cheese Croissant,,,,0.5,kg,520.0,260.0,Recipe:ING027
Menu Item,MENU0097,Mushroom Cheese Croissant,,,,0.875,kg,480.0,420.0,Recipe:ING006
Menu Item,MENU0097,Mushroom Cheese Croissant,,,,25.0,pcs,42.0,1050.0,Recipe:ING012
Menu Item,MENU0097,Mushroom Cheese Croissant,,,,25.0,pcs,5.0,125.0,Recipe:ING041
Menu Item,MENU0097,Mushroom Cheese Croissant,,,,50.0,pcs,0.32,16.0,Recipe:ING040
Menu Item,MENU0098,Sriracha Chicken Croissant,,,,0.48,kg,520.0,249.6,Recipe:ING027
Menu Item,MENU0098,Sriracha Chicken Croissant,,,,1.68,kg,330.0,554.4,Recipe:ING007
Menu Item,MENU0098,Sriracha Chicken Croissant,,,,24.0,pcs,42.0,1008.0,Recipe:ING012
Menu Item,MENU0098,Sriracha Chicken Croissant,,,,24.0,pcs,5.0,120.0,Recipe:ING041
Menu Item,MENU0098,Sriracha Chicken Croissant,,,,48.0,pcs,0.32,15.36,Recipe:ING040
Menu Item,MENU0099,Cinnamon Roll with Cream Cheese,,,,0.5,litre,210.0,105.0,Recipe:ING004
Menu Item,MENU0099,Cinnamon Roll with Cream Cheese,,,,20.0,pcs,42.0,840.0,Recipe:ING012
Menu Item,MENU0099,Cinnamon Roll with Cream Cheese,,,,20.0,pcs,5.0,100.0,Recipe:ING041
Menu Item,MENU0099,Cinnamon Roll with Cream Cheese,,,,20.0,pcs,0.32,6.4,Recipe:ING040
Menu Item,MENU0100,Banana Walnut Tea Cake,,,,2.17,kg,72.0,156.24,Recipe:ING026
Menu Item,MENU0100,Banana Walnut Tea Cake,,,,31.0,pcs,46.0,1426.0,Recipe:ING014
Menu Item,MENU0100,Banana Walnut Tea Cake,,,,0.775,litre,210.0,162.75,Recipe:ING004
Menu Item,MENU0100,Banana Walnut Tea Cake,,,,31.0,pcs,5.0,155.0,Recipe:ING041
Menu Item,MENU0100,Banana Walnut Tea Cake,,,,31.0,pcs,0.32,9.92,Recipe:ING040
Menu Item,MENU0101,Lemon Raspberry Tea Cake,,,,30.0,pcs,46.0,1380.0,Recipe:ING014
Menu Item,MENU0101,Lemon Raspberry Tea Cake,,,,0.75,litre,210.0,157.5,Recipe:ING004
Menu Item,MENU0101,Lemon Raspberry Tea Cake,,,,30.0,pcs,5.0,150.0,Recipe:ING041
Menu Item,MENU0101,Lemon Raspberry Tea Cake,,,,30.0,pcs,0.32,9.6,Recipe:ING040
Menu Item,MENU0102,Double Chocolate Truffle Cake,,,,32.0,pcs,46.0,1472.0,Recipe:ING014
Menu Item,MENU0102,Double Chocolate Truffle Cake,,,,0.8,litre,260.0,208.0,Recipe:ING016
Menu Item,MENU0102,Double Chocolate Truffle Cake,,,,0.8,litre,210.0,168.0,Recipe:ING004
Menu Item,MENU0102,Double Chocolate Truffle Cake,,,,32.0,pcs,5.0,160.0,Recipe:ING041
Menu Item,MENU0102,Double Chocolate Truffle Cake,,,,32.0,pcs,0.32,10.24,Recipe:ING040
Menu Item,MENU0103,Banoffee Pie,,,,19.0,pcs,46.0,874.0,Recipe:ING014
Menu Item,MENU0103,Banoffee Pie,,,,0.475,litre,210.0,99.75,Recipe:ING004
Menu Item,MENU0103,Banoffee Pie,,,,19.0,pcs,5.0,95.0,Recipe:ING041
Menu Item,MENU0103,Banoffee Pie,,,,19.0,pcs,0.32,6.08,Recipe:ING040
Menu Item,MENU0104,Classic Chocolate Fudge Brownie,,,,31.0,pcs,34.0,1054.0,Recipe:ING013
Menu Item,MENU0104,Classic Chocolate Fudge Brownie,,,,1.395,litre,260.0,362.7,Recipe:ING016
Menu Item,MENU0104,Classic Chocolate Fudge Brownie,,,,31.0,pcs,5.0,155.0,Recipe:ING041
Menu Item,MENU0104,Classic Chocolate Fudge Brownie,,,,31.0,pcs,0.32,9.92,Recipe:ING040
Menu Item,MENU0105,Soft-Centred Caramel Cookie,,,,0.4,kg,520.0,208.0,Recipe:ING027
Menu Item,MENU0105,Soft-Centred Caramel Cookie,,,,11.0,pcs,46.0,506.0,Recipe:ING014
Menu Item,MENU0105,Soft-Centred Caramel Cookie,,,,0.4,litre,250.0,100.0,Recipe:ING017
Menu Item,MENU0105,Soft-Centred Caramel Cookie,,,,20.0,pcs,5.0,100.0,Recipe:ING041
Menu Item,MENU0105,Soft-Centred Caramel Cookie,,,,20.0,pcs,0.32,6.4,Recipe:ING040
Menu Item,MENU0106,Death by Chocolate Cookie,,,,0.56,kg,520.0,291.2,Recipe:ING027
Menu Item,MENU0106,Death by Chocolate Cookie,,,,15.4,pcs,46.0,708.4,Recipe:ING014
Menu Item,MENU0106,Death by Chocolate Cookie,,,,0.7,litre,260.0,182.0,Recipe:ING016
Menu Item,MENU0106,Death by Chocolate Cookie,,,,28.0,pcs,5.0,140.0,Recipe:ING041
Menu Item,MENU0106,Death by Chocolate Cookie,,,,28.0,pcs,0.32,8.96,Recipe:ING040
Menu Item,MENU0107,Jaggery Parmesan Cookie,,,,0.5,kg,520.0,260.0,Recipe:ING027
Menu Item,MENU0107,Jaggery Parmesan Cookie,,,,13.75,pcs,46.0,632.5,Recipe:ING014
Menu Item,MENU0107,Jaggery Parmesan Cookie,,,,25.0,pcs,5.0,125.0,Recipe:ING041
Menu Item,MENU0107,Jaggery Parmesan Cookie,,,,25.0,pcs,0.32,8.0,Recipe:ING040
Menu Item,MENU0108,Apple Pie,,,,25.0,pcs,46.0,1150.0,Recipe:ING014
Menu Item,MENU0108,Apple Pie,,,,0.625,litre,210.0,131.25,Recipe:ING004
Menu Item,MENU0108,Apple Pie,,,,25.0,pcs,5.0,125.0,Recipe:ING041
Menu Item,MENU0108,Apple Pie,,,,25.0,pcs,0.32,8.0,Recipe:ING040
Menu Item,MENU0109,Basque Cheesecake,,,,34.0,pcs,72.0,2448.0,Recipe:ING015
Menu Item,MENU0109,Basque Cheesecake,,,,0.85,litre,210.0,178.5,Recipe:ING004
Menu Item,MENU0109,Basque Cheesecake,,,,34.0,pcs,5.0,170.0,Recipe:ING041
Menu Item,MENU0109,Basque Cheesecake,,,,34.0,pcs,0.32,10.88,Recipe:ING040
Menu Item,MENU0110,Multigrain Walnut Tea Cake,,,,24.0,pcs,46.0,1104.0,Recipe:ING014
Menu Item,MENU0110,Multigrain Walnut Tea Cake,,,,0.6,litre,210.0,126.0,Recipe:ING004
Menu Item,MENU0110,Multigrain Walnut Tea Cake,,,,24.0,pcs,5.0,120.0,Recipe:ING041
Menu Item,MENU0110,Multigrain Walnut Tea Cake,,,,24.0,pcs,0.32,7.68,Recipe:ING040
Menu Item,MENU0001,Espresso Shot - Solo,,,,0.048,kg,980.0,47.04,Recipe:ING001
Menu Item,MENU0001,Espresso Shot - Solo,,,,5.0,pcs,2.8,14.0,Recipe:ING037
Menu Item,MENU0001,Espresso Shot - Solo,,,,5.0,pcs,1.1,5.5,Recipe:ING038
Menu Item,MENU0001,Espresso Shot - Solo,,,,5.0,pcs,0.32,1.6,Recipe:ING040
Menu Item,MENU0002,Espresso Shot - Doppio,,,,0.0696,kg,980.0,68.21,Recipe:ING001
Menu Item,MENU0002,Espresso Shot - Doppio,,,,4.0,pcs,2.8,11.2,Recipe:ING037
Menu Item,MENU0002,Espresso Shot - Doppio,,,,4.0,pcs,1.1,4.4,Recipe:ING038
Menu Item,MENU0002,Espresso Shot - Doppio,,,,4.0,pcs,0.32,1.28,Recipe:ING040
Menu Item,MENU0003,Americano - Regular,,,,1.242,kg,980.0,1217.16,Recipe:ING001
Menu Item,MENU0003,Americano - Regular,,,,69.0,pcs,2.8,193.2,Recipe:ING037
Menu Item,MENU0003,Americano - Regular,,,,69.0,pcs,1.1,75.9,Recipe:ING038
Menu Item,MENU0003,Americano - Regular,,,,69.0,pcs,0.32,22.08,Recipe:ING040
Menu Item,MENU0003,Americano - Regular,,,,1.035,litre,90.0,93.15,Recipe:ING019
Menu Item,MENU0004,Americano - Medium,,,,1.4283,kg,980.0,1399.73,Recipe:ING001
Menu Item,MENU0004,Americano - Medium,,,,69.0,pcs,2.8,193.2,Recipe:ING037
Menu Item,MENU0004,Americano - Medium,,,,69.0,pcs,1.1,75.9,Recipe:ING038
Menu Item,MENU0004,Americano - Medium,,,,69.0,pcs,0.32,22.08,Recipe:ING040
Menu Item,MENU0004,Americano - Medium,,,,1.1868,litre,90.0,106.81,Recipe:ING019
Menu Item,MENU0005,Americano - Large,,,,1.2402,kg,980.0,1215.4,Recipe:ING001
Menu Item,MENU0005,Americano - Large,,,,53.0,pcs,2.8,148.4,Recipe:ING037
Menu Item,MENU0005,Americano - Large,,,,53.0,pcs,1.1,58.3,Recipe:ING038
Menu Item,MENU0005,Americano - Large,,,,53.0,pcs,0.32,16.96,Recipe:ING040
Menu Item,MENU0005,Americano - Large,,,,1.0335,litre,90.0,93.02,Recipe:ING019
Menu Item,MENU0006,Latte - Regular,,,,1.062,kg,980.0,1040.76,Recipe:ING001
Menu Item,MENU0006,Latte - Regular,,,,59.0,pcs,2.8,165.2,Recipe:ING037
Menu Item,MENU0006,Latte - Regular,,,,59.0,pcs,1.1,64.9,Recipe:ING038
Menu Item,MENU0006,Latte - Regular,,,,10.62,litre,72.0,764.64,Recipe:ING002
Menu Item,MENU0006,Latte - Regular,,,,59.0,pcs,0.32,18.88,Recipe:ING040
Menu Item,MENU0006,Latte - Regular,,,,0.885,litre,90.0,79.65,Recipe:ING019
Menu Item,MENU0007,Latte - Medium,,,,1.4904,kg,980.0,1460.59,Recipe:ING001
Menu Item,MENU0007,Latte - Medium,,,,72.0,pcs,2.8,201.6,Recipe:ING037
Menu Item,MENU0007,Latte - Medium,,,,72.0,pcs,1.1,79.2,Recipe:ING038
Menu Item,MENU0007,Latte - Medium,,,,14.904,litre,72.0,1073.09,Recipe:ING002
Menu Item,MENU0007,Latte - Medium,,,,72.0,pcs,0.32,23.04,Recipe:ING040
Menu Item,MENU0007,Latte - Medium,,,,1.2384,litre,90.0,111.46,Recipe:ING019
Menu Item,MENU0008,Latte - Large,,,,1.0764,kg,980.0,1054.87,Recipe:ING001
Menu Item,MENU0008,Latte - Large,,,,46.0,pcs,2.8,128.8,Recipe:ING037
Menu Item,MENU0008,Latte - Large,,,,46.0,pcs,1.1,50.6,Recipe:ING038
Menu Item,MENU0008,Latte - Large,,,,10.764,litre,72.0,775.01,Recipe:ING002
Menu Item,MENU0008,Latte - Large,,,,46.0,pcs,0.32,14.72,Recipe:ING040
Menu Item,MENU0008,Latte - Large,,,,0.897,litre,90.0,80.73,Recipe:ING019
Menu Item,MENU0009,Cappuccino - Regular,,,,1.17,kg,980.0,1146.6,Recipe:ING001
Menu Item,MENU0009,Cappuccino - Regular,,,,65.0,pcs,2.8,182.0,Recipe:ING037
Menu Item,MENU0009,Cappuccino - Regular,,,,65.0,pcs,1.1,71.5,Recipe:ING038
Menu Item,MENU0009,Cappuccino - Regular,,,,11.7,litre,72.0,842.4,Recipe:ING002
Menu Item,MENU0009,Cappuccino - Regular,,,,65.0,pcs,0.32,20.8,Recipe:ING040
Menu Item,MENU0009,Cappuccino - Regular,,,,0.975,litre,90.0,87.75,Recipe:ING019
Menu Item,MENU0010,Cappuccino - Medium,,,,1.4076,kg,980.0,1379.45,Recipe:ING001
Menu Item,MENU0010,Cappuccino - Medium,,,,68.0,pcs,2.8,190.4,Recipe:ING037
Menu Item,MENU0010,Cappuccino - Medium,,,,68.0,pcs,1.1,74.8,Recipe:ING038
Menu Item,MENU0010,Cappuccino - Medium,,,,14.076,litre,72.0,1013.47,Recipe:ING002
Menu Item,MENU0010,Cappuccino - Medium,,,,68.0,pcs,0.32,21.76,Recipe:ING040
Menu Item,MENU0010,Cappuccino - Medium,,,,1.1696,litre,90.0,105.26,Recipe:ING019
Menu Item,MENU0011,Cappuccino - Large,,,,0.7722,kg,980.0,756.76,Recipe:ING001
Menu Item,MENU0011,Cappuccino - Large,,,,33.0,pcs,2.8,92.4,Recipe:ING037
Menu Item,MENU0011,Cappuccino - Large,,,,33.0,pcs,1.1,36.3,Recipe:ING038
Menu Item,MENU0011,Cappuccino - Large,,,,7.722,litre,72.0,555.98,Recipe:ING002
Menu Item,MENU0011,Cappuccino - Large,,,,33.0,pcs,0.32,10.56,Recipe:ING040
Menu Item,MENU0011,Cappuccino - Large,,,,0.6435,litre,90.0,57.91,Recipe:ING019
Menu Item,MENU0012,Flat White - Regular,,,,1.188,kg,980.0,1164.24,Recipe:ING001
Menu Item,MENU0012,Flat White - Regular,,,,66.0,pcs,2.8,184.8,Recipe:ING037
Menu Item,MENU0012,Flat White - Regular,,,,66.0,pcs,1.1,72.6,Recipe:ING038
Menu Item,MENU0012,Flat White - Regular,,,,11.88,litre,72.0,855.36,Recipe:ING002
Menu Item,MENU0012,Flat White - Regular,,,,66.0,pcs,0.32,21.12,Recipe:ING040
Menu Item,MENU0012,Flat White - Regular,,,,0.99,litre,90.0,89.1,Recipe:ING019
Menu Item,MENU0013,Flat White - Medium,,,,1.2627,kg,980.0,1237.45,Recipe:ING001
Menu Item,MENU0013,Flat White - Medium,,,,61.0,pcs,2.8,170.8,Recipe:ING037
Menu Item,MENU0013,Flat White - Medium,,,,61.0,pcs,1.1,67.1,Recipe:ING038
Menu Item,MENU0013,Flat White - Medium,,,,12.627,litre,72.0,909.14,Recipe:ING002
Menu Item,MENU0013,Flat White - Medium,,,,61.0,pcs,0.32,19.52,Recipe:ING040
Menu Item,MENU0013,Flat White - Medium,,,,1.0492,litre,90.0,94.43,Recipe:ING019
Menu Item,MENU0014,Flat White - Large,,,,1.0764,kg,980.0,1054.87,Recipe:ING001
Menu Item,MENU0014,Flat White - Large,,,,46.0,pcs,2.8,128.8,Recipe:ING037
Menu Item,MENU0014,Flat White - Large,,,,46.0,pcs,1.1,50.6,Recipe:ING038
Menu Item,MENU0014,Flat White - Large,,,,10.764,litre,72.0,775.01,Recipe:ING002
Menu Item,MENU0014,Flat White - Large,,,,46.0,pcs,0.32,14.72,Recipe:ING040
Menu Item,MENU0014,Flat White - Large,,,,0.897,litre,90.0,80.73,Recipe:ING019
Menu Item,MENU0015,Mocha - Regular,,,,1.325,litre,260.0,344.5,Recipe:ING016
Menu Item,MENU0015,Mocha - Regular,,,,0.954,kg,980.0,934.92,Recipe:ING001
Menu Item,MENU0015,Mocha - Regular,,,,53.0,pcs,2.8,148.4,Recipe:ING037
Menu Item,MENU0015,Mocha - Regular,,,,53.0,pcs,1.1,58.3,Recipe:ING038
Menu Item,MENU0015,Mocha - Regular,,,,9.54,litre,72.0,686.88,Recipe:ING002
Menu Item,MENU0015,Mocha - Regular,,,,53.0,pcs,0.32,16.96,Recipe:ING040
Menu Item,MENU0015,Mocha - Regular,,,,0.795,litre,90.0,71.55,Recipe:ING019
Menu Item,MENU0016,Mocha - Medium,,,,1.6072,litre,260.0,417.87,Recipe:ING016
Menu Item,MENU0016,Mocha - Medium,,,,1.1592,kg,980.0,1136.02,Recipe:ING001
Menu Item,MENU0016,Mocha - Medium,,,,56.0,pcs,2.8,156.8,Recipe:ING037
Menu Item,MENU0016,Mocha - Medium,,,,56.0,pcs,1.1,61.6,Recipe:ING038
Menu Item,MENU0016,Mocha - Medium,,,,11.592,litre,72.0,834.62,Recipe:ING002
Menu Item,MENU0016,Mocha - Medium,,,,56.0,pcs,0.32,17.92,Recipe:ING040
Menu Item,MENU0016,Mocha - Medium,,,,0.9632,litre,90.0,86.69,Recipe:ING019
Menu Item,MENU0017,Mocha - Large,,,,1.2675,litre,260.0,329.55,Recipe:ING016
Menu Item,MENU0017,Mocha - Large,,,,0.9126,kg,980.0,894.35,Recipe:ING001
Menu Item,MENU0017,Mocha - Large,,,,39.0,pcs,2.8,109.2,Recipe:ING037
Menu Item,MENU0017,Mocha - Large,,,,39.0,pcs,1.1,42.9,Recipe:ING038
Menu Item,MENU0017,Mocha - Large,,,,9.126,litre,72.0,657.07,Recipe:ING002
Menu Item,MENU0017,Mocha - Large,,,,39.0,pcs,0.32,12.48,Recipe:ING040
Menu Item,MENU0017,Mocha - Large,,,,0.7605,litre,90.0,68.44,Recipe:ING019
Menu Item,MENU0018,Sea Salt Mocha - Regular,,,,0.9,litre,260.0,234.0,Recipe:ING016
Menu Item,MENU0018,Sea Salt Mocha - Regular,,,,0.648,kg,980.0,635.04,Recipe:ING001
Menu Item,MENU0018,Sea Salt Mocha - Regular,,,,36.0,pcs,2.8,100.8,Recipe:ING037
Menu Item,MENU0018,Sea Salt Mocha - Regular,,,,36.0,pcs,1.1,39.6,Recipe:ING038
Menu Item,MENU0018,Sea Salt Mocha - Regular,,,,6.48,litre,72.0,466.56,Recipe:ING002
Menu Item,MENU0018,Sea Salt Mocha - Regular,,,,36.0,pcs,0.32,11.52,Recipe:ING040
Menu Item,MENU0018,Sea Salt Mocha - Regular,,,,0.54,litre,90.0,48.6,Recipe:ING019
Menu Item,MENU0019,Sea Salt Mocha - Medium,,,,0.8323,litre,260.0,216.4,Recipe:ING016
Menu Item,MENU0019,Sea Salt Mocha - Medium,,,,0.6003,kg,980.0,588.29,Recipe:ING001
Menu Item,MENU0019,Sea Salt Mocha - Medium,,,,29.0,pcs,2.8,81.2,Recipe:ING037
Menu Item,MENU0019,Sea Salt Mocha - Medium,,,,29.0,pcs,1.1,31.9,Recipe:ING038
Menu Item,MENU0019,Sea Salt Mocha - Medium,,,,6.003,litre,72.0,432.22,Recipe:ING002
Menu Item,MENU0019,Sea Salt Mocha - Medium,,,,29.0,pcs,0.32,9.28,Recipe:ING040
Menu Item,MENU0019,Sea Salt Mocha - Medium,,,,0.4988,litre,90.0,44.89,Recipe:ING019
Menu Item,MENU0020,Sea Salt Mocha - Large,,,,0.6825,litre,260.0,177.45,Recipe:ING016
Menu Item,MENU0020,Sea Salt Mocha - Large,,,,0.4914,kg,980.0,481.57,Recipe:ING001
Menu Item,MENU0020,Sea Salt Mocha - Large,,,,21.0,pcs,2.8,58.8,Recipe:ING037
Menu Item,MENU0020,Sea Salt Mocha - Large,,,,21.0,pcs,1.1,23.1,Recipe:ING038
Menu Item,MENU0020,Sea Salt Mocha - Large,,,,4.914,litre,72.0,353.81,Recipe:ING002
Menu Item,MENU0020,Sea Salt Mocha - Large,,,,21.0,pcs,0.32,6.72,Recipe:ING040
Menu Item,MENU0020,Sea Salt Mocha - Large,,,,0.4095,litre,90.0,36.85,Recipe:ING019
Menu Item,MENU0021,Orange Zest Mocha - Regular,,,,0.45,litre,260.0,117.0,Recipe:ING016
Menu Item,MENU0021,Orange Zest Mocha - Regular,,,,0.324,kg,980.0,317.52,Recipe:ING001
Menu Item,MENU0021,Orange Zest Mocha - Regular,,,,18.0,pcs,2.8,50.4,Recipe:ING037
Menu Item,MENU0021,Orange Zest Mocha - Regular,,,,18.0,pcs,1.1,19.8,Recipe:ING038
Menu Item,MENU0021,Orange Zest Mocha - Regular,,,,3.24,litre,72.0,233.28,Recipe:ING002
Menu Item,MENU0021,Orange Zest Mocha - Regular,,,,18.0,pcs,0.32,5.76,Recipe:ING040
Menu Item,MENU0021,Orange Zest Mocha - Regular,,,,0.27,litre,90.0,24.3,Recipe:ING019
Menu Item,MENU0022,Orange Zest Mocha - Medium,,,,0.7462,litre,260.0,194.01,Recipe:ING016
Menu Item,MENU0022,Orange Zest Mocha - Medium,,,,0.5382,kg,980.0,527.44,Recipe:ING001
Menu Item,MENU0022,Orange Zest Mocha - Medium,,,,26.0,pcs,2.8,72.8,Recipe:ING037
Menu Item,MENU0022,Orange Zest Mocha - Medium,,,,26.0,pcs,1.1,28.6,Recipe:ING038
Menu Item,MENU0022,Orange Zest Mocha - Medium,,,,5.382,litre,72.0,387.5,Recipe:ING002
Menu Item,MENU0022,Orange Zest Mocha - Medium,,,,26.0,pcs,0.32,8.32,Recipe:ING040
Menu Item,MENU0022,Orange Zest Mocha - Medium,,,,0.4472,litre,90.0,40.25,Recipe:ING019
Menu Item,MENU0023,Orange Zest Mocha - Large,,,,0.455,litre,260.0,118.3,Recipe:ING016
Menu Item,MENU0023,Orange Zest Mocha - Large,,,,0.3276,kg,980.0,321.05,Recipe:ING001
Menu Item,MENU0023,Orange Zest Mocha - Large,,,,14.0,pcs,2.8,39.2,Recipe:ING037
Menu Item,MENU0023,Orange Zest Mocha - Large,,,,14.0,pcs,1.1,15.4,Recipe:ING038
Menu Item,MENU0023,Orange Zest Mocha - Large,,,,3.276,litre,72.0,235.87,Recipe:ING002
Menu Item,MENU0023,Orange Zest Mocha - Large,,,,14.0,pcs,0.32,4.48,Recipe:ING040
Menu Item,MENU0023,Orange Zest Mocha - Large,,,,0.273,litre,90.0,24.57,Recipe:ING019
Menu Item,MENU0024,Caramel Macchiato - Regular,,,,0.675,litre,250.0,168.75,Recipe:ING017
Menu Item,MENU0024,Caramel Macchiato - Regular,,,,0.486,kg,980.0,476.28,Recipe:ING001
Menu Item,MENU0024,Caramel Macchiato - Regular,,,,27.0,pcs,2.8,75.6,Recipe:ING037
Menu Item,MENU0024,Caramel Macchiato - Regular,,,,27.0,pcs,1.1,29.7,Recipe:ING038
Menu Item,MENU0024,Caramel Macchiato - Regular,,,,4.86,litre,72.0,349.92,Recipe:ING002
Menu Item,MENU0024,Caramel Macchiato - Regular,,,,27.0,pcs,0.32,8.64,Recipe:ING040
Menu Item,MENU0024,Caramel Macchiato - Regular,,,,0.405,litre,90.0,36.45,Recipe:ING019
Menu Item,MENU0025,Caramel Macchiato - Medium,,,,0.6888,litre,250.0,172.2,Recipe:ING017
Menu Item,MENU0025,Caramel Macchiato - Medium,,,,0.4968,kg,980.0,486.86,Recipe:ING001
Menu Item,MENU0025,Caramel Macchiato - Medium,,,,24.0,pcs,2.8,67.2,Recipe:ING037
Menu Item,MENU0025,Caramel Macchiato - Medium,,,,24.0,pcs,1.1,26.4,Recipe:ING038
Menu Item,MENU0025,Caramel Macchiato - Medium,,,,4.968,litre,72.0,357.7,Recipe:ING002
Menu Item,MENU0025,Caramel Macchiato - Medium,,,,24.0,pcs,0.32,7.68,Recipe:ING040
Menu Item,MENU0025,Caramel Macchiato - Medium,,,,0.4128,litre,90.0,37.15,Recipe:ING019
Menu Item,MENU0026,Caramel Macchiato - Large,,,,0.7475,litre,250.0,186.88,Recipe:ING017
Menu Item,MENU0026,Caramel Macchiato - Large,,,,0.5382,kg,980.0,527.44,Recipe:ING001
Menu Item,MENU0026,Caramel Macchiato - Large,,,,23.0,pcs,2.8,64.4,Recipe:ING037
Menu Item,MENU0026,Caramel Macchiato - Large,,,,23.0,pcs,1.1,25.3,Recipe:ING038
Menu Item,MENU0026,Caramel Macchiato - Large,,,,5.382,litre,72.0,387.5,Recipe:ING002
Menu Item,MENU0026,Caramel Macchiato - Large,,,,23.0,pcs,0.32,7.36,Recipe:ING040
Menu Item,MENU0026,Caramel Macchiato - Large,,,,0.4485,litre,90.0,40.37,Recipe:ING019
Menu Item,MENU0027,French Vanilla Latte - Regular,,,,0.558,kg,980.0,546.84,Recipe:ING001
Menu Item,MENU0027,French Vanilla Latte - Regular,,,,31.0,pcs,2.8,86.8,Recipe:ING037
Menu Item,MENU0027,French Vanilla Latte - Regular,,,,31.0,pcs,1.1,34.1,Recipe:ING038
Menu Item,MENU0027,French Vanilla Latte - Regular,,,,5.58,litre,72.0,401.76,Recipe:ING002
Menu Item,MENU0027,French Vanilla Latte - Regular,,,,31.0,pcs,0.32,9.92,Recipe:ING040
Menu Item,MENU0027,French Vanilla Latte - Regular,,,,0.465,litre,90.0,41.85,Recipe:ING019
Menu Item,MENU0027,French Vanilla Latte - Regular,,,,0.775,litre,240.0,186.0,Recipe:ING018
Menu Item,MENU0028,French Vanilla Latte - Medium,,,,0.6417,kg,980.0,628.87,Recipe:ING001
Menu Item,MENU0028,French Vanilla Latte - Medium,,,,31.0,pcs,2.8,86.8,Recipe:ING037
Menu Item,MENU0028,French Vanilla Latte - Medium,,,,31.0,pcs,1.1,34.1,Recipe:ING038
Menu Item,MENU0028,French Vanilla Latte - Medium,,,,6.417,litre,72.0,462.02,Recipe:ING002
Menu Item,MENU0028,French Vanilla Latte - Medium,,,,31.0,pcs,0.32,9.92,Recipe:ING040
Menu Item,MENU0028,French Vanilla Latte - Medium,,,,0.5332,litre,90.0,47.99,Recipe:ING019
Menu Item,MENU0028,French Vanilla Latte - Medium,,,,0.8897,litre,240.0,213.53,Recipe:ING018
Menu Item,MENU0029,French Vanilla Latte - Large,,,,0.3978,kg,980.0,389.84,Recipe:ING001
Menu Item,MENU0029,French Vanilla Latte - Large,,,,17.0,pcs,2.8,47.6,Recipe:ING037
Menu Item,MENU0029,French Vanilla Latte - Large,,,,17.0,pcs,1.1,18.7,Recipe:ING038
Menu Item,MENU0029,French Vanilla Latte - Large,,,,3.978,litre,72.0,286.42,Recipe:ING002
Menu Item,MENU0029,French Vanilla Latte - Large,,,,17.0,pcs,0.32,5.44,Recipe:ING040
Menu Item,MENU0029,French Vanilla Latte - Large,,,,0.3315,litre,90.0,29.84,Recipe:ING019
Menu Item,MENU0029,French Vanilla Latte - Large,,,,0.5525,litre,240.0,132.6,Recipe:ING018
Menu Item,MENU0030,Vegan Iced Latte - Regular,,,,0.378,kg,980.0,370.44,Recipe:ING001
Menu Item,MENU0030,Vegan Iced Latte - Regular,,,,21.0,pcs,3.2,67.2,Recipe:ING036
Menu Item,MENU0030,Vegan Iced Latte - Regular,,,,2.52,kg,12.0,30.24,Recipe:ING022
Menu Item,MENU0030,Vegan Iced Latte - Regular,,,,21.0,pcs,1.1,23.1,Recipe:ING038
Menu Item,MENU0030,Vegan Iced Latte - Regular,,,,21.0,pcs,0.32,6.72,Recipe:ING040
Menu Item,MENU0030,Vegan Iced Latte - Regular,,,,3.78,litre,185.0,699.3,Recipe:ING003
Menu Item,MENU0030,Vegan Iced Latte - Regular,,,,21.0,pcs,0.55,11.55,Recipe:ING039
Menu Item,MENU0030,Vegan Iced Latte - Regular,,,,0.315,litre,90.0,28.35,Recipe:ING019
Menu Item,MENU0031,Vegan Iced Latte - Medium,,,,0.6417,kg,980.0,628.87,Recipe:ING001
Menu Item,MENU0031,Vegan Iced Latte - Medium,,,,31.0,pcs,3.2,99.2,Recipe:ING036
Menu Item,MENU0031,Vegan Iced Latte - Medium,,,,4.278,kg,12.0,51.34,Recipe:ING022
Menu Item,MENU0031,Vegan Iced Latte - Medium,,,,31.0,pcs,1.1,34.1,Recipe:ING038
Menu Item,MENU0031,Vegan Iced Latte - Medium,,,,31.0,pcs,0.32,9.92,Recipe:ING040
Menu Item,MENU0031,Vegan Iced Latte - Medium,,,,6.417,litre,185.0,1187.14,Recipe:ING003
Menu Item,MENU0031,Vegan Iced Latte - Medium,,,,31.0,pcs,0.55,17.05,Recipe:ING039
Menu Item,MENU0031,Vegan Iced Latte - Medium,,,,0.5332,litre,90.0,47.99,Recipe:ING019
Menu Item,MENU0032,Vegan Iced Latte - Large,,,,0.351,kg,980.0,343.98,Recipe:ING001
Menu Item,MENU0032,Vegan Iced Latte - Large,,,,15.0,pcs,3.2,48.0,Recipe:ING036
Menu Item,MENU0032,Vegan Iced Latte - Large,,,,2.34,kg,12.0,28.08,Recipe:ING022
Menu Item,MENU0032,Vegan Iced Latte - Large,,,,15.0,pcs,1.1,16.5,Recipe:ING038
Menu Item,MENU0032,Vegan Iced Latte - Large,,,,15.0,pcs,0.32,4.8,Recipe:ING040
Menu Item,MENU0032,Vegan Iced Latte - Large,,,,3.51,litre,185.0,649.35,Recipe:ING003
Menu Item,MENU0032,Vegan Iced Latte - Large,,,,15.0,pcs,0.55,8.25,Recipe:ING039
Menu Item,MENU0032,Vegan Iced Latte - Large,,,,0.2925,litre,90.0,26.32,Recipe:ING019
Menu Item,MENU0033,Classic Cold Brew - Regular,,,,0.36,kg,980.0,352.8,Recipe:ING001
Menu Item,MENU0033,Classic Cold Brew - Regular,,,,20.0,pcs,3.2,64.0,Recipe:ING036
Menu Item,MENU0033,Classic Cold Brew - Regular,,,,2.4,kg,12.0,28.8,Recipe:ING022
Menu Item,MENU0033,Classic Cold Brew - Regular,,,,20.0,pcs,1.1,22.0,Recipe:ING038
Menu Item,MENU0033,Classic Cold Brew - Regular,,,,20.0,pcs,0.32,6.4,Recipe:ING040
Menu Item,MENU0033,Classic Cold Brew - Regular,,,,20.0,pcs,0.55,11.0,Recipe:ING039
Menu Item,MENU0033,Classic Cold Brew - Regular,,,,0.3,litre,90.0,27.0,Recipe:ING019
Menu Item,MENU0034,Classic Cold Brew - Medium,,,,0.2484,kg,980.0,243.43,Recipe:ING001
Menu Item,MENU0034,Classic Cold Brew - Medium,,,,12.0,pcs,3.2,38.4,Recipe:ING036
Menu Item,MENU0034,Classic Cold Brew - Medium,,,,1.656,kg,12.0,19.87,Recipe:ING022
Menu Item,MENU0034,Classic Cold Brew - Medium,,,,12.0,pcs,1.1,13.2,Recipe:ING038
Menu Item,MENU0034,Classic Cold Brew - Medium,,,,12.0,pcs,0.32,3.84,Recipe:ING040
Menu Item,MENU0034,Classic Cold Brew - Medium,,,,12.0,pcs,0.55,6.6,Recipe:ING039
Menu Item,MENU0034,Classic Cold Brew - Medium,,,,0.2064,litre,90.0,18.58,Recipe:ING019
Menu Item,MENU0035,Classic Cold Brew - Large,,,,0.4446,kg,980.0,435.71,Recipe:ING001
Menu Item,MENU0035,Classic Cold Brew - Large,,,,19.0,pcs,3.2,60.8,Recipe:ING036
Menu Item,MENU0035,Classic Cold Brew - Large,,,,2.964,kg,12.0,35.57,Recipe:ING022
Menu Item,MENU0035,Classic Cold Brew - Large,,,,19.0,pcs,1.1,20.9,Recipe:ING038
Menu Item,MENU0035,Classic Cold Brew - Large,,,,19.0,pcs,0.32,6.08,Recipe:ING040
Menu Item,MENU0035,Classic Cold Brew - Large,,,,19.0,pcs,0.55,10.45,Recipe:ING039
Menu Item,MENU0035,Classic Cold Brew - Large,,,,0.3705,litre,90.0,33.34,Recipe:ING019
Menu Item,MENU0036,Coffee Lemonade - Regular,,,,0.36,kg,980.0,352.8,Recipe:ING001
Menu Item,MENU0036,Coffee Lemonade - Regular,,,,20.0,pcs,3.2,64.0,Recipe:ING036
Menu Item,MENU0036,Coffee Lemonade - Regular,,,,2.4,kg,12.0,28.8,Recipe:ING022
Menu Item,MENU0036,Coffee Lemonade - Regular,,,,0.7,kg,110.0,77.0,Recipe:ING023
Menu Item,MENU0036,Coffee Lemonade - Regular,,,,20.0,pcs,1.1,22.0,Recipe:ING038
Menu Item,MENU0036,Coffee Lemonade - Regular,,,,20.0,pcs,0.32,6.4,Recipe:ING040
Menu Item,MENU0036,Coffee Lemonade - Regular,,,,20.0,pcs,0.55,11.0,Recipe:ING039
Menu Item,MENU0036,Coffee Lemonade - Regular,,,,0.3,litre,90.0,27.0,Recipe:ING019
Menu Item,MENU0037,Coffee Lemonade - Medium,,,,0.4347,kg,980.0,426.01,Recipe:ING001
Menu Item,MENU0037,Coffee Lemonade - Medium,,,,21.0,pcs,3.2,67.2,Recipe:ING036
Menu Item,MENU0037,Coffee Lemonade - Medium,,,,2.898,kg,12.0,34.78,Recipe:ING022
Menu Item,MENU0037,Coffee Lemonade - Medium,,,,0.8463,kg,110.0,93.09,Recipe:ING023
Menu Item,MENU0037,Coffee Lemonade - Medium,,,,21.0,pcs,1.1,23.1,Recipe:ING038
Menu Item,MENU0037,Coffee Lemonade - Medium,,,,21.0,pcs,0.32,6.72,Recipe:ING040
Menu Item,MENU0037,Coffee Lemonade - Medium,,,,21.0,pcs,0.55,11.55,Recipe:ING039
Menu Item,MENU0037,Coffee Lemonade - Medium,,,,0.3612,litre,90.0,32.51,Recipe:ING019
Menu Item,MENU0038,Coffee Lemonade - Large,,,,0.2808,kg,980.0,275.18,Recipe:ING001
Menu Item,MENU0038,Coffee Lemonade - Large,,,,12.0,pcs,3.2,38.4,Recipe:ING036
Menu Item,MENU0038,Coffee Lemonade - Large,,,,1.872,kg,12.0,22.46,Recipe:ING022
Menu Item,MENU0038,Coffee Lemonade - Large,,,,0.546,kg,110.0,60.06,Recipe:ING023
Menu Item,MENU0038,Coffee Lemonade - Large,,,,12.0,pcs,1.1,13.2,Recipe:ING038
Menu Item,MENU0038,Coffee Lemonade - Large,,,,12.0,pcs,0.32,3.84,Recipe:ING040
Menu Item,MENU0038,Coffee Lemonade - Large,,,,12.0,pcs,0.55,6.6,Recipe:ING039
Menu Item,MENU0038,Coffee Lemonade - Large,,,,0.234,litre,90.0,21.06,Recipe:ING019
Menu Item,MENU0039,Vietnamese Shakerato - Regular,,,,0.324,kg,980.0,317.52,Recipe:ING001
Menu Item,MENU0039,Vietnamese Shakerato - Regular,,,,18.0,pcs,3.2,57.6,Recipe:ING036
Menu Item,MENU0039,Vietnamese Shakerato - Regular,,,,2.16,kg,12.0,25.92,Recipe:ING022
Menu Item,MENU0039,Vietnamese Shakerato - Regular,,,,18.0,pcs,1.1,19.8,Recipe:ING038
Menu Item,MENU0039,Vietnamese Shakerato - Regular,,,,18.0,pcs,0.32,5.76,Recipe:ING040
Menu Item,MENU0039,Vietnamese Shakerato - Regular,,,,18.0,pcs,0.55,9.9,Recipe:ING039
Menu Item,MENU0039,Vietnamese Shakerato - Regular,,,,0.27,litre,90.0,24.3,Recipe:ING019
Menu Item,MENU0040,Vietnamese Shakerato - Medium,,,,0.2691,kg,980.0,263.72,Recipe:ING001
Menu Item,MENU0040,Vietnamese Shakerato - Medium,,,,13.0,pcs,3.2,41.6,Recipe:ING036
Menu Item,MENU0040,Vietnamese Shakerato - Medium,,,,1.794,kg,12.0,21.53,Recipe:ING022
Menu Item,MENU0040,Vietnamese Shakerato - Medium,,,,13.0,pcs,1.1,14.3,Recipe:ING038
Menu Item,MENU0040,Vietnamese Shakerato - Medium,,,,13.0,pcs,0.32,4.16,Recipe:ING040
Menu Item,MENU0040,Vietnamese Shakerato - Medium,,,,13.0,pcs,0.55,7.15,Recipe:ING039
Menu Item,MENU0040,Vietnamese Shakerato - Medium,,,,0.2236,litre,90.0,20.12,Recipe:ING019
Menu Item,MENU0041,Vietnamese Shakerato - Large,,,,0.234,kg,980.0,229.32,Recipe:ING001
Menu Item,MENU0041,Vietnamese Shakerato - Large,,,,10.0,pcs,3.2,32.0,Recipe:ING036
Menu Item,MENU0041,Vietnamese Shakerato - Large,,,,1.56,kg,12.0,18.72,Recipe:ING022
Menu Item,MENU0041,Vietnamese Shakerato - Large,,,,10.0,pcs,1.1,11.0,Recipe:ING038
Menu Item,MENU0041,Vietnamese Shakerato - Large,,,,10.0,pcs,0.32,3.2,Recipe:ING040
Menu Item,MENU0041,Vietnamese Shakerato - Large,,,,10.0,pcs,0.55,5.5,Recipe:ING039
Menu Item,MENU0041,Vietnamese Shakerato - Large,,,,0.195,litre,90.0,17.55,Recipe:ING019
Menu Item,MENU0042,Classic Cold Coffee - Regular,,,,0.702,kg,980.0,687.96,Recipe:ING001
Menu Item,MENU0042,Classic Cold Coffee - Regular,,,,39.0,pcs,3.2,124.8,Recipe:ING036
Menu Item,MENU0042,Classic Cold Coffee - Regular,,,,4.68,kg,12.0,56.16,Recipe:ING022
Menu Item,MENU0042,Classic Cold Coffee - Regular,,,,39.0,pcs,1.1,42.9,Recipe:ING038
Menu Item,MENU0042,Classic Cold Coffee - Regular,,,,7.02,litre,72.0,505.44,Recipe:ING002
Menu Item,MENU0042,Classic Cold Coffee - Regular,,,,39.0,pcs,0.32,12.48,Recipe:ING040
Menu Item,MENU0042,Classic Cold Coffee - Regular,,,,39.0,pcs,0.55,21.45,Recipe:ING039
Menu Item,MENU0042,Classic Cold Coffee - Regular,,,,0.585,litre,90.0,52.65,Recipe:ING019
Menu Item,MENU0043,Classic Cold Coffee - Medium,,,,0.5796,kg,980.0,568.01,Recipe:ING001
Menu Item,MENU0043,Classic Cold Coffee - Medium,,,,28.0,pcs,3.2,89.6,Recipe:ING036
Menu Item,MENU0043,Classic Cold Coffee - Medium,,,,3.864,kg,12.0,46.37,Recipe:ING022
Menu Item,MENU0043,Classic Cold Coffee - Medium,,,,28.0,pcs,1.1,30.8,Recipe:ING038
Menu Item,MENU0043,Classic Cold Coffee - Medium,,,,5.796,litre,72.0,417.31,Recipe:ING002
Menu Item,MENU0043,Classic Cold Coffee - Medium,,,,28.0,pcs,0.32,8.96,Recipe:ING040
Menu Item,MENU0043,Classic Cold Coffee - Medium,,,,28.0,pcs,0.55,15.4,Recipe:ING039
Menu Item,MENU0043,Classic Cold Coffee - Medium,,,,0.4816,litre,90.0,43.34,Recipe:ING019
Menu Item,MENU0044,Classic Cold Coffee - Large,,,,0.2808,kg,980.0,275.18,Recipe:ING001
Menu Item,MENU0044,Classic Cold Coffee - Large,,,,12.0,pcs,3.2,38.4,Recipe:ING036
Menu Item,MENU0044,Classic Cold Coffee - Large,,,,1.872,kg,12.0,22.46,Recipe:ING022
Menu Item,MENU0044,Classic Cold Coffee - Large,,,,12.0,pcs,1.1,13.2,Recipe:ING038
Menu Item,MENU0044,Classic Cold Coffee - Large,,,,2.808,litre,72.0,202.18,Recipe:ING002
Menu Item,MENU0044,Classic Cold Coffee - Large,,,,12.0,pcs,0.32,3.84,Recipe:ING040
Menu Item,MENU0044,Classic Cold Coffee - Large,,,,12.0,pcs,0.55,6.6,Recipe:ING039
Menu Item,MENU0044,Classic Cold Coffee - Large,,,,0.234,litre,90.0,21.06,Recipe:ING019
Menu Item,MENU0045,Mocha Cold Coffee - Regular,,,,0.8,litre,260.0,208.0,Recipe:ING016
Menu Item,MENU0045,Mocha Cold Coffee - Regular,,,,0.576,kg,980.0,564.48,Recipe:ING001
Menu Item,MENU0045,Mocha Cold Coffee - Regular,,,,32.0,pcs,3.2,102.4,Recipe:ING036
Menu Item,MENU0045,Mocha Cold Coffee - Regular,,,,3.84,kg,12.0,46.08,Recipe:ING022
Menu Item,MENU0045,Mocha Cold Coffee - Regular,,,,32.0,pcs,1.1,35.2,Recipe:ING038
Menu Item,MENU0045,Mocha Cold Coffee - Regular,,,,5.76,litre,72.0,414.72,Recipe:ING002
Menu Item,MENU0045,Mocha Cold Coffee - Regular,,,,32.0,pcs,0.32,10.24,Recipe:ING040
Menu Item,MENU0045,Mocha Cold Coffee - Regular,,,,32.0,pcs,0.55,17.6,Recipe:ING039
Menu Item,MENU0045,Mocha Cold Coffee - Regular,,,,0.48,litre,90.0,43.2,Recipe:ING019
Menu Item,MENU0046,Mocha Cold Coffee - Medium,,,,0.6601,litre,260.0,171.63,Recipe:ING016
Menu Item,MENU0046,Mocha Cold Coffee - Medium,,,,0.4761,kg,980.0,466.58,Recipe:ING001
Menu Item,MENU0046,Mocha Cold Coffee - Medium,,,,23.0,pcs,3.2,73.6,Recipe:ING036
Menu Item,MENU0046,Mocha Cold Coffee - Medium,,,,3.174,kg,12.0,38.09,Recipe:ING022
Menu Item,MENU0046,Mocha Cold Coffee - Medium,,,,23.0,pcs,1.1,25.3,Recipe:ING038
Menu Item,MENU0046,Mocha Cold Coffee - Medium,,,,4.761,litre,72.0,342.79,Recipe:ING002
Menu Item,MENU0046,Mocha Cold Coffee - Medium,,,,23.0,pcs,0.32,7.36,Recipe:ING040
Menu Item,MENU0046,Mocha Cold Coffee - Medium,,,,23.0,pcs,0.55,12.65,Recipe:ING039
Menu Item,MENU0046,Mocha Cold Coffee - Medium,,,,0.3956,litre,90.0,35.6,Recipe:ING019
Menu Item,MENU0047,Mocha Cold Coffee - Large,,,,0.3575,litre,260.0,92.95,Recipe:ING016
Menu Item,MENU0047,Mocha Cold Coffee - Large,,,,0.2574,kg,980.0,252.25,Recipe:ING001
Menu Item,MENU0047,Mocha Cold Coffee - Large,,,,11.0,pcs,3.2,35.2,Recipe:ING036
Menu Item,MENU0047,Mocha Cold Coffee - Large,,,,1.716,kg,12.0,20.59,Recipe:ING022
Menu Item,MENU0047,Mocha Cold Coffee - Large,,,,11.0,pcs,1.1,12.1,Recipe:ING038
Menu Item,MENU0047,Mocha Cold Coffee - Large,,,,2.574,litre,72.0,185.33,Recipe:ING002
Menu Item,MENU0047,Mocha Cold Coffee - Large,,,,11.0,pcs,0.32,3.52,Recipe:ING040
Menu Item,MENU0047,Mocha Cold Coffee - Large,,,,11.0,pcs,0.55,6.05,Recipe:ING039
Menu Item,MENU0047,Mocha Cold Coffee - Large,,,,0.2145,litre,90.0,19.3,Recipe:ING019
Menu Item,MENU0048,Caramel Cold Coffee - Regular,,,,0.425,litre,250.0,106.25,Recipe:ING017
Menu Item,MENU0048,Caramel Cold Coffee - Regular,,,,0.306,kg,980.0,299.88,Recipe:ING001
Menu Item,MENU0048,Caramel Cold Coffee - Regular,,,,17.0,pcs,3.2,54.4,Recipe:ING036
Menu Item,MENU0048,Caramel Cold Coffee - Regular,,,,2.04,kg,12.0,24.48,Recipe:ING022
Menu Item,MENU0048,Caramel Cold Coffee - Regular,,,,17.0,pcs,1.1,18.7,Recipe:ING038
Menu Item,MENU0048,Caramel Cold Coffee - Regular,,,,3.06,litre,72.0,220.32,Recipe:ING002
Menu Item,MENU0048,Caramel Cold Coffee - Regular,,,,17.0,pcs,0.32,5.44,Recipe:ING040
Menu Item,MENU0048,Caramel Cold Coffee - Regular,,,,17.0,pcs,0.55,9.35,Recipe:ING039
Menu Item,MENU0048,Caramel Cold Coffee - Regular,,,,0.255,litre,90.0,22.95,Recipe:ING019
Menu Item,MENU0049,Caramel Cold Coffee - Medium,,,,0.6027,litre,250.0,150.68,Recipe:ING017
Menu Item,MENU0049,Caramel Cold Coffee - Medium,,,,0.4347,kg,980.0,426.01,Recipe:ING001
Menu Item,MENU0049,Caramel Cold Coffee - Medium,,,,21.0,pcs,3.2,67.2,Recipe:ING036
Menu Item,MENU0049,Caramel Cold Coffee - Medium,,,,2.898,kg,12.0,34.78,Recipe:ING022
Menu Item,MENU0049,Caramel Cold Coffee - Medium,,,,21.0,pcs,1.1,23.1,Recipe:ING038
Menu Item,MENU0049,Caramel Cold Coffee - Medium,,,,4.347,litre,72.0,312.98,Recipe:ING002
Menu Item,MENU0049,Caramel Cold Coffee - Medium,,,,21.0,pcs,0.32,6.72,Recipe:ING040
Menu Item,MENU0049,Caramel Cold Coffee - Medium,,,,21.0,pcs,0.55,11.55,Recipe:ING039
Menu Item,MENU0049,Caramel Cold Coffee - Medium,,,,0.3612,litre,90.0,32.51,Recipe:ING019
Menu Item,MENU0050,Caramel Cold Coffee - Large,,,,0.5525,litre,250.0,138.12,Recipe:ING017
Menu Item,MENU0050,Caramel Cold Coffee - Large,,,,0.3978,kg,980.0,389.84,Recipe:ING001
Menu Item,MENU0050,Caramel Cold Coffee - Large,,,,17.0,pcs,3.2,54.4,Recipe:ING036
Menu Item,MENU0050,Caramel Cold Coffee - Large,,,,2.652,kg,12.0,31.82,Recipe:ING022
Menu Item,MENU0050,Caramel Cold Coffee - Large,,,,17.0,pcs,1.1,18.7,Recipe:ING038
Menu Item,MENU0050,Caramel Cold Coffee - Large,,,,3.978,litre,72.0,286.42,Recipe:ING002
Menu Item,MENU0050,Caramel Cold Coffee - Large,,,,17.0,pcs,0.32,5.44,Recipe:ING040
Menu Item,MENU0050,Caramel Cold Coffee - Large,,,,17.0,pcs,0.55,9.35,Recipe:ING039
Menu Item,MENU0050,Caramel Cold Coffee - Large,,,,0.3315,litre,90.0,29.84,Recipe:ING019
Menu Item,MENU0051,Masala Chai Latte - Regular,,,,0.45,kg,980.0,441.0,Recipe:ING001
Menu Item,MENU0051,Masala Chai Latte - Regular,,,,25.0,pcs,2.8,70.0,Recipe:ING037
Menu Item,MENU0051,Masala Chai Latte - Regular,,,,25.0,pcs,1.1,27.5,Recipe:ING038
Menu Item,MENU0051,Masala Chai Latte - Regular,,,,4.5,litre,72.0,324.0,Recipe:ING002
Menu Item,MENU0051,Masala Chai Latte - Regular,,,,25.0,pcs,0.32,8.0,Recipe:ING040
Menu Item,MENU0051,Masala Chai Latte - Regular,,,,0.375,litre,90.0,33.75,Recipe:ING019
Menu Item,MENU0052,Masala Chai Latte - Medium,,,,0.6417,kg,980.0,628.87,Recipe:ING001
Menu Item,MENU0052,Masala Chai Latte - Medium,,,,31.0,pcs,2.8,86.8,Recipe:ING037
Menu Item,MENU0052,Masala Chai Latte - Medium,,,,31.0,pcs,1.1,34.1,Recipe:ING038
Menu Item,MENU0052,Masala Chai Latte - Medium,,,,6.417,litre,72.0,462.02,Recipe:ING002
Menu Item,MENU0052,Masala Chai Latte - Medium,,,,31.0,pcs,0.32,9.92,Recipe:ING040
Menu Item,MENU0052,Masala Chai Latte - Medium,,,,0.5332,litre,90.0,47.99,Recipe:ING019
Menu Item,MENU0053,Masala Chai Latte - Large,,,,0.3744,kg,980.0,366.91,Recipe:ING001
Menu Item,MENU0053,Masala Chai Latte - Large,,,,16.0,pcs,2.8,44.8,Recipe:ING037
Menu Item,MENU0053,Masala Chai Latte - Large,,,,16.0,pcs,1.1,17.6,Recipe:ING038
Menu Item,MENU0053,Masala Chai Latte - Large,,,,3.744,litre,72.0,269.57,Recipe:ING002
Menu Item,MENU0053,Masala Chai Latte - Large,,,,16.0,pcs,0.32,5.12,Recipe:ING040
Menu Item,MENU0053,Masala Chai Latte - Large,,,,0.312,litre,90.0,28.08,Recipe:ING019
Menu Item,MENU0054,Himalayan Green Tea,,,,24.0,pcs,2.8,67.2,Recipe:ING037
Menu Item,MENU0054,Himalayan Green Tea,,,,24.0,pcs,1.1,26.4,Recipe:ING038
Menu Item,MENU0054,Himalayan Green Tea,,,,24.0,pcs,0.32,7.68,Recipe:ING040
Menu Item,MENU0054,Himalayan Green Tea,,,,0.36,litre,90.0,32.4,Recipe:ING019
Menu Item,MENU0054,Himalayan Green Tea,,,,0.12,kg,620.0,74.4,Recipe:ING020
Menu Item,MENU0055,Japanese Matcha Latte - Regular,,,,0.558,kg,980.0,546.84,Recipe:ING001
Menu Item,MENU0055,Japanese Matcha Latte - Regular,,,,31.0,pcs,2.8,86.8,Recipe:ING037
Menu Item,MENU0055,Japanese Matcha Latte - Regular,,,,31.0,pcs,1.1,34.1,Recipe:ING038
Menu Item,MENU0055,Japanese Matcha Latte - Regular,,,,5.58,litre,72.0,401.76,Recipe:ING002
Menu Item,MENU0055,Japanese Matcha Latte - Regular,,,,31.0,pcs,0.32,9.92,Recipe:ING040
Menu Item,MENU0055,Japanese Matcha Latte - Regular,,,,0.465,litre,90.0,41.85,Recipe:ING019
Menu Item,MENU0056,Japanese Matcha Latte - Medium,,,,0.414,kg,980.0,405.72,Recipe:ING001
Menu Item,MENU0056,Japanese Matcha Latte - Medium,,,,20.0,pcs,2.8,56.0,Recipe:ING037
Menu Item,MENU0056,Japanese Matcha Latte - Medium,,,,20.0,pcs,1.1,22.0,Recipe:ING038
Menu Item,MENU0056,Japanese Matcha Latte - Medium,,,,4.14,litre,72.0,298.08,Recipe:ING002
Menu Item,MENU0056,Japanese Matcha Latte - Medium,,,,20.0,pcs,0.32,6.4,Recipe:ING040
Menu Item,MENU0056,Japanese Matcha Latte - Medium,,,,0.344,litre,90.0,30.96,Recipe:ING019
Menu Item,MENU0057,Japanese Matcha Latte - Large,,,,0.5382,kg,980.0,527.44,Recipe:ING001
Menu Item,MENU0057,Japanese Matcha Latte - Large,,,,23.0,pcs,2.8,64.4,Recipe:ING037
Menu Item,MENU0057,Japanese Matcha Latte - Large,,,,23.0,pcs,1.1,25.3,Recipe:ING038
Menu Item,MENU0057,Japanese Matcha Latte - Large,,,,5.382,litre,72.0,387.5,Recipe:ING002
Menu Item,MENU0057,Japanese Matcha Latte - Large,,,,23.0,pcs,0.32,7.36,Recipe:ING040
Menu Item,MENU0057,Japanese Matcha Latte - Large,,,,0.4485,litre,90.0,40.37,Recipe:ING019
Menu Item,MENU0058,Lemon Iced Tea - Regular,,,,21.0,pcs,3.2,67.2,Recipe:ING036
Menu Item,MENU0058,Lemon Iced Tea - Regular,,,,2.52,kg,12.0,30.24,Recipe:ING022
Menu Item,MENU0058,Lemon Iced Tea - Regular,,,,0.735,kg,110.0,80.85,Recipe:ING023
Menu Item,MENU0058,Lemon Iced Tea - Regular,,,,21.0,pcs,1.1,23.1,Recipe:ING038
Menu Item,MENU0058,Lemon Iced Tea - Regular,,,,21.0,pcs,0.32,6.72,Recipe:ING040
Menu Item,MENU0058,Lemon Iced Tea - Regular,,,,21.0,pcs,0.55,11.55,Recipe:ING039
Menu Item,MENU0058,Lemon Iced Tea - Regular,,,,0.315,litre,90.0,28.35,Recipe:ING019
Menu Item,MENU0058,Lemon Iced Tea - Regular,,,,0.084,kg,620.0,52.08,Recipe:ING020
Menu Item,MENU0059,Lemon Iced Tea - Medium,,,,26.0,pcs,3.2,83.2,Recipe:ING036
Menu Item,MENU0059,Lemon Iced Tea - Medium,,,,3.588,kg,12.0,43.06,Recipe:ING022
Menu Item,MENU0059,Lemon Iced Tea - Medium,,,,1.0478,kg,110.0,115.26,Recipe:ING023
Menu Item,MENU0059,Lemon Iced Tea - Medium,,,,26.0,pcs,1.1,28.6,Recipe:ING038
Menu Item,MENU0059,Lemon Iced Tea - Medium,,,,26.0,pcs,0.32,8.32,Recipe:ING040
Menu Item,MENU0059,Lemon Iced Tea - Medium,,,,26.0,pcs,0.55,14.3,Recipe:ING039
Menu Item,MENU0059,Lemon Iced Tea - Medium,,,,0.4472,litre,90.0,40.25,Recipe:ING019
Menu Item,MENU0059,Lemon Iced Tea - Medium,,,,0.1196,kg,620.0,74.15,Recipe:ING020
Menu Item,MENU0060,Lemon Iced Tea - Large,,,,9.0,pcs,3.2,28.8,Recipe:ING036
Menu Item,MENU0060,Lemon Iced Tea - Large,,,,1.404,kg,12.0,16.85,Recipe:ING022
Menu Item,MENU0060,Lemon Iced Tea - Large,,,,0.4095,kg,110.0,45.04,Recipe:ING023
Menu Item,MENU0060,Lemon Iced Tea - Large,,,,9.0,pcs,1.1,9.9,Recipe:ING038
Menu Item,MENU0060,Lemon Iced Tea - Large,,,,9.0,pcs,0.32,2.88,Recipe:ING040
Menu Item,MENU0060,Lemon Iced Tea - Large,,,,9.0,pcs,0.55,4.95,Recipe:ING039
Menu Item,MENU0060,Lemon Iced Tea - Large,,,,0.1755,litre,90.0,15.79,Recipe:ING019
Menu Item,MENU0060,Lemon Iced Tea - Large,,,,0.0468,kg,620.0,29.02,Recipe:ING020
Menu Item,MENU0061,Hibiscus Lime Iced Tea - Regular,,,,20.0,pcs,3.2,64.0,Recipe:ING036
Menu Item,MENU0061,Hibiscus Lime Iced Tea - Regular,,,,0.7,litre,390.0,273.0,Recipe:ING024
Menu Item,MENU0061,Hibiscus Lime Iced Tea - Regular,,,,2.4,kg,12.0,28.8,Recipe:ING022
Menu Item,MENU0061,Hibiscus Lime Iced Tea - Regular,,,,20.0,pcs,1.1,22.0,Recipe:ING038
Menu Item,MENU0061,Hibiscus Lime Iced Tea - Regular,,,,20.0,pcs,0.32,6.4,Recipe:ING040
Menu Item,MENU0061,Hibiscus Lime Iced Tea - Regular,,,,20.0,pcs,0.55,11.0,Recipe:ING039
Menu Item,MENU0061,Hibiscus Lime Iced Tea - Regular,,,,0.3,litre,90.0,27.0,Recipe:ING019
Menu Item,MENU0061,Hibiscus Lime Iced Tea - Regular,,,,0.08,kg,620.0,49.6,Recipe:ING020
Menu Item,MENU0062,Hibiscus Lime Iced Tea - Medium,,,,19.0,pcs,3.2,60.8,Recipe:ING036
Menu Item,MENU0062,Hibiscus Lime Iced Tea - Medium,,,,0.7657,litre,390.0,298.62,Recipe:ING024
Menu Item,MENU0062,Hibiscus Lime Iced Tea - Medium,,,,2.622,kg,12.0,31.46,Recipe:ING022
Menu Item,MENU0062,Hibiscus Lime Iced Tea - Medium,,,,19.0,pcs,1.1,20.9,Recipe:ING038
Menu Item,MENU0062,Hibiscus Lime Iced Tea - Medium,,,,19.0,pcs,0.32,6.08,Recipe:ING040
Menu Item,MENU0062,Hibiscus Lime Iced Tea - Medium,,,,19.0,pcs,0.55,10.45,Recipe:ING039
Menu Item,MENU0062,Hibiscus Lime Iced Tea - Medium,,,,0.3268,litre,90.0,29.41,Recipe:ING019
Menu Item,MENU0062,Hibiscus Lime Iced Tea - Medium,,,,0.0874,kg,620.0,54.19,Recipe:ING020
Menu Item,MENU0063,Hibiscus Lime Iced Tea - Large,,,,8.0,pcs,3.2,25.6,Recipe:ING036
Menu Item,MENU0063,Hibiscus Lime Iced Tea - Large,,,,0.364,litre,390.0,141.96,Recipe:ING024
Menu Item,MENU0063,Hibiscus Lime Iced Tea - Large,,,,1.248,kg,12.0,14.98,Recipe:ING022
Menu Item,MENU0063,Hibiscus Lime Iced Tea - Large,,,,8.0,pcs,1.1,8.8,Recipe:ING038
Menu Item,MENU0063,Hibiscus Lime Iced Tea - Large,,,,8.0,pcs,0.32,2.56,Recipe:ING040
Menu Item,MENU0063,Hibiscus Lime Iced Tea - Large,,,,8.0,pcs,0.55,4.4,Recipe:ING039
Menu Item,MENU0063,Hibiscus Lime Iced Tea - Large,,,,0.156,litre,90.0,14.04,Recipe:ING019
Menu Item,MENU0063,Hibiscus Lime Iced Tea - Large,,,,0.0416,kg,620.0,25.79,Recipe:ING020
Menu Item,MENU0064,Hot Chocolate - Regular,,,,0.24,litre,260.0,62.4,Recipe:ING016
Menu Item,MENU0064,Hot Chocolate - Regular,,,,4.0,pcs,2.8,11.2,Recipe:ING037
Menu Item,MENU0064,Hot Chocolate - Regular,,,,4.0,pcs,1.1,4.4,Recipe:ING038
Menu Item,MENU0064,Hot Chocolate - Regular,,,,0.8,litre,72.0,57.6,Recipe:ING002
Menu Item,MENU0064,Hot Chocolate - Regular,,,,4.0,pcs,0.32,1.28,Recipe:ING040
Menu Item,MENU0064,Hot Chocolate - Regular,,,,0.06,litre,90.0,5.4,Recipe:ING019
Menu Item,MENU0065,Hot Chocolate - Medium,,,,0.276,litre,260.0,71.76,Recipe:ING016
Menu Item,MENU0065,Hot Chocolate - Medium,,,,4.0,pcs,2.8,11.2,Recipe:ING037
Menu Item,MENU0065,Hot Chocolate - Medium,,,,4.0,pcs,1.1,4.4,Recipe:ING038
Menu Item,MENU0065,Hot Chocolate - Medium,,,,0.92,litre,72.0,66.24,Recipe:ING002
Menu Item,MENU0065,Hot Chocolate - Medium,,,,4.0,pcs,0.32,1.28,Recipe:ING040
Menu Item,MENU0065,Hot Chocolate - Medium,,,,0.0688,litre,90.0,6.19,Recipe:ING019
Menu Item,MENU0066,Hot Chocolate - Large,,,,0.234,litre,260.0,60.84,Recipe:ING016
Menu Item,MENU0066,Hot Chocolate - Large,,,,3.0,pcs,2.8,8.4,Recipe:ING037
Menu Item,MENU0066,Hot Chocolate - Large,,,,3.0,pcs,1.1,3.3,Recipe:ING038
Menu Item,MENU0066,Hot Chocolate - Large,,,,0.78,litre,72.0,56.16,Recipe:ING002
Menu Item,MENU0066,Hot Chocolate - Large,,,,3.0,pcs,0.32,0.96,Recipe:ING040
Menu Item,MENU0066,Hot Chocolate - Large,,,,0.0585,litre,90.0,5.27,Recipe:ING019
Menu Item,MENU0067,Babyccino - Regular,,,,7.0,pcs,2.8,19.6,Recipe:ING037
Menu Item,MENU0067,Babyccino - Regular,,,,7.0,pcs,1.1,7.7,Recipe:ING038
Menu Item,MENU0067,Babyccino - Regular,,,,0.84,litre,72.0,60.48,Recipe:ING002
Menu Item,MENU0067,Babyccino - Regular,,,,7.0,pcs,0.32,2.24,Recipe:ING040
Menu Item,MENU0067,Babyccino - Regular,,,,0.105,litre,90.0,9.45,Recipe:ING019
Menu Item,MENU0068,Choco Chip Shake - Regular,,,,0.425,litre,260.0,110.5,Recipe:ING016
Menu Item,MENU0068,Choco Chip Shake - Regular,,,,17.0,pcs,3.2,54.4,Recipe:ING036
Menu Item,MENU0068,Choco Chip Shake - Regular,,,,0.425,litre,210.0,89.25,Recipe:ING004
Menu Item,MENU0068,Choco Chip Shake - Regular,,,,2.04,kg,12.0,24.48,Recipe:ING022
Menu Item,MENU0068,Choco Chip Shake - Regular,,,,17.0,pcs,1.1,18.7,Recipe:ING038
Menu Item,MENU0068,Choco Chip Shake - Regular,,,,3.4,litre,72.0,244.8,Recipe:ING002
Menu Item,MENU0068,Choco Chip Shake - Regular,,,,17.0,pcs,0.32,5.44,Recipe:ING040
Menu Item,MENU0068,Choco Chip Shake - Regular,,,,17.0,pcs,0.55,9.35,Recipe:ING039
Menu Item,MENU0068,Choco Chip Shake - Regular,,,,0.255,litre,90.0,22.95,Recipe:ING019
Menu Item,MENU0069,Choco Chip Shake - Medium,,,,0.287,litre,260.0,74.62,Recipe:ING016
Menu Item,MENU0069,Choco Chip Shake - Medium,,,,10.0,pcs,3.2,32.0,Recipe:ING036
Menu Item,MENU0069,Choco Chip Shake - Medium,,,,0.287,litre,210.0,60.27,Recipe:ING004
Menu Item,MENU0069,Choco Chip Shake - Medium,,,,1.38,kg,12.0,16.56,Recipe:ING022
Menu Item,MENU0069,Choco Chip Shake - Medium,,,,10.0,pcs,1.1,11.0,Recipe:ING038
Menu Item,MENU0069,Choco Chip Shake - Medium,,,,2.3,litre,72.0,165.6,Recipe:ING002
Menu Item,MENU0069,Choco Chip Shake - Medium,,,,10.0,pcs,0.32,3.2,Recipe:ING040
Menu Item,MENU0069,Choco Chip Shake - Medium,,,,10.0,pcs,0.55,5.5,Recipe:ING039
Menu Item,MENU0069,Choco Chip Shake - Medium,,,,0.172,litre,90.0,15.48,Recipe:ING019
Menu Item,MENU0070,Choco Chip Shake - Large,,,,0.2925,litre,260.0,76.05,Recipe:ING016
Menu Item,MENU0070,Choco Chip Shake - Large,,,,9.0,pcs,3.2,28.8,Recipe:ING036
Menu Item,MENU0070,Choco Chip Shake - Large,,,,0.2925,litre,210.0,61.42,Recipe:ING004
Menu Item,MENU0070,Choco Chip Shake - Large,,,,1.404,kg,12.0,16.85,Recipe:ING022
Menu Item,MENU0070,Choco Chip Shake - Large,,,,9.0,pcs,1.1,9.9,Recipe:ING038
Menu Item,MENU0070,Choco Chip Shake - Large,,,,2.34,litre,72.0,168.48,Recipe:ING002
Menu Item,MENU0070,Choco Chip Shake - Large,,,,9.0,pcs,0.32,2.88,Recipe:ING040
Menu Item,MENU0070,Choco Chip Shake - Large,,,,9.0,pcs,0.55,4.95,Recipe:ING039
Menu Item,MENU0070,Choco Chip Shake - Large,,,,0.1755,litre,90.0,15.79,Recipe:ING019
Menu Item,MENU0071,Mixed Berry Shake - Regular,,,,17.0,pcs,3.2,54.4,Recipe:ING036
Menu Item,MENU0071,Mixed Berry Shake - Regular,,,,0.425,litre,210.0,89.25,Recipe:ING004
Menu Item,MENU0071,Mixed Berry Shake - Regular,,,,2.04,kg,12.0,24.48,Recipe:ING022
Menu Item,MENU0071,Mixed Berry Shake - Regular,,,,17.0,pcs,1.1,18.7,Recipe:ING038
Menu Item,MENU0071,Mixed Berry Shake - Regular,,,,3.4,litre,72.0,244.8,Recipe:ING002
Menu Item,MENU0071,Mixed Berry Shake - Regular,,,,1.36,kg,420.0,571.2,Recipe:ING025
Menu Item,MENU0071,Mixed Berry Shake - Regular,,,,17.0,pcs,0.32,5.44,Recipe:ING040
Menu Item,MENU0071,Mixed Berry Shake - Regular,,,,17.0,pcs,0.55,9.35,Recipe:ING039
Menu Item,MENU0071,Mixed Berry Shake - Regular,,,,0.255,litre,90.0,22.95,Recipe:ING019
Menu Item,MENU0072,Mixed Berry Shake - Medium,,,,15.0,pcs,3.2,48.0,Recipe:ING036
Menu Item,MENU0072,Mixed Berry Shake - Medium,,,,0.4305,litre,210.0,90.41,Recipe:ING004
Menu Item,MENU0072,Mixed Berry Shake - Medium,,,,2.07,kg,12.0,24.84,Recipe:ING022
Menu Item,MENU0072,Mixed Berry Shake - Medium,,,,15.0,pcs,1.1,16.5,Recipe:ING038
Menu Item,MENU0072,Mixed Berry Shake - Medium,,,,3.45,litre,72.0,248.4,Recipe:ING002
Menu Item,MENU0072,Mixed Berry Shake - Medium,,,,1.38,kg,420.0,579.6,Recipe:ING025
Menu Item,MENU0072,Mixed Berry Shake - Medium,,,,15.0,pcs,0.32,4.8,Recipe:ING040
Menu Item,MENU0072,Mixed Berry Shake - Medium,,,,15.0,pcs,0.55,8.25,Recipe:ING039
Menu Item,MENU0072,Mixed Berry Shake - Medium,,,,0.258,litre,90.0,23.22,Recipe:ING019
Menu Item,MENU0073,Mixed Berry Shake - Large,,,,7.0,pcs,3.2,22.4,Recipe:ING036
Menu Item,MENU0073,Mixed Berry Shake - Large,,,,0.2275,litre,210.0,47.77,Recipe:ING004
Menu Item,MENU0073,Mixed Berry Shake - Large,,,,1.092,kg,12.0,13.1,Recipe:ING022
Menu Item,MENU0073,Mixed Berry Shake - Large,,,,7.0,pcs,1.1,7.7,Recipe:ING038
Menu Item,MENU0073,Mixed Berry Shake - Large,,,,1.82,litre,72.0,131.04,Recipe:ING002
Menu Item,MENU0073,Mixed Berry Shake - Large,,,,0.728,kg,420.0,305.76,Recipe:ING025
Menu Item,MENU0073,Mixed Berry Shake - Large,,,,7.0,pcs,0.32,2.24,Recipe:ING040
Menu Item,MENU0073,Mixed Berry Shake - Large,,,,7.0,pcs,0.55,3.85,Recipe:ING039
Menu Item,MENU0073,Mixed Berry Shake - Large,,,,0.1365,litre,90.0,12.29,Recipe:ING019
Menu Item,MENU0074,Seasonal Smoothie - Regular,,,,0.32,kg,72.0,23.04,Recipe:ING026
Menu Item,MENU0074,Seasonal Smoothie - Regular,,,,4.0,pcs,3.2,12.8,Recipe:ING036
Menu Item,MENU0074,Seasonal Smoothie - Regular,,,,0.1,litre,210.0,21.0,Recipe:ING004
Menu Item,MENU0074,Seasonal Smoothie - Regular,,,,0.48,kg,12.0,5.76,Recipe:ING022
Menu Item,MENU0074,Seasonal Smoothie - Regular,,,,4.0,pcs,1.1,4.4,Recipe:ING038
Menu Item,MENU0074,Seasonal Smoothie - Regular,,,,0.8,litre,72.0,57.6,Recipe:ING002
Menu Item,MENU0074,Seasonal Smoothie - Regular,,,,4.0,pcs,0.32,1.28,Recipe:ING040
Menu Item,MENU0074,Seasonal Smoothie - Regular,,,,4.0,pcs,0.55,2.2,Recipe:ING039
Menu Item,MENU0074,Seasonal Smoothie - Regular,,,,0.06,litre,90.0,5.4,Recipe:ING019
Menu Item,MENU0075,Seasonal Smoothie - Medium,,,,0.92,kg,72.0,66.24,Recipe:ING026
Menu Item,MENU0075,Seasonal Smoothie - Medium,,,,10.0,pcs,3.2,32.0,Recipe:ING036
Menu Item,MENU0075,Seasonal Smoothie - Medium,,,,0.287,litre,210.0,60.27,Recipe:ING004
Menu Item,MENU0075,Seasonal Smoothie - Medium,,,,1.38,kg,12.0,16.56,Recipe:ING022
Menu Item,MENU0075,Seasonal Smoothie - Medium,,,,10.0,pcs,1.1,11.0,Recipe:ING038
Menu Item,MENU0075,Seasonal Smoothie - Medium,,,,2.3,litre,72.0,165.6,Recipe:ING002
Menu Item,MENU0075,Seasonal Smoothie - Medium,,,,10.0,pcs,0.32,3.2,Recipe:ING040
Menu Item,MENU0075,Seasonal Smoothie - Medium,,,,10.0,pcs,0.55,5.5,Recipe:ING039
Menu Item,MENU0075,Seasonal Smoothie - Medium,,,,0.172,litre,90.0,15.48,Recipe:ING019
Menu Item,MENU0076,Seasonal Smoothie - Large,,,,0.728,kg,72.0,52.42,Recipe:ING026
Menu Item,MENU0076,Seasonal Smoothie - Large,,,,7.0,pcs,3.2,22.4,Recipe:ING036
Menu Item,MENU0076,Seasonal Smoothie - Large,,,,0.2275,litre,210.0,47.77,Recipe:ING004
Menu Item,MENU0076,Seasonal Smoothie - Large,,,,1.092,kg,12.0,13.1,Recipe:ING022
Menu Item,MENU0076,Seasonal Smoothie - Large,,,,7.0,pcs,1.1,7.7,Recipe:ING038
Menu Item,MENU0076,Seasonal Smoothie - Large,,,,1.82,litre,72.0,131.04,Recipe:ING002
Menu Item,MENU0076,Seasonal Smoothie - Large,,,,7.0,pcs,0.32,2.24,Recipe:ING040
Menu Item,MENU0076,Seasonal Smoothie - Large,,,,7.0,pcs,0.55,3.85,Recipe:ING039
Menu Item,MENU0076,Seasonal Smoothie - Large,,,,0.1365,litre,90.0,12.29,Recipe:ING019
Menu Item,MENU0077,Spicy Paneer Wrap,,,,0.4,kg,84.0,33.6,Recipe:ING030
Menu Item,MENU0077,Spicy Paneer Wrap,,,,0.4,kg,280.0,112.0,Recipe:ING033
Menu Item,MENU0077,Spicy Paneer Wrap,,,,0.4,kg,95.0,38.0,Recipe:ING028
Menu Item,MENU0077,Spicy Paneer Wrap,,,,32.0,pcs,0.32,10.24,Recipe:ING040
Menu Item,MENU0077,Spicy Paneer Wrap,,,,0.32,kg,42.0,13.44,Recipe:ING029
Menu Item,MENU0077,Spicy Paneer Wrap,,,,1.76,kg,360.0,633.6,Recipe:ING005
Menu Item,MENU0077,Spicy Paneer Wrap,,,,16.0,pcs,15.0,240.0,Recipe:ING011
Menu Item,MENU0077,Spicy Paneer Wrap,,,,16.0,pcs,5.8,92.8,Recipe:ING043
Menu Item,MENU0078,Shredded Chicken Wrap,,,,0.325,kg,84.0,27.3,Recipe:ING030
Menu Item,MENU0078,Shredded Chicken Wrap,,,,1.43,kg,330.0,471.9,Recipe:ING007
Menu Item,MENU0078,Shredded Chicken Wrap,,,,0.325,kg,280.0,91.0,Recipe:ING033
Menu Item,MENU0078,Shredded Chicken Wrap,,,,0.325,kg,95.0,30.88,Recipe:ING028
Menu Item,MENU0078,Shredded Chicken Wrap,,,,26.0,pcs,0.32,8.32,Recipe:ING040
Menu Item,MENU0078,Shredded Chicken Wrap,,,,0.26,kg,42.0,10.92,Recipe:ING029
Menu Item,MENU0078,Shredded Chicken Wrap,,,,13.0,pcs,15.0,195.0,Recipe:ING011
Menu Item,MENU0078,Shredded Chicken Wrap,,,,13.0,pcs,5.8,75.4,Recipe:ING043
Menu Item,MENU0079,Smoked Chipotle Paneer Sandwich,,,,54.0,pcs,12.0,648.0,Recipe:ING009
Menu Item,MENU0079,Smoked Chipotle Paneer Sandwich,,,,0.81,kg,480.0,388.8,Recipe:ING006
Menu Item,MENU0079,Smoked Chipotle Paneer Sandwich,,,,0.54,kg,280.0,151.2,Recipe:ING033
Menu Item,MENU0079,Smoked Chipotle Paneer Sandwich,,,,0.54,kg,95.0,51.3,Recipe:ING028
Menu Item,MENU0079,Smoked Chipotle Paneer Sandwich,,,,54.0,pcs,0.32,17.28,Recipe:ING040
Menu Item,MENU0079,Smoked Chipotle Paneer Sandwich,,,,2.7,kg,360.0,972.0,Recipe:ING005
Menu Item,MENU0079,Smoked Chipotle Paneer Sandwich,,,,27.0,pcs,6.5,175.5,Recipe:ING042
Menu Item,MENU0079,Smoked Chipotle Paneer Sandwich,,,,0.81,kg,54.0,43.74,Recipe:ING031
Menu Item,MENU0080,Pesto Veg Sandwich,,,,56.0,pcs,12.0,672.0,Recipe:ING009
Menu Item,MENU0080,Pesto Veg Sandwich,,,,0.84,kg,480.0,403.2,Recipe:ING006
Menu Item,MENU0080,Pesto Veg Sandwich,,,,0.56,kg,95.0,53.2,Recipe:ING028
Menu Item,MENU0080,Pesto Veg Sandwich,,,,56.0,pcs,0.32,17.92,Recipe:ING040
Menu Item,MENU0080,Pesto Veg Sandwich,,,,2.8,kg,360.0,1008.0,Recipe:ING005
Menu Item,MENU0080,Pesto Veg Sandwich,,,,0.56,kg,340.0,190.4,Recipe:ING032
Menu Item,MENU0080,Pesto Veg Sandwich,,,,28.0,pcs,6.5,182.0,Recipe:ING042
Menu Item,MENU0080,Pesto Veg Sandwich,,,,0.84,kg,54.0,45.36,Recipe:ING031
Menu Item,MENU0081,Pepper Chicken Sandwich,,,,50.0,pcs,12.0,600.0,Recipe:ING009
Menu Item,MENU0081,Pepper Chicken Sandwich,,,,0.75,kg,480.0,360.0,Recipe:ING006
Menu Item,MENU0081,Pepper Chicken Sandwich,,,,2.5,kg,330.0,825.0,Recipe:ING007
Menu Item,MENU0081,Pepper Chicken Sandwich,,,,0.5,kg,280.0,140.0,Recipe:ING033
Menu Item,MENU0081,Pepper Chicken Sandwich,,,,0.5,kg,95.0,47.5,Recipe:ING028
Menu Item,MENU0081,Pepper Chicken Sandwich,,,,50.0,pcs,0.32,16.0,Recipe:ING040
Menu Item,MENU0081,Pepper Chicken Sandwich,,,,25.0,pcs,6.5,162.5,Recipe:ING042
Menu Item,MENU0081,Pepper Chicken Sandwich,,,,0.75,kg,54.0,40.5,Recipe:ING031
Menu Item,MENU0082,Tandoori Chicken Sandwich,,,,64.0,pcs,12.0,768.0,Recipe:ING009
Menu Item,MENU0082,Tandoori Chicken Sandwich,,,,0.96,kg,480.0,460.8,Recipe:ING006
Menu Item,MENU0082,Tandoori Chicken Sandwich,,,,3.2,kg,330.0,1056.0,Recipe:ING007
Menu Item,MENU0082,Tandoori Chicken Sandwich,,,,0.64,kg,280.0,179.2,Recipe:ING033
Menu Item,MENU0082,Tandoori Chicken Sandwich,,,,0.64,kg,95.0,60.8,Recipe:ING028
Menu Item,MENU0082,Tandoori Chicken Sandwich,,,,64.0,pcs,0.32,20.48,Recipe:ING040
Menu Item,MENU0082,Tandoori Chicken Sandwich,,,,32.0,pcs,6.5,208.0,Recipe:ING042
Menu Item,MENU0082,Tandoori Chicken Sandwich,,,,0.96,kg,54.0,51.84,Recipe:ING031
Menu Item,MENU0083,Chilli Cheese Garlic Toast,,,,0.08,kg,310.0,24.8,Recipe:ING035
Menu Item,MENU0083,Chilli Cheese Garlic Toast,,,,4.0,pcs,12.0,48.0,Recipe:ING009
Menu Item,MENU0083,Chilli Cheese Garlic Toast,,,,0.14,kg,480.0,67.2,Recipe:ING006
Menu Item,MENU0083,Chilli Cheese Garlic Toast,,,,8.0,pcs,0.32,2.56,Recipe:ING040
Menu Item,MENU0083,Chilli Cheese Garlic Toast,,,,4.0,pcs,6.5,26.0,Recipe:ING042
Menu Item,MENU0084,Chicken Pepperoni Avocado Toast,,,,0.2,kg,310.0,62.0,Recipe:ING035
Menu Item,MENU0084,Chicken Pepperoni Avocado Toast,,,,10.0,pcs,12.0,120.0,Recipe:ING009
Menu Item,MENU0084,Chicken Pepperoni Avocado Toast,,,,0.35,kg,480.0,168.0,Recipe:ING006
Menu Item,MENU0084,Chicken Pepperoni Avocado Toast,,,,0.8,kg,330.0,264.0,Recipe:ING007
Menu Item,MENU0084,Chicken Pepperoni Avocado Toast,,,,20.0,pcs,0.32,6.4,Recipe:ING040
Menu Item,MENU0084,Chicken Pepperoni Avocado Toast,,,,10.0,pcs,6.5,65.0,Recipe:ING042
Menu Item,MENU0085,Hummus and Pita Platter,,,,0.15,kg,310.0,46.5,Recipe:ING035
Menu Item,MENU0085,Hummus and Pita Platter,,,,10.0,pcs,12.0,120.0,Recipe:ING009
Menu Item,MENU0085,Hummus and Pita Platter,,,,0.15,kg,95.0,14.25,Recipe:ING028
Menu Item,MENU0085,Hummus and Pita Platter,,,,10.0,pcs,0.32,3.2,Recipe:ING040
Menu Item,MENU0085,Hummus and Pita Platter,,,,5.0,pcs,6.5,32.5,Recipe:ING042
Menu Item,MENU0085,Hummus and Pita Platter,,,,0.2,kg,54.0,10.8,Recipe:ING031
Menu Item,MENU0086,Breakfast Pancakes,,,,0.475,kg,520.0,247.0,Recipe:ING027
Menu Item,MENU0086,Breakfast Pancakes,,,,19.0,pcs,46.0,874.0,Recipe:ING014
Menu Item,MENU0086,Breakfast Pancakes,,,,19.0,pcs,5.0,95.0,Recipe:ING041
Menu Item,MENU0086,Breakfast Pancakes,,,,38.0,pcs,0.32,12.16,Recipe:ING040
Menu Item,MENU0086,Breakfast Pancakes,,,,0.475,litre,90.0,42.75,Recipe:ING019
Menu Item,MENU0087,Cream Cheese Bagel,,,,22.0,pcs,28.0,616.0,Recipe:ING010
Menu Item,MENU0087,Cream Cheese Bagel,,,,0.55,kg,480.0,264.0,Recipe:ING006
Menu Item,MENU0087,Cream Cheese Bagel,,,,0.77,litre,210.0,161.7,Recipe:ING004
Menu Item,MENU0087,Cream Cheese Bagel,,,,44.0,pcs,0.32,14.08,Recipe:ING040
Menu Item,MENU0087,Cream Cheese Bagel,,,,22.0,pcs,6.5,143.0,Recipe:ING042
Menu Item,MENU0088,Scallion Pepper Cream Cheese Bagel,,,,19.0,pcs,28.0,532.0,Recipe:ING010
Menu Item,MENU0088,Scallion Pepper Cream Cheese Bagel,,,,0.475,kg,480.0,228.0,Recipe:ING006
Menu Item,MENU0088,Scallion Pepper Cream Cheese Bagel,,,,0.665,litre,210.0,139.65,Recipe:ING004
Menu Item,MENU0088,Scallion Pepper Cream Cheese Bagel,,,,38.0,pcs,0.32,12.16,Recipe:ING040
Menu Item,MENU0088,Scallion Pepper Cream Cheese Bagel,,,,19.0,pcs,6.5,123.5,Recipe:ING042
Menu Item,MENU0089,Masala Egg Bun,,,,16.0,pcs,12.0,192.0,Recipe:ING009
Menu Item,MENU0089,Masala Egg Bun,,,,0.32,kg,480.0,153.6,Recipe:ING006
Menu Item,MENU0089,Masala Egg Bun,,,,32.0,pcs,7.0,224.0,Recipe:ING008
Menu Item,MENU0089,Masala Egg Bun,,,,32.0,pcs,0.32,10.24,Recipe:ING040
Menu Item,MENU0089,Masala Egg Bun,,,,16.0,pcs,6.5,104.0,Recipe:ING042
Menu Item,MENU0090,Marinara Cheese Pin Wheels,,,,9.0,pcs,12.0,108.0,Recipe:ING009
Menu Item,MENU0090,Marinara Cheese Pin Wheels,,,,0.27,kg,480.0,129.6,Recipe:ING006
Menu Item,MENU0090,Marinara Cheese Pin Wheels,,,,18.0,pcs,0.32,5.76,Recipe:ING040
Menu Item,MENU0090,Marinara Cheese Pin Wheels,,,,0.225,kg,190.0,42.75,Recipe:ING034
Menu Item,MENU0090,Marinara Cheese Pin Wheels,,,,9.0,pcs,6.5,58.5,Recipe:ING042
Menu Item,MENU0091,Pesto Sundried Tomato Pin Wheel,,,,7.0,pcs,12.0,84.0,Recipe:ING009
Menu Item,MENU0091,Pesto Sundried Tomato Pin Wheel,,,,0.21,kg,480.0,100.8,Recipe:ING006
Menu Item,MENU0091,Pesto Sundried Tomato Pin Wheel,,,,14.0,pcs,0.32,4.48,Recipe:ING040
Menu Item,MENU0091,Pesto Sundried Tomato Pin Wheel,,,,0.175,kg,340.0,59.5,Recipe:ING032
Menu Item,MENU0091,Pesto Sundried Tomato Pin Wheel,,,,7.0,pcs,6.5,45.5,Recipe:ING042
Menu Item,MENU0092,Turnover with Brioche Dough Chicken,,,,0.2,kg,480.0,96.0,Recipe:ING006
Menu Item,MENU0092,Turnover with Brioche Dough Chicken,,,,0.64,kg,330.0,211.2,Recipe:ING007
Menu Item,MENU0092,Turnover with Brioche Dough Chicken,,,,8.0,pcs,42.0,336.0,Recipe:ING012
Menu Item,MENU0092,Turnover with Brioche Dough Chicken,,,,16.0,pcs,0.32,5.12,Recipe:ING040
Menu Item,MENU0092,Turnover with Brioche Dough Chicken,,,,8.0,pcs,6.5,52.0,Recipe:ING042
Menu Item,MENU0093,Turnover with Brioche Dough Veg,,,,0.325,kg,480.0,156.0,Recipe:ING006
Menu Item,MENU0093,Turnover with Brioche Dough Veg,,,,13.0,pcs,42.0,546.0,Recipe:ING012
Menu Item,MENU0093,Turnover with Brioche Dough Veg,,,,26.0,pcs,0.32,8.32,Recipe:ING040
Menu Item,MENU0093,Turnover with Brioche Dough Veg,,,,1.04,kg,360.0,374.4,Recipe:ING005
Menu Item,MENU0093,Turnover with Brioche Dough Veg,,,,13.0,pcs,6.5,84.5,Recipe:ING042
Menu Item,MENU0094,Butter Croissant,,,,0.42,kg,520.0,218.4,Recipe:ING027
Menu Item,MENU0094,Butter Croissant,,,,21.0,pcs,42.0,882.0,Recipe:ING012
Menu Item,MENU0094,Butter Croissant,,,,21.0,pcs,5.0,105.0,Recipe:ING041
Menu Item,MENU0094,Butter Croissant,,,,42.0,pcs,0.32,13.44,Recipe:ING040
Menu Item,MENU0095,Almond Croissant,,,,0.3,kg,520.0,156.0,Recipe:ING027
Menu Item,MENU0095,Almond Croissant,,,,15.0,pcs,42.0,630.0,Recipe:ING012
Menu Item,MENU0095,Almond Croissant,,,,15.0,pcs,5.0,75.0,Recipe:ING041
Menu Item,MENU0095,Almond Croissant,,,,30.0,pcs,0.32,9.6,Recipe:ING040
Menu Item,MENU0096,Chocolate Croissant,,,,0.38,kg,520.0,197.6,Recipe:ING027
Menu Item,MENU0096,Chocolate Croissant,,,,0.475,litre,260.0,123.5,Recipe:ING016
Menu Item,MENU0096,Chocolate Croissant,,,,19.0,pcs,42.0,798.0,Recipe:ING012
Menu Item,MENU0096,Chocolate Croissant,,,,19.0,pcs,5.0,95.0,Recipe:ING041
Menu Item,MENU0096,Chocolate Croissant,,,,38.0,pcs,0.32,12.16,Recipe:ING040
Menu Item,MENU0097,Mushroom Cheese Croissant,,,,0.36,kg,520.0,187.2,Recipe:ING027
Menu Item,MENU0097,Mushroom Cheese Croissant,,,,0.63,kg,480.0,302.4,Recipe:ING006
Menu Item,MENU0097,Mushroom Cheese Croissant,,,,18.0,pcs,42.0,756.0,Recipe:ING012
Menu Item,MENU0097,Mushroom Cheese Croissant,,,,18.0,pcs,5.0,90.0,Recipe:ING041
Menu Item,MENU0097,Mushroom Cheese Croissant,,,,36.0,pcs,0.32,11.52,Recipe:ING040
Menu Item,MENU0098,Sriracha Chicken Croissant,,,,0.32,kg,520.0,166.4,Recipe:ING027
Menu Item,MENU0098,Sriracha Chicken Croissant,,,,1.12,kg,330.0,369.6,Recipe:ING007
Menu Item,MENU0098,Sriracha Chicken Croissant,,,,16.0,pcs,42.0,672.0,Recipe:ING012
Menu Item,MENU0098,Sriracha Chicken Croissant,,,,16.0,pcs,5.0,80.0,Recipe:ING041
Menu Item,MENU0098,Sriracha Chicken Croissant,,,,32.0,pcs,0.32,10.24,Recipe:ING040
Menu Item,MENU0099,Cinnamon Roll with Cream Cheese,,,,0.35,litre,210.0,73.5,Recipe:ING004
Menu Item,MENU0099,Cinnamon Roll with Cream Cheese,,,,14.0,pcs,42.0,588.0,Recipe:ING012
Menu Item,MENU0099,Cinnamon Roll with Cream Cheese,,,,14.0,pcs,5.0,70.0,Recipe:ING041
Menu Item,MENU0099,Cinnamon Roll with Cream Cheese,,,,14.0,pcs,0.32,4.48,Recipe:ING040
Menu Item,MENU0100,Banana Walnut Tea Cake,,,,1.12,kg,72.0,80.64,Recipe:ING026
Menu Item,MENU0100,Banana Walnut Tea Cake,,,,16.0,pcs,46.0,736.0,Recipe:ING014
Menu Item,MENU0100,Banana Walnut Tea Cake,,,,0.4,litre,210.0,84.0,Recipe:ING004
Menu Item,MENU0100,Banana Walnut Tea Cake,,,,16.0,pcs,5.0,80.0,Recipe:ING041
Menu Item,MENU0100,Banana Walnut Tea Cake,,,,16.0,pcs,0.32,5.12,Recipe:ING040
Menu Item,MENU0101,Lemon Raspberry Tea Cake,,,,13.0,pcs,46.0,598.0,Recipe:ING014
Menu Item,MENU0101,Lemon Raspberry Tea Cake,,,,0.325,litre,210.0,68.25,Recipe:ING004
Menu Item,MENU0101,Lemon Raspberry Tea Cake,,,,13.0,pcs,5.0,65.0,Recipe:ING041
Menu Item,MENU0101,Lemon Raspberry Tea Cake,,,,13.0,pcs,0.32,4.16,Recipe:ING040
Menu Item,MENU0102,Double Chocolate Truffle Cake,,,,7.0,pcs,46.0,322.0,Recipe:ING014
Menu Item,MENU0102,Double Chocolate Truffle Cake,,,,0.175,litre,260.0,45.5,Recipe:ING016
Menu Item,MENU0102,Double Chocolate Truffle Cake,,,,0.175,litre,210.0,36.75,Recipe:ING004
Menu Item,MENU0102,Double Chocolate Truffle Cake,,,,7.0,pcs,5.0,35.0,Recipe:ING041
Menu Item,MENU0102,Double Chocolate Truffle Cake,,,,7.0,pcs,0.32,2.24,Recipe:ING040
Menu Item,MENU0103,Banoffee Pie,,,,15.0,pcs,46.0,690.0,Recipe:ING014
Menu Item,MENU0103,Banoffee Pie,,,,0.375,litre,210.0,78.75,Recipe:ING004
Menu Item,MENU0103,Banoffee Pie,,,,15.0,pcs,5.0,75.0,Recipe:ING041
Menu Item,MENU0103,Banoffee Pie,,,,15.0,pcs,0.32,4.8,Recipe:ING040
Menu Item,MENU0104,Classic Chocolate Fudge Brownie,,,,9.0,pcs,34.0,306.0,Recipe:ING013
Menu Item,MENU0104,Classic Chocolate Fudge Brownie,,,,0.405,litre,260.0,105.3,Recipe:ING016
Menu Item,MENU0104,Classic Chocolate Fudge Brownie,,,,9.0,pcs,5.0,45.0,Recipe:ING041
Menu Item,MENU0104,Classic Chocolate Fudge Brownie,,,,9.0,pcs,0.32,2.88,Recipe:ING040
Menu Item,MENU0105,Soft-Centred Caramel Cookie,,,,0.24,kg,520.0,124.8,Recipe:ING027
Menu Item,MENU0105,Soft-Centred Caramel Cookie,,,,6.6,pcs,46.0,303.6,Recipe:ING014
Menu Item,MENU0105,Soft-Centred Caramel Cookie,,,,0.24,litre,250.0,60.0,Recipe:ING017
Menu Item,MENU0105,Soft-Centred Caramel Cookie,,,,12.0,pcs,5.0,60.0,Recipe:ING041
Menu Item,MENU0105,Soft-Centred Caramel Cookie,,,,12.0,pcs,0.32,3.84,Recipe:ING040
Menu Item,MENU0106,Death by Chocolate Cookie,,,,0.38,kg,520.0,197.6,Recipe:ING027
Menu Item,MENU0106,Death by Chocolate Cookie,,,,10.45,pcs,46.0,480.7,Recipe:ING014
Menu Item,MENU0106,Death by Chocolate Cookie,,,,0.475,litre,260.0,123.5,Recipe:ING016
Menu Item,MENU0106,Death by Chocolate Cookie,,,,19.0,pcs,5.0,95.0,Recipe:ING041
Menu Item,MENU0106,Death by Chocolate Cookie,,,,19.0,pcs,0.32,6.08,Recipe:ING040
Menu Item,MENU0107,Jaggery Parmesan Cookie,,,,0.32,kg,520.0,166.4,Recipe:ING027
Menu Item,MENU0107,Jaggery Parmesan Cookie,,,,8.8,pcs,46.0,404.8,Recipe:ING014
Menu Item,MENU0107,Jaggery Parmesan Cookie,,,,16.0,pcs,5.0,80.0,Recipe:ING041
Menu Item,MENU0107,Jaggery Parmesan Cookie,,,,16.0,pcs,0.32,5.12,Recipe:ING040
Menu Item,MENU0108,Apple Pie,,,,11.0,pcs,46.0,506.0,Recipe:ING014
Menu Item,MENU0108,Apple Pie,,,,0.275,litre,210.0,57.75,Recipe:ING004
Menu Item,MENU0108,Apple Pie,,,,11.0,pcs,5.0,55.0,Recipe:ING041
Menu Item,MENU0108,Apple Pie,,,,11.0,pcs,0.32,3.52,Recipe:ING040
Menu Item,MENU0109,Basque Cheesecake,,,,11.0,pcs,72.0,792.0,Recipe:ING015
Menu Item,MENU0109,Basque Cheesecake,,,,0.275,litre,210.0,57.75,Recipe:ING004
Menu Item,MENU0109,Basque Cheesecake,,,,11.0,pcs,5.0,55.0,Recipe:ING041
Menu Item,MENU0109,Basque Cheesecake,,,,11.0,pcs,0.32,3.52,Recipe:ING040
Menu Item,MENU0110,Multigrain Walnut Tea Cake,,,,11.0,pcs,46.0,506.0,Recipe:ING014
Menu Item,MENU0110,Multigrain Walnut Tea Cake,,,,0.275,litre,210.0,57.75,Recipe:ING004
Menu Item,MENU0110,Multigrain Walnut Tea Cake,,,,11.0,pcs,5.0,55.0,Recipe:ING041
Menu Item,MENU0110,Multigrain Walnut Tea Cake,,,,11.0,pcs,0.32,3.52,Recipe:ING040
Menu Item,MENU0001,Espresso Shot - Solo,,,,0.048,kg,980.0,47.04,Recipe:ING001
Menu Item,MENU0001,Espresso Shot - Solo,,,,5.0,pcs,2.8,14.0,Recipe:ING037
Menu Item,MENU0001,Espresso Shot - Solo,,,,5.0,pcs,1.1,5.5,Recipe:ING038
Menu Item,MENU0001,Espresso Shot - Solo,,,,5.0,pcs,0.32,1.6,Recipe:ING040
Menu Item,MENU0002,Espresso Shot - Doppio,,,,0.0522,kg,980.0,51.16,Recipe:ING001
Menu Item,MENU0002,Espresso Shot - Doppio,,,,3.0,pcs,2.8,8.4,Recipe:ING037
Menu Item,MENU0002,Espresso Shot - Doppio,,,,3.0,pcs,1.1,3.3,Recipe:ING038
Menu Item,MENU0002,Espresso Shot - Doppio,,,,3.0,pcs,0.32,0.96,Recipe:ING040
Menu Item,MENU0003,Americano - Regular,,,,1.062,kg,980.0,1040.76,Recipe:ING001
Menu Item,MENU0003,Americano - Regular,,,,59.0,pcs,2.8,165.2,Recipe:ING037
Menu Item,MENU0003,Americano - Regular,,,,59.0,pcs,1.1,64.9,Recipe:ING038
Menu Item,MENU0003,Americano - Regular,,,,59.0,pcs,0.32,18.88,Recipe:ING040
Menu Item,MENU0003,Americano - Regular,,,,0.885,litre,90.0,79.65,Recipe:ING019
Menu Item,MENU0004,Americano - Medium,,,,0.9522,kg,980.0,933.16,Recipe:ING001
Menu Item,MENU0004,Americano - Medium,,,,46.0,pcs,2.8,128.8,Recipe:ING037
Menu Item,MENU0004,Americano - Medium,,,,46.0,pcs,1.1,50.6,Recipe:ING038
Menu Item,MENU0004,Americano - Medium,,,,46.0,pcs,0.32,14.72,Recipe:ING040
Menu Item,MENU0004,Americano - Medium,,,,0.7912,litre,90.0,71.21,Recipe:ING019
Menu Item,MENU0005,Americano - Large,,,,0.6318,kg,980.0,619.16,Recipe:ING001
Menu Item,MENU0005,Americano - Large,,,,27.0,pcs,2.8,75.6,Recipe:ING037
Menu Item,MENU0005,Americano - Large,,,,27.0,pcs,1.1,29.7,Recipe:ING038
Menu Item,MENU0005,Americano - Large,,,,27.0,pcs,0.32,8.64,Recipe:ING040
Menu Item,MENU0005,Americano - Large,,,,0.5265,litre,90.0,47.38,Recipe:ING019
Menu Item,MENU0006,Latte - Regular,,,,1.134,kg,980.0,1111.32,Recipe:ING001
Menu Item,MENU0006,Latte - Regular,,,,63.0,pcs,2.8,176.4,Recipe:ING037
Menu Item,MENU0006,Latte - Regular,,,,63.0,pcs,1.1,69.3,Recipe:ING038
Menu Item,MENU0006,Latte - Regular,,,,11.34,litre,72.0,816.48,Recipe:ING002
Menu Item,MENU0006,Latte - Regular,,,,63.0,pcs,0.32,20.16,Recipe:ING040
Menu Item,MENU0006,Latte - Regular,,,,0.945,litre,90.0,85.05,Recipe:ING019
Menu Item,MENU0007,Latte - Medium,,,,1.2006,kg,980.0,1176.59,Recipe:ING001
Menu Item,MENU0007,Latte - Medium,,,,58.0,pcs,2.8,162.4,Recipe:ING037
Menu Item,MENU0007,Latte - Medium,,,,58.0,pcs,1.1,63.8,Recipe:ING038
Menu Item,MENU0007,Latte - Medium,,,,12.006,litre,72.0,864.43,Recipe:ING002
Menu Item,MENU0007,Latte - Medium,,,,58.0,pcs,0.32,18.56,Recipe:ING040
Menu Item,MENU0007,Latte - Medium,,,,0.9976,litre,90.0,89.78,Recipe:ING019
Menu Item,MENU0008,Latte - Large,,,,0.8892,kg,980.0,871.42,Recipe:ING001
Menu Item,MENU0008,Latte - Large,,,,38.0,pcs,2.8,106.4,Recipe:ING037
Menu Item,MENU0008,Latte - Large,,,,38.0,pcs,1.1,41.8,Recipe:ING038
Menu Item,MENU0008,Latte - Large,,,,8.892,litre,72.0,640.22,Recipe:ING002
Menu Item,MENU0008,Latte - Large,,,,38.0,pcs,0.32,12.16,Recipe:ING040
Menu Item,MENU0008,Latte - Large,,,,0.741,litre,90.0,66.69,Recipe:ING019
Menu Item,MENU0009,Cappuccino - Regular,,,,0.954,kg,980.0,934.92,Recipe:ING001
Menu Item,MENU0009,Cappuccino - Regular,,,,53.0,pcs,2.8,148.4,Recipe:ING037
Menu Item,MENU0009,Cappuccino - Regular,,,,53.0,pcs,1.1,58.3,Recipe:ING038
Menu Item,MENU0009,Cappuccino - Regular,,,,9.54,litre,72.0,686.88,Recipe:ING002
Menu Item,MENU0009,Cappuccino - Regular,,,,53.0,pcs,0.32,16.96,Recipe:ING040
Menu Item,MENU0009,Cappuccino - Regular,,,,0.795,litre,90.0,71.55,Recipe:ING019
Menu Item,MENU0010,Cappuccino - Medium,,,,0.9522,kg,980.0,933.16,Recipe:ING001
Menu Item,MENU0010,Cappuccino - Medium,,,,46.0,pcs,2.8,128.8,Recipe:ING037
Menu Item,MENU0010,Cappuccino - Medium,,,,46.0,pcs,1.1,50.6,Recipe:ING038
Menu Item,MENU0010,Cappuccino - Medium,,,,9.522,litre,72.0,685.58,Recipe:ING002
Menu Item,MENU0010,Cappuccino - Medium,,,,46.0,pcs,0.32,14.72,Recipe:ING040
Menu Item,MENU0010,Cappuccino - Medium,,,,0.7912,litre,90.0,71.21,Recipe:ING019
Menu Item,MENU0011,Cappuccino - Large,,,,0.7722,kg,980.0,756.76,Recipe:ING001
Menu Item,MENU0011,Cappuccino - Large,,,,33.0,pcs,2.8,92.4,Recipe:ING037
Menu Item,MENU0011,Cappuccino - Large,,,,33.0,pcs,1.1,36.3,Recipe:ING038
Menu Item,MENU0011,Cappuccino - Large,,,,7.722,litre,72.0,555.98,Recipe:ING002
Menu Item,MENU0011,Cappuccino - Large,,,,33.0,pcs,0.32,10.56,Recipe:ING040
Menu Item,MENU0011,Cappuccino - Large,,,,0.6435,litre,90.0,57.91,Recipe:ING019
Menu Item,MENU0012,Flat White - Regular,,,,0.846,kg,980.0,829.08,Recipe:ING001
Menu Item,MENU0012,Flat White - Regular,,,,47.0,pcs,2.8,131.6,Recipe:ING037
Menu Item,MENU0012,Flat White - Regular,,,,47.0,pcs,1.1,51.7,Recipe:ING038
Menu Item,MENU0012,Flat White - Regular,,,,8.46,litre,72.0,609.12,Recipe:ING002
Menu Item,MENU0012,Flat White - Regular,,,,47.0,pcs,0.32,15.04,Recipe:ING040
Menu Item,MENU0012,Flat White - Regular,,,,0.705,litre,90.0,63.45,Recipe:ING019
Menu Item,MENU0013,Flat White - Medium,,,,0.8487,kg,980.0,831.73,Recipe:ING001
Menu Item,MENU0013,Flat White - Medium,,,,41.0,pcs,2.8,114.8,Recipe:ING037
Menu Item,MENU0013,Flat White - Medium,,,,41.0,pcs,1.1,45.1,Recipe:ING038
Menu Item,MENU0013,Flat White - Medium,,,,8.487,litre,72.0,611.06,Recipe:ING002
Menu Item,MENU0013,Flat White - Medium,,,,41.0,pcs,0.32,13.12,Recipe:ING040
Menu Item,MENU0013,Flat White - Medium,,,,0.7052,litre,90.0,63.47,Recipe:ING019
Menu Item,MENU0014,Flat White - Large,,,,0.7254,kg,980.0,710.89,Recipe:ING001
Menu Item,MENU0014,Flat White - Large,,,,31.0,pcs,2.8,86.8,Recipe:ING037
Menu Item,MENU0014,Flat White - Large,,,,31.0,pcs,1.1,34.1,Recipe:ING038
Menu Item,MENU0014,Flat White - Large,,,,7.254,litre,72.0,522.29,Recipe:ING002
Menu Item,MENU0014,Flat White - Large,,,,31.0,pcs,0.32,9.92,Recipe:ING040
Menu Item,MENU0014,Flat White - Large,,,,0.6045,litre,90.0,54.41,Recipe:ING019
Menu Item,MENU0015,Mocha - Regular,,,,0.95,litre,260.0,247.0,Recipe:ING016
Menu Item,MENU0015,Mocha - Regular,,,,0.684,kg,980.0,670.32,Recipe:ING001
Menu Item,MENU0015,Mocha - Regular,,,,38.0,pcs,2.8,106.4,Recipe:ING037
Menu Item,MENU0015,Mocha - Regular,,,,38.0,pcs,1.1,41.8,Recipe:ING038
Menu Item,MENU0015,Mocha - Regular,,,,6.84,litre,72.0,492.48,Recipe:ING002
Menu Item,MENU0015,Mocha - Regular,,,,38.0,pcs,0.32,12.16,Recipe:ING040
Menu Item,MENU0015,Mocha - Regular,,,,0.57,litre,90.0,51.3,Recipe:ING019
Menu Item,MENU0016,Mocha - Medium,,,,0.8036,litre,260.0,208.94,Recipe:ING016
Menu Item,MENU0016,Mocha - Medium,,,,0.5796,kg,980.0,568.01,Recipe:ING001
Menu Item,MENU0016,Mocha - Medium,,,,28.0,pcs,2.8,78.4,Recipe:ING037
Menu Item,MENU0016,Mocha - Medium,,,,28.0,pcs,1.1,30.8,Recipe:ING038
Menu Item,MENU0016,Mocha - Medium,,,,5.796,litre,72.0,417.31,Recipe:ING002
Menu Item,MENU0016,Mocha - Medium,,,,28.0,pcs,0.32,8.96,Recipe:ING040
Menu Item,MENU0016,Mocha - Medium,,,,0.4816,litre,90.0,43.34,Recipe:ING019
Menu Item,MENU0017,Mocha - Large,,,,0.8125,litre,260.0,211.25,Recipe:ING016
Menu Item,MENU0017,Mocha - Large,,,,0.585,kg,980.0,573.3,Recipe:ING001
Menu Item,MENU0017,Mocha - Large,,,,25.0,pcs,2.8,70.0,Recipe:ING037
Menu Item,MENU0017,Mocha - Large,,,,25.0,pcs,1.1,27.5,Recipe:ING038
Menu Item,MENU0017,Mocha - Large,,,,5.85,litre,72.0,421.2,Recipe:ING002
Menu Item,MENU0017,Mocha - Large,,,,25.0,pcs,0.32,8.0,Recipe:ING040
Menu Item,MENU0017,Mocha - Large,,,,0.4875,litre,90.0,43.88,Recipe:ING019
Menu Item,MENU0018,Sea Salt Mocha - Regular,,,,0.375,litre,260.0,97.5,Recipe:ING016
Menu Item,MENU0018,Sea Salt Mocha - Regular,,,,0.27,kg,980.0,264.6,Recipe:ING001
Menu Item,MENU0018,Sea Salt Mocha - Regular,,,,15.0,pcs,2.8,42.0,Recipe:ING037
Menu Item,MENU0018,Sea Salt Mocha - Regular,,,,15.0,pcs,1.1,16.5,Recipe:ING038
Menu Item,MENU0018,Sea Salt Mocha - Regular,,,,2.7,litre,72.0,194.4,Recipe:ING002
Menu Item,MENU0018,Sea Salt Mocha - Regular,,,,15.0,pcs,0.32,4.8,Recipe:ING040
Menu Item,MENU0018,Sea Salt Mocha - Regular,,,,0.225,litre,90.0,20.25,Recipe:ING019
Menu Item,MENU0019,Sea Salt Mocha - Medium,,,,0.3731,litre,260.0,97.01,Recipe:ING016
Menu Item,MENU0019,Sea Salt Mocha - Medium,,,,0.2691,kg,980.0,263.72,Recipe:ING001
Menu Item,MENU0019,Sea Salt Mocha - Medium,,,,13.0,pcs,2.8,36.4,Recipe:ING037
Menu Item,MENU0019,Sea Salt Mocha - Medium,,,,13.0,pcs,1.1,14.3,Recipe:ING038
Menu Item,MENU0019,Sea Salt Mocha - Medium,,,,2.691,litre,72.0,193.75,Recipe:ING002
Menu Item,MENU0019,Sea Salt Mocha - Medium,,,,13.0,pcs,0.32,4.16,Recipe:ING040
Menu Item,MENU0019,Sea Salt Mocha - Medium,,,,0.2236,litre,90.0,20.12,Recipe:ING019
Menu Item,MENU0020,Sea Salt Mocha - Large,,,,0.2925,litre,260.0,76.05,Recipe:ING016
Menu Item,MENU0020,Sea Salt Mocha - Large,,,,0.2106,kg,980.0,206.39,Recipe:ING001
Menu Item,MENU0020,Sea Salt Mocha - Large,,,,9.0,pcs,2.8,25.2,Recipe:ING037
Menu Item,MENU0020,Sea Salt Mocha - Large,,,,9.0,pcs,1.1,9.9,Recipe:ING038
Menu Item,MENU0020,Sea Salt Mocha - Large,,,,2.106,litre,72.0,151.63,Recipe:ING002
Menu Item,MENU0020,Sea Salt Mocha - Large,,,,9.0,pcs,0.32,2.88,Recipe:ING040
Menu Item,MENU0020,Sea Salt Mocha - Large,,,,0.1755,litre,90.0,15.79,Recipe:ING019
Menu Item,MENU0021,Orange Zest Mocha - Regular,,,,0.25,litre,260.0,65.0,Recipe:ING016
Menu Item,MENU0021,Orange Zest Mocha - Regular,,,,0.18,kg,980.0,176.4,Recipe:ING001
Menu Item,MENU0021,Orange Zest Mocha - Regular,,,,10.0,pcs,2.8,28.0,Recipe:ING037
Menu Item,MENU0021,Orange Zest Mocha - Regular,,,,10.0,pcs,1.1,11.0,Recipe:ING038
Menu Item,MENU0021,Orange Zest Mocha - Regular,,,,1.8,litre,72.0,129.6,Recipe:ING002
Menu Item,MENU0021,Orange Zest Mocha - Regular,,,,10.0,pcs,0.32,3.2,Recipe:ING040
Menu Item,MENU0021,Orange Zest Mocha - Regular,,,,0.15,litre,90.0,13.5,Recipe:ING019
Menu Item,MENU0022,Orange Zest Mocha - Medium,,,,0.4305,litre,260.0,111.93,Recipe:ING016
Menu Item,MENU0022,Orange Zest Mocha - Medium,,,,0.3105,kg,980.0,304.29,Recipe:ING001
Menu Item,MENU0022,Orange Zest Mocha - Medium,,,,15.0,pcs,2.8,42.0,Recipe:ING037
Menu Item,MENU0022,Orange Zest Mocha - Medium,,,,15.0,pcs,1.1,16.5,Recipe:ING038
Menu Item,MENU0022,Orange Zest Mocha - Medium,,,,3.105,litre,72.0,223.56,Recipe:ING002
Menu Item,MENU0022,Orange Zest Mocha - Medium,,,,15.0,pcs,0.32,4.8,Recipe:ING040
Menu Item,MENU0022,Orange Zest Mocha - Medium,,,,0.258,litre,90.0,23.22,Recipe:ING019
Menu Item,MENU0023,Orange Zest Mocha - Large,,,,0.0975,litre,260.0,25.35,Recipe:ING016
Menu Item,MENU0023,Orange Zest Mocha - Large,,,,0.0702,kg,980.0,68.8,Recipe:ING001
Menu Item,MENU0023,Orange Zest Mocha - Large,,,,3.0,pcs,2.8,8.4,Recipe:ING037
Menu Item,MENU0023,Orange Zest Mocha - Large,,,,3.0,pcs,1.1,3.3,Recipe:ING038
Menu Item,MENU0023,Orange Zest Mocha - Large,,,,0.702,litre,72.0,50.54,Recipe:ING002
Menu Item,MENU0023,Orange Zest Mocha - Large,,,,3.0,pcs,0.32,0.96,Recipe:ING040
Menu Item,MENU0023,Orange Zest Mocha - Large,,,,0.0585,litre,90.0,5.27,Recipe:ING019
Menu Item,MENU0024,Caramel Macchiato - Regular,,,,0.425,litre,250.0,106.25,Recipe:ING017
Menu Item,MENU0024,Caramel Macchiato - Regular,,,,0.306,kg,980.0,299.88,Recipe:ING001
Menu Item,MENU0024,Caramel Macchiato - Regular,,,,17.0,pcs,2.8,47.6,Recipe:ING037
Menu Item,MENU0024,Caramel Macchiato - Regular,,,,17.0,pcs,1.1,18.7,Recipe:ING038
Menu Item,MENU0024,Caramel Macchiato - Regular,,,,3.06,litre,72.0,220.32,Recipe:ING002
Menu Item,MENU0024,Caramel Macchiato - Regular,,,,17.0,pcs,0.32,5.44,Recipe:ING040
Menu Item,MENU0024,Caramel Macchiato - Regular,,,,0.255,litre,90.0,22.95,Recipe:ING019
Menu Item,MENU0025,Caramel Macchiato - Medium,,,,0.6601,litre,250.0,165.03,Recipe:ING017
Menu Item,MENU0025,Caramel Macchiato - Medium,,,,0.4761,kg,980.0,466.58,Recipe:ING001
Menu Item,MENU0025,Caramel Macchiato - Medium,,,,23.0,pcs,2.8,64.4,Recipe:ING037
Menu Item,MENU0025,Caramel Macchiato - Medium,,,,23.0,pcs,1.1,25.3,Recipe:ING038
Menu Item,MENU0025,Caramel Macchiato - Medium,,,,4.761,litre,72.0,342.79,Recipe:ING002
Menu Item,MENU0025,Caramel Macchiato - Medium,,,,23.0,pcs,0.32,7.36,Recipe:ING040
Menu Item,MENU0025,Caramel Macchiato - Medium,,,,0.3956,litre,90.0,35.6,Recipe:ING019
Menu Item,MENU0026,Caramel Macchiato - Large,,,,0.2925,litre,250.0,73.12,Recipe:ING017
Menu Item,MENU0026,Caramel Macchiato - Large,,,,0.2106,kg,980.0,206.39,Recipe:ING001
Menu Item,MENU0026,Caramel Macchiato - Large,,,,9.0,pcs,2.8,25.2,Recipe:ING037
Menu Item,MENU0026,Caramel Macchiato - Large,,,,9.0,pcs,1.1,9.9,Recipe:ING038
Menu Item,MENU0026,Caramel Macchiato - Large,,,,2.106,litre,72.0,151.63,Recipe:ING002
Menu Item,MENU0026,Caramel Macchiato - Large,,,,9.0,pcs,0.32,2.88,Recipe:ING040
Menu Item,MENU0026,Caramel Macchiato - Large,,,,0.1755,litre,90.0,15.79,Recipe:ING019
Menu Item,MENU0027,French Vanilla Latte - Regular,,,,0.378,kg,980.0,370.44,Recipe:ING001
Menu Item,MENU0027,French Vanilla Latte - Regular,,,,21.0,pcs,2.8,58.8,Recipe:ING037
Menu Item,MENU0027,French Vanilla Latte - Regular,,,,21.0,pcs,1.1,23.1,Recipe:ING038
Menu Item,MENU0027,French Vanilla Latte - Regular,,,,3.78,litre,72.0,272.16,Recipe:ING002
Menu Item,MENU0027,French Vanilla Latte - Regular,,,,21.0,pcs,0.32,6.72,Recipe:ING040
Menu Item,MENU0027,French Vanilla Latte - Regular,,,,0.315,litre,90.0,28.35,Recipe:ING019
Menu Item,MENU0027,French Vanilla Latte - Regular,,,,0.525,litre,240.0,126.0,Recipe:ING018
Menu Item,MENU0028,French Vanilla Latte - Medium,,,,0.3726,kg,980.0,365.15,Recipe:ING001
Menu Item,MENU0028,French Vanilla Latte - Medium,,,,18.0,pcs,2.8,50.4,Recipe:ING037
Menu Item,MENU0028,French Vanilla Latte - Medium,,,,18.0,pcs,1.1,19.8,Recipe:ING038
Menu Item,MENU0028,French Vanilla Latte - Medium,,,,3.726,litre,72.0,268.27,Recipe:ING002
Menu Item,MENU0028,French Vanilla Latte - Medium,,,,18.0,pcs,0.32,5.76,Recipe:ING040
Menu Item,MENU0028,French Vanilla Latte - Medium,,,,0.3096,litre,90.0,27.86,Recipe:ING019
Menu Item,MENU0028,French Vanilla Latte - Medium,,,,0.5166,litre,240.0,123.98,Recipe:ING018
Menu Item,MENU0029,French Vanilla Latte - Large,,,,0.2106,kg,980.0,206.39,Recipe:ING001
Menu Item,MENU0029,French Vanilla Latte - Large,,,,9.0,pcs,2.8,25.2,Recipe:ING037
Menu Item,MENU0029,French Vanilla Latte - Large,,,,9.0,pcs,1.1,9.9,Recipe:ING038
Menu Item,MENU0029,French Vanilla Latte - Large,,,,2.106,litre,72.0,151.63,Recipe:ING002
Menu Item,MENU0029,French Vanilla Latte - Large,,,,9.0,pcs,0.32,2.88,Recipe:ING040
Menu Item,MENU0029,French Vanilla Latte - Large,,,,0.1755,litre,90.0,15.79,Recipe:ING019
Menu Item,MENU0029,French Vanilla Latte - Large,,,,0.2925,litre,240.0,70.2,Recipe:ING018
Menu Item,MENU0030,Vegan Iced Latte - Regular,,,,0.324,kg,980.0,317.52,Recipe:ING001
Menu Item,MENU0030,Vegan Iced Latte - Regular,,,,18.0,pcs,3.2,57.6,Recipe:ING036
Menu Item,MENU0030,Vegan Iced Latte - Regular,,,,2.16,kg,12.0,25.92,Recipe:ING022
Menu Item,MENU0030,Vegan Iced Latte - Regular,,,,18.0,pcs,1.1,19.8,Recipe:ING038
Menu Item,MENU0030,Vegan Iced Latte - Regular,,,,18.0,pcs,0.32,5.76,Recipe:ING040
Menu Item,MENU0030,Vegan Iced Latte - Regular,,,,3.24,litre,185.0,599.4,Recipe:ING003
Menu Item,MENU0030,Vegan Iced Latte - Regular,,,,18.0,pcs,0.55,9.9,Recipe:ING039
Menu Item,MENU0030,Vegan Iced Latte - Regular,,,,0.27,litre,90.0,24.3,Recipe:ING019
Menu Item,MENU0031,Vegan Iced Latte - Medium,,,,0.4761,kg,980.0,466.58,Recipe:ING001
Menu Item,MENU0031,Vegan Iced Latte - Medium,,,,23.0,pcs,3.2,73.6,Recipe:ING036
Menu Item,MENU0031,Vegan Iced Latte - Medium,,,,3.174,kg,12.0,38.09,Recipe:ING022
Menu Item,MENU0031,Vegan Iced Latte - Medium,,,,23.0,pcs,1.1,25.3,Recipe:ING038
Menu Item,MENU0031,Vegan Iced Latte - Medium,,,,23.0,pcs,0.32,7.36,Recipe:ING040
Menu Item,MENU0031,Vegan Iced Latte - Medium,,,,4.761,litre,185.0,880.78,Recipe:ING003
Menu Item,MENU0031,Vegan Iced Latte - Medium,,,,23.0,pcs,0.55,12.65,Recipe:ING039
Menu Item,MENU0031,Vegan Iced Latte - Medium,,,,0.3956,litre,90.0,35.6,Recipe:ING019
Menu Item,MENU0032,Vegan Iced Latte - Large,,,,0.351,kg,980.0,343.98,Recipe:ING001
Menu Item,MENU0032,Vegan Iced Latte - Large,,,,15.0,pcs,3.2,48.0,Recipe:ING036
Menu Item,MENU0032,Vegan Iced Latte - Large,,,,2.34,kg,12.0,28.08,Recipe:ING022
Menu Item,MENU0032,Vegan Iced Latte - Large,,,,15.0,pcs,1.1,16.5,Recipe:ING038
Menu Item,MENU0032,Vegan Iced Latte - Large,,,,15.0,pcs,0.32,4.8,Recipe:ING040
Menu Item,MENU0032,Vegan Iced Latte - Large,,,,3.51,litre,185.0,649.35,Recipe:ING003
Menu Item,MENU0032,Vegan Iced Latte - Large,,,,15.0,pcs,0.55,8.25,Recipe:ING039
Menu Item,MENU0032,Vegan Iced Latte - Large,,,,0.2925,litre,90.0,26.32,Recipe:ING019
Menu Item,MENU0033,Classic Cold Brew - Regular,,,,0.378,kg,980.0,370.44,Recipe:ING001
Menu Item,MENU0033,Classic Cold Brew - Regular,,,,21.0,pcs,3.2,67.2,Recipe:ING036
Menu Item,MENU0033,Classic Cold Brew - Regular,,,,2.52,kg,12.0,30.24,Recipe:ING022
Menu Item,MENU0033,Classic Cold Brew - Regular,,,,21.0,pcs,1.1,23.1,Recipe:ING038
Menu Item,MENU0033,Classic Cold Brew - Regular,,,,21.0,pcs,0.32,6.72,Recipe:ING040
Menu Item,MENU0033,Classic Cold Brew - Regular,,,,21.0,pcs,0.55,11.55,Recipe:ING039
Menu Item,MENU0033,Classic Cold Brew - Regular,,,,0.315,litre,90.0,28.35,Recipe:ING019
Menu Item,MENU0034,Classic Cold Brew - Medium,,,,0.4968,kg,980.0,486.86,Recipe:ING001
Menu Item,MENU0034,Classic Cold Brew - Medium,,,,24.0,pcs,3.2,76.8,Recipe:ING036
Menu Item,MENU0034,Classic Cold Brew - Medium,,,,3.312,kg,12.0,39.74,Recipe:ING022
Menu Item,MENU0034,Classic Cold Brew - Medium,,,,24.0,pcs,1.1,26.4,Recipe:ING038
Menu Item,MENU0034,Classic Cold Brew - Medium,,,,24.0,pcs,0.32,7.68,Recipe:ING040
Menu Item,MENU0034,Classic Cold Brew - Medium,,,,24.0,pcs,0.55,13.2,Recipe:ING039
Menu Item,MENU0034,Classic Cold Brew - Medium,,,,0.4128,litre,90.0,37.15,Recipe:ING019
Menu Item,MENU0035,Classic Cold Brew - Large,,,,0.2808,kg,980.0,275.18,Recipe:ING001
Menu Item,MENU0035,Classic Cold Brew - Large,,,,12.0,pcs,3.2,38.4,Recipe:ING036
Menu Item,MENU0035,Classic Cold Brew - Large,,,,1.872,kg,12.0,22.46,Recipe:ING022
Menu Item,MENU0035,Classic Cold Brew - Large,,,,12.0,pcs,1.1,13.2,Recipe:ING038
Menu Item,MENU0035,Classic Cold Brew - Large,,,,12.0,pcs,0.32,3.84,Recipe:ING040
Menu Item,MENU0035,Classic Cold Brew - Large,,,,12.0,pcs,0.55,6.6,Recipe:ING039
Menu Item,MENU0035,Classic Cold Brew - Large,,,,0.234,litre,90.0,21.06,Recipe:ING019
Menu Item,MENU0036,Coffee Lemonade - Regular,,,,0.324,kg,980.0,317.52,Recipe:ING001
Menu Item,MENU0036,Coffee Lemonade - Regular,,,,18.0,pcs,3.2,57.6,Recipe:ING036
Menu Item,MENU0036,Coffee Lemonade - Regular,,,,2.16,kg,12.0,25.92,Recipe:ING022
Menu Item,MENU0036,Coffee Lemonade - Regular,,,,0.63,kg,110.0,69.3,Recipe:ING023
Menu Item,MENU0036,Coffee Lemonade - Regular,,,,18.0,pcs,1.1,19.8,Recipe:ING038
Menu Item,MENU0036,Coffee Lemonade - Regular,,,,18.0,pcs,0.32,5.76,Recipe:ING040
Menu Item,MENU0036,Coffee Lemonade - Regular,,,,18.0,pcs,0.55,9.9,Recipe:ING039
Menu Item,MENU0036,Coffee Lemonade - Regular,,,,0.27,litre,90.0,24.3,Recipe:ING019
Menu Item,MENU0037,Coffee Lemonade - Medium,,,,0.3105,kg,980.0,304.29,Recipe:ING001
Menu Item,MENU0037,Coffee Lemonade - Medium,,,,15.0,pcs,3.2,48.0,Recipe:ING036
Menu Item,MENU0037,Coffee Lemonade - Medium,,,,2.07,kg,12.0,24.84,Recipe:ING022
Menu Item,MENU0037,Coffee Lemonade - Medium,,,,0.6045,kg,110.0,66.5,Recipe:ING023
Menu Item,MENU0037,Coffee Lemonade - Medium,,,,15.0,pcs,1.1,16.5,Recipe:ING038
Menu Item,MENU0037,Coffee Lemonade - Medium,,,,15.0,pcs,0.32,4.8,Recipe:ING040
Menu Item,MENU0037,Coffee Lemonade - Medium,,,,15.0,pcs,0.55,8.25,Recipe:ING039
Menu Item,MENU0037,Coffee Lemonade - Medium,,,,0.258,litre,90.0,23.22,Recipe:ING019
Menu Item,MENU0038,Coffee Lemonade - Large,,,,0.4212,kg,980.0,412.78,Recipe:ING001
Menu Item,MENU0038,Coffee Lemonade - Large,,,,18.0,pcs,3.2,57.6,Recipe:ING036
Menu Item,MENU0038,Coffee Lemonade - Large,,,,2.808,kg,12.0,33.7,Recipe:ING022
Menu Item,MENU0038,Coffee Lemonade - Large,,,,0.819,kg,110.0,90.09,Recipe:ING023
Menu Item,MENU0038,Coffee Lemonade - Large,,,,18.0,pcs,1.1,19.8,Recipe:ING038
Menu Item,MENU0038,Coffee Lemonade - Large,,,,18.0,pcs,0.32,5.76,Recipe:ING040
Menu Item,MENU0038,Coffee Lemonade - Large,,,,18.0,pcs,0.55,9.9,Recipe:ING039
Menu Item,MENU0038,Coffee Lemonade - Large,,,,0.351,litre,90.0,31.59,Recipe:ING019
Menu Item,MENU0039,Vietnamese Shakerato - Regular,,,,0.396,kg,980.0,388.08,Recipe:ING001
Menu Item,MENU0039,Vietnamese Shakerato - Regular,,,,22.0,pcs,3.2,70.4,Recipe:ING036
Menu Item,MENU0039,Vietnamese Shakerato - Regular,,,,2.64,kg,12.0,31.68,Recipe:ING022
Menu Item,MENU0039,Vietnamese Shakerato - Regular,,,,22.0,pcs,1.1,24.2,Recipe:ING038
Menu Item,MENU0039,Vietnamese Shakerato - Regular,,,,22.0,pcs,0.32,7.04,Recipe:ING040
Menu Item,MENU0039,Vietnamese Shakerato - Regular,,,,22.0,pcs,0.55,12.1,Recipe:ING039
Menu Item,MENU0039,Vietnamese Shakerato - Regular,,,,0.33,litre,90.0,29.7,Recipe:ING019
Menu Item,MENU0040,Vietnamese Shakerato - Medium,,,,0.414,kg,980.0,405.72,Recipe:ING001
Menu Item,MENU0040,Vietnamese Shakerato - Medium,,,,20.0,pcs,3.2,64.0,Recipe:ING036
Menu Item,MENU0040,Vietnamese Shakerato - Medium,,,,2.76,kg,12.0,33.12,Recipe:ING022
Menu Item,MENU0040,Vietnamese Shakerato - Medium,,,,20.0,pcs,1.1,22.0,Recipe:ING038
Menu Item,MENU0040,Vietnamese Shakerato - Medium,,,,20.0,pcs,0.32,6.4,Recipe:ING040
Menu Item,MENU0040,Vietnamese Shakerato - Medium,,,,20.0,pcs,0.55,11.0,Recipe:ING039
Menu Item,MENU0040,Vietnamese Shakerato - Medium,,,,0.344,litre,90.0,30.96,Recipe:ING019
Menu Item,MENU0041,Vietnamese Shakerato - Large,,,,0.0702,kg,980.0,68.8,Recipe:ING001
Menu Item,MENU0041,Vietnamese Shakerato - Large,,,,3.0,pcs,3.2,9.6,Recipe:ING036
Menu Item,MENU0041,Vietnamese Shakerato - Large,,,,0.468,kg,12.0,5.62,Recipe:ING022
Menu Item,MENU0041,Vietnamese Shakerato - Large,,,,3.0,pcs,1.1,3.3,Recipe:ING038
Menu Item,MENU0041,Vietnamese Shakerato - Large,,,,3.0,pcs,0.32,0.96,Recipe:ING040
Menu Item,MENU0041,Vietnamese Shakerato - Large,,,,3.0,pcs,0.55,1.65,Recipe:ING039
Menu Item,MENU0041,Vietnamese Shakerato - Large,,,,0.0585,litre,90.0,5.27,Recipe:ING019
Menu Item,MENU0042,Classic Cold Coffee - Regular,,,,1.08,kg,980.0,1058.4,Recipe:ING001
Menu Item,MENU0042,Classic Cold Coffee - Regular,,,,60.0,pcs,3.2,192.0,Recipe:ING036
Menu Item,MENU0042,Classic Cold Coffee - Regular,,,,7.2,kg,12.0,86.4,Recipe:ING022
Menu Item,MENU0042,Classic Cold Coffee - Regular,,,,60.0,pcs,1.1,66.0,Recipe:ING038
Menu Item,MENU0042,Classic Cold Coffee - Regular,,,,10.8,litre,72.0,777.6,Recipe:ING002
Menu Item,MENU0042,Classic Cold Coffee - Regular,,,,60.0,pcs,0.32,19.2,Recipe:ING040
Menu Item,MENU0042,Classic Cold Coffee - Regular,,,,60.0,pcs,0.55,33.0,Recipe:ING039
Menu Item,MENU0042,Classic Cold Coffee - Regular,,,,0.9,litre,90.0,81.0,Recipe:ING019
Menu Item,MENU0043,Classic Cold Coffee - Medium,,,,1.3041,kg,980.0,1278.02,Recipe:ING001
Menu Item,MENU0043,Classic Cold Coffee - Medium,,,,63.0,pcs,3.2,201.6,Recipe:ING036
Menu Item,MENU0043,Classic Cold Coffee - Medium,,,,8.694,kg,12.0,104.33,Recipe:ING022
Menu Item,MENU0043,Classic Cold Coffee - Medium,,,,63.0,pcs,1.1,69.3,Recipe:ING038
Menu Item,MENU0043,Classic Cold Coffee - Medium,,,,13.041,litre,72.0,938.95,Recipe:ING002
Menu Item,MENU0043,Classic Cold Coffee - Medium,,,,63.0,pcs,0.32,20.16,Recipe:ING040
Menu Item,MENU0043,Classic Cold Coffee - Medium,,,,63.0,pcs,0.55,34.65,Recipe:ING039
Menu Item,MENU0043,Classic Cold Coffee - Medium,,,,1.0836,litre,90.0,97.52,Recipe:ING019
Menu Item,MENU0044,Classic Cold Coffee - Large,,,,0.819,kg,980.0,802.62,Recipe:ING001
Menu Item,MENU0044,Classic Cold Coffee - Large,,,,35.0,pcs,3.2,112.0,Recipe:ING036
Menu Item,MENU0044,Classic Cold Coffee - Large,,,,5.46,kg,12.0,65.52,Recipe:ING022
Menu Item,MENU0044,Classic Cold Coffee - Large,,,,35.0,pcs,1.1,38.5,Recipe:ING038
Menu Item,MENU0044,Classic Cold Coffee - Large,,,,8.19,litre,72.0,589.68,Recipe:ING002
Menu Item,MENU0044,Classic Cold Coffee - Large,,,,35.0,pcs,0.32,11.2,Recipe:ING040
Menu Item,MENU0044,Classic Cold Coffee - Large,,,,35.0,pcs,0.55,19.25,Recipe:ING039
Menu Item,MENU0044,Classic Cold Coffee - Large,,,,0.6825,litre,90.0,61.42,Recipe:ING019
Menu Item,MENU0045,Mocha Cold Coffee - Regular,,,,1.325,litre,260.0,344.5,Recipe:ING016
Menu Item,MENU0045,Mocha Cold Coffee - Regular,,,,0.954,kg,980.0,934.92,Recipe:ING001
Menu Item,MENU0045,Mocha Cold Coffee - Regular,,,,53.0,pcs,3.2,169.6,Recipe:ING036
Menu Item,MENU0045,Mocha Cold Coffee - Regular,,,,6.36,kg,12.0,76.32,Recipe:ING022
Menu Item,MENU0045,Mocha Cold Coffee - Regular,,,,53.0,pcs,1.1,58.3,Recipe:ING038
Menu Item,MENU0045,Mocha Cold Coffee - Regular,,,,9.54,litre,72.0,686.88,Recipe:ING002
Menu Item,MENU0045,Mocha Cold Coffee - Regular,,,,53.0,pcs,0.32,16.96,Recipe:ING040
Menu Item,MENU0045,Mocha Cold Coffee - Regular,,,,53.0,pcs,0.55,29.15,Recipe:ING039
Menu Item,MENU0045,Mocha Cold Coffee - Regular,,,,0.795,litre,90.0,71.55,Recipe:ING019
Menu Item,MENU0046,Mocha Cold Coffee - Medium,,,,0.9184,litre,260.0,238.78,Recipe:ING016
Menu Item,MENU0046,Mocha Cold Coffee - Medium,,,,0.6624,kg,980.0,649.15,Recipe:ING001
Menu Item,MENU0046,Mocha Cold Coffee - Medium,,,,32.0,pcs,3.2,102.4,Recipe:ING036
Menu Item,MENU0046,Mocha Cold Coffee - Medium,,,,4.416,kg,12.0,52.99,Recipe:ING022
Menu Item,MENU0046,Mocha Cold Coffee - Medium,,,,32.0,pcs,1.1,35.2,Recipe:ING038
Menu Item,MENU0046,Mocha Cold Coffee - Medium,,,,6.624,litre,72.0,476.93,Recipe:ING002
Menu Item,MENU0046,Mocha Cold Coffee - Medium,,,,32.0,pcs,0.32,10.24,Recipe:ING040
Menu Item,MENU0046,Mocha Cold Coffee - Medium,,,,32.0,pcs,0.55,17.6,Recipe:ING039
Menu Item,MENU0046,Mocha Cold Coffee - Medium,,,,0.5504,litre,90.0,49.54,Recipe:ING019
Menu Item,MENU0047,Mocha Cold Coffee - Large,,,,0.845,litre,260.0,219.7,Recipe:ING016
Menu Item,MENU0047,Mocha Cold Coffee - Large,,,,0.6084,kg,980.0,596.23,Recipe:ING001
Menu Item,MENU0047,Mocha Cold Coffee - Large,,,,26.0,pcs,3.2,83.2,Recipe:ING036
Menu Item,MENU0047,Mocha Cold Coffee - Large,,,,4.056,kg,12.0,48.67,Recipe:ING022
Menu Item,MENU0047,Mocha Cold Coffee - Large,,,,26.0,pcs,1.1,28.6,Recipe:ING038
Menu Item,MENU0047,Mocha Cold Coffee - Large,,,,6.084,litre,72.0,438.05,Recipe:ING002
Menu Item,MENU0047,Mocha Cold Coffee - Large,,,,26.0,pcs,0.32,8.32,Recipe:ING040
Menu Item,MENU0047,Mocha Cold Coffee - Large,,,,26.0,pcs,0.55,14.3,Recipe:ING039
Menu Item,MENU0047,Mocha Cold Coffee - Large,,,,0.507,litre,90.0,45.63,Recipe:ING019
Menu Item,MENU0048,Caramel Cold Coffee - Regular,,,,1.075,litre,250.0,268.75,Recipe:ING017
Menu Item,MENU0048,Caramel Cold Coffee - Regular,,,,0.774,kg,980.0,758.52,Recipe:ING001
Menu Item,MENU0048,Caramel Cold Coffee - Regular,,,,43.0,pcs,3.2,137.6,Recipe:ING036
Menu Item,MENU0048,Caramel Cold Coffee - Regular,,,,5.16,kg,12.0,61.92,Recipe:ING022
Menu Item,MENU0048,Caramel Cold Coffee - Regular,,,,43.0,pcs,1.1,47.3,Recipe:ING038
Menu Item,MENU0048,Caramel Cold Coffee - Regular,,,,7.74,litre,72.0,557.28,Recipe:ING002
Menu Item,MENU0048,Caramel Cold Coffee - Regular,,,,43.0,pcs,0.32,13.76,Recipe:ING040
Menu Item,MENU0048,Caramel Cold Coffee - Regular,,,,43.0,pcs,0.55,23.65,Recipe:ING039
Menu Item,MENU0048,Caramel Cold Coffee - Regular,,,,0.645,litre,90.0,58.05,Recipe:ING019
Menu Item,MENU0049,Caramel Cold Coffee - Medium,,,,0.9184,litre,250.0,229.6,Recipe:ING017
Menu Item,MENU0049,Caramel Cold Coffee - Medium,,,,0.6624,kg,980.0,649.15,Recipe:ING001
Menu Item,MENU0049,Caramel Cold Coffee - Medium,,,,32.0,pcs,3.2,102.4,Recipe:ING036
Menu Item,MENU0049,Caramel Cold Coffee - Medium,,,,4.416,kg,12.0,52.99,Recipe:ING022
Menu Item,MENU0049,Caramel Cold Coffee - Medium,,,,32.0,pcs,1.1,35.2,Recipe:ING038
Menu Item,MENU0049,Caramel Cold Coffee - Medium,,,,6.624,litre,72.0,476.93,Recipe:ING002
Menu Item,MENU0049,Caramel Cold Coffee - Medium,,,,32.0,pcs,0.32,10.24,Recipe:ING040
Menu Item,MENU0049,Caramel Cold Coffee - Medium,,,,32.0,pcs,0.55,17.6,Recipe:ING039
Menu Item,MENU0049,Caramel Cold Coffee - Medium,,,,0.5504,litre,90.0,49.54,Recipe:ING019
Menu Item,MENU0050,Caramel Cold Coffee - Large,,,,0.6175,litre,250.0,154.38,Recipe:ING017
Menu Item,MENU0050,Caramel Cold Coffee - Large,,,,0.4446,kg,980.0,435.71,Recipe:ING001
Menu Item,MENU0050,Caramel Cold Coffee - Large,,,,19.0,pcs,3.2,60.8,Recipe:ING036
Menu Item,MENU0050,Caramel Cold Coffee - Large,,,,2.964,kg,12.0,35.57,Recipe:ING022
Menu Item,MENU0050,Caramel Cold Coffee - Large,,,,19.0,pcs,1.1,20.9,Recipe:ING038
Menu Item,MENU0050,Caramel Cold Coffee - Large,,,,4.446,litre,72.0,320.11,Recipe:ING002
Menu Item,MENU0050,Caramel Cold Coffee - Large,,,,19.0,pcs,0.32,6.08,Recipe:ING040
Menu Item,MENU0050,Caramel Cold Coffee - Large,,,,19.0,pcs,0.55,10.45,Recipe:ING039
Menu Item,MENU0050,Caramel Cold Coffee - Large,,,,0.3705,litre,90.0,33.34,Recipe:ING019
Menu Item,MENU0051,Masala Chai Latte - Regular,,,,0.468,kg,980.0,458.64,Recipe:ING001
Menu Item,MENU0051,Masala Chai Latte - Regular,,,,26.0,pcs,2.8,72.8,Recipe:ING037
Menu Item,MENU0051,Masala Chai Latte - Regular,,,,26.0,pcs,1.1,28.6,Recipe:ING038
Menu Item,MENU0051,Masala Chai Latte - Regular,,,,4.68,litre,72.0,336.96,Recipe:ING002
Menu Item,MENU0051,Masala Chai Latte - Regular,,,,26.0,pcs,0.32,8.32,Recipe:ING040
Menu Item,MENU0051,Masala Chai Latte - Regular,,,,0.39,litre,90.0,35.1,Recipe:ING019
Menu Item,MENU0052,Masala Chai Latte - Medium,,,,0.5382,kg,980.0,527.44,Recipe:ING001
Menu Item,MENU0052,Masala Chai Latte - Medium,,,,26.0,pcs,2.8,72.8,Recipe:ING037
Menu Item,MENU0052,Masala Chai Latte - Medium,,,,26.0,pcs,1.1,28.6,Recipe:ING038
Menu Item,MENU0052,Masala Chai Latte - Medium,,,,5.382,litre,72.0,387.5,Recipe:ING002
Menu Item,MENU0052,Masala Chai Latte - Medium,,,,26.0,pcs,0.32,8.32,Recipe:ING040
Menu Item,MENU0052,Masala Chai Latte - Medium,,,,0.4472,litre,90.0,40.25,Recipe:ING019
Menu Item,MENU0053,Masala Chai Latte - Large,,,,0.1872,kg,980.0,183.46,Recipe:ING001
Menu Item,MENU0053,Masala Chai Latte - Large,,,,8.0,pcs,2.8,22.4,Recipe:ING037
Menu Item,MENU0053,Masala Chai Latte - Large,,,,8.0,pcs,1.1,8.8,Recipe:ING038
Menu Item,MENU0053,Masala Chai Latte - Large,,,,1.872,litre,72.0,134.78,Recipe:ING002
Menu Item,MENU0053,Masala Chai Latte - Large,,,,8.0,pcs,0.32,2.56,Recipe:ING040
Menu Item,MENU0053,Masala Chai Latte - Large,,,,0.156,litre,90.0,14.04,Recipe:ING019
Menu Item,MENU0054,Himalayan Green Tea,,,,19.0,pcs,2.8,53.2,Recipe:ING037
Menu Item,MENU0054,Himalayan Green Tea,,,,19.0,pcs,1.1,20.9,Recipe:ING038
Menu Item,MENU0054,Himalayan Green Tea,,,,19.0,pcs,0.32,6.08,Recipe:ING040
Menu Item,MENU0054,Himalayan Green Tea,,,,0.285,litre,90.0,25.65,Recipe:ING019
Menu Item,MENU0054,Himalayan Green Tea,,,,0.095,kg,620.0,58.9,Recipe:ING020
Menu Item,MENU0055,Japanese Matcha Latte - Regular,,,,0.36,kg,980.0,352.8,Recipe:ING001
Menu Item,MENU0055,Japanese Matcha Latte - Regular,,,,20.0,pcs,2.8,56.0,Recipe:ING037
Menu Item,MENU0055,Japanese Matcha Latte - Regular,,,,20.0,pcs,1.1,22.0,Recipe:ING038
Menu Item,MENU0055,Japanese Matcha Latte - Regular,,,,3.6,litre,72.0,259.2,Recipe:ING002
Menu Item,MENU0055,Japanese Matcha Latte - Regular,,,,20.0,pcs,0.32,6.4,Recipe:ING040
Menu Item,MENU0055,Japanese Matcha Latte - Regular,,,,0.3,litre,90.0,27.0,Recipe:ING019
Menu Item,MENU0056,Japanese Matcha Latte - Medium,,,,0.2691,kg,980.0,263.72,Recipe:ING001
Menu Item,MENU0056,Japanese Matcha Latte - Medium,,,,13.0,pcs,2.8,36.4,Recipe:ING037
Menu Item,MENU0056,Japanese Matcha Latte - Medium,,,,13.0,pcs,1.1,14.3,Recipe:ING038
Menu Item,MENU0056,Japanese Matcha Latte - Medium,,,,2.691,litre,72.0,193.75,Recipe:ING002
Menu Item,MENU0056,Japanese Matcha Latte - Medium,,,,13.0,pcs,0.32,4.16,Recipe:ING040
Menu Item,MENU0056,Japanese Matcha Latte - Medium,,,,0.2236,litre,90.0,20.12,Recipe:ING019
Menu Item,MENU0057,Japanese Matcha Latte - Large,,,,0.2808,kg,980.0,275.18,Recipe:ING001
Menu Item,MENU0057,Japanese Matcha Latte - Large,,,,12.0,pcs,2.8,33.6,Recipe:ING037
Menu Item,MENU0057,Japanese Matcha Latte - Large,,,,12.0,pcs,1.1,13.2,Recipe:ING038
Menu Item,MENU0057,Japanese Matcha Latte - Large,,,,2.808,litre,72.0,202.18,Recipe:ING002
Menu Item,MENU0057,Japanese Matcha Latte - Large,,,,12.0,pcs,0.32,3.84,Recipe:ING040
Menu Item,MENU0057,Japanese Matcha Latte - Large,,,,0.234,litre,90.0,21.06,Recipe:ING019
Menu Item,MENU0058,Lemon Iced Tea - Regular,,,,26.0,pcs,3.2,83.2,Recipe:ING036
Menu Item,MENU0058,Lemon Iced Tea - Regular,,,,3.12,kg,12.0,37.44,Recipe:ING022
Menu Item,MENU0058,Lemon Iced Tea - Regular,,,,0.91,kg,110.0,100.1,Recipe:ING023
Menu Item,MENU0058,Lemon Iced Tea - Regular,,,,26.0,pcs,1.1,28.6,Recipe:ING038
Menu Item,MENU0058,Lemon Iced Tea - Regular,,,,26.0,pcs,0.32,8.32,Recipe:ING040
Menu Item,MENU0058,Lemon Iced Tea - Regular,,,,26.0,pcs,0.55,14.3,Recipe:ING039
Menu Item,MENU0058,Lemon Iced Tea - Regular,,,,0.39,litre,90.0,35.1,Recipe:ING019
Menu Item,MENU0058,Lemon Iced Tea - Regular,,,,0.104,kg,620.0,64.48,Recipe:ING020
Menu Item,MENU0059,Lemon Iced Tea - Medium,,,,28.0,pcs,3.2,89.6,Recipe:ING036
Menu Item,MENU0059,Lemon Iced Tea - Medium,,,,3.864,kg,12.0,46.37,Recipe:ING022
Menu Item,MENU0059,Lemon Iced Tea - Medium,,,,1.1284,kg,110.0,124.12,Recipe:ING023
Menu Item,MENU0059,Lemon Iced Tea - Medium,,,,28.0,pcs,1.1,30.8,Recipe:ING038
Menu Item,MENU0059,Lemon Iced Tea - Medium,,,,28.0,pcs,0.32,8.96,Recipe:ING040
Menu Item,MENU0059,Lemon Iced Tea - Medium,,,,28.0,pcs,0.55,15.4,Recipe:ING039
Menu Item,MENU0059,Lemon Iced Tea - Medium,,,,0.4816,litre,90.0,43.34,Recipe:ING019
Menu Item,MENU0059,Lemon Iced Tea - Medium,,,,0.1288,kg,620.0,79.86,Recipe:ING020
Menu Item,MENU0060,Lemon Iced Tea - Large,,,,14.0,pcs,3.2,44.8,Recipe:ING036
Menu Item,MENU0060,Lemon Iced Tea - Large,,,,2.184,kg,12.0,26.21,Recipe:ING022
Menu Item,MENU0060,Lemon Iced Tea - Large,,,,0.637,kg,110.0,70.07,Recipe:ING023
Menu Item,MENU0060,Lemon Iced Tea - Large,,,,14.0,pcs,1.1,15.4,Recipe:ING038
Menu Item,MENU0060,Lemon Iced Tea - Large,,,,14.0,pcs,0.32,4.48,Recipe:ING040
Menu Item,MENU0060,Lemon Iced Tea - Large,,,,14.0,pcs,0.55,7.7,Recipe:ING039
Menu Item,MENU0060,Lemon Iced Tea - Large,,,,0.273,litre,90.0,24.57,Recipe:ING019
Menu Item,MENU0060,Lemon Iced Tea - Large,,,,0.0728,kg,620.0,45.14,Recipe:ING020
Menu Item,MENU0061,Hibiscus Lime Iced Tea - Regular,,,,28.0,pcs,3.2,89.6,Recipe:ING036
Menu Item,MENU0061,Hibiscus Lime Iced Tea - Regular,,,,0.98,litre,390.0,382.2,Recipe:ING024
Menu Item,MENU0061,Hibiscus Lime Iced Tea - Regular,,,,3.36,kg,12.0,40.32,Recipe:ING022
Menu Item,MENU0061,Hibiscus Lime Iced Tea - Regular,,,,28.0,pcs,1.1,30.8,Recipe:ING038
Menu Item,MENU0061,Hibiscus Lime Iced Tea - Regular,,,,28.0,pcs,0.32,8.96,Recipe:ING040
Menu Item,MENU0061,Hibiscus Lime Iced Tea - Regular,,,,28.0,pcs,0.55,15.4,Recipe:ING039
Menu Item,MENU0061,Hibiscus Lime Iced Tea - Regular,,,,0.42,litre,90.0,37.8,Recipe:ING019
Menu Item,MENU0061,Hibiscus Lime Iced Tea - Regular,,,,0.112,kg,620.0,69.44,Recipe:ING020
Menu Item,MENU0062,Hibiscus Lime Iced Tea - Medium,,,,21.0,pcs,3.2,67.2,Recipe:ING036
Menu Item,MENU0062,Hibiscus Lime Iced Tea - Medium,,,,0.8463,litre,390.0,330.06,Recipe:ING024
Menu Item,MENU0062,Hibiscus Lime Iced Tea - Medium,,,,2.898,kg,12.0,34.78,Recipe:ING022
Menu Item,MENU0062,Hibiscus Lime Iced Tea - Medium,,,,21.0,pcs,1.1,23.1,Recipe:ING038
Menu Item,MENU0062,Hibiscus Lime Iced Tea - Medium,,,,21.0,pcs,0.32,6.72,Recipe:ING040
Menu Item,MENU0062,Hibiscus Lime Iced Tea - Medium,,,,21.0,pcs,0.55,11.55,Recipe:ING039
Menu Item,MENU0062,Hibiscus Lime Iced Tea - Medium,,,,0.3612,litre,90.0,32.51,Recipe:ING019
Menu Item,MENU0062,Hibiscus Lime Iced Tea - Medium,,,,0.0966,kg,620.0,59.89,Recipe:ING020
Menu Item,MENU0063,Hibiscus Lime Iced Tea - Large,,,,13.0,pcs,3.2,41.6,Recipe:ING036
Menu Item,MENU0063,Hibiscus Lime Iced Tea - Large,,,,0.5915,litre,390.0,230.69,Recipe:ING024
Menu Item,MENU0063,Hibiscus Lime Iced Tea - Large,,,,2.028,kg,12.0,24.34,Recipe:ING022
Menu Item,MENU0063,Hibiscus Lime Iced Tea - Large,,,,13.0,pcs,1.1,14.3,Recipe:ING038
Menu Item,MENU0063,Hibiscus Lime Iced Tea - Large,,,,13.0,pcs,0.32,4.16,Recipe:ING040
Menu Item,MENU0063,Hibiscus Lime Iced Tea - Large,,,,13.0,pcs,0.55,7.15,Recipe:ING039
Menu Item,MENU0063,Hibiscus Lime Iced Tea - Large,,,,0.2535,litre,90.0,22.82,Recipe:ING019
Menu Item,MENU0063,Hibiscus Lime Iced Tea - Large,,,,0.0676,kg,620.0,41.91,Recipe:ING020
Menu Item,MENU0064,Hot Chocolate - Regular,,,,0.36,litre,260.0,93.6,Recipe:ING016
Menu Item,MENU0064,Hot Chocolate - Regular,,,,6.0,pcs,2.8,16.8,Recipe:ING037
Menu Item,MENU0064,Hot Chocolate - Regular,,,,6.0,pcs,1.1,6.6,Recipe:ING038
Menu Item,MENU0064,Hot Chocolate - Regular,,,,1.2,litre,72.0,86.4,Recipe:ING002
Menu Item,MENU0064,Hot Chocolate - Regular,,,,6.0,pcs,0.32,1.92,Recipe:ING040
Menu Item,MENU0064,Hot Chocolate - Regular,,,,0.09,litre,90.0,8.1,Recipe:ING019
Menu Item,MENU0065,Hot Chocolate - Medium,,,,0.069,litre,260.0,17.94,Recipe:ING016
Menu Item,MENU0065,Hot Chocolate - Medium,,,,1.0,pcs,2.8,2.8,Recipe:ING037
Menu Item,MENU0065,Hot Chocolate - Medium,,,,1.0,pcs,1.1,1.1,Recipe:ING038
Menu Item,MENU0065,Hot Chocolate - Medium,,,,0.23,litre,72.0,16.56,Recipe:ING002
Menu Item,MENU0065,Hot Chocolate - Medium,,,,1.0,pcs,0.32,0.32,Recipe:ING040
Menu Item,MENU0065,Hot Chocolate - Medium,,,,0.0172,litre,90.0,1.55,Recipe:ING019
Menu Item,MENU0066,Hot Chocolate - Large,,,,0.624,litre,260.0,162.24,Recipe:ING016
Menu Item,MENU0066,Hot Chocolate - Large,,,,8.0,pcs,2.8,22.4,Recipe:ING037
Menu Item,MENU0066,Hot Chocolate - Large,,,,8.0,pcs,1.1,8.8,Recipe:ING038
Menu Item,MENU0066,Hot Chocolate - Large,,,,2.08,litre,72.0,149.76,Recipe:ING002
Menu Item,MENU0066,Hot Chocolate - Large,,,,8.0,pcs,0.32,2.56,Recipe:ING040
Menu Item,MENU0066,Hot Chocolate - Large,,,,0.156,litre,90.0,14.04,Recipe:ING019
Menu Item,MENU0067,Babyccino - Regular,,,,6.0,pcs,2.8,16.8,Recipe:ING037
Menu Item,MENU0067,Babyccino - Regular,,,,6.0,pcs,1.1,6.6,Recipe:ING038
Menu Item,MENU0067,Babyccino - Regular,,,,0.72,litre,72.0,51.84,Recipe:ING002
Menu Item,MENU0067,Babyccino - Regular,,,,6.0,pcs,0.32,1.92,Recipe:ING040
Menu Item,MENU0067,Babyccino - Regular,,,,0.09,litre,90.0,8.1,Recipe:ING019
Menu Item,MENU0068,Choco Chip Shake - Regular,,,,0.425,litre,260.0,110.5,Recipe:ING016
Menu Item,MENU0068,Choco Chip Shake - Regular,,,,17.0,pcs,3.2,54.4,Recipe:ING036
Menu Item,MENU0068,Choco Chip Shake - Regular,,,,0.425,litre,210.0,89.25,Recipe:ING004
Menu Item,MENU0068,Choco Chip Shake - Regular,,,,2.04,kg,12.0,24.48,Recipe:ING022
Menu Item,MENU0068,Choco Chip Shake - Regular,,,,17.0,pcs,1.1,18.7,Recipe:ING038
Menu Item,MENU0068,Choco Chip Shake - Regular,,,,3.4,litre,72.0,244.8,Recipe:ING002
Menu Item,MENU0068,Choco Chip Shake - Regular,,,,17.0,pcs,0.32,5.44,Recipe:ING040
Menu Item,MENU0068,Choco Chip Shake - Regular,,,,17.0,pcs,0.55,9.35,Recipe:ING039
Menu Item,MENU0068,Choco Chip Shake - Regular,,,,0.255,litre,90.0,22.95,Recipe:ING019
Menu Item,MENU0069,Choco Chip Shake - Medium,,,,0.287,litre,260.0,74.62,Recipe:ING016
Menu Item,MENU0069,Choco Chip Shake - Medium,,,,10.0,pcs,3.2,32.0,Recipe:ING036
Menu Item,MENU0069,Choco Chip Shake - Medium,,,,0.287,litre,210.0,60.27,Recipe:ING004
Menu Item,MENU0069,Choco Chip Shake - Medium,,,,1.38,kg,12.0,16.56,Recipe:ING022
Menu Item,MENU0069,Choco Chip Shake - Medium,,,,10.0,pcs,1.1,11.0,Recipe:ING038
Menu Item,MENU0069,Choco Chip Shake - Medium,,,,2.3,litre,72.0,165.6,Recipe:ING002
Menu Item,MENU0069,Choco Chip Shake - Medium,,,,10.0,pcs,0.32,3.2,Recipe:ING040
Menu Item,MENU0069,Choco Chip Shake - Medium,,,,10.0,pcs,0.55,5.5,Recipe:ING039
Menu Item,MENU0069,Choco Chip Shake - Medium,,,,0.172,litre,90.0,15.48,Recipe:ING019
Menu Item,MENU0070,Choco Chip Shake - Large,,,,0.0975,litre,260.0,25.35,Recipe:ING016
Menu Item,MENU0070,Choco Chip Shake - Large,,,,3.0,pcs,3.2,9.6,Recipe:ING036
Menu Item,MENU0070,Choco Chip Shake - Large,,,,0.0975,litre,210.0,20.48,Recipe:ING004
Menu Item,MENU0070,Choco Chip Shake - Large,,,,0.468,kg,12.0,5.62,Recipe:ING022
Menu Item,MENU0070,Choco Chip Shake - Large,,,,3.0,pcs,1.1,3.3,Recipe:ING038
Menu Item,MENU0070,Choco Chip Shake - Large,,,,0.78,litre,72.0,56.16,Recipe:ING002
Menu Item,MENU0070,Choco Chip Shake - Large,,,,3.0,pcs,0.32,0.96,Recipe:ING040
Menu Item,MENU0070,Choco Chip Shake - Large,,,,3.0,pcs,0.55,1.65,Recipe:ING039
Menu Item,MENU0070,Choco Chip Shake - Large,,,,0.0585,litre,90.0,5.27,Recipe:ING019
Menu Item,MENU0071,Mixed Berry Shake - Regular,,,,16.0,pcs,3.2,51.2,Recipe:ING036
Menu Item,MENU0071,Mixed Berry Shake - Regular,,,,0.4,litre,210.0,84.0,Recipe:ING004
Menu Item,MENU0071,Mixed Berry Shake - Regular,,,,1.92,kg,12.0,23.04,Recipe:ING022
Menu Item,MENU0071,Mixed Berry Shake - Regular,,,,16.0,pcs,1.1,17.6,Recipe:ING038
Menu Item,MENU0071,Mixed Berry Shake - Regular,,,,3.2,litre,72.0,230.4,Recipe:ING002
Menu Item,MENU0071,Mixed Berry Shake - Regular,,,,1.28,kg,420.0,537.6,Recipe:ING025
Menu Item,MENU0071,Mixed Berry Shake - Regular,,,,16.0,pcs,0.32,5.12,Recipe:ING040
Menu Item,MENU0071,Mixed Berry Shake - Regular,,,,16.0,pcs,0.55,8.8,Recipe:ING039
Menu Item,MENU0071,Mixed Berry Shake - Regular,,,,0.24,litre,90.0,21.6,Recipe:ING019
Menu Item,MENU0072,Mixed Berry Shake - Medium,,,,10.0,pcs,3.2,32.0,Recipe:ING036
Menu Item,MENU0072,Mixed Berry Shake - Medium,,,,0.287,litre,210.0,60.27,Recipe:ING004
Menu Item,MENU0072,Mixed Berry Shake - Medium,,,,1.38,kg,12.0,16.56,Recipe:ING022
Menu Item,MENU0072,Mixed Berry Shake - Medium,,,,10.0,pcs,1.1,11.0,Recipe:ING038
Menu Item,MENU0072,Mixed Berry Shake - Medium,,,,2.3,litre,72.0,165.6,Recipe:ING002
Menu Item,MENU0072,Mixed Berry Shake - Medium,,,,0.92,kg,420.0,386.4,Recipe:ING025
Menu Item,MENU0072,Mixed Berry Shake - Medium,,,,10.0,pcs,0.32,3.2,Recipe:ING040
Menu Item,MENU0072,Mixed Berry Shake - Medium,,,,10.0,pcs,0.55,5.5,Recipe:ING039
Menu Item,MENU0072,Mixed Berry Shake - Medium,,,,0.172,litre,90.0,15.48,Recipe:ING019
Menu Item,MENU0073,Mixed Berry Shake - Large,,,,3.0,pcs,3.2,9.6,Recipe:ING036
Menu Item,MENU0073,Mixed Berry Shake - Large,,,,0.0975,litre,210.0,20.48,Recipe:ING004
Menu Item,MENU0073,Mixed Berry Shake - Large,,,,0.468,kg,12.0,5.62,Recipe:ING022
Menu Item,MENU0073,Mixed Berry Shake - Large,,,,3.0,pcs,1.1,3.3,Recipe:ING038
Menu Item,MENU0073,Mixed Berry Shake - Large,,,,0.78,litre,72.0,56.16,Recipe:ING002
Menu Item,MENU0073,Mixed Berry Shake - Large,,,,0.312,kg,420.0,131.04,Recipe:ING025
Menu Item,MENU0073,Mixed Berry Shake - Large,,,,3.0,pcs,0.32,0.96,Recipe:ING040
Menu Item,MENU0073,Mixed Berry Shake - Large,,,,3.0,pcs,0.55,1.65,Recipe:ING039
Menu Item,MENU0073,Mixed Berry Shake - Large,,,,0.0585,litre,90.0,5.27,Recipe:ING019
Menu Item,MENU0074,Seasonal Smoothie - Regular,,,,1.04,kg,72.0,74.88,Recipe:ING026
Menu Item,MENU0074,Seasonal Smoothie - Regular,,,,13.0,pcs,3.2,41.6,Recipe:ING036
Menu Item,MENU0074,Seasonal Smoothie - Regular,,,,0.325,litre,210.0,68.25,Recipe:ING004
Menu Item,MENU0074,Seasonal Smoothie - Regular,,,,1.56,kg,12.0,18.72,Recipe:ING022
Menu Item,MENU0074,Seasonal Smoothie - Regular,,,,13.0,pcs,1.1,14.3,Recipe:ING038
Menu Item,MENU0074,Seasonal Smoothie - Regular,,,,2.6,litre,72.0,187.2,Recipe:ING002
Menu Item,MENU0074,Seasonal Smoothie - Regular,,,,13.0,pcs,0.32,4.16,Recipe:ING040
Menu Item,MENU0074,Seasonal Smoothie - Regular,,,,13.0,pcs,0.55,7.15,Recipe:ING039
Menu Item,MENU0074,Seasonal Smoothie - Regular,,,,0.195,litre,90.0,17.55,Recipe:ING019
Menu Item,MENU0075,Seasonal Smoothie - Medium,,,,0.644,kg,72.0,46.37,Recipe:ING026
Menu Item,MENU0075,Seasonal Smoothie - Medium,,,,7.0,pcs,3.2,22.4,Recipe:ING036
Menu Item,MENU0075,Seasonal Smoothie - Medium,,,,0.2009,litre,210.0,42.19,Recipe:ING004
Menu Item,MENU0075,Seasonal Smoothie - Medium,,,,0.966,kg,12.0,11.59,Recipe:ING022
Menu Item,MENU0075,Seasonal Smoothie - Medium,,,,7.0,pcs,1.1,7.7,Recipe:ING038
Menu Item,MENU0075,Seasonal Smoothie - Medium,,,,1.61,litre,72.0,115.92,Recipe:ING002
Menu Item,MENU0075,Seasonal Smoothie - Medium,,,,7.0,pcs,0.32,2.24,Recipe:ING040
Menu Item,MENU0075,Seasonal Smoothie - Medium,,,,7.0,pcs,0.55,3.85,Recipe:ING039
Menu Item,MENU0075,Seasonal Smoothie - Medium,,,,0.1204,litre,90.0,10.84,Recipe:ING019
Menu Item,MENU0076,Seasonal Smoothie - Large,,,,0.416,kg,72.0,29.95,Recipe:ING026
Menu Item,MENU0076,Seasonal Smoothie - Large,,,,4.0,pcs,3.2,12.8,Recipe:ING036
Menu Item,MENU0076,Seasonal Smoothie - Large,,,,0.13,litre,210.0,27.3,Recipe:ING004
Menu Item,MENU0076,Seasonal Smoothie - Large,,,,0.624,kg,12.0,7.49,Recipe:ING022
Menu Item,MENU0076,Seasonal Smoothie - Large,,,,4.0,pcs,1.1,4.4,Recipe:ING038
Menu Item,MENU0076,Seasonal Smoothie - Large,,,,1.04,litre,72.0,74.88,Recipe:ING002
Menu Item,MENU0076,Seasonal Smoothie - Large,,,,4.0,pcs,0.32,1.28,Recipe:ING040
Menu Item,MENU0076,Seasonal Smoothie - Large,,,,4.0,pcs,0.55,2.2,Recipe:ING039
Menu Item,MENU0076,Seasonal Smoothie - Large,,,,0.078,litre,90.0,7.02,Recipe:ING019
Menu Item,MENU0077,Spicy Paneer Wrap,,,,0.675,kg,84.0,56.7,Recipe:ING030
Menu Item,MENU0077,Spicy Paneer Wrap,,,,0.675,kg,280.0,189.0,Recipe:ING033
Menu Item,MENU0077,Spicy Paneer Wrap,,,,0.675,kg,95.0,64.12,Recipe:ING028
Menu Item,MENU0077,Spicy Paneer Wrap,,,,54.0,pcs,0.32,17.28,Recipe:ING040
Menu Item,MENU0077,Spicy Paneer Wrap,,,,0.54,kg,42.0,22.68,Recipe:ING029
Menu Item,MENU0077,Spicy Paneer Wrap,,,,2.97,kg,360.0,1069.2,Recipe:ING005
Menu Item,MENU0077,Spicy Paneer Wrap,,,,27.0,pcs,15.0,405.0,Recipe:ING011
Menu Item,MENU0077,Spicy Paneer Wrap,,,,27.0,pcs,5.8,156.6,Recipe:ING043
Menu Item,MENU0078,Shredded Chicken Wrap,,,,0.6,kg,84.0,50.4,Recipe:ING030
Menu Item,MENU0078,Shredded Chicken Wrap,,,,2.64,kg,330.0,871.2,Recipe:ING007
Menu Item,MENU0078,Shredded Chicken Wrap,,,,0.6,kg,280.0,168.0,Recipe:ING033
Menu Item,MENU0078,Shredded Chicken Wrap,,,,0.6,kg,95.0,57.0,Recipe:ING028
Menu Item,MENU0078,Shredded Chicken Wrap,,,,48.0,pcs,0.32,15.36,Recipe:ING040
Menu Item,MENU0078,Shredded Chicken Wrap,,,,0.48,kg,42.0,20.16,Recipe:ING029
Menu Item,MENU0078,Shredded Chicken Wrap,,,,24.0,pcs,15.0,360.0,Recipe:ING011
Menu Item,MENU0078,Shredded Chicken Wrap,,,,24.0,pcs,5.8,139.2,Recipe:ING043
Menu Item,MENU0079,Smoked Chipotle Paneer Sandwich,,,,32.0,pcs,12.0,384.0,Recipe:ING009
Menu Item,MENU0079,Smoked Chipotle Paneer Sandwich,,,,0.48,kg,480.0,230.4,Recipe:ING006
Menu Item,MENU0079,Smoked Chipotle Paneer Sandwich,,,,0.32,kg,280.0,89.6,Recipe:ING033
Menu Item,MENU0079,Smoked Chipotle Paneer Sandwich,,,,0.32,kg,95.0,30.4,Recipe:ING028
Menu Item,MENU0079,Smoked Chipotle Paneer Sandwich,,,,32.0,pcs,0.32,10.24,Recipe:ING040
Menu Item,MENU0079,Smoked Chipotle Paneer Sandwich,,,,1.6,kg,360.0,576.0,Recipe:ING005
Menu Item,MENU0079,Smoked Chipotle Paneer Sandwich,,,,16.0,pcs,6.5,104.0,Recipe:ING042
Menu Item,MENU0079,Smoked Chipotle Paneer Sandwich,,,,0.48,kg,54.0,25.92,Recipe:ING031
Menu Item,MENU0080,Pesto Veg Sandwich,,,,50.0,pcs,12.0,600.0,Recipe:ING009
Menu Item,MENU0080,Pesto Veg Sandwich,,,,0.75,kg,480.0,360.0,Recipe:ING006
Menu Item,MENU0080,Pesto Veg Sandwich,,,,0.5,kg,95.0,47.5,Recipe:ING028
Menu Item,MENU0080,Pesto Veg Sandwich,,,,50.0,pcs,0.32,16.0,Recipe:ING040
Menu Item,MENU0080,Pesto Veg Sandwich,,,,2.5,kg,360.0,900.0,Recipe:ING005
Menu Item,MENU0080,Pesto Veg Sandwich,,,,0.5,kg,340.0,170.0,Recipe:ING032
Menu Item,MENU0080,Pesto Veg Sandwich,,,,25.0,pcs,6.5,162.5,Recipe:ING042
Menu Item,MENU0080,Pesto Veg Sandwich,,,,0.75,kg,54.0,40.5,Recipe:ING031
Menu Item,MENU0081,Pepper Chicken Sandwich,,,,34.0,pcs,12.0,408.0,Recipe:ING009
Menu Item,MENU0081,Pepper Chicken Sandwich,,,,0.51,kg,480.0,244.8,Recipe:ING006
Menu Item,MENU0081,Pepper Chicken Sandwich,,,,1.7,kg,330.0,561.0,Recipe:ING007
Menu Item,MENU0081,Pepper Chicken Sandwich,,,,0.34,kg,280.0,95.2,Recipe:ING033
Menu Item,MENU0081,Pepper Chicken Sandwich,,,,0.34,kg,95.0,32.3,Recipe:ING028
Menu Item,MENU0081,Pepper Chicken Sandwich,,,,34.0,pcs,0.32,10.88,Recipe:ING040
Menu Item,MENU0081,Pepper Chicken Sandwich,,,,17.0,pcs,6.5,110.5,Recipe:ING042
Menu Item,MENU0081,Pepper Chicken Sandwich,,,,0.51,kg,54.0,27.54,Recipe:ING031
Menu Item,MENU0082,Tandoori Chicken Sandwich,,,,32.0,pcs,12.0,384.0,Recipe:ING009
Menu Item,MENU0082,Tandoori Chicken Sandwich,,,,0.48,kg,480.0,230.4,Recipe:ING006
Menu Item,MENU0082,Tandoori Chicken Sandwich,,,,1.6,kg,330.0,528.0,Recipe:ING007
Menu Item,MENU0082,Tandoori Chicken Sandwich,,,,0.32,kg,280.0,89.6,Recipe:ING033
Menu Item,MENU0082,Tandoori Chicken Sandwich,,,,0.32,kg,95.0,30.4,Recipe:ING028
Menu Item,MENU0082,Tandoori Chicken Sandwich,,,,32.0,pcs,0.32,10.24,Recipe:ING040
Menu Item,MENU0082,Tandoori Chicken Sandwich,,,,16.0,pcs,6.5,104.0,Recipe:ING042
Menu Item,MENU0082,Tandoori Chicken Sandwich,,,,0.48,kg,54.0,25.92,Recipe:ING031
Menu Item,MENU0083,Chilli Cheese Garlic Toast,,,,0.14,kg,310.0,43.4,Recipe:ING035
Menu Item,MENU0083,Chilli Cheese Garlic Toast,,,,7.0,pcs,12.0,84.0,Recipe:ING009
Menu Item,MENU0083,Chilli Cheese Garlic Toast,,,,0.245,kg,480.0,117.6,Recipe:ING006
Menu Item,MENU0083,Chilli Cheese Garlic Toast,,,,14.0,pcs,0.32,4.48,Recipe:ING040
Menu Item,MENU0083,Chilli Cheese Garlic Toast,,,,7.0,pcs,6.5,45.5,Recipe:ING042
Menu Item,MENU0084,Chicken Pepperoni Avocado Toast,,,,0.14,kg,310.0,43.4,Recipe:ING035
Menu Item,MENU0084,Chicken Pepperoni Avocado Toast,,,,7.0,pcs,12.0,84.0,Recipe:ING009
Menu Item,MENU0084,Chicken Pepperoni Avocado Toast,,,,0.245,kg,480.0,117.6,Recipe:ING006
Menu Item,MENU0084,Chicken Pepperoni Avocado Toast,,,,0.56,kg,330.0,184.8,Recipe:ING007
Menu Item,MENU0084,Chicken Pepperoni Avocado Toast,,,,14.0,pcs,0.32,4.48,Recipe:ING040
Menu Item,MENU0084,Chicken Pepperoni Avocado Toast,,,,7.0,pcs,6.5,45.5,Recipe:ING042
Menu Item,MENU0085,Hummus and Pita Platter,,,,0.27,kg,310.0,83.7,Recipe:ING035
Menu Item,MENU0085,Hummus and Pita Platter,,,,18.0,pcs,12.0,216.0,Recipe:ING009
Menu Item,MENU0085,Hummus and Pita Platter,,,,0.27,kg,95.0,25.65,Recipe:ING028
Menu Item,MENU0085,Hummus and Pita Platter,,,,18.0,pcs,0.32,5.76,Recipe:ING040
Menu Item,MENU0085,Hummus and Pita Platter,,,,9.0,pcs,6.5,58.5,Recipe:ING042
Menu Item,MENU0085,Hummus and Pita Platter,,,,0.36,kg,54.0,19.44,Recipe:ING031
Menu Item,MENU0086,Breakfast Pancakes,,,,0.2,kg,520.0,104.0,Recipe:ING027
Menu Item,MENU0086,Breakfast Pancakes,,,,8.0,pcs,46.0,368.0,Recipe:ING014
Menu Item,MENU0086,Breakfast Pancakes,,,,8.0,pcs,5.0,40.0,Recipe:ING041
Menu Item,MENU0086,Breakfast Pancakes,,,,16.0,pcs,0.32,5.12,Recipe:ING040
Menu Item,MENU0086,Breakfast Pancakes,,,,0.2,litre,90.0,18.0,Recipe:ING019
Menu Item,MENU0087,Cream Cheese Bagel,,,,12.0,pcs,28.0,336.0,Recipe:ING010
Menu Item,MENU0087,Cream Cheese Bagel,,,,0.3,kg,480.0,144.0,Recipe:ING006
Menu Item,MENU0087,Cream Cheese Bagel,,,,0.42,litre,210.0,88.2,Recipe:ING004
Menu Item,MENU0087,Cream Cheese Bagel,,,,24.0,pcs,0.32,7.68,Recipe:ING040
Menu Item,MENU0087,Cream Cheese Bagel,,,,12.0,pcs,6.5,78.0,Recipe:ING042
Menu Item,MENU0088,Scallion Pepper Cream Cheese Bagel,,,,12.0,pcs,28.0,336.0,Recipe:ING010
Menu Item,MENU0088,Scallion Pepper Cream Cheese Bagel,,,,0.3,kg,480.0,144.0,Recipe:ING006
Menu Item,MENU0088,Scallion Pepper Cream Cheese Bagel,,,,0.42,litre,210.0,88.2,Recipe:ING004
Menu Item,MENU0088,Scallion Pepper Cream Cheese Bagel,,,,24.0,pcs,0.32,7.68,Recipe:ING040
Menu Item,MENU0088,Scallion Pepper Cream Cheese Bagel,,,,12.0,pcs,6.5,78.0,Recipe:ING042
Menu Item,MENU0089,Masala Egg Bun,,,,11.0,pcs,12.0,132.0,Recipe:ING009
Menu Item,MENU0089,Masala Egg Bun,,,,0.22,kg,480.0,105.6,Recipe:ING006
Menu Item,MENU0089,Masala Egg Bun,,,,22.0,pcs,7.0,154.0,Recipe:ING008
Menu Item,MENU0089,Masala Egg Bun,,,,22.0,pcs,0.32,7.04,Recipe:ING040
Menu Item,MENU0089,Masala Egg Bun,,,,11.0,pcs,6.5,71.5,Recipe:ING042
Menu Item,MENU0090,Marinara Cheese Pin Wheels,,,,13.0,pcs,12.0,156.0,Recipe:ING009
Menu Item,MENU0090,Marinara Cheese Pin Wheels,,,,0.39,kg,480.0,187.2,Recipe:ING006
Menu Item,MENU0090,Marinara Cheese Pin Wheels,,,,26.0,pcs,0.32,8.32,Recipe:ING040
Menu Item,MENU0090,Marinara Cheese Pin Wheels,,,,0.325,kg,190.0,61.75,Recipe:ING034
Menu Item,MENU0090,Marinara Cheese Pin Wheels,,,,13.0,pcs,6.5,84.5,Recipe:ING042
Menu Item,MENU0091,Pesto Sundried Tomato Pin Wheel,,,,14.0,pcs,12.0,168.0,Recipe:ING009
Menu Item,MENU0091,Pesto Sundried Tomato Pin Wheel,,,,0.42,kg,480.0,201.6,Recipe:ING006
Menu Item,MENU0091,Pesto Sundried Tomato Pin Wheel,,,,28.0,pcs,0.32,8.96,Recipe:ING040
Menu Item,MENU0091,Pesto Sundried Tomato Pin Wheel,,,,0.35,kg,340.0,119.0,Recipe:ING032
Menu Item,MENU0091,Pesto Sundried Tomato Pin Wheel,,,,14.0,pcs,6.5,91.0,Recipe:ING042
Menu Item,MENU0092,Turnover with Brioche Dough Chicken,,,,0.25,kg,480.0,120.0,Recipe:ING006
Menu Item,MENU0092,Turnover with Brioche Dough Chicken,,,,0.8,kg,330.0,264.0,Recipe:ING007
Menu Item,MENU0092,Turnover with Brioche Dough Chicken,,,,10.0,pcs,42.0,420.0,Recipe:ING012
Menu Item,MENU0092,Turnover with Brioche Dough Chicken,,,,20.0,pcs,0.32,6.4,Recipe:ING040
Menu Item,MENU0092,Turnover with Brioche Dough Chicken,,,,10.0,pcs,6.5,65.0,Recipe:ING042
Menu Item,MENU0093,Turnover with Brioche Dough Veg,,,,0.35,kg,480.0,168.0,Recipe:ING006
Menu Item,MENU0093,Turnover with Brioche Dough Veg,,,,14.0,pcs,42.0,588.0,Recipe:ING012
Menu Item,MENU0093,Turnover with Brioche Dough Veg,,,,28.0,pcs,0.32,8.96,Recipe:ING040
Menu Item,MENU0093,Turnover with Brioche Dough Veg,,,,1.12,kg,360.0,403.2,Recipe:ING005
Menu Item,MENU0093,Turnover with Brioche Dough Veg,,,,14.0,pcs,6.5,91.0,Recipe:ING042
Menu Item,MENU0094,Butter Croissant,,,,0.52,kg,520.0,270.4,Recipe:ING027
Menu Item,MENU0094,Butter Croissant,,,,26.0,pcs,42.0,1092.0,Recipe:ING012
Menu Item,MENU0094,Butter Croissant,,,,26.0,pcs,5.0,130.0,Recipe:ING041
Menu Item,MENU0094,Butter Croissant,,,,52.0,pcs,0.32,16.64,Recipe:ING040
Menu Item,MENU0095,Almond Croissant,,,,0.34,kg,520.0,176.8,Recipe:ING027
Menu Item,MENU0095,Almond Croissant,,,,17.0,pcs,42.0,714.0,Recipe:ING012
Menu Item,MENU0095,Almond Croissant,,,,17.0,pcs,5.0,85.0,Recipe:ING041
Menu Item,MENU0095,Almond Croissant,,,,34.0,pcs,0.32,10.88,Recipe:ING040
Menu Item,MENU0096,Chocolate Croissant,,,,0.44,kg,520.0,228.8,Recipe:ING027
Menu Item,MENU0096,Chocolate Croissant,,,,0.55,litre,260.0,143.0,Recipe:ING016
Menu Item,MENU0096,Chocolate Croissant,,,,22.0,pcs,42.0,924.0,Recipe:ING012
Menu Item,MENU0096,Chocolate Croissant,,,,22.0,pcs,5.0,110.0,Recipe:ING041
Menu Item,MENU0096,Chocolate Croissant,,,,44.0,pcs,0.32,14.08,Recipe:ING040
Menu Item,MENU0097,Mushroom Cheese Croissant,,,,0.54,kg,520.0,280.8,Recipe:ING027
Menu Item,MENU0097,Mushroom Cheese Croissant,,,,0.945,kg,480.0,453.6,Recipe:ING006
Menu Item,MENU0097,Mushroom Cheese Croissant,,,,27.0,pcs,42.0,1134.0,Recipe:ING012
Menu Item,MENU0097,Mushroom Cheese Croissant,,,,27.0,pcs,5.0,135.0,Recipe:ING041
Menu Item,MENU0097,Mushroom Cheese Croissant,,,,54.0,pcs,0.32,17.28,Recipe:ING040
Menu Item,MENU0098,Sriracha Chicken Croissant,,,,0.36,kg,520.0,187.2,Recipe:ING027
Menu Item,MENU0098,Sriracha Chicken Croissant,,,,1.26,kg,330.0,415.8,Recipe:ING007
Menu Item,MENU0098,Sriracha Chicken Croissant,,,,18.0,pcs,42.0,756.0,Recipe:ING012
Menu Item,MENU0098,Sriracha Chicken Croissant,,,,18.0,pcs,5.0,90.0,Recipe:ING041
Menu Item,MENU0098,Sriracha Chicken Croissant,,,,36.0,pcs,0.32,11.52,Recipe:ING040
Menu Item,MENU0099,Cinnamon Roll with Cream Cheese,,,,0.425,litre,210.0,89.25,Recipe:ING004
Menu Item,MENU0099,Cinnamon Roll with Cream Cheese,,,,17.0,pcs,42.0,714.0,Recipe:ING012
Menu Item,MENU0099,Cinnamon Roll with Cream Cheese,,,,17.0,pcs,5.0,85.0,Recipe:ING041
Menu Item,MENU0099,Cinnamon Roll with Cream Cheese,,,,17.0,pcs,0.32,5.44,Recipe:ING040
Menu Item,MENU0100,Banana Walnut Tea Cake,,,,0.7,kg,72.0,50.4,Recipe:ING026
Menu Item,MENU0100,Banana Walnut Tea Cake,,,,10.0,pcs,46.0,460.0,Recipe:ING014
Menu Item,MENU0100,Banana Walnut Tea Cake,,,,0.25,litre,210.0,52.5,Recipe:ING004
Menu Item,MENU0100,Banana Walnut Tea Cake,,,,10.0,pcs,5.0,50.0,Recipe:ING041
Menu Item,MENU0100,Banana Walnut Tea Cake,,,,10.0,pcs,0.32,3.2,Recipe:ING040
Menu Item,MENU0101,Lemon Raspberry Tea Cake,,,,15.0,pcs,46.0,690.0,Recipe:ING014
Menu Item,MENU0101,Lemon Raspberry Tea Cake,,,,0.375,litre,210.0,78.75,Recipe:ING004
Menu Item,MENU0101,Lemon Raspberry Tea Cake,,,,15.0,pcs,5.0,75.0,Recipe:ING041
Menu Item,MENU0101,Lemon Raspberry Tea Cake,,,,15.0,pcs,0.32,4.8,Recipe:ING040
Menu Item,MENU0102,Double Chocolate Truffle Cake,,,,29.0,pcs,46.0,1334.0,Recipe:ING014
Menu Item,MENU0102,Double Chocolate Truffle Cake,,,,0.725,litre,260.0,188.5,Recipe:ING016
Menu Item,MENU0102,Double Chocolate Truffle Cake,,,,0.725,litre,210.0,152.25,Recipe:ING004
Menu Item,MENU0102,Double Chocolate Truffle Cake,,,,29.0,pcs,5.0,145.0,Recipe:ING041
Menu Item,MENU0102,Double Chocolate Truffle Cake,,,,29.0,pcs,0.32,9.28,Recipe:ING040
Menu Item,MENU0103,Banoffee Pie,,,,18.0,pcs,46.0,828.0,Recipe:ING014
Menu Item,MENU0103,Banoffee Pie,,,,0.45,litre,210.0,94.5,Recipe:ING004
Menu Item,MENU0103,Banoffee Pie,,,,18.0,pcs,5.0,90.0,Recipe:ING041
Menu Item,MENU0103,Banoffee Pie,,,,18.0,pcs,0.32,5.76,Recipe:ING040
Menu Item,MENU0104,Classic Chocolate Fudge Brownie,,,,24.0,pcs,34.0,816.0,Recipe:ING013
Menu Item,MENU0104,Classic Chocolate Fudge Brownie,,,,1.08,litre,260.0,280.8,Recipe:ING016
Menu Item,MENU0104,Classic Chocolate Fudge Brownie,,,,24.0,pcs,5.0,120.0,Recipe:ING041
Menu Item,MENU0104,Classic Chocolate Fudge Brownie,,,,24.0,pcs,0.32,7.68,Recipe:ING040
Menu Item,MENU0105,Soft-Centred Caramel Cookie,,,,0.56,kg,520.0,291.2,Recipe:ING027
Menu Item,MENU0105,Soft-Centred Caramel Cookie,,,,15.4,pcs,46.0,708.4,Recipe:ING014
Menu Item,MENU0105,Soft-Centred Caramel Cookie,,,,0.56,litre,250.0,140.0,Recipe:ING017
Menu Item,MENU0105,Soft-Centred Caramel Cookie,,,,28.0,pcs,5.0,140.0,Recipe:ING041
Menu Item,MENU0105,Soft-Centred Caramel Cookie,,,,28.0,pcs,0.32,8.96,Recipe:ING040
Menu Item,MENU0106,Death by Chocolate Cookie,,,,0.42,kg,520.0,218.4,Recipe:ING027
Menu Item,MENU0106,Death by Chocolate Cookie,,,,11.55,pcs,46.0,531.3,Recipe:ING014
Menu Item,MENU0106,Death by Chocolate Cookie,,,,0.525,litre,260.0,136.5,Recipe:ING016
Menu Item,MENU0106,Death by Chocolate Cookie,,,,21.0,pcs,5.0,105.0,Recipe:ING041
Menu Item,MENU0106,Death by Chocolate Cookie,,,,21.0,pcs,0.32,6.72,Recipe:ING040
Menu Item,MENU0107,Jaggery Parmesan Cookie,,,,0.38,kg,520.0,197.6,Recipe:ING027
Menu Item,MENU0107,Jaggery Parmesan Cookie,,,,10.45,pcs,46.0,480.7,Recipe:ING014
Menu Item,MENU0107,Jaggery Parmesan Cookie,,,,19.0,pcs,5.0,95.0,Recipe:ING041
Menu Item,MENU0107,Jaggery Parmesan Cookie,,,,19.0,pcs,0.32,6.08,Recipe:ING040
Menu Item,MENU0108,Apple Pie,,,,20.0,pcs,46.0,920.0,Recipe:ING014
Menu Item,MENU0108,Apple Pie,,,,0.5,litre,210.0,105.0,Recipe:ING004
Menu Item,MENU0108,Apple Pie,,,,20.0,pcs,5.0,100.0,Recipe:ING041
Menu Item,MENU0108,Apple Pie,,,,20.0,pcs,0.32,6.4,Recipe:ING040
Menu Item,MENU0109,Basque Cheesecake,,,,25.0,pcs,72.0,1800.0,Recipe:ING015
Menu Item,MENU0109,Basque Cheesecake,,,,0.625,litre,210.0,131.25,Recipe:ING004
Menu Item,MENU0109,Basque Cheesecake,,,,25.0,pcs,5.0,125.0,Recipe:ING041
Menu Item,MENU0109,Basque Cheesecake,,,,25.0,pcs,0.32,8.0,Recipe:ING040
Menu Item,MENU0110,Multigrain Walnut Tea Cake,,,,16.0,pcs,46.0,736.0,Recipe:ING014
Menu Item,MENU0110,Multigrain Walnut Tea Cake,,,,0.4,litre,210.0,84.0,Recipe:ING004
Menu Item,MENU0110,Multigrain Walnut Tea Cake,,,,16.0,pcs,5.0,80.0,Recipe:ING041
Menu Item,MENU0110,Multigrain Walnut Tea Cake,,,,16.0,pcs,0.32,5.12,Recipe:ING040
Menu Item,MENU0001,Espresso Shot - Solo,,,,0.0384,kg,980.0,37.63,Recipe:ING001
Menu Item,MENU0001,Espresso Shot - Solo,,,,4.0,pcs,2.8,11.2,Recipe:ING037
Menu Item,MENU0001,Espresso Shot - Solo,,,,4.0,pcs,1.1,4.4,Recipe:ING038
Menu Item,MENU0001,Espresso Shot - Solo,,,,4.0,pcs,0.32,1.28,Recipe:ING040
Menu Item,MENU0002,Espresso Shot - Doppio,,,,0.087,kg,980.0,85.26,Recipe:ING001
Menu Item,MENU0002,Espresso Shot - Doppio,,,,5.0,pcs,2.8,14.0,Recipe:ING037
Menu Item,MENU0002,Espresso Shot - Doppio,,,,5.0,pcs,1.1,5.5,Recipe:ING038
Menu Item,MENU0002,Espresso Shot - Doppio,,,,5.0,pcs,0.32,1.6,Recipe:ING040
Menu Item,MENU0003,Americano - Regular,,,,0.864,kg,980.0,846.72,Recipe:ING001
Menu Item,MENU0003,Americano - Regular,,,,48.0,pcs,2.8,134.4,Recipe:ING037
Menu Item,MENU0003,Americano - Regular,,,,48.0,pcs,1.1,52.8,Recipe:ING038
Menu Item,MENU0003,Americano - Regular,,,,48.0,pcs,0.32,15.36,Recipe:ING040
Menu Item,MENU0003,Americano - Regular,,,,0.72,litre,90.0,64.8,Recipe:ING019
Menu Item,MENU0004,Americano - Medium,,,,0.828,kg,980.0,811.44,Recipe:ING001
Menu Item,MENU0004,Americano - Medium,,,,40.0,pcs,2.8,112.0,Recipe:ING037
Menu Item,MENU0004,Americano - Medium,,,,40.0,pcs,1.1,44.0,Recipe:ING038
Menu Item,MENU0004,Americano - Medium,,,,40.0,pcs,0.32,12.8,Recipe:ING040
Menu Item,MENU0004,Americano - Medium,,,,0.688,litre,90.0,61.92,Recipe:ING019
Menu Item,MENU0005,Americano - Large,,,,0.6552,kg,980.0,642.1,Recipe:ING001
Menu Item,MENU0005,Americano - Large,,,,28.0,pcs,2.8,78.4,Recipe:ING037
Menu Item,MENU0005,Americano - Large,,,,28.0,pcs,1.1,30.8,Recipe:ING038
Menu Item,MENU0005,Americano - Large,,,,28.0,pcs,0.32,8.96,Recipe:ING040
Menu Item,MENU0005,Americano - Large,,,,0.546,litre,90.0,49.14,Recipe:ING019
Menu Item,MENU0006,Latte - Regular,,,,1.062,kg,980.0,1040.76,Recipe:ING001
Menu Item,MENU0006,Latte - Regular,,,,59.0,pcs,2.8,165.2,Recipe:ING037
Menu Item,MENU0006,Latte - Regular,,,,59.0,pcs,1.1,64.9,Recipe:ING038
Menu Item,MENU0006,Latte - Regular,,,,10.62,litre,72.0,764.64,Recipe:ING002
Menu Item,MENU0006,Latte - Regular,,,,59.0,pcs,0.32,18.88,Recipe:ING040
Menu Item,MENU0006,Latte - Regular,,,,0.885,litre,90.0,79.65,Recipe:ING019
Menu Item,MENU0007,Latte - Medium,,,,0.8073,kg,980.0,791.15,Recipe:ING001
Menu Item,MENU0007,Latte - Medium,,,,39.0,pcs,2.8,109.2,Recipe:ING037
Menu Item,MENU0007,Latte - Medium,,,,39.0,pcs,1.1,42.9,Recipe:ING038
Menu Item,MENU0007,Latte - Medium,,,,8.073,litre,72.0,581.26,Recipe:ING002
Menu Item,MENU0007,Latte - Medium,,,,39.0,pcs,0.32,12.48,Recipe:ING040
Menu Item,MENU0007,Latte - Medium,,,,0.6708,litre,90.0,60.37,Recipe:ING019
Menu Item,MENU0008,Latte - Large,,,,0.5148,kg,980.0,504.5,Recipe:ING001
Menu Item,MENU0008,Latte - Large,,,,22.0,pcs,2.8,61.6,Recipe:ING037
Menu Item,MENU0008,Latte - Large,,,,22.0,pcs,1.1,24.2,Recipe:ING038
Menu Item,MENU0008,Latte - Large,,,,5.148,litre,72.0,370.66,Recipe:ING002
Menu Item,MENU0008,Latte - Large,,,,22.0,pcs,0.32,7.04,Recipe:ING040
Menu Item,MENU0008,Latte - Large,,,,0.429,litre,90.0,38.61,Recipe:ING019
Menu Item,MENU0009,Cappuccino - Regular,,,,1.026,kg,980.0,1005.48,Recipe:ING001
Menu Item,MENU0009,Cappuccino - Regular,,,,57.0,pcs,2.8,159.6,Recipe:ING037
Menu Item,MENU0009,Cappuccino - Regular,,,,57.0,pcs,1.1,62.7,Recipe:ING038
Menu Item,MENU0009,Cappuccino - Regular,,,,10.26,litre,72.0,738.72,Recipe:ING002
Menu Item,MENU0009,Cappuccino - Regular,,,,57.0,pcs,0.32,18.24,Recipe:ING040
Menu Item,MENU0009,Cappuccino - Regular,,,,0.855,litre,90.0,76.95,Recipe:ING019
Menu Item,MENU0010,Cappuccino - Medium,,,,1.1799,kg,980.0,1156.3,Recipe:ING001
Menu Item,MENU0010,Cappuccino - Medium,,,,57.0,pcs,2.8,159.6,Recipe:ING037
Menu Item,MENU0010,Cappuccino - Medium,,,,57.0,pcs,1.1,62.7,Recipe:ING038
Menu Item,MENU0010,Cappuccino - Medium,,,,11.799,litre,72.0,849.53,Recipe:ING002
Menu Item,MENU0010,Cappuccino - Medium,,,,57.0,pcs,0.32,18.24,Recipe:ING040
Menu Item,MENU0010,Cappuccino - Medium,,,,0.9804,litre,90.0,88.24,Recipe:ING019
Menu Item,MENU0011,Cappuccino - Large,,,,0.6786,kg,980.0,665.03,Recipe:ING001
Menu Item,MENU0011,Cappuccino - Large,,,,29.0,pcs,2.8,81.2,Recipe:ING037
Menu Item,MENU0011,Cappuccino - Large,,,,29.0,pcs,1.1,31.9,Recipe:ING038
Menu Item,MENU0011,Cappuccino - Large,,,,6.786,litre,72.0,488.59,Recipe:ING002
Menu Item,MENU0011,Cappuccino - Large,,,,29.0,pcs,0.32,9.28,Recipe:ING040
Menu Item,MENU0011,Cappuccino - Large,,,,0.5655,litre,90.0,50.9,Recipe:ING019
Menu Item,MENU0012,Flat White - Regular,,,,0.666,kg,980.0,652.68,Recipe:ING001
Menu Item,MENU0012,Flat White - Regular,,,,37.0,pcs,2.8,103.6,Recipe:ING037
Menu Item,MENU0012,Flat White - Regular,,,,37.0,pcs,1.1,40.7,Recipe:ING038
Menu Item,MENU0012,Flat White - Regular,,,,6.66,litre,72.0,479.52,Recipe:ING002
Menu Item,MENU0012,Flat White - Regular,,,,37.0,pcs,0.32,11.84,Recipe:ING040
Menu Item,MENU0012,Flat White - Regular,,,,0.555,litre,90.0,49.95,Recipe:ING019
Menu Item,MENU0013,Flat White - Medium,,,,1.0143,kg,980.0,994.01,Recipe:ING001
Menu Item,MENU0013,Flat White - Medium,,,,49.0,pcs,2.8,137.2,Recipe:ING037
Menu Item,MENU0013,Flat White - Medium,,,,49.0,pcs,1.1,53.9,Recipe:ING038
Menu Item,MENU0013,Flat White - Medium,,,,10.143,litre,72.0,730.3,Recipe:ING002
Menu Item,MENU0013,Flat White - Medium,,,,49.0,pcs,0.32,15.68,Recipe:ING040
Menu Item,MENU0013,Flat White - Medium,,,,0.8428,litre,90.0,75.85,Recipe:ING019
Menu Item,MENU0014,Flat White - Large,,,,0.5616,kg,980.0,550.37,Recipe:ING001
Menu Item,MENU0014,Flat White - Large,,,,24.0,pcs,2.8,67.2,Recipe:ING037
Menu Item,MENU0014,Flat White - Large,,,,24.0,pcs,1.1,26.4,Recipe:ING038
Menu Item,MENU0014,Flat White - Large,,,,5.616,litre,72.0,404.35,Recipe:ING002
Menu Item,MENU0014,Flat White - Large,,,,24.0,pcs,0.32,7.68,Recipe:ING040
Menu Item,MENU0014,Flat White - Large,,,,0.468,litre,90.0,42.12,Recipe:ING019
Menu Item,MENU0015,Mocha - Regular,,,,1.1,litre,260.0,286.0,Recipe:ING016
Menu Item,MENU0015,Mocha - Regular,,,,0.792,kg,980.0,776.16,Recipe:ING001
Menu Item,MENU0015,Mocha - Regular,,,,44.0,pcs,2.8,123.2,Recipe:ING037
Menu Item,MENU0015,Mocha - Regular,,,,44.0,pcs,1.1,48.4,Recipe:ING038
Menu Item,MENU0015,Mocha - Regular,,,,7.92,litre,72.0,570.24,Recipe:ING002
Menu Item,MENU0015,Mocha - Regular,,,,44.0,pcs,0.32,14.08,Recipe:ING040
Menu Item,MENU0015,Mocha - Regular,,,,0.66,litre,90.0,59.4,Recipe:ING019
Menu Item,MENU0016,Mocha - Medium,,,,1.1767,litre,260.0,305.94,Recipe:ING016
Menu Item,MENU0016,Mocha - Medium,,,,0.8487,kg,980.0,831.73,Recipe:ING001
Menu Item,MENU0016,Mocha - Medium,,,,41.0,pcs,2.8,114.8,Recipe:ING037
Menu Item,MENU0016,Mocha - Medium,,,,41.0,pcs,1.1,45.1,Recipe:ING038
Menu Item,MENU0016,Mocha - Medium,,,,8.487,litre,72.0,611.06,Recipe:ING002
Menu Item,MENU0016,Mocha - Medium,,,,41.0,pcs,0.32,13.12,Recipe:ING040
Menu Item,MENU0016,Mocha - Medium,,,,0.7052,litre,90.0,63.47,Recipe:ING019
Menu Item,MENU0017,Mocha - Large,,,,1.2025,litre,260.0,312.65,Recipe:ING016
Menu Item,MENU0017,Mocha - Large,,,,0.8658,kg,980.0,848.48,Recipe:ING001
Menu Item,MENU0017,Mocha - Large,,,,37.0,pcs,2.8,103.6,Recipe:ING037
Menu Item,MENU0017,Mocha - Large,,,,37.0,pcs,1.1,40.7,Recipe:ING038
Menu Item,MENU0017,Mocha - Large,,,,8.658,litre,72.0,623.38,Recipe:ING002
Menu Item,MENU0017,Mocha - Large,,,,37.0,pcs,0.32,11.84,Recipe:ING040
Menu Item,MENU0017,Mocha - Large,,,,0.7215,litre,90.0,64.94,Recipe:ING019
Menu Item,MENU0018,Sea Salt Mocha - Regular,,,,0.95,litre,260.0,247.0,Recipe:ING016
Menu Item,MENU0018,Sea Salt Mocha - Regular,,,,0.684,kg,980.0,670.32,Recipe:ING001
Menu Item,MENU0018,Sea Salt Mocha - Regular,,,,38.0,pcs,2.8,106.4,Recipe:ING037
Menu Item,MENU0018,Sea Salt Mocha - Regular,,,,38.0,pcs,1.1,41.8,Recipe:ING038
Menu Item,MENU0018,Sea Salt Mocha - Regular,,,,6.84,litre,72.0,492.48,Recipe:ING002
Menu Item,MENU0018,Sea Salt Mocha - Regular,,,,38.0,pcs,0.32,12.16,Recipe:ING040
Menu Item,MENU0018,Sea Salt Mocha - Regular,,,,0.57,litre,90.0,51.3,Recipe:ING019
Menu Item,MENU0019,Sea Salt Mocha - Medium,,,,0.7462,litre,260.0,194.01,Recipe:ING016
Menu Item,MENU0019,Sea Salt Mocha - Medium,,,,0.5382,kg,980.0,527.44,Recipe:ING001
Menu Item,MENU0019,Sea Salt Mocha - Medium,,,,26.0,pcs,2.8,72.8,Recipe:ING037
Menu Item,MENU0019,Sea Salt Mocha - Medium,,,,26.0,pcs,1.1,28.6,Recipe:ING038
Menu Item,MENU0019,Sea Salt Mocha - Medium,,,,5.382,litre,72.0,387.5,Recipe:ING002
Menu Item,MENU0019,Sea Salt Mocha - Medium,,,,26.0,pcs,0.32,8.32,Recipe:ING040
Menu Item,MENU0019,Sea Salt Mocha - Medium,,,,0.4472,litre,90.0,40.25,Recipe:ING019
Menu Item,MENU0020,Sea Salt Mocha - Large,,,,0.585,litre,260.0,152.1,Recipe:ING016
Menu Item,MENU0020,Sea Salt Mocha - Large,,,,0.4212,kg,980.0,412.78,Recipe:ING001
Menu Item,MENU0020,Sea Salt Mocha - Large,,,,18.0,pcs,2.8,50.4,Recipe:ING037
Menu Item,MENU0020,Sea Salt Mocha - Large,,,,18.0,pcs,1.1,19.8,Recipe:ING038
Menu Item,MENU0020,Sea Salt Mocha - Large,,,,4.212,litre,72.0,303.26,Recipe:ING002
Menu Item,MENU0020,Sea Salt Mocha - Large,,,,18.0,pcs,0.32,5.76,Recipe:ING040
Menu Item,MENU0020,Sea Salt Mocha - Large,,,,0.351,litre,90.0,31.59,Recipe:ING019
Menu Item,MENU0021,Orange Zest Mocha - Regular,,,,0.775,litre,260.0,201.5,Recipe:ING016
Menu Item,MENU0021,Orange Zest Mocha - Regular,,,,0.558,kg,980.0,546.84,Recipe:ING001
Menu Item,MENU0021,Orange Zest Mocha - Regular,,,,31.0,pcs,2.8,86.8,Recipe:ING037
Menu Item,MENU0021,Orange Zest Mocha - Regular,,,,31.0,pcs,1.1,34.1,Recipe:ING038
Menu Item,MENU0021,Orange Zest Mocha - Regular,,,,5.58,litre,72.0,401.76,Recipe:ING002
Menu Item,MENU0021,Orange Zest Mocha - Regular,,,,31.0,pcs,0.32,9.92,Recipe:ING040
Menu Item,MENU0021,Orange Zest Mocha - Regular,,,,0.465,litre,90.0,41.85,Recipe:ING019
Menu Item,MENU0022,Orange Zest Mocha - Medium,,,,0.8036,litre,260.0,208.94,Recipe:ING016
Menu Item,MENU0022,Orange Zest Mocha - Medium,,,,0.5796,kg,980.0,568.01,Recipe:ING001
Menu Item,MENU0022,Orange Zest Mocha - Medium,,,,28.0,pcs,2.8,78.4,Recipe:ING037
Menu Item,MENU0022,Orange Zest Mocha - Medium,,,,28.0,pcs,1.1,30.8,Recipe:ING038
Menu Item,MENU0022,Orange Zest Mocha - Medium,,,,5.796,litre,72.0,417.31,Recipe:ING002
Menu Item,MENU0022,Orange Zest Mocha - Medium,,,,28.0,pcs,0.32,8.96,Recipe:ING040
Menu Item,MENU0022,Orange Zest Mocha - Medium,,,,0.4816,litre,90.0,43.34,Recipe:ING019
Menu Item,MENU0023,Orange Zest Mocha - Large,,,,0.65,litre,260.0,169.0,Recipe:ING016
Menu Item,MENU0023,Orange Zest Mocha - Large,,,,0.468,kg,980.0,458.64,Recipe:ING001
Menu Item,MENU0023,Orange Zest Mocha - Large,,,,20.0,pcs,2.8,56.0,Recipe:ING037
Menu Item,MENU0023,Orange Zest Mocha - Large,,,,20.0,pcs,1.1,22.0,Recipe:ING038
Menu Item,MENU0023,Orange Zest Mocha - Large,,,,4.68,litre,72.0,336.96,Recipe:ING002
Menu Item,MENU0023,Orange Zest Mocha - Large,,,,20.0,pcs,0.32,6.4,Recipe:ING040
Menu Item,MENU0023,Orange Zest Mocha - Large,,,,0.39,litre,90.0,35.1,Recipe:ING019
Menu Item,MENU0024,Caramel Macchiato - Regular,,,,0.85,litre,250.0,212.5,Recipe:ING017
Menu Item,MENU0024,Caramel Macchiato - Regular,,,,0.612,kg,980.0,599.76,Recipe:ING001
Menu Item,MENU0024,Caramel Macchiato - Regular,,,,34.0,pcs,2.8,95.2,Recipe:ING037
Menu Item,MENU0024,Caramel Macchiato - Regular,,,,34.0,pcs,1.1,37.4,Recipe:ING038
Menu Item,MENU0024,Caramel Macchiato - Regular,,,,6.12,litre,72.0,440.64,Recipe:ING002
Menu Item,MENU0024,Caramel Macchiato - Regular,,,,34.0,pcs,0.32,10.88,Recipe:ING040
Menu Item,MENU0024,Caramel Macchiato - Regular,,,,0.51,litre,90.0,45.9,Recipe:ING019
Menu Item,MENU0025,Caramel Macchiato - Medium,,,,0.9471,litre,250.0,236.78,Recipe:ING017
Menu Item,MENU0025,Caramel Macchiato - Medium,,,,0.6831,kg,980.0,669.44,Recipe:ING001
Menu Item,MENU0025,Caramel Macchiato - Medium,,,,33.0,pcs,2.8,92.4,Recipe:ING037
Menu Item,MENU0025,Caramel Macchiato - Medium,,,,33.0,pcs,1.1,36.3,Recipe:ING038
Menu Item,MENU0025,Caramel Macchiato - Medium,,,,6.831,litre,72.0,491.83,Recipe:ING002
Menu Item,MENU0025,Caramel Macchiato - Medium,,,,33.0,pcs,0.32,10.56,Recipe:ING040
Menu Item,MENU0025,Caramel Macchiato - Medium,,,,0.5676,litre,90.0,51.08,Recipe:ING019
Menu Item,MENU0026,Caramel Macchiato - Large,,,,0.715,litre,250.0,178.75,Recipe:ING017
Menu Item,MENU0026,Caramel Macchiato - Large,,,,0.5148,kg,980.0,504.5,Recipe:ING001
Menu Item,MENU0026,Caramel Macchiato - Large,,,,22.0,pcs,2.8,61.6,Recipe:ING037
Menu Item,MENU0026,Caramel Macchiato - Large,,,,22.0,pcs,1.1,24.2,Recipe:ING038
Menu Item,MENU0026,Caramel Macchiato - Large,,,,5.148,litre,72.0,370.66,Recipe:ING002
Menu Item,MENU0026,Caramel Macchiato - Large,,,,22.0,pcs,0.32,7.04,Recipe:ING040
Menu Item,MENU0026,Caramel Macchiato - Large,,,,0.429,litre,90.0,38.61,Recipe:ING019
Menu Item,MENU0027,French Vanilla Latte - Regular,,,,0.648,kg,980.0,635.04,Recipe:ING001
Menu Item,MENU0027,French Vanilla Latte - Regular,,,,36.0,pcs,2.8,100.8,Recipe:ING037
Menu Item,MENU0027,French Vanilla Latte - Regular,,,,36.0,pcs,1.1,39.6,Recipe:ING038
Menu Item,MENU0027,French Vanilla Latte - Regular,,,,6.48,litre,72.0,466.56,Recipe:ING002
Menu Item,MENU0027,French Vanilla Latte - Regular,,,,36.0,pcs,0.32,11.52,Recipe:ING040
Menu Item,MENU0027,French Vanilla Latte - Regular,,,,0.54,litre,90.0,48.6,Recipe:ING019
Menu Item,MENU0027,French Vanilla Latte - Regular,,,,0.9,litre,240.0,216.0,Recipe:ING018
Menu Item,MENU0028,French Vanilla Latte - Medium,,,,0.8073,kg,980.0,791.15,Recipe:ING001
Menu Item,MENU0028,French Vanilla Latte - Medium,,,,39.0,pcs,2.8,109.2,Recipe:ING037
Menu Item,MENU0028,French Vanilla Latte - Medium,,,,39.0,pcs,1.1,42.9,Recipe:ING038
Menu Item,MENU0028,French Vanilla Latte - Medium,,,,8.073,litre,72.0,581.26,Recipe:ING002
Menu Item,MENU0028,French Vanilla Latte - Medium,,,,39.0,pcs,0.32,12.48,Recipe:ING040
Menu Item,MENU0028,French Vanilla Latte - Medium,,,,0.6708,litre,90.0,60.37,Recipe:ING019
Menu Item,MENU0028,French Vanilla Latte - Medium,,,,1.1193,litre,240.0,268.63,Recipe:ING018
Menu Item,MENU0029,French Vanilla Latte - Large,,,,0.6552,kg,980.0,642.1,Recipe:ING001
Menu Item,MENU0029,French Vanilla Latte - Large,,,,28.0,pcs,2.8,78.4,Recipe:ING037
Menu Item,MENU0029,French Vanilla Latte - Large,,,,28.0,pcs,1.1,30.8,Recipe:ING038
Menu Item,MENU0029,French Vanilla Latte - Large,,,,6.552,litre,72.0,471.74,Recipe:ING002
Menu Item,MENU0029,French Vanilla Latte - Large,,,,28.0,pcs,0.32,8.96,Recipe:ING040
Menu Item,MENU0029,French Vanilla Latte - Large,,,,0.546,litre,90.0,49.14,Recipe:ING019
Menu Item,MENU0029,French Vanilla Latte - Large,,,,0.91,litre,240.0,218.4,Recipe:ING018
Menu Item,MENU0030,Vegan Iced Latte - Regular,,,,0.72,kg,980.0,705.6,Recipe:ING001
Menu Item,MENU0030,Vegan Iced Latte - Regular,,,,40.0,pcs,3.2,128.0,Recipe:ING036
Menu Item,MENU0030,Vegan Iced Latte - Regular,,,,4.8,kg,12.0,57.6,Recipe:ING022
Menu Item,MENU0030,Vegan Iced Latte - Regular,,,,40.0,pcs,1.1,44.0,Recipe:ING038
Menu Item,MENU0030,Vegan Iced Latte - Regular,,,,40.0,pcs,0.32,12.8,Recipe:ING040
Menu Item,MENU0030,Vegan Iced Latte - Regular,,,,7.2,litre,185.0,1332.0,Recipe:ING003
Menu Item,MENU0030,Vegan Iced Latte - Regular,,,,40.0,pcs,0.55,22.0,Recipe:ING039
Menu Item,MENU0030,Vegan Iced Latte - Regular,,,,0.6,litre,90.0,54.0,Recipe:ING019
Menu Item,MENU0031,Vegan Iced Latte - Medium,,,,0.6831,kg,980.0,669.44,Recipe:ING001
Menu Item,MENU0031,Vegan Iced Latte - Medium,,,,33.0,pcs,3.2,105.6,Recipe:ING036
Menu Item,MENU0031,Vegan Iced Latte - Medium,,,,4.554,kg,12.0,54.65,Recipe:ING022
Menu Item,MENU0031,Vegan Iced Latte - Medium,,,,33.0,pcs,1.1,36.3,Recipe:ING038
Menu Item,MENU0031,Vegan Iced Latte - Medium,,,,33.0,pcs,0.32,10.56,Recipe:ING040
Menu Item,MENU0031,Vegan Iced Latte - Medium,,,,6.831,litre,185.0,1263.74,Recipe:ING003
Menu Item,MENU0031,Vegan Iced Latte - Medium,,,,33.0,pcs,0.55,18.15,Recipe:ING039
Menu Item,MENU0031,Vegan Iced Latte - Medium,,,,0.5676,litre,90.0,51.08,Recipe:ING019
Menu Item,MENU0032,Vegan Iced Latte - Large,,,,0.3744,kg,980.0,366.91,Recipe:ING001
Menu Item,MENU0032,Vegan Iced Latte - Large,,,,16.0,pcs,3.2,51.2,Recipe:ING036
Menu Item,MENU0032,Vegan Iced Latte - Large,,,,2.496,kg,12.0,29.95,Recipe:ING022
Menu Item,MENU0032,Vegan Iced Latte - Large,,,,16.0,pcs,1.1,17.6,Recipe:ING038
Menu Item,MENU0032,Vegan Iced Latte - Large,,,,16.0,pcs,0.32,5.12,Recipe:ING040
Menu Item,MENU0032,Vegan Iced Latte - Large,,,,3.744,litre,185.0,692.64,Recipe:ING003
Menu Item,MENU0032,Vegan Iced Latte - Large,,,,16.0,pcs,0.55,8.8,Recipe:ING039
Menu Item,MENU0032,Vegan Iced Latte - Large,,,,0.312,litre,90.0,28.08,Recipe:ING019
Menu Item,MENU0033,Classic Cold Brew - Regular,,,,0.36,kg,980.0,352.8,Recipe:ING001
Menu Item,MENU0033,Classic Cold Brew - Regular,,,,20.0,pcs,3.2,64.0,Recipe:ING036
Menu Item,MENU0033,Classic Cold Brew - Regular,,,,2.4,kg,12.0,28.8,Recipe:ING022
Menu Item,MENU0033,Classic Cold Brew - Regular,,,,20.0,pcs,1.1,22.0,Recipe:ING038
Menu Item,MENU0033,Classic Cold Brew - Regular,,,,20.0,pcs,0.32,6.4,Recipe:ING040
Menu Item,MENU0033,Classic Cold Brew - Regular,,,,20.0,pcs,0.55,11.0,Recipe:ING039
Menu Item,MENU0033,Classic Cold Brew - Regular,,,,0.3,litre,90.0,27.0,Recipe:ING019
Menu Item,MENU0034,Classic Cold Brew - Medium,,,,0.4761,kg,980.0,466.58,Recipe:ING001
Menu Item,MENU0034,Classic Cold Brew - Medium,,,,23.0,pcs,3.2,73.6,Recipe:ING036
Menu Item,MENU0034,Classic Cold Brew - Medium,,,,3.174,kg,12.0,38.09,Recipe:ING022
Menu Item,MENU0034,Classic Cold Brew - Medium,,,,23.0,pcs,1.1,25.3,Recipe:ING038
Menu Item,MENU0034,Classic Cold Brew - Medium,,,,23.0,pcs,0.32,7.36,Recipe:ING040
Menu Item,MENU0034,Classic Cold Brew - Medium,,,,23.0,pcs,0.55,12.65,Recipe:ING039
Menu Item,MENU0034,Classic Cold Brew - Medium,,,,0.3956,litre,90.0,35.6,Recipe:ING019
Menu Item,MENU0035,Classic Cold Brew - Large,,,,0.1404,kg,980.0,137.59,Recipe:ING001
Menu Item,MENU0035,Classic Cold Brew - Large,,,,6.0,pcs,3.2,19.2,Recipe:ING036
Menu Item,MENU0035,Classic Cold Brew - Large,,,,0.936,kg,12.0,11.23,Recipe:ING022
Menu Item,MENU0035,Classic Cold Brew - Large,,,,6.0,pcs,1.1,6.6,Recipe:ING038
Menu Item,MENU0035,Classic Cold Brew - Large,,,,6.0,pcs,0.32,1.92,Recipe:ING040
Menu Item,MENU0035,Classic Cold Brew - Large,,,,6.0,pcs,0.55,3.3,Recipe:ING039
Menu Item,MENU0035,Classic Cold Brew - Large,,,,0.117,litre,90.0,10.53,Recipe:ING019
Menu Item,MENU0036,Coffee Lemonade - Regular,,,,0.288,kg,980.0,282.24,Recipe:ING001
Menu Item,MENU0036,Coffee Lemonade - Regular,,,,16.0,pcs,3.2,51.2,Recipe:ING036
Menu Item,MENU0036,Coffee Lemonade - Regular,,,,1.92,kg,12.0,23.04,Recipe:ING022
Menu Item,MENU0036,Coffee Lemonade - Regular,,,,0.56,kg,110.0,61.6,Recipe:ING023
Menu Item,MENU0036,Coffee Lemonade - Regular,,,,16.0,pcs,1.1,17.6,Recipe:ING038
Menu Item,MENU0036,Coffee Lemonade - Regular,,,,16.0,pcs,0.32,5.12,Recipe:ING040
Menu Item,MENU0036,Coffee Lemonade - Regular,,,,16.0,pcs,0.55,8.8,Recipe:ING039
Menu Item,MENU0036,Coffee Lemonade - Regular,,,,0.24,litre,90.0,21.6,Recipe:ING019
Menu Item,MENU0037,Coffee Lemonade - Medium,,,,0.4347,kg,980.0,426.01,Recipe:ING001
Menu Item,MENU0037,Coffee Lemonade - Medium,,,,21.0,pcs,3.2,67.2,Recipe:ING036
Menu Item,MENU0037,Coffee Lemonade - Medium,,,,2.898,kg,12.0,34.78,Recipe:ING022
Menu Item,MENU0037,Coffee Lemonade - Medium,,,,0.8463,kg,110.0,93.09,Recipe:ING023
Menu Item,MENU0037,Coffee Lemonade - Medium,,,,21.0,pcs,1.1,23.1,Recipe:ING038
Menu Item,MENU0037,Coffee Lemonade - Medium,,,,21.0,pcs,0.32,6.72,Recipe:ING040
Menu Item,MENU0037,Coffee Lemonade - Medium,,,,21.0,pcs,0.55,11.55,Recipe:ING039
Menu Item,MENU0037,Coffee Lemonade - Medium,,,,0.3612,litre,90.0,32.51,Recipe:ING019
Menu Item,MENU0038,Coffee Lemonade - Large,,,,0.3276,kg,980.0,321.05,Recipe:ING001
Menu Item,MENU0038,Coffee Lemonade - Large,,,,14.0,pcs,3.2,44.8,Recipe:ING036
Menu Item,MENU0038,Coffee Lemonade - Large,,,,2.184,kg,12.0,26.21,Recipe:ING022
Menu Item,MENU0038,Coffee Lemonade - Large,,,,0.637,kg,110.0,70.07,Recipe:ING023
Menu Item,MENU0038,Coffee Lemonade - Large,,,,14.0,pcs,1.1,15.4,Recipe:ING038
Menu Item,MENU0038,Coffee Lemonade - Large,,,,14.0,pcs,0.32,4.48,Recipe:ING040
Menu Item,MENU0038,Coffee Lemonade - Large,,,,14.0,pcs,0.55,7.7,Recipe:ING039
Menu Item,MENU0038,Coffee Lemonade - Large,,,,0.273,litre,90.0,24.57,Recipe:ING019
Menu Item,MENU0039,Vietnamese Shakerato - Regular,,,,0.432,kg,980.0,423.36,Recipe:ING001
Menu Item,MENU0039,Vietnamese Shakerato - Regular,,,,24.0,pcs,3.2,76.8,Recipe:ING036
Menu Item,MENU0039,Vietnamese Shakerato - Regular,,,,2.88,kg,12.0,34.56,Recipe:ING022
Menu Item,MENU0039,Vietnamese Shakerato - Regular,,,,24.0,pcs,1.1,26.4,Recipe:ING038
Menu Item,MENU0039,Vietnamese Shakerato - Regular,,,,24.0,pcs,0.32,7.68,Recipe:ING040
Menu Item,MENU0039,Vietnamese Shakerato - Regular,,,,24.0,pcs,0.55,13.2,Recipe:ING039
Menu Item,MENU0039,Vietnamese Shakerato - Regular,,,,0.36,litre,90.0,32.4,Recipe:ING019
Menu Item,MENU0040,Vietnamese Shakerato - Medium,,,,0.3519,kg,980.0,344.86,Recipe:ING001
Menu Item,MENU0040,Vietnamese Shakerato - Medium,,,,17.0,pcs,3.2,54.4,Recipe:ING036
Menu Item,MENU0040,Vietnamese Shakerato - Medium,,,,2.346,kg,12.0,28.15,Recipe:ING022
Menu Item,MENU0040,Vietnamese Shakerato - Medium,,,,17.0,pcs,1.1,18.7,Recipe:ING038
Menu Item,MENU0040,Vietnamese Shakerato - Medium,,,,17.0,pcs,0.32,5.44,Recipe:ING040
Menu Item,MENU0040,Vietnamese Shakerato - Medium,,,,17.0,pcs,0.55,9.35,Recipe:ING039
Menu Item,MENU0040,Vietnamese Shakerato - Medium,,,,0.2924,litre,90.0,26.32,Recipe:ING019
Menu Item,MENU0041,Vietnamese Shakerato - Large,,,,0.351,kg,980.0,343.98,Recipe:ING001
Menu Item,MENU0041,Vietnamese Shakerato - Large,,,,15.0,pcs,3.2,48.0,Recipe:ING036
Menu Item,MENU0041,Vietnamese Shakerato - Large,,,,2.34,kg,12.0,28.08,Recipe:ING022
Menu Item,MENU0041,Vietnamese Shakerato - Large,,,,15.0,pcs,1.1,16.5,Recipe:ING038
Menu Item,MENU0041,Vietnamese Shakerato - Large,,,,15.0,pcs,0.32,4.8,Recipe:ING040
Menu Item,MENU0041,Vietnamese Shakerato - Large,,,,15.0,pcs,0.55,8.25,Recipe:ING039
Menu Item,MENU0041,Vietnamese Shakerato - Large,,,,0.2925,litre,90.0,26.32,Recipe:ING019
Menu Item,MENU0042,Classic Cold Coffee - Regular,,,,0.594,kg,980.0,582.12,Recipe:ING001
Menu Item,MENU0042,Classic Cold Coffee - Regular,,,,33.0,pcs,3.2,105.6,Recipe:ING036
Menu Item,MENU0042,Classic Cold Coffee - Regular,,,,3.96,kg,12.0,47.52,Recipe:ING022
Menu Item,MENU0042,Classic Cold Coffee - Regular,,,,33.0,pcs,1.1,36.3,Recipe:ING038
Menu Item,MENU0042,Classic Cold Coffee - Regular,,,,5.94,litre,72.0,427.68,Recipe:ING002
Menu Item,MENU0042,Classic Cold Coffee - Regular,,,,33.0,pcs,0.32,10.56,Recipe:ING040
Menu Item,MENU0042,Classic Cold Coffee - Regular,,,,33.0,pcs,0.55,18.15,Recipe:ING039
Menu Item,MENU0042,Classic Cold Coffee - Regular,,,,0.495,litre,90.0,44.55,Recipe:ING019
Menu Item,MENU0043,Classic Cold Coffee - Medium,,,,0.6624,kg,980.0,649.15,Recipe:ING001
Menu Item,MENU0043,Classic Cold Coffee - Medium,,,,32.0,pcs,3.2,102.4,Recipe:ING036
Menu Item,MENU0043,Classic Cold Coffee - Medium,,,,4.416,kg,12.0,52.99,Recipe:ING022
Menu Item,MENU0043,Classic Cold Coffee - Medium,,,,32.0,pcs,1.1,35.2,Recipe:ING038
Menu Item,MENU0043,Classic Cold Coffee - Medium,,,,6.624,litre,72.0,476.93,Recipe:ING002
Menu Item,MENU0043,Classic Cold Coffee - Medium,,,,32.0,pcs,0.32,10.24,Recipe:ING040
Menu Item,MENU0043,Classic Cold Coffee - Medium,,,,32.0,pcs,0.55,17.6,Recipe:ING039
Menu Item,MENU0043,Classic Cold Coffee - Medium,,,,0.5504,litre,90.0,49.54,Recipe:ING019
Menu Item,MENU0044,Classic Cold Coffee - Large,,,,0.3744,kg,980.0,366.91,Recipe:ING001
Menu Item,MENU0044,Classic Cold Coffee - Large,,,,16.0,pcs,3.2,51.2,Recipe:ING036
Menu Item,MENU0044,Classic Cold Coffee - Large,,,,2.496,kg,12.0,29.95,Recipe:ING022
Menu Item,MENU0044,Classic Cold Coffee - Large,,,,16.0,pcs,1.1,17.6,Recipe:ING038
Menu Item,MENU0044,Classic Cold Coffee - Large,,,,3.744,litre,72.0,269.57,Recipe:ING002
Menu Item,MENU0044,Classic Cold Coffee - Large,,,,16.0,pcs,0.32,5.12,Recipe:ING040
Menu Item,MENU0044,Classic Cold Coffee - Large,,,,16.0,pcs,0.55,8.8,Recipe:ING039
Menu Item,MENU0044,Classic Cold Coffee - Large,,,,0.312,litre,90.0,28.08,Recipe:ING019
Menu Item,MENU0045,Mocha Cold Coffee - Regular,,,,0.475,litre,260.0,123.5,Recipe:ING016
Menu Item,MENU0045,Mocha Cold Coffee - Regular,,,,0.342,kg,980.0,335.16,Recipe:ING001
Menu Item,MENU0045,Mocha Cold Coffee - Regular,,,,19.0,pcs,3.2,60.8,Recipe:ING036
Menu Item,MENU0045,Mocha Cold Coffee - Regular,,,,2.28,kg,12.0,27.36,Recipe:ING022
Menu Item,MENU0045,Mocha Cold Coffee - Regular,,,,19.0,pcs,1.1,20.9,Recipe:ING038
Menu Item,MENU0045,Mocha Cold Coffee - Regular,,,,3.42,litre,72.0,246.24,Recipe:ING002
Menu Item,MENU0045,Mocha Cold Coffee - Regular,,,,19.0,pcs,0.32,6.08,Recipe:ING040
Menu Item,MENU0045,Mocha Cold Coffee - Regular,,,,19.0,pcs,0.55,10.45,Recipe:ING039
Menu Item,MENU0045,Mocha Cold Coffee - Regular,,,,0.285,litre,90.0,25.65,Recipe:ING019
Menu Item,MENU0046,Mocha Cold Coffee - Medium,,,,0.9184,litre,260.0,238.78,Recipe:ING016
Menu Item,MENU0046,Mocha Cold Coffee - Medium,,,,0.6624,kg,980.0,649.15,Recipe:ING001
Menu Item,MENU0046,Mocha Cold Coffee - Medium,,,,32.0,pcs,3.2,102.4,Recipe:ING036
Menu Item,MENU0046,Mocha Cold Coffee - Medium,,,,4.416,kg,12.0,52.99,Recipe:ING022
Menu Item,MENU0046,Mocha Cold Coffee - Medium,,,,32.0,pcs,1.1,35.2,Recipe:ING038
Menu Item,MENU0046,Mocha Cold Coffee - Medium,,,,6.624,litre,72.0,476.93,Recipe:ING002
Menu Item,MENU0046,Mocha Cold Coffee - Medium,,,,32.0,pcs,0.32,10.24,Recipe:ING040
Menu Item,MENU0046,Mocha Cold Coffee - Medium,,,,32.0,pcs,0.55,17.6,Recipe:ING039
Menu Item,MENU0046,Mocha Cold Coffee - Medium,,,,0.5504,litre,90.0,49.54,Recipe:ING019
Menu Item,MENU0047,Mocha Cold Coffee - Large,,,,0.6175,litre,260.0,160.55,Recipe:ING016
Menu Item,MENU0047,Mocha Cold Coffee - Large,,,,0.4446,kg,980.0,435.71,Recipe:ING001
Menu Item,MENU0047,Mocha Cold Coffee - Large,,,,19.0,pcs,3.2,60.8,Recipe:ING036
Menu Item,MENU0047,Mocha Cold Coffee - Large,,,,2.964,kg,12.0,35.57,Recipe:ING022
Menu Item,MENU0047,Mocha Cold Coffee - Large,,,,19.0,pcs,1.1,20.9,Recipe:ING038
Menu Item,MENU0047,Mocha Cold Coffee - Large,,,,4.446,litre,72.0,320.11,Recipe:ING002
Menu Item,MENU0047,Mocha Cold Coffee - Large,,,,19.0,pcs,0.32,6.08,Recipe:ING040
Menu Item,MENU0047,Mocha Cold Coffee - Large,,,,19.0,pcs,0.55,10.45,Recipe:ING039
Menu Item,MENU0047,Mocha Cold Coffee - Large,,,,0.3705,litre,90.0,33.34,Recipe:ING019
Menu Item,MENU0048,Caramel Cold Coffee - Regular,,,,0.875,litre,250.0,218.75,Recipe:ING017
Menu Item,MENU0048,Caramel Cold Coffee - Regular,,,,0.63,kg,980.0,617.4,Recipe:ING001
Menu Item,MENU0048,Caramel Cold Coffee - Regular,,,,35.0,pcs,3.2,112.0,Recipe:ING036
Menu Item,MENU0048,Caramel Cold Coffee - Regular,,,,4.2,kg,12.0,50.4,Recipe:ING022
Menu Item,MENU0048,Caramel Cold Coffee - Regular,,,,35.0,pcs,1.1,38.5,Recipe:ING038
Menu Item,MENU0048,Caramel Cold Coffee - Regular,,,,6.3,litre,72.0,453.6,Recipe:ING002
Menu Item,MENU0048,Caramel Cold Coffee - Regular,,,,35.0,pcs,0.32,11.2,Recipe:ING040
Menu Item,MENU0048,Caramel Cold Coffee - Regular,,,,35.0,pcs,0.55,19.25,Recipe:ING039
Menu Item,MENU0048,Caramel Cold Coffee - Regular,,,,0.525,litre,90.0,47.25,Recipe:ING019
Menu Item,MENU0049,Caramel Cold Coffee - Medium,,,,0.7749,litre,250.0,193.72,Recipe:ING017
Menu Item,MENU0049,Caramel Cold Coffee - Medium,,,,0.5589,kg,980.0,547.72,Recipe:ING001
Menu Item,MENU0049,Caramel Cold Coffee - Medium,,,,27.0,pcs,3.2,86.4,Recipe:ING036
Menu Item,MENU0049,Caramel Cold Coffee - Medium,,,,3.726,kg,12.0,44.71,Recipe:ING022
Menu Item,MENU0049,Caramel Cold Coffee - Medium,,,,27.0,pcs,1.1,29.7,Recipe:ING038
Menu Item,MENU0049,Caramel Cold Coffee - Medium,,,,5.589,litre,72.0,402.41,Recipe:ING002
Menu Item,MENU0049,Caramel Cold Coffee - Medium,,,,27.0,pcs,0.32,8.64,Recipe:ING040
Menu Item,MENU0049,Caramel Cold Coffee - Medium,,,,27.0,pcs,0.55,14.85,Recipe:ING039
Menu Item,MENU0049,Caramel Cold Coffee - Medium,,,,0.4644,litre,90.0,41.8,Recipe:ING019
Menu Item,MENU0050,Caramel Cold Coffee - Large,,,,0.78,litre,250.0,195.0,Recipe:ING017
Menu Item,MENU0050,Caramel Cold Coffee - Large,,,,0.5616,kg,980.0,550.37,Recipe:ING001
Menu Item,MENU0050,Caramel Cold Coffee - Large,,,,24.0,pcs,3.2,76.8,Recipe:ING036
Menu Item,MENU0050,Caramel Cold Coffee - Large,,,,3.744,kg,12.0,44.93,Recipe:ING022
Menu Item,MENU0050,Caramel Cold Coffee - Large,,,,24.0,pcs,1.1,26.4,Recipe:ING038
Menu Item,MENU0050,Caramel Cold Coffee - Large,,,,5.616,litre,72.0,404.35,Recipe:ING002
Menu Item,MENU0050,Caramel Cold Coffee - Large,,,,24.0,pcs,0.32,7.68,Recipe:ING040
Menu Item,MENU0050,Caramel Cold Coffee - Large,,,,24.0,pcs,0.55,13.2,Recipe:ING039
Menu Item,MENU0050,Caramel Cold Coffee - Large,,,,0.468,litre,90.0,42.12,Recipe:ING019
Menu Item,MENU0051,Masala Chai Latte - Regular,,,,0.324,kg,980.0,317.52,Recipe:ING001
Menu Item,MENU0051,Masala Chai Latte - Regular,,,,18.0,pcs,2.8,50.4,Recipe:ING037
Menu Item,MENU0051,Masala Chai Latte - Regular,,,,18.0,pcs,1.1,19.8,Recipe:ING038
Menu Item,MENU0051,Masala Chai Latte - Regular,,,,3.24,litre,72.0,233.28,Recipe:ING002
Menu Item,MENU0051,Masala Chai Latte - Regular,,,,18.0,pcs,0.32,5.76,Recipe:ING040
Menu Item,MENU0051,Masala Chai Latte - Regular,,,,0.27,litre,90.0,24.3,Recipe:ING019
Menu Item,MENU0052,Masala Chai Latte - Medium,,,,0.3933,kg,980.0,385.43,Recipe:ING001
Menu Item,MENU0052,Masala Chai Latte - Medium,,,,19.0,pcs,2.8,53.2,Recipe:ING037
Menu Item,MENU0052,Masala Chai Latte - Medium,,,,19.0,pcs,1.1,20.9,Recipe:ING038
Menu Item,MENU0052,Masala Chai Latte - Medium,,,,3.933,litre,72.0,283.18,Recipe:ING002
Menu Item,MENU0052,Masala Chai Latte - Medium,,,,19.0,pcs,0.32,6.08,Recipe:ING040
Menu Item,MENU0052,Masala Chai Latte - Medium,,,,0.3268,litre,90.0,29.41,Recipe:ING019
Menu Item,MENU0053,Masala Chai Latte - Large,,,,0.2574,kg,980.0,252.25,Recipe:ING001
Menu Item,MENU0053,Masala Chai Latte - Large,,,,11.0,pcs,2.8,30.8,Recipe:ING037
Menu Item,MENU0053,Masala Chai Latte - Large,,,,11.0,pcs,1.1,12.1,Recipe:ING038
Menu Item,MENU0053,Masala Chai Latte - Large,,,,2.574,litre,72.0,185.33,Recipe:ING002
Menu Item,MENU0053,Masala Chai Latte - Large,,,,11.0,pcs,0.32,3.52,Recipe:ING040
Menu Item,MENU0053,Masala Chai Latte - Large,,,,0.2145,litre,90.0,19.3,Recipe:ING019
Menu Item,MENU0054,Himalayan Green Tea,,,,20.0,pcs,2.8,56.0,Recipe:ING037
Menu Item,MENU0054,Himalayan Green Tea,,,,20.0,pcs,1.1,22.0,Recipe:ING038
Menu Item,MENU0054,Himalayan Green Tea,,,,20.0,pcs,0.32,6.4,Recipe:ING040
Menu Item,MENU0054,Himalayan Green Tea,,,,0.3,litre,90.0,27.0,Recipe:ING019
Menu Item,MENU0054,Himalayan Green Tea,,,,0.1,kg,620.0,62.0,Recipe:ING020
Menu Item,MENU0055,Japanese Matcha Latte - Regular,,,,0.468,kg,980.0,458.64,Recipe:ING001
Menu Item,MENU0055,Japanese Matcha Latte - Regular,,,,26.0,pcs,2.8,72.8,Recipe:ING037
Menu Item,MENU0055,Japanese Matcha Latte - Regular,,,,26.0,pcs,1.1,28.6,Recipe:ING038
Menu Item,MENU0055,Japanese Matcha Latte - Regular,,,,4.68,litre,72.0,336.96,Recipe:ING002
Menu Item,MENU0055,Japanese Matcha Latte - Regular,,,,26.0,pcs,0.32,8.32,Recipe:ING040
Menu Item,MENU0055,Japanese Matcha Latte - Regular,,,,0.39,litre,90.0,35.1,Recipe:ING019
Menu Item,MENU0056,Japanese Matcha Latte - Medium,,,,0.4554,kg,980.0,446.29,Recipe:ING001
Menu Item,MENU0056,Japanese Matcha Latte - Medium,,,,22.0,pcs,2.8,61.6,Recipe:ING037
Menu Item,MENU0056,Japanese Matcha Latte - Medium,,,,22.0,pcs,1.1,24.2,Recipe:ING038
Menu Item,MENU0056,Japanese Matcha Latte - Medium,,,,4.554,litre,72.0,327.89,Recipe:ING002
Menu Item,MENU0056,Japanese Matcha Latte - Medium,,,,22.0,pcs,0.32,7.04,Recipe:ING040
Menu Item,MENU0056,Japanese Matcha Latte - Medium,,,,0.3784,litre,90.0,34.06,Recipe:ING019
Menu Item,MENU0057,Japanese Matcha Latte - Large,,,,0.4212,kg,980.0,412.78,Recipe:ING001
Menu Item,MENU0057,Japanese Matcha Latte - Large,,,,18.0,pcs,2.8,50.4,Recipe:ING037
Menu Item,MENU0057,Japanese Matcha Latte - Large,,,,18.0,pcs,1.1,19.8,Recipe:ING038
Menu Item,MENU0057,Japanese Matcha Latte - Large,,,,4.212,litre,72.0,303.26,Recipe:ING002
Menu Item,MENU0057,Japanese Matcha Latte - Large,,,,18.0,pcs,0.32,5.76,Recipe:ING040
Menu Item,MENU0057,Japanese Matcha Latte - Large,,,,0.351,litre,90.0,31.59,Recipe:ING019
Menu Item,MENU0058,Lemon Iced Tea - Regular,,,,20.0,pcs,3.2,64.0,Recipe:ING036
Menu Item,MENU0058,Lemon Iced Tea - Regular,,,,2.4,kg,12.0,28.8,Recipe:ING022
Menu Item,MENU0058,Lemon Iced Tea - Regular,,,,0.7,kg,110.0,77.0,Recipe:ING023
Menu Item,MENU0058,Lemon Iced Tea - Regular,,,,20.0,pcs,1.1,22.0,Recipe:ING038
Menu Item,MENU0058,Lemon Iced Tea - Regular,,,,20.0,pcs,0.32,6.4,Recipe:ING040
Menu Item,MENU0058,Lemon Iced Tea - Regular,,,,20.0,pcs,0.55,11.0,Recipe:ING039
Menu Item,MENU0058,Lemon Iced Tea - Regular,,,,0.3,litre,90.0,27.0,Recipe:ING019
Menu Item,MENU0058,Lemon Iced Tea - Regular,,,,0.08,kg,620.0,49.6,Recipe:ING020
Menu Item,MENU0059,Lemon Iced Tea - Medium,,,,17.0,pcs,3.2,54.4,Recipe:ING036
Menu Item,MENU0059,Lemon Iced Tea - Medium,,,,2.346,kg,12.0,28.15,Recipe:ING022
Menu Item,MENU0059,Lemon Iced Tea - Medium,,,,0.6851,kg,110.0,75.36,Recipe:ING023
Menu Item,MENU0059,Lemon Iced Tea - Medium,,,,17.0,pcs,1.1,18.7,Recipe:ING038
Menu Item,MENU0059,Lemon Iced Tea - Medium,,,,17.0,pcs,0.32,5.44,Recipe:ING040
Menu Item,MENU0059,Lemon Iced Tea - Medium,,,,17.0,pcs,0.55,9.35,Recipe:ING039
Menu Item,MENU0059,Lemon Iced Tea - Medium,,,,0.2924,litre,90.0,26.32,Recipe:ING019
Menu Item,MENU0059,Lemon Iced Tea - Medium,,,,0.0782,kg,620.0,48.48,Recipe:ING020
Menu Item,MENU0060,Lemon Iced Tea - Large,,,,10.0,pcs,3.2,32.0,Recipe:ING036
Menu Item,MENU0060,Lemon Iced Tea - Large,,,,1.56,kg,12.0,18.72,Recipe:ING022
Menu Item,MENU0060,Lemon Iced Tea - Large,,,,0.455,kg,110.0,50.05,Recipe:ING023
Menu Item,MENU0060,Lemon Iced Tea - Large,,,,10.0,pcs,1.1,11.0,Recipe:ING038
Menu Item,MENU0060,Lemon Iced Tea - Large,,,,10.0,pcs,0.32,3.2,Recipe:ING040
Menu Item,MENU0060,Lemon Iced Tea - Large,,,,10.0,pcs,0.55,5.5,Recipe:ING039
Menu Item,MENU0060,Lemon Iced Tea - Large,,,,0.195,litre,90.0,17.55,Recipe:ING019
Menu Item,MENU0060,Lemon Iced Tea - Large,,,,0.052,kg,620.0,32.24,Recipe:ING020
Menu Item,MENU0061,Hibiscus Lime Iced Tea - Regular,,,,19.0,pcs,3.2,60.8,Recipe:ING036
Menu Item,MENU0061,Hibiscus Lime Iced Tea - Regular,,,,0.665,litre,390.0,259.35,Recipe:ING024
Menu Item,MENU0061,Hibiscus Lime Iced Tea - Regular,,,,2.28,kg,12.0,27.36,Recipe:ING022
Menu Item,MENU0061,Hibiscus Lime Iced Tea - Regular,,,,19.0,pcs,1.1,20.9,Recipe:ING038
Menu Item,MENU0061,Hibiscus Lime Iced Tea - Regular,,,,19.0,pcs,0.32,6.08,Recipe:ING040
Menu Item,MENU0061,Hibiscus Lime Iced Tea - Regular,,,,19.0,pcs,0.55,10.45,Recipe:ING039
Menu Item,MENU0061,Hibiscus Lime Iced Tea - Regular,,,,0.285,litre,90.0,25.65,Recipe:ING019
Menu Item,MENU0061,Hibiscus Lime Iced Tea - Regular,,,,0.076,kg,620.0,47.12,Recipe:ING020
Menu Item,MENU0062,Hibiscus Lime Iced Tea - Medium,,,,19.0,pcs,3.2,60.8,Recipe:ING036
Menu Item,MENU0062,Hibiscus Lime Iced Tea - Medium,,,,0.7657,litre,390.0,298.62,Recipe:ING024
Menu Item,MENU0062,Hibiscus Lime Iced Tea - Medium,,,,2.622,kg,12.0,31.46,Recipe:ING022
Menu Item,MENU0062,Hibiscus Lime Iced Tea - Medium,,,,19.0,pcs,1.1,20.9,Recipe:ING038
Menu Item,MENU0062,Hibiscus Lime Iced Tea - Medium,,,,19.0,pcs,0.32,6.08,Recipe:ING040
Menu Item,MENU0062,Hibiscus Lime Iced Tea - Medium,,,,19.0,pcs,0.55,10.45,Recipe:ING039
Menu Item,MENU0062,Hibiscus Lime Iced Tea - Medium,,,,0.3268,litre,90.0,29.41,Recipe:ING019
Menu Item,MENU0062,Hibiscus Lime Iced Tea - Medium,,,,0.0874,kg,620.0,54.19,Recipe:ING020
Menu Item,MENU0063,Hibiscus Lime Iced Tea - Large,,,,9.0,pcs,3.2,28.8,Recipe:ING036
Menu Item,MENU0063,Hibiscus Lime Iced Tea - Large,,,,0.4095,litre,390.0,159.7,Recipe:ING024
Menu Item,MENU0063,Hibiscus Lime Iced Tea - Large,,,,1.404,kg,12.0,16.85,Recipe:ING022
Menu Item,MENU0063,Hibiscus Lime Iced Tea - Large,,,,9.0,pcs,1.1,9.9,Recipe:ING038
Menu Item,MENU0063,Hibiscus Lime Iced Tea - Large,,,,9.0,pcs,0.32,2.88,Recipe:ING040
Menu Item,MENU0063,Hibiscus Lime Iced Tea - Large,,,,9.0,pcs,0.55,4.95,Recipe:ING039
Menu Item,MENU0063,Hibiscus Lime Iced Tea - Large,,,,0.1755,litre,90.0,15.79,Recipe:ING019
Menu Item,MENU0063,Hibiscus Lime Iced Tea - Large,,,,0.0468,kg,620.0,29.02,Recipe:ING020
Menu Item,MENU0064,Hot Chocolate - Regular,,,,0.24,litre,260.0,62.4,Recipe:ING016
Menu Item,MENU0064,Hot Chocolate - Regular,,,,4.0,pcs,2.8,11.2,Recipe:ING037
Menu Item,MENU0064,Hot Chocolate - Regular,,,,4.0,pcs,1.1,4.4,Recipe:ING038
Menu Item,MENU0064,Hot Chocolate - Regular,,,,0.8,litre,72.0,57.6,Recipe:ING002
Menu Item,MENU0064,Hot Chocolate - Regular,,,,4.0,pcs,0.32,1.28,Recipe:ING040
Menu Item,MENU0064,Hot Chocolate - Regular,,,,0.06,litre,90.0,5.4,Recipe:ING019
Menu Item,MENU0065,Hot Chocolate - Medium,,,,0.207,litre,260.0,53.82,Recipe:ING016
Menu Item,MENU0065,Hot Chocolate - Medium,,,,3.0,pcs,2.8,8.4,Recipe:ING037
Menu Item,MENU0065,Hot Chocolate - Medium,,,,3.0,pcs,1.1,3.3,Recipe:ING038
Menu Item,MENU0065,Hot Chocolate - Medium,,,,0.69,litre,72.0,49.68,Recipe:ING002
Menu Item,MENU0065,Hot Chocolate - Medium,,,,3.0,pcs,0.32,0.96,Recipe:ING040
Menu Item,MENU0065,Hot Chocolate - Medium,,,,0.0516,litre,90.0,4.64,Recipe:ING019
Menu Item,MENU0066,Hot Chocolate - Large,,,,0.078,litre,260.0,20.28,Recipe:ING016
Menu Item,MENU0066,Hot Chocolate - Large,,,,1.0,pcs,2.8,2.8,Recipe:ING037
Menu Item,MENU0066,Hot Chocolate - Large,,,,1.0,pcs,1.1,1.1,Recipe:ING038
Menu Item,MENU0066,Hot Chocolate - Large,,,,0.26,litre,72.0,18.72,Recipe:ING002
Menu Item,MENU0066,Hot Chocolate - Large,,,,1.0,pcs,0.32,0.32,Recipe:ING040
Menu Item,MENU0066,Hot Chocolate - Large,,,,0.0195,litre,90.0,1.75,Recipe:ING019
Menu Item,MENU0067,Babyccino - Regular,,,,3.0,pcs,2.8,8.4,Recipe:ING037
Menu Item,MENU0067,Babyccino - Regular,,,,3.0,pcs,1.1,3.3,Recipe:ING038
Menu Item,MENU0067,Babyccino - Regular,,,,0.36,litre,72.0,25.92,Recipe:ING002
Menu Item,MENU0067,Babyccino - Regular,,,,3.0,pcs,0.32,0.96,Recipe:ING040
Menu Item,MENU0067,Babyccino - Regular,,,,0.045,litre,90.0,4.05,Recipe:ING019
Menu Item,MENU0068,Choco Chip Shake - Regular,,,,0.475,litre,260.0,123.5,Recipe:ING016
Menu Item,MENU0068,Choco Chip Shake - Regular,,,,19.0,pcs,3.2,60.8,Recipe:ING036
Menu Item,MENU0068,Choco Chip Shake - Regular,,,,0.475,litre,210.0,99.75,Recipe:ING004
Menu Item,MENU0068,Choco Chip Shake - Regular,,,,2.28,kg,12.0,27.36,Recipe:ING022
Menu Item,MENU0068,Choco Chip Shake - Regular,,,,19.0,pcs,1.1,20.9,Recipe:ING038
Menu Item,MENU0068,Choco Chip Shake - Regular,,,,3.8,litre,72.0,273.6,Recipe:ING002
Menu Item,MENU0068,Choco Chip Shake - Regular,,,,19.0,pcs,0.32,6.08,Recipe:ING040
Menu Item,MENU0068,Choco Chip Shake - Regular,,,,19.0,pcs,0.55,10.45,Recipe:ING039
Menu Item,MENU0068,Choco Chip Shake - Regular,,,,0.285,litre,90.0,25.65,Recipe:ING019
Menu Item,MENU0069,Choco Chip Shake - Medium,,,,0.8036,litre,260.0,208.94,Recipe:ING016
Menu Item,MENU0069,Choco Chip Shake - Medium,,,,28.0,pcs,3.2,89.6,Recipe:ING036
Menu Item,MENU0069,Choco Chip Shake - Medium,,,,0.8036,litre,210.0,168.76,Recipe:ING004
Menu Item,MENU0069,Choco Chip Shake - Medium,,,,3.864,kg,12.0,46.37,Recipe:ING022
Menu Item,MENU0069,Choco Chip Shake - Medium,,,,28.0,pcs,1.1,30.8,Recipe:ING038
Menu Item,MENU0069,Choco Chip Shake - Medium,,,,6.44,litre,72.0,463.68,Recipe:ING002
Menu Item,MENU0069,Choco Chip Shake - Medium,,,,28.0,pcs,0.32,8.96,Recipe:ING040
Menu Item,MENU0069,Choco Chip Shake - Medium,,,,28.0,pcs,0.55,15.4,Recipe:ING039
Menu Item,MENU0069,Choco Chip Shake - Medium,,,,0.4816,litre,90.0,43.34,Recipe:ING019
Menu Item,MENU0070,Choco Chip Shake - Large,,,,0.4225,litre,260.0,109.85,Recipe:ING016
Menu Item,MENU0070,Choco Chip Shake - Large,,,,13.0,pcs,3.2,41.6,Recipe:ING036
Menu Item,MENU0070,Choco Chip Shake - Large,,,,0.4225,litre,210.0,88.72,Recipe:ING004
Menu Item,MENU0070,Choco Chip Shake - Large,,,,2.028,kg,12.0,24.34,Recipe:ING022
Menu Item,MENU0070,Choco Chip Shake - Large,,,,13.0,pcs,1.1,14.3,Recipe:ING038
Menu Item,MENU0070,Choco Chip Shake - Large,,,,3.38,litre,72.0,243.36,Recipe:ING002
Menu Item,MENU0070,Choco Chip Shake - Large,,,,13.0,pcs,0.32,4.16,Recipe:ING040
Menu Item,MENU0070,Choco Chip Shake - Large,,,,13.0,pcs,0.55,7.15,Recipe:ING039
Menu Item,MENU0070,Choco Chip Shake - Large,,,,0.2535,litre,90.0,22.82,Recipe:ING019
Menu Item,MENU0071,Mixed Berry Shake - Regular,,,,25.0,pcs,3.2,80.0,Recipe:ING036
Menu Item,MENU0071,Mixed Berry Shake - Regular,,,,0.625,litre,210.0,131.25,Recipe:ING004
Menu Item,MENU0071,Mixed Berry Shake - Regular,,,,3.0,kg,12.0,36.0,Recipe:ING022
Menu Item,MENU0071,Mixed Berry Shake - Regular,,,,25.0,pcs,1.1,27.5,Recipe:ING038
Menu Item,MENU0071,Mixed Berry Shake - Regular,,,,5.0,litre,72.0,360.0,Recipe:ING002
Menu Item,MENU0071,Mixed Berry Shake - Regular,,,,2.0,kg,420.0,840.0,Recipe:ING025
Menu Item,MENU0071,Mixed Berry Shake - Regular,,,,25.0,pcs,0.32,8.0,Recipe:ING040
Menu Item,MENU0071,Mixed Berry Shake - Regular,,,,25.0,pcs,0.55,13.75,Recipe:ING039
Menu Item,MENU0071,Mixed Berry Shake - Regular,,,,0.375,litre,90.0,33.75,Recipe:ING019
Menu Item,MENU0072,Mixed Berry Shake - Medium,,,,16.0,pcs,3.2,51.2,Recipe:ING036
Menu Item,MENU0072,Mixed Berry Shake - Medium,,,,0.4592,litre,210.0,96.43,Recipe:ING004
Menu Item,MENU0072,Mixed Berry Shake - Medium,,,,2.208,kg,12.0,26.5,Recipe:ING022
Menu Item,MENU0072,Mixed Berry Shake - Medium,,,,16.0,pcs,1.1,17.6,Recipe:ING038
Menu Item,MENU0072,Mixed Berry Shake - Medium,,,,3.68,litre,72.0,264.96,Recipe:ING002
Menu Item,MENU0072,Mixed Berry Shake - Medium,,,,1.472,kg,420.0,618.24,Recipe:ING025
Menu Item,MENU0072,Mixed Berry Shake - Medium,,,,16.0,pcs,0.32,5.12,Recipe:ING040
Menu Item,MENU0072,Mixed Berry Shake - Medium,,,,16.0,pcs,0.55,8.8,Recipe:ING039
Menu Item,MENU0072,Mixed Berry Shake - Medium,,,,0.2752,litre,90.0,24.77,Recipe:ING019
Menu Item,MENU0073,Mixed Berry Shake - Large,,,,11.0,pcs,3.2,35.2,Recipe:ING036
Menu Item,MENU0073,Mixed Berry Shake - Large,,,,0.3575,litre,210.0,75.08,Recipe:ING004
Menu Item,MENU0073,Mixed Berry Shake - Large,,,,1.716,kg,12.0,20.59,Recipe:ING022
Menu Item,MENU0073,Mixed Berry Shake - Large,,,,11.0,pcs,1.1,12.1,Recipe:ING038
Menu Item,MENU0073,Mixed Berry Shake - Large,,,,2.86,litre,72.0,205.92,Recipe:ING002
Menu Item,MENU0073,Mixed Berry Shake - Large,,,,1.144,kg,420.0,480.48,Recipe:ING025
Menu Item,MENU0073,Mixed Berry Shake - Large,,,,11.0,pcs,0.32,3.52,Recipe:ING040
Menu Item,MENU0073,Mixed Berry Shake - Large,,,,11.0,pcs,0.55,6.05,Recipe:ING039
Menu Item,MENU0073,Mixed Berry Shake - Large,,,,0.2145,litre,90.0,19.3,Recipe:ING019
Menu Item,MENU0074,Seasonal Smoothie - Regular,,,,1.68,kg,72.0,120.96,Recipe:ING026
Menu Item,MENU0074,Seasonal Smoothie - Regular,,,,21.0,pcs,3.2,67.2,Recipe:ING036
Menu Item,MENU0074,Seasonal Smoothie - Regular,,,,0.525,litre,210.0,110.25,Recipe:ING004
Menu Item,MENU0074,Seasonal Smoothie - Regular,,,,2.52,kg,12.0,30.24,Recipe:ING022
Menu Item,MENU0074,Seasonal Smoothie - Regular,,,,21.0,pcs,1.1,23.1,Recipe:ING038
Menu Item,MENU0074,Seasonal Smoothie - Regular,,,,4.2,litre,72.0,302.4,Recipe:ING002
Menu Item,MENU0074,Seasonal Smoothie - Regular,,,,21.0,pcs,0.32,6.72,Recipe:ING040
Menu Item,MENU0074,Seasonal Smoothie - Regular,,,,21.0,pcs,0.55,11.55,Recipe:ING039
Menu Item,MENU0074,Seasonal Smoothie - Regular,,,,0.315,litre,90.0,28.35,Recipe:ING019
Menu Item,MENU0075,Seasonal Smoothie - Medium,,,,1.38,kg,72.0,99.36,Recipe:ING026
Menu Item,MENU0075,Seasonal Smoothie - Medium,,,,15.0,pcs,3.2,48.0,Recipe:ING036
Menu Item,MENU0075,Seasonal Smoothie - Medium,,,,0.4305,litre,210.0,90.41,Recipe:ING004
Menu Item,MENU0075,Seasonal Smoothie - Medium,,,,2.07,kg,12.0,24.84,Recipe:ING022
Menu Item,MENU0075,Seasonal Smoothie - Medium,,,,15.0,pcs,1.1,16.5,Recipe:ING038
Menu Item,MENU0075,Seasonal Smoothie - Medium,,,,3.45,litre,72.0,248.4,Recipe:ING002
Menu Item,MENU0075,Seasonal Smoothie - Medium,,,,15.0,pcs,0.32,4.8,Recipe:ING040
Menu Item,MENU0075,Seasonal Smoothie - Medium,,,,15.0,pcs,0.55,8.25,Recipe:ING039
Menu Item,MENU0075,Seasonal Smoothie - Medium,,,,0.258,litre,90.0,23.22,Recipe:ING019
Menu Item,MENU0076,Seasonal Smoothie - Large,,,,0.936,kg,72.0,67.39,Recipe:ING026
Menu Item,MENU0076,Seasonal Smoothie - Large,,,,9.0,pcs,3.2,28.8,Recipe:ING036
Menu Item,MENU0076,Seasonal Smoothie - Large,,,,0.2925,litre,210.0,61.42,Recipe:ING004
Menu Item,MENU0076,Seasonal Smoothie - Large,,,,1.404,kg,12.0,16.85,Recipe:ING022
Menu Item,MENU0076,Seasonal Smoothie - Large,,,,9.0,pcs,1.1,9.9,Recipe:ING038
Menu Item,MENU0076,Seasonal Smoothie - Large,,,,2.34,litre,72.0,168.48,Recipe:ING002
Menu Item,MENU0076,Seasonal Smoothie - Large,,,,9.0,pcs,0.32,2.88,Recipe:ING040
Menu Item,MENU0076,Seasonal Smoothie - Large,,,,9.0,pcs,0.55,4.95,Recipe:ING039
Menu Item,MENU0076,Seasonal Smoothie - Large,,,,0.1755,litre,90.0,15.79,Recipe:ING019
Menu Item,MENU0077,Spicy Paneer Wrap,,,,0.475,kg,84.0,39.9,Recipe:ING030
Menu Item,MENU0077,Spicy Paneer Wrap,,,,0.475,kg,280.0,133.0,Recipe:ING033
Menu Item,MENU0077,Spicy Paneer Wrap,,,,0.475,kg,95.0,45.12,Recipe:ING028
Menu Item,MENU0077,Spicy Paneer Wrap,,,,38.0,pcs,0.32,12.16,Recipe:ING040
Menu Item,MENU0077,Spicy Paneer Wrap,,,,0.38,kg,42.0,15.96,Recipe:ING029
Menu Item,MENU0077,Spicy Paneer Wrap,,,,2.09,kg,360.0,752.4,Recipe:ING005
Menu Item,MENU0077,Spicy Paneer Wrap,,,,19.0,pcs,15.0,285.0,Recipe:ING011
Menu Item,MENU0077,Spicy Paneer Wrap,,,,19.0,pcs,5.8,110.2,Recipe:ING043
Menu Item,MENU0078,Shredded Chicken Wrap,,,,0.7,kg,84.0,58.8,Recipe:ING030
Menu Item,MENU0078,Shredded Chicken Wrap,,,,3.08,kg,330.0,1016.4,Recipe:ING007
Menu Item,MENU0078,Shredded Chicken Wrap,,,,0.7,kg,280.0,196.0,Recipe:ING033
Menu Item,MENU0078,Shredded Chicken Wrap,,,,0.7,kg,95.0,66.5,Recipe:ING028
Menu Item,MENU0078,Shredded Chicken Wrap,,,,56.0,pcs,0.32,17.92,Recipe:ING040
Menu Item,MENU0078,Shredded Chicken Wrap,,,,0.56,kg,42.0,23.52,Recipe:ING029
Menu Item,MENU0078,Shredded Chicken Wrap,,,,28.0,pcs,15.0,420.0,Recipe:ING011
Menu Item,MENU0078,Shredded Chicken Wrap,,,,28.0,pcs,5.8,162.4,Recipe:ING043
Menu Item,MENU0079,Smoked Chipotle Paneer Sandwich,,,,52.0,pcs,12.0,624.0,Recipe:ING009
Menu Item,MENU0079,Smoked Chipotle Paneer Sandwich,,,,0.78,kg,480.0,374.4,Recipe:ING006
Menu Item,MENU0079,Smoked Chipotle Paneer Sandwich,,,,0.52,kg,280.0,145.6,Recipe:ING033
Menu Item,MENU0079,Smoked Chipotle Paneer Sandwich,,,,0.52,kg,95.0,49.4,Recipe:ING028
Menu Item,MENU0079,Smoked Chipotle Paneer Sandwich,,,,52.0,pcs,0.32,16.64,Recipe:ING040
Menu Item,MENU0079,Smoked Chipotle Paneer Sandwich,,,,2.6,kg,360.0,936.0,Recipe:ING005
Menu Item,MENU0079,Smoked Chipotle Paneer Sandwich,,,,26.0,pcs,6.5,169.0,Recipe:ING042
Menu Item,MENU0079,Smoked Chipotle Paneer Sandwich,,,,0.78,kg,54.0,42.12,Recipe:ING031
Menu Item,MENU0080,Pesto Veg Sandwich,,,,36.0,pcs,12.0,432.0,Recipe:ING009
Menu Item,MENU0080,Pesto Veg Sandwich,,,,0.54,kg,480.0,259.2,Recipe:ING006
Menu Item,MENU0080,Pesto Veg Sandwich,,,,0.36,kg,95.0,34.2,Recipe:ING028
Menu Item,MENU0080,Pesto Veg Sandwich,,,,36.0,pcs,0.32,11.52,Recipe:ING040
Menu Item,MENU0080,Pesto Veg Sandwich,,,,1.8,kg,360.0,648.0,Recipe:ING005
Menu Item,MENU0080,Pesto Veg Sandwich,,,,0.36,kg,340.0,122.4,Recipe:ING032
Menu Item,MENU0080,Pesto Veg Sandwich,,,,18.0,pcs,6.5,117.0,Recipe:ING042
Menu Item,MENU0080,Pesto Veg Sandwich,,,,0.54,kg,54.0,29.16,Recipe:ING031
Menu Item,MENU0081,Pepper Chicken Sandwich,,,,22.0,pcs,12.0,264.0,Recipe:ING009
Menu Item,MENU0081,Pepper Chicken Sandwich,,,,0.33,kg,480.0,158.4,Recipe:ING006
Menu Item,MENU0081,Pepper Chicken Sandwich,,,,1.1,kg,330.0,363.0,Recipe:ING007
Menu Item,MENU0081,Pepper Chicken Sandwich,,,,0.22,kg,280.0,61.6,Recipe:ING033
Menu Item,MENU0081,Pepper Chicken Sandwich,,,,0.22,kg,95.0,20.9,Recipe:ING028
Menu Item,MENU0081,Pepper Chicken Sandwich,,,,22.0,pcs,0.32,7.04,Recipe:ING040
Menu Item,MENU0081,Pepper Chicken Sandwich,,,,11.0,pcs,6.5,71.5,Recipe:ING042
Menu Item,MENU0081,Pepper Chicken Sandwich,,,,0.33,kg,54.0,17.82,Recipe:ING031
Menu Item,MENU0082,Tandoori Chicken Sandwich,,,,54.0,pcs,12.0,648.0,Recipe:ING009
Menu Item,MENU0082,Tandoori Chicken Sandwich,,,,0.81,kg,480.0,388.8,Recipe:ING006
Menu Item,MENU0082,Tandoori Chicken Sandwich,,,,2.7,kg,330.0,891.0,Recipe:ING007
Menu Item,MENU0082,Tandoori Chicken Sandwich,,,,0.54,kg,280.0,151.2,Recipe:ING033
Menu Item,MENU0082,Tandoori Chicken Sandwich,,,,0.54,kg,95.0,51.3,Recipe:ING028
Menu Item,MENU0082,Tandoori Chicken Sandwich,,,,54.0,pcs,0.32,17.28,Recipe:ING040
Menu Item,MENU0082,Tandoori Chicken Sandwich,,,,27.0,pcs,6.5,175.5,Recipe:ING042
Menu Item,MENU0082,Tandoori Chicken Sandwich,,,,0.81,kg,54.0,43.74,Recipe:ING031
Menu Item,MENU0083,Chilli Cheese Garlic Toast,,,,0.18,kg,310.0,55.8,Recipe:ING035
Menu Item,MENU0083,Chilli Cheese Garlic Toast,,,,9.0,pcs,12.0,108.0,Recipe:ING009
Menu Item,MENU0083,Chilli Cheese Garlic Toast,,,,0.315,kg,480.0,151.2,Recipe:ING006
Menu Item,MENU0083,Chilli Cheese Garlic Toast,,,,18.0,pcs,0.32,5.76,Recipe:ING040
Menu Item,MENU0083,Chilli Cheese Garlic Toast,,,,9.0,pcs,6.5,58.5,Recipe:ING042
Menu Item,MENU0084,Chicken Pepperoni Avocado Toast,,,,0.26,kg,310.0,80.6,Recipe:ING035
Menu Item,MENU0084,Chicken Pepperoni Avocado Toast,,,,13.0,pcs,12.0,156.0,Recipe:ING009
Menu Item,MENU0084,Chicken Pepperoni Avocado Toast,,,,0.455,kg,480.0,218.4,Recipe:ING006
Menu Item,MENU0084,Chicken Pepperoni Avocado Toast,,,,1.04,kg,330.0,343.2,Recipe:ING007
Menu Item,MENU0084,Chicken Pepperoni Avocado Toast,,,,26.0,pcs,0.32,8.32,Recipe:ING040
Menu Item,MENU0084,Chicken Pepperoni Avocado Toast,,,,13.0,pcs,6.5,84.5,Recipe:ING042
Menu Item,MENU0085,Hummus and Pita Platter,,,,0.18,kg,310.0,55.8,Recipe:ING035
Menu Item,MENU0085,Hummus and Pita Platter,,,,12.0,pcs,12.0,144.0,Recipe:ING009
Menu Item,MENU0085,Hummus and Pita Platter,,,,0.18,kg,95.0,17.1,Recipe:ING028
Menu Item,MENU0085,Hummus and Pita Platter,,,,12.0,pcs,0.32,3.84,Recipe:ING040
Menu Item,MENU0085,Hummus and Pita Platter,,,,6.0,pcs,6.5,39.0,Recipe:ING042
Menu Item,MENU0085,Hummus and Pita Platter,,,,0.24,kg,54.0,12.96,Recipe:ING031
Menu Item,MENU0086,Breakfast Pancakes,,,,0.25,kg,520.0,130.0,Recipe:ING027
Menu Item,MENU0086,Breakfast Pancakes,,,,10.0,pcs,46.0,460.0,Recipe:ING014
Menu Item,MENU0086,Breakfast Pancakes,,,,10.0,pcs,5.0,50.0,Recipe:ING041
Menu Item,MENU0086,Breakfast Pancakes,,,,20.0,pcs,0.32,6.4,Recipe:ING040
Menu Item,MENU0086,Breakfast Pancakes,,,,0.25,litre,90.0,22.5,Recipe:ING019
Menu Item,MENU0087,Cream Cheese Bagel,,,,12.0,pcs,28.0,336.0,Recipe:ING010
Menu Item,MENU0087,Cream Cheese Bagel,,,,0.3,kg,480.0,144.0,Recipe:ING006
Menu Item,MENU0087,Cream Cheese Bagel,,,,0.42,litre,210.0,88.2,Recipe:ING004
Menu Item,MENU0087,Cream Cheese Bagel,,,,24.0,pcs,0.32,7.68,Recipe:ING040
Menu Item,MENU0087,Cream Cheese Bagel,,,,12.0,pcs,6.5,78.0,Recipe:ING042
Menu Item,MENU0088,Scallion Pepper Cream Cheese Bagel,,,,11.0,pcs,28.0,308.0,Recipe:ING010
Menu Item,MENU0088,Scallion Pepper Cream Cheese Bagel,,,,0.275,kg,480.0,132.0,Recipe:ING006
Menu Item,MENU0088,Scallion Pepper Cream Cheese Bagel,,,,0.385,litre,210.0,80.85,Recipe:ING004
Menu Item,MENU0088,Scallion Pepper Cream Cheese Bagel,,,,22.0,pcs,0.32,7.04,Recipe:ING040
Menu Item,MENU0088,Scallion Pepper Cream Cheese Bagel,,,,11.0,pcs,6.5,71.5,Recipe:ING042
Menu Item,MENU0089,Masala Egg Bun,,,,11.0,pcs,12.0,132.0,Recipe:ING009
Menu Item,MENU0089,Masala Egg Bun,,,,0.22,kg,480.0,105.6,Recipe:ING006
Menu Item,MENU0089,Masala Egg Bun,,,,22.0,pcs,7.0,154.0,Recipe:ING008
Menu Item,MENU0089,Masala Egg Bun,,,,22.0,pcs,0.32,7.04,Recipe:ING040
Menu Item,MENU0089,Masala Egg Bun,,,,11.0,pcs,6.5,71.5,Recipe:ING042
Menu Item,MENU0090,Marinara Cheese Pin Wheels,,,,10.0,pcs,12.0,120.0,Recipe:ING009
Menu Item,MENU0090,Marinara Cheese Pin Wheels,,,,0.3,kg,480.0,144.0,Recipe:ING006
Menu Item,MENU0090,Marinara Cheese Pin Wheels,,,,20.0,pcs,0.32,6.4,Recipe:ING040
Menu Item,MENU0090,Marinara Cheese Pin Wheels,,,,0.25,kg,190.0,47.5,Recipe:ING034
Menu Item,MENU0090,Marinara Cheese Pin Wheels,,,,10.0,pcs,6.5,65.0,Recipe:ING042
Menu Item,MENU0091,Pesto Sundried Tomato Pin Wheel,,,,10.0,pcs,12.0,120.0,Recipe:ING009
Menu Item,MENU0091,Pesto Sundried Tomato Pin Wheel,,,,0.3,kg,480.0,144.0,Recipe:ING006
Menu Item,MENU0091,Pesto Sundried Tomato Pin Wheel,,,,20.0,pcs,0.32,6.4,Recipe:ING040
Menu Item,MENU0091,Pesto Sundried Tomato Pin Wheel,,,,0.25,kg,340.0,85.0,Recipe:ING032
Menu Item,MENU0091,Pesto Sundried Tomato Pin Wheel,,,,10.0,pcs,6.5,65.0,Recipe:ING042
Menu Item,MENU0092,Turnover with Brioche Dough Chicken,,,,0.225,kg,480.0,108.0,Recipe:ING006
Menu Item,MENU0092,Turnover with Brioche Dough Chicken,,,,0.72,kg,330.0,237.6,Recipe:ING007
Menu Item,MENU0092,Turnover with Brioche Dough Chicken,,,,9.0,pcs,42.0,378.0,Recipe:ING012
Menu Item,MENU0092,Turnover with Brioche Dough Chicken,,,,18.0,pcs,0.32,5.76,Recipe:ING040
Menu Item,MENU0092,Turnover with Brioche Dough Chicken,,,,9.0,pcs,6.5,58.5,Recipe:ING042
Menu Item,MENU0093,Turnover with Brioche Dough Veg,,,,0.225,kg,480.0,108.0,Recipe:ING006
Menu Item,MENU0093,Turnover with Brioche Dough Veg,,,,9.0,pcs,42.0,378.0,Recipe:ING012
Menu Item,MENU0093,Turnover with Brioche Dough Veg,,,,18.0,pcs,0.32,5.76,Recipe:ING040
Menu Item,MENU0093,Turnover with Brioche Dough Veg,,,,0.72,kg,360.0,259.2,Recipe:ING005
Menu Item,MENU0093,Turnover with Brioche Dough Veg,,,,9.0,pcs,6.5,58.5,Recipe:ING042
Menu Item,MENU0094,Butter Croissant,,,,0.8,kg,520.0,416.0,Recipe:ING027
Menu Item,MENU0094,Butter Croissant,,,,40.0,pcs,42.0,1680.0,Recipe:ING012
Menu Item,MENU0094,Butter Croissant,,,,40.0,pcs,5.0,200.0,Recipe:ING041
Menu Item,MENU0094,Butter Croissant,,,,80.0,pcs,0.32,25.6,Recipe:ING040
Menu Item,MENU0095,Almond Croissant,,,,0.36,kg,520.0,187.2,Recipe:ING027
Menu Item,MENU0095,Almond Croissant,,,,18.0,pcs,42.0,756.0,Recipe:ING012
Menu Item,MENU0095,Almond Croissant,,,,18.0,pcs,5.0,90.0,Recipe:ING041
Menu Item,MENU0095,Almond Croissant,,,,36.0,pcs,0.32,11.52,Recipe:ING040
Menu Item,MENU0096,Chocolate Croissant,,,,0.44,kg,520.0,228.8,Recipe:ING027
Menu Item,MENU0096,Chocolate Croissant,,,,0.55,litre,260.0,143.0,Recipe:ING016
Menu Item,MENU0096,Chocolate Croissant,,,,22.0,pcs,42.0,924.0,Recipe:ING012
Menu Item,MENU0096,Chocolate Croissant,,,,22.0,pcs,5.0,110.0,Recipe:ING041
Menu Item,MENU0096,Chocolate Croissant,,,,44.0,pcs,0.32,14.08,Recipe:ING040
Menu Item,MENU0097,Mushroom Cheese Croissant,,,,0.62,kg,520.0,322.4,Recipe:ING027
Menu Item,MENU0097,Mushroom Cheese Croissant,,,,1.085,kg,480.0,520.8,Recipe:ING006
Menu Item,MENU0097,Mushroom Cheese Croissant,,,,31.0,pcs,42.0,1302.0,Recipe:ING012
Menu Item,MENU0097,Mushroom Cheese Croissant,,,,31.0,pcs,5.0,155.0,Recipe:ING041
Menu Item,MENU0097,Mushroom Cheese Croissant,,,,62.0,pcs,0.32,19.84,Recipe:ING040
Menu Item,MENU0098,Sriracha Chicken Croissant,,,,0.5,kg,520.0,260.0,Recipe:ING027
Menu Item,MENU0098,Sriracha Chicken Croissant,,,,1.75,kg,330.0,577.5,Recipe:ING007
Menu Item,MENU0098,Sriracha Chicken Croissant,,,,25.0,pcs,42.0,1050.0,Recipe:ING012
Menu Item,MENU0098,Sriracha Chicken Croissant,,,,25.0,pcs,5.0,125.0,Recipe:ING041
Menu Item,MENU0098,Sriracha Chicken Croissant,,,,50.0,pcs,0.32,16.0,Recipe:ING040
Menu Item,MENU0099,Cinnamon Roll with Cream Cheese,,,,0.375,litre,210.0,78.75,Recipe:ING004
Menu Item,MENU0099,Cinnamon Roll with Cream Cheese,,,,15.0,pcs,42.0,630.0,Recipe:ING012
Menu Item,MENU0099,Cinnamon Roll with Cream Cheese,,,,15.0,pcs,5.0,75.0,Recipe:ING041
Menu Item,MENU0099,Cinnamon Roll with Cream Cheese,,,,15.0,pcs,0.32,4.8,Recipe:ING040
Menu Item,MENU0100,Banana Walnut Tea Cake,,,,1.68,kg,72.0,120.96,Recipe:ING026
Menu Item,MENU0100,Banana Walnut Tea Cake,,,,24.0,pcs,46.0,1104.0,Recipe:ING014
Menu Item,MENU0100,Banana Walnut Tea Cake,,,,0.6,litre,210.0,126.0,Recipe:ING004
Menu Item,MENU0100,Banana Walnut Tea Cake,,,,24.0,pcs,5.0,120.0,Recipe:ING041
Menu Item,MENU0100,Banana Walnut Tea Cake,,,,24.0,pcs,0.32,7.68,Recipe:ING040
Menu Item,MENU0101,Lemon Raspberry Tea Cake,,,,19.0,pcs,46.0,874.0,Recipe:ING014
Menu Item,MENU0101,Lemon Raspberry Tea Cake,,,,0.475,litre,210.0,99.75,Recipe:ING004
Menu Item,MENU0101,Lemon Raspberry Tea Cake,,,,19.0,pcs,5.0,95.0,Recipe:ING041
Menu Item,MENU0101,Lemon Raspberry Tea Cake,,,,19.0,pcs,0.32,6.08,Recipe:ING040
Menu Item,MENU0102,Double Chocolate Truffle Cake,,,,23.0,pcs,46.0,1058.0,Recipe:ING014
Menu Item,MENU0102,Double Chocolate Truffle Cake,,,,0.575,litre,260.0,149.5,Recipe:ING016
Menu Item,MENU0102,Double Chocolate Truffle Cake,,,,0.575,litre,210.0,120.75,Recipe:ING004
Menu Item,MENU0102,Double Chocolate Truffle Cake,,,,23.0,pcs,5.0,115.0,Recipe:ING041
Menu Item,MENU0102,Double Chocolate Truffle Cake,,,,23.0,pcs,0.32,7.36,Recipe:ING040
Menu Item,MENU0103,Banoffee Pie,,,,28.0,pcs,46.0,1288.0,Recipe:ING014
Menu Item,MENU0103,Banoffee Pie,,,,0.7,litre,210.0,147.0,Recipe:ING004
Menu Item,MENU0103,Banoffee Pie,,,,28.0,pcs,5.0,140.0,Recipe:ING041
Menu Item,MENU0103,Banoffee Pie,,,,28.0,pcs,0.32,8.96,Recipe:ING040
Menu Item,MENU0104,Classic Chocolate Fudge Brownie,,,,26.0,pcs,34.0,884.0,Recipe:ING013
Menu Item,MENU0104,Classic Chocolate Fudge Brownie,,,,1.17,litre,260.0,304.2,Recipe:ING016
Menu Item,MENU0104,Classic Chocolate Fudge Brownie,,,,26.0,pcs,5.0,130.0,Recipe:ING041
Menu Item,MENU0104,Classic Chocolate Fudge Brownie,,,,26.0,pcs,0.32,8.32,Recipe:ING040
Menu Item,MENU0105,Soft-Centred Caramel Cookie,,,,0.6,kg,520.0,312.0,Recipe:ING027
Menu Item,MENU0105,Soft-Centred Caramel Cookie,,,,16.5,pcs,46.0,759.0,Recipe:ING014
Menu Item,MENU0105,Soft-Centred Caramel Cookie,,,,0.6,litre,250.0,150.0,Recipe:ING017
Menu Item,MENU0105,Soft-Centred Caramel Cookie,,,,30.0,pcs,5.0,150.0,Recipe:ING041
Menu Item,MENU0105,Soft-Centred Caramel Cookie,,,,30.0,pcs,0.32,9.6,Recipe:ING040
Menu Item,MENU0106,Death by Chocolate Cookie,,,,0.56,kg,520.0,291.2,Recipe:ING027
Menu Item,MENU0106,Death by Chocolate Cookie,,,,15.4,pcs,46.0,708.4,Recipe:ING014
Menu Item,MENU0106,Death by Chocolate Cookie,,,,0.7,litre,260.0,182.0,Recipe:ING016
Menu Item,MENU0106,Death by Chocolate Cookie,,,,28.0,pcs,5.0,140.0,Recipe:ING041
Menu Item,MENU0106,Death by Chocolate Cookie,,,,28.0,pcs,0.32,8.96,Recipe:ING040
Menu Item,MENU0107,Jaggery Parmesan Cookie,,,,0.56,kg,520.0,291.2,Recipe:ING027
Menu Item,MENU0107,Jaggery Parmesan Cookie,,,,15.4,pcs,46.0,708.4,Recipe:ING014
Menu Item,MENU0107,Jaggery Parmesan Cookie,,,,28.0,pcs,5.0,140.0,Recipe:ING041
Menu Item,MENU0107,Jaggery Parmesan Cookie,,,,28.0,pcs,0.32,8.96,Recipe:ING040
Menu Item,MENU0108,Apple Pie,,,,30.0,pcs,46.0,1380.0,Recipe:ING014
Menu Item,MENU0108,Apple Pie,,,,0.75,litre,210.0,157.5,Recipe:ING004
Menu Item,MENU0108,Apple Pie,,,,30.0,pcs,5.0,150.0,Recipe:ING041
Menu Item,MENU0108,Apple Pie,,,,30.0,pcs,0.32,9.6,Recipe:ING040
Menu Item,MENU0109,Basque Cheesecake,,,,22.0,pcs,72.0,1584.0,Recipe:ING015
Menu Item,MENU0109,Basque Cheesecake,,,,0.55,litre,210.0,115.5,Recipe:ING004
Menu Item,MENU0109,Basque Cheesecake,,,,22.0,pcs,5.0,110.0,Recipe:ING041
Menu Item,MENU0109,Basque Cheesecake,,,,22.0,pcs,0.32,7.04,Recipe:ING040
Menu Item,MENU0110,Multigrain Walnut Tea Cake,,,,22.0,pcs,46.0,1012.0,Recipe:ING014
Menu Item,MENU0110,Multigrain Walnut Tea Cake,,,,0.55,litre,210.0,115.5,Recipe:ING004
Menu Item,MENU0110,Multigrain Walnut Tea Cake,,,,22.0,pcs,5.0,110.0,Recipe:ING041
Menu Item,MENU0110,Multigrain Walnut Tea Cake,,,,22.0,pcs,0.32,7.04,Recipe:ING040
Menu Item,MENU0001,Espresso Shot - Solo,,,,0.0288,kg,980.0,28.22,Recipe:ING001
Menu Item,MENU0001,Espresso Shot - Solo,,,,3.0,pcs,2.8,8.4,Recipe:ING037
Menu Item,MENU0001,Espresso Shot - Solo,,,,3.0,pcs,1.1,3.3,Recipe:ING038
Menu Item,MENU0001,Espresso Shot - Solo,,,,3.0,pcs,0.32,0.96,Recipe:ING040
Menu Item,MENU0002,Espresso Shot - Doppio,,,,0.1218,kg,980.0,119.36,Recipe:ING001
Menu Item,MENU0002,Espresso Shot - Doppio,,,,7.0,pcs,2.8,19.6,Recipe:ING037
Menu Item,MENU0002,Espresso Shot - Doppio,,,,7.0,pcs,1.1,7.7,Recipe:ING038
Menu Item,MENU0002,Espresso Shot - Doppio,,,,7.0,pcs,0.32,2.24,Recipe:ING040
Menu Item,MENU0003,Americano - Regular,,,,1.602,kg,980.0,1569.96,Recipe:ING001
Menu Item,MENU0003,Americano - Regular,,,,89.0,pcs,2.8,249.2,Recipe:ING037
Menu Item,MENU0003,Americano - Regular,,,,89.0,pcs,1.1,97.9,Recipe:ING038
Menu Item,MENU0003,Americano - Regular,,,,89.0,pcs,0.32,28.48,Recipe:ING040
Menu Item,MENU0003,Americano - Regular,,,,1.335,litre,90.0,120.15,Recipe:ING019
Menu Item,MENU0004,Americano - Medium,,,,1.5939,kg,980.0,1562.02,Recipe:ING001
Menu Item,MENU0004,Americano - Medium,,,,77.0,pcs,2.8,215.6,Recipe:ING037
Menu Item,MENU0004,Americano - Medium,,,,77.0,pcs,1.1,84.7,Recipe:ING038
Menu Item,MENU0004,Americano - Medium,,,,77.0,pcs,0.32,24.64,Recipe:ING040
Menu Item,MENU0004,Americano - Medium,,,,1.3244,litre,90.0,119.2,Recipe:ING019
Menu Item,MENU0005,Americano - Large,,,,1.053,kg,980.0,1031.94,Recipe:ING001
Menu Item,MENU0005,Americano - Large,,,,45.0,pcs,2.8,126.0,Recipe:ING037
Menu Item,MENU0005,Americano - Large,,,,45.0,pcs,1.1,49.5,Recipe:ING038
Menu Item,MENU0005,Americano - Large,,,,45.0,pcs,0.32,14.4,Recipe:ING040
Menu Item,MENU0005,Americano - Large,,,,0.8775,litre,90.0,78.97,Recipe:ING019
Menu Item,MENU0006,Latte - Regular,,,,1.458,kg,980.0,1428.84,Recipe:ING001
Menu Item,MENU0006,Latte - Regular,,,,81.0,pcs,2.8,226.8,Recipe:ING037
Menu Item,MENU0006,Latte - Regular,,,,81.0,pcs,1.1,89.1,Recipe:ING038
Menu Item,MENU0006,Latte - Regular,,,,14.58,litre,72.0,1049.76,Recipe:ING002
Menu Item,MENU0006,Latte - Regular,,,,81.0,pcs,0.32,25.92,Recipe:ING040
Menu Item,MENU0006,Latte - Regular,,,,1.215,litre,90.0,109.35,Recipe:ING019
Menu Item,MENU0007,Latte - Medium,,,,1.4904,kg,980.0,1460.59,Recipe:ING001
Menu Item,MENU0007,Latte - Medium,,,,72.0,pcs,2.8,201.6,Recipe:ING037
Menu Item,MENU0007,Latte - Medium,,,,72.0,pcs,1.1,79.2,Recipe:ING038
Menu Item,MENU0007,Latte - Medium,,,,14.904,litre,72.0,1073.09,Recipe:ING002
Menu Item,MENU0007,Latte - Medium,,,,72.0,pcs,0.32,23.04,Recipe:ING040
Menu Item,MENU0007,Latte - Medium,,,,1.2384,litre,90.0,111.46,Recipe:ING019
Menu Item,MENU0008,Latte - Large,,,,1.1232,kg,980.0,1100.74,Recipe:ING001
Menu Item,MENU0008,Latte - Large,,,,48.0,pcs,2.8,134.4,Recipe:ING037
Menu Item,MENU0008,Latte - Large,,,,48.0,pcs,1.1,52.8,Recipe:ING038
Menu Item,MENU0008,Latte - Large,,,,11.232,litre,72.0,808.7,Recipe:ING002
Menu Item,MENU0008,Latte - Large,,,,48.0,pcs,0.32,15.36,Recipe:ING040
Menu Item,MENU0008,Latte - Large,,,,0.936,litre,90.0,84.24,Recipe:ING019
Menu Item,MENU0009,Cappuccino - Regular,,,,1.746,kg,980.0,1711.08,Recipe:ING001
Menu Item,MENU0009,Cappuccino - Regular,,,,97.0,pcs,2.8,271.6,Recipe:ING037
Menu Item,MENU0009,Cappuccino - Regular,,,,97.0,pcs,1.1,106.7,Recipe:ING038
Menu Item,MENU0009,Cappuccino - Regular,,,,17.46,litre,72.0,1257.12,Recipe:ING002
Menu Item,MENU0009,Cappuccino - Regular,,,,97.0,pcs,0.32,31.04,Recipe:ING040
Menu Item,MENU0009,Cappuccino - Regular,,,,1.455,litre,90.0,130.95,Recipe:ING019
Menu Item,MENU0010,Cappuccino - Medium,,,,1.3455,kg,980.0,1318.59,Recipe:ING001
Menu Item,MENU0010,Cappuccino - Medium,,,,65.0,pcs,2.8,182.0,Recipe:ING037
Menu Item,MENU0010,Cappuccino - Medium,,,,65.0,pcs,1.1,71.5,Recipe:ING038
Menu Item,MENU0010,Cappuccino - Medium,,,,13.455,litre,72.0,968.76,Recipe:ING002
Menu Item,MENU0010,Cappuccino - Medium,,,,65.0,pcs,0.32,20.8,Recipe:ING040
Menu Item,MENU0010,Cappuccino - Medium,,,,1.118,litre,90.0,100.62,Recipe:ING019
Menu Item,MENU0011,Cappuccino - Large,,,,1.0998,kg,980.0,1077.8,Recipe:ING001
Menu Item,MENU0011,Cappuccino - Large,,,,47.0,pcs,2.8,131.6,Recipe:ING037
Menu Item,MENU0011,Cappuccino - Large,,,,47.0,pcs,1.1,51.7,Recipe:ING038
Menu Item,MENU0011,Cappuccino - Large,,,,10.998,litre,72.0,791.86,Recipe:ING002
Menu Item,MENU0011,Cappuccino - Large,,,,47.0,pcs,0.32,15.04,Recipe:ING040
Menu Item,MENU0011,Cappuccino - Large,,,,0.9165,litre,90.0,82.48,Recipe:ING019
Menu Item,MENU0012,Flat White - Regular,,,,0.864,kg,980.0,846.72,Recipe:ING001
Menu Item,MENU0012,Flat White - Regular,,,,48.0,pcs,2.8,134.4,Recipe:ING037
Menu Item,MENU0012,Flat White - Regular,,,,48.0,pcs,1.1,52.8,Recipe:ING038
Menu Item,MENU0012,Flat White - Regular,,,,8.64,litre,72.0,622.08,Recipe:ING002
Menu Item,MENU0012,Flat White - Regular,,,,48.0,pcs,0.32,15.36,Recipe:ING040
Menu Item,MENU0012,Flat White - Regular,,,,0.72,litre,90.0,64.8,Recipe:ING019
Menu Item,MENU0013,Flat White - Medium,,,,1.3248,kg,980.0,1298.3,Recipe:ING001
Menu Item,MENU0013,Flat White - Medium,,,,64.0,pcs,2.8,179.2,Recipe:ING037
Menu Item,MENU0013,Flat White - Medium,,,,64.0,pcs,1.1,70.4,Recipe:ING038
Menu Item,MENU0013,Flat White - Medium,,,,13.248,litre,72.0,953.86,Recipe:ING002
Menu Item,MENU0013,Flat White - Medium,,,,64.0,pcs,0.32,20.48,Recipe:ING040
Menu Item,MENU0013,Flat White - Medium,,,,1.1008,litre,90.0,99.07,Recipe:ING019
Menu Item,MENU0014,Flat White - Large,,,,0.8892,kg,980.0,871.42,Recipe:ING001
Menu Item,MENU0014,Flat White - Large,,,,38.0,pcs,2.8,106.4,Recipe:ING037
Menu Item,MENU0014,Flat White - Large,,,,38.0,pcs,1.1,41.8,Recipe:ING038
Menu Item,MENU0014,Flat White - Large,,,,8.892,litre,72.0,640.22,Recipe:ING002
Menu Item,MENU0014,Flat White - Large,,,,38.0,pcs,0.32,12.16,Recipe:ING040
Menu Item,MENU0014,Flat White - Large,,,,0.741,litre,90.0,66.69,Recipe:ING019
Menu Item,MENU0015,Mocha - Regular,,,,1.7,litre,260.0,442.0,Recipe:ING016
Menu Item,MENU0015,Mocha - Regular,,,,1.224,kg,980.0,1199.52,Recipe:ING001
Menu Item,MENU0015,Mocha - Regular,,,,68.0,pcs,2.8,190.4,Recipe:ING037
Menu Item,MENU0015,Mocha - Regular,,,,68.0,pcs,1.1,74.8,Recipe:ING038
Menu Item,MENU0015,Mocha - Regular,,,,12.24,litre,72.0,881.28,Recipe:ING002
Menu Item,MENU0015,Mocha - Regular,,,,68.0,pcs,0.32,21.76,Recipe:ING040
Menu Item,MENU0015,Mocha - Regular,,,,1.02,litre,90.0,91.8,Recipe:ING019
Menu Item,MENU0016,Mocha - Medium,,,,1.7794,litre,260.0,462.64,Recipe:ING016
Menu Item,MENU0016,Mocha - Medium,,,,1.2834,kg,980.0,1257.73,Recipe:ING001
Menu Item,MENU0016,Mocha - Medium,,,,62.0,pcs,2.8,173.6,Recipe:ING037
Menu Item,MENU0016,Mocha - Medium,,,,62.0,pcs,1.1,68.2,Recipe:ING038
Menu Item,MENU0016,Mocha - Medium,,,,12.834,litre,72.0,924.05,Recipe:ING002
Menu Item,MENU0016,Mocha - Medium,,,,62.0,pcs,0.32,19.84,Recipe:ING040
Menu Item,MENU0016,Mocha - Medium,,,,1.0664,litre,90.0,95.98,Recipe:ING019
Menu Item,MENU0017,Mocha - Large,,,,1.17,litre,260.0,304.2,Recipe:ING016
Menu Item,MENU0017,Mocha - Large,,,,0.8424,kg,980.0,825.55,Recipe:ING001
Menu Item,MENU0017,Mocha - Large,,,,36.0,pcs,2.8,100.8,Recipe:ING037
Menu Item,MENU0017,Mocha - Large,,,,36.0,pcs,1.1,39.6,Recipe:ING038
Menu Item,MENU0017,Mocha - Large,,,,8.424,litre,72.0,606.53,Recipe:ING002
Menu Item,MENU0017,Mocha - Large,,,,36.0,pcs,0.32,11.52,Recipe:ING040
Menu Item,MENU0017,Mocha - Large,,,,0.702,litre,90.0,63.18,Recipe:ING019
Menu Item,MENU0018,Sea Salt Mocha - Regular,,,,0.9,litre,260.0,234.0,Recipe:ING016
Menu Item,MENU0018,Sea Salt Mocha - Regular,,,,0.648,kg,980.0,635.04,Recipe:ING001
Menu Item,MENU0018,Sea Salt Mocha - Regular,,,,36.0,pcs,2.8,100.8,Recipe:ING037
Menu Item,MENU0018,Sea Salt Mocha - Regular,,,,36.0,pcs,1.1,39.6,Recipe:ING038
Menu Item,MENU0018,Sea Salt Mocha - Regular,,,,6.48,litre,72.0,466.56,Recipe:ING002
Menu Item,MENU0018,Sea Salt Mocha - Regular,,,,36.0,pcs,0.32,11.52,Recipe:ING040
Menu Item,MENU0018,Sea Salt Mocha - Regular,,,,0.54,litre,90.0,48.6,Recipe:ING019
Menu Item,MENU0019,Sea Salt Mocha - Medium,,,,0.4592,litre,260.0,119.39,Recipe:ING016
Menu Item,MENU0019,Sea Salt Mocha - Medium,,,,0.3312,kg,980.0,324.58,Recipe:ING001
Menu Item,MENU0019,Sea Salt Mocha - Medium,,,,16.0,pcs,2.8,44.8,Recipe:ING037
Menu Item,MENU0019,Sea Salt Mocha - Medium,,,,16.0,pcs,1.1,17.6,Recipe:ING038
Menu Item,MENU0019,Sea Salt Mocha - Medium,,,,3.312,litre,72.0,238.46,Recipe:ING002
Menu Item,MENU0019,Sea Salt Mocha - Medium,,,,16.0,pcs,0.32,5.12,Recipe:ING040
Menu Item,MENU0019,Sea Salt Mocha - Medium,,,,0.2752,litre,90.0,24.77,Recipe:ING019
Menu Item,MENU0020,Sea Salt Mocha - Large,,,,0.585,litre,260.0,152.1,Recipe:ING016
Menu Item,MENU0020,Sea Salt Mocha - Large,,,,0.4212,kg,980.0,412.78,Recipe:ING001
Menu Item,MENU0020,Sea Salt Mocha - Large,,,,18.0,pcs,2.8,50.4,Recipe:ING037
Menu Item,MENU0020,Sea Salt Mocha - Large,,,,18.0,pcs,1.1,19.8,Recipe:ING038
Menu Item,MENU0020,Sea Salt Mocha - Large,,,,4.212,litre,72.0,303.26,Recipe:ING002
Menu Item,MENU0020,Sea Salt Mocha - Large,,,,18.0,pcs,0.32,5.76,Recipe:ING040
Menu Item,MENU0020,Sea Salt Mocha - Large,,,,0.351,litre,90.0,31.59,Recipe:ING019
Menu Item,MENU0021,Orange Zest Mocha - Regular,,,,0.75,litre,260.0,195.0,Recipe:ING016
Menu Item,MENU0021,Orange Zest Mocha - Regular,,,,0.54,kg,980.0,529.2,Recipe:ING001
Menu Item,MENU0021,Orange Zest Mocha - Regular,,,,30.0,pcs,2.8,84.0,Recipe:ING037
Menu Item,MENU0021,Orange Zest Mocha - Regular,,,,30.0,pcs,1.1,33.0,Recipe:ING038
Menu Item,MENU0021,Orange Zest Mocha - Regular,,,,5.4,litre,72.0,388.8,Recipe:ING002
Menu Item,MENU0021,Orange Zest Mocha - Regular,,,,30.0,pcs,0.32,9.6,Recipe:ING040
Menu Item,MENU0021,Orange Zest Mocha - Regular,,,,0.45,litre,90.0,40.5,Recipe:ING019
Menu Item,MENU0022,Orange Zest Mocha - Medium,,,,0.7749,litre,260.0,201.47,Recipe:ING016
Menu Item,MENU0022,Orange Zest Mocha - Medium,,,,0.5589,kg,980.0,547.72,Recipe:ING001
Menu Item,MENU0022,Orange Zest Mocha - Medium,,,,27.0,pcs,2.8,75.6,Recipe:ING037
Menu Item,MENU0022,Orange Zest Mocha - Medium,,,,27.0,pcs,1.1,29.7,Recipe:ING038
Menu Item,MENU0022,Orange Zest Mocha - Medium,,,,5.589,litre,72.0,402.41,Recipe:ING002
Menu Item,MENU0022,Orange Zest Mocha - Medium,,,,27.0,pcs,0.32,8.64,Recipe:ING040
Menu Item,MENU0022,Orange Zest Mocha - Medium,,,,0.4644,litre,90.0,41.8,Recipe:ING019
Menu Item,MENU0023,Orange Zest Mocha - Large,,,,0.455,litre,260.0,118.3,Recipe:ING016
Menu Item,MENU0023,Orange Zest Mocha - Large,,,,0.3276,kg,980.0,321.05,Recipe:ING001
Menu Item,MENU0023,Orange Zest Mocha - Large,,,,14.0,pcs,2.8,39.2,Recipe:ING037
Menu Item,MENU0023,Orange Zest Mocha - Large,,,,14.0,pcs,1.1,15.4,Recipe:ING038
Menu Item,MENU0023,Orange Zest Mocha - Large,,,,3.276,litre,72.0,235.87,Recipe:ING002
Menu Item,MENU0023,Orange Zest Mocha - Large,,,,14.0,pcs,0.32,4.48,Recipe:ING040
Menu Item,MENU0023,Orange Zest Mocha - Large,,,,0.273,litre,90.0,24.57,Recipe:ING019
Menu Item,MENU0024,Caramel Macchiato - Regular,,,,0.45,litre,250.0,112.5,Recipe:ING017
Menu Item,MENU0024,Caramel Macchiato - Regular,,,,0.324,kg,980.0,317.52,Recipe:ING001
Menu Item,MENU0024,Caramel Macchiato - Regular,,,,18.0,pcs,2.8,50.4,Recipe:ING037
Menu Item,MENU0024,Caramel Macchiato - Regular,,,,18.0,pcs,1.1,19.8,Recipe:ING038
Menu Item,MENU0024,Caramel Macchiato - Regular,,,,3.24,litre,72.0,233.28,Recipe:ING002
Menu Item,MENU0024,Caramel Macchiato - Regular,,,,18.0,pcs,0.32,5.76,Recipe:ING040
Menu Item,MENU0024,Caramel Macchiato - Regular,,,,0.27,litre,90.0,24.3,Recipe:ING019
Menu Item,MENU0025,Caramel Macchiato - Medium,,,,0.7175,litre,250.0,179.38,Recipe:ING017
Menu Item,MENU0025,Caramel Macchiato - Medium,,,,0.5175,kg,980.0,507.15,Recipe:ING001
Menu Item,MENU0025,Caramel Macchiato - Medium,,,,25.0,pcs,2.8,70.0,Recipe:ING037
Menu Item,MENU0025,Caramel Macchiato - Medium,,,,25.0,pcs,1.1,27.5,Recipe:ING038
Menu Item,MENU0025,Caramel Macchiato - Medium,,,,5.175,litre,72.0,372.6,Recipe:ING002
Menu Item,MENU0025,Caramel Macchiato - Medium,,,,25.0,pcs,0.32,8.0,Recipe:ING040
Menu Item,MENU0025,Caramel Macchiato - Medium,,,,0.43,litre,90.0,38.7,Recipe:ING019
Menu Item,MENU0026,Caramel Macchiato - Large,,,,0.7475,litre,250.0,186.88,Recipe:ING017
Menu Item,MENU0026,Caramel Macchiato - Large,,,,0.5382,kg,980.0,527.44,Recipe:ING001
Menu Item,MENU0026,Caramel Macchiato - Large,,,,23.0,pcs,2.8,64.4,Recipe:ING037
Menu Item,MENU0026,Caramel Macchiato - Large,,,,23.0,pcs,1.1,25.3,Recipe:ING038
Menu Item,MENU0026,Caramel Macchiato - Large,,,,5.382,litre,72.0,387.5,Recipe:ING002
Menu Item,MENU0026,Caramel Macchiato - Large,,,,23.0,pcs,0.32,7.36,Recipe:ING040
Menu Item,MENU0026,Caramel Macchiato - Large,,,,0.4485,litre,90.0,40.37,Recipe:ING019
Menu Item,MENU0027,French Vanilla Latte - Regular,,,,0.504,kg,980.0,493.92,Recipe:ING001
Menu Item,MENU0027,French Vanilla Latte - Regular,,,,28.0,pcs,2.8,78.4,Recipe:ING037
Menu Item,MENU0027,French Vanilla Latte - Regular,,,,28.0,pcs,1.1,30.8,Recipe:ING038
Menu Item,MENU0027,French Vanilla Latte - Regular,,,,5.04,litre,72.0,362.88,Recipe:ING002
Menu Item,MENU0027,French Vanilla Latte - Regular,,,,28.0,pcs,0.32,8.96,Recipe:ING040
Menu Item,MENU0027,French Vanilla Latte - Regular,,,,0.42,litre,90.0,37.8,Recipe:ING019
Menu Item,MENU0027,French Vanilla Latte - Regular,,,,0.7,litre,240.0,168.0,Recipe:ING018
Menu Item,MENU0028,French Vanilla Latte - Medium,,,,0.7245,kg,980.0,710.01,Recipe:ING001
Menu Item,MENU0028,French Vanilla Latte - Medium,,,,35.0,pcs,2.8,98.0,Recipe:ING037
Menu Item,MENU0028,French Vanilla Latte - Medium,,,,35.0,pcs,1.1,38.5,Recipe:ING038
Menu Item,MENU0028,French Vanilla Latte - Medium,,,,7.245,litre,72.0,521.64,Recipe:ING002
Menu Item,MENU0028,French Vanilla Latte - Medium,,,,35.0,pcs,0.32,11.2,Recipe:ING040
Menu Item,MENU0028,French Vanilla Latte - Medium,,,,0.602,litre,90.0,54.18,Recipe:ING019
Menu Item,MENU0028,French Vanilla Latte - Medium,,,,1.0045,litre,240.0,241.08,Recipe:ING018
Menu Item,MENU0029,French Vanilla Latte - Large,,,,0.5616,kg,980.0,550.37,Recipe:ING001
Menu Item,MENU0029,French Vanilla Latte - Large,,,,24.0,pcs,2.8,67.2,Recipe:ING037
Menu Item,MENU0029,French Vanilla Latte - Large,,,,24.0,pcs,1.1,26.4,Recipe:ING038
Menu Item,MENU0029,French Vanilla Latte - Large,,,,5.616,litre,72.0,404.35,Recipe:ING002
Menu Item,MENU0029,French Vanilla Latte - Large,,,,24.0,pcs,0.32,7.68,Recipe:ING040
Menu Item,MENU0029,French Vanilla Latte - Large,,,,0.468,litre,90.0,42.12,Recipe:ING019
Menu Item,MENU0029,French Vanilla Latte - Large,,,,0.78,litre,240.0,187.2,Recipe:ING018
Menu Item,MENU0030,Vegan Iced Latte - Regular,,,,0.684,kg,980.0,670.32,Recipe:ING001
Menu Item,MENU0030,Vegan Iced Latte - Regular,,,,38.0,pcs,3.2,121.6,Recipe:ING036
Menu Item,MENU0030,Vegan Iced Latte - Regular,,,,4.56,kg,12.0,54.72,Recipe:ING022
Menu Item,MENU0030,Vegan Iced Latte - Regular,,,,38.0,pcs,1.1,41.8,Recipe:ING038
Menu Item,MENU0030,Vegan Iced Latte - Regular,,,,38.0,pcs,0.32,12.16,Recipe:ING040
Menu Item,MENU0030,Vegan Iced Latte - Regular,,,,6.84,litre,185.0,1265.4,Recipe:ING003
Menu Item,MENU0030,Vegan Iced Latte - Regular,,,,38.0,pcs,0.55,20.9,Recipe:ING039
Menu Item,MENU0030,Vegan Iced Latte - Regular,,,,0.57,litre,90.0,51.3,Recipe:ING019
Menu Item,MENU0031,Vegan Iced Latte - Medium,,,,0.6417,kg,980.0,628.87,Recipe:ING001
Menu Item,MENU0031,Vegan Iced Latte - Medium,,,,31.0,pcs,3.2,99.2,Recipe:ING036
Menu Item,MENU0031,Vegan Iced Latte - Medium,,,,4.278,kg,12.0,51.34,Recipe:ING022
Menu Item,MENU0031,Vegan Iced Latte - Medium,,,,31.0,pcs,1.1,34.1,Recipe:ING038
Menu Item,MENU0031,Vegan Iced Latte - Medium,,,,31.0,pcs,0.32,9.92,Recipe:ING040
Menu Item,MENU0031,Vegan Iced Latte - Medium,,,,6.417,litre,185.0,1187.14,Recipe:ING003
Menu Item,MENU0031,Vegan Iced Latte - Medium,,,,31.0,pcs,0.55,17.05,Recipe:ING039
Menu Item,MENU0031,Vegan Iced Latte - Medium,,,,0.5332,litre,90.0,47.99,Recipe:ING019
Menu Item,MENU0032,Vegan Iced Latte - Large,,,,0.4914,kg,980.0,481.57,Recipe:ING001
Menu Item,MENU0032,Vegan Iced Latte - Large,,,,21.0,pcs,3.2,67.2,Recipe:ING036
Menu Item,MENU0032,Vegan Iced Latte - Large,,,,3.276,kg,12.0,39.31,Recipe:ING022
Menu Item,MENU0032,Vegan Iced Latte - Large,,,,21.0,pcs,1.1,23.1,Recipe:ING038
Menu Item,MENU0032,Vegan Iced Latte - Large,,,,21.0,pcs,0.32,6.72,Recipe:ING040
Menu Item,MENU0032,Vegan Iced Latte - Large,,,,4.914,litre,185.0,909.09,Recipe:ING003
Menu Item,MENU0032,Vegan Iced Latte - Large,,,,21.0,pcs,0.55,11.55,Recipe:ING039
Menu Item,MENU0032,Vegan Iced Latte - Large,,,,0.4095,litre,90.0,36.85,Recipe:ING019
Menu Item,MENU0033,Classic Cold Brew - Regular,,,,0.27,kg,980.0,264.6,Recipe:ING001
Menu Item,MENU0033,Classic Cold Brew - Regular,,,,15.0,pcs,3.2,48.0,Recipe:ING036
Menu Item,MENU0033,Classic Cold Brew - Regular,,,,1.8,kg,12.0,21.6,Recipe:ING022
Menu Item,MENU0033,Classic Cold Brew - Regular,,,,15.0,pcs,1.1,16.5,Recipe:ING038
Menu Item,MENU0033,Classic Cold Brew - Regular,,,,15.0,pcs,0.32,4.8,Recipe:ING040
Menu Item,MENU0033,Classic Cold Brew - Regular,,,,15.0,pcs,0.55,8.25,Recipe:ING039
Menu Item,MENU0033,Classic Cold Brew - Regular,,,,0.225,litre,90.0,20.25,Recipe:ING019
Menu Item,MENU0034,Classic Cold Brew - Medium,,,,0.5382,kg,980.0,527.44,Recipe:ING001
Menu Item,MENU0034,Classic Cold Brew - Medium,,,,26.0,pcs,3.2,83.2,Recipe:ING036
Menu Item,MENU0034,Classic Cold Brew - Medium,,,,3.588,kg,12.0,43.06,Recipe:ING022
Menu Item,MENU0034,Classic Cold Brew - Medium,,,,26.0,pcs,1.1,28.6,Recipe:ING038
Menu Item,MENU0034,Classic Cold Brew - Medium,,,,26.0,pcs,0.32,8.32,Recipe:ING040
Menu Item,MENU0034,Classic Cold Brew - Medium,,,,26.0,pcs,0.55,14.3,Recipe:ING039
Menu Item,MENU0034,Classic Cold Brew - Medium,,,,0.4472,litre,90.0,40.25,Recipe:ING019
Menu Item,MENU0035,Classic Cold Brew - Large,,,,0.234,kg,980.0,229.32,Recipe:ING001
Menu Item,MENU0035,Classic Cold Brew - Large,,,,10.0,pcs,3.2,32.0,Recipe:ING036
Menu Item,MENU0035,Classic Cold Brew - Large,,,,1.56,kg,12.0,18.72,Recipe:ING022
Menu Item,MENU0035,Classic Cold Brew - Large,,,,10.0,pcs,1.1,11.0,Recipe:ING038
Menu Item,MENU0035,Classic Cold Brew - Large,,,,10.0,pcs,0.32,3.2,Recipe:ING040
Menu Item,MENU0035,Classic Cold Brew - Large,,,,10.0,pcs,0.55,5.5,Recipe:ING039
Menu Item,MENU0035,Classic Cold Brew - Large,,,,0.195,litre,90.0,17.55,Recipe:ING019
Menu Item,MENU0036,Coffee Lemonade - Regular,,,,0.486,kg,980.0,476.28,Recipe:ING001
Menu Item,MENU0036,Coffee Lemonade - Regular,,,,27.0,pcs,3.2,86.4,Recipe:ING036
Menu Item,MENU0036,Coffee Lemonade - Regular,,,,3.24,kg,12.0,38.88,Recipe:ING022
Menu Item,MENU0036,Coffee Lemonade - Regular,,,,0.945,kg,110.0,103.95,Recipe:ING023
Menu Item,MENU0036,Coffee Lemonade - Regular,,,,27.0,pcs,1.1,29.7,Recipe:ING038
Menu Item,MENU0036,Coffee Lemonade - Regular,,,,27.0,pcs,0.32,8.64,Recipe:ING040
Menu Item,MENU0036,Coffee Lemonade - Regular,,,,27.0,pcs,0.55,14.85,Recipe:ING039
Menu Item,MENU0036,Coffee Lemonade - Regular,,,,0.405,litre,90.0,36.45,Recipe:ING019
Menu Item,MENU0037,Coffee Lemonade - Medium,,,,0.3933,kg,980.0,385.43,Recipe:ING001
Menu Item,MENU0037,Coffee Lemonade - Medium,,,,19.0,pcs,3.2,60.8,Recipe:ING036
Menu Item,MENU0037,Coffee Lemonade - Medium,,,,2.622,kg,12.0,31.46,Recipe:ING022
Menu Item,MENU0037,Coffee Lemonade - Medium,,,,0.7657,kg,110.0,84.23,Recipe:ING023
Menu Item,MENU0037,Coffee Lemonade - Medium,,,,19.0,pcs,1.1,20.9,Recipe:ING038
Menu Item,MENU0037,Coffee Lemonade - Medium,,,,19.0,pcs,0.32,6.08,Recipe:ING040
Menu Item,MENU0037,Coffee Lemonade - Medium,,,,19.0,pcs,0.55,10.45,Recipe:ING039
Menu Item,MENU0037,Coffee Lemonade - Medium,,,,0.3268,litre,90.0,29.41,Recipe:ING019
Menu Item,MENU0038,Coffee Lemonade - Large,,,,0.1638,kg,980.0,160.52,Recipe:ING001
Menu Item,MENU0038,Coffee Lemonade - Large,,,,7.0,pcs,3.2,22.4,Recipe:ING036
Menu Item,MENU0038,Coffee Lemonade - Large,,,,1.092,kg,12.0,13.1,Recipe:ING022
Menu Item,MENU0038,Coffee Lemonade - Large,,,,0.3185,kg,110.0,35.04,Recipe:ING023
Menu Item,MENU0038,Coffee Lemonade - Large,,,,7.0,pcs,1.1,7.7,Recipe:ING038
Menu Item,MENU0038,Coffee Lemonade - Large,,,,7.0,pcs,0.32,2.24,Recipe:ING040
Menu Item,MENU0038,Coffee Lemonade - Large,,,,7.0,pcs,0.55,3.85,Recipe:ING039
Menu Item,MENU0038,Coffee Lemonade - Large,,,,0.1365,litre,90.0,12.29,Recipe:ING019
Menu Item,MENU0039,Vietnamese Shakerato - Regular,,,,0.378,kg,980.0,370.44,Recipe:ING001
Menu Item,MENU0039,Vietnamese Shakerato - Regular,,,,21.0,pcs,3.2,67.2,Recipe:ING036
Menu Item,MENU0039,Vietnamese Shakerato - Regular,,,,2.52,kg,12.0,30.24,Recipe:ING022
Menu Item,MENU0039,Vietnamese Shakerato - Regular,,,,21.0,pcs,1.1,23.1,Recipe:ING038
Menu Item,MENU0039,Vietnamese Shakerato - Regular,,,,21.0,pcs,0.32,6.72,Recipe:ING040
Menu Item,MENU0039,Vietnamese Shakerato - Regular,,,,21.0,pcs,0.55,11.55,Recipe:ING039
Menu Item,MENU0039,Vietnamese Shakerato - Regular,,,,0.315,litre,90.0,28.35,Recipe:ING019
Menu Item,MENU0040,Vietnamese Shakerato - Medium,,,,0.3105,kg,980.0,304.29,Recipe:ING001
Menu Item,MENU0040,Vietnamese Shakerato - Medium,,,,15.0,pcs,3.2,48.0,Recipe:ING036
Menu Item,MENU0040,Vietnamese Shakerato - Medium,,,,2.07,kg,12.0,24.84,Recipe:ING022
Menu Item,MENU0040,Vietnamese Shakerato - Medium,,,,15.0,pcs,1.1,16.5,Recipe:ING038
Menu Item,MENU0040,Vietnamese Shakerato - Medium,,,,15.0,pcs,0.32,4.8,Recipe:ING040
Menu Item,MENU0040,Vietnamese Shakerato - Medium,,,,15.0,pcs,0.55,8.25,Recipe:ING039
Menu Item,MENU0040,Vietnamese Shakerato - Medium,,,,0.258,litre,90.0,23.22,Recipe:ING019
Menu Item,MENU0041,Vietnamese Shakerato - Large,,,,0.3276,kg,980.0,321.05,Recipe:ING001
Menu Item,MENU0041,Vietnamese Shakerato - Large,,,,14.0,pcs,3.2,44.8,Recipe:ING036
Menu Item,MENU0041,Vietnamese Shakerato - Large,,,,2.184,kg,12.0,26.21,Recipe:ING022
Menu Item,MENU0041,Vietnamese Shakerato - Large,,,,14.0,pcs,1.1,15.4,Recipe:ING038
Menu Item,MENU0041,Vietnamese Shakerato - Large,,,,14.0,pcs,0.32,4.48,Recipe:ING040
Menu Item,MENU0041,Vietnamese Shakerato - Large,,,,14.0,pcs,0.55,7.7,Recipe:ING039
Menu Item,MENU0041,Vietnamese Shakerato - Large,,,,0.273,litre,90.0,24.57,Recipe:ING019
Menu Item,MENU0042,Classic Cold Coffee - Regular,,,,0.594,kg,980.0,582.12,Recipe:ING001
Menu Item,MENU0042,Classic Cold Coffee - Regular,,,,33.0,pcs,3.2,105.6,Recipe:ING036
Menu Item,MENU0042,Classic Cold Coffee - Regular,,,,3.96,kg,12.0,47.52,Recipe:ING022
Menu Item,MENU0042,Classic Cold Coffee - Regular,,,,33.0,pcs,1.1,36.3,Recipe:ING038
Menu Item,MENU0042,Classic Cold Coffee - Regular,,,,5.94,litre,72.0,427.68,Recipe:ING002
Menu Item,MENU0042,Classic Cold Coffee - Regular,,,,33.0,pcs,0.32,10.56,Recipe:ING040
Menu Item,MENU0042,Classic Cold Coffee - Regular,,,,33.0,pcs,0.55,18.15,Recipe:ING039
Menu Item,MENU0042,Classic Cold Coffee - Regular,,,,0.495,litre,90.0,44.55,Recipe:ING019
Menu Item,MENU0043,Classic Cold Coffee - Medium,,,,0.6624,kg,980.0,649.15,Recipe:ING001
Menu Item,MENU0043,Classic Cold Coffee - Medium,,,,32.0,pcs,3.2,102.4,Recipe:ING036
Menu Item,MENU0043,Classic Cold Coffee - Medium,,,,4.416,kg,12.0,52.99,Recipe:ING022
Menu Item,MENU0043,Classic Cold Coffee - Medium,,,,32.0,pcs,1.1,35.2,Recipe:ING038
Menu Item,MENU0043,Classic Cold Coffee - Medium,,,,6.624,litre,72.0,476.93,Recipe:ING002
Menu Item,MENU0043,Classic Cold Coffee - Medium,,,,32.0,pcs,0.32,10.24,Recipe:ING040
Menu Item,MENU0043,Classic Cold Coffee - Medium,,,,32.0,pcs,0.55,17.6,Recipe:ING039
Menu Item,MENU0043,Classic Cold Coffee - Medium,,,,0.5504,litre,90.0,49.54,Recipe:ING019
Menu Item,MENU0044,Classic Cold Coffee - Large,,,,0.5148,kg,980.0,504.5,Recipe:ING001
Menu Item,MENU0044,Classic Cold Coffee - Large,,,,22.0,pcs,3.2,70.4,Recipe:ING036
Menu Item,MENU0044,Classic Cold Coffee - Large,,,,3.432,kg,12.0,41.18,Recipe:ING022
Menu Item,MENU0044,Classic Cold Coffee - Large,,,,22.0,pcs,1.1,24.2,Recipe:ING038
Menu Item,MENU0044,Classic Cold Coffee - Large,,,,5.148,litre,72.0,370.66,Recipe:ING002
Menu Item,MENU0044,Classic Cold Coffee - Large,,,,22.0,pcs,0.32,7.04,Recipe:ING040
Menu Item,MENU0044,Classic Cold Coffee - Large,,,,22.0,pcs,0.55,12.1,Recipe:ING039
Menu Item,MENU0044,Classic Cold Coffee - Large,,,,0.429,litre,90.0,38.61,Recipe:ING019
Menu Item,MENU0045,Mocha Cold Coffee - Regular,,,,0.775,litre,260.0,201.5,Recipe:ING016
Menu Item,MENU0045,Mocha Cold Coffee - Regular,,,,0.558,kg,980.0,546.84,Recipe:ING001
Menu Item,MENU0045,Mocha Cold Coffee - Regular,,,,31.0,pcs,3.2,99.2,Recipe:ING036
Menu Item,MENU0045,Mocha Cold Coffee - Regular,,,,3.72,kg,12.0,44.64,Recipe:ING022
Menu Item,MENU0045,Mocha Cold Coffee - Regular,,,,31.0,pcs,1.1,34.1,Recipe:ING038
Menu Item,MENU0045,Mocha Cold Coffee - Regular,,,,5.58,litre,72.0,401.76,Recipe:ING002
Menu Item,MENU0045,Mocha Cold Coffee - Regular,,,,31.0,pcs,0.32,9.92,Recipe:ING040
Menu Item,MENU0045,Mocha Cold Coffee - Regular,,,,31.0,pcs,0.55,17.05,Recipe:ING039
Menu Item,MENU0045,Mocha Cold Coffee - Regular,,,,0.465,litre,90.0,41.85,Recipe:ING019
Menu Item,MENU0046,Mocha Cold Coffee - Medium,,,,0.574,litre,260.0,149.24,Recipe:ING016
Menu Item,MENU0046,Mocha Cold Coffee - Medium,,,,0.414,kg,980.0,405.72,Recipe:ING001
Menu Item,MENU0046,Mocha Cold Coffee - Medium,,,,20.0,pcs,3.2,64.0,Recipe:ING036
Menu Item,MENU0046,Mocha Cold Coffee - Medium,,,,2.76,kg,12.0,33.12,Recipe:ING022
Menu Item,MENU0046,Mocha Cold Coffee - Medium,,,,20.0,pcs,1.1,22.0,Recipe:ING038
Menu Item,MENU0046,Mocha Cold Coffee - Medium,,,,4.14,litre,72.0,298.08,Recipe:ING002
Menu Item,MENU0046,Mocha Cold Coffee - Medium,,,,20.0,pcs,0.32,6.4,Recipe:ING040
Menu Item,MENU0046,Mocha Cold Coffee - Medium,,,,20.0,pcs,0.55,11.0,Recipe:ING039
Menu Item,MENU0046,Mocha Cold Coffee - Medium,,,,0.344,litre,90.0,30.96,Recipe:ING019
Menu Item,MENU0047,Mocha Cold Coffee - Large,,,,0.4875,litre,260.0,126.75,Recipe:ING016
Menu Item,MENU0047,Mocha Cold Coffee - Large,,,,0.351,kg,980.0,343.98,Recipe:ING001
Menu Item,MENU0047,Mocha Cold Coffee - Large,,,,15.0,pcs,3.2,48.0,Recipe:ING036
Menu Item,MENU0047,Mocha Cold Coffee - Large,,,,2.34,kg,12.0,28.08,Recipe:ING022
Menu Item,MENU0047,Mocha Cold Coffee - Large,,,,15.0,pcs,1.1,16.5,Recipe:ING038
Menu Item,MENU0047,Mocha Cold Coffee - Large,,,,3.51,litre,72.0,252.72,Recipe:ING002
Menu Item,MENU0047,Mocha Cold Coffee - Large,,,,15.0,pcs,0.32,4.8,Recipe:ING040
Menu Item,MENU0047,Mocha Cold Coffee - Large,,,,15.0,pcs,0.55,8.25,Recipe:ING039
Menu Item,MENU0047,Mocha Cold Coffee - Large,,,,0.2925,litre,90.0,26.32,Recipe:ING019
Menu Item,MENU0048,Caramel Cold Coffee - Regular,,,,0.425,litre,250.0,106.25,Recipe:ING017
Menu Item,MENU0048,Caramel Cold Coffee - Regular,,,,0.306,kg,980.0,299.88,Recipe:ING001
Menu Item,MENU0048,Caramel Cold Coffee - Regular,,,,17.0,pcs,3.2,54.4,Recipe:ING036
Menu Item,MENU0048,Caramel Cold Coffee - Regular,,,,2.04,kg,12.0,24.48,Recipe:ING022
Menu Item,MENU0048,Caramel Cold Coffee - Regular,,,,17.0,pcs,1.1,18.7,Recipe:ING038
Menu Item,MENU0048,Caramel Cold Coffee - Regular,,,,3.06,litre,72.0,220.32,Recipe:ING002
Menu Item,MENU0048,Caramel Cold Coffee - Regular,,,,17.0,pcs,0.32,5.44,Recipe:ING040
Menu Item,MENU0048,Caramel Cold Coffee - Regular,,,,17.0,pcs,0.55,9.35,Recipe:ING039
Menu Item,MENU0048,Caramel Cold Coffee - Regular,,,,0.255,litre,90.0,22.95,Recipe:ING019
Menu Item,MENU0049,Caramel Cold Coffee - Medium,,,,0.8036,litre,250.0,200.9,Recipe:ING017
Menu Item,MENU0049,Caramel Cold Coffee - Medium,,,,0.5796,kg,980.0,568.01,Recipe:ING001
Menu Item,MENU0049,Caramel Cold Coffee - Medium,,,,28.0,pcs,3.2,89.6,Recipe:ING036
Menu Item,MENU0049,Caramel Cold Coffee - Medium,,,,3.864,kg,12.0,46.37,Recipe:ING022
Menu Item,MENU0049,Caramel Cold Coffee - Medium,,,,28.0,pcs,1.1,30.8,Recipe:ING038
Menu Item,MENU0049,Caramel Cold Coffee - Medium,,,,5.796,litre,72.0,417.31,Recipe:ING002
Menu Item,MENU0049,Caramel Cold Coffee - Medium,,,,28.0,pcs,0.32,8.96,Recipe:ING040
Menu Item,MENU0049,Caramel Cold Coffee - Medium,,,,28.0,pcs,0.55,15.4,Recipe:ING039
Menu Item,MENU0049,Caramel Cold Coffee - Medium,,,,0.4816,litre,90.0,43.34,Recipe:ING019
Menu Item,MENU0050,Caramel Cold Coffee - Large,,,,0.65,litre,250.0,162.5,Recipe:ING017
Menu Item,MENU0050,Caramel Cold Coffee - Large,,,,0.468,kg,980.0,458.64,Recipe:ING001
Menu Item,MENU0050,Caramel Cold Coffee - Large,,,,20.0,pcs,3.2,64.0,Recipe:ING036
Menu Item,MENU0050,Caramel Cold Coffee - Large,,,,3.12,kg,12.0,37.44,Recipe:ING022
Menu Item,MENU0050,Caramel Cold Coffee - Large,,,,20.0,pcs,1.1,22.0,Recipe:ING038
Menu Item,MENU0050,Caramel Cold Coffee - Large,,,,4.68,litre,72.0,336.96,Recipe:ING002
Menu Item,MENU0050,Caramel Cold Coffee - Large,,,,20.0,pcs,0.32,6.4,Recipe:ING040
Menu Item,MENU0050,Caramel Cold Coffee - Large,,,,20.0,pcs,0.55,11.0,Recipe:ING039
Menu Item,MENU0050,Caramel Cold Coffee - Large,,,,0.39,litre,90.0,35.1,Recipe:ING019
Menu Item,MENU0051,Masala Chai Latte - Regular,,,,0.45,kg,980.0,441.0,Recipe:ING001
Menu Item,MENU0051,Masala Chai Latte - Regular,,,,25.0,pcs,2.8,70.0,Recipe:ING037
Menu Item,MENU0051,Masala Chai Latte - Regular,,,,25.0,pcs,1.1,27.5,Recipe:ING038
Menu Item,MENU0051,Masala Chai Latte - Regular,,,,4.5,litre,72.0,324.0,Recipe:ING002
Menu Item,MENU0051,Masala Chai Latte - Regular,,,,25.0,pcs,0.32,8.0,Recipe:ING040
Menu Item,MENU0051,Masala Chai Latte - Regular,,,,0.375,litre,90.0,33.75,Recipe:ING019
Menu Item,MENU0052,Masala Chai Latte - Medium,,,,0.5796,kg,980.0,568.01,Recipe:ING001
Menu Item,MENU0052,Masala Chai Latte - Medium,,,,28.0,pcs,2.8,78.4,Recipe:ING037
Menu Item,MENU0052,Masala Chai Latte - Medium,,,,28.0,pcs,1.1,30.8,Recipe:ING038
Menu Item,MENU0052,Masala Chai Latte - Medium,,,,5.796,litre,72.0,417.31,Recipe:ING002
Menu Item,MENU0052,Masala Chai Latte - Medium,,,,28.0,pcs,0.32,8.96,Recipe:ING040
Menu Item,MENU0052,Masala Chai Latte - Medium,,,,0.4816,litre,90.0,43.34,Recipe:ING019
Menu Item,MENU0053,Masala Chai Latte - Large,,,,0.3744,kg,980.0,366.91,Recipe:ING001
Menu Item,MENU0053,Masala Chai Latte - Large,,,,16.0,pcs,2.8,44.8,Recipe:ING037
Menu Item,MENU0053,Masala Chai Latte - Large,,,,16.0,pcs,1.1,17.6,Recipe:ING038
Menu Item,MENU0053,Masala Chai Latte - Large,,,,3.744,litre,72.0,269.57,Recipe:ING002
Menu Item,MENU0053,Masala Chai Latte - Large,,,,16.0,pcs,0.32,5.12,Recipe:ING040
Menu Item,MENU0053,Masala Chai Latte - Large,,,,0.312,litre,90.0,28.08,Recipe:ING019
Menu Item,MENU0054,Himalayan Green Tea,,,,31.0,pcs,2.8,86.8,Recipe:ING037
Menu Item,MENU0054,Himalayan Green Tea,,,,31.0,pcs,1.1,34.1,Recipe:ING038
Menu Item,MENU0054,Himalayan Green Tea,,,,31.0,pcs,0.32,9.92,Recipe:ING040
Menu Item,MENU0054,Himalayan Green Tea,,,,0.465,litre,90.0,41.85,Recipe:ING019
Menu Item,MENU0054,Himalayan Green Tea,,,,0.155,kg,620.0,96.1,Recipe:ING020
Menu Item,MENU0055,Japanese Matcha Latte - Regular,,,,0.522,kg,980.0,511.56,Recipe:ING001
Menu Item,MENU0055,Japanese Matcha Latte - Regular,,,,29.0,pcs,2.8,81.2,Recipe:ING037
Menu Item,MENU0055,Japanese Matcha Latte - Regular,,,,29.0,pcs,1.1,31.9,Recipe:ING038
Menu Item,MENU0055,Japanese Matcha Latte - Regular,,,,5.22,litre,72.0,375.84,Recipe:ING002
Menu Item,MENU0055,Japanese Matcha Latte - Regular,,,,29.0,pcs,0.32,9.28,Recipe:ING040
Menu Item,MENU0055,Japanese Matcha Latte - Regular,,,,0.435,litre,90.0,39.15,Recipe:ING019
Menu Item,MENU0056,Japanese Matcha Latte - Medium,,,,0.414,kg,980.0,405.72,Recipe:ING001
Menu Item,MENU0056,Japanese Matcha Latte - Medium,,,,20.0,pcs,2.8,56.0,Recipe:ING037
Menu Item,MENU0056,Japanese Matcha Latte - Medium,,,,20.0,pcs,1.1,22.0,Recipe:ING038
Menu Item,MENU0056,Japanese Matcha Latte - Medium,,,,4.14,litre,72.0,298.08,Recipe:ING002
Menu Item,MENU0056,Japanese Matcha Latte - Medium,,,,20.0,pcs,0.32,6.4,Recipe:ING040
Menu Item,MENU0056,Japanese Matcha Latte - Medium,,,,0.344,litre,90.0,30.96,Recipe:ING019
Menu Item,MENU0057,Japanese Matcha Latte - Large,,,,0.2106,kg,980.0,206.39,Recipe:ING001
Menu Item,MENU0057,Japanese Matcha Latte - Large,,,,9.0,pcs,2.8,25.2,Recipe:ING037
Menu Item,MENU0057,Japanese Matcha Latte - Large,,,,9.0,pcs,1.1,9.9,Recipe:ING038
Menu Item,MENU0057,Japanese Matcha Latte - Large,,,,2.106,litre,72.0,151.63,Recipe:ING002
Menu Item,MENU0057,Japanese Matcha Latte - Large,,,,9.0,pcs,0.32,2.88,Recipe:ING040
Menu Item,MENU0057,Japanese Matcha Latte - Large,,,,0.1755,litre,90.0,15.79,Recipe:ING019
Menu Item,MENU0058,Lemon Iced Tea - Regular,,,,21.0,pcs,3.2,67.2,Recipe:ING036
Menu Item,MENU0058,Lemon Iced Tea - Regular,,,,2.52,kg,12.0,30.24,Recipe:ING022
Menu Item,MENU0058,Lemon Iced Tea - Regular,,,,0.735,kg,110.0,80.85,Recipe:ING023
Menu Item,MENU0058,Lemon Iced Tea - Regular,,,,21.0,pcs,1.1,23.1,Recipe:ING038
Menu Item,MENU0058,Lemon Iced Tea - Regular,,,,21.0,pcs,0.32,6.72,Recipe:ING040
Menu Item,MENU0058,Lemon Iced Tea - Regular,,,,21.0,pcs,0.55,11.55,Recipe:ING039
Menu Item,MENU0058,Lemon Iced Tea - Regular,,,,0.315,litre,90.0,28.35,Recipe:ING019
Menu Item,MENU0058,Lemon Iced Tea - Regular,,,,0.084,kg,620.0,52.08,Recipe:ING020
Menu Item,MENU0059,Lemon Iced Tea - Medium,,,,14.0,pcs,3.2,44.8,Recipe:ING036
Menu Item,MENU0059,Lemon Iced Tea - Medium,,,,1.932,kg,12.0,23.18,Recipe:ING022
Menu Item,MENU0059,Lemon Iced Tea - Medium,,,,0.5642,kg,110.0,62.06,Recipe:ING023
Menu Item,MENU0059,Lemon Iced Tea - Medium,,,,14.0,pcs,1.1,15.4,Recipe:ING038
Menu Item,MENU0059,Lemon Iced Tea - Medium,,,,14.0,pcs,0.32,4.48,Recipe:ING040
Menu Item,MENU0059,Lemon Iced Tea - Medium,,,,14.0,pcs,0.55,7.7,Recipe:ING039
Menu Item,MENU0059,Lemon Iced Tea - Medium,,,,0.2408,litre,90.0,21.67,Recipe:ING019
Menu Item,MENU0059,Lemon Iced Tea - Medium,,,,0.0644,kg,620.0,39.93,Recipe:ING020
Menu Item,MENU0060,Lemon Iced Tea - Large,,,,12.0,pcs,3.2,38.4,Recipe:ING036
Menu Item,MENU0060,Lemon Iced Tea - Large,,,,1.872,kg,12.0,22.46,Recipe:ING022
Menu Item,MENU0060,Lemon Iced Tea - Large,,,,0.546,kg,110.0,60.06,Recipe:ING023
Menu Item,MENU0060,Lemon Iced Tea - Large,,,,12.0,pcs,1.1,13.2,Recipe:ING038
Menu Item,MENU0060,Lemon Iced Tea - Large,,,,12.0,pcs,0.32,3.84,Recipe:ING040
Menu Item,MENU0060,Lemon Iced Tea - Large,,,,12.0,pcs,0.55,6.6,Recipe:ING039
Menu Item,MENU0060,Lemon Iced Tea - Large,,,,0.234,litre,90.0,21.06,Recipe:ING019
Menu Item,MENU0060,Lemon Iced Tea - Large,,,,0.0624,kg,620.0,38.69,Recipe:ING020
Menu Item,MENU0061,Hibiscus Lime Iced Tea - Regular,,,,14.0,pcs,3.2,44.8,Recipe:ING036
Menu Item,MENU0061,Hibiscus Lime Iced Tea - Regular,,,,0.49,litre,390.0,191.1,Recipe:ING024
Menu Item,MENU0061,Hibiscus Lime Iced Tea - Regular,,,,1.68,kg,12.0,20.16,Recipe:ING022
Menu Item,MENU0061,Hibiscus Lime Iced Tea - Regular,,,,14.0,pcs,1.1,15.4,Recipe:ING038
Menu Item,MENU0061,Hibiscus Lime Iced Tea - Regular,,,,14.0,pcs,0.32,4.48,Recipe:ING040
Menu Item,MENU0061,Hibiscus Lime Iced Tea - Regular,,,,14.0,pcs,0.55,7.7,Recipe:ING039
Menu Item,MENU0061,Hibiscus Lime Iced Tea - Regular,,,,0.21,litre,90.0,18.9,Recipe:ING019
Menu Item,MENU0061,Hibiscus Lime Iced Tea - Regular,,,,0.056,kg,620.0,34.72,Recipe:ING020
Menu Item,MENU0062,Hibiscus Lime Iced Tea - Medium,,,,14.0,pcs,3.2,44.8,Recipe:ING036
Menu Item,MENU0062,Hibiscus Lime Iced Tea - Medium,,,,0.5642,litre,390.0,220.04,Recipe:ING024
Menu Item,MENU0062,Hibiscus Lime Iced Tea - Medium,,,,1.932,kg,12.0,23.18,Recipe:ING022
Menu Item,MENU0062,Hibiscus Lime Iced Tea - Medium,,,,14.0,pcs,1.1,15.4,Recipe:ING038
Menu Item,MENU0062,Hibiscus Lime Iced Tea - Medium,,,,14.0,pcs,0.32,4.48,Recipe:ING040
Menu Item,MENU0062,Hibiscus Lime Iced Tea - Medium,,,,14.0,pcs,0.55,7.7,Recipe:ING039
Menu Item,MENU0062,Hibiscus Lime Iced Tea - Medium,,,,0.2408,litre,90.0,21.67,Recipe:ING019
Menu Item,MENU0062,Hibiscus Lime Iced Tea - Medium,,,,0.0644,kg,620.0,39.93,Recipe:ING020
Menu Item,MENU0063,Hibiscus Lime Iced Tea - Large,,,,5.0,pcs,3.2,16.0,Recipe:ING036
Menu Item,MENU0063,Hibiscus Lime Iced Tea - Large,,,,0.2275,litre,390.0,88.73,Recipe:ING024
Menu Item,MENU0063,Hibiscus Lime Iced Tea - Large,,,,0.78,kg,12.0,9.36,Recipe:ING022
Menu Item,MENU0063,Hibiscus Lime Iced Tea - Large,,,,5.0,pcs,1.1,5.5,Recipe:ING038
Menu Item,MENU0063,Hibiscus Lime Iced Tea - Large,,,,5.0,pcs,0.32,1.6,Recipe:ING040
Menu Item,MENU0063,Hibiscus Lime Iced Tea - Large,,,,5.0,pcs,0.55,2.75,Recipe:ING039
Menu Item,MENU0063,Hibiscus Lime Iced Tea - Large,,,,0.0975,litre,90.0,8.78,Recipe:ING019
Menu Item,MENU0063,Hibiscus Lime Iced Tea - Large,,,,0.026,kg,620.0,16.12,Recipe:ING020
Menu Item,MENU0064,Hot Chocolate - Regular,,,,0.3,litre,260.0,78.0,Recipe:ING016
Menu Item,MENU0064,Hot Chocolate - Regular,,,,5.0,pcs,2.8,14.0,Recipe:ING037
Menu Item,MENU0064,Hot Chocolate - Regular,,,,5.0,pcs,1.1,5.5,Recipe:ING038
Menu Item,MENU0064,Hot Chocolate - Regular,,,,1.0,litre,72.0,72.0,Recipe:ING002
Menu Item,MENU0064,Hot Chocolate - Regular,,,,5.0,pcs,0.32,1.6,Recipe:ING040
Menu Item,MENU0064,Hot Chocolate - Regular,,,,0.075,litre,90.0,6.75,Recipe:ING019
Menu Item,MENU0065,Hot Chocolate - Medium,,,,0.414,litre,260.0,107.64,Recipe:ING016
Menu Item,MENU0065,Hot Chocolate - Medium,,,,6.0,pcs,2.8,16.8,Recipe:ING037
Menu Item,MENU0065,Hot Chocolate - Medium,,,,6.0,pcs,1.1,6.6,Recipe:ING038
Menu Item,MENU0065,Hot Chocolate - Medium,,,,1.38,litre,72.0,99.36,Recipe:ING002
Menu Item,MENU0065,Hot Chocolate - Medium,,,,6.0,pcs,0.32,1.92,Recipe:ING040
Menu Item,MENU0065,Hot Chocolate - Medium,,,,0.1032,litre,90.0,9.29,Recipe:ING019
Menu Item,MENU0067,Babyccino - Regular,,,,6.0,pcs,2.8,16.8,Recipe:ING037
Menu Item,MENU0067,Babyccino - Regular,,,,6.0,pcs,1.1,6.6,Recipe:ING038
Menu Item,MENU0067,Babyccino - Regular,,,,0.72,litre,72.0,51.84,Recipe:ING002
Menu Item,MENU0067,Babyccino - Regular,,,,6.0,pcs,0.32,1.92,Recipe:ING040
Menu Item,MENU0067,Babyccino - Regular,,,,0.09,litre,90.0,8.1,Recipe:ING019
Menu Item,MENU0068,Choco Chip Shake - Regular,,,,0.325,litre,260.0,84.5,Recipe:ING016
Menu Item,MENU0068,Choco Chip Shake - Regular,,,,13.0,pcs,3.2,41.6,Recipe:ING036
Menu Item,MENU0068,Choco Chip Shake - Regular,,,,0.325,litre,210.0,68.25,Recipe:ING004
Menu Item,MENU0068,Choco Chip Shake - Regular,,,,1.56,kg,12.0,18.72,Recipe:ING022
Menu Item,MENU0068,Choco Chip Shake - Regular,,,,13.0,pcs,1.1,14.3,Recipe:ING038
Menu Item,MENU0068,Choco Chip Shake - Regular,,,,2.6,litre,72.0,187.2,Recipe:ING002
Menu Item,MENU0068,Choco Chip Shake - Regular,,,,13.0,pcs,0.32,4.16,Recipe:ING040
Menu Item,MENU0068,Choco Chip Shake - Regular,,,,13.0,pcs,0.55,7.15,Recipe:ING039
Menu Item,MENU0068,Choco Chip Shake - Regular,,,,0.195,litre,90.0,17.55,Recipe:ING019
Menu Item,MENU0069,Choco Chip Shake - Medium,,,,0.5166,litre,260.0,134.32,Recipe:ING016
Menu Item,MENU0069,Choco Chip Shake - Medium,,,,18.0,pcs,3.2,57.6,Recipe:ING036
Menu Item,MENU0069,Choco Chip Shake - Medium,,,,0.5166,litre,210.0,108.49,Recipe:ING004
Menu Item,MENU0069,Choco Chip Shake - Medium,,,,2.484,kg,12.0,29.81,Recipe:ING022
Menu Item,MENU0069,Choco Chip Shake - Medium,,,,18.0,pcs,1.1,19.8,Recipe:ING038
Menu Item,MENU0069,Choco Chip Shake - Medium,,,,4.14,litre,72.0,298.08,Recipe:ING002
Menu Item,MENU0069,Choco Chip Shake - Medium,,,,18.0,pcs,0.32,5.76,Recipe:ING040
Menu Item,MENU0069,Choco Chip Shake - Medium,,,,18.0,pcs,0.55,9.9,Recipe:ING039
Menu Item,MENU0069,Choco Chip Shake - Medium,,,,0.3096,litre,90.0,27.86,Recipe:ING019
Menu Item,MENU0070,Choco Chip Shake - Large,,,,0.26,litre,260.0,67.6,Recipe:ING016
Menu Item,MENU0070,Choco Chip Shake - Large,,,,8.0,pcs,3.2,25.6,Recipe:ING036
Menu Item,MENU0070,Choco Chip Shake - Large,,,,0.26,litre,210.0,54.6,Recipe:ING004
Menu Item,MENU0070,Choco Chip Shake - Large,,,,1.248,kg,12.0,14.98,Recipe:ING022
Menu Item,MENU0070,Choco Chip Shake - Large,,,,8.0,pcs,1.1,8.8,Recipe:ING038
Menu Item,MENU0070,Choco Chip Shake - Large,,,,2.08,litre,72.0,149.76,Recipe:ING002
Menu Item,MENU0070,Choco Chip Shake - Large,,,,8.0,pcs,0.32,2.56,Recipe:ING040
Menu Item,MENU0070,Choco Chip Shake - Large,,,,8.0,pcs,0.55,4.4,Recipe:ING039
Menu Item,MENU0070,Choco Chip Shake - Large,,,,0.156,litre,90.0,14.04,Recipe:ING019
Menu Item,MENU0071,Mixed Berry Shake - Regular,,,,21.0,pcs,3.2,67.2,Recipe:ING036
Menu Item,MENU0071,Mixed Berry Shake - Regular,,,,0.525,litre,210.0,110.25,Recipe:ING004
Menu Item,MENU0071,Mixed Berry Shake - Regular,,,,2.52,kg,12.0,30.24,Recipe:ING022
Menu Item,MENU0071,Mixed Berry Shake - Regular,,,,21.0,pcs,1.1,23.1,Recipe:ING038
Menu Item,MENU0071,Mixed Berry Shake - Regular,,,,4.2,litre,72.0,302.4,Recipe:ING002
Menu Item,MENU0071,Mixed Berry Shake - Regular,,,,1.68,kg,420.0,705.6,Recipe:ING025
Menu Item,MENU0071,Mixed Berry Shake - Regular,,,,21.0,pcs,0.32,6.72,Recipe:ING040
Menu Item,MENU0071,Mixed Berry Shake - Regular,,,,21.0,pcs,0.55,11.55,Recipe:ING039
Menu Item,MENU0071,Mixed Berry Shake - Regular,,,,0.315,litre,90.0,28.35,Recipe:ING019
Menu Item,MENU0072,Mixed Berry Shake - Medium,,,,10.0,pcs,3.2,32.0,Recipe:ING036
Menu Item,MENU0072,Mixed Berry Shake - Medium,,,,0.287,litre,210.0,60.27,Recipe:ING004
Menu Item,MENU0072,Mixed Berry Shake - Medium,,,,1.38,kg,12.0,16.56,Recipe:ING022
Menu Item,MENU0072,Mixed Berry Shake - Medium,,,,10.0,pcs,1.1,11.0,Recipe:ING038
Menu Item,MENU0072,Mixed Berry Shake - Medium,,,,2.3,litre,72.0,165.6,Recipe:ING002
Menu Item,MENU0072,Mixed Berry Shake - Medium,,,,0.92,kg,420.0,386.4,Recipe:ING025
Menu Item,MENU0072,Mixed Berry Shake - Medium,,,,10.0,pcs,0.32,3.2,Recipe:ING040
Menu Item,MENU0072,Mixed Berry Shake - Medium,,,,10.0,pcs,0.55,5.5,Recipe:ING039
Menu Item,MENU0072,Mixed Berry Shake - Medium,,,,0.172,litre,90.0,15.48,Recipe:ING019
Menu Item,MENU0073,Mixed Berry Shake - Large,,,,8.0,pcs,3.2,25.6,Recipe:ING036
Menu Item,MENU0073,Mixed Berry Shake - Large,,,,0.26,litre,210.0,54.6,Recipe:ING004
Menu Item,MENU0073,Mixed Berry Shake - Large,,,,1.248,kg,12.0,14.98,Recipe:ING022
Menu Item,MENU0073,Mixed Berry Shake - Large,,,,8.0,pcs,1.1,8.8,Recipe:ING038
Menu Item,MENU0073,Mixed Berry Shake - Large,,,,2.08,litre,72.0,149.76,Recipe:ING002
Menu Item,MENU0073,Mixed Berry Shake - Large,,,,0.832,kg,420.0,349.44,Recipe:ING025
Menu Item,MENU0073,Mixed Berry Shake - Large,,,,8.0,pcs,0.32,2.56,Recipe:ING040
Menu Item,MENU0073,Mixed Berry Shake - Large,,,,8.0,pcs,0.55,4.4,Recipe:ING039
Menu Item,MENU0073,Mixed Berry Shake - Large,,,,0.156,litre,90.0,14.04,Recipe:ING019
Menu Item,MENU0074,Seasonal Smoothie - Regular,,,,0.96,kg,72.0,69.12,Recipe:ING026
Menu Item,MENU0074,Seasonal Smoothie - Regular,,,,12.0,pcs,3.2,38.4,Recipe:ING036
Menu Item,MENU0074,Seasonal Smoothie - Regular,,,,0.3,litre,210.0,63.0,Recipe:ING004
Menu Item,MENU0074,Seasonal Smoothie - Regular,,,,1.44,kg,12.0,17.28,Recipe:ING022
Menu Item,MENU0074,Seasonal Smoothie - Regular,,,,12.0,pcs,1.1,13.2,Recipe:ING038
Menu Item,MENU0074,Seasonal Smoothie - Regular,,,,2.4,litre,72.0,172.8,Recipe:ING002
Menu Item,MENU0074,Seasonal Smoothie - Regular,,,,12.0,pcs,0.32,3.84,Recipe:ING040
Menu Item,MENU0074,Seasonal Smoothie - Regular,,,,12.0,pcs,0.55,6.6,Recipe:ING039
Menu Item,MENU0074,Seasonal Smoothie - Regular,,,,0.18,litre,90.0,16.2,Recipe:ING019
Menu Item,MENU0075,Seasonal Smoothie - Medium,,,,1.104,kg,72.0,79.49,Recipe:ING026
Menu Item,MENU0075,Seasonal Smoothie - Medium,,,,12.0,pcs,3.2,38.4,Recipe:ING036
Menu Item,MENU0075,Seasonal Smoothie - Medium,,,,0.3444,litre,210.0,72.32,Recipe:ING004
Menu Item,MENU0075,Seasonal Smoothie - Medium,,,,1.656,kg,12.0,19.87,Recipe:ING022
Menu Item,MENU0075,Seasonal Smoothie - Medium,,,,12.0,pcs,1.1,13.2,Recipe:ING038
Menu Item,MENU0075,Seasonal Smoothie - Medium,,,,2.76,litre,72.0,198.72,Recipe:ING002
Menu Item,MENU0075,Seasonal Smoothie - Medium,,,,12.0,pcs,0.32,3.84,Recipe:ING040
Menu Item,MENU0075,Seasonal Smoothie - Medium,,,,12.0,pcs,0.55,6.6,Recipe:ING039
Menu Item,MENU0075,Seasonal Smoothie - Medium,,,,0.2064,litre,90.0,18.58,Recipe:ING019
Menu Item,MENU0076,Seasonal Smoothie - Large,,,,1.04,kg,72.0,74.88,Recipe:ING026
Menu Item,MENU0076,Seasonal Smoothie - Large,,,,10.0,pcs,3.2,32.0,Recipe:ING036
Menu Item,MENU0076,Seasonal Smoothie - Large,,,,0.325,litre,210.0,68.25,Recipe:ING004
Menu Item,MENU0076,Seasonal Smoothie - Large,,,,1.56,kg,12.0,18.72,Recipe:ING022
Menu Item,MENU0076,Seasonal Smoothie - Large,,,,10.0,pcs,1.1,11.0,Recipe:ING038
Menu Item,MENU0076,Seasonal Smoothie - Large,,,,2.6,litre,72.0,187.2,Recipe:ING002
Menu Item,MENU0076,Seasonal Smoothie - Large,,,,10.0,pcs,0.32,3.2,Recipe:ING040
Menu Item,MENU0076,Seasonal Smoothie - Large,,,,10.0,pcs,0.55,5.5,Recipe:ING039
Menu Item,MENU0076,Seasonal Smoothie - Large,,,,0.195,litre,90.0,17.55,Recipe:ING019
Menu Item,MENU0077,Spicy Paneer Wrap,,,,0.35,kg,84.0,29.4,Recipe:ING030
Menu Item,MENU0077,Spicy Paneer Wrap,,,,0.35,kg,280.0,98.0,Recipe:ING033
Menu Item,MENU0077,Spicy Paneer Wrap,,,,0.35,kg,95.0,33.25,Recipe:ING028
Menu Item,MENU0077,Spicy Paneer Wrap,,,,28.0,pcs,0.32,8.96,Recipe:ING040
Menu Item,MENU0077,Spicy Paneer Wrap,,,,0.28,kg,42.0,11.76,Recipe:ING029
Menu Item,MENU0077,Spicy Paneer Wrap,,,,1.54,kg,360.0,554.4,Recipe:ING005
Menu Item,MENU0077,Spicy Paneer Wrap,,,,14.0,pcs,15.0,210.0,Recipe:ING011
Menu Item,MENU0077,Spicy Paneer Wrap,,,,14.0,pcs,5.8,81.2,Recipe:ING043
Menu Item,MENU0078,Shredded Chicken Wrap,,,,0.4,kg,84.0,33.6,Recipe:ING030
Menu Item,MENU0078,Shredded Chicken Wrap,,,,1.76,kg,330.0,580.8,Recipe:ING007
Menu Item,MENU0078,Shredded Chicken Wrap,,,,0.4,kg,280.0,112.0,Recipe:ING033
Menu Item,MENU0078,Shredded Chicken Wrap,,,,0.4,kg,95.0,38.0,Recipe:ING028
Menu Item,MENU0078,Shredded Chicken Wrap,,,,32.0,pcs,0.32,10.24,Recipe:ING040
Menu Item,MENU0078,Shredded Chicken Wrap,,,,0.32,kg,42.0,13.44,Recipe:ING029
Menu Item,MENU0078,Shredded Chicken Wrap,,,,16.0,pcs,15.0,240.0,Recipe:ING011
Menu Item,MENU0078,Shredded Chicken Wrap,,,,16.0,pcs,5.8,92.8,Recipe:ING043
Menu Item,MENU0079,Smoked Chipotle Paneer Sandwich,,,,60.0,pcs,12.0,720.0,Recipe:ING009
Menu Item,MENU0079,Smoked Chipotle Paneer Sandwich,,,,0.9,kg,480.0,432.0,Recipe:ING006
Menu Item,MENU0079,Smoked Chipotle Paneer Sandwich,,,,0.6,kg,280.0,168.0,Recipe:ING033
Menu Item,MENU0079,Smoked Chipotle Paneer Sandwich,,,,0.6,kg,95.0,57.0,Recipe:ING028
Menu Item,MENU0079,Smoked Chipotle Paneer Sandwich,,,,60.0,pcs,0.32,19.2,Recipe:ING040
Menu Item,MENU0079,Smoked Chipotle Paneer Sandwich,,,,3.0,kg,360.0,1080.0,Recipe:ING005
Menu Item,MENU0079,Smoked Chipotle Paneer Sandwich,,,,30.0,pcs,6.5,195.0,Recipe:ING042
Menu Item,MENU0079,Smoked Chipotle Paneer Sandwich,,,,0.9,kg,54.0,48.6,Recipe:ING031
Menu Item,MENU0080,Pesto Veg Sandwich,,,,62.0,pcs,12.0,744.0,Recipe:ING009
Menu Item,MENU0080,Pesto Veg Sandwich,,,,0.93,kg,480.0,446.4,Recipe:ING006
Menu Item,MENU0080,Pesto Veg Sandwich,,,,0.62,kg,95.0,58.9,Recipe:ING028
Menu Item,MENU0080,Pesto Veg Sandwich,,,,62.0,pcs,0.32,19.84,Recipe:ING040
Menu Item,MENU0080,Pesto Veg Sandwich,,,,3.1,kg,360.0,1116.0,Recipe:ING005
Menu Item,MENU0080,Pesto Veg Sandwich,,,,0.62,kg,340.0,210.8,Recipe:ING032
Menu Item,MENU0080,Pesto Veg Sandwich,,,,31.0,pcs,6.5,201.5,Recipe:ING042
Menu Item,MENU0080,Pesto Veg Sandwich,,,,0.93,kg,54.0,50.22,Recipe:ING031
Menu Item,MENU0081,Pepper Chicken Sandwich,,,,76.0,pcs,12.0,912.0,Recipe:ING009
Menu Item,MENU0081,Pepper Chicken Sandwich,,,,1.14,kg,480.0,547.2,Recipe:ING006
Menu Item,MENU0081,Pepper Chicken Sandwich,,,,3.8,kg,330.0,1254.0,Recipe:ING007
Menu Item,MENU0081,Pepper Chicken Sandwich,,,,0.76,kg,280.0,212.8,Recipe:ING033
Menu Item,MENU0081,Pepper Chicken Sandwich,,,,0.76,kg,95.0,72.2,Recipe:ING028
Menu Item,MENU0081,Pepper Chicken Sandwich,,,,76.0,pcs,0.32,24.32,Recipe:ING040
Menu Item,MENU0081,Pepper Chicken Sandwich,,,,38.0,pcs,6.5,247.0,Recipe:ING042
Menu Item,MENU0081,Pepper Chicken Sandwich,,,,1.14,kg,54.0,61.56,Recipe:ING031
Menu Item,MENU0082,Tandoori Chicken Sandwich,,,,84.0,pcs,12.0,1008.0,Recipe:ING009
Menu Item,MENU0082,Tandoori Chicken Sandwich,,,,1.26,kg,480.0,604.8,Recipe:ING006
Menu Item,MENU0082,Tandoori Chicken Sandwich,,,,4.2,kg,330.0,1386.0,Recipe:ING007
Menu Item,MENU0082,Tandoori Chicken Sandwich,,,,0.84,kg,280.0,235.2,Recipe:ING033
Menu Item,MENU0082,Tandoori Chicken Sandwich,,,,0.84,kg,95.0,79.8,Recipe:ING028
Menu Item,MENU0082,Tandoori Chicken Sandwich,,,,84.0,pcs,0.32,26.88,Recipe:ING040
Menu Item,MENU0082,Tandoori Chicken Sandwich,,,,42.0,pcs,6.5,273.0,Recipe:ING042
Menu Item,MENU0082,Tandoori Chicken Sandwich,,,,1.26,kg,54.0,68.04,Recipe:ING031
Menu Item,MENU0083,Chilli Cheese Garlic Toast,,,,0.2,kg,310.0,62.0,Recipe:ING035
Menu Item,MENU0083,Chilli Cheese Garlic Toast,,,,10.0,pcs,12.0,120.0,Recipe:ING009
Menu Item,MENU0083,Chilli Cheese Garlic Toast,,,,0.35,kg,480.0,168.0,Recipe:ING006
Menu Item,MENU0083,Chilli Cheese Garlic Toast,,,,20.0,pcs,0.32,6.4,Recipe:ING040
Menu Item,MENU0083,Chilli Cheese Garlic Toast,,,,10.0,pcs,6.5,65.0,Recipe:ING042
Menu Item,MENU0084,Chicken Pepperoni Avocado Toast,,,,0.24,kg,310.0,74.4,Recipe:ING035
Menu Item,MENU0084,Chicken Pepperoni Avocado Toast,,,,12.0,pcs,12.0,144.0,Recipe:ING009
Menu Item,MENU0084,Chicken Pepperoni Avocado Toast,,,,0.42,kg,480.0,201.6,Recipe:ING006
Menu Item,MENU0084,Chicken Pepperoni Avocado Toast,,,,0.96,kg,330.0,316.8,Recipe:ING007
Menu Item,MENU0084,Chicken Pepperoni Avocado Toast,,,,24.0,pcs,0.32,7.68,Recipe:ING040
Menu Item,MENU0084,Chicken Pepperoni Avocado Toast,,,,12.0,pcs,6.5,78.0,Recipe:ING042
Menu Item,MENU0085,Hummus and Pita Platter,,,,0.15,kg,310.0,46.5,Recipe:ING035
Menu Item,MENU0085,Hummus and Pita Platter,,,,10.0,pcs,12.0,120.0,Recipe:ING009
Menu Item,MENU0085,Hummus and Pita Platter,,,,0.15,kg,95.0,14.25,Recipe:ING028
Menu Item,MENU0085,Hummus and Pita Platter,,,,10.0,pcs,0.32,3.2,Recipe:ING040
Menu Item,MENU0085,Hummus and Pita Platter,,,,5.0,pcs,6.5,32.5,Recipe:ING042
Menu Item,MENU0085,Hummus and Pita Platter,,,,0.2,kg,54.0,10.8,Recipe:ING031
Menu Item,MENU0086,Breakfast Pancakes,,,,0.4,kg,520.0,208.0,Recipe:ING027
Menu Item,MENU0086,Breakfast Pancakes,,,,16.0,pcs,46.0,736.0,Recipe:ING014
Menu Item,MENU0086,Breakfast Pancakes,,,,16.0,pcs,5.0,80.0,Recipe:ING041
Menu Item,MENU0086,Breakfast Pancakes,,,,32.0,pcs,0.32,10.24,Recipe:ING040
Menu Item,MENU0086,Breakfast Pancakes,,,,0.4,litre,90.0,36.0,Recipe:ING019
Menu Item,MENU0087,Cream Cheese Bagel,,,,23.0,pcs,28.0,644.0,Recipe:ING010
Menu Item,MENU0087,Cream Cheese Bagel,,,,0.575,kg,480.0,276.0,Recipe:ING006
Menu Item,MENU0087,Cream Cheese Bagel,,,,0.805,litre,210.0,169.05,Recipe:ING004
Menu Item,MENU0087,Cream Cheese Bagel,,,,46.0,pcs,0.32,14.72,Recipe:ING040
Menu Item,MENU0087,Cream Cheese Bagel,,,,23.0,pcs,6.5,149.5,Recipe:ING042
Menu Item,MENU0088,Scallion Pepper Cream Cheese Bagel,,,,17.0,pcs,28.0,476.0,Recipe:ING010
Menu Item,MENU0088,Scallion Pepper Cream Cheese Bagel,,,,0.425,kg,480.0,204.0,Recipe:ING006
Menu Item,MENU0088,Scallion Pepper Cream Cheese Bagel,,,,0.595,litre,210.0,124.95,Recipe:ING004
Menu Item,MENU0088,Scallion Pepper Cream Cheese Bagel,,,,34.0,pcs,0.32,10.88,Recipe:ING040
Menu Item,MENU0088,Scallion Pepper Cream Cheese Bagel,,,,17.0,pcs,6.5,110.5,Recipe:ING042
Menu Item,MENU0089,Masala Egg Bun,,,,20.0,pcs,12.0,240.0,Recipe:ING009
Menu Item,MENU0089,Masala Egg Bun,,,,0.4,kg,480.0,192.0,Recipe:ING006
Menu Item,MENU0089,Masala Egg Bun,,,,40.0,pcs,7.0,280.0,Recipe:ING008
Menu Item,MENU0089,Masala Egg Bun,,,,40.0,pcs,0.32,12.8,Recipe:ING040
Menu Item,MENU0089,Masala Egg Bun,,,,20.0,pcs,6.5,130.0,Recipe:ING042
Menu Item,MENU0090,Marinara Cheese Pin Wheels,,,,15.0,pcs,12.0,180.0,Recipe:ING009
Menu Item,MENU0090,Marinara Cheese Pin Wheels,,,,0.45,kg,480.0,216.0,Recipe:ING006
Menu Item,MENU0090,Marinara Cheese Pin Wheels,,,,30.0,pcs,0.32,9.6,Recipe:ING040
Menu Item,MENU0090,Marinara Cheese Pin Wheels,,,,0.375,kg,190.0,71.25,Recipe:ING034
Menu Item,MENU0090,Marinara Cheese Pin Wheels,,,,15.0,pcs,6.5,97.5,Recipe:ING042
Menu Item,MENU0091,Pesto Sundried Tomato Pin Wheel,,,,13.0,pcs,12.0,156.0,Recipe:ING009
Menu Item,MENU0091,Pesto Sundried Tomato Pin Wheel,,,,0.39,kg,480.0,187.2,Recipe:ING006
Menu Item,MENU0091,Pesto Sundried Tomato Pin Wheel,,,,26.0,pcs,0.32,8.32,Recipe:ING040
Menu Item,MENU0091,Pesto Sundried Tomato Pin Wheel,,,,0.325,kg,340.0,110.5,Recipe:ING032
Menu Item,MENU0091,Pesto Sundried Tomato Pin Wheel,,,,13.0,pcs,6.5,84.5,Recipe:ING042
Menu Item,MENU0092,Turnover with Brioche Dough Chicken,,,,0.325,kg,480.0,156.0,Recipe:ING006
Menu Item,MENU0092,Turnover with Brioche Dough Chicken,,,,1.04,kg,330.0,343.2,Recipe:ING007
Menu Item,MENU0092,Turnover with Brioche Dough Chicken,,,,13.0,pcs,42.0,546.0,Recipe:ING012
Menu Item,MENU0092,Turnover with Brioche Dough Chicken,,,,26.0,pcs,0.32,8.32,Recipe:ING040
Menu Item,MENU0092,Turnover with Brioche Dough Chicken,,,,13.0,pcs,6.5,84.5,Recipe:ING042
Menu Item,MENU0093,Turnover with Brioche Dough Veg,,,,0.275,kg,480.0,132.0,Recipe:ING006
Menu Item,MENU0093,Turnover with Brioche Dough Veg,,,,11.0,pcs,42.0,462.0,Recipe:ING012
Menu Item,MENU0093,Turnover with Brioche Dough Veg,,,,22.0,pcs,0.32,7.04,Recipe:ING040
Menu Item,MENU0093,Turnover with Brioche Dough Veg,,,,0.88,kg,360.0,316.8,Recipe:ING005
Menu Item,MENU0093,Turnover with Brioche Dough Veg,,,,11.0,pcs,6.5,71.5,Recipe:ING042
Menu Item,MENU0094,Butter Croissant,,,,0.34,kg,520.0,176.8,Recipe:ING027
Menu Item,MENU0094,Butter Croissant,,,,17.0,pcs,42.0,714.0,Recipe:ING012
Menu Item,MENU0094,Butter Croissant,,,,17.0,pcs,5.0,85.0,Recipe:ING041
Menu Item,MENU0094,Butter Croissant,,,,34.0,pcs,0.32,10.88,Recipe:ING040
Menu Item,MENU0095,Almond Croissant,,,,0.42,kg,520.0,218.4,Recipe:ING027
Menu Item,MENU0095,Almond Croissant,,,,21.0,pcs,42.0,882.0,Recipe:ING012
Menu Item,MENU0095,Almond Croissant,,,,21.0,pcs,5.0,105.0,Recipe:ING041
Menu Item,MENU0095,Almond Croissant,,,,42.0,pcs,0.32,13.44,Recipe:ING040
Menu Item,MENU0096,Chocolate Croissant,,,,0.4,kg,520.0,208.0,Recipe:ING027
Menu Item,MENU0096,Chocolate Croissant,,,,0.5,litre,260.0,130.0,Recipe:ING016
Menu Item,MENU0096,Chocolate Croissant,,,,20.0,pcs,42.0,840.0,Recipe:ING012
Menu Item,MENU0096,Chocolate Croissant,,,,20.0,pcs,5.0,100.0,Recipe:ING041
Menu Item,MENU0096,Chocolate Croissant,,,,40.0,pcs,0.32,12.8,Recipe:ING040
Menu Item,MENU0097,Mushroom Cheese Croissant,,,,0.54,kg,520.0,280.8,Recipe:ING027
Menu Item,MENU0097,Mushroom Cheese Croissant,,,,0.945,kg,480.0,453.6,Recipe:ING006
Menu Item,MENU0097,Mushroom Cheese Croissant,,,,27.0,pcs,42.0,1134.0,Recipe:ING012
Menu Item,MENU0097,Mushroom Cheese Croissant,,,,27.0,pcs,5.0,135.0,Recipe:ING041
Menu Item,MENU0097,Mushroom Cheese Croissant,,,,54.0,pcs,0.32,17.28,Recipe:ING040
Menu Item,MENU0098,Sriracha Chicken Croissant,,,,0.58,kg,520.0,301.6,Recipe:ING027
Menu Item,MENU0098,Sriracha Chicken Croissant,,,,2.03,kg,330.0,669.9,Recipe:ING007
Menu Item,MENU0098,Sriracha Chicken Croissant,,,,29.0,pcs,42.0,1218.0,Recipe:ING012
Menu Item,MENU0098,Sriracha Chicken Croissant,,,,29.0,pcs,5.0,145.0,Recipe:ING041
Menu Item,MENU0098,Sriracha Chicken Croissant,,,,58.0,pcs,0.32,18.56,Recipe:ING040
Menu Item,MENU0099,Cinnamon Roll with Cream Cheese,,,,0.425,litre,210.0,89.25,Recipe:ING004
Menu Item,MENU0099,Cinnamon Roll with Cream Cheese,,,,17.0,pcs,42.0,714.0,Recipe:ING012
Menu Item,MENU0099,Cinnamon Roll with Cream Cheese,,,,17.0,pcs,5.0,85.0,Recipe:ING041
Menu Item,MENU0099,Cinnamon Roll with Cream Cheese,,,,17.0,pcs,0.32,5.44,Recipe:ING040
Menu Item,MENU0100,Banana Walnut Tea Cake,,,,1.19,kg,72.0,85.68,Recipe:ING026
Menu Item,MENU0100,Banana Walnut Tea Cake,,,,17.0,pcs,46.0,782.0,Recipe:ING014
Menu Item,MENU0100,Banana Walnut Tea Cake,,,,0.425,litre,210.0,89.25,Recipe:ING004
Menu Item,MENU0100,Banana Walnut Tea Cake,,,,17.0,pcs,5.0,85.0,Recipe:ING041
Menu Item,MENU0100,Banana Walnut Tea Cake,,,,17.0,pcs,0.32,5.44,Recipe:ING040
Menu Item,MENU0101,Lemon Raspberry Tea Cake,,,,13.0,pcs,46.0,598.0,Recipe:ING014
Menu Item,MENU0101,Lemon Raspberry Tea Cake,,,,0.325,litre,210.0,68.25,Recipe:ING004
Menu Item,MENU0101,Lemon Raspberry Tea Cake,,,,13.0,pcs,5.0,65.0,Recipe:ING041
Menu Item,MENU0101,Lemon Raspberry Tea Cake,,,,13.0,pcs,0.32,4.16,Recipe:ING040
Menu Item,MENU0102,Double Chocolate Truffle Cake,,,,15.0,pcs,46.0,690.0,Recipe:ING014
Menu Item,MENU0102,Double Chocolate Truffle Cake,,,,0.375,litre,260.0,97.5,Recipe:ING016
Menu Item,MENU0102,Double Chocolate Truffle Cake,,,,0.375,litre,210.0,78.75,Recipe:ING004
Menu Item,MENU0102,Double Chocolate Truffle Cake,,,,15.0,pcs,5.0,75.0,Recipe:ING041
Menu Item,MENU0102,Double Chocolate Truffle Cake,,,,15.0,pcs,0.32,4.8,Recipe:ING040
Menu Item,MENU0103,Banoffee Pie,,,,9.0,pcs,46.0,414.0,Recipe:ING014
Menu Item,MENU0103,Banoffee Pie,,,,0.225,litre,210.0,47.25,Recipe:ING004
Menu Item,MENU0103,Banoffee Pie,,,,9.0,pcs,5.0,45.0,Recipe:ING041
Menu Item,MENU0103,Banoffee Pie,,,,9.0,pcs,0.32,2.88,Recipe:ING040
Menu Item,MENU0104,Classic Chocolate Fudge Brownie,,,,15.0,pcs,34.0,510.0,Recipe:ING013
Menu Item,MENU0104,Classic Chocolate Fudge Brownie,,,,0.675,litre,260.0,175.5,Recipe:ING016
Menu Item,MENU0104,Classic Chocolate Fudge Brownie,,,,15.0,pcs,5.0,75.0,Recipe:ING041
Menu Item,MENU0104,Classic Chocolate Fudge Brownie,,,,15.0,pcs,0.32,4.8,Recipe:ING040
Menu Item,MENU0105,Soft-Centred Caramel Cookie,,,,0.22,kg,520.0,114.4,Recipe:ING027
Menu Item,MENU0105,Soft-Centred Caramel Cookie,,,,6.05,pcs,46.0,278.3,Recipe:ING014
Menu Item,MENU0105,Soft-Centred Caramel Cookie,,,,0.22,litre,250.0,55.0,Recipe:ING017
Menu Item,MENU0105,Soft-Centred Caramel Cookie,,,,11.0,pcs,5.0,55.0,Recipe:ING041
Menu Item,MENU0105,Soft-Centred Caramel Cookie,,,,11.0,pcs,0.32,3.52,Recipe:ING040
Menu Item,MENU0106,Death by Chocolate Cookie,,,,0.24,kg,520.0,124.8,Recipe:ING027
Menu Item,MENU0106,Death by Chocolate Cookie,,,,6.6,pcs,46.0,303.6,Recipe:ING014
Menu Item,MENU0106,Death by Chocolate Cookie,,,,0.3,litre,260.0,78.0,Recipe:ING016
Menu Item,MENU0106,Death by Chocolate Cookie,,,,12.0,pcs,5.0,60.0,Recipe:ING041
Menu Item,MENU0106,Death by Chocolate Cookie,,,,12.0,pcs,0.32,3.84,Recipe:ING040
Menu Item,MENU0107,Jaggery Parmesan Cookie,,,,0.4,kg,520.0,208.0,Recipe:ING027
Menu Item,MENU0107,Jaggery Parmesan Cookie,,,,11.0,pcs,46.0,506.0,Recipe:ING014
Menu Item,MENU0107,Jaggery Parmesan Cookie,,,,20.0,pcs,5.0,100.0,Recipe:ING041
Menu Item,MENU0107,Jaggery Parmesan Cookie,,,,20.0,pcs,0.32,6.4,Recipe:ING040
Menu Item,MENU0108,Apple Pie,,,,15.0,pcs,46.0,690.0,Recipe:ING014
Menu Item,MENU0108,Apple Pie,,,,0.375,litre,210.0,78.75,Recipe:ING004
Menu Item,MENU0108,Apple Pie,,,,15.0,pcs,5.0,75.0,Recipe:ING041
Menu Item,MENU0108,Apple Pie,,,,15.0,pcs,0.32,4.8,Recipe:ING040
Menu Item,MENU0109,Basque Cheesecake,,,,16.0,pcs,72.0,1152.0,Recipe:ING015
Menu Item,MENU0109,Basque Cheesecake,,,,0.4,litre,210.0,84.0,Recipe:ING004
Menu Item,MENU0109,Basque Cheesecake,,,,16.0,pcs,5.0,80.0,Recipe:ING041
Menu Item,MENU0109,Basque Cheesecake,,,,16.0,pcs,0.32,5.12,Recipe:ING040
Menu Item,MENU0110,Multigrain Walnut Tea Cake,,,,17.0,pcs,46.0,782.0,Recipe:ING014
Menu Item,MENU0110,Multigrain Walnut Tea Cake,,,,0.425,litre,210.0,89.25,Recipe:ING004
Menu Item,MENU0110,Multigrain Walnut Tea Cake,,,,17.0,pcs,5.0,85.0,Recipe:ING041
Menu Item,MENU0110,Multigrain Walnut Tea Cake,,,,17.0,pcs,0.32,5.44,Recipe:ING040
Menu Item,MENU0001,Espresso Shot - Solo,,,,0.0192,kg,980.0,18.82,Recipe:ING001
Menu Item,MENU0001,Espresso Shot - Solo,,,,2.0,pcs,2.8,5.6,Recipe:ING037
Menu Item,MENU0001,Espresso Shot - Solo,,,,2.0,pcs,1.1,2.2,Recipe:ING038
Menu Item,MENU0001,Espresso Shot - Solo,,,,2.0,pcs,0.32,0.64,Recipe:ING040
Menu Item,MENU0002,Espresso Shot - Doppio,,,,0.1044,kg,980.0,102.31,Recipe:ING001
Menu Item,MENU0002,Espresso Shot - Doppio,,,,6.0,pcs,2.8,16.8,Recipe:ING037
Menu Item,MENU0002,Espresso Shot - Doppio,,,,6.0,pcs,1.1,6.6,Recipe:ING038
Menu Item,MENU0002,Espresso Shot - Doppio,,,,6.0,pcs,0.32,1.92,Recipe:ING040
Menu Item,MENU0003,Americano - Regular,,,,1.008,kg,980.0,987.84,Recipe:ING001
Menu Item,MENU0003,Americano - Regular,,,,56.0,pcs,2.8,156.8,Recipe:ING037
Menu Item,MENU0003,Americano - Regular,,,,56.0,pcs,1.1,61.6,Recipe:ING038
Menu Item,MENU0003,Americano - Regular,,,,56.0,pcs,0.32,17.92,Recipe:ING040
Menu Item,MENU0003,Americano - Regular,,,,0.84,litre,90.0,75.6,Recipe:ING019
Menu Item,MENU0004,Americano - Medium,,,,1.035,kg,980.0,1014.3,Recipe:ING001
Menu Item,MENU0004,Americano - Medium,,,,50.0,pcs,2.8,140.0,Recipe:ING037
Menu Item,MENU0004,Americano - Medium,,,,50.0,pcs,1.1,55.0,Recipe:ING038
Menu Item,MENU0004,Americano - Medium,,,,50.0,pcs,0.32,16.0,Recipe:ING040
Menu Item,MENU0004,Americano - Medium,,,,0.86,litre,90.0,77.4,Recipe:ING019
Menu Item,MENU0005,Americano - Large,,,,1.053,kg,980.0,1031.94,Recipe:ING001
Menu Item,MENU0005,Americano - Large,,,,45.0,pcs,2.8,126.0,Recipe:ING037
Menu Item,MENU0005,Americano - Large,,,,45.0,pcs,1.1,49.5,Recipe:ING038
Menu Item,MENU0005,Americano - Large,,,,45.0,pcs,0.32,14.4,Recipe:ING040
Menu Item,MENU0005,Americano - Large,,,,0.8775,litre,90.0,78.97,Recipe:ING019
Menu Item,MENU0006,Latte - Regular,,,,1.098,kg,980.0,1076.04,Recipe:ING001
Menu Item,MENU0006,Latte - Regular,,,,61.0,pcs,2.8,170.8,Recipe:ING037
Menu Item,MENU0006,Latte - Regular,,,,61.0,pcs,1.1,67.1,Recipe:ING038
Menu Item,MENU0006,Latte - Regular,,,,10.98,litre,72.0,790.56,Recipe:ING002
Menu Item,MENU0006,Latte - Regular,,,,61.0,pcs,0.32,19.52,Recipe:ING040
Menu Item,MENU0006,Latte - Regular,,,,0.915,litre,90.0,82.35,Recipe:ING019
Menu Item,MENU0007,Latte - Medium,,,,1.035,kg,980.0,1014.3,Recipe:ING001
Menu Item,MENU0007,Latte - Medium,,,,50.0,pcs,2.8,140.0,Recipe:ING037
Menu Item,MENU0007,Latte - Medium,,,,50.0,pcs,1.1,55.0,Recipe:ING038
Menu Item,MENU0007,Latte - Medium,,,,10.35,litre,72.0,745.2,Recipe:ING002
Menu Item,MENU0007,Latte - Medium,,,,50.0,pcs,0.32,16.0,Recipe:ING040
Menu Item,MENU0007,Latte - Medium,,,,0.86,litre,90.0,77.4,Recipe:ING019
Menu Item,MENU0008,Latte - Large,,,,1.0062,kg,980.0,986.08,Recipe:ING001
Menu Item,MENU0008,Latte - Large,,,,43.0,pcs,2.8,120.4,Recipe:ING037
Menu Item,MENU0008,Latte - Large,,,,43.0,pcs,1.1,47.3,Recipe:ING038
Menu Item,MENU0008,Latte - Large,,,,10.062,litre,72.0,724.46,Recipe:ING002
Menu Item,MENU0008,Latte - Large,,,,43.0,pcs,0.32,13.76,Recipe:ING040
Menu Item,MENU0008,Latte - Large,,,,0.8385,litre,90.0,75.47,Recipe:ING019
Menu Item,MENU0009,Cappuccino - Regular,,,,1.152,kg,980.0,1128.96,Recipe:ING001
Menu Item,MENU0009,Cappuccino - Regular,,,,64.0,pcs,2.8,179.2,Recipe:ING037
Menu Item,MENU0009,Cappuccino - Regular,,,,64.0,pcs,1.1,70.4,Recipe:ING038
Menu Item,MENU0009,Cappuccino - Regular,,,,11.52,litre,72.0,829.44,Recipe:ING002
Menu Item,MENU0009,Cappuccino - Regular,,,,64.0,pcs,0.32,20.48,Recipe:ING040
Menu Item,MENU0009,Cappuccino - Regular,,,,0.96,litre,90.0,86.4,Recipe:ING019
Menu Item,MENU0010,Cappuccino - Medium,,,,1.3869,kg,980.0,1359.16,Recipe:ING001
Menu Item,MENU0010,Cappuccino - Medium,,,,67.0,pcs,2.8,187.6,Recipe:ING037
Menu Item,MENU0010,Cappuccino - Medium,,,,67.0,pcs,1.1,73.7,Recipe:ING038
Menu Item,MENU0010,Cappuccino - Medium,,,,13.869,litre,72.0,998.57,Recipe:ING002
Menu Item,MENU0010,Cappuccino - Medium,,,,67.0,pcs,0.32,21.44,Recipe:ING040
Menu Item,MENU0010,Cappuccino - Medium,,,,1.1524,litre,90.0,103.72,Recipe:ING019
Menu Item,MENU0011,Cappuccino - Large,,,,0.6552,kg,980.0,642.1,Recipe:ING001
Menu Item,MENU0011,Cappuccino - Large,,,,28.0,pcs,2.8,78.4,Recipe:ING037
Menu Item,MENU0011,Cappuccino - Large,,,,28.0,pcs,1.1,30.8,Recipe:ING038
Menu Item,MENU0011,Cappuccino - Large,,,,6.552,litre,72.0,471.74,Recipe:ING002
Menu Item,MENU0011,Cappuccino - Large,,,,28.0,pcs,0.32,8.96,Recipe:ING040
Menu Item,MENU0011,Cappuccino - Large,,,,0.546,litre,90.0,49.14,Recipe:ING019
Menu Item,MENU0012,Flat White - Regular,,,,0.9,kg,980.0,882.0,Recipe:ING001
Menu Item,MENU0012,Flat White - Regular,,,,50.0,pcs,2.8,140.0,Recipe:ING037
Menu Item,MENU0012,Flat White - Regular,,,,50.0,pcs,1.1,55.0,Recipe:ING038
Menu Item,MENU0012,Flat White - Regular,,,,9.0,litre,72.0,648.0,Recipe:ING002
Menu Item,MENU0012,Flat White - Regular,,,,50.0,pcs,0.32,16.0,Recipe:ING040
Menu Item,MENU0012,Flat White - Regular,,,,0.75,litre,90.0,67.5,Recipe:ING019
Menu Item,MENU0013,Flat White - Medium,,,,0.8901,kg,980.0,872.3,Recipe:ING001
Menu Item,MENU0013,Flat White - Medium,,,,43.0,pcs,2.8,120.4,Recipe:ING037
Menu Item,MENU0013,Flat White - Medium,,,,43.0,pcs,1.1,47.3,Recipe:ING038
Menu Item,MENU0013,Flat White - Medium,,,,8.901,litre,72.0,640.87,Recipe:ING002
Menu Item,MENU0013,Flat White - Medium,,,,43.0,pcs,0.32,13.76,Recipe:ING040
Menu Item,MENU0013,Flat White - Medium,,,,0.7396,litre,90.0,66.56,Recipe:ING019
Menu Item,MENU0014,Flat White - Large,,,,0.7254,kg,980.0,710.89,Recipe:ING001
Menu Item,MENU0014,Flat White - Large,,,,31.0,pcs,2.8,86.8,Recipe:ING037
Menu Item,MENU0014,Flat White - Large,,,,31.0,pcs,1.1,34.1,Recipe:ING038
Menu Item,MENU0014,Flat White - Large,,,,7.254,litre,72.0,522.29,Recipe:ING002
Menu Item,MENU0014,Flat White - Large,,,,31.0,pcs,0.32,9.92,Recipe:ING040
Menu Item,MENU0014,Flat White - Large,,,,0.6045,litre,90.0,54.41,Recipe:ING019
Menu Item,MENU0015,Mocha - Regular,,,,1.05,litre,260.0,273.0,Recipe:ING016
Menu Item,MENU0015,Mocha - Regular,,,,0.756,kg,980.0,740.88,Recipe:ING001
Menu Item,MENU0015,Mocha - Regular,,,,42.0,pcs,2.8,117.6,Recipe:ING037
Menu Item,MENU0015,Mocha - Regular,,,,42.0,pcs,1.1,46.2,Recipe:ING038
Menu Item,MENU0015,Mocha - Regular,,,,7.56,litre,72.0,544.32,Recipe:ING002
Menu Item,MENU0015,Mocha - Regular,,,,42.0,pcs,0.32,13.44,Recipe:ING040
Menu Item,MENU0015,Mocha - Regular,,,,0.63,litre,90.0,56.7,Recipe:ING019
Menu Item,MENU0016,Mocha - Medium,,,,1.7507,litre,260.0,455.18,Recipe:ING016
Menu Item,MENU0016,Mocha - Medium,,,,1.2627,kg,980.0,1237.45,Recipe:ING001
Menu Item,MENU0016,Mocha - Medium,,,,61.0,pcs,2.8,170.8,Recipe:ING037
Menu Item,MENU0016,Mocha - Medium,,,,61.0,pcs,1.1,67.1,Recipe:ING038
Menu Item,MENU0016,Mocha - Medium,,,,12.627,litre,72.0,909.14,Recipe:ING002
Menu Item,MENU0016,Mocha - Medium,,,,61.0,pcs,0.32,19.52,Recipe:ING040
Menu Item,MENU0016,Mocha - Medium,,,,1.0492,litre,90.0,94.43,Recipe:ING019
Menu Item,MENU0017,Mocha - Large,,,,1.105,litre,260.0,287.3,Recipe:ING016
Menu Item,MENU0017,Mocha - Large,,,,0.7956,kg,980.0,779.69,Recipe:ING001
Menu Item,MENU0017,Mocha - Large,,,,34.0,pcs,2.8,95.2,Recipe:ING037
Menu Item,MENU0017,Mocha - Large,,,,34.0,pcs,1.1,37.4,Recipe:ING038
Menu Item,MENU0017,Mocha - Large,,,,7.956,litre,72.0,572.83,Recipe:ING002
Menu Item,MENU0017,Mocha - Large,,,,34.0,pcs,0.32,10.88,Recipe:ING040
Menu Item,MENU0017,Mocha - Large,,,,0.663,litre,90.0,59.67,Recipe:ING019
Menu Item,MENU0018,Sea Salt Mocha - Regular,,,,0.525,litre,260.0,136.5,Recipe:ING016
Menu Item,MENU0018,Sea Salt Mocha - Regular,,,,0.378,kg,980.0,370.44,Recipe:ING001
Menu Item,MENU0018,Sea Salt Mocha - Regular,,,,21.0,pcs,2.8,58.8,Recipe:ING037
Menu Item,MENU0018,Sea Salt Mocha - Regular,,,,21.0,pcs,1.1,23.1,Recipe:ING038
Menu Item,MENU0018,Sea Salt Mocha - Regular,,,,3.78,litre,72.0,272.16,Recipe:ING002
Menu Item,MENU0018,Sea Salt Mocha - Regular,,,,21.0,pcs,0.32,6.72,Recipe:ING040
Menu Item,MENU0018,Sea Salt Mocha - Regular,,,,0.315,litre,90.0,28.35,Recipe:ING019
Menu Item,MENU0019,Sea Salt Mocha - Medium,,,,0.6601,litre,260.0,171.63,Recipe:ING016
Menu Item,MENU0019,Sea Salt Mocha - Medium,,,,0.4761,kg,980.0,466.58,Recipe:ING001
Menu Item,MENU0019,Sea Salt Mocha - Medium,,,,23.0,pcs,2.8,64.4,Recipe:ING037
Menu Item,MENU0019,Sea Salt Mocha - Medium,,,,23.0,pcs,1.1,25.3,Recipe:ING038
Menu Item,MENU0019,Sea Salt Mocha - Medium,,,,4.761,litre,72.0,342.79,Recipe:ING002
Menu Item,MENU0019,Sea Salt Mocha - Medium,,,,23.0,pcs,0.32,7.36,Recipe:ING040
Menu Item,MENU0019,Sea Salt Mocha - Medium,,,,0.3956,litre,90.0,35.6,Recipe:ING019
Menu Item,MENU0020,Sea Salt Mocha - Large,,,,0.2925,litre,260.0,76.05,Recipe:ING016
Menu Item,MENU0020,Sea Salt Mocha - Large,,,,0.2106,kg,980.0,206.39,Recipe:ING001
Menu Item,MENU0020,Sea Salt Mocha - Large,,,,9.0,pcs,2.8,25.2,Recipe:ING037
Menu Item,MENU0020,Sea Salt Mocha - Large,,,,9.0,pcs,1.1,9.9,Recipe:ING038
Menu Item,MENU0020,Sea Salt Mocha - Large,,,,2.106,litre,72.0,151.63,Recipe:ING002
Menu Item,MENU0020,Sea Salt Mocha - Large,,,,9.0,pcs,0.32,2.88,Recipe:ING040
Menu Item,MENU0020,Sea Salt Mocha - Large,,,,0.1755,litre,90.0,15.79,Recipe:ING019
Menu Item,MENU0021,Orange Zest Mocha - Regular,,,,0.675,litre,260.0,175.5,Recipe:ING016
Menu Item,MENU0021,Orange Zest Mocha - Regular,,,,0.486,kg,980.0,476.28,Recipe:ING001
Menu Item,MENU0021,Orange Zest Mocha - Regular,,,,27.0,pcs,2.8,75.6,Recipe:ING037
Menu Item,MENU0021,Orange Zest Mocha - Regular,,,,27.0,pcs,1.1,29.7,Recipe:ING038
Menu Item,MENU0021,Orange Zest Mocha - Regular,,,,4.86,litre,72.0,349.92,Recipe:ING002
Menu Item,MENU0021,Orange Zest Mocha - Regular,,,,27.0,pcs,0.32,8.64,Recipe:ING040
Menu Item,MENU0021,Orange Zest Mocha - Regular,,,,0.405,litre,90.0,36.45,Recipe:ING019
Menu Item,MENU0022,Orange Zest Mocha - Medium,,,,0.574,litre,260.0,149.24,Recipe:ING016
Menu Item,MENU0022,Orange Zest Mocha - Medium,,,,0.414,kg,980.0,405.72,Recipe:ING001
Menu Item,MENU0022,Orange Zest Mocha - Medium,,,,20.0,pcs,2.8,56.0,Recipe:ING037
Menu Item,MENU0022,Orange Zest Mocha - Medium,,,,20.0,pcs,1.1,22.0,Recipe:ING038
Menu Item,MENU0022,Orange Zest Mocha - Medium,,,,4.14,litre,72.0,298.08,Recipe:ING002
Menu Item,MENU0022,Orange Zest Mocha - Medium,,,,20.0,pcs,0.32,6.4,Recipe:ING040
Menu Item,MENU0022,Orange Zest Mocha - Medium,,,,0.344,litre,90.0,30.96,Recipe:ING019
Menu Item,MENU0023,Orange Zest Mocha - Large,,,,0.325,litre,260.0,84.5,Recipe:ING016
Menu Item,MENU0023,Orange Zest Mocha - Large,,,,0.234,kg,980.0,229.32,Recipe:ING001
Menu Item,MENU0023,Orange Zest Mocha - Large,,,,10.0,pcs,2.8,28.0,Recipe:ING037
Menu Item,MENU0023,Orange Zest Mocha - Large,,,,10.0,pcs,1.1,11.0,Recipe:ING038
Menu Item,MENU0023,Orange Zest Mocha - Large,,,,2.34,litre,72.0,168.48,Recipe:ING002
Menu Item,MENU0023,Orange Zest Mocha - Large,,,,10.0,pcs,0.32,3.2,Recipe:ING040
Menu Item,MENU0023,Orange Zest Mocha - Large,,,,0.195,litre,90.0,17.55,Recipe:ING019
Menu Item,MENU0024,Caramel Macchiato - Regular,,,,0.5,litre,250.0,125.0,Recipe:ING017
Menu Item,MENU0024,Caramel Macchiato - Regular,,,,0.36,kg,980.0,352.8,Recipe:ING001
Menu Item,MENU0024,Caramel Macchiato - Regular,,,,20.0,pcs,2.8,56.0,Recipe:ING037
Menu Item,MENU0024,Caramel Macchiato - Regular,,,,20.0,pcs,1.1,22.0,Recipe:ING038
Menu Item,MENU0024,Caramel Macchiato - Regular,,,,3.6,litre,72.0,259.2,Recipe:ING002
Menu Item,MENU0024,Caramel Macchiato - Regular,,,,20.0,pcs,0.32,6.4,Recipe:ING040
Menu Item,MENU0024,Caramel Macchiato - Regular,,,,0.3,litre,90.0,27.0,Recipe:ING019
Menu Item,MENU0025,Caramel Macchiato - Medium,,,,0.5166,litre,250.0,129.15,Recipe:ING017
Menu Item,MENU0025,Caramel Macchiato - Medium,,,,0.3726,kg,980.0,365.15,Recipe:ING001
Menu Item,MENU0025,Caramel Macchiato - Medium,,,,18.0,pcs,2.8,50.4,Recipe:ING037
Menu Item,MENU0025,Caramel Macchiato - Medium,,,,18.0,pcs,1.1,19.8,Recipe:ING038
Menu Item,MENU0025,Caramel Macchiato - Medium,,,,3.726,litre,72.0,268.27,Recipe:ING002
Menu Item,MENU0025,Caramel Macchiato - Medium,,,,18.0,pcs,0.32,5.76,Recipe:ING040
Menu Item,MENU0025,Caramel Macchiato - Medium,,,,0.3096,litre,90.0,27.86,Recipe:ING019
Menu Item,MENU0026,Caramel Macchiato - Large,,,,0.325,litre,250.0,81.25,Recipe:ING017
Menu Item,MENU0026,Caramel Macchiato - Large,,,,0.234,kg,980.0,229.32,Recipe:ING001
Menu Item,MENU0026,Caramel Macchiato - Large,,,,10.0,pcs,2.8,28.0,Recipe:ING037
Menu Item,MENU0026,Caramel Macchiato - Large,,,,10.0,pcs,1.1,11.0,Recipe:ING038
Menu Item,MENU0026,Caramel Macchiato - Large,,,,2.34,litre,72.0,168.48,Recipe:ING002
Menu Item,MENU0026,Caramel Macchiato - Large,,,,10.0,pcs,0.32,3.2,Recipe:ING040
Menu Item,MENU0026,Caramel Macchiato - Large,,,,0.195,litre,90.0,17.55,Recipe:ING019
Menu Item,MENU0027,French Vanilla Latte - Regular,,,,0.486,kg,980.0,476.28,Recipe:ING001
Menu Item,MENU0027,French Vanilla Latte - Regular,,,,27.0,pcs,2.8,75.6,Recipe:ING037
Menu Item,MENU0027,French Vanilla Latte - Regular,,,,27.0,pcs,1.1,29.7,Recipe:ING038
Menu Item,MENU0027,French Vanilla Latte - Regular,,,,4.86,litre,72.0,349.92,Recipe:ING002
Menu Item,MENU0027,French Vanilla Latte - Regular,,,,27.0,pcs,0.32,8.64,Recipe:ING040
Menu Item,MENU0027,French Vanilla Latte - Regular,,,,0.405,litre,90.0,36.45,Recipe:ING019
Menu Item,MENU0027,French Vanilla Latte - Regular,,,,0.675,litre,240.0,162.0,Recipe:ING018
Menu Item,MENU0028,French Vanilla Latte - Medium,,,,0.5382,kg,980.0,527.44,Recipe:ING001
Menu Item,MENU0028,French Vanilla Latte - Medium,,,,26.0,pcs,2.8,72.8,Recipe:ING037
Menu Item,MENU0028,French Vanilla Latte - Medium,,,,26.0,pcs,1.1,28.6,Recipe:ING038
Menu Item,MENU0028,French Vanilla Latte - Medium,,,,5.382,litre,72.0,387.5,Recipe:ING002
Menu Item,MENU0028,French Vanilla Latte - Medium,,,,26.0,pcs,0.32,8.32,Recipe:ING040
Menu Item,MENU0028,French Vanilla Latte - Medium,,,,0.4472,litre,90.0,40.25,Recipe:ING019
Menu Item,MENU0028,French Vanilla Latte - Medium,,,,0.7462,litre,240.0,179.09,Recipe:ING018
Menu Item,MENU0029,French Vanilla Latte - Large,,,,0.468,kg,980.0,458.64,Recipe:ING001
Menu Item,MENU0029,French Vanilla Latte - Large,,,,20.0,pcs,2.8,56.0,Recipe:ING037
Menu Item,MENU0029,French Vanilla Latte - Large,,,,20.0,pcs,1.1,22.0,Recipe:ING038
Menu Item,MENU0029,French Vanilla Latte - Large,,,,4.68,litre,72.0,336.96,Recipe:ING002
Menu Item,MENU0029,French Vanilla Latte - Large,,,,20.0,pcs,0.32,6.4,Recipe:ING040
Menu Item,MENU0029,French Vanilla Latte - Large,,,,0.39,litre,90.0,35.1,Recipe:ING019
Menu Item,MENU0029,French Vanilla Latte - Large,,,,0.65,litre,240.0,156.0,Recipe:ING018
Menu Item,MENU0030,Vegan Iced Latte - Regular,,,,0.36,kg,980.0,352.8,Recipe:ING001
Menu Item,MENU0030,Vegan Iced Latte - Regular,,,,20.0,pcs,3.2,64.0,Recipe:ING036
Menu Item,MENU0030,Vegan Iced Latte - Regular,,,,2.4,kg,12.0,28.8,Recipe:ING022
Menu Item,MENU0030,Vegan Iced Latte - Regular,,,,20.0,pcs,1.1,22.0,Recipe:ING038
Menu Item,MENU0030,Vegan Iced Latte - Regular,,,,20.0,pcs,0.32,6.4,Recipe:ING040
Menu Item,MENU0030,Vegan Iced Latte - Regular,,,,3.6,litre,185.0,666.0,Recipe:ING003
Menu Item,MENU0030,Vegan Iced Latte - Regular,,,,20.0,pcs,0.55,11.0,Recipe:ING039
Menu Item,MENU0030,Vegan Iced Latte - Regular,,,,0.3,litre,90.0,27.0,Recipe:ING019
Menu Item,MENU0031,Vegan Iced Latte - Medium,,,,0.4554,kg,980.0,446.29,Recipe:ING001
Menu Item,MENU0031,Vegan Iced Latte - Medium,,,,22.0,pcs,3.2,70.4,Recipe:ING036
Menu Item,MENU0031,Vegan Iced Latte - Medium,,,,3.036,kg,12.0,36.43,Recipe:ING022
Menu Item,MENU0031,Vegan Iced Latte - Medium,,,,22.0,pcs,1.1,24.2,Recipe:ING038
Menu Item,MENU0031,Vegan Iced Latte - Medium,,,,22.0,pcs,0.32,7.04,Recipe:ING040
Menu Item,MENU0031,Vegan Iced Latte - Medium,,,,4.554,litre,185.0,842.49,Recipe:ING003
Menu Item,MENU0031,Vegan Iced Latte - Medium,,,,22.0,pcs,0.55,12.1,Recipe:ING039
Menu Item,MENU0031,Vegan Iced Latte - Medium,,,,0.3784,litre,90.0,34.06,Recipe:ING019
Menu Item,MENU0032,Vegan Iced Latte - Large,,,,0.2808,kg,980.0,275.18,Recipe:ING001
Menu Item,MENU0032,Vegan Iced Latte - Large,,,,12.0,pcs,3.2,38.4,Recipe:ING036
Menu Item,MENU0032,Vegan Iced Latte - Large,,,,1.872,kg,12.0,22.46,Recipe:ING022
Menu Item,MENU0032,Vegan Iced Latte - Large,,,,12.0,pcs,1.1,13.2,Recipe:ING038
Menu Item,MENU0032,Vegan Iced Latte - Large,,,,12.0,pcs,0.32,3.84,Recipe:ING040
Menu Item,MENU0032,Vegan Iced Latte - Large,,,,2.808,litre,185.0,519.48,Recipe:ING003
Menu Item,MENU0032,Vegan Iced Latte - Large,,,,12.0,pcs,0.55,6.6,Recipe:ING039
Menu Item,MENU0032,Vegan Iced Latte - Large,,,,0.234,litre,90.0,21.06,Recipe:ING019
Menu Item,MENU0033,Classic Cold Brew - Regular,,,,0.378,kg,980.0,370.44,Recipe:ING001
Menu Item,MENU0033,Classic Cold Brew - Regular,,,,21.0,pcs,3.2,67.2,Recipe:ING036
Menu Item,MENU0033,Classic Cold Brew - Regular,,,,2.52,kg,12.0,30.24,Recipe:ING022
Menu Item,MENU0033,Classic Cold Brew - Regular,,,,21.0,pcs,1.1,23.1,Recipe:ING038
Menu Item,MENU0033,Classic Cold Brew - Regular,,,,21.0,pcs,0.32,6.72,Recipe:ING040
Menu Item,MENU0033,Classic Cold Brew - Regular,,,,21.0,pcs,0.55,11.55,Recipe:ING039
Menu Item,MENU0033,Classic Cold Brew - Regular,,,,0.315,litre,90.0,28.35,Recipe:ING019
Menu Item,MENU0034,Classic Cold Brew - Medium,,,,0.4554,kg,980.0,446.29,Recipe:ING001
Menu Item,MENU0034,Classic Cold Brew - Medium,,,,22.0,pcs,3.2,70.4,Recipe:ING036
Menu Item,MENU0034,Classic Cold Brew - Medium,,,,3.036,kg,12.0,36.43,Recipe:ING022
Menu Item,MENU0034,Classic Cold Brew - Medium,,,,22.0,pcs,1.1,24.2,Recipe:ING038
Menu Item,MENU0034,Classic Cold Brew - Medium,,,,22.0,pcs,0.32,7.04,Recipe:ING040
Menu Item,MENU0034,Classic Cold Brew - Medium,,,,22.0,pcs,0.55,12.1,Recipe:ING039
Menu Item,MENU0034,Classic Cold Brew - Medium,,,,0.3784,litre,90.0,34.06,Recipe:ING019
Menu Item,MENU0035,Classic Cold Brew - Large,,,,0.234,kg,980.0,229.32,Recipe:ING001
Menu Item,MENU0035,Classic Cold Brew - Large,,,,10.0,pcs,3.2,32.0,Recipe:ING036
Menu Item,MENU0035,Classic Cold Brew - Large,,,,1.56,kg,12.0,18.72,Recipe:ING022
Menu Item,MENU0035,Classic Cold Brew - Large,,,,10.0,pcs,1.1,11.0,Recipe:ING038
Menu Item,MENU0035,Classic Cold Brew - Large,,,,10.0,pcs,0.32,3.2,Recipe:ING040
Menu Item,MENU0035,Classic Cold Brew - Large,,,,10.0,pcs,0.55,5.5,Recipe:ING039
Menu Item,MENU0035,Classic Cold Brew - Large,,,,0.195,litre,90.0,17.55,Recipe:ING019
Menu Item,MENU0036,Coffee Lemonade - Regular,,,,0.36,kg,980.0,352.8,Recipe:ING001
Menu Item,MENU0036,Coffee Lemonade - Regular,,,,20.0,pcs,3.2,64.0,Recipe:ING036
Menu Item,MENU0036,Coffee Lemonade - Regular,,,,2.4,kg,12.0,28.8,Recipe:ING022
Menu Item,MENU0036,Coffee Lemonade - Regular,,,,0.7,kg,110.0,77.0,Recipe:ING023
Menu Item,MENU0036,Coffee Lemonade - Regular,,,,20.0,pcs,1.1,22.0,Recipe:ING038
Menu Item,MENU0036,Coffee Lemonade - Regular,,,,20.0,pcs,0.32,6.4,Recipe:ING040
Menu Item,MENU0036,Coffee Lemonade - Regular,,,,20.0,pcs,0.55,11.0,Recipe:ING039
Menu Item,MENU0036,Coffee Lemonade - Regular,,,,0.3,litre,90.0,27.0,Recipe:ING019
Menu Item,MENU0037,Coffee Lemonade - Medium,,,,0.4761,kg,980.0,466.58,Recipe:ING001
Menu Item,MENU0037,Coffee Lemonade - Medium,,,,23.0,pcs,3.2,73.6,Recipe:ING036
Menu Item,MENU0037,Coffee Lemonade - Medium,,,,3.174,kg,12.0,38.09,Recipe:ING022
Menu Item,MENU0037,Coffee Lemonade - Medium,,,,0.9269,kg,110.0,101.96,Recipe:ING023
Menu Item,MENU0037,Coffee Lemonade - Medium,,,,23.0,pcs,1.1,25.3,Recipe:ING038
Menu Item,MENU0037,Coffee Lemonade - Medium,,,,23.0,pcs,0.32,7.36,Recipe:ING040
Menu Item,MENU0037,Coffee Lemonade - Medium,,,,23.0,pcs,0.55,12.65,Recipe:ING039
Menu Item,MENU0037,Coffee Lemonade - Medium,,,,0.3956,litre,90.0,35.6,Recipe:ING019
Menu Item,MENU0038,Coffee Lemonade - Large,,,,0.2106,kg,980.0,206.39,Recipe:ING001
Menu Item,MENU0038,Coffee Lemonade - Large,,,,9.0,pcs,3.2,28.8,Recipe:ING036
Menu Item,MENU0038,Coffee Lemonade - Large,,,,1.404,kg,12.0,16.85,Recipe:ING022
Menu Item,MENU0038,Coffee Lemonade - Large,,,,0.4095,kg,110.0,45.04,Recipe:ING023
Menu Item,MENU0038,Coffee Lemonade - Large,,,,9.0,pcs,1.1,9.9,Recipe:ING038
Menu Item,MENU0038,Coffee Lemonade - Large,,,,9.0,pcs,0.32,2.88,Recipe:ING040
Menu Item,MENU0038,Coffee Lemonade - Large,,,,9.0,pcs,0.55,4.95,Recipe:ING039
Menu Item,MENU0038,Coffee Lemonade - Large,,,,0.1755,litre,90.0,15.79,Recipe:ING019
Menu Item,MENU0039,Vietnamese Shakerato - Regular,,,,0.468,kg,980.0,458.64,Recipe:ING001
Menu Item,MENU0039,Vietnamese Shakerato - Regular,,,,26.0,pcs,3.2,83.2,Recipe:ING036
Menu Item,MENU0039,Vietnamese Shakerato - Regular,,,,3.12,kg,12.0,37.44,Recipe:ING022
Menu Item,MENU0039,Vietnamese Shakerato - Regular,,,,26.0,pcs,1.1,28.6,Recipe:ING038
Menu Item,MENU0039,Vietnamese Shakerato - Regular,,,,26.0,pcs,0.32,8.32,Recipe:ING040
Menu Item,MENU0039,Vietnamese Shakerato - Regular,,,,26.0,pcs,0.55,14.3,Recipe:ING039
Menu Item,MENU0039,Vietnamese Shakerato - Regular,,,,0.39,litre,90.0,35.1,Recipe:ING019
Menu Item,MENU0040,Vietnamese Shakerato - Medium,,,,0.414,kg,980.0,405.72,Recipe:ING001
Menu Item,MENU0040,Vietnamese Shakerato - Medium,,,,20.0,pcs,3.2,64.0,Recipe:ING036
Menu Item,MENU0040,Vietnamese Shakerato - Medium,,,,2.76,kg,12.0,33.12,Recipe:ING022
Menu Item,MENU0040,Vietnamese Shakerato - Medium,,,,20.0,pcs,1.1,22.0,Recipe:ING038
Menu Item,MENU0040,Vietnamese Shakerato - Medium,,,,20.0,pcs,0.32,6.4,Recipe:ING040
Menu Item,MENU0040,Vietnamese Shakerato - Medium,,,,20.0,pcs,0.55,11.0,Recipe:ING039
Menu Item,MENU0040,Vietnamese Shakerato - Medium,,,,0.344,litre,90.0,30.96,Recipe:ING019
Menu Item,MENU0041,Vietnamese Shakerato - Large,,,,0.2808,kg,980.0,275.18,Recipe:ING001
Menu Item,MENU0041,Vietnamese Shakerato - Large,,,,12.0,pcs,3.2,38.4,Recipe:ING036
Menu Item,MENU0041,Vietnamese Shakerato - Large,,,,1.872,kg,12.0,22.46,Recipe:ING022
Menu Item,MENU0041,Vietnamese Shakerato - Large,,,,12.0,pcs,1.1,13.2,Recipe:ING038
Menu Item,MENU0041,Vietnamese Shakerato - Large,,,,12.0,pcs,0.32,3.84,Recipe:ING040
Menu Item,MENU0041,Vietnamese Shakerato - Large,,,,12.0,pcs,0.55,6.6,Recipe:ING039
Menu Item,MENU0041,Vietnamese Shakerato - Large,,,,0.234,litre,90.0,21.06,Recipe:ING019
Menu Item,MENU0042,Classic Cold Coffee - Regular,,,,1.242,kg,980.0,1217.16,Recipe:ING001
Menu Item,MENU0042,Classic Cold Coffee - Regular,,,,69.0,pcs,3.2,220.8,Recipe:ING036
Menu Item,MENU0042,Classic Cold Coffee - Regular,,,,8.28,kg,12.0,99.36,Recipe:ING022
Menu Item,MENU0042,Classic Cold Coffee - Regular,,,,69.0,pcs,1.1,75.9,Recipe:ING038
Menu Item,MENU0042,Classic Cold Coffee - Regular,,,,12.42,litre,72.0,894.24,Recipe:ING002
Menu Item,MENU0042,Classic Cold Coffee - Regular,,,,69.0,pcs,0.32,22.08,Recipe:ING040
Menu Item,MENU0042,Classic Cold Coffee - Regular,,,,69.0,pcs,0.55,37.95,Recipe:ING039
Menu Item,MENU0042,Classic Cold Coffee - Regular,,,,1.035,litre,90.0,93.15,Recipe:ING019
Menu Item,MENU0043,Classic Cold Coffee - Medium,,,,1.2627,kg,980.0,1237.45,Recipe:ING001
Menu Item,MENU0043,Classic Cold Coffee - Medium,,,,61.0,pcs,3.2,195.2,Recipe:ING036
Menu Item,MENU0043,Classic Cold Coffee - Medium,,,,8.418,kg,12.0,101.02,Recipe:ING022
Menu Item,MENU0043,Classic Cold Coffee - Medium,,,,61.0,pcs,1.1,67.1,Recipe:ING038
Menu Item,MENU0043,Classic Cold Coffee - Medium,,,,12.627,litre,72.0,909.14,Recipe:ING002
Menu Item,MENU0043,Classic Cold Coffee - Medium,,,,61.0,pcs,0.32,19.52,Recipe:ING040
Menu Item,MENU0043,Classic Cold Coffee - Medium,,,,61.0,pcs,0.55,33.55,Recipe:ING039
Menu Item,MENU0043,Classic Cold Coffee - Medium,,,,1.0492,litre,90.0,94.43,Recipe:ING019
Menu Item,MENU0044,Classic Cold Coffee - Large,,,,0.702,kg,980.0,687.96,Recipe:ING001
Menu Item,MENU0044,Classic Cold Coffee - Large,,,,30.0,pcs,3.2,96.0,Recipe:ING036
Menu Item,MENU0044,Classic Cold Coffee - Large,,,,4.68,kg,12.0,56.16,Recipe:ING022
Menu Item,MENU0044,Classic Cold Coffee - Large,,,,30.0,pcs,1.1,33.0,Recipe:ING038
Menu Item,MENU0044,Classic Cold Coffee - Large,,,,7.02,litre,72.0,505.44,Recipe:ING002
Menu Item,MENU0044,Classic Cold Coffee - Large,,,,30.0,pcs,0.32,9.6,Recipe:ING040
Menu Item,MENU0044,Classic Cold Coffee - Large,,,,30.0,pcs,0.55,16.5,Recipe:ING039
Menu Item,MENU0044,Classic Cold Coffee - Large,,,,0.585,litre,90.0,52.65,Recipe:ING019
Menu Item,MENU0045,Mocha Cold Coffee - Regular,,,,1.45,litre,260.0,377.0,Recipe:ING016
Menu Item,MENU0045,Mocha Cold Coffee - Regular,,,,1.044,kg,980.0,1023.12,Recipe:ING001
Menu Item,MENU0045,Mocha Cold Coffee - Regular,,,,58.0,pcs,3.2,185.6,Recipe:ING036
Menu Item,MENU0045,Mocha Cold Coffee - Regular,,,,6.96,kg,12.0,83.52,Recipe:ING022
Menu Item,MENU0045,Mocha Cold Coffee - Regular,,,,58.0,pcs,1.1,63.8,Recipe:ING038
Menu Item,MENU0045,Mocha Cold Coffee - Regular,,,,10.44,litre,72.0,751.68,Recipe:ING002
Menu Item,MENU0045,Mocha Cold Coffee - Regular,,,,58.0,pcs,0.32,18.56,Recipe:ING040
Menu Item,MENU0045,Mocha Cold Coffee - Regular,,,,58.0,pcs,0.55,31.9,Recipe:ING039
Menu Item,MENU0045,Mocha Cold Coffee - Regular,,,,0.87,litre,90.0,78.3,Recipe:ING019
Menu Item,MENU0046,Mocha Cold Coffee - Medium,,,,1.2054,litre,260.0,313.4,Recipe:ING016
Menu Item,MENU0046,Mocha Cold Coffee - Medium,,,,0.8694,kg,980.0,852.01,Recipe:ING001
Menu Item,MENU0046,Mocha Cold Coffee - Medium,,,,42.0,pcs,3.2,134.4,Recipe:ING036
Menu Item,MENU0046,Mocha Cold Coffee - Medium,,,,5.796,kg,12.0,69.55,Recipe:ING022
Menu Item,MENU0046,Mocha Cold Coffee - Medium,,,,42.0,pcs,1.1,46.2,Recipe:ING038
Menu Item,MENU0046,Mocha Cold Coffee - Medium,,,,8.694,litre,72.0,625.97,Recipe:ING002
Menu Item,MENU0046,Mocha Cold Coffee - Medium,,,,42.0,pcs,0.32,13.44,Recipe:ING040
Menu Item,MENU0046,Mocha Cold Coffee - Medium,,,,42.0,pcs,0.55,23.1,Recipe:ING039
Menu Item,MENU0046,Mocha Cold Coffee - Medium,,,,0.7224,litre,90.0,65.02,Recipe:ING019
Menu Item,MENU0047,Mocha Cold Coffee - Large,,,,0.845,litre,260.0,219.7,Recipe:ING016
Menu Item,MENU0047,Mocha Cold Coffee - Large,,,,0.6084,kg,980.0,596.23,Recipe:ING001
Menu Item,MENU0047,Mocha Cold Coffee - Large,,,,26.0,pcs,3.2,83.2,Recipe:ING036
Menu Item,MENU0047,Mocha Cold Coffee - Large,,,,4.056,kg,12.0,48.67,Recipe:ING022
Menu Item,MENU0047,Mocha Cold Coffee - Large,,,,26.0,pcs,1.1,28.6,Recipe:ING038
Menu Item,MENU0047,Mocha Cold Coffee - Large,,,,6.084,litre,72.0,438.05,Recipe:ING002
Menu Item,MENU0047,Mocha Cold Coffee - Large,,,,26.0,pcs,0.32,8.32,Recipe:ING040
Menu Item,MENU0047,Mocha Cold Coffee - Large,,,,26.0,pcs,0.55,14.3,Recipe:ING039
Menu Item,MENU0047,Mocha Cold Coffee - Large,,,,0.507,litre,90.0,45.63,Recipe:ING019
Menu Item,MENU0048,Caramel Cold Coffee - Regular,,,,1.375,litre,250.0,343.75,Recipe:ING017
Menu Item,MENU0048,Caramel Cold Coffee - Regular,,,,0.99,kg,980.0,970.2,Recipe:ING001
Menu Item,MENU0048,Caramel Cold Coffee - Regular,,,,55.0,pcs,3.2,176.0,Recipe:ING036
Menu Item,MENU0048,Caramel Cold Coffee - Regular,,,,6.6,kg,12.0,79.2,Recipe:ING022
Menu Item,MENU0048,Caramel Cold Coffee - Regular,,,,55.0,pcs,1.1,60.5,Recipe:ING038
Menu Item,MENU0048,Caramel Cold Coffee - Regular,,,,9.9,litre,72.0,712.8,Recipe:ING002
Menu Item,MENU0048,Caramel Cold Coffee - Regular,,,,55.0,pcs,0.32,17.6,Recipe:ING040
Menu Item,MENU0048,Caramel Cold Coffee - Regular,,,,55.0,pcs,0.55,30.25,Recipe:ING039
Menu Item,MENU0048,Caramel Cold Coffee - Regular,,,,0.825,litre,90.0,74.25,Recipe:ING019
Menu Item,MENU0049,Caramel Cold Coffee - Medium,,,,1.1193,litre,250.0,279.82,Recipe:ING017
Menu Item,MENU0049,Caramel Cold Coffee - Medium,,,,0.8073,kg,980.0,791.15,Recipe:ING001
Menu Item,MENU0049,Caramel Cold Coffee - Medium,,,,39.0,pcs,3.2,124.8,Recipe:ING036
Menu Item,MENU0049,Caramel Cold Coffee - Medium,,,,5.382,kg,12.0,64.58,Recipe:ING022
Menu Item,MENU0049,Caramel Cold Coffee - Medium,,,,39.0,pcs,1.1,42.9,Recipe:ING038
Menu Item,MENU0049,Caramel Cold Coffee - Medium,,,,8.073,litre,72.0,581.26,Recipe:ING002
Menu Item,MENU0049,Caramel Cold Coffee - Medium,,,,39.0,pcs,0.32,12.48,Recipe:ING040
Menu Item,MENU0049,Caramel Cold Coffee - Medium,,,,39.0,pcs,0.55,21.45,Recipe:ING039
Menu Item,MENU0049,Caramel Cold Coffee - Medium,,,,0.6708,litre,90.0,60.37,Recipe:ING019
Menu Item,MENU0050,Caramel Cold Coffee - Large,,,,0.65,litre,250.0,162.5,Recipe:ING017
Menu Item,MENU0050,Caramel Cold Coffee - Large,,,,0.468,kg,980.0,458.64,Recipe:ING001
Menu Item,MENU0050,Caramel Cold Coffee - Large,,,,20.0,pcs,3.2,64.0,Recipe:ING036
Menu Item,MENU0050,Caramel Cold Coffee - Large,,,,3.12,kg,12.0,37.44,Recipe:ING022
Menu Item,MENU0050,Caramel Cold Coffee - Large,,,,20.0,pcs,1.1,22.0,Recipe:ING038
Menu Item,MENU0050,Caramel Cold Coffee - Large,,,,4.68,litre,72.0,336.96,Recipe:ING002
Menu Item,MENU0050,Caramel Cold Coffee - Large,,,,20.0,pcs,0.32,6.4,Recipe:ING040
Menu Item,MENU0050,Caramel Cold Coffee - Large,,,,20.0,pcs,0.55,11.0,Recipe:ING039
Menu Item,MENU0050,Caramel Cold Coffee - Large,,,,0.39,litre,90.0,35.1,Recipe:ING019
Menu Item,MENU0051,Masala Chai Latte - Regular,,,,0.522,kg,980.0,511.56,Recipe:ING001
Menu Item,MENU0051,Masala Chai Latte - Regular,,,,29.0,pcs,2.8,81.2,Recipe:ING037
Menu Item,MENU0051,Masala Chai Latte - Regular,,,,29.0,pcs,1.1,31.9,Recipe:ING038
Menu Item,MENU0051,Masala Chai Latte - Regular,,,,5.22,litre,72.0,375.84,Recipe:ING002
Menu Item,MENU0051,Masala Chai Latte - Regular,,,,29.0,pcs,0.32,9.28,Recipe:ING040
Menu Item,MENU0051,Masala Chai Latte - Regular,,,,0.435,litre,90.0,39.15,Recipe:ING019
Menu Item,MENU0052,Masala Chai Latte - Medium,,,,0.3519,kg,980.0,344.86,Recipe:ING001
Menu Item,MENU0052,Masala Chai Latte - Medium,,,,17.0,pcs,2.8,47.6,Recipe:ING037
Menu Item,MENU0052,Masala Chai Latte - Medium,,,,17.0,pcs,1.1,18.7,Recipe:ING038
Menu Item,MENU0052,Masala Chai Latte - Medium,,,,3.519,litre,72.0,253.37,Recipe:ING002
Menu Item,MENU0052,Masala Chai Latte - Medium,,,,17.0,pcs,0.32,5.44,Recipe:ING040
Menu Item,MENU0052,Masala Chai Latte - Medium,,,,0.2924,litre,90.0,26.32,Recipe:ING019
Menu Item,MENU0053,Masala Chai Latte - Large,,,,0.2808,kg,980.0,275.18,Recipe:ING001
Menu Item,MENU0053,Masala Chai Latte - Large,,,,12.0,pcs,2.8,33.6,Recipe:ING037
Menu Item,MENU0053,Masala Chai Latte - Large,,,,12.0,pcs,1.1,13.2,Recipe:ING038
Menu Item,MENU0053,Masala Chai Latte - Large,,,,2.808,litre,72.0,202.18,Recipe:ING002
Menu Item,MENU0053,Masala Chai Latte - Large,,,,12.0,pcs,0.32,3.84,Recipe:ING040
Menu Item,MENU0053,Masala Chai Latte - Large,,,,0.234,litre,90.0,21.06,Recipe:ING019
Menu Item,MENU0054,Himalayan Green Tea,,,,20.0,pcs,2.8,56.0,Recipe:ING037
Menu Item,MENU0054,Himalayan Green Tea,,,,20.0,pcs,1.1,22.0,Recipe:ING038
Menu Item,MENU0054,Himalayan Green Tea,,,,20.0,pcs,0.32,6.4,Recipe:ING040
Menu Item,MENU0054,Himalayan Green Tea,,,,0.3,litre,90.0,27.0,Recipe:ING019
Menu Item,MENU0054,Himalayan Green Tea,,,,0.1,kg,620.0,62.0,Recipe:ING020
Menu Item,MENU0055,Japanese Matcha Latte - Regular,,,,0.45,kg,980.0,441.0,Recipe:ING001
Menu Item,MENU0055,Japanese Matcha Latte - Regular,,,,25.0,pcs,2.8,70.0,Recipe:ING037
Menu Item,MENU0055,Japanese Matcha Latte - Regular,,,,25.0,pcs,1.1,27.5,Recipe:ING038
Menu Item,MENU0055,Japanese Matcha Latte - Regular,,,,4.5,litre,72.0,324.0,Recipe:ING002
Menu Item,MENU0055,Japanese Matcha Latte - Regular,,,,25.0,pcs,0.32,8.0,Recipe:ING040
Menu Item,MENU0055,Japanese Matcha Latte - Regular,,,,0.375,litre,90.0,33.75,Recipe:ING019
Menu Item,MENU0056,Japanese Matcha Latte - Medium,,,,0.2898,kg,980.0,284.0,Recipe:ING001
Menu Item,MENU0056,Japanese Matcha Latte - Medium,,,,14.0,pcs,2.8,39.2,Recipe:ING037
Menu Item,MENU0056,Japanese Matcha Latte - Medium,,,,14.0,pcs,1.1,15.4,Recipe:ING038
Menu Item,MENU0056,Japanese Matcha Latte - Medium,,,,2.898,litre,72.0,208.66,Recipe:ING002
Menu Item,MENU0056,Japanese Matcha Latte - Medium,,,,14.0,pcs,0.32,4.48,Recipe:ING040
Menu Item,MENU0056,Japanese Matcha Latte - Medium,,,,0.2408,litre,90.0,21.67,Recipe:ING019
Menu Item,MENU0057,Japanese Matcha Latte - Large,,,,0.4212,kg,980.0,412.78,Recipe:ING001
Menu Item,MENU0057,Japanese Matcha Latte - Large,,,,18.0,pcs,2.8,50.4,Recipe:ING037
Menu Item,MENU0057,Japanese Matcha Latte - Large,,,,18.0,pcs,1.1,19.8,Recipe:ING038
Menu Item,MENU0057,Japanese Matcha Latte - Large,,,,4.212,litre,72.0,303.26,Recipe:ING002
Menu Item,MENU0057,Japanese Matcha Latte - Large,,,,18.0,pcs,0.32,5.76,Recipe:ING040
Menu Item,MENU0057,Japanese Matcha Latte - Large,,,,0.351,litre,90.0,31.59,Recipe:ING019
Menu Item,MENU0058,Lemon Iced Tea - Regular,,,,26.0,pcs,3.2,83.2,Recipe:ING036
Menu Item,MENU0058,Lemon Iced Tea - Regular,,,,3.12,kg,12.0,37.44,Recipe:ING022
Menu Item,MENU0058,Lemon Iced Tea - Regular,,,,0.91,kg,110.0,100.1,Recipe:ING023
Menu Item,MENU0058,Lemon Iced Tea - Regular,,,,26.0,pcs,1.1,28.6,Recipe:ING038
Menu Item,MENU0058,Lemon Iced Tea - Regular,,,,26.0,pcs,0.32,8.32,Recipe:ING040
Menu Item,MENU0058,Lemon Iced Tea - Regular,,,,26.0,pcs,0.55,14.3,Recipe:ING039
Menu Item,MENU0058,Lemon Iced Tea - Regular,,,,0.39,litre,90.0,35.1,Recipe:ING019
Menu Item,MENU0058,Lemon Iced Tea - Regular,,,,0.104,kg,620.0,64.48,Recipe:ING020
Menu Item,MENU0059,Lemon Iced Tea - Medium,,,,32.0,pcs,3.2,102.4,Recipe:ING036
Menu Item,MENU0059,Lemon Iced Tea - Medium,,,,4.416,kg,12.0,52.99,Recipe:ING022
Menu Item,MENU0059,Lemon Iced Tea - Medium,,,,1.2896,kg,110.0,141.86,Recipe:ING023
Menu Item,MENU0059,Lemon Iced Tea - Medium,,,,32.0,pcs,1.1,35.2,Recipe:ING038
Menu Item,MENU0059,Lemon Iced Tea - Medium,,,,32.0,pcs,0.32,10.24,Recipe:ING040
Menu Item,MENU0059,Lemon Iced Tea - Medium,,,,32.0,pcs,0.55,17.6,Recipe:ING039
Menu Item,MENU0059,Lemon Iced Tea - Medium,,,,0.5504,litre,90.0,49.54,Recipe:ING019
Menu Item,MENU0059,Lemon Iced Tea - Medium,,,,0.1472,kg,620.0,91.26,Recipe:ING020
Menu Item,MENU0060,Lemon Iced Tea - Large,,,,15.0,pcs,3.2,48.0,Recipe:ING036
Menu Item,MENU0060,Lemon Iced Tea - Large,,,,2.34,kg,12.0,28.08,Recipe:ING022
Menu Item,MENU0060,Lemon Iced Tea - Large,,,,0.6825,kg,110.0,75.08,Recipe:ING023
Menu Item,MENU0060,Lemon Iced Tea - Large,,,,15.0,pcs,1.1,16.5,Recipe:ING038
Menu Item,MENU0060,Lemon Iced Tea - Large,,,,15.0,pcs,0.32,4.8,Recipe:ING040
Menu Item,MENU0060,Lemon Iced Tea - Large,,,,15.0,pcs,0.55,8.25,Recipe:ING039
Menu Item,MENU0060,Lemon Iced Tea - Large,,,,0.2925,litre,90.0,26.32,Recipe:ING019
Menu Item,MENU0060,Lemon Iced Tea - Large,,,,0.078,kg,620.0,48.36,Recipe:ING020
Menu Item,MENU0061,Hibiscus Lime Iced Tea - Regular,,,,34.0,pcs,3.2,108.8,Recipe:ING036
Menu Item,MENU0061,Hibiscus Lime Iced Tea - Regular,,,,1.19,litre,390.0,464.1,Recipe:ING024
Menu Item,MENU0061,Hibiscus Lime Iced Tea - Regular,,,,4.08,kg,12.0,48.96,Recipe:ING022
Menu Item,MENU0061,Hibiscus Lime Iced Tea - Regular,,,,34.0,pcs,1.1,37.4,Recipe:ING038
Menu Item,MENU0061,Hibiscus Lime Iced Tea - Regular,,,,34.0,pcs,0.32,10.88,Recipe:ING040
Menu Item,MENU0061,Hibiscus Lime Iced Tea - Regular,,,,34.0,pcs,0.55,18.7,Recipe:ING039
Menu Item,MENU0061,Hibiscus Lime Iced Tea - Regular,,,,0.51,litre,90.0,45.9,Recipe:ING019
Menu Item,MENU0061,Hibiscus Lime Iced Tea - Regular,,,,0.136,kg,620.0,84.32,Recipe:ING020
Menu Item,MENU0062,Hibiscus Lime Iced Tea - Medium,,,,30.0,pcs,3.2,96.0,Recipe:ING036
Menu Item,MENU0062,Hibiscus Lime Iced Tea - Medium,,,,1.209,litre,390.0,471.51,Recipe:ING024
Menu Item,MENU0062,Hibiscus Lime Iced Tea - Medium,,,,4.14,kg,12.0,49.68,Recipe:ING022
Menu Item,MENU0062,Hibiscus Lime Iced Tea - Medium,,,,30.0,pcs,1.1,33.0,Recipe:ING038
Menu Item,MENU0062,Hibiscus Lime Iced Tea - Medium,,,,30.0,pcs,0.32,9.6,Recipe:ING040
Menu Item,MENU0062,Hibiscus Lime Iced Tea - Medium,,,,30.0,pcs,0.55,16.5,Recipe:ING039
Menu Item,MENU0062,Hibiscus Lime Iced Tea - Medium,,,,0.516,litre,90.0,46.44,Recipe:ING019
Menu Item,MENU0062,Hibiscus Lime Iced Tea - Medium,,,,0.138,kg,620.0,85.56,Recipe:ING020
Menu Item,MENU0063,Hibiscus Lime Iced Tea - Large,,,,20.0,pcs,3.2,64.0,Recipe:ING036
Menu Item,MENU0063,Hibiscus Lime Iced Tea - Large,,,,0.91,litre,390.0,354.9,Recipe:ING024
Menu Item,MENU0063,Hibiscus Lime Iced Tea - Large,,,,3.12,kg,12.0,37.44,Recipe:ING022
Menu Item,MENU0063,Hibiscus Lime Iced Tea - Large,,,,20.0,pcs,1.1,22.0,Recipe:ING038
Menu Item,MENU0063,Hibiscus Lime Iced Tea - Large,,,,20.0,pcs,0.32,6.4,Recipe:ING040
Menu Item,MENU0063,Hibiscus Lime Iced Tea - Large,,,,20.0,pcs,0.55,11.0,Recipe:ING039
Menu Item,MENU0063,Hibiscus Lime Iced Tea - Large,,,,0.39,litre,90.0,35.1,Recipe:ING019
Menu Item,MENU0063,Hibiscus Lime Iced Tea - Large,,,,0.104,kg,620.0,64.48,Recipe:ING020
Menu Item,MENU0064,Hot Chocolate - Regular,,,,0.24,litre,260.0,62.4,Recipe:ING016
Menu Item,MENU0064,Hot Chocolate - Regular,,,,4.0,pcs,2.8,11.2,Recipe:ING037
Menu Item,MENU0064,Hot Chocolate - Regular,,,,4.0,pcs,1.1,4.4,Recipe:ING038
Menu Item,MENU0064,Hot Chocolate - Regular,,,,0.8,litre,72.0,57.6,Recipe:ING002
Menu Item,MENU0064,Hot Chocolate - Regular,,,,4.0,pcs,0.32,1.28,Recipe:ING040
Menu Item,MENU0064,Hot Chocolate - Regular,,,,0.06,litre,90.0,5.4,Recipe:ING019
Menu Item,MENU0065,Hot Chocolate - Medium,,,,0.276,litre,260.0,71.76,Recipe:ING016
Menu Item,MENU0065,Hot Chocolate - Medium,,,,4.0,pcs,2.8,11.2,Recipe:ING037
Menu Item,MENU0065,Hot Chocolate - Medium,,,,4.0,pcs,1.1,4.4,Recipe:ING038
Menu Item,MENU0065,Hot Chocolate - Medium,,,,0.92,litre,72.0,66.24,Recipe:ING002
Menu Item,MENU0065,Hot Chocolate - Medium,,,,4.0,pcs,0.32,1.28,Recipe:ING040
Menu Item,MENU0065,Hot Chocolate - Medium,,,,0.0688,litre,90.0,6.19,Recipe:ING019
Menu Item,MENU0066,Hot Chocolate - Large,,,,0.156,litre,260.0,40.56,Recipe:ING016
Menu Item,MENU0066,Hot Chocolate - Large,,,,2.0,pcs,2.8,5.6,Recipe:ING037
Menu Item,MENU0066,Hot Chocolate - Large,,,,2.0,pcs,1.1,2.2,Recipe:ING038
Menu Item,MENU0066,Hot Chocolate - Large,,,,0.52,litre,72.0,37.44,Recipe:ING002
Menu Item,MENU0066,Hot Chocolate - Large,,,,2.0,pcs,0.32,0.64,Recipe:ING040
Menu Item,MENU0066,Hot Chocolate - Large,,,,0.039,litre,90.0,3.51,Recipe:ING019
Menu Item,MENU0067,Babyccino - Regular,,,,6.0,pcs,2.8,16.8,Recipe:ING037
Menu Item,MENU0067,Babyccino - Regular,,,,6.0,pcs,1.1,6.6,Recipe:ING038
Menu Item,MENU0067,Babyccino - Regular,,,,0.72,litre,72.0,51.84,Recipe:ING002
Menu Item,MENU0067,Babyccino - Regular,,,,6.0,pcs,0.32,1.92,Recipe:ING040
Menu Item,MENU0067,Babyccino - Regular,,,,0.09,litre,90.0,8.1,Recipe:ING019
Menu Item,MENU0068,Choco Chip Shake - Regular,,,,0.475,litre,260.0,123.5,Recipe:ING016
Menu Item,MENU0068,Choco Chip Shake - Regular,,,,19.0,pcs,3.2,60.8,Recipe:ING036
Menu Item,MENU0068,Choco Chip Shake - Regular,,,,0.475,litre,210.0,99.75,Recipe:ING004
Menu Item,MENU0068,Choco Chip Shake - Regular,,,,2.28,kg,12.0,27.36,Recipe:ING022
Menu Item,MENU0068,Choco Chip Shake - Regular,,,,19.0,pcs,1.1,20.9,Recipe:ING038
Menu Item,MENU0068,Choco Chip Shake - Regular,,,,3.8,litre,72.0,273.6,Recipe:ING002
Menu Item,MENU0068,Choco Chip Shake - Regular,,,,19.0,pcs,0.32,6.08,Recipe:ING040
Menu Item,MENU0068,Choco Chip Shake - Regular,,,,19.0,pcs,0.55,10.45,Recipe:ING039
Menu Item,MENU0068,Choco Chip Shake - Regular,,,,0.285,litre,90.0,25.65,Recipe:ING019
Menu Item,MENU0069,Choco Chip Shake - Medium,,,,0.4879,litre,260.0,126.85,Recipe:ING016
Menu Item,MENU0069,Choco Chip Shake - Medium,,,,17.0,pcs,3.2,54.4,Recipe:ING036
Menu Item,MENU0069,Choco Chip Shake - Medium,,,,0.4879,litre,210.0,102.46,Recipe:ING004
Menu Item,MENU0069,Choco Chip Shake - Medium,,,,2.346,kg,12.0,28.15,Recipe:ING022
Menu Item,MENU0069,Choco Chip Shake - Medium,,,,17.0,pcs,1.1,18.7,Recipe:ING038
Menu Item,MENU0069,Choco Chip Shake - Medium,,,,3.91,litre,72.0,281.52,Recipe:ING002
Menu Item,MENU0069,Choco Chip Shake - Medium,,,,17.0,pcs,0.32,5.44,Recipe:ING040
Menu Item,MENU0069,Choco Chip Shake - Medium,,,,17.0,pcs,0.55,9.35,Recipe:ING039
Menu Item,MENU0069,Choco Chip Shake - Medium,,,,0.2924,litre,90.0,26.32,Recipe:ING019
Menu Item,MENU0070,Choco Chip Shake - Large,,,,0.26,litre,260.0,67.6,Recipe:ING016
Menu Item,MENU0070,Choco Chip Shake - Large,,,,8.0,pcs,3.2,25.6,Recipe:ING036
Menu Item,MENU0070,Choco Chip Shake - Large,,,,0.26,litre,210.0,54.6,Recipe:ING004
Menu Item,MENU0070,Choco Chip Shake - Large,,,,1.248,kg,12.0,14.98,Recipe:ING022
Menu Item,MENU0070,Choco Chip Shake - Large,,,,8.0,pcs,1.1,8.8,Recipe:ING038
Menu Item,MENU0070,Choco Chip Shake - Large,,,,2.08,litre,72.0,149.76,Recipe:ING002
Menu Item,MENU0070,Choco Chip Shake - Large,,,,8.0,pcs,0.32,2.56,Recipe:ING040
Menu Item,MENU0070,Choco Chip Shake - Large,,,,8.0,pcs,0.55,4.4,Recipe:ING039
Menu Item,MENU0070,Choco Chip Shake - Large,,,,0.156,litre,90.0,14.04,Recipe:ING019
Menu Item,MENU0071,Mixed Berry Shake - Regular,,,,18.0,pcs,3.2,57.6,Recipe:ING036
Menu Item,MENU0071,Mixed Berry Shake - Regular,,,,0.45,litre,210.0,94.5,Recipe:ING004
Menu Item,MENU0071,Mixed Berry Shake - Regular,,,,2.16,kg,12.0,25.92,Recipe:ING022
Menu Item,MENU0071,Mixed Berry Shake - Regular,,,,18.0,pcs,1.1,19.8,Recipe:ING038
Menu Item,MENU0071,Mixed Berry Shake - Regular,,,,3.6,litre,72.0,259.2,Recipe:ING002
Menu Item,MENU0071,Mixed Berry Shake - Regular,,,,1.44,kg,420.0,604.8,Recipe:ING025
Menu Item,MENU0071,Mixed Berry Shake - Regular,,,,18.0,pcs,0.32,5.76,Recipe:ING040
Menu Item,MENU0071,Mixed Berry Shake - Regular,,,,18.0,pcs,0.55,9.9,Recipe:ING039
Menu Item,MENU0071,Mixed Berry Shake - Regular,,,,0.27,litre,90.0,24.3,Recipe:ING019
Menu Item,MENU0072,Mixed Berry Shake - Medium,,,,12.0,pcs,3.2,38.4,Recipe:ING036
Menu Item,MENU0072,Mixed Berry Shake - Medium,,,,0.3444,litre,210.0,72.32,Recipe:ING004
Menu Item,MENU0072,Mixed Berry Shake - Medium,,,,1.656,kg,12.0,19.87,Recipe:ING022
Menu Item,MENU0072,Mixed Berry Shake - Medium,,,,12.0,pcs,1.1,13.2,Recipe:ING038
Menu Item,MENU0072,Mixed Berry Shake - Medium,,,,2.76,litre,72.0,198.72,Recipe:ING002
Menu Item,MENU0072,Mixed Berry Shake - Medium,,,,1.104,kg,420.0,463.68,Recipe:ING025
Menu Item,MENU0072,Mixed Berry Shake - Medium,,,,12.0,pcs,0.32,3.84,Recipe:ING040
Menu Item,MENU0072,Mixed Berry Shake - Medium,,,,12.0,pcs,0.55,6.6,Recipe:ING039
Menu Item,MENU0072,Mixed Berry Shake - Medium,,,,0.2064,litre,90.0,18.58,Recipe:ING019
Menu Item,MENU0073,Mixed Berry Shake - Large,,,,5.0,pcs,3.2,16.0,Recipe:ING036
Menu Item,MENU0073,Mixed Berry Shake - Large,,,,0.1625,litre,210.0,34.12,Recipe:ING004
Menu Item,MENU0073,Mixed Berry Shake - Large,,,,0.78,kg,12.0,9.36,Recipe:ING022
Menu Item,MENU0073,Mixed Berry Shake - Large,,,,5.0,pcs,1.1,5.5,Recipe:ING038
Menu Item,MENU0073,Mixed Berry Shake - Large,,,,1.3,litre,72.0,93.6,Recipe:ING002
Menu Item,MENU0073,Mixed Berry Shake - Large,,,,0.52,kg,420.0,218.4,Recipe:ING025
Menu Item,MENU0073,Mixed Berry Shake - Large,,,,5.0,pcs,0.32,1.6,Recipe:ING040
Menu Item,MENU0073,Mixed Berry Shake - Large,,,,5.0,pcs,0.55,2.75,Recipe:ING039
Menu Item,MENU0073,Mixed Berry Shake - Large,,,,0.0975,litre,90.0,8.78,Recipe:ING019
Menu Item,MENU0074,Seasonal Smoothie - Regular,,,,1.12,kg,72.0,80.64,Recipe:ING026
Menu Item,MENU0074,Seasonal Smoothie - Regular,,,,14.0,pcs,3.2,44.8,Recipe:ING036
Menu Item,MENU0074,Seasonal Smoothie - Regular,,,,0.35,litre,210.0,73.5,Recipe:ING004
Menu Item,MENU0074,Seasonal Smoothie - Regular,,,,1.68,kg,12.0,20.16,Recipe:ING022
Menu Item,MENU0074,Seasonal Smoothie - Regular,,,,14.0,pcs,1.1,15.4,Recipe:ING038
Menu Item,MENU0074,Seasonal Smoothie - Regular,,,,2.8,litre,72.0,201.6,Recipe:ING002
Menu Item,MENU0074,Seasonal Smoothie - Regular,,,,14.0,pcs,0.32,4.48,Recipe:ING040
Menu Item,MENU0074,Seasonal Smoothie - Regular,,,,14.0,pcs,0.55,7.7,Recipe:ING039
Menu Item,MENU0074,Seasonal Smoothie - Regular,,,,0.21,litre,90.0,18.9,Recipe:ING019
Menu Item,MENU0075,Seasonal Smoothie - Medium,,,,0.552,kg,72.0,39.74,Recipe:ING026
Menu Item,MENU0075,Seasonal Smoothie - Medium,,,,6.0,pcs,3.2,19.2,Recipe:ING036
Menu Item,MENU0075,Seasonal Smoothie - Medium,,,,0.1722,litre,210.0,36.16,Recipe:ING004
Menu Item,MENU0075,Seasonal Smoothie - Medium,,,,0.828,kg,12.0,9.94,Recipe:ING022
Menu Item,MENU0075,Seasonal Smoothie - Medium,,,,6.0,pcs,1.1,6.6,Recipe:ING038
Menu Item,MENU0075,Seasonal Smoothie - Medium,,,,1.38,litre,72.0,99.36,Recipe:ING002
Menu Item,MENU0075,Seasonal Smoothie - Medium,,,,6.0,pcs,0.32,1.92,Recipe:ING040
Menu Item,MENU0075,Seasonal Smoothie - Medium,,,,6.0,pcs,0.55,3.3,Recipe:ING039
Menu Item,MENU0075,Seasonal Smoothie - Medium,,,,0.1032,litre,90.0,9.29,Recipe:ING019
Menu Item,MENU0076,Seasonal Smoothie - Large,,,,0.624,kg,72.0,44.93,Recipe:ING026
Menu Item,MENU0076,Seasonal Smoothie - Large,,,,6.0,pcs,3.2,19.2,Recipe:ING036
Menu Item,MENU0076,Seasonal Smoothie - Large,,,,0.195,litre,210.0,40.95,Recipe:ING004
Menu Item,MENU0076,Seasonal Smoothie - Large,,,,0.936,kg,12.0,11.23,Recipe:ING022
Menu Item,MENU0076,Seasonal Smoothie - Large,,,,6.0,pcs,1.1,6.6,Recipe:ING038
Menu Item,MENU0076,Seasonal Smoothie - Large,,,,1.56,litre,72.0,112.32,Recipe:ING002
Menu Item,MENU0076,Seasonal Smoothie - Large,,,,6.0,pcs,0.32,1.92,Recipe:ING040
Menu Item,MENU0076,Seasonal Smoothie - Large,,,,6.0,pcs,0.55,3.3,Recipe:ING039
Menu Item,MENU0076,Seasonal Smoothie - Large,,,,0.117,litre,90.0,10.53,Recipe:ING019
Menu Item,MENU0077,Spicy Paneer Wrap,,,,0.7,kg,84.0,58.8,Recipe:ING030
Menu Item,MENU0077,Spicy Paneer Wrap,,,,0.7,kg,280.0,196.0,Recipe:ING033
Menu Item,MENU0077,Spicy Paneer Wrap,,,,0.7,kg,95.0,66.5,Recipe:ING028
Menu Item,MENU0077,Spicy Paneer Wrap,,,,56.0,pcs,0.32,17.92,Recipe:ING040
Menu Item,MENU0077,Spicy Paneer Wrap,,,,0.56,kg,42.0,23.52,Recipe:ING029
Menu Item,MENU0077,Spicy Paneer Wrap,,,,3.08,kg,360.0,1108.8,Recipe:ING005
Menu Item,MENU0077,Spicy Paneer Wrap,,,,28.0,pcs,15.0,420.0,Recipe:ING011
Menu Item,MENU0077,Spicy Paneer Wrap,,,,28.0,pcs,5.8,162.4,Recipe:ING043
Menu Item,MENU0078,Shredded Chicken Wrap,,,,0.95,kg,84.0,79.8,Recipe:ING030
Menu Item,MENU0078,Shredded Chicken Wrap,,,,4.18,kg,330.0,1379.4,Recipe:ING007
Menu Item,MENU0078,Shredded Chicken Wrap,,,,0.95,kg,280.0,266.0,Recipe:ING033
Menu Item,MENU0078,Shredded Chicken Wrap,,,,0.95,kg,95.0,90.25,Recipe:ING028
Menu Item,MENU0078,Shredded Chicken Wrap,,,,76.0,pcs,0.32,24.32,Recipe:ING040
Menu Item,MENU0078,Shredded Chicken Wrap,,,,0.76,kg,42.0,31.92,Recipe:ING029
Menu Item,MENU0078,Shredded Chicken Wrap,,,,38.0,pcs,15.0,570.0,Recipe:ING011
Menu Item,MENU0078,Shredded Chicken Wrap,,,,38.0,pcs,5.8,220.4,Recipe:ING043
Menu Item,MENU0079,Smoked Chipotle Paneer Sandwich,,,,40.0,pcs,12.0,480.0,Recipe:ING009
Menu Item,MENU0079,Smoked Chipotle Paneer Sandwich,,,,0.6,kg,480.0,288.0,Recipe:ING006
Menu Item,MENU0079,Smoked Chipotle Paneer Sandwich,,,,0.4,kg,280.0,112.0,Recipe:ING033
Menu Item,MENU0079,Smoked Chipotle Paneer Sandwich,,,,0.4,kg,95.0,38.0,Recipe:ING028
Menu Item,MENU0079,Smoked Chipotle Paneer Sandwich,,,,40.0,pcs,0.32,12.8,Recipe:ING040
Menu Item,MENU0079,Smoked Chipotle Paneer Sandwich,,,,2.0,kg,360.0,720.0,Recipe:ING005
Menu Item,MENU0079,Smoked Chipotle Paneer Sandwich,,,,20.0,pcs,6.5,130.0,Recipe:ING042
Menu Item,MENU0079,Smoked Chipotle Paneer Sandwich,,,,0.6,kg,54.0,32.4,Recipe:ING031
Menu Item,MENU0080,Pesto Veg Sandwich,,,,30.0,pcs,12.0,360.0,Recipe:ING009
Menu Item,MENU0080,Pesto Veg Sandwich,,,,0.45,kg,480.0,216.0,Recipe:ING006
Menu Item,MENU0080,Pesto Veg Sandwich,,,,0.3,kg,95.0,28.5,Recipe:ING028
Menu Item,MENU0080,Pesto Veg Sandwich,,,,30.0,pcs,0.32,9.6,Recipe:ING040
Menu Item,MENU0080,Pesto Veg Sandwich,,,,1.5,kg,360.0,540.0,Recipe:ING005
Menu Item,MENU0080,Pesto Veg Sandwich,,,,0.3,kg,340.0,102.0,Recipe:ING032
Menu Item,MENU0080,Pesto Veg Sandwich,,,,15.0,pcs,6.5,97.5,Recipe:ING042
Menu Item,MENU0080,Pesto Veg Sandwich,,,,0.45,kg,54.0,24.3,Recipe:ING031
Menu Item,MENU0081,Pepper Chicken Sandwich,,,,28.0,pcs,12.0,336.0,Recipe:ING009
Menu Item,MENU0081,Pepper Chicken Sandwich,,,,0.42,kg,480.0,201.6,Recipe:ING006
Menu Item,MENU0081,Pepper Chicken Sandwich,,,,1.4,kg,330.0,462.0,Recipe:ING007
Menu Item,MENU0081,Pepper Chicken Sandwich,,,,0.28,kg,280.0,78.4,Recipe:ING033
Menu Item,MENU0081,Pepper Chicken Sandwich,,,,0.28,kg,95.0,26.6,Recipe:ING028
Menu Item,MENU0081,Pepper Chicken Sandwich,,,,28.0,pcs,0.32,8.96,Recipe:ING040
Menu Item,MENU0081,Pepper Chicken Sandwich,,,,14.0,pcs,6.5,91.0,Recipe:ING042
Menu Item,MENU0081,Pepper Chicken Sandwich,,,,0.42,kg,54.0,22.68,Recipe:ING031
Menu Item,MENU0082,Tandoori Chicken Sandwich,,,,40.0,pcs,12.0,480.0,Recipe:ING009
Menu Item,MENU0082,Tandoori Chicken Sandwich,,,,0.6,kg,480.0,288.0,Recipe:ING006
Menu Item,MENU0082,Tandoori Chicken Sandwich,,,,2.0,kg,330.0,660.0,Recipe:ING007
Menu Item,MENU0082,Tandoori Chicken Sandwich,,,,0.4,kg,280.0,112.0,Recipe:ING033
Menu Item,MENU0082,Tandoori Chicken Sandwich,,,,0.4,kg,95.0,38.0,Recipe:ING028
Menu Item,MENU0082,Tandoori Chicken Sandwich,,,,40.0,pcs,0.32,12.8,Recipe:ING040
Menu Item,MENU0082,Tandoori Chicken Sandwich,,,,20.0,pcs,6.5,130.0,Recipe:ING042
Menu Item,MENU0082,Tandoori Chicken Sandwich,,,,0.6,kg,54.0,32.4,Recipe:ING031
Menu Item,MENU0083,Chilli Cheese Garlic Toast,,,,0.26,kg,310.0,80.6,Recipe:ING035
Menu Item,MENU0083,Chilli Cheese Garlic Toast,,,,13.0,pcs,12.0,156.0,Recipe:ING009
Menu Item,MENU0083,Chilli Cheese Garlic Toast,,,,0.455,kg,480.0,218.4,Recipe:ING006
Menu Item,MENU0083,Chilli Cheese Garlic Toast,,,,26.0,pcs,0.32,8.32,Recipe:ING040
Menu Item,MENU0083,Chilli Cheese Garlic Toast,,,,13.0,pcs,6.5,84.5,Recipe:ING042
Menu Item,MENU0084,Chicken Pepperoni Avocado Toast,,,,0.16,kg,310.0,49.6,Recipe:ING035
Menu Item,MENU0084,Chicken Pepperoni Avocado Toast,,,,8.0,pcs,12.0,96.0,Recipe:ING009
Menu Item,MENU0084,Chicken Pepperoni Avocado Toast,,,,0.28,kg,480.0,134.4,Recipe:ING006
Menu Item,MENU0084,Chicken Pepperoni Avocado Toast,,,,0.64,kg,330.0,211.2,Recipe:ING007
Menu Item,MENU0084,Chicken Pepperoni Avocado Toast,,,,16.0,pcs,0.32,5.12,Recipe:ING040
Menu Item,MENU0084,Chicken Pepperoni Avocado Toast,,,,8.0,pcs,6.5,52.0,Recipe:ING042
Menu Item,MENU0085,Hummus and Pita Platter,,,,0.12,kg,310.0,37.2,Recipe:ING035
Menu Item,MENU0085,Hummus and Pita Platter,,,,8.0,pcs,12.0,96.0,Recipe:ING009
Menu Item,MENU0085,Hummus and Pita Platter,,,,0.12,kg,95.0,11.4,Recipe:ING028
Menu Item,MENU0085,Hummus and Pita Platter,,,,8.0,pcs,0.32,2.56,Recipe:ING040
Menu Item,MENU0085,Hummus and Pita Platter,,,,4.0,pcs,6.5,26.0,Recipe:ING042
Menu Item,MENU0085,Hummus and Pita Platter,,,,0.16,kg,54.0,8.64,Recipe:ING031
Menu Item,MENU0086,Breakfast Pancakes,,,,0.15,kg,520.0,78.0,Recipe:ING027
Menu Item,MENU0086,Breakfast Pancakes,,,,6.0,pcs,46.0,276.0,Recipe:ING014
Menu Item,MENU0086,Breakfast Pancakes,,,,6.0,pcs,5.0,30.0,Recipe:ING041
Menu Item,MENU0086,Breakfast Pancakes,,,,12.0,pcs,0.32,3.84,Recipe:ING040
Menu Item,MENU0086,Breakfast Pancakes,,,,0.15,litre,90.0,13.5,Recipe:ING019
Menu Item,MENU0087,Cream Cheese Bagel,,,,19.0,pcs,28.0,532.0,Recipe:ING010
Menu Item,MENU0087,Cream Cheese Bagel,,,,0.475,kg,480.0,228.0,Recipe:ING006
Menu Item,MENU0087,Cream Cheese Bagel,,,,0.665,litre,210.0,139.65,Recipe:ING004
Menu Item,MENU0087,Cream Cheese Bagel,,,,38.0,pcs,0.32,12.16,Recipe:ING040
Menu Item,MENU0087,Cream Cheese Bagel,,,,19.0,pcs,6.5,123.5,Recipe:ING042
Menu Item,MENU0088,Scallion Pepper Cream Cheese Bagel,,,,18.0,pcs,28.0,504.0,Recipe:ING010
Menu Item,MENU0088,Scallion Pepper Cream Cheese Bagel,,,,0.45,kg,480.0,216.0,Recipe:ING006
Menu Item,MENU0088,Scallion Pepper Cream Cheese Bagel,,,,0.63,litre,210.0,132.3,Recipe:ING004
Menu Item,MENU0088,Scallion Pepper Cream Cheese Bagel,,,,36.0,pcs,0.32,11.52,Recipe:ING040
Menu Item,MENU0088,Scallion Pepper Cream Cheese Bagel,,,,18.0,pcs,6.5,117.0,Recipe:ING042
Menu Item,MENU0089,Masala Egg Bun,,,,15.0,pcs,12.0,180.0,Recipe:ING009
Menu Item,MENU0089,Masala Egg Bun,,,,0.3,kg,480.0,144.0,Recipe:ING006
Menu Item,MENU0089,Masala Egg Bun,,,,30.0,pcs,7.0,210.0,Recipe:ING008
Menu Item,MENU0089,Masala Egg Bun,,,,30.0,pcs,0.32,9.6,Recipe:ING040
Menu Item,MENU0089,Masala Egg Bun,,,,15.0,pcs,6.5,97.5,Recipe:ING042
Menu Item,MENU0090,Marinara Cheese Pin Wheels,,,,17.0,pcs,12.0,204.0,Recipe:ING009
Menu Item,MENU0090,Marinara Cheese Pin Wheels,,,,0.51,kg,480.0,244.8,Recipe:ING006
Menu Item,MENU0090,Marinara Cheese Pin Wheels,,,,34.0,pcs,0.32,10.88,Recipe:ING040
Menu Item,MENU0090,Marinara Cheese Pin Wheels,,,,0.425,kg,190.0,80.75,Recipe:ING034
Menu Item,MENU0090,Marinara Cheese Pin Wheels,,,,17.0,pcs,6.5,110.5,Recipe:ING042
Menu Item,MENU0091,Pesto Sundried Tomato Pin Wheel,,,,14.0,pcs,12.0,168.0,Recipe:ING009
Menu Item,MENU0091,Pesto Sundried Tomato Pin Wheel,,,,0.42,kg,480.0,201.6,Recipe:ING006
Menu Item,MENU0091,Pesto Sundried Tomato Pin Wheel,,,,28.0,pcs,0.32,8.96,Recipe:ING040
Menu Item,MENU0091,Pesto Sundried Tomato Pin Wheel,,,,0.35,kg,340.0,119.0,Recipe:ING032
Menu Item,MENU0091,Pesto Sundried Tomato Pin Wheel,,,,14.0,pcs,6.5,91.0,Recipe:ING042
Menu Item,MENU0092,Turnover with Brioche Dough Chicken,,,,0.5,kg,480.0,240.0,Recipe:ING006
Menu Item,MENU0092,Turnover with Brioche Dough Chicken,,,,1.6,kg,330.0,528.0,Recipe:ING007
Menu Item,MENU0092,Turnover with Brioche Dough Chicken,,,,20.0,pcs,42.0,840.0,Recipe:ING012
Menu Item,MENU0092,Turnover with Brioche Dough Chicken,,,,40.0,pcs,0.32,12.8,Recipe:ING040
Menu Item,MENU0092,Turnover with Brioche Dough Chicken,,,,20.0,pcs,6.5,130.0,Recipe:ING042
Menu Item,MENU0093,Turnover with Brioche Dough Veg,,,,0.375,kg,480.0,180.0,Recipe:ING006
Menu Item,MENU0093,Turnover with Brioche Dough Veg,,,,15.0,pcs,42.0,630.0,Recipe:ING012
Menu Item,MENU0093,Turnover with Brioche Dough Veg,,,,30.0,pcs,0.32,9.6,Recipe:ING040
Menu Item,MENU0093,Turnover with Brioche Dough Veg,,,,1.2,kg,360.0,432.0,Recipe:ING005
Menu Item,MENU0093,Turnover with Brioche Dough Veg,,,,15.0,pcs,6.5,97.5,Recipe:ING042
Menu Item,MENU0094,Butter Croissant,,,,0.18,kg,520.0,93.6,Recipe:ING027
Menu Item,MENU0094,Butter Croissant,,,,9.0,pcs,42.0,378.0,Recipe:ING012
Menu Item,MENU0094,Butter Croissant,,,,9.0,pcs,5.0,45.0,Recipe:ING041
Menu Item,MENU0094,Butter Croissant,,,,18.0,pcs,0.32,5.76,Recipe:ING040
Menu Item,MENU0095,Almond Croissant,,,,0.3,kg,520.0,156.0,Recipe:ING027
Menu Item,MENU0095,Almond Croissant,,,,15.0,pcs,42.0,630.0,Recipe:ING012
Menu Item,MENU0095,Almond Croissant,,,,15.0,pcs,5.0,75.0,Recipe:ING041
Menu Item,MENU0095,Almond Croissant,,,,30.0,pcs,0.32,9.6,Recipe:ING040
Menu Item,MENU0096,Chocolate Croissant,,,,0.4,kg,520.0,208.0,Recipe:ING027
Menu Item,MENU0096,Chocolate Croissant,,,,0.5,litre,260.0,130.0,Recipe:ING016
Menu Item,MENU0096,Chocolate Croissant,,,,20.0,pcs,42.0,840.0,Recipe:ING012
Menu Item,MENU0096,Chocolate Croissant,,,,20.0,pcs,5.0,100.0,Recipe:ING041
Menu Item,MENU0096,Chocolate Croissant,,,,40.0,pcs,0.32,12.8,Recipe:ING040
Menu Item,MENU0097,Mushroom Cheese Croissant,,,,0.34,kg,520.0,176.8,Recipe:ING027
Menu Item,MENU0097,Mushroom Cheese Croissant,,,,0.595,kg,480.0,285.6,Recipe:ING006
Menu Item,MENU0097,Mushroom Cheese Croissant,,,,17.0,pcs,42.0,714.0,Recipe:ING012
Menu Item,MENU0097,Mushroom Cheese Croissant,,,,17.0,pcs,5.0,85.0,Recipe:ING041
Menu Item,MENU0097,Mushroom Cheese Croissant,,,,34.0,pcs,0.32,10.88,Recipe:ING040
Menu Item,MENU0098,Sriracha Chicken Croissant,,,,0.38,kg,520.0,197.6,Recipe:ING027
Menu Item,MENU0098,Sriracha Chicken Croissant,,,,1.33,kg,330.0,438.9,Recipe:ING007
Menu Item,MENU0098,Sriracha Chicken Croissant,,,,19.0,pcs,42.0,798.0,Recipe:ING012
Menu Item,MENU0098,Sriracha Chicken Croissant,,,,19.0,pcs,5.0,95.0,Recipe:ING041
Menu Item,MENU0098,Sriracha Chicken Croissant,,,,38.0,pcs,0.32,12.16,Recipe:ING040
Menu Item,MENU0099,Cinnamon Roll with Cream Cheese,,,,0.275,litre,210.0,57.75,Recipe:ING004
Menu Item,MENU0099,Cinnamon Roll with Cream Cheese,,,,11.0,pcs,42.0,462.0,Recipe:ING012
Menu Item,MENU0099,Cinnamon Roll with Cream Cheese,,,,11.0,pcs,5.0,55.0,Recipe:ING041
Menu Item,MENU0099,Cinnamon Roll with Cream Cheese,,,,11.0,pcs,0.32,3.52,Recipe:ING040
Menu Item,MENU0100,Banana Walnut Tea Cake,,,,1.54,kg,72.0,110.88,Recipe:ING026
Menu Item,MENU0100,Banana Walnut Tea Cake,,,,22.0,pcs,46.0,1012.0,Recipe:ING014
Menu Item,MENU0100,Banana Walnut Tea Cake,,,,0.55,litre,210.0,115.5,Recipe:ING004
Menu Item,MENU0100,Banana Walnut Tea Cake,,,,22.0,pcs,5.0,110.0,Recipe:ING041
Menu Item,MENU0100,Banana Walnut Tea Cake,,,,22.0,pcs,0.32,7.04,Recipe:ING040
Menu Item,MENU0101,Lemon Raspberry Tea Cake,,,,15.0,pcs,46.0,690.0,Recipe:ING014
Menu Item,MENU0101,Lemon Raspberry Tea Cake,,,,0.375,litre,210.0,78.75,Recipe:ING004
Menu Item,MENU0101,Lemon Raspberry Tea Cake,,,,15.0,pcs,5.0,75.0,Recipe:ING041
Menu Item,MENU0101,Lemon Raspberry Tea Cake,,,,15.0,pcs,0.32,4.8,Recipe:ING040
Menu Item,MENU0102,Double Chocolate Truffle Cake,,,,30.0,pcs,46.0,1380.0,Recipe:ING014
Menu Item,MENU0102,Double Chocolate Truffle Cake,,,,0.75,litre,260.0,195.0,Recipe:ING016
Menu Item,MENU0102,Double Chocolate Truffle Cake,,,,0.75,litre,210.0,157.5,Recipe:ING004
Menu Item,MENU0102,Double Chocolate Truffle Cake,,,,30.0,pcs,5.0,150.0,Recipe:ING041
Menu Item,MENU0102,Double Chocolate Truffle Cake,,,,30.0,pcs,0.32,9.6,Recipe:ING040
Menu Item,MENU0103,Banoffee Pie,,,,19.0,pcs,46.0,874.0,Recipe:ING014
Menu Item,MENU0103,Banoffee Pie,,,,0.475,litre,210.0,99.75,Recipe:ING004
Menu Item,MENU0103,Banoffee Pie,,,,19.0,pcs,5.0,95.0,Recipe:ING041
Menu Item,MENU0103,Banoffee Pie,,,,19.0,pcs,0.32,6.08,Recipe:ING040
Menu Item,MENU0104,Classic Chocolate Fudge Brownie,,,,20.0,pcs,34.0,680.0,Recipe:ING013
Menu Item,MENU0104,Classic Chocolate Fudge Brownie,,,,0.9,litre,260.0,234.0,Recipe:ING016
Menu Item,MENU0104,Classic Chocolate Fudge Brownie,,,,20.0,pcs,5.0,100.0,Recipe:ING041
Menu Item,MENU0104,Classic Chocolate Fudge Brownie,,,,20.0,pcs,0.32,6.4,Recipe:ING040
Menu Item,MENU0105,Soft-Centred Caramel Cookie,,,,0.48,kg,520.0,249.6,Recipe:ING027
Menu Item,MENU0105,Soft-Centred Caramel Cookie,,,,13.2,pcs,46.0,607.2,Recipe:ING014
Menu Item,MENU0105,Soft-Centred Caramel Cookie,,,,0.48,litre,250.0,120.0,Recipe:ING017
Menu Item,MENU0105,Soft-Centred Caramel Cookie,,,,24.0,pcs,5.0,120.0,Recipe:ING041
Menu Item,MENU0105,Soft-Centred Caramel Cookie,,,,24.0,pcs,0.32,7.68,Recipe:ING040
Menu Item,MENU0106,Death by Chocolate Cookie,,,,0.56,kg,520.0,291.2,Recipe:ING027
Menu Item,MENU0106,Death by Chocolate Cookie,,,,15.4,pcs,46.0,708.4,Recipe:ING014
Menu Item,MENU0106,Death by Chocolate Cookie,,,,0.7,litre,260.0,182.0,Recipe:ING016
Menu Item,MENU0106,Death by Chocolate Cookie,,,,28.0,pcs,5.0,140.0,Recipe:ING041
Menu Item,MENU0106,Death by Chocolate Cookie,,,,28.0,pcs,0.32,8.96,Recipe:ING040
Menu Item,MENU0107,Jaggery Parmesan Cookie,,,,0.44,kg,520.0,228.8,Recipe:ING027
Menu Item,MENU0107,Jaggery Parmesan Cookie,,,,12.1,pcs,46.0,556.6,Recipe:ING014
Menu Item,MENU0107,Jaggery Parmesan Cookie,,,,22.0,pcs,5.0,110.0,Recipe:ING041
Menu Item,MENU0107,Jaggery Parmesan Cookie,,,,22.0,pcs,0.32,7.04,Recipe:ING040
Menu Item,MENU0108,Apple Pie,,,,25.0,pcs,46.0,1150.0,Recipe:ING014
Menu Item,MENU0108,Apple Pie,,,,0.625,litre,210.0,131.25,Recipe:ING004
Menu Item,MENU0108,Apple Pie,,,,25.0,pcs,5.0,125.0,Recipe:ING041
Menu Item,MENU0108,Apple Pie,,,,25.0,pcs,0.32,8.0,Recipe:ING040
Menu Item,MENU0109,Basque Cheesecake,,,,20.0,pcs,72.0,1440.0,Recipe:ING015
Menu Item,MENU0109,Basque Cheesecake,,,,0.5,litre,210.0,105.0,Recipe:ING004
Menu Item,MENU0109,Basque Cheesecake,,,,20.0,pcs,5.0,100.0,Recipe:ING041
Menu Item,MENU0109,Basque Cheesecake,,,,20.0,pcs,0.32,6.4,Recipe:ING040
Menu Item,MENU0110,Multigrain Walnut Tea Cake,,,,16.0,pcs,46.0,736.0,Recipe:ING014
Menu Item,MENU0110,Multigrain Walnut Tea Cake,,,,0.4,litre,210.0,84.0,Recipe:ING004
Menu Item,MENU0110,Multigrain Walnut Tea Cake,,,,16.0,pcs,5.0,80.0,Recipe:ING041
Menu Item,MENU0110,Multigrain Walnut Tea Cake,,,,16.0,pcs,0.32,5.12,Recipe:ING040
Menu Item,MENU0001,Espresso Shot - Solo,,,,0.0576,kg,980.0,56.45,Recipe:ING001
Menu Item,MENU0001,Espresso Shot - Solo,,,,6.0,pcs,2.8,16.8,Recipe:ING037
Menu Item,MENU0001,Espresso Shot - Solo,,,,6.0,pcs,1.1,6.6,Recipe:ING038
Menu Item,MENU0001,Espresso Shot - Solo,,,,6.0,pcs,0.32,1.92,Recipe:ING040
Menu Item,MENU0002,Espresso Shot - Doppio,,,,0.087,kg,980.0,85.26,Recipe:ING001
Menu Item,MENU0002,Espresso Shot - Doppio,,,,5.0,pcs,2.8,14.0,Recipe:ING037
Menu Item,MENU0002,Espresso Shot - Doppio,,,,5.0,pcs,1.1,5.5,Recipe:ING038
Menu Item,MENU0002,Espresso Shot - Doppio,,,,5.0,pcs,0.32,1.6,Recipe:ING040
Menu Item,MENU0003,Americano - Regular,,,,1.296,kg,980.0,1270.08,Recipe:ING001
Menu Item,MENU0003,Americano - Regular,,,,72.0,pcs,2.8,201.6,Recipe:ING037
Menu Item,MENU0003,Americano - Regular,,,,72.0,pcs,1.1,79.2,Recipe:ING038
Menu Item,MENU0003,Americano - Regular,,,,72.0,pcs,0.32,23.04,Recipe:ING040
Menu Item,MENU0003,Americano - Regular,,,,1.08,litre,90.0,97.2,Recipe:ING019
Menu Item,MENU0004,Americano - Medium,,,,1.3041,kg,980.0,1278.02,Recipe:ING001
Menu Item,MENU0004,Americano - Medium,,,,63.0,pcs,2.8,176.4,Recipe:ING037
Menu Item,MENU0004,Americano - Medium,,,,63.0,pcs,1.1,69.3,Recipe:ING038
Menu Item,MENU0004,Americano - Medium,,,,63.0,pcs,0.32,20.16,Recipe:ING040
Menu Item,MENU0004,Americano - Medium,,,,1.0836,litre,90.0,97.52,Recipe:ING019
Menu Item,MENU0005,Americano - Large,,,,1.2168,kg,980.0,1192.46,Recipe:ING001
Menu Item,MENU0005,Americano - Large,,,,52.0,pcs,2.8,145.6,Recipe:ING037
Menu Item,MENU0005,Americano - Large,,,,52.0,pcs,1.1,57.2,Recipe:ING038
Menu Item,MENU0005,Americano - Large,,,,52.0,pcs,0.32,16.64,Recipe:ING040
Menu Item,MENU0005,Americano - Large,,,,1.014,litre,90.0,91.26,Recipe:ING019
Menu Item,MENU0006,Latte - Regular,,,,0.756,kg,980.0,740.88,Recipe:ING001
Menu Item,MENU0006,Latte - Regular,,,,42.0,pcs,2.8,117.6,Recipe:ING037
Menu Item,MENU0006,Latte - Regular,,,,42.0,pcs,1.1,46.2,Recipe:ING038
Menu Item,MENU0006,Latte - Regular,,,,7.56,litre,72.0,544.32,Recipe:ING002
Menu Item,MENU0006,Latte - Regular,,,,42.0,pcs,0.32,13.44,Recipe:ING040
Menu Item,MENU0006,Latte - Regular,,,,0.63,litre,90.0,56.7,Recipe:ING019
Menu Item,MENU0007,Latte - Medium,,,,1.0143,kg,980.0,994.01,Recipe:ING001
Menu Item,MENU0007,Latte - Medium,,,,49.0,pcs,2.8,137.2,Recipe:ING037
Menu Item,MENU0007,Latte - Medium,,,,49.0,pcs,1.1,53.9,Recipe:ING038
Menu Item,MENU0007,Latte - Medium,,,,10.143,litre,72.0,730.3,Recipe:ING002
Menu Item,MENU0007,Latte - Medium,,,,49.0,pcs,0.32,15.68,Recipe:ING040
Menu Item,MENU0007,Latte - Medium,,,,0.8428,litre,90.0,75.85,Recipe:ING019
Menu Item,MENU0008,Latte - Large,,,,0.6786,kg,980.0,665.03,Recipe:ING001
Menu Item,MENU0008,Latte - Large,,,,29.0,pcs,2.8,81.2,Recipe:ING037
Menu Item,MENU0008,Latte - Large,,,,29.0,pcs,1.1,31.9,Recipe:ING038
Menu Item,MENU0008,Latte - Large,,,,6.786,litre,72.0,488.59,Recipe:ING002
Menu Item,MENU0008,Latte - Large,,,,29.0,pcs,0.32,9.28,Recipe:ING040
Menu Item,MENU0008,Latte - Large,,,,0.5655,litre,90.0,50.9,Recipe:ING019
Menu Item,MENU0009,Cappuccino - Regular,,,,1.368,kg,980.0,1340.64,Recipe:ING001
Menu Item,MENU0009,Cappuccino - Regular,,,,76.0,pcs,2.8,212.8,Recipe:ING037
Menu Item,MENU0009,Cappuccino - Regular,,,,76.0,pcs,1.1,83.6,Recipe:ING038
Menu Item,MENU0009,Cappuccino - Regular,,,,13.68,litre,72.0,984.96,Recipe:ING002
Menu Item,MENU0009,Cappuccino - Regular,,,,76.0,pcs,0.32,24.32,Recipe:ING040
Menu Item,MENU0009,Cappuccino - Regular,,,,1.14,litre,90.0,102.6,Recipe:ING019
Menu Item,MENU0010,Cappuccino - Medium,,,,1.4904,kg,980.0,1460.59,Recipe:ING001
Menu Item,MENU0010,Cappuccino - Medium,,,,72.0,pcs,2.8,201.6,Recipe:ING037
Menu Item,MENU0010,Cappuccino - Medium,,,,72.0,pcs,1.1,79.2,Recipe:ING038
Menu Item,MENU0010,Cappuccino - Medium,,,,14.904,litre,72.0,1073.09,Recipe:ING002
Menu Item,MENU0010,Cappuccino - Medium,,,,72.0,pcs,0.32,23.04,Recipe:ING040
Menu Item,MENU0010,Cappuccino - Medium,,,,1.2384,litre,90.0,111.46,Recipe:ING019
Menu Item,MENU0011,Cappuccino - Large,,,,0.8424,kg,980.0,825.55,Recipe:ING001
Menu Item,MENU0011,Cappuccino - Large,,,,36.0,pcs,2.8,100.8,Recipe:ING037
Menu Item,MENU0011,Cappuccino - Large,,,,36.0,pcs,1.1,39.6,Recipe:ING038
Menu Item,MENU0011,Cappuccino - Large,,,,8.424,litre,72.0,606.53,Recipe:ING002
Menu Item,MENU0011,Cappuccino - Large,,,,36.0,pcs,0.32,11.52,Recipe:ING040
Menu Item,MENU0011,Cappuccino - Large,,,,0.702,litre,90.0,63.18,Recipe:ING019
Menu Item,MENU0012,Flat White - Regular,,,,1.026,kg,980.0,1005.48,Recipe:ING001
Menu Item,MENU0012,Flat White - Regular,,,,57.0,pcs,2.8,159.6,Recipe:ING037
Menu Item,MENU0012,Flat White - Regular,,,,57.0,pcs,1.1,62.7,Recipe:ING038
Menu Item,MENU0012,Flat White - Regular,,,,10.26,litre,72.0,738.72,Recipe:ING002
Menu Item,MENU0012,Flat White - Regular,,,,57.0,pcs,0.32,18.24,Recipe:ING040
Menu Item,MENU0012,Flat White - Regular,,,,0.855,litre,90.0,76.95,Recipe:ING019
Menu Item,MENU0013,Flat White - Medium,,,,1.2627,kg,980.0,1237.45,Recipe:ING001
Menu Item,MENU0013,Flat White - Medium,,,,61.0,pcs,2.8,170.8,Recipe:ING037
Menu Item,MENU0013,Flat White - Medium,,,,61.0,pcs,1.1,67.1,Recipe:ING038
Menu Item,MENU0013,Flat White - Medium,,,,12.627,litre,72.0,909.14,Recipe:ING002
Menu Item,MENU0013,Flat White - Medium,,,,61.0,pcs,0.32,19.52,Recipe:ING040
Menu Item,MENU0013,Flat White - Medium,,,,1.0492,litre,90.0,94.43,Recipe:ING019
Menu Item,MENU0014,Flat White - Large,,,,0.8658,kg,980.0,848.48,Recipe:ING001
Menu Item,MENU0014,Flat White - Large,,,,37.0,pcs,2.8,103.6,Recipe:ING037
Menu Item,MENU0014,Flat White - Large,,,,37.0,pcs,1.1,40.7,Recipe:ING038
Menu Item,MENU0014,Flat White - Large,,,,8.658,litre,72.0,623.38,Recipe:ING002
Menu Item,MENU0014,Flat White - Large,,,,37.0,pcs,0.32,11.84,Recipe:ING040
Menu Item,MENU0014,Flat White - Large,,,,0.7215,litre,90.0,64.94,Recipe:ING019
Menu Item,MENU0015,Mocha - Regular,,,,1.225,litre,260.0,318.5,Recipe:ING016
Menu Item,MENU0015,Mocha - Regular,,,,0.882,kg,980.0,864.36,Recipe:ING001
Menu Item,MENU0015,Mocha - Regular,,,,49.0,pcs,2.8,137.2,Recipe:ING037
Menu Item,MENU0015,Mocha - Regular,,,,49.0,pcs,1.1,53.9,Recipe:ING038
Menu Item,MENU0015,Mocha - Regular,,,,8.82,litre,72.0,635.04,Recipe:ING002
Menu Item,MENU0015,Mocha - Regular,,,,49.0,pcs,0.32,15.68,Recipe:ING040
Menu Item,MENU0015,Mocha - Regular,,,,0.735,litre,90.0,66.15,Recipe:ING019
Menu Item,MENU0016,Mocha - Medium,,,,1.4924,litre,260.0,388.02,Recipe:ING016
Menu Item,MENU0016,Mocha - Medium,,,,1.0764,kg,980.0,1054.87,Recipe:ING001
Menu Item,MENU0016,Mocha - Medium,,,,52.0,pcs,2.8,145.6,Recipe:ING037
Menu Item,MENU0016,Mocha - Medium,,,,52.0,pcs,1.1,57.2,Recipe:ING038
Menu Item,MENU0016,Mocha - Medium,,,,10.764,litre,72.0,775.01,Recipe:ING002
Menu Item,MENU0016,Mocha - Medium,,,,52.0,pcs,0.32,16.64,Recipe:ING040
Menu Item,MENU0016,Mocha - Medium,,,,0.8944,litre,90.0,80.5,Recipe:ING019
Menu Item,MENU0017,Mocha - Large,,,,1.0075,litre,260.0,261.95,Recipe:ING016
Menu Item,MENU0017,Mocha - Large,,,,0.7254,kg,980.0,710.89,Recipe:ING001
Menu Item,MENU0017,Mocha - Large,,,,31.0,pcs,2.8,86.8,Recipe:ING037
Menu Item,MENU0017,Mocha - Large,,,,31.0,pcs,1.1,34.1,Recipe:ING038
Menu Item,MENU0017,Mocha - Large,,,,7.254,litre,72.0,522.29,Recipe:ING002
Menu Item,MENU0017,Mocha - Large,,,,31.0,pcs,0.32,9.92,Recipe:ING040
Menu Item,MENU0017,Mocha - Large,,,,0.6045,litre,90.0,54.41,Recipe:ING019
Menu Item,MENU0018,Sea Salt Mocha - Regular,,,,0.95,litre,260.0,247.0,Recipe:ING016
Menu Item,MENU0018,Sea Salt Mocha - Regular,,,,0.684,kg,980.0,670.32,Recipe:ING001
Menu Item,MENU0018,Sea Salt Mocha - Regular,,,,38.0,pcs,2.8,106.4,Recipe:ING037
Menu Item,MENU0018,Sea Salt Mocha - Regular,,,,38.0,pcs,1.1,41.8,Recipe:ING038
Menu Item,MENU0018,Sea Salt Mocha - Regular,,,,6.84,litre,72.0,492.48,Recipe:ING002
Menu Item,MENU0018,Sea Salt Mocha - Regular,,,,38.0,pcs,0.32,12.16,Recipe:ING040
Menu Item,MENU0018,Sea Salt Mocha - Regular,,,,0.57,litre,90.0,51.3,Recipe:ING019
Menu Item,MENU0019,Sea Salt Mocha - Medium,,,,1.2054,litre,260.0,313.4,Recipe:ING016
Menu Item,MENU0019,Sea Salt Mocha - Medium,,,,0.8694,kg,980.0,852.01,Recipe:ING001
Menu Item,MENU0019,Sea Salt Mocha - Medium,,,,42.0,pcs,2.8,117.6,Recipe:ING037
Menu Item,MENU0019,Sea Salt Mocha - Medium,,,,42.0,pcs,1.1,46.2,Recipe:ING038
Menu Item,MENU0019,Sea Salt Mocha - Medium,,,,8.694,litre,72.0,625.97,Recipe:ING002
Menu Item,MENU0019,Sea Salt Mocha - Medium,,,,42.0,pcs,0.32,13.44,Recipe:ING040
Menu Item,MENU0019,Sea Salt Mocha - Medium,,,,0.7224,litre,90.0,65.02,Recipe:ING019
Menu Item,MENU0020,Sea Salt Mocha - Large,,,,0.8775,litre,260.0,228.15,Recipe:ING016
Menu Item,MENU0020,Sea Salt Mocha - Large,,,,0.6318,kg,980.0,619.16,Recipe:ING001
Menu Item,MENU0020,Sea Salt Mocha - Large,,,,27.0,pcs,2.8,75.6,Recipe:ING037
Menu Item,MENU0020,Sea Salt Mocha - Large,,,,27.0,pcs,1.1,29.7,Recipe:ING038
Menu Item,MENU0020,Sea Salt Mocha - Large,,,,6.318,litre,72.0,454.9,Recipe:ING002
Menu Item,MENU0020,Sea Salt Mocha - Large,,,,27.0,pcs,0.32,8.64,Recipe:ING040
Menu Item,MENU0020,Sea Salt Mocha - Large,,,,0.5265,litre,90.0,47.38,Recipe:ING019
Menu Item,MENU0021,Orange Zest Mocha - Regular,,,,1.0,litre,260.0,260.0,Recipe:ING016
Menu Item,MENU0021,Orange Zest Mocha - Regular,,,,0.72,kg,980.0,705.6,Recipe:ING001
Menu Item,MENU0021,Orange Zest Mocha - Regular,,,,40.0,pcs,2.8,112.0,Recipe:ING037
Menu Item,MENU0021,Orange Zest Mocha - Regular,,,,40.0,pcs,1.1,44.0,Recipe:ING038
Menu Item,MENU0021,Orange Zest Mocha - Regular,,,,7.2,litre,72.0,518.4,Recipe:ING002
Menu Item,MENU0021,Orange Zest Mocha - Regular,,,,40.0,pcs,0.32,12.8,Recipe:ING040
Menu Item,MENU0021,Orange Zest Mocha - Regular,,,,0.6,litre,90.0,54.0,Recipe:ING019
Menu Item,MENU0022,Orange Zest Mocha - Medium,,,,1.1193,litre,260.0,291.02,Recipe:ING016
Menu Item,MENU0022,Orange Zest Mocha - Medium,,,,0.8073,kg,980.0,791.15,Recipe:ING001
Menu Item,MENU0022,Orange Zest Mocha - Medium,,,,39.0,pcs,2.8,109.2,Recipe:ING037
Menu Item,MENU0022,Orange Zest Mocha - Medium,,,,39.0,pcs,1.1,42.9,Recipe:ING038
Menu Item,MENU0022,Orange Zest Mocha - Medium,,,,8.073,litre,72.0,581.26,Recipe:ING002
Menu Item,MENU0022,Orange Zest Mocha - Medium,,,,39.0,pcs,0.32,12.48,Recipe:ING040
Menu Item,MENU0022,Orange Zest Mocha - Medium,,,,0.6708,litre,90.0,60.37,Recipe:ING019
Menu Item,MENU0023,Orange Zest Mocha - Large,,,,0.7475,litre,260.0,194.35,Recipe:ING016
Menu Item,MENU0023,Orange Zest Mocha - Large,,,,0.5382,kg,980.0,527.44,Recipe:ING001
Menu Item,MENU0023,Orange Zest Mocha - Large,,,,23.0,pcs,2.8,64.4,Recipe:ING037
Menu Item,MENU0023,Orange Zest Mocha - Large,,,,23.0,pcs,1.1,25.3,Recipe:ING038
Menu Item,MENU0023,Orange Zest Mocha - Large,,,,5.382,litre,72.0,387.5,Recipe:ING002
Menu Item,MENU0023,Orange Zest Mocha - Large,,,,23.0,pcs,0.32,7.36,Recipe:ING040
Menu Item,MENU0023,Orange Zest Mocha - Large,,,,0.4485,litre,90.0,40.37,Recipe:ING019
Menu Item,MENU0024,Caramel Macchiato - Regular,,,,0.975,litre,250.0,243.75,Recipe:ING017
Menu Item,MENU0024,Caramel Macchiato - Regular,,,,0.702,kg,980.0,687.96,Recipe:ING001
Menu Item,MENU0024,Caramel Macchiato - Regular,,,,39.0,pcs,2.8,109.2,Recipe:ING037
Menu Item,MENU0024,Caramel Macchiato - Regular,,,,39.0,pcs,1.1,42.9,Recipe:ING038
Menu Item,MENU0024,Caramel Macchiato - Regular,,,,7.02,litre,72.0,505.44,Recipe:ING002
Menu Item,MENU0024,Caramel Macchiato - Regular,,,,39.0,pcs,0.32,12.48,Recipe:ING040
Menu Item,MENU0024,Caramel Macchiato - Regular,,,,0.585,litre,90.0,52.65,Recipe:ING019
Menu Item,MENU0025,Caramel Macchiato - Medium,,,,1.2915,litre,250.0,322.88,Recipe:ING017
Menu Item,MENU0025,Caramel Macchiato - Medium,,,,0.9315,kg,980.0,912.87,Recipe:ING001
Menu Item,MENU0025,Caramel Macchiato - Medium,,,,45.0,pcs,2.8,126.0,Recipe:ING037
Menu Item,MENU0025,Caramel Macchiato - Medium,,,,45.0,pcs,1.1,49.5,Recipe:ING038
Menu Item,MENU0025,Caramel Macchiato - Medium,,,,9.315,litre,72.0,670.68,Recipe:ING002
Menu Item,MENU0025,Caramel Macchiato - Medium,,,,45.0,pcs,0.32,14.4,Recipe:ING040
Menu Item,MENU0025,Caramel Macchiato - Medium,,,,0.774,litre,90.0,69.66,Recipe:ING019
Menu Item,MENU0026,Caramel Macchiato - Large,,,,0.6175,litre,250.0,154.38,Recipe:ING017
Menu Item,MENU0026,Caramel Macchiato - Large,,,,0.4446,kg,980.0,435.71,Recipe:ING001
Menu Item,MENU0026,Caramel Macchiato - Large,,,,19.0,pcs,2.8,53.2,Recipe:ING037
Menu Item,MENU0026,Caramel Macchiato - Large,,,,19.0,pcs,1.1,20.9,Recipe:ING038
Menu Item,MENU0026,Caramel Macchiato - Large,,,,4.446,litre,72.0,320.11,Recipe:ING002
Menu Item,MENU0026,Caramel Macchiato - Large,,,,19.0,pcs,0.32,6.08,Recipe:ING040
Menu Item,MENU0026,Caramel Macchiato - Large,,,,0.3705,litre,90.0,33.34,Recipe:ING019
Menu Item,MENU0027,French Vanilla Latte - Regular,,,,0.9,kg,980.0,882.0,Recipe:ING001
Menu Item,MENU0027,French Vanilla Latte - Regular,,,,50.0,pcs,2.8,140.0,Recipe:ING037
Menu Item,MENU0027,French Vanilla Latte - Regular,,,,50.0,pcs,1.1,55.0,Recipe:ING038
Menu Item,MENU0027,French Vanilla Latte - Regular,,,,9.0,litre,72.0,648.0,Recipe:ING002
Menu Item,MENU0027,French Vanilla Latte - Regular,,,,50.0,pcs,0.32,16.0,Recipe:ING040
Menu Item,MENU0027,French Vanilla Latte - Regular,,,,0.75,litre,90.0,67.5,Recipe:ING019
Menu Item,MENU0027,French Vanilla Latte - Regular,,,,1.25,litre,240.0,300.0,Recipe:ING018
Menu Item,MENU0028,French Vanilla Latte - Medium,,,,0.9108,kg,980.0,892.58,Recipe:ING001
Menu Item,MENU0028,French Vanilla Latte - Medium,,,,44.0,pcs,2.8,123.2,Recipe:ING037
Menu Item,MENU0028,French Vanilla Latte - Medium,,,,44.0,pcs,1.1,48.4,Recipe:ING038
Menu Item,MENU0028,French Vanilla Latte - Medium,,,,9.108,litre,72.0,655.78,Recipe:ING002
Menu Item,MENU0028,French Vanilla Latte - Medium,,,,44.0,pcs,0.32,14.08,Recipe:ING040
Menu Item,MENU0028,French Vanilla Latte - Medium,,,,0.7568,litre,90.0,68.11,Recipe:ING019
Menu Item,MENU0028,French Vanilla Latte - Medium,,,,1.2628,litre,240.0,303.07,Recipe:ING018
Menu Item,MENU0029,French Vanilla Latte - Large,,,,0.7488,kg,980.0,733.82,Recipe:ING001
Menu Item,MENU0029,French Vanilla Latte - Large,,,,32.0,pcs,2.8,89.6,Recipe:ING037
Menu Item,MENU0029,French Vanilla Latte - Large,,,,32.0,pcs,1.1,35.2,Recipe:ING038
Menu Item,MENU0029,French Vanilla Latte - Large,,,,7.488,litre,72.0,539.14,Recipe:ING002
Menu Item,MENU0029,French Vanilla Latte - Large,,,,32.0,pcs,0.32,10.24,Recipe:ING040
Menu Item,MENU0029,French Vanilla Latte - Large,,,,0.624,litre,90.0,56.16,Recipe:ING019
Menu Item,MENU0029,French Vanilla Latte - Large,,,,1.04,litre,240.0,249.6,Recipe:ING018
Menu Item,MENU0030,Vegan Iced Latte - Regular,,,,0.846,kg,980.0,829.08,Recipe:ING001
Menu Item,MENU0030,Vegan Iced Latte - Regular,,,,47.0,pcs,3.2,150.4,Recipe:ING036
Menu Item,MENU0030,Vegan Iced Latte - Regular,,,,5.64,kg,12.0,67.68,Recipe:ING022
Menu Item,MENU0030,Vegan Iced Latte - Regular,,,,47.0,pcs,1.1,51.7,Recipe:ING038
Menu Item,MENU0030,Vegan Iced Latte - Regular,,,,47.0,pcs,0.32,15.04,Recipe:ING040
Menu Item,MENU0030,Vegan Iced Latte - Regular,,,,8.46,litre,185.0,1565.1,Recipe:ING003
Menu Item,MENU0030,Vegan Iced Latte - Regular,,,,47.0,pcs,0.55,25.85,Recipe:ING039
Menu Item,MENU0030,Vegan Iced Latte - Regular,,,,0.705,litre,90.0,63.45,Recipe:ING019
Menu Item,MENU0031,Vegan Iced Latte - Medium,,,,0.9315,kg,980.0,912.87,Recipe:ING001
Menu Item,MENU0031,Vegan Iced Latte - Medium,,,,45.0,pcs,3.2,144.0,Recipe:ING036
Menu Item,MENU0031,Vegan Iced Latte - Medium,,,,6.21,kg,12.0,74.52,Recipe:ING022
Menu Item,MENU0031,Vegan Iced Latte - Medium,,,,45.0,pcs,1.1,49.5,Recipe:ING038
Menu Item,MENU0031,Vegan Iced Latte - Medium,,,,45.0,pcs,0.32,14.4,Recipe:ING040
Menu Item,MENU0031,Vegan Iced Latte - Medium,,,,9.315,litre,185.0,1723.27,Recipe:ING003
Menu Item,MENU0031,Vegan Iced Latte - Medium,,,,45.0,pcs,0.55,24.75,Recipe:ING039
Menu Item,MENU0031,Vegan Iced Latte - Medium,,,,0.774,litre,90.0,69.66,Recipe:ING019
Menu Item,MENU0032,Vegan Iced Latte - Large,,,,0.702,kg,980.0,687.96,Recipe:ING001
Menu Item,MENU0032,Vegan Iced Latte - Large,,,,30.0,pcs,3.2,96.0,Recipe:ING036
Menu Item,MENU0032,Vegan Iced Latte - Large,,,,4.68,kg,12.0,56.16,Recipe:ING022
Menu Item,MENU0032,Vegan Iced Latte - Large,,,,30.0,pcs,1.1,33.0,Recipe:ING038
Menu Item,MENU0032,Vegan Iced Latte - Large,,,,30.0,pcs,0.32,9.6,Recipe:ING040
Menu Item,MENU0032,Vegan Iced Latte - Large,,,,7.02,litre,185.0,1298.7,Recipe:ING003
Menu Item,MENU0032,Vegan Iced Latte - Large,,,,30.0,pcs,0.55,16.5,Recipe:ING039
Menu Item,MENU0032,Vegan Iced Latte - Large,,,,0.585,litre,90.0,52.65,Recipe:ING019
Menu Item,MENU0033,Classic Cold Brew - Regular,,,,0.36,kg,980.0,352.8,Recipe:ING001
Menu Item,MENU0033,Classic Cold Brew - Regular,,,,20.0,pcs,3.2,64.0,Recipe:ING036
Menu Item,MENU0033,Classic Cold Brew - Regular,,,,2.4,kg,12.0,28.8,Recipe:ING022
Menu Item,MENU0033,Classic Cold Brew - Regular,,,,20.0,pcs,1.1,22.0,Recipe:ING038
Menu Item,MENU0033,Classic Cold Brew - Regular,,,,20.0,pcs,0.32,6.4,Recipe:ING040
Menu Item,MENU0033,Classic Cold Brew - Regular,,,,20.0,pcs,0.55,11.0,Recipe:ING039
Menu Item,MENU0033,Classic Cold Brew - Regular,,,,0.3,litre,90.0,27.0,Recipe:ING019
Menu Item,MENU0034,Classic Cold Brew - Medium,,,,0.5382,kg,980.0,527.44,Recipe:ING001
Menu Item,MENU0034,Classic Cold Brew - Medium,,,,26.0,pcs,3.2,83.2,Recipe:ING036
Menu Item,MENU0034,Classic Cold Brew - Medium,,,,3.588,kg,12.0,43.06,Recipe:ING022
Menu Item,MENU0034,Classic Cold Brew - Medium,,,,26.0,pcs,1.1,28.6,Recipe:ING038
Menu Item,MENU0034,Classic Cold Brew - Medium,,,,26.0,pcs,0.32,8.32,Recipe:ING040
Menu Item,MENU0034,Classic Cold Brew - Medium,,,,26.0,pcs,0.55,14.3,Recipe:ING039
Menu Item,MENU0034,Classic Cold Brew - Medium,,,,0.4472,litre,90.0,40.25,Recipe:ING019
Menu Item,MENU0035,Classic Cold Brew - Large,,,,0.4212,kg,980.0,412.78,Recipe:ING001
Menu Item,MENU0035,Classic Cold Brew - Large,,,,18.0,pcs,3.2,57.6,Recipe:ING036
Menu Item,MENU0035,Classic Cold Brew - Large,,,,2.808,kg,12.0,33.7,Recipe:ING022
Menu Item,MENU0035,Classic Cold Brew - Large,,,,18.0,pcs,1.1,19.8,Recipe:ING038
Menu Item,MENU0035,Classic Cold Brew - Large,,,,18.0,pcs,0.32,5.76,Recipe:ING040
Menu Item,MENU0035,Classic Cold Brew - Large,,,,18.0,pcs,0.55,9.9,Recipe:ING039
Menu Item,MENU0035,Classic Cold Brew - Large,,,,0.351,litre,90.0,31.59,Recipe:ING019
Menu Item,MENU0036,Coffee Lemonade - Regular,,,,0.504,kg,980.0,493.92,Recipe:ING001
Menu Item,MENU0036,Coffee Lemonade - Regular,,,,28.0,pcs,3.2,89.6,Recipe:ING036
Menu Item,MENU0036,Coffee Lemonade - Regular,,,,3.36,kg,12.0,40.32,Recipe:ING022
Menu Item,MENU0036,Coffee Lemonade - Regular,,,,0.98,kg,110.0,107.8,Recipe:ING023
Menu Item,MENU0036,Coffee Lemonade - Regular,,,,28.0,pcs,1.1,30.8,Recipe:ING038
Menu Item,MENU0036,Coffee Lemonade - Regular,,,,28.0,pcs,0.32,8.96,Recipe:ING040
Menu Item,MENU0036,Coffee Lemonade - Regular,,,,28.0,pcs,0.55,15.4,Recipe:ING039
Menu Item,MENU0036,Coffee Lemonade - Regular,,,,0.42,litre,90.0,37.8,Recipe:ING019
Menu Item,MENU0037,Coffee Lemonade - Medium,,,,0.6003,kg,980.0,588.29,Recipe:ING001
Menu Item,MENU0037,Coffee Lemonade - Medium,,,,29.0,pcs,3.2,92.8,Recipe:ING036
Menu Item,MENU0037,Coffee Lemonade - Medium,,,,4.002,kg,12.0,48.02,Recipe:ING022
Menu Item,MENU0037,Coffee Lemonade - Medium,,,,1.1687,kg,110.0,128.56,Recipe:ING023
Menu Item,MENU0037,Coffee Lemonade - Medium,,,,29.0,pcs,1.1,31.9,Recipe:ING038
Menu Item,MENU0037,Coffee Lemonade - Medium,,,,29.0,pcs,0.32,9.28,Recipe:ING040
Menu Item,MENU0037,Coffee Lemonade - Medium,,,,29.0,pcs,0.55,15.95,Recipe:ING039
Menu Item,MENU0037,Coffee Lemonade - Medium,,,,0.4988,litre,90.0,44.89,Recipe:ING019
Menu Item,MENU0038,Coffee Lemonade - Large,,,,0.3042,kg,980.0,298.12,Recipe:ING001
Menu Item,MENU0038,Coffee Lemonade - Large,,,,13.0,pcs,3.2,41.6,Recipe:ING036
Menu Item,MENU0038,Coffee Lemonade - Large,,,,2.028,kg,12.0,24.34,Recipe:ING022
Menu Item,MENU0038,Coffee Lemonade - Large,,,,0.5915,kg,110.0,65.06,Recipe:ING023
Menu Item,MENU0038,Coffee Lemonade - Large,,,,13.0,pcs,1.1,14.3,Recipe:ING038
Menu Item,MENU0038,Coffee Lemonade - Large,,,,13.0,pcs,0.32,4.16,Recipe:ING040
Menu Item,MENU0038,Coffee Lemonade - Large,,,,13.0,pcs,0.55,7.15,Recipe:ING039
Menu Item,MENU0038,Coffee Lemonade - Large,,,,0.2535,litre,90.0,22.82,Recipe:ING019
Menu Item,MENU0039,Vietnamese Shakerato - Regular,,,,0.342,kg,980.0,335.16,Recipe:ING001
Menu Item,MENU0039,Vietnamese Shakerato - Regular,,,,19.0,pcs,3.2,60.8,Recipe:ING036
Menu Item,MENU0039,Vietnamese Shakerato - Regular,,,,2.28,kg,12.0,27.36,Recipe:ING022
Menu Item,MENU0039,Vietnamese Shakerato - Regular,,,,19.0,pcs,1.1,20.9,Recipe:ING038
Menu Item,MENU0039,Vietnamese Shakerato - Regular,,,,19.0,pcs,0.32,6.08,Recipe:ING040
Menu Item,MENU0039,Vietnamese Shakerato - Regular,,,,19.0,pcs,0.55,10.45,Recipe:ING039
Menu Item,MENU0039,Vietnamese Shakerato - Regular,,,,0.285,litre,90.0,25.65,Recipe:ING019
Menu Item,MENU0040,Vietnamese Shakerato - Medium,,,,0.4968,kg,980.0,486.86,Recipe:ING001
Menu Item,MENU0040,Vietnamese Shakerato - Medium,,,,24.0,pcs,3.2,76.8,Recipe:ING036
Menu Item,MENU0040,Vietnamese Shakerato - Medium,,,,3.312,kg,12.0,39.74,Recipe:ING022
Menu Item,MENU0040,Vietnamese Shakerato - Medium,,,,24.0,pcs,1.1,26.4,Recipe:ING038
Menu Item,MENU0040,Vietnamese Shakerato - Medium,,,,24.0,pcs,0.32,7.68,Recipe:ING040
Menu Item,MENU0040,Vietnamese Shakerato - Medium,,,,24.0,pcs,0.55,13.2,Recipe:ING039
Menu Item,MENU0040,Vietnamese Shakerato - Medium,,,,0.4128,litre,90.0,37.15,Recipe:ING019
Menu Item,MENU0041,Vietnamese Shakerato - Large,,,,0.3978,kg,980.0,389.84,Recipe:ING001
Menu Item,MENU0041,Vietnamese Shakerato - Large,,,,17.0,pcs,3.2,54.4,Recipe:ING036
Menu Item,MENU0041,Vietnamese Shakerato - Large,,,,2.652,kg,12.0,31.82,Recipe:ING022
Menu Item,MENU0041,Vietnamese Shakerato - Large,,,,17.0,pcs,1.1,18.7,Recipe:ING038
Menu Item,MENU0041,Vietnamese Shakerato - Large,,,,17.0,pcs,0.32,5.44,Recipe:ING040
Menu Item,MENU0041,Vietnamese Shakerato - Large,,,,17.0,pcs,0.55,9.35,Recipe:ING039
Menu Item,MENU0041,Vietnamese Shakerato - Large,,,,0.3315,litre,90.0,29.84,Recipe:ING019
Menu Item,MENU0042,Classic Cold Coffee - Regular,,,,0.828,kg,980.0,811.44,Recipe:ING001
Menu Item,MENU0042,Classic Cold Coffee - Regular,,,,46.0,pcs,3.2,147.2,Recipe:ING036
Menu Item,MENU0042,Classic Cold Coffee - Regular,,,,5.52,kg,12.0,66.24,Recipe:ING022
Menu Item,MENU0042,Classic Cold Coffee - Regular,,,,46.0,pcs,1.1,50.6,Recipe:ING038
Menu Item,MENU0042,Classic Cold Coffee - Regular,,,,8.28,litre,72.0,596.16,Recipe:ING002
Menu Item,MENU0042,Classic Cold Coffee - Regular,,,,46.0,pcs,0.32,14.72,Recipe:ING040
Menu Item,MENU0042,Classic Cold Coffee - Regular,,,,46.0,pcs,0.55,25.3,Recipe:ING039
Menu Item,MENU0042,Classic Cold Coffee - Regular,,,,0.69,litre,90.0,62.1,Recipe:ING019
Menu Item,MENU0043,Classic Cold Coffee - Medium,,,,0.8901,kg,980.0,872.3,Recipe:ING001
Menu Item,MENU0043,Classic Cold Coffee - Medium,,,,43.0,pcs,3.2,137.6,Recipe:ING036
Menu Item,MENU0043,Classic Cold Coffee - Medium,,,,5.934,kg,12.0,71.21,Recipe:ING022
Menu Item,MENU0043,Classic Cold Coffee - Medium,,,,43.0,pcs,1.1,47.3,Recipe:ING038
Menu Item,MENU0043,Classic Cold Coffee - Medium,,,,8.901,litre,72.0,640.87,Recipe:ING002
Menu Item,MENU0043,Classic Cold Coffee - Medium,,,,43.0,pcs,0.32,13.76,Recipe:ING040
Menu Item,MENU0043,Classic Cold Coffee - Medium,,,,43.0,pcs,0.55,23.65,Recipe:ING039
Menu Item,MENU0043,Classic Cold Coffee - Medium,,,,0.7396,litre,90.0,66.56,Recipe:ING019
Menu Item,MENU0044,Classic Cold Coffee - Large,,,,0.702,kg,980.0,687.96,Recipe:ING001
Menu Item,MENU0044,Classic Cold Coffee - Large,,,,30.0,pcs,3.2,96.0,Recipe:ING036
Menu Item,MENU0044,Classic Cold Coffee - Large,,,,4.68,kg,12.0,56.16,Recipe:ING022
Menu Item,MENU0044,Classic Cold Coffee - Large,,,,30.0,pcs,1.1,33.0,Recipe:ING038
Menu Item,MENU0044,Classic Cold Coffee - Large,,,,7.02,litre,72.0,505.44,Recipe:ING002
Menu Item,MENU0044,Classic Cold Coffee - Large,,,,30.0,pcs,0.32,9.6,Recipe:ING040
Menu Item,MENU0044,Classic Cold Coffee - Large,,,,30.0,pcs,0.55,16.5,Recipe:ING039
Menu Item,MENU0044,Classic Cold Coffee - Large,,,,0.585,litre,90.0,52.65,Recipe:ING019
Menu Item,MENU0045,Mocha Cold Coffee - Regular,,,,1.0,litre,260.0,260.0,Recipe:ING016
Menu Item,MENU0045,Mocha Cold Coffee - Regular,,,,0.72,kg,980.0,705.6,Recipe:ING001
Menu Item,MENU0045,Mocha Cold Coffee - Regular,,,,40.0,pcs,3.2,128.0,Recipe:ING036
Menu Item,MENU0045,Mocha Cold Coffee - Regular,,,,4.8,kg,12.0,57.6,Recipe:ING022
Menu Item,MENU0045,Mocha Cold Coffee - Regular,,,,40.0,pcs,1.1,44.0,Recipe:ING038
Menu Item,MENU0045,Mocha Cold Coffee - Regular,,,,7.2,litre,72.0,518.4,Recipe:ING002
Menu Item,MENU0045,Mocha Cold Coffee - Regular,,,,40.0,pcs,0.32,12.8,Recipe:ING040
Menu Item,MENU0045,Mocha Cold Coffee - Regular,,,,40.0,pcs,0.55,22.0,Recipe:ING039
Menu Item,MENU0045,Mocha Cold Coffee - Regular,,,,0.6,litre,90.0,54.0,Recipe:ING019
Menu Item,MENU0046,Mocha Cold Coffee - Medium,,,,0.6601,litre,260.0,171.63,Recipe:ING016
Menu Item,MENU0046,Mocha Cold Coffee - Medium,,,,0.4761,kg,980.0,466.58,Recipe:ING001
Menu Item,MENU0046,Mocha Cold Coffee - Medium,,,,23.0,pcs,3.2,73.6,Recipe:ING036
Menu Item,MENU0046,Mocha Cold Coffee - Medium,,,,3.174,kg,12.0,38.09,Recipe:ING022
Menu Item,MENU0046,Mocha Cold Coffee - Medium,,,,23.0,pcs,1.1,25.3,Recipe:ING038
Menu Item,MENU0046,Mocha Cold Coffee - Medium,,,,4.761,litre,72.0,342.79,Recipe:ING002
Menu Item,MENU0046,Mocha Cold Coffee - Medium,,,,23.0,pcs,0.32,7.36,Recipe:ING040
Menu Item,MENU0046,Mocha Cold Coffee - Medium,,,,23.0,pcs,0.55,12.65,Recipe:ING039
Menu Item,MENU0046,Mocha Cold Coffee - Medium,,,,0.3956,litre,90.0,35.6,Recipe:ING019
Menu Item,MENU0047,Mocha Cold Coffee - Large,,,,0.8775,litre,260.0,228.15,Recipe:ING016
Menu Item,MENU0047,Mocha Cold Coffee - Large,,,,0.6318,kg,980.0,619.16,Recipe:ING001
Menu Item,MENU0047,Mocha Cold Coffee - Large,,,,27.0,pcs,3.2,86.4,Recipe:ING036
Menu Item,MENU0047,Mocha Cold Coffee - Large,,,,4.212,kg,12.0,50.54,Recipe:ING022
Menu Item,MENU0047,Mocha Cold Coffee - Large,,,,27.0,pcs,1.1,29.7,Recipe:ING038
Menu Item,MENU0047,Mocha Cold Coffee - Large,,,,6.318,litre,72.0,454.9,Recipe:ING002
Menu Item,MENU0047,Mocha Cold Coffee - Large,,,,27.0,pcs,0.32,8.64,Recipe:ING040
Menu Item,MENU0047,Mocha Cold Coffee - Large,,,,27.0,pcs,0.55,14.85,Recipe:ING039
Menu Item,MENU0047,Mocha Cold Coffee - Large,,,,0.5265,litre,90.0,47.38,Recipe:ING019
Menu Item,MENU0048,Caramel Cold Coffee - Regular,,,,1.0,litre,250.0,250.0,Recipe:ING017
Menu Item,MENU0048,Caramel Cold Coffee - Regular,,,,0.72,kg,980.0,705.6,Recipe:ING001
Menu Item,MENU0048,Caramel Cold Coffee - Regular,,,,40.0,pcs,3.2,128.0,Recipe:ING036
Menu Item,MENU0048,Caramel Cold Coffee - Regular,,,,4.8,kg,12.0,57.6,Recipe:ING022
Menu Item,MENU0048,Caramel Cold Coffee - Regular,,,,40.0,pcs,1.1,44.0,Recipe:ING038
Menu Item,MENU0048,Caramel Cold Coffee - Regular,,,,7.2,litre,72.0,518.4,Recipe:ING002
Menu Item,MENU0048,Caramel Cold Coffee - Regular,,,,40.0,pcs,0.32,12.8,Recipe:ING040
Menu Item,MENU0048,Caramel Cold Coffee - Regular,,,,40.0,pcs,0.55,22.0,Recipe:ING039
Menu Item,MENU0048,Caramel Cold Coffee - Regular,,,,0.6,litre,90.0,54.0,Recipe:ING019
Menu Item,MENU0049,Caramel Cold Coffee - Medium,,,,1.0045,litre,250.0,251.12,Recipe:ING017
Menu Item,MENU0049,Caramel Cold Coffee - Medium,,,,0.7245,kg,980.0,710.01,Recipe:ING001
Menu Item,MENU0049,Caramel Cold Coffee - Medium,,,,35.0,pcs,3.2,112.0,Recipe:ING036
Menu Item,MENU0049,Caramel Cold Coffee - Medium,,,,4.83,kg,12.0,57.96,Recipe:ING022
Menu Item,MENU0049,Caramel Cold Coffee - Medium,,,,35.0,pcs,1.1,38.5,Recipe:ING038
Menu Item,MENU0049,Caramel Cold Coffee - Medium,,,,7.245,litre,72.0,521.64,Recipe:ING002
Menu Item,MENU0049,Caramel Cold Coffee - Medium,,,,35.0,pcs,0.32,11.2,Recipe:ING040
Menu Item,MENU0049,Caramel Cold Coffee - Medium,,,,35.0,pcs,0.55,19.25,Recipe:ING039
Menu Item,MENU0049,Caramel Cold Coffee - Medium,,,,0.602,litre,90.0,54.18,Recipe:ING019
Menu Item,MENU0050,Caramel Cold Coffee - Large,,,,0.78,litre,250.0,195.0,Recipe:ING017
Menu Item,MENU0050,Caramel Cold Coffee - Large,,,,0.5616,kg,980.0,550.37,Recipe:ING001
Menu Item,MENU0050,Caramel Cold Coffee - Large,,,,24.0,pcs,3.2,76.8,Recipe:ING036
Menu Item,MENU0050,Caramel Cold Coffee - Large,,,,3.744,kg,12.0,44.93,Recipe:ING022
Menu Item,MENU0050,Caramel Cold Coffee - Large,,,,24.0,pcs,1.1,26.4,Recipe:ING038
Menu Item,MENU0050,Caramel Cold Coffee - Large,,,,5.616,litre,72.0,404.35,Recipe:ING002
Menu Item,MENU0050,Caramel Cold Coffee - Large,,,,24.0,pcs,0.32,7.68,Recipe:ING040
Menu Item,MENU0050,Caramel Cold Coffee - Large,,,,24.0,pcs,0.55,13.2,Recipe:ING039
Menu Item,MENU0050,Caramel Cold Coffee - Large,,,,0.468,litre,90.0,42.12,Recipe:ING019
Menu Item,MENU0051,Masala Chai Latte - Regular,,,,0.54,kg,980.0,529.2,Recipe:ING001
Menu Item,MENU0051,Masala Chai Latte - Regular,,,,30.0,pcs,2.8,84.0,Recipe:ING037
Menu Item,MENU0051,Masala Chai Latte - Regular,,,,30.0,pcs,1.1,33.0,Recipe:ING038
Menu Item,MENU0051,Masala Chai Latte - Regular,,,,5.4,litre,72.0,388.8,Recipe:ING002
Menu Item,MENU0051,Masala Chai Latte - Regular,,,,30.0,pcs,0.32,9.6,Recipe:ING040
Menu Item,MENU0051,Masala Chai Latte - Regular,,,,0.45,litre,90.0,40.5,Recipe:ING019
Menu Item,MENU0052,Masala Chai Latte - Medium,,,,0.414,kg,980.0,405.72,Recipe:ING001
Menu Item,MENU0052,Masala Chai Latte - Medium,,,,20.0,pcs,2.8,56.0,Recipe:ING037
Menu Item,MENU0052,Masala Chai Latte - Medium,,,,20.0,pcs,1.1,22.0,Recipe:ING038
Menu Item,MENU0052,Masala Chai Latte - Medium,,,,4.14,litre,72.0,298.08,Recipe:ING002
Menu Item,MENU0052,Masala Chai Latte - Medium,,,,20.0,pcs,0.32,6.4,Recipe:ING040
Menu Item,MENU0052,Masala Chai Latte - Medium,,,,0.344,litre,90.0,30.96,Recipe:ING019
Menu Item,MENU0053,Masala Chai Latte - Large,,,,0.4212,kg,980.0,412.78,Recipe:ING001
Menu Item,MENU0053,Masala Chai Latte - Large,,,,18.0,pcs,2.8,50.4,Recipe:ING037
Menu Item,MENU0053,Masala Chai Latte - Large,,,,18.0,pcs,1.1,19.8,Recipe:ING038
Menu Item,MENU0053,Masala Chai Latte - Large,,,,4.212,litre,72.0,303.26,Recipe:ING002
Menu Item,MENU0053,Masala Chai Latte - Large,,,,18.0,pcs,0.32,5.76,Recipe:ING040
Menu Item,MENU0053,Masala Chai Latte - Large,,,,0.351,litre,90.0,31.59,Recipe:ING019
Menu Item,MENU0054,Himalayan Green Tea,,,,23.0,pcs,2.8,64.4,Recipe:ING037
Menu Item,MENU0054,Himalayan Green Tea,,,,23.0,pcs,1.1,25.3,Recipe:ING038
Menu Item,MENU0054,Himalayan Green Tea,,,,23.0,pcs,0.32,7.36,Recipe:ING040
Menu Item,MENU0054,Himalayan Green Tea,,,,0.345,litre,90.0,31.05,Recipe:ING019
Menu Item,MENU0054,Himalayan Green Tea,,,,0.115,kg,620.0,71.3,Recipe:ING020
Menu Item,MENU0055,Japanese Matcha Latte - Regular,,,,0.486,kg,980.0,476.28,Recipe:ING001
Menu Item,MENU0055,Japanese Matcha Latte - Regular,,,,27.0,pcs,2.8,75.6,Recipe:ING037
Menu Item,MENU0055,Japanese Matcha Latte - Regular,,,,27.0,pcs,1.1,29.7,Recipe:ING038
Menu Item,MENU0055,Japanese Matcha Latte - Regular,,,,4.86,litre,72.0,349.92,Recipe:ING002
Menu Item,MENU0055,Japanese Matcha Latte - Regular,,,,27.0,pcs,0.32,8.64,Recipe:ING040
Menu Item,MENU0055,Japanese Matcha Latte - Regular,,,,0.405,litre,90.0,36.45,Recipe:ING019
Menu Item,MENU0056,Japanese Matcha Latte - Medium,,,,0.8694,kg,980.0,852.01,Recipe:ING001
Menu Item,MENU0056,Japanese Matcha Latte - Medium,,,,42.0,pcs,2.8,117.6,Recipe:ING037
Menu Item,MENU0056,Japanese Matcha Latte - Medium,,,,42.0,pcs,1.1,46.2,Recipe:ING038
Menu Item,MENU0056,Japanese Matcha Latte - Medium,,,,8.694,litre,72.0,625.97,Recipe:ING002
Menu Item,MENU0056,Japanese Matcha Latte - Medium,,,,42.0,pcs,0.32,13.44,Recipe:ING040
Menu Item,MENU0056,Japanese Matcha Latte - Medium,,,,0.7224,litre,90.0,65.02,Recipe:ING019
Menu Item,MENU0057,Japanese Matcha Latte - Large,,,,0.4446,kg,980.0,435.71,Recipe:ING001
Menu Item,MENU0057,Japanese Matcha Latte - Large,,,,19.0,pcs,2.8,53.2,Recipe:ING037
Menu Item,MENU0057,Japanese Matcha Latte - Large,,,,19.0,pcs,1.1,20.9,Recipe:ING038
Menu Item,MENU0057,Japanese Matcha Latte - Large,,,,4.446,litre,72.0,320.11,Recipe:ING002
Menu Item,MENU0057,Japanese Matcha Latte - Large,,,,19.0,pcs,0.32,6.08,Recipe:ING040
Menu Item,MENU0057,Japanese Matcha Latte - Large,,,,0.3705,litre,90.0,33.34,Recipe:ING019
Menu Item,MENU0058,Lemon Iced Tea - Regular,,,,23.0,pcs,3.2,73.6,Recipe:ING036
Menu Item,MENU0058,Lemon Iced Tea - Regular,,,,2.76,kg,12.0,33.12,Recipe:ING022
Menu Item,MENU0058,Lemon Iced Tea - Regular,,,,0.805,kg,110.0,88.55,Recipe:ING023
Menu Item,MENU0058,Lemon Iced Tea - Regular,,,,23.0,pcs,1.1,25.3,Recipe:ING038
Menu Item,MENU0058,Lemon Iced Tea - Regular,,,,23.0,pcs,0.32,7.36,Recipe:ING040
Menu Item,MENU0058,Lemon Iced Tea - Regular,,,,23.0,pcs,0.55,12.65,Recipe:ING039
Menu Item,MENU0058,Lemon Iced Tea - Regular,,,,0.345,litre,90.0,31.05,Recipe:ING019
Menu Item,MENU0058,Lemon Iced Tea - Regular,,,,0.092,kg,620.0,57.04,Recipe:ING020
Menu Item,MENU0059,Lemon Iced Tea - Medium,,,,19.0,pcs,3.2,60.8,Recipe:ING036
Menu Item,MENU0059,Lemon Iced Tea - Medium,,,,2.622,kg,12.0,31.46,Recipe:ING022
Menu Item,MENU0059,Lemon Iced Tea - Medium,,,,0.7657,kg,110.0,84.23,Recipe:ING023
Menu Item,MENU0059,Lemon Iced Tea - Medium,,,,19.0,pcs,1.1,20.9,Recipe:ING038
Menu Item,MENU0059,Lemon Iced Tea - Medium,,,,19.0,pcs,0.32,6.08,Recipe:ING040
Menu Item,MENU0059,Lemon Iced Tea - Medium,,,,19.0,pcs,0.55,10.45,Recipe:ING039
Menu Item,MENU0059,Lemon Iced Tea - Medium,,,,0.3268,litre,90.0,29.41,Recipe:ING019
Menu Item,MENU0059,Lemon Iced Tea - Medium,,,,0.0874,kg,620.0,54.19,Recipe:ING020
Menu Item,MENU0060,Lemon Iced Tea - Large,,,,17.0,pcs,3.2,54.4,Recipe:ING036
Menu Item,MENU0060,Lemon Iced Tea - Large,,,,2.652,kg,12.0,31.82,Recipe:ING022
Menu Item,MENU0060,Lemon Iced Tea - Large,,,,0.7735,kg,110.0,85.08,Recipe:ING023
Menu Item,MENU0060,Lemon Iced Tea - Large,,,,17.0,pcs,1.1,18.7,Recipe:ING038
Menu Item,MENU0060,Lemon Iced Tea - Large,,,,17.0,pcs,0.32,5.44,Recipe:ING040
Menu Item,MENU0060,Lemon Iced Tea - Large,,,,17.0,pcs,0.55,9.35,Recipe:ING039
Menu Item,MENU0060,Lemon Iced Tea - Large,,,,0.3315,litre,90.0,29.84,Recipe:ING019
Menu Item,MENU0060,Lemon Iced Tea - Large,,,,0.0884,kg,620.0,54.81,Recipe:ING020
Menu Item,MENU0061,Hibiscus Lime Iced Tea - Regular,,,,17.0,pcs,3.2,54.4,Recipe:ING036
Menu Item,MENU0061,Hibiscus Lime Iced Tea - Regular,,,,0.595,litre,390.0,232.05,Recipe:ING024
Menu Item,MENU0061,Hibiscus Lime Iced Tea - Regular,,,,2.04,kg,12.0,24.48,Recipe:ING022
Menu Item,MENU0061,Hibiscus Lime Iced Tea - Regular,,,,17.0,pcs,1.1,18.7,Recipe:ING038
Menu Item,MENU0061,Hibiscus Lime Iced Tea - Regular,,,,17.0,pcs,0.32,5.44,Recipe:ING040
Menu Item,MENU0061,Hibiscus Lime Iced Tea - Regular,,,,17.0,pcs,0.55,9.35,Recipe:ING039
Menu Item,MENU0061,Hibiscus Lime Iced Tea - Regular,,,,0.255,litre,90.0,22.95,Recipe:ING019
Menu Item,MENU0061,Hibiscus Lime Iced Tea - Regular,,,,0.068,kg,620.0,42.16,Recipe:ING020
Menu Item,MENU0062,Hibiscus Lime Iced Tea - Medium,,,,16.0,pcs,3.2,51.2,Recipe:ING036
Menu Item,MENU0062,Hibiscus Lime Iced Tea - Medium,,,,0.6448,litre,390.0,251.47,Recipe:ING024
Menu Item,MENU0062,Hibiscus Lime Iced Tea - Medium,,,,2.208,kg,12.0,26.5,Recipe:ING022
Menu Item,MENU0062,Hibiscus Lime Iced Tea - Medium,,,,16.0,pcs,1.1,17.6,Recipe:ING038
Menu Item,MENU0062,Hibiscus Lime Iced Tea - Medium,,,,16.0,pcs,0.32,5.12,Recipe:ING040
Menu Item,MENU0062,Hibiscus Lime Iced Tea - Medium,,,,16.0,pcs,0.55,8.8,Recipe:ING039
Menu Item,MENU0062,Hibiscus Lime Iced Tea - Medium,,,,0.2752,litre,90.0,24.77,Recipe:ING019
Menu Item,MENU0062,Hibiscus Lime Iced Tea - Medium,,,,0.0736,kg,620.0,45.63,Recipe:ING020
Menu Item,MENU0063,Hibiscus Lime Iced Tea - Large,,,,9.0,pcs,3.2,28.8,Recipe:ING036
Menu Item,MENU0063,Hibiscus Lime Iced Tea - Large,,,,0.4095,litre,390.0,159.7,Recipe:ING024
Menu Item,MENU0063,Hibiscus Lime Iced Tea - Large,,,,1.404,kg,12.0,16.85,Recipe:ING022
Menu Item,MENU0063,Hibiscus Lime Iced Tea - Large,,,,9.0,pcs,1.1,9.9,Recipe:ING038
Menu Item,MENU0063,Hibiscus Lime Iced Tea - Large,,,,9.0,pcs,0.32,2.88,Recipe:ING040
Menu Item,MENU0063,Hibiscus Lime Iced Tea - Large,,,,9.0,pcs,0.55,4.95,Recipe:ING039
Menu Item,MENU0063,Hibiscus Lime Iced Tea - Large,,,,0.1755,litre,90.0,15.79,Recipe:ING019
Menu Item,MENU0063,Hibiscus Lime Iced Tea - Large,,,,0.0468,kg,620.0,29.02,Recipe:ING020
Menu Item,MENU0064,Hot Chocolate - Regular,,,,0.36,litre,260.0,93.6,Recipe:ING016
Menu Item,MENU0064,Hot Chocolate - Regular,,,,6.0,pcs,2.8,16.8,Recipe:ING037
Menu Item,MENU0064,Hot Chocolate - Regular,,,,6.0,pcs,1.1,6.6,Recipe:ING038
Menu Item,MENU0064,Hot Chocolate - Regular,,,,1.2,litre,72.0,86.4,Recipe:ING002
Menu Item,MENU0064,Hot Chocolate - Regular,,,,6.0,pcs,0.32,1.92,Recipe:ING040
Menu Item,MENU0064,Hot Chocolate - Regular,,,,0.09,litre,90.0,8.1,Recipe:ING019
Menu Item,MENU0065,Hot Chocolate - Medium,,,,0.483,litre,260.0,125.58,Recipe:ING016
Menu Item,MENU0065,Hot Chocolate - Medium,,,,7.0,pcs,2.8,19.6,Recipe:ING037
Menu Item,MENU0065,Hot Chocolate - Medium,,,,7.0,pcs,1.1,7.7,Recipe:ING038
Menu Item,MENU0065,Hot Chocolate - Medium,,,,1.61,litre,72.0,115.92,Recipe:ING002
Menu Item,MENU0065,Hot Chocolate - Medium,,,,7.0,pcs,0.32,2.24,Recipe:ING040
Menu Item,MENU0065,Hot Chocolate - Medium,,,,0.1204,litre,90.0,10.84,Recipe:ING019
Menu Item,MENU0066,Hot Chocolate - Large,,,,0.39,litre,260.0,101.4,Recipe:ING016
Menu Item,MENU0066,Hot Chocolate - Large,,,,5.0,pcs,2.8,14.0,Recipe:ING037
Menu Item,MENU0066,Hot Chocolate - Large,,,,5.0,pcs,1.1,5.5,Recipe:ING038
Menu Item,MENU0066,Hot Chocolate - Large,,,,1.3,litre,72.0,93.6,Recipe:ING002
Menu Item,MENU0066,Hot Chocolate - Large,,,,5.0,pcs,0.32,1.6,Recipe:ING040
Menu Item,MENU0066,Hot Chocolate - Large,,,,0.0975,litre,90.0,8.78,Recipe:ING019
Menu Item,MENU0067,Babyccino - Regular,,,,5.0,pcs,2.8,14.0,Recipe:ING037
Menu Item,MENU0067,Babyccino - Regular,,,,5.0,pcs,1.1,5.5,Recipe:ING038
Menu Item,MENU0067,Babyccino - Regular,,,,0.6,litre,72.0,43.2,Recipe:ING002
Menu Item,MENU0067,Babyccino - Regular,,,,5.0,pcs,0.32,1.6,Recipe:ING040
Menu Item,MENU0067,Babyccino - Regular,,,,0.075,litre,90.0,6.75,Recipe:ING019
Menu Item,MENU0068,Choco Chip Shake - Regular,,,,0.575,litre,260.0,149.5,Recipe:ING016
Menu Item,MENU0068,Choco Chip Shake - Regular,,,,23.0,pcs,3.2,73.6,Recipe:ING036
Menu Item,MENU0068,Choco Chip Shake - Regular,,,,0.575,litre,210.0,120.75,Recipe:ING004
Menu Item,MENU0068,Choco Chip Shake - Regular,,,,2.76,kg,12.0,33.12,Recipe:ING022
Menu Item,MENU0068,Choco Chip Shake - Regular,,,,23.0,pcs,1.1,25.3,Recipe:ING038
Menu Item,MENU0068,Choco Chip Shake - Regular,,,,4.6,litre,72.0,331.2,Recipe:ING002
Menu Item,MENU0068,Choco Chip Shake - Regular,,,,23.0,pcs,0.32,7.36,Recipe:ING040
Menu Item,MENU0068,Choco Chip Shake - Regular,,,,23.0,pcs,0.55,12.65,Recipe:ING039
Menu Item,MENU0068,Choco Chip Shake - Regular,,,,0.345,litre,90.0,31.05,Recipe:ING019
Menu Item,MENU0069,Choco Chip Shake - Medium,,,,0.4592,litre,260.0,119.39,Recipe:ING016
Menu Item,MENU0069,Choco Chip Shake - Medium,,,,16.0,pcs,3.2,51.2,Recipe:ING036
Menu Item,MENU0069,Choco Chip Shake - Medium,,,,0.4592,litre,210.0,96.43,Recipe:ING004
Menu Item,MENU0069,Choco Chip Shake - Medium,,,,2.208,kg,12.0,26.5,Recipe:ING022
Menu Item,MENU0069,Choco Chip Shake - Medium,,,,16.0,pcs,1.1,17.6,Recipe:ING038
Menu Item,MENU0069,Choco Chip Shake - Medium,,,,3.68,litre,72.0,264.96,Recipe:ING002
Menu Item,MENU0069,Choco Chip Shake - Medium,,,,16.0,pcs,0.32,5.12,Recipe:ING040
Menu Item,MENU0069,Choco Chip Shake - Medium,,,,16.0,pcs,0.55,8.8,Recipe:ING039
Menu Item,MENU0069,Choco Chip Shake - Medium,,,,0.2752,litre,90.0,24.77,Recipe:ING019
Menu Item,MENU0070,Choco Chip Shake - Large,,,,0.6175,litre,260.0,160.55,Recipe:ING016
Menu Item,MENU0070,Choco Chip Shake - Large,,,,19.0,pcs,3.2,60.8,Recipe:ING036
Menu Item,MENU0070,Choco Chip Shake - Large,,,,0.6175,litre,210.0,129.68,Recipe:ING004
Menu Item,MENU0070,Choco Chip Shake - Large,,,,2.964,kg,12.0,35.57,Recipe:ING022
Menu Item,MENU0070,Choco Chip Shake - Large,,,,19.0,pcs,1.1,20.9,Recipe:ING038
Menu Item,MENU0070,Choco Chip Shake - Large,,,,4.94,litre,72.0,355.68,Recipe:ING002
Menu Item,MENU0070,Choco Chip Shake - Large,,,,19.0,pcs,0.32,6.08,Recipe:ING040
Menu Item,MENU0070,Choco Chip Shake - Large,,,,19.0,pcs,0.55,10.45,Recipe:ING039
Menu Item,MENU0070,Choco Chip Shake - Large,,,,0.3705,litre,90.0,33.34,Recipe:ING019
Menu Item,MENU0071,Mixed Berry Shake - Regular,,,,33.0,pcs,3.2,105.6,Recipe:ING036
Menu Item,MENU0071,Mixed Berry Shake - Regular,,,,0.825,litre,210.0,173.25,Recipe:ING004
Menu Item,MENU0071,Mixed Berry Shake - Regular,,,,3.96,kg,12.0,47.52,Recipe:ING022
Menu Item,MENU0071,Mixed Berry Shake - Regular,,,,33.0,pcs,1.1,36.3,Recipe:ING038
Menu Item,MENU0071,Mixed Berry Shake - Regular,,,,6.6,litre,72.0,475.2,Recipe:ING002
Menu Item,MENU0071,Mixed Berry Shake - Regular,,,,2.64,kg,420.0,1108.8,Recipe:ING025
Menu Item,MENU0071,Mixed Berry Shake - Regular,,,,33.0,pcs,0.32,10.56,Recipe:ING040
Menu Item,MENU0071,Mixed Berry Shake - Regular,,,,33.0,pcs,0.55,18.15,Recipe:ING039
Menu Item,MENU0071,Mixed Berry Shake - Regular,,,,0.495,litre,90.0,44.55,Recipe:ING019
Menu Item,MENU0072,Mixed Berry Shake - Medium,,,,32.0,pcs,3.2,102.4,Recipe:ING036
Menu Item,MENU0072,Mixed Berry Shake - Medium,,,,0.9184,litre,210.0,192.86,Recipe:ING004
Menu Item,MENU0072,Mixed Berry Shake - Medium,,,,4.416,kg,12.0,52.99,Recipe:ING022
Menu Item,MENU0072,Mixed Berry Shake - Medium,,,,32.0,pcs,1.1,35.2,Recipe:ING038
Menu Item,MENU0072,Mixed Berry Shake - Medium,,,,7.36,litre,72.0,529.92,Recipe:ING002
Menu Item,MENU0072,Mixed Berry Shake - Medium,,,,2.944,kg,420.0,1236.48,Recipe:ING025
Menu Item,MENU0072,Mixed Berry Shake - Medium,,,,32.0,pcs,0.32,10.24,Recipe:ING040
Menu Item,MENU0072,Mixed Berry Shake - Medium,,,,32.0,pcs,0.55,17.6,Recipe:ING039
Menu Item,MENU0072,Mixed Berry Shake - Medium,,,,0.5504,litre,90.0,49.54,Recipe:ING019
Menu Item,MENU0073,Mixed Berry Shake - Large,,,,18.0,pcs,3.2,57.6,Recipe:ING036
Menu Item,MENU0073,Mixed Berry Shake - Large,,,,0.585,litre,210.0,122.85,Recipe:ING004
Menu Item,MENU0073,Mixed Berry Shake - Large,,,,2.808,kg,12.0,33.7,Recipe:ING022
Menu Item,MENU0073,Mixed Berry Shake - Large,,,,18.0,pcs,1.1,19.8,Recipe:ING038
Menu Item,MENU0073,Mixed Berry Shake - Large,,,,4.68,litre,72.0,336.96,Recipe:ING002
Menu Item,MENU0073,Mixed Berry Shake - Large,,,,1.872,kg,420.0,786.24,Recipe:ING025
Menu Item,MENU0073,Mixed Berry Shake - Large,,,,18.0,pcs,0.32,5.76,Recipe:ING040
Menu Item,MENU0073,Mixed Berry Shake - Large,,,,18.0,pcs,0.55,9.9,Recipe:ING039
Menu Item,MENU0073,Mixed Berry Shake - Large,,,,0.351,litre,90.0,31.59,Recipe:ING019
Menu Item,MENU0074,Seasonal Smoothie - Regular,,,,1.68,kg,72.0,120.96,Recipe:ING026
Menu Item,MENU0074,Seasonal Smoothie - Regular,,,,21.0,pcs,3.2,67.2,Recipe:ING036
Menu Item,MENU0074,Seasonal Smoothie - Regular,,,,0.525,litre,210.0,110.25,Recipe:ING004
Menu Item,MENU0074,Seasonal Smoothie - Regular,,,,2.52,kg,12.0,30.24,Recipe:ING022
Menu Item,MENU0074,Seasonal Smoothie - Regular,,,,21.0,pcs,1.1,23.1,Recipe:ING038
Menu Item,MENU0074,Seasonal Smoothie - Regular,,,,4.2,litre,72.0,302.4,Recipe:ING002
Menu Item,MENU0074,Seasonal Smoothie - Regular,,,,21.0,pcs,0.32,6.72,Recipe:ING040
Menu Item,MENU0074,Seasonal Smoothie - Regular,,,,21.0,pcs,0.55,11.55,Recipe:ING039
Menu Item,MENU0074,Seasonal Smoothie - Regular,,,,0.315,litre,90.0,28.35,Recipe:ING019
Menu Item,MENU0075,Seasonal Smoothie - Medium,,,,1.748,kg,72.0,125.86,Recipe:ING026
Menu Item,MENU0075,Seasonal Smoothie - Medium,,,,19.0,pcs,3.2,60.8,Recipe:ING036
Menu Item,MENU0075,Seasonal Smoothie - Medium,,,,0.5453,litre,210.0,114.51,Recipe:ING004
Menu Item,MENU0075,Seasonal Smoothie - Medium,,,,2.622,kg,12.0,31.46,Recipe:ING022
Menu Item,MENU0075,Seasonal Smoothie - Medium,,,,19.0,pcs,1.1,20.9,Recipe:ING038
Menu Item,MENU0075,Seasonal Smoothie - Medium,,,,4.37,litre,72.0,314.64,Recipe:ING002
Menu Item,MENU0075,Seasonal Smoothie - Medium,,,,19.0,pcs,0.32,6.08,Recipe:ING040
Menu Item,MENU0075,Seasonal Smoothie - Medium,,,,19.0,pcs,0.55,10.45,Recipe:ING039
Menu Item,MENU0075,Seasonal Smoothie - Medium,,,,0.3268,litre,90.0,29.41,Recipe:ING019
Menu Item,MENU0076,Seasonal Smoothie - Large,,,,1.248,kg,72.0,89.86,Recipe:ING026
Menu Item,MENU0076,Seasonal Smoothie - Large,,,,12.0,pcs,3.2,38.4,Recipe:ING036
Menu Item,MENU0076,Seasonal Smoothie - Large,,,,0.39,litre,210.0,81.9,Recipe:ING004
Menu Item,MENU0076,Seasonal Smoothie - Large,,,,1.872,kg,12.0,22.46,Recipe:ING022
Menu Item,MENU0076,Seasonal Smoothie - Large,,,,12.0,pcs,1.1,13.2,Recipe:ING038
Menu Item,MENU0076,Seasonal Smoothie - Large,,,,3.12,litre,72.0,224.64,Recipe:ING002
Menu Item,MENU0076,Seasonal Smoothie - Large,,,,12.0,pcs,0.32,3.84,Recipe:ING040
Menu Item,MENU0076,Seasonal Smoothie - Large,,,,12.0,pcs,0.55,6.6,Recipe:ING039
Menu Item,MENU0076,Seasonal Smoothie - Large,,,,0.234,litre,90.0,21.06,Recipe:ING019
Menu Item,MENU0077,Spicy Paneer Wrap,,,,0.475,kg,84.0,39.9,Recipe:ING030
Menu Item,MENU0077,Spicy Paneer Wrap,,,,0.475,kg,280.0,133.0,Recipe:ING033
Menu Item,MENU0077,Spicy Paneer Wrap,,,,0.475,kg,95.0,45.12,Recipe:ING028
Menu Item,MENU0077,Spicy Paneer Wrap,,,,38.0,pcs,0.32,12.16,Recipe:ING040
Menu Item,MENU0077,Spicy Paneer Wrap,,,,0.38,kg,42.0,15.96,Recipe:ING029
Menu Item,MENU0077,Spicy Paneer Wrap,,,,2.09,kg,360.0,752.4,Recipe:ING005
Menu Item,MENU0077,Spicy Paneer Wrap,,,,19.0,pcs,15.0,285.0,Recipe:ING011
Menu Item,MENU0077,Spicy Paneer Wrap,,,,19.0,pcs,5.8,110.2,Recipe:ING043
Menu Item,MENU0078,Shredded Chicken Wrap,,,,0.5,kg,84.0,42.0,Recipe:ING030
Menu Item,MENU0078,Shredded Chicken Wrap,,,,2.2,kg,330.0,726.0,Recipe:ING007
Menu Item,MENU0078,Shredded Chicken Wrap,,,,0.5,kg,280.0,140.0,Recipe:ING033
Menu Item,MENU0078,Shredded Chicken Wrap,,,,0.5,kg,95.0,47.5,Recipe:ING028
Menu Item,MENU0078,Shredded Chicken Wrap,,,,40.0,pcs,0.32,12.8,Recipe:ING040
Menu Item,MENU0078,Shredded Chicken Wrap,,,,0.4,kg,42.0,16.8,Recipe:ING029
Menu Item,MENU0078,Shredded Chicken Wrap,,,,20.0,pcs,15.0,300.0,Recipe:ING011
Menu Item,MENU0078,Shredded Chicken Wrap,,,,20.0,pcs,5.8,116.0,Recipe:ING043
Menu Item,MENU0079,Smoked Chipotle Paneer Sandwich,,,,50.0,pcs,12.0,600.0,Recipe:ING009
Menu Item,MENU0079,Smoked Chipotle Paneer Sandwich,,,,0.75,kg,480.0,360.0,Recipe:ING006
Menu Item,MENU0079,Smoked Chipotle Paneer Sandwich,,,,0.5,kg,280.0,140.0,Recipe:ING033
Menu Item,MENU0079,Smoked Chipotle Paneer Sandwich,,,,0.5,kg,95.0,47.5,Recipe:ING028
Menu Item,MENU0079,Smoked Chipotle Paneer Sandwich,,,,50.0,pcs,0.32,16.0,Recipe:ING040
Menu Item,MENU0079,Smoked Chipotle Paneer Sandwich,,,,2.5,kg,360.0,900.0,Recipe:ING005
Menu Item,MENU0079,Smoked Chipotle Paneer Sandwich,,,,25.0,pcs,6.5,162.5,Recipe:ING042
Menu Item,MENU0079,Smoked Chipotle Paneer Sandwich,,,,0.75,kg,54.0,40.5,Recipe:ING031
Menu Item,MENU0080,Pesto Veg Sandwich,,,,44.0,pcs,12.0,528.0,Recipe:ING009
Menu Item,MENU0080,Pesto Veg Sandwich,,,,0.66,kg,480.0,316.8,Recipe:ING006
Menu Item,MENU0080,Pesto Veg Sandwich,,,,0.44,kg,95.0,41.8,Recipe:ING028
Menu Item,MENU0080,Pesto Veg Sandwich,,,,44.0,pcs,0.32,14.08,Recipe:ING040
Menu Item,MENU0080,Pesto Veg Sandwich,,,,2.2,kg,360.0,792.0,Recipe:ING005
Menu Item,MENU0080,Pesto Veg Sandwich,,,,0.44,kg,340.0,149.6,Recipe:ING032
Menu Item,MENU0080,Pesto Veg Sandwich,,,,22.0,pcs,6.5,143.0,Recipe:ING042
Menu Item,MENU0080,Pesto Veg Sandwich,,,,0.66,kg,54.0,35.64,Recipe:ING031
Menu Item,MENU0081,Pepper Chicken Sandwich,,,,54.0,pcs,12.0,648.0,Recipe:ING009
Menu Item,MENU0081,Pepper Chicken Sandwich,,,,0.81,kg,480.0,388.8,Recipe:ING006
Menu Item,MENU0081,Pepper Chicken Sandwich,,,,2.7,kg,330.0,891.0,Recipe:ING007
Menu Item,MENU0081,Pepper Chicken Sandwich,,,,0.54,kg,280.0,151.2,Recipe:ING033
Menu Item,MENU0081,Pepper Chicken Sandwich,,,,0.54,kg,95.0,51.3,Recipe:ING028
Menu Item,MENU0081,Pepper Chicken Sandwich,,,,54.0,pcs,0.32,17.28,Recipe:ING040
Menu Item,MENU0081,Pepper Chicken Sandwich,,,,27.0,pcs,6.5,175.5,Recipe:ING042
Menu Item,MENU0081,Pepper Chicken Sandwich,,,,0.81,kg,54.0,43.74,Recipe:ING031
Menu Item,MENU0082,Tandoori Chicken Sandwich,,,,56.0,pcs,12.0,672.0,Recipe:ING009
Menu Item,MENU0082,Tandoori Chicken Sandwich,,,,0.84,kg,480.0,403.2,Recipe:ING006
Menu Item,MENU0082,Tandoori Chicken Sandwich,,,,2.8,kg,330.0,924.0,Recipe:ING007
Menu Item,MENU0082,Tandoori Chicken Sandwich,,,,0.56,kg,280.0,156.8,Recipe:ING033
Menu Item,MENU0082,Tandoori Chicken Sandwich,,,,0.56,kg,95.0,53.2,Recipe:ING028
Menu Item,MENU0082,Tandoori Chicken Sandwich,,,,56.0,pcs,0.32,17.92,Recipe:ING040
Menu Item,MENU0082,Tandoori Chicken Sandwich,,,,28.0,pcs,6.5,182.0,Recipe:ING042
Menu Item,MENU0082,Tandoori Chicken Sandwich,,,,0.84,kg,54.0,45.36,Recipe:ING031
Menu Item,MENU0083,Chilli Cheese Garlic Toast,,,,0.34,kg,310.0,105.4,Recipe:ING035
Menu Item,MENU0083,Chilli Cheese Garlic Toast,,,,17.0,pcs,12.0,204.0,Recipe:ING009
Menu Item,MENU0083,Chilli Cheese Garlic Toast,,,,0.595,kg,480.0,285.6,Recipe:ING006
Menu Item,MENU0083,Chilli Cheese Garlic Toast,,,,34.0,pcs,0.32,10.88,Recipe:ING040
Menu Item,MENU0083,Chilli Cheese Garlic Toast,,,,17.0,pcs,6.5,110.5,Recipe:ING042
Menu Item,MENU0084,Chicken Pepperoni Avocado Toast,,,,0.32,kg,310.0,99.2,Recipe:ING035
Menu Item,MENU0084,Chicken Pepperoni Avocado Toast,,,,16.0,pcs,12.0,192.0,Recipe:ING009
Menu Item,MENU0084,Chicken Pepperoni Avocado Toast,,,,0.56,kg,480.0,268.8,Recipe:ING006
Menu Item,MENU0084,Chicken Pepperoni Avocado Toast,,,,1.28,kg,330.0,422.4,Recipe:ING007
Menu Item,MENU0084,Chicken Pepperoni Avocado Toast,,,,32.0,pcs,0.32,10.24,Recipe:ING040
Menu Item,MENU0084,Chicken Pepperoni Avocado Toast,,,,16.0,pcs,6.5,104.0,Recipe:ING042
Menu Item,MENU0085,Hummus and Pita Platter,,,,0.18,kg,310.0,55.8,Recipe:ING035
Menu Item,MENU0085,Hummus and Pita Platter,,,,12.0,pcs,12.0,144.0,Recipe:ING009
Menu Item,MENU0085,Hummus and Pita Platter,,,,0.18,kg,95.0,17.1,Recipe:ING028
Menu Item,MENU0085,Hummus and Pita Platter,,,,12.0,pcs,0.32,3.84,Recipe:ING040
Menu Item,MENU0085,Hummus and Pita Platter,,,,6.0,pcs,6.5,39.0,Recipe:ING042
Menu Item,MENU0085,Hummus and Pita Platter,,,,0.24,kg,54.0,12.96,Recipe:ING031
Menu Item,MENU0086,Breakfast Pancakes,,,,0.375,kg,520.0,195.0,Recipe:ING027
Menu Item,MENU0086,Breakfast Pancakes,,,,15.0,pcs,46.0,690.0,Recipe:ING014
Menu Item,MENU0086,Breakfast Pancakes,,,,15.0,pcs,5.0,75.0,Recipe:ING041
Menu Item,MENU0086,Breakfast Pancakes,,,,30.0,pcs,0.32,9.6,Recipe:ING040
Menu Item,MENU0086,Breakfast Pancakes,,,,0.375,litre,90.0,33.75,Recipe:ING019
Menu Item,MENU0087,Cream Cheese Bagel,,,,12.0,pcs,28.0,336.0,Recipe:ING010
Menu Item,MENU0087,Cream Cheese Bagel,,,,0.3,kg,480.0,144.0,Recipe:ING006
Menu Item,MENU0087,Cream Cheese Bagel,,,,0.42,litre,210.0,88.2,Recipe:ING004
Menu Item,MENU0087,Cream Cheese Bagel,,,,24.0,pcs,0.32,7.68,Recipe:ING040
Menu Item,MENU0087,Cream Cheese Bagel,,,,12.0,pcs,6.5,78.0,Recipe:ING042
Menu Item,MENU0088,Scallion Pepper Cream Cheese Bagel,,,,11.0,pcs,28.0,308.0,Recipe:ING010
Menu Item,MENU0088,Scallion Pepper Cream Cheese Bagel,,,,0.275,kg,480.0,132.0,Recipe:ING006
Menu Item,MENU0088,Scallion Pepper Cream Cheese Bagel,,,,0.385,litre,210.0,80.85,Recipe:ING004
Menu Item,MENU0088,Scallion Pepper Cream Cheese Bagel,,,,22.0,pcs,0.32,7.04,Recipe:ING040
Menu Item,MENU0088,Scallion Pepper Cream Cheese Bagel,,,,11.0,pcs,6.5,71.5,Recipe:ING042
Menu Item,MENU0089,Masala Egg Bun,,,,21.0,pcs,12.0,252.0,Recipe:ING009
Menu Item,MENU0089,Masala Egg Bun,,,,0.42,kg,480.0,201.6,Recipe:ING006
Menu Item,MENU0089,Masala Egg Bun,,,,42.0,pcs,7.0,294.0,Recipe:ING008
Menu Item,MENU0089,Masala Egg Bun,,,,42.0,pcs,0.32,13.44,Recipe:ING040
Menu Item,MENU0089,Masala Egg Bun,,,,21.0,pcs,6.5,136.5,Recipe:ING042
Menu Item,MENU0090,Marinara Cheese Pin Wheels,,,,10.0,pcs,12.0,120.0,Recipe:ING009
Menu Item,MENU0090,Marinara Cheese Pin Wheels,,,,0.3,kg,480.0,144.0,Recipe:ING006
Menu Item,MENU0090,Marinara Cheese Pin Wheels,,,,20.0,pcs,0.32,6.4,Recipe:ING040
Menu Item,MENU0090,Marinara Cheese Pin Wheels,,,,0.25,kg,190.0,47.5,Recipe:ING034
Menu Item,MENU0090,Marinara Cheese Pin Wheels,,,,10.0,pcs,6.5,65.0,Recipe:ING042
Menu Item,MENU0091,Pesto Sundried Tomato Pin Wheel,,,,9.0,pcs,12.0,108.0,Recipe:ING009
Menu Item,MENU0091,Pesto Sundried Tomato Pin Wheel,,,,0.27,kg,480.0,129.6,Recipe:ING006
Menu Item,MENU0091,Pesto Sundried Tomato Pin Wheel,,,,18.0,pcs,0.32,5.76,Recipe:ING040
Menu Item,MENU0091,Pesto Sundried Tomato Pin Wheel,,,,0.225,kg,340.0,76.5,Recipe:ING032
Menu Item,MENU0091,Pesto Sundried Tomato Pin Wheel,,,,9.0,pcs,6.5,58.5,Recipe:ING042
Menu Item,MENU0092,Turnover with Brioche Dough Chicken,,,,0.25,kg,480.0,120.0,Recipe:ING006
Menu Item,MENU0092,Turnover with Brioche Dough Chicken,,,,0.8,kg,330.0,264.0,Recipe:ING007
Menu Item,MENU0092,Turnover with Brioche Dough Chicken,,,,10.0,pcs,42.0,420.0,Recipe:ING012
Menu Item,MENU0092,Turnover with Brioche Dough Chicken,,,,20.0,pcs,0.32,6.4,Recipe:ING040
Menu Item,MENU0092,Turnover with Brioche Dough Chicken,,,,10.0,pcs,6.5,65.0,Recipe:ING042
Menu Item,MENU0093,Turnover with Brioche Dough Veg,,,,0.3,kg,480.0,144.0,Recipe:ING006
Menu Item,MENU0093,Turnover with Brioche Dough Veg,,,,12.0,pcs,42.0,504.0,Recipe:ING012
Menu Item,MENU0093,Turnover with Brioche Dough Veg,,,,24.0,pcs,0.32,7.68,Recipe:ING040
Menu Item,MENU0093,Turnover with Brioche Dough Veg,,,,0.96,kg,360.0,345.6,Recipe:ING005
Menu Item,MENU0093,Turnover with Brioche Dough Veg,,,,12.0,pcs,6.5,78.0,Recipe:ING042
Menu Item,MENU0094,Butter Croissant,,,,0.48,kg,520.0,249.6,Recipe:ING027
Menu Item,MENU0094,Butter Croissant,,,,24.0,pcs,42.0,1008.0,Recipe:ING012
Menu Item,MENU0094,Butter Croissant,,,,24.0,pcs,5.0,120.0,Recipe:ING041
Menu Item,MENU0094,Butter Croissant,,,,48.0,pcs,0.32,15.36,Recipe:ING040
Menu Item,MENU0095,Almond Croissant,,,,0.6,kg,520.0,312.0,Recipe:ING027
Menu Item,MENU0095,Almond Croissant,,,,30.0,pcs,42.0,1260.0,Recipe:ING012
Menu Item,MENU0095,Almond Croissant,,,,30.0,pcs,5.0,150.0,Recipe:ING041
Menu Item,MENU0095,Almond Croissant,,,,60.0,pcs,0.32,19.2,Recipe:ING040
Menu Item,MENU0096,Chocolate Croissant,,,,0.78,kg,520.0,405.6,Recipe:ING027
Menu Item,MENU0096,Chocolate Croissant,,,,0.975,litre,260.0,253.5,Recipe:ING016
Menu Item,MENU0096,Chocolate Croissant,,,,39.0,pcs,42.0,1638.0,Recipe:ING012
Menu Item,MENU0096,Chocolate Croissant,,,,39.0,pcs,5.0,195.0,Recipe:ING041
Menu Item,MENU0096,Chocolate Croissant,,,,78.0,pcs,0.32,24.96,Recipe:ING040
Menu Item,MENU0097,Mushroom Cheese Croissant,,,,0.62,kg,520.0,322.4,Recipe:ING027
Menu Item,MENU0097,Mushroom Cheese Croissant,,,,1.085,kg,480.0,520.8,Recipe:ING006
Menu Item,MENU0097,Mushroom Cheese Croissant,,,,31.0,pcs,42.0,1302.0,Recipe:ING012
Menu Item,MENU0097,Mushroom Cheese Croissant,,,,31.0,pcs,5.0,155.0,Recipe:ING041
Menu Item,MENU0097,Mushroom Cheese Croissant,,,,62.0,pcs,0.32,19.84,Recipe:ING040
Menu Item,MENU0098,Sriracha Chicken Croissant,,,,0.64,kg,520.0,332.8,Recipe:ING027
Menu Item,MENU0098,Sriracha Chicken Croissant,,,,2.24,kg,330.0,739.2,Recipe:ING007
Menu Item,MENU0098,Sriracha Chicken Croissant,,,,32.0,pcs,42.0,1344.0,Recipe:ING012
Menu Item,MENU0098,Sriracha Chicken Croissant,,,,32.0,pcs,5.0,160.0,Recipe:ING041
Menu Item,MENU0098,Sriracha Chicken Croissant,,,,64.0,pcs,0.32,20.48,Recipe:ING040
Menu Item,MENU0099,Cinnamon Roll with Cream Cheese,,,,0.725,litre,210.0,152.25,Recipe:ING004
Menu Item,MENU0099,Cinnamon Roll with Cream Cheese,,,,29.0,pcs,42.0,1218.0,Recipe:ING012
Menu Item,MENU0099,Cinnamon Roll with Cream Cheese,,,,29.0,pcs,5.0,145.0,Recipe:ING041
Menu Item,MENU0099,Cinnamon Roll with Cream Cheese,,,,29.0,pcs,0.32,9.28,Recipe:ING040
Menu Item,MENU0100,Banana Walnut Tea Cake,,,,1.82,kg,72.0,131.04,Recipe:ING026
Menu Item,MENU0100,Banana Walnut Tea Cake,,,,26.0,pcs,46.0,1196.0,Recipe:ING014
Menu Item,MENU0100,Banana Walnut Tea Cake,,,,0.65,litre,210.0,136.5,Recipe:ING004
Menu Item,MENU0100,Banana Walnut Tea Cake,,,,26.0,pcs,5.0,130.0,Recipe:ING041
Menu Item,MENU0100,Banana Walnut Tea Cake,,,,26.0,pcs,0.32,8.32,Recipe:ING040
Menu Item,MENU0101,Lemon Raspberry Tea Cake,,,,32.0,pcs,46.0,1472.0,Recipe:ING014
Menu Item,MENU0101,Lemon Raspberry Tea Cake,,,,0.8,litre,210.0,168.0,Recipe:ING004
Menu Item,MENU0101,Lemon Raspberry Tea Cake,,,,32.0,pcs,5.0,160.0,Recipe:ING041
Menu Item,MENU0101,Lemon Raspberry Tea Cake,,,,32.0,pcs,0.32,10.24,Recipe:ING040
Menu Item,MENU0102,Double Chocolate Truffle Cake,,,,39.0,pcs,46.0,1794.0,Recipe:ING014
Menu Item,MENU0102,Double Chocolate Truffle Cake,,,,0.975,litre,260.0,253.5,Recipe:ING016
Menu Item,MENU0102,Double Chocolate Truffle Cake,,,,0.975,litre,210.0,204.75,Recipe:ING004
Menu Item,MENU0102,Double Chocolate Truffle Cake,,,,39.0,pcs,5.0,195.0,Recipe:ING041
Menu Item,MENU0102,Double Chocolate Truffle Cake,,,,39.0,pcs,0.32,12.48,Recipe:ING040
Menu Item,MENU0103,Banoffee Pie,,,,31.0,pcs,46.0,1426.0,Recipe:ING014
Menu Item,MENU0103,Banoffee Pie,,,,0.775,litre,210.0,162.75,Recipe:ING004
Menu Item,MENU0103,Banoffee Pie,,,,31.0,pcs,5.0,155.0,Recipe:ING041
Menu Item,MENU0103,Banoffee Pie,,,,31.0,pcs,0.32,9.92,Recipe:ING040
Menu Item,MENU0104,Classic Chocolate Fudge Brownie,,,,31.0,pcs,34.0,1054.0,Recipe:ING013
Menu Item,MENU0104,Classic Chocolate Fudge Brownie,,,,1.395,litre,260.0,362.7,Recipe:ING016
Menu Item,MENU0104,Classic Chocolate Fudge Brownie,,,,31.0,pcs,5.0,155.0,Recipe:ING041
Menu Item,MENU0104,Classic Chocolate Fudge Brownie,,,,31.0,pcs,0.32,9.92,Recipe:ING040
Menu Item,MENU0105,Soft-Centred Caramel Cookie,,,,0.76,kg,520.0,395.2,Recipe:ING027
Menu Item,MENU0105,Soft-Centred Caramel Cookie,,,,20.9,pcs,46.0,961.4,Recipe:ING014
Menu Item,MENU0105,Soft-Centred Caramel Cookie,,,,0.76,litre,250.0,190.0,Recipe:ING017
Menu Item,MENU0105,Soft-Centred Caramel Cookie,,,,38.0,pcs,5.0,190.0,Recipe:ING041
Menu Item,MENU0105,Soft-Centred Caramel Cookie,,,,38.0,pcs,0.32,12.16,Recipe:ING040
Menu Item,MENU0106,Death by Chocolate Cookie,,,,0.56,kg,520.0,291.2,Recipe:ING027
Menu Item,MENU0106,Death by Chocolate Cookie,,,,15.4,pcs,46.0,708.4,Recipe:ING014
Menu Item,MENU0106,Death by Chocolate Cookie,,,,0.7,litre,260.0,182.0,Recipe:ING016
Menu Item,MENU0106,Death by Chocolate Cookie,,,,28.0,pcs,5.0,140.0,Recipe:ING041
Menu Item,MENU0106,Death by Chocolate Cookie,,,,28.0,pcs,0.32,8.96,Recipe:ING040
Menu Item,MENU0107,Jaggery Parmesan Cookie,,,,0.72,kg,520.0,374.4,Recipe:ING027
Menu Item,MENU0107,Jaggery Parmesan Cookie,,,,19.8,pcs,46.0,910.8,Recipe:ING014
Menu Item,MENU0107,Jaggery Parmesan Cookie,,,,36.0,pcs,5.0,180.0,Recipe:ING041
Menu Item,MENU0107,Jaggery Parmesan Cookie,,,,36.0,pcs,0.32,11.52,Recipe:ING040
Menu Item,MENU0108,Apple Pie,,,,36.0,pcs,46.0,1656.0,Recipe:ING014
Menu Item,MENU0108,Apple Pie,,,,0.9,litre,210.0,189.0,Recipe:ING004
Menu Item,MENU0108,Apple Pie,,,,36.0,pcs,5.0,180.0,Recipe:ING041
Menu Item,MENU0108,Apple Pie,,,,36.0,pcs,0.32,11.52,Recipe:ING040
Menu Item,MENU0109,Basque Cheesecake,,,,37.0,pcs,72.0,2664.0,Recipe:ING015
Menu Item,MENU0109,Basque Cheesecake,,,,0.925,litre,210.0,194.25,Recipe:ING004
Menu Item,MENU0109,Basque Cheesecake,,,,37.0,pcs,5.0,185.0,Recipe:ING041
Menu Item,MENU0109,Basque Cheesecake,,,,37.0,pcs,0.32,11.84,Recipe:ING040
Menu Item,MENU0110,Multigrain Walnut Tea Cake,,,,28.0,pcs,46.0,1288.0,Recipe:ING014
Menu Item,MENU0110,Multigrain Walnut Tea Cake,,,,0.7,litre,210.0,147.0,Recipe:ING004
Menu Item,MENU0110,Multigrain Walnut Tea Cake,,,,28.0,pcs,5.0,140.0,Recipe:ING041
Menu Item,MENU0110,Multigrain Walnut Tea Cake,,,,28.0,pcs,0.32,8.96,Recipe:ING040
