State,Deployment,Order Id,billNumber,daySerial,Tab,tableNumber,Open Time,Close Time,Category Name,Item Name,Item Number,itemSection,Item Classification,Rate,Qty,Amount,Discount,discountType,discountRemarks,GST@5% Amount,GST@5%,GST@18% Amount,GST@18%,GST@3% Amount,GST@3%,netamt,customerName,customerMobile,Covers,Waiter Name,Source
Delhi,ABNAH Cafe Connaught Place,,BILL-OUT001-260101-0001,1,Delivery/Takeaway,,2026-01-01 14:56:00,2026-01-01 15:11:00,Coffee Classics,Americano - Regular,MENU0003,Beverage,Menu Item,185.0,5.0,925.0,9.53,Bill Discount,Synthetic promotion,915.47,45.77,0,0,0,0,961.24,,,,,
Delhi,ABNAH Cafe Connaught Place,,BILL-OUT001-260101-0002,2,Delivery/Takeaway,,2026-01-01 15:34:00,2026-01-01 16:04:00,Coffee Classics,Americano - Medium,MENU0004,Beverage,Menu Item,210.0,4.0,840.0,9.77,Bill Discount,Synthetic promotion,830.23,41.51,0,0,0,0,871.74,,,,,
Delhi,ABNAH Cafe Connaught Place,,BILL-OUT001-260101-0003,3,Delivery/Takeaway,,2026-01-01 17:28:00,2026-01-01 18:10:00,Coffee Classics,Americano - Large,MENU0005,Beverage,Menu Item,235.0,1.0,235.0,11.36,Bill Discount,Synthetic promotion,223.64,11.18,0,0,0,0,234.82,,,,,
Delhi,ABNAH Cafe Connaught Place,,BILL-OUT001-260101-0004,4,Dine In,T13,2026-01-01 09:18:00,2026-01-01 09:53:00,Coffee Classics,Latte - Regular,MENU0006,Beverage,Menu Item,229.12,3.0,687.36,0.0,,,687.36,34.37,0,0,0,0,721.73,,,,,
Delhi,ABNAH Cafe Connaught Place,,BILL-OUT001-260101-0005,5,Dine In,T04,2026-01-01 14:42:00,2026-01-01 14:53:00,Coffee Classics,Latte - Medium,MENU0007,Beverage,Menu Item,250.0,1.0,250.0,2.52,Bill Discount,Synthetic promotion,247.48,12.37,0,0,0,0,259.85,,,,,
Delhi,ABNAH Cafe Connaught Place,,BILL-OUT001-260101-0006,6,Dine In,T13,2026-01-01 09:53:00,2026-01-01 10:08:00,Coffee Classics,Latte - Large,MENU0008,Beverage,Menu Item,279.91,3.0,839.73,0.0,,,839.74,41.99,0,0,0,0,881.73,,,,,
Delhi,ABNAH Cafe Connaught Place,,BILL-OUT001-260101-0007,7,Dine In,T05,2026-01-01 16:34:00,2026-01-01 16:49:00,Coffee Classics,Cappuccino - Regular,MENU0009,Beverage,Menu Item,226.02,3.0,678.06,0.01,Bill Discount,Synthetic promotion,678.05,33.9,0,0,0,0,711.95,,,,,
Delhi,ABNAH Cafe Connaught Place,,BILL-OUT001-260101-0008,8,Delivery/Takeaway,,2026-01-01 13:36:00,2026-01-01 14:22:00,Coffee Classics,Cappuccino - Medium,MENU0010,Beverage,Menu Item,250.0,4.0,1000.0,43.36,Bill Discount,Synthetic promotion,956.64,47.83,0,0,0,0,1004.47,,,,,
Delhi,ABNAH Cafe Connaught Place,,BILL-OUT001-260101-0009,9,Delivery/Takeaway,,2026-01-01 17:54:00,2026-01-01 18:36:00,Coffee Classics,Flat White - Regular,MENU0012,Beverage,Menu Item,235.0,4.0,940.0,18.47,Bill Discount,Synthetic promotion,921.53,46.08,0,0,0,0,967.61,,,,,
Delhi,ABNAH Cafe Connaught Place,,BILL-OUT001-260101-0010,10,Dine In,T11,2026-01-01 19:40:00,2026-01-01 20:29:00,Coffee Classics,Flat White - Medium,MENU0013,Beverage,Menu Item,263.68,2.0,527.36,0.0,,,527.36,26.37,0,0,0,0,553.73,,,,,
Delhi,ABNAH Cafe Connaught Place,,BILL-OUT001-260101-0011,11,Delivery/Takeaway,,2026-01-01 17:04:00,2026-01-01 17:25:00,Coffee Classics,Flat White - Large,MENU0014,Beverage,Menu Item,286.89,3.0,860.67,0.01,Bill Discount,Synthetic promotion,860.66,43.03,0,0,0,0,903.69,,,,,
Delhi,ABNAH Cafe Connaught Place,,BILL-OUT001-260101-0012,12,Dine In,T03,2026-01-01 18:13:00,2026-01-01 18:28:00,Coffee Classics,Mocha - Regular,MENU0015,Beverage,Menu Item,246.11,3.0,738.33,0.0,,,738.33,36.92,0,0,0,0,775.25,,,,,
Delhi,ABNAH Cafe Connaught Place,,BILL-OUT001-260101-0013,13,Delivery/Takeaway,,2026-01-01 13:21:00,2026-01-01 13:46:00,Coffee Classics,Mocha - Medium,MENU0016,Beverage,Menu Item,270.0,2.0,540.0,15.26,Bill Discount,Synthetic promotion,524.74,26.24,0,0,0,0,550.98,,,,,
Delhi,ABNAH Cafe Connaught Place,,BILL-OUT001-260101-0014,14,Delivery/Takeaway,,2026-01-01 10:32:00,2026-01-01 10:57:00,Coffee Classics,Mocha - Large,MENU0017,Beverage,Menu Item,295.0,1.0,295.0,16.94,Bill Discount,Synthetic promotion,278.06,13.9,0,0,0,0,291.96,,,,,
Delhi,ABNAH Cafe Connaught Place,,BILL-OUT001-260101-0015,15,Dine In,T06,2026-01-01 11:50:00,2026-01-01 12:32:00,Signature Coffee,Sea Salt Mocha - Regular,MENU0018,Beverage,Menu Item,277.19,1.0,277.19,0.0,,,277.19,13.86,0,0,0,0,291.05,,,,,
Delhi,ABNAH Cafe Connaught Place,,BILL-OUT001-260101-0016,16,Delivery/Takeaway,,2026-01-01 09:07:00,2026-01-01 09:23:00,Signature Coffee,Sea Salt Mocha - Large,MENU0020,Beverage,Menu Item,335.0,1.0,335.0,12.88,Bill Discount,Synthetic promotion,322.12,16.11,0,0,0,0,338.23,,,,,
Delhi,ABNAH Cafe Connaught Place,,BILL-OUT001-260101-0017,17,Delivery/Takeaway,,2026-01-01 12:02:00,2026-01-01 12:22:00,Signature Coffee,Orange Zest Mocha - Regular,MENU0021,Beverage,Menu Item,270.0,1.0,270.0,14.67,Bill Discount,Synthetic promotion,255.33,12.77,0,0,0,0,268.1,,,,,
Delhi,ABNAH Cafe Connaught Place,,BILL-OUT001-260101-0018,18,Dine In,T12,2026-01-01 19:18:00,2026-01-01 19:43:00,Signature Coffee,Orange Zest Mocha - Medium,MENU0022,Beverage,Menu Item,300.0,1.0,300.0,12.9,Bill Discount,Synthetic promotion,287.1,14.36,0,0,0,0,301.46,,,,,
Delhi,ABNAH Cafe Connaught Place,,BILL-OUT001-260101-0019,19,Delivery/Takeaway,,2026-01-01 09:25:00,2026-01-01 09:55:00,Signature Coffee,Caramel Macchiato - Large,MENU0026,Beverage,Menu Item,325.0,1.0,325.0,14.42,Bill Discount,Synthetic promotion,310.58,15.53,0,0,0,0,326.11,,,,,
Delhi,ABNAH Cafe Connaught Place,,BILL-OUT001-260101-0020,20,Delivery/Takeaway,,2026-01-01 14:22:00,2026-01-01 15:02:00,Signature Coffee,French Vanilla Latte - Regular,MENU0027,Beverage,Menu Item,265.39,1.0,265.39,0.0,,,265.39,13.27,0,0,0,0,278.66,,,,,
Delhi,ABNAH Cafe Connaught Place,,BILL-OUT001-260101-0021,21,Dine In,T08,2026-01-01 11:37:00,2026-01-01 12:10:00,Signature Coffee,Vegan Iced Latte - Regular,MENU0030,Beverage,Menu Item,285.0,3.0,855.0,9.69,Bill Discount,Synthetic promotion,845.31,42.27,0,0,0,0,887.58,,,,,
Delhi,ABNAH Cafe Connaught Place,,BILL-OUT001-260101-0022,22,Delivery/Takeaway,,2026-01-01 08:33:00,2026-01-01 08:45:00,Signature Coffee,Vegan Iced Latte - Medium,MENU0031,Beverage,Menu Item,310.0,1.0,310.0,12.63,Bill Discount,Synthetic promotion,297.37,14.87,0,0,0,0,312.24,,,,,
Delhi,ABNAH Cafe Connaught Place,,BILL-OUT001-260101-0023,23,Delivery/Takeaway,,2026-01-01 15:07:00,2026-01-01 15:35:00,Cold Brew,Classic Cold Brew - Regular,MENU0033,Beverage,Menu Item,228.31,1.0,228.31,0.0,,,228.31,11.42,0,0,0,0,239.73,,,,,
Delhi,ABNAH Cafe Connaught Place,,BILL-OUT001-260101-0024,24,Dine In,T17,2026-01-01 13:25:00,2026-01-01 14:05:00,Cold Brew,Classic Cold Brew - Medium,MENU0034,Beverage,Menu Item,250.0,1.0,250.0,9.74,Bill Discount,Synthetic promotion,240.26,12.01,0,0,0,0,252.27,,,,,
Delhi,ABNAH Cafe Connaught Place,,BILL-OUT001-260101-0025,25,Dine In,T18,2026-01-01 17:22:00,2026-01-01 17:51:00,Cold Brew,Classic Cold Brew - Large,MENU0035,Beverage,Menu Item,276.65,1.0,276.65,0.0,,,276.65,13.83,0,0,0,0,290.48,,,,,
Delhi,ABNAH Cafe Connaught Place,,BILL-OUT001-260101-0026,26,Delivery/Takeaway,,2026-01-01 11:27:00,2026-01-01 12:05:00,Cold Brew,Coffee Lemonade - Regular,MENU0036,Beverage,Menu Item,237.12,2.0,474.24,0.0,,,474.24,23.71,0,0,0,0,497.95,,,,,
Delhi,ABNAH Cafe Connaught Place,,BILL-OUT001-260101-0027,27,Dine In,T04,2026-01-01 08:06:00,2026-01-01 08:35:00,Cold Brew,Vietnamese Shakerato - Medium,MENU0040,Beverage,Menu Item,284.7,1.0,284.7,0.0,,,284.7,14.23,0,0,0,0,298.93,,,,,
Delhi,ABNAH Cafe Connaught Place,,BILL-OUT001-260101-0028,28,Dine In,T16,2026-01-01 15:01:00,2026-01-01 15:50:00,Cold Brew,Vietnamese Shakerato - Large,MENU0041,Beverage,Menu Item,305.0,1.0,305.0,10.7,Bill Discount,Synthetic promotion,294.3,14.71,0,0,0,0,309.01,,,,,
Delhi,ABNAH Cafe Connaught Place,,BILL-OUT001-260101-0029,29,Dine In,T17,2026-01-01 18:53:00,2026-01-01 19:25:00,Cold Coffee,Classic Cold Coffee - Regular,MENU0042,Beverage,Menu Item,255.0,1.0,255.0,7.87,Bill Discount,Synthetic promotion,247.13,12.36,0,0,0,0,259.49,,,,,
Delhi,ABNAH Cafe Connaught Place,,BILL-OUT001-260101-0030,30,Delivery/Takeaway,,2026-01-01 13:35:00,2026-01-01 13:43:00,Cold Coffee,Classic Cold Coffee - Large,MENU0044,Beverage,Menu Item,325.56,1.0,325.56,0.0,,,325.56,16.28,0,0,0,0,341.84,,,,,
Delhi,ABNAH Cafe Connaught Place,,BILL-OUT001-260101-0031,31,Dine In,T02,2026-01-01 11:04:00,2026-01-01 11:32:00,Cold Coffee,Mocha Cold Coffee - Regular,MENU0045,Beverage,Menu Item,285.0,1.0,285.0,4.14,Bill Discount,Synthetic promotion,280.86,14.04,0,0,0,0,294.9,,,,,
Delhi,ABNAH Cafe Connaught Place,,BILL-OUT001-260101-0032,32,Delivery/Takeaway,,2026-01-01 18:35:00,2026-01-01 18:44:00,Cold Coffee,Mocha Cold Coffee - Medium,MENU0046,Beverage,Menu Item,320.0,2.0,640.0,23.45,Bill Discount,Synthetic promotion,616.55,30.83,0,0,0,0,647.38,,,,,
Delhi,ABNAH Cafe Connaught Place,,BILL-OUT001-260101-0033,33,Delivery/Takeaway,,2026-01-01 17:50:00,2026-01-01 18:05:00,Cold Coffee,Caramel Cold Coffee - Regular,MENU0048,Beverage,Menu Item,285.0,1.0,285.0,0.32,Bill Discount,Synthetic promotion,284.68,14.23,0,0,0,0,298.91,,,,,
Delhi,ABNAH Cafe Connaught Place,,BILL-OUT001-260101-0034,34,Delivery/Takeaway,,2026-01-01 15:25:00,2026-01-01 15:34:00,Cold Coffee,Caramel Cold Coffee - Medium,MENU0049,Beverage,Menu Item,320.0,1.0,320.0,13.9,Bill Discount,Synthetic promotion,306.1,15.3,0,0,0,0,321.4,,,,,
Delhi,ABNAH Cafe Connaught Place,,BILL-OUT001-260101-0035,35,Delivery/Takeaway,,2026-01-01 08:48:00,2026-01-01 09:29:00,Tea,Masala Chai Latte - Regular,MENU0051,Beverage,Menu Item,195.0,3.0,585.0,12.65,Bill Discount,Synthetic promotion,572.35,28.62,0,0,0,0,600.97,,,,,
Delhi,ABNAH Cafe Connaught Place,,BILL-OUT001-260101-0036,36,Delivery/Takeaway,,2026-01-01 15:17:00,2026-01-01 15:41:00,Tea,Himalayan Green Tea,MENU0054,Beverage,Menu Item,213.1,2.0,426.2,0.0,,,426.2,21.31,0,0,0,0,447.51,,,,,
Delhi,ABNAH Cafe Connaught Place,,BILL-OUT001-260101-0037,37,Delivery/Takeaway,,2026-01-01 16:37:00,2026-01-01 17:09:00,Tea,Japanese Matcha Latte - Regular,MENU0055,Beverage,Menu Item,265.0,1.0,265.0,4.71,Bill Discount,Synthetic promotion,260.29,13.01,0,0,0,0,273.3,,,,,
Delhi,ABNAH Cafe Connaught Place,,BILL-OUT001-260101-0038,38,Dine In,T10,2026-01-01 18:53:00,2026-01-01 19:02:00,Tea,Japanese Matcha Latte - Large,MENU0057,Beverage,Menu Item,325.0,5.0,1625.0,62.14,Bill Discount,Synthetic promotion,1562.86,78.14,0,0,0,0,1641.0,,,,,
Delhi,ABNAH Cafe Connaught Place,,BILL-OUT001-260101-0039,39,Dine In,T15,2026-01-01 14:26:00,2026-01-01 14:49:00,Iced Tea,Lemon Iced Tea - Medium,MENU0059,Beverage,Menu Item,230.0,2.0,460.0,23.42,Bill Discount,Synthetic promotion,436.58,21.83,0,0,0,0,458.41,,,,,
Delhi,ABNAH Cafe Connaught Place,,BILL-OUT001-260101-0040,40,Dine In,T14,2026-01-01 16:26:00,2026-01-01 16:55:00,Iced Tea,Hibiscus Lime Iced Tea - Regular,MENU0061,Beverage,Menu Item,227.44,2.0,454.88,0.0,,,454.88,22.74,0,0,0,0,477.62,,,,,
Delhi,ABNAH Cafe Connaught Place,,BILL-OUT001-260101-0041,41,Dine In,T12,2026-01-01 13:17:00,2026-01-01 13:38:00,Kids Beverage,Hot Chocolate - Medium,MENU0065,Beverage,Menu Item,245.0,1.0,245.0,4.18,Bill Discount,Synthetic promotion,240.82,12.04,0,0,0,0,252.86,,,,,
Delhi,ABNAH Cafe Connaught Place,,BILL-OUT001-260101-0042,42,Dine In,T04,2026-01-01 14:53:00,2026-01-01 15:28:00,Kids Beverage,Hot Chocolate - Large,MENU0066,Beverage,Menu Item,270.0,1.0,270.0,7.77,Bill Discount,Synthetic promotion,262.23,13.11,0,0,0,0,275.34,,,,,
Delhi,ABNAH Cafe Connaught Place,,BILL-OUT001-260101-0043,43,Delivery/Takeaway,,2026-01-01 14:45:00,2026-01-01 15:05:00,Shake,Choco Chip Shake - Medium,MENU0069,Beverage,Menu Item,330.0,2.0,660.0,21.88,Bill Discount,Synthetic promotion,638.12,31.91,0,0,0,0,670.03,,,,,
Delhi,ABNAH Cafe Connaught Place,,BILL-OUT001-260101-0044,44,Delivery/Takeaway,,2026-01-01 11:26:00,2026-01-01 12:14:00,Smoothie,Seasonal Smoothie - Regular,MENU0074,Beverage,Menu Item,305.0,2.0,610.0,6.8,Bill Discount,Synthetic promotion,603.2,30.16,0,0,0,0,633.36,,,,,
Delhi,ABNAH Cafe Connaught Place,,BILL-OUT001-260101-0045,45,Dine In,T24,2026-01-01 10:31:00,2026-01-01 11:01:00,Wraps,Spicy Paneer Wrap,MENU0077,Food,Menu Item,275.0,1.0,275.0,1.1,Bill Discount,Synthetic promotion,273.9,13.7,0,0,0,0,287.6,,,,,
Delhi,ABNAH Cafe Connaught Place,,BILL-OUT001-260101-0046,46,Dine In,T03,2026-01-01 16:06:00,2026-01-01 16:34:00,Wraps,Shredded Chicken Wrap,MENU0078,Food,Menu Item,295.0,1.0,295.0,16.76,Bill Discount,Synthetic promotion,278.24,13.91,0,0,0,0,292.15,,,,,
Delhi,ABNAH Cafe Connaught Place,,BILL-OUT001-260101-0047,47,Delivery/Takeaway,,2026-01-01 13:09:00,2026-01-01 13:24:00,Sandwiches,Pesto Veg Sandwich,MENU0080,Food,Menu Item,280.0,1.0,280.0,10.49,Bill Discount,Synthetic promotion,269.51,13.48,0,0,0,0,282.99,,,,,
Delhi,ABNAH Cafe Connaught Place,,BILL-OUT001-260101-0048,48,Dine In,T22,2026-01-01 09:38:00,2026-01-01 09:51:00,Toasts,Chilli Cheese Garlic Toast,MENU0083,Food,Menu Item,235.0,1.0,235.0,11.73,Bill Discount,Synthetic promotion,223.27,11.16,0,0,0,0,234.43,,,,,
Delhi,ABNAH Cafe Connaught Place,,BILL-OUT001-260101-0049,49,Delivery/Takeaway,,2026-01-01 10:25:00,2026-01-01 11:00:00,Toasts,Chicken Pepperoni Avocado Toast,MENU0084,Food,Menu Item,330.0,1.0,330.0,7.73,Bill Discount,Synthetic promotion,322.27,16.11,0,0,0,0,338.38,,,,,
Delhi,ABNAH Cafe Connaught Place,,BILL-OUT001-260101-0050,50,Delivery/Takeaway,,2026-01-01 15:08:00,2026-01-01 15:17:00,Platter,Hummus and Pita Platter,MENU0085,Food,Menu Item,310.0,1.0,310.0,3.4,Bill Discount,Synthetic promotion,306.6,15.33,0,0,0,0,321.93,,,,,
Delhi,ABNAH Cafe Connaught Place,,BILL-OUT001-260101-0051,51,Dine In,T24,2026-01-01 16:59:00,2026-01-01 17:45:00,Snacks,Pesto Sundried Tomato Pin Wheel,MENU0091,Food,Menu Item,226.81,1.0,226.81,0.0,,,226.81,11.34,0,0,0,0,238.15,,,,,
Delhi,ABNAH Cafe Connaught Place,,BILL-OUT001-260101-0052,52,Delivery/Takeaway,,2026-01-01 15:33:00,2026-01-01 15:41:00,Baked Goods,Chocolate Croissant,MENU0096,Food,Menu Item,235.0,2.0,470.0,7.91,Bill Discount,Synthetic promotion,462.09,23.1,0,0,0,0,485.19,,,,,
Delhi,ABNAH Cafe Connaught Place,,BILL-OUT001-260101-0053,53,Delivery/Takeaway,,2026-01-01 13:45:00,2026-01-01 14:22:00,Baked Goods,Mushroom Cheese Croissant,MENU0097,Food,Menu Item,255.0,1.0,255.0,5.88,Bill Discount,Synthetic promotion,249.12,12.46,0,0,0,0,261.58,,,,,
Delhi,ABNAH Cafe Connaught Place,,BILL-OUT001-260101-0054,54,Dine In,T09,2026-01-01 14:29:00,2026-01-01 15:13:00,Baked Goods,Banana Walnut Tea Cake,MENU0100,Dessert,Menu Item,205.0,1.0,205.0,7.65,Bill Discount,Synthetic promotion,197.35,9.87,0,0,0,0,207.22,,,,,
Delhi,ABNAH Cafe Connaught Place,,BILL-OUT001-260101-0055,55,Delivery/Takeaway,,2026-01-01 13:51:00,2026-01-01 14:08:00,Baked Goods,Lemon Raspberry Tea Cake,MENU0101,Dessert,Menu Item,215.0,2.0,430.0,1.59,Bill Discount,Synthetic promotion,428.41,21.42,0,0,0,0,449.83,,,,,
Delhi,ABNAH Cafe Connaught Place,,BILL-OUT001-260101-0056,56,Delivery/Takeaway,,2026-01-01 18:36:00,2026-01-01 19:21:00,Desserts,Classic Chocolate Fudge Brownie,MENU0104,Dessert,Menu Item,195.0,1.0,195.0,5.38,Bill Discount,Synthetic promotion,189.62,9.48,0,0,0,0,199.1,,,,,
Delhi,ABNAH Cafe Connaught Place,,BILL-OUT001-260101-0057,57,Delivery/Takeaway,,2026-01-01 15:04:00,2026-01-01 15:33:00,Desserts,Soft-Centred Caramel Cookie,MENU0105,Dessert,Menu Item,180.0,1.0,180.0,3.93,Bill Discount,Synthetic promotion,176.07,8.8,0,0,0,0,184.87,,,,,
Delhi,ABNAH Cafe Connaught Place,,BILL-OUT001-260101-0058,58,Delivery/Takeaway,,2026-01-01 11:59:00,2026-01-01 12:25:00,Desserts,Jaggery Parmesan Cookie,MENU0107,Dessert,Menu Item,173.13,1.0,173.13,0.0,,,173.13,8.66,0,0,0,0,181.79,,,,,
Delhi,ABNAH Cafe Connaught Place,,BILL-OUT001-260101-0059,59,Dine In,T16,2026-01-01 12:45:00,2026-01-01 13:06:00,Baked Goods,Multigrain Walnut Tea Cake,MENU0110,Dessert,Menu Item,225.0,1.0,225.0,1.5,Bill Discount,Synthetic promotion,223.5,11.18,0,0,0,0,234.68,,,,,
Delhi,ABNAH Cafe Connaught Place,,BILL-OUT001-260102-0001,1,Delivery/Takeaway,,2026-01-02 10:00:00,2026-01-02 10:08:00,Coffee Classics,Americano - Regular,MENU0003,Beverage,Menu Item,185.0,2.0,370.0,15.43,Bill Discount,Synthetic promotion,354.57,17.73,0,0,0,0,372.3,,,,,
Delhi,ABNAH Cafe Connaught Place,,BILL-OUT001-260102-0002,2,Dine In,T17,2026-01-02 15:28:00,2026-01-02 16:10:00,Coffee Classics,Americano - Large,MENU0005,Beverage,Menu Item,235.0,1.0,235.0,8.71,Bill Discount,Synthetic promotion,226.29,11.31,0,0,0,0,237.6,,,,,
Delhi,ABNAH Cafe Connaught Place,,BILL-OUT001-260102-0003,3,Delivery/Takeaway,,2026-01-02 09:42:00,2026-01-02 10:09:00,Coffee Classics,Latte - Regular,MENU0006,Beverage,Menu Item,225.0,4.0,900.0,21.79,Bill Discount,Synthetic promotion,878.21,43.91,0,0,0,0,922.12,,,,,
Delhi,ABNAH Cafe Connaught Place,,BILL-OUT001-260102-0004,4,Dine In,T05,2026-01-02 17:59:00,2026-01-02 18:41:00,Coffee Classics,Latte - Medium,MENU0007,Beverage,Menu Item,250.0,3.0,750.0,6.27,Bill Discount,Synthetic promotion,743.73,37.19,0,0,0,0,780.92,,,,,
Delhi,ABNAH Cafe Connaught Place,,BILL-OUT001-260102-0005,5,Delivery/Takeaway,,2026-01-02 11:19:00,2026-01-02 11:46:00,Coffee Classics,Latte - Large,MENU0008,Beverage,Menu Item,275.0,2.0,550.0,10.83,Bill Discount,Synthetic promotion,539.17,26.96,0,0,0,0,566.13,,,,,
Delhi,ABNAH Cafe Connaught Place,,BILL-OUT001-260102-0006,6,Delivery/Takeaway,,2026-01-02 18:32:00,2026-01-02 18:43:00,Coffee Classics,Cappuccino - Regular,MENU0009,Beverage,Menu Item,225.0,4.0,900.0,35.34,Bill Discount,Synthetic promotion,864.66,43.23,0,0,0,0,907.89,,,,,
Delhi,ABNAH Cafe Connaught Place,,BILL-OUT001-260102-0007,7,Delivery/Takeaway,,2026-01-02 12:03:00,2026-01-02 12:32:00,Coffee Classics,Cappuccino - Medium,MENU0010,Beverage,Menu Item,250.0,5.0,1250.0,52.53,Bill Discount,Synthetic promotion,1197.47,59.87,0,0,0,0,1257.34,,,,,
Delhi,ABNAH Cafe Connaught Place,,BILL-OUT001-260102-0008,8,Dine In,T07,2026-01-02 11:57:00,2026-01-02 12:18:00,Coffee Classics,Cappuccino - Large,MENU0011,Beverage,Menu Item,275.0,3.0,825.0,29.09,Bill Discount,Synthetic promotion,795.91,39.8,0,0,0,0,835.71,,,,,
Delhi,ABNAH Cafe Connaught Place,,BILL-OUT001-260102-0009,9,Delivery/Takeaway,,2026-01-02 09:22:00,2026-01-02 10:01:00,Coffee Classics,Flat White - Regular,MENU0012,Beverage,Menu Item,235.0,1.0,235.0,5.31,Bill Discount,Synthetic promotion,229.69,11.48,0,0,0,0,241.17,,,,,
Delhi,ABNAH Cafe Connaught Place,,BILL-OUT001-260102-0010,10,Dine In,T10,2026-01-02 17:06:00,2026-01-02 17:40:00,Coffee Classics,Flat White - Medium,MENU0013,Beverage,Menu Item,260.0,2.0,520.0,7.88,Bill Discount,Synthetic promotion,512.12,25.61,0,0,0,0,537.73,,,,,
Delhi,ABNAH Cafe Connaught Place,,BILL-OUT001-260102-0011,11,Dine In,T15,2026-01-02 09:40:00,2026-01-02 09:58:00,Coffee Classics,Flat White - Large,MENU0014,Beverage,Menu Item,285.0,1.0,285.0,12.81,Bill Discount,Synthetic promotion,272.19,13.61,0,0,0,0,285.8,,,,,
Delhi,ABNAH Cafe Connaught Place,,BILL-OUT001-260102-0012,12,Delivery/Takeaway,,2026-01-02 12:05:00,2026-01-02 12:26:00,Coffee Classics,Mocha - Regular,MENU0015,Beverage,Menu Item,246.78,4.0,987.12,0.0,,,987.12,49.36,0,0,0,0,1036.48,,,,,
Delhi,ABNAH Cafe Connaught Place,,BILL-OUT001-260102-0013,13,Delivery/Takeaway,,2026-01-02 10:17:00,2026-01-02 10:36:00,Coffee Classics,Mocha - Large,MENU0017,Beverage,Menu Item,295.0,3.0,885.0,35.61,Bill Discount,Synthetic promotion,849.39,42.47,0,0,0,0,891.86,,,,,
Delhi,ABNAH Cafe Connaught Place,,BILL-OUT001-260102-0014,14,Delivery/Takeaway,,2026-01-02 18:32:00,2026-01-02 19:01:00,Signature Coffee,Sea Salt Mocha - Regular,MENU0018,Beverage,Menu Item,279.7,1.0,279.7,0.0,,,279.7,13.98,0,0,0,0,293.68,,,,,
Delhi,ABNAH Cafe Connaught Place,,BILL-OUT001-260102-0015,15,Delivery/Takeaway,,2026-01-02 19:22:00,2026-01-02 19:59:00,Signature Coffee,Orange Zest Mocha - Regular,MENU0021,Beverage,Menu Item,270.0,1.0,270.0,1.12,Bill Discount,Synthetic promotion,268.88,13.44,0,0,0,0,282.32,,,,,
Delhi,ABNAH Cafe Connaught Place,,BILL-OUT001-260102-0016,16,Delivery/Takeaway,,2026-01-02 19:28:00,2026-01-02 19:47:00,Signature Coffee,Orange Zest Mocha - Medium,MENU0022,Beverage,Menu Item,300.0,1.0,300.0,0.42,Bill Discount,Synthetic promotion,299.58,14.98,0,0,0,0,314.56,,,,,
Delhi,ABNAH Cafe Connaught Place,,BILL-OUT001-260102-0017,17,Dine In,T16,2026-01-02 13:26:00,2026-01-02 13:44:00,Signature Coffee,Caramel Macchiato - Regular,MENU0024,Beverage,Menu Item,266.45,1.0,266.45,0.0,,,266.45,13.32,0,0,0,0,279.77,,,,,
Delhi,ABNAH Cafe Connaught Place,,BILL-OUT001-260102-0018,18,Delivery/Takeaway,,2026-01-02 17:01:00,2026-01-02 17:50:00,Signature Coffee,French Vanilla Latte - Regular,MENU0027,Beverage,Menu Item,265.0,2.0,530.0,11.14,Bill Discount,Synthetic promotion,518.86,25.94,0,0,0,0,544.8,,,,,
Delhi,ABNAH Cafe Connaught Place,,BILL-OUT001-260102-0019,19,Delivery/Takeaway,,2026-01-02 08:28:00,2026-01-02 09:11:00,Signature Coffee,French Vanilla Latte - Medium,MENU0028,Beverage,Menu Item,295.94,1.0,295.94,0.0,,,295.94,14.8,0,0,0,0,310.74,,,,,
Delhi,ABNAH Cafe Connaught Place,,BILL-OUT001-260102-0020,20,Delivery/Takeaway,,2026-01-02 11:51:00,2026-01-02 12:13:00,Signature Coffee,French Vanilla Latte - Large,MENU0029,Beverage,Menu Item,325.0,2.0,650.0,18.97,Bill Discount,Synthetic promotion,631.03,31.55,0,0,0,0,662.58,,,,,
Delhi,ABNAH Cafe Connaught Place,,BILL-OUT001-260102-0021,21,Delivery/Takeaway,,2026-01-02 18:48:00,2026-01-02 19:16:00,Signature Coffee,Vegan Iced Latte - Regular,MENU0030,Beverage,Menu Item,285.0,2.0,570.0,28.86,Bill Discount,Synthetic promotion,541.14,27.06,0,0,0,0,568.2,,,,,
Delhi,ABNAH Cafe Connaught Place,,BILL-OUT001-260102-0022,22,Dine In,T23,2026-01-02 11:45:00,2026-01-02 12:11:00,Signature Coffee,Vegan Iced Latte - Large,MENU0032,Beverage,Menu Item,335.0,1.0,335.0,18.73,Bill Discount,Synthetic promotion,316.27,15.81,0,0,0,0,332.08,,,,,
Delhi,ABNAH Cafe Connaught Place,,BILL-OUT001-260102-0023,23,Delivery/Takeaway,,2026-01-02 09:29:00,2026-01-02 10:03:00,Cold Brew,Coffee Lemonade - Regular,MENU0036,Beverage,Menu Item,235.0,1.0,235.0,0.57,Bill Discount,Synthetic promotion,234.43,11.72,0,0,0,0,246.15,,,,,
Delhi,ABNAH Cafe Connaught Place,,BILL-OUT001-260102-0024,24,Dine In,T08,2026-01-02 19:52:00,2026-01-02 20:19:00,Cold Brew,Coffee Lemonade - Medium,MENU0037,Beverage,Menu Item,260.0,2.0,520.0,11.64,Bill Discount,Synthetic promotion,508.36,25.42,0,0,0,0,533.78,,,,,
Delhi,ABNAH Cafe Connaught Place,,BILL-OUT001-260102-0025,25,Delivery/Takeaway,,2026-01-02 17:13:00,2026-01-02 17:27:00,Cold Brew,Coffee Lemonade - Large,MENU0038,Beverage,Menu Item,285.0,1.0,285.0,16.37,Bill Discount,Synthetic promotion,268.63,13.43,0,0,0,0,282.06,,,,,
Delhi,ABNAH Cafe Connaught Place,,BILL-OUT001-260102-0026,26,Delivery/Takeaway,,2026-01-02 08:02:00,2026-01-02 08:26:00,Cold Brew,Vietnamese Shakerato - Regular,MENU0039,Beverage,Menu Item,255.0,1.0,255.0,13.16,Bill Discount,Synthetic promotion,241.84,12.09,0,0,0,0,253.93,,,,,
Delhi,ABNAH Cafe Connaught Place,,BILL-OUT001-260102-0027,27,Delivery/Takeaway,,2026-01-02 08:14:00,2026-01-02 08:35:00,Cold Coffee,Classic Cold Coffee - Regular,MENU0042,Beverage,Menu Item,255.0,2.0,510.0,19.84,Bill Discount,Synthetic promotion,490.16,24.51,0,0,0,0,514.67,,,,,
Delhi,ABNAH Cafe Connaught Place,,BILL-OUT001-260102-0028,28,Delivery/Takeaway,,2026-01-02 11:42:00,2026-01-02 12:19:00,Cold Coffee,Mocha Cold Coffee - Medium,MENU0046,Beverage,Menu Item,320.0,1.0,320.0,15.16,Bill Discount,Synthetic promotion,304.84,15.24,0,0,0,0,320.08,,,,,
Delhi,ABNAH Cafe Connaught Place,,BILL-OUT001-260102-0029,29,Delivery/Takeaway,,2026-01-02 08:13:00,2026-01-02 08:37:00,Cold Coffee,Mocha Cold Coffee - Large,MENU0047,Beverage,Menu Item,355.0,2.0,710.0,38.43,Bill Discount,Synthetic promotion,671.57,33.58,0,0,0,0,705.15,,,,,
Delhi,ABNAH Cafe Connaught Place,,BILL-OUT001-260102-0030,30,Delivery/Takeaway,,2026-01-02 09:01:00,2026-01-02 09:09:00,Cold Coffee,Caramel Cold Coffee - Regular,MENU0048,Beverage,Menu Item,287.5,1.0,287.5,0.0,,,287.5,14.38,0,0,0,0,301.88,,,,,
Delhi,ABNAH Cafe Connaught Place,,BILL-OUT001-260102-0031,31,Dine In,T11,2026-01-02 17:14:00,2026-01-02 17:40:00,Cold Coffee,Caramel Cold Coffee - Large,MENU0050,Beverage,Menu Item,355.0,1.0,355.0,8.52,Bill Discount,Synthetic promotion,346.48,17.32,0,0,0,0,363.8,,,,,
Delhi,ABNAH Cafe Connaught Place,,BILL-OUT001-260102-0032,32,Delivery/Takeaway,,2026-01-02 18:40:00,2026-01-02 18:57:00,Tea,Masala Chai Latte - Medium,MENU0052,Beverage,Menu Item,220.0,1.0,220.0,4.65,Bill Discount,Synthetic promotion,215.35,10.77,0,0,0,0,226.12,,,,,
Delhi,ABNAH Cafe Connaught Place,,BILL-OUT001-260102-0033,33,Dine In,T01,2026-01-02 15:55:00,2026-01-02 16:27:00,Tea,Japanese Matcha Latte - Regular,MENU0055,Beverage,Menu Item,265.37,1.0,265.37,0.0,,,265.37,13.27,0,0,0,0,278.64,,,,,
Delhi,ABNAH Cafe Connaught Place,,BILL-OUT001-260102-0034,34,Delivery/Takeaway,,2026-01-02 18:11:00,2026-01-02 18:26:00,Tea,Japanese Matcha Latte - Large,MENU0057,Beverage,Menu Item,325.0,1.0,325.0,13.72,Bill Discount,Synthetic promotion,311.28,15.56,0,0,0,0,326.84,,,,,
Delhi,ABNAH Cafe Connaught Place,,BILL-OUT001-260102-0035,35,Delivery/Takeaway,,2026-01-02 08:28:00,2026-01-02 08:49:00,Iced Tea,Lemon Iced Tea - Regular,MENU0058,Beverage,Menu Item,205.0,2.0,410.0,9.84,Bill Discount,Synthetic promotion,400.16,20.01,0,0,0,0,420.17,,,,,
Delhi,ABNAH Cafe Connaught Place,,BILL-OUT001-260102-0036,36,Delivery/Takeaway,,2026-01-02 08:26:00,2026-01-02 09:07:00,Iced Tea,Lemon Iced Tea - Medium,MENU0059,Beverage,Menu Item,231.63,1.0,231.63,0.0,,,231.63,11.58,0,0,0,0,243.21,,,,,
Delhi,ABNAH Cafe Connaught Place,,BILL-OUT001-260102-0037,37,Delivery/Takeaway,,2026-01-02 10:24:00,2026-01-02 10:44:00,Iced Tea,Hibiscus Lime Iced Tea - Medium,MENU0062,Beverage,Menu Item,250.0,1.0,250.0,10.37,Bill Discount,Synthetic promotion,239.63,11.98,0,0,0,0,251.61,,,,,
Delhi,ABNAH Cafe Connaught Place,,BILL-OUT001-260102-0038,38,Delivery/Takeaway,,2026-01-02 12:57:00,2026-01-02 13:12:00,Shake,Mixed Berry Shake - Regular,MENU0071,Beverage,Menu Item,315.0,1.0,315.0,0.47,Bill Discount,Synthetic promotion,314.53,15.73,0,0,0,0,330.26,,,,,
Delhi,ABNAH Cafe Connaught Place,,BILL-OUT001-260102-0039,39,Delivery/Takeaway,,2026-01-02 17:15:00,2026-01-02 17:59:00,Smoothie,Seasonal Smoothie - Medium,MENU0075,Beverage,Menu Item,340.0,1.0,340.0,3.24,Bill Discount,Synthetic promotion,336.76,16.84,0,0,0,0,353.6,,,,,
Delhi,ABNAH Cafe Connaught Place,,BILL-OUT001-260102-0040,40,Delivery/Takeaway,,2026-01-02 09:58:00,2026-01-02 10:23:00,Sandwiches,Smoked Chipotle Paneer Sandwich,MENU0079,Food,Menu Item,295.0,1.0,295.0,15.21,Bill Discount,Synthetic promotion,279.79,13.99,0,0,0,0,293.78,,,,,
Delhi,ABNAH Cafe Connaught Place,,BILL-OUT001-260102-0041,41,Delivery/Takeaway,,2026-01-02 12:05:00,2026-01-02 12:13:00,Sandwiches,Pepper Chicken Sandwich,MENU0081,Food,Menu Item,315.0,1.0,315.0,6.07,Bill Discount,Synthetic promotion,308.93,15.45,0,0,0,0,324.38,,,,,
Delhi,ABNAH Cafe Connaught Place,,BILL-OUT001-260102-0042,42,Delivery/Takeaway,,2026-01-02 08:50:00,2026-01-02 09:03:00,Toasts,Chicken Pepperoni Avocado Toast,MENU0084,Food,Menu Item,330.0,2.0,660.0,26.2,Bill Discount,Synthetic promotion,633.8,31.69,0,0,0,0,665.49,,,,,
Delhi,ABNAH Cafe Connaught Place,,BILL-OUT001-260102-0043,43,Dine In,T21,2026-01-02 08:45:00,2026-01-02 09:01:00,Breakfast,Breakfast Pancakes,MENU0086,Food,Menu Item,285.0,1.0,285.0,1.41,Bill Discount,Synthetic promotion,283.59,14.18,0,0,0,0,297.77,,,,,
Delhi,ABNAH Cafe Connaught Place,,BILL-OUT001-260102-0044,44,Delivery/Takeaway,,2026-01-02 18:28:00,2026-01-02 18:39:00,Breakfast,Cream Cheese Bagel,MENU0087,Food,Menu Item,250.0,1.0,250.0,4.75,Bill Discount,Synthetic promotion,245.25,12.26,0,0,0,0,257.51,,,,,
Delhi,ABNAH Cafe Connaught Place,,BILL-OUT001-260102-0045,45,Delivery/Takeaway,,2026-01-02 11:20:00,2026-01-02 11:46:00,Breakfast,Scallion Pepper Cream Cheese Bagel,MENU0088,Food,Menu Item,265.0,1.0,265.0,6.05,Bill Discount,Synthetic promotion,258.95,12.95,0,0,0,0,271.9,,,,,
Delhi,ABNAH Cafe Connaught Place,,BILL-OUT001-260102-0046,46,Delivery/Takeaway,,2026-01-02 18:38:00,2026-01-02 19:14:00,Snacks,Pesto Sundried Tomato Pin Wheel,MENU0091,Food,Menu Item,226.8,1.0,226.8,0.0,,,226.8,11.34,0,0,0,0,238.14,,,,,
Delhi,ABNAH Cafe Connaught Place,,BILL-OUT001-260102-0047,47,Dine In,T01,2026-01-02 09:06:00,2026-01-02 09:47:00,Baked Goods,Mushroom Cheese Croissant,MENU0097,Food,Menu Item,255.0,3.0,765.0,2.04,Bill Discount,Synthetic promotion,762.96,38.15,0,0,0,0,801.11,,,,,
Delhi,ABNAH Cafe Connaught Place,,BILL-OUT001-260102-0048,48,Delivery/Takeaway,,2026-01-02 08:23:00,2026-01-02 08:42:00,Baked Goods,Banana Walnut Tea Cake,MENU0100,Dessert,Menu Item,205.0,1.0,205.0,7.09,Bill Discount,Synthetic promotion,197.91,9.9,0,0,0,0,207.81,,,,,
Delhi,ABNAH Cafe Connaught Place,,BILL-OUT001-260102-0049,49,Dine In,T05,2026-01-02 10:02:00,2026-01-02 10:50:00,Desserts,Double Chocolate Truffle Cake,MENU0102,Dessert,Menu Item,295.0,2.0,590.0,16.38,Bill Discount,Synthetic promotion,573.62,28.68,0,0,0,0,602.3,,,,,
Delhi,ABNAH Cafe Connaught Place,,BILL-OUT001-260102-0050,50,Dine In,T21,2026-01-02 09:59:00,2026-01-02 10:33:00,Desserts,Banoffee Pie,MENU0103,Dessert,Menu Item,285.0,3.0,855.0,39.97,Bill Discount,Synthetic promotion,815.03,40.75,0,0,0,0,855.78,,,,,
Delhi,ABNAH Cafe Connaught Place,,BILL-OUT001-260102-0051,51,Delivery/Takeaway,,2026-01-02 09:39:00,2026-01-02 10:10:00,Desserts,Soft-Centred Caramel Cookie,MENU0105,Dessert,Menu Item,180.0,1.0,180.0,3.83,Bill Discount,Synthetic promotion,176.17,8.81,0,0,0,0,184.98,,,,,
Delhi,ABNAH Cafe Connaught Place,,BILL-OUT001-260102-0052,52,Delivery/Takeaway,,2026-01-02 17:44:00,2026-01-02 18:08:00,Desserts,Death by Chocolate Cookie,MENU0106,Dessert,Menu Item,190.0,2.0,380.0,8.64,Bill Discount,Synthetic promotion,371.36,18.57,0,0,0,0,389.93,,,,,
Delhi,ABNAH Cafe Connaught Place,,BILL-OUT001-260102-0053,53,Delivery/Takeaway,,2026-01-02 14:24:00,2026-01-02 15:05:00,Desserts,Basque Cheesecake,MENU0109,Dessert,Menu Item,310.0,2.0,620.0,3.64,Bill Discount,Synthetic promotion,616.36,30.82,0,0,0,0,647.18,,,,,
Delhi,ABNAH Cafe Connaught Place,,BILL-OUT001-260103-0001,1,Dine In,T18,2026-01-03 18:27:00,2026-01-03 19:09:00,Coffee Classics,Americano - Medium,MENU0004,Beverage,Menu Item,210.0,1.0,210.0,3.83,Bill Discount,Synthetic promotion,206.17,10.31,0,0,0,0,216.48,,,,,
Delhi,ABNAH Cafe Connaught Place,,BILL-OUT001-260103-0002,2,Dine In,T14,2026-01-03 10:18:00,2026-01-03 10:49:00,Coffee Classics,Americano - Large,MENU0005,Beverage,Menu Item,236.32,1.0,236.32,0.0,,,236.32,11.82,0,0,0,0,248.14,,,,,
Delhi,ABNAH Cafe Connaught Place,,BILL-OUT001-260103-0003,3,Delivery/Takeaway,,2026-01-03 12:21:00,2026-01-03 13:00:00,Coffee Classics,Latte - Regular,MENU0006,Beverage,Menu Item,225.0,5.0,1125.0,16.16,Bill Discount,Synthetic promotion,1108.84,55.44,0,0,0,0,1164.28,,,,,
Delhi,ABNAH Cafe Connaught Place,,BILL-OUT001-260103-0004,4,Delivery/Takeaway,,2026-01-03 08:10:00,2026-01-03 08:46:00,Coffee Classics,Latte - Medium,MENU0007,Beverage,Menu Item,252.93,3.0,758.79,0.01,Bill Discount,Synthetic promotion,758.78,37.94,0,0,0,0,796.72,,,,,
Delhi,ABNAH Cafe Connaught Place,,BILL-OUT001-260103-0005,5,Delivery/Takeaway,,2026-01-03 17:47:00,2026-01-03 18:25:00,Coffee Classics,Latte - Large,MENU0008,Beverage,Menu Item,275.0,1.0,275.0,2.34,Bill Discount,Synthetic promotion,272.66,13.63,0,0,0,0,286.29,,,,,
Delhi,ABNAH Cafe Connaught Place,,BILL-OUT001-260103-0006,6,Dine In,T05,2026-01-03 11:28:00,2026-01-03 11:49:00,Coffee Classics,Cappuccino - Regular,MENU0009,Beverage,Menu Item,227.19,1.0,227.19,0.0,,,227.19,11.36,0,0,0,0,238.55,,,,,
Delhi,ABNAH Cafe Connaught Place,,BILL-OUT001-260103-0007,7,Delivery/Takeaway,,2026-01-03 09:05:00,2026-01-03 09:42:00,Coffee Classics,Cappuccino - Medium,MENU0010,Beverage,Menu Item,250.57,1.0,250.57,0.0,,,250.57,12.53,0,0,0,0,263.1,,,,,
Delhi,ABNAH Cafe Connaught Place,,BILL-OUT001-260103-0008,8,Delivery/Takeaway,,2026-01-03 11:38:00,2026-01-03 12:06:00,Coffee Classics,Cappuccino - Large,MENU0011,Beverage,Menu Item,275.0,2.0,550.0,30.35,Bill Discount,Synthetic promotion,519.65,25.98,0,0,0,0,545.63,,,,,
Delhi,ABNAH Cafe Connaught Place,,BILL-OUT001-260103-0009,9,Dine In,T07,2026-01-03 11:40:00,2026-01-03 12:13:00,Coffee Classics,Flat White - Regular,MENU0012,Beverage,Menu Item,235.0,2.0,470.0,9.25,Bill Discount,Synthetic promotion,460.75,23.04,0,0,0,0,483.79,,,,,
Delhi,ABNAH Cafe Connaught Place,,BILL-OUT001-260103-0010,10,Delivery/Takeaway,,2026-01-03 13:24:00,2026-01-03 14:03:00,Coffee Classics,Flat White - Medium,MENU0013,Beverage,Menu Item,260.0,4.0,1040.0,60.06,Bill Discount,Synthetic promotion,979.94,49.0,0,0,0,0,1028.94,,,,,
Delhi,ABNAH Cafe Connaught Place,,BILL-OUT001-260103-0011,11,Delivery/Takeaway,,2026-01-03 12:59:00,2026-01-03 13:07:00,Coffee Classics,Flat White - Large,MENU0014,Beverage,Menu Item,285.0,1.0,285.0,4.96,Bill Discount,Synthetic promotion,280.04,14.0,0,0,0,0,294.04,,,,,
Delhi,ABNAH Cafe Connaught Place,,BILL-OUT001-260103-0012,12,Dine In,T20,2026-01-03 12:34:00,2026-01-03 13:09:00,Coffee Classics,Mocha - Regular,MENU0015,Beverage,Menu Item,245.91,1.0,245.91,0.0,,,245.91,12.3,0,0,0,0,258.21,,,,,
Delhi,ABNAH Cafe Connaught Place,,BILL-OUT001-260103-0013,13,Delivery/Takeaway,,2026-01-03 10:39:00,2026-01-03 11:21:00,Coffee Classics,Mocha - Medium,MENU0016,Beverage,Menu Item,270.0,1.0,270.0,7.49,Bill Discount,Synthetic promotion,262.51,13.13,0,0,0,0,275.64,,,,,
Delhi,ABNAH Cafe Connaught Place,,BILL-OUT001-260103-0014,14,Delivery/Takeaway,,2026-01-03 09:33:00,2026-01-03 10:09:00,Signature Coffee,Sea Salt Mocha - Regular,MENU0018,Beverage,Menu Item,275.58,1.0,275.58,0.0,,,275.58,13.78,0,0,0,0,289.36,,,,,
Delhi,ABNAH Cafe Connaught Place,,BILL-OUT001-260103-0015,15,Delivery/Takeaway,,2026-01-03 09:52:00,2026-01-03 10:07:00,Signature Coffee,Sea Salt Mocha - Medium,MENU0019,Beverage,Menu Item,305.0,1.0,305.0,7.9,Bill Discount,Synthetic promotion,297.1,14.86,0,0,0,0,311.96,,,,,
Delhi,ABNAH Cafe Connaught Place,,BILL-OUT001-260103-0016,16,Dine In,T19,2026-01-03 08:06:00,2026-01-03 08:17:00,Signature Coffee,Orange Zest Mocha - Medium,MENU0022,Beverage,Menu Item,300.0,1.0,300.0,12.91,Bill Discount,Synthetic promotion,287.09,14.35,0,0,0,0,301.44,,,,,
Delhi,ABNAH Cafe Connaught Place,,BILL-OUT001-260103-0017,17,Delivery/Takeaway,,2026-01-03 11:02:00,2026-01-03 11:13:00,Signature Coffee,Orange Zest Mocha - Large,MENU0023,Beverage,Menu Item,330.0,1.0,330.0,17.92,Bill Discount,Synthetic promotion,312.08,15.6,0,0,0,0,327.68,,,,,
Delhi,ABNAH Cafe Connaught Place,,BILL-OUT001-260103-0018,18,Delivery/Takeaway,,2026-01-03 18:07:00,2026-01-03 18:38:00,Signature Coffee,Caramel Macchiato - Medium,MENU0025,Beverage,Menu Item,295.0,2.0,590.0,33.64,Bill Discount,Synthetic promotion,556.36,27.82,0,0,0,0,584.18,,,,,
Delhi,ABNAH Cafe Connaught Place,,BILL-OUT001-260103-0019,19,Dine In,T15,2026-01-03 11:24:00,2026-01-03 11:58:00,Signature Coffee,French Vanilla Latte - Medium,MENU0028,Beverage,Menu Item,295.0,2.0,590.0,7.83,Bill Discount,Synthetic promotion,582.17,29.11,0,0,0,0,611.28,,,,,
Delhi,ABNAH Cafe Connaught Place,,BILL-OUT001-260103-0020,20,Delivery/Takeaway,,2026-01-03 11:12:00,2026-01-03 11:46:00,Signature Coffee,French Vanilla Latte - Large,MENU0029,Beverage,Menu Item,325.0,2.0,650.0,28.57,Bill Discount,Synthetic promotion,621.43,31.07,0,0,0,0,652.5,,,,,
Delhi,ABNAH Cafe Connaught Place,,BILL-OUT001-260103-0021,21,Delivery/Takeaway,,2026-01-03 11:24:00,2026-01-03 11:54:00,Cold Brew,Classic Cold Brew - Large,MENU0035,Beverage,Menu Item,275.0,1.0,275.0,3.08,Bill Discount,Synthetic promotion,271.92,13.6,0,0,0,0,285.52,,,,,
Delhi,ABNAH Cafe Connaught Place,,BILL-OUT001-260103-0022,22,Dine In,T10,2026-01-03 15:28:00,2026-01-03 16:15:00,Cold Brew,Coffee Lemonade - Medium,MENU0037,Beverage,Menu Item,260.0,1.0,260.0,13.12,Bill Discount,Synthetic promotion,246.88,12.34,0,0,0,0,259.22,,,,,
Delhi,ABNAH Cafe Connaught Place,,BILL-OUT001-260103-0023,23,Delivery/Takeaway,,2026-01-03 19:53:00,2026-01-03 20:27:00,Cold Brew,Vietnamese Shakerato - Medium,MENU0040,Beverage,Menu Item,280.0,1.0,280.0,4.42,Bill Discount,Synthetic promotion,275.58,13.78,0,0,0,0,289.36,,,,,
Delhi,ABNAH Cafe Connaught Place,,BILL-OUT001-260103-0024,24,Dine In,T21,2026-01-03 15:46:00,2026-01-03 16:00:00,Cold Coffee,Classic Cold Coffee - Regular,MENU0042,Beverage,Menu Item,258.46,1.0,258.46,0.0,,,258.46,12.92,0,0,0,0,271.38,,,,,
Delhi,ABNAH Cafe Connaught Place,,BILL-OUT001-260103-0025,25,Dine In,T11,2026-01-03 16:00:00,2026-01-03 16:30:00,Cold Coffee,Classic Cold Coffee - Medium,MENU0043,Beverage,Menu Item,290.0,1.0,290.0,10.47,Bill Discount,Synthetic promotion,279.53,13.98,0,0,0,0,293.51,,,,,
Delhi,ABNAH Cafe Connaught Place,,BILL-OUT001-260103-0026,26,Delivery/Takeaway,,2026-01-03 14:55:00,2026-01-03 15:20:00,Cold Coffee,Mocha Cold Coffee - Regular,MENU0045,Beverage,Menu Item,285.0,1.0,285.0,11.59,Bill Discount,Synthetic promotion,273.41,13.67,0,0,0,0,287.08,,,,,
Delhi,ABNAH Cafe Connaught Place,,BILL-OUT001-260103-0027,27,Dine In,T05,2026-01-03 09:57:00,2026-01-03 10:45:00,Cold Coffee,Mocha Cold Coffee - Medium,MENU0046,Beverage,Menu Item,321.49,2.0,642.98,0.01,Bill Discount,Synthetic promotion,642.97,32.15,0,0,0,0,675.12,,,,,
Delhi,ABNAH Cafe Connaught Place,,BILL-OUT001-260103-0028,28,Delivery/Takeaway,,2026-01-03 09:11:00,2026-01-03 09:42:00,Cold Coffee,Caramel Cold Coffee - Regular,MENU0048,Beverage,Menu Item,285.0,1.0,285.0,10.41,Bill Discount,Synthetic promotion,274.59,13.73,0,0,0,0,288.32,,,,,
Delhi,ABNAH Cafe Connaught Place,,BILL-OUT001-260103-0029,29,Dine In,T17,2026-01-03 16:30:00,2026-01-03 16:41:00,Tea,Masala Chai Latte - Regular,MENU0051,Beverage,Menu Item,195.0,1.0,195.0,3.0,Bill Discount,Synthetic promotion,192.0,9.6,0,0,0,0,201.6,,,,,
Delhi,ABNAH Cafe Connaught Place,,BILL-OUT001-260103-0030,30,Delivery/Takeaway,,2026-01-03 16:31:00,2026-01-03 17:01:00,Tea,Japanese Matcha Latte - Regular,MENU0055,Beverage,Menu Item,265.0,1.0,265.0,1.79,Bill Discount,Synthetic promotion,263.21,13.16,0,0,0,0,276.37,,,,,
Delhi,ABNAH Cafe Connaught Place,,BILL-OUT001-260103-0031,31,Delivery/Takeaway,,2026-01-03 09:17:00,2026-01-03 09:27:00,Iced Tea,Hibiscus Lime Iced Tea - Regular,MENU0061,Beverage,Menu Item,225.0,2.0,450.0,1.58,Bill Discount,Synthetic promotion,448.42,22.42,0,0,0,0,470.84,,,,,
Delhi,ABNAH Cafe Connaught Place,,BILL-OUT001-260103-0032,32,Delivery/Takeaway,,2026-01-03 13:03:00,2026-01-03 13:35:00,Shake,Choco Chip Shake - Medium,MENU0069,Beverage,Menu Item,330.0,2.0,660.0,29.11,Bill Discount,Synthetic promotion,630.89,31.54,0,0,0,0,662.43,,,,,
Delhi,ABNAH Cafe Connaught Place,,BILL-OUT001-260103-0033,33,Delivery/Takeaway,,2026-01-03 10:47:00,2026-01-03 11:26:00,Shake,Mixed Berry Shake - Regular,MENU0071,Beverage,Menu Item,315.0,1.0,315.0,14.62,Bill Discount,Synthetic promotion,300.38,15.02,0,0,0,0,315.4,,,,,
Delhi,ABNAH Cafe Connaught Place,,BILL-OUT001-260103-0034,34,Dine In,T04,2026-01-03 17:17:00,2026-01-03 17:53:00,Shake,Mixed Berry Shake - Medium,MENU0072,Beverage,Menu Item,350.0,1.0,350.0,2.71,Bill Discount,Synthetic promotion,347.29,17.36,0,0,0,0,364.65,,,,,
Delhi,ABNAH Cafe Connaught Place,,BILL-OUT001-260103-0035,35,Delivery/Takeaway,,2026-01-03 18:50:00,2026-01-03 19:24:00,Shake,Mixed Berry Shake - Large,MENU0073,Beverage,Menu Item,385.0,1.0,385.0,22.74,Bill Discount,Synthetic promotion,362.26,18.11,0,0,0,0,380.37,,,,,
Delhi,ABNAH Cafe Connaught Place,,BILL-OUT001-260103-0036,36,Dine In,T21,2026-01-03 11:10:00,2026-01-03 11:40:00,Smoothie,Seasonal Smoothie - Regular,MENU0074,Beverage,Menu Item,309.05,1.0,309.05,0.0,,,309.05,15.45,0,0,0,0,324.5,,,,,
Delhi,ABNAH Cafe Connaught Place,,BILL-OUT001-260103-0037,37,Delivery/Takeaway,,2026-01-03 10:50:00,2026-01-03 11:00:00,Wraps,Shredded Chicken Wrap,MENU0078,Food,Menu Item,295.0,1.0,295.0,7.51,Bill Discount,Synthetic promotion,287.49,14.37,0,0,0,0,301.86,,,,,
Delhi,ABNAH Cafe Connaught Place,,BILL-OUT001-260103-0038,38,Dine In,T09,2026-01-03 19:35:00,2026-01-03 19:54:00,Sandwiches,Smoked Chipotle Paneer Sandwich,MENU0079,Food,Menu Item,299.65,1.0,299.65,0.0,,,299.65,14.98,0,0,0,0,314.63,,,,,
Delhi,ABNAH Cafe Connaught Place,,BILL-OUT001-260103-0039,39,Delivery/Takeaway,,2026-01-03 18:28:00,2026-01-03 19:02:00,Toasts,Chicken Pepperoni Avocado Toast,MENU0084,Food,Menu Item,330.0,1.0,330.0,15.67,Bill Discount,Synthetic promotion,314.33,15.72,0,0,0,0,330.05,,,,,
Delhi,ABNAH Cafe Connaught Place,,BILL-OUT001-260103-0040,40,Delivery/Takeaway,,2026-01-03 13:34:00,2026-01-03 14:16:00,Breakfast,Cream Cheese Bagel,MENU0087,Food,Menu Item,250.0,1.0,250.0,0.6,Bill Discount,Synthetic promotion,249.4,12.47,0,0,0,0,261.87,,,,,
Delhi,ABNAH Cafe Connaught Place,,BILL-OUT001-260103-0041,41,Delivery/Takeaway,,2026-01-03 11:45:00,2026-01-03 12:31:00,Breakfast,Masala Egg Bun,MENU0089,Food,Menu Item,225.0,1.0,225.0,5.35,Bill Discount,Synthetic promotion,219.65,10.98,0,0,0,0,230.63,,,,,
Delhi,ABNAH Cafe Connaught Place,,BILL-OUT001-260103-0042,42,Dine In,T13,2026-01-03 11:55:00,2026-01-03 12:03:00,Baked Goods,Almond Croissant,MENU0095,Food,Menu Item,245.0,1.0,245.0,6.99,Bill Discount,Synthetic promotion,238.01,11.9,0,0,0,0,249.91,,,,,
Delhi,ABNAH Cafe Connaught Place,,BILL-OUT001-260103-0043,43,Delivery/Takeaway,,2026-01-03 10:18:00,2026-01-03 10:41:00,Baked Goods,Chocolate Croissant,MENU0096,Food,Menu Item,239.39,2.0,478.78,0.0,,,478.78,23.94,0,0,0,0,502.72,,,,,
Delhi,ABNAH Cafe Connaught Place,,BILL-OUT001-260103-0044,44,Delivery/Takeaway,,2026-01-03 17:43:00,2026-01-03 18:12:00,Baked Goods,Mushroom Cheese Croissant,MENU0097,Food,Menu Item,255.0,1.0,255.0,10.25,Bill Discount,Synthetic promotion,244.75,12.24,0,0,0,0,256.99,,,,,
Delhi,ABNAH Cafe Connaught Place,,BILL-OUT001-260103-0045,45,Delivery/Takeaway,,2026-01-03 17:11:00,2026-01-03 17:50:00,Desserts,Banoffee Pie,MENU0103,Dessert,Menu Item,289.65,1.0,289.65,0.0,,,289.65,14.48,0,0,0,0,304.13,,,,,
Delhi,ABNAH Cafe Connaught Place,,BILL-OUT001-260103-0046,46,Delivery/Takeaway,,2026-01-03 15:17:00,2026-01-03 15:45:00,Baked Goods,Multigrain Walnut Tea Cake,MENU0110,Dessert,Menu Item,225.0,2.0,450.0,23.91,Bill Discount,Synthetic promotion,426.09,21.3,0,0,0,0,447.39,,,,,
Delhi,ABNAH Cafe Connaught Place,,BILL-OUT001-260104-0001,1,Delivery/Takeaway,,2026-01-04 10:18:00,2026-01-04 11:06:00,Coffee Classics,Americano - Regular,MENU0003,Beverage,Menu Item,185.0,2.0,370.0,21.48,Bill Discount,Synthetic promotion,348.52,17.43,0,0,0,0,365.95,,,,,
Delhi,ABNAH Cafe Connaught Place,,BILL-OUT001-260104-0002,2,Delivery/Takeaway,,2026-01-04 10:44:00,2026-01-04 11:25:00,Coffee Classics,Americano - Medium,MENU0004,Beverage,Menu Item,210.0,3.0,630.0,3.14,Bill Discount,Synthetic promotion,626.86,31.34,0,0,0,0,658.2,,,,,
Delhi,ABNAH Cafe Connaught Place,,BILL-OUT001-260104-0003,3,Delivery/Takeaway,,2026-01-04 19:33:00,2026-01-04 20:00:00,Coffee Classics,Latte - Regular,MENU0006,Beverage,Menu Item,225.0,1.0,225.0,2.05,Bill Discount,Synthetic promotion,222.95,11.15,0,0,0,0,234.1,,,,,
Delhi,ABNAH Cafe Connaught Place,,BILL-OUT001-260104-0004,4,Delivery/Takeaway,,2026-01-04 17:12:00,2026-01-04 17:24:00,Coffee Classics,Latte - Medium,MENU0007,Beverage,Menu Item,250.0,1.0,250.0,8.76,Bill Discount,Synthetic promotion,241.24,12.06,0,0,0,0,253.3,,,,,
Delhi,ABNAH Cafe Connaught Place,,BILL-OUT001-260104-0005,5,Delivery/Takeaway,,2026-01-04 09:27:00,2026-01-04 10:12:00,Coffee Classics,Cappuccino - Regular,MENU0009,Beverage,Menu Item,225.85,1.0,225.85,0.0,,,225.85,11.29,0,0,0,0,237.14,,,,,
Delhi,ABNAH Cafe Connaught Place,,BILL-OUT001-260104-0006,6,Delivery/Takeaway,,2026-01-04 18:23:00,2026-01-04 18:40:00,Coffee Classics,Cappuccino - Large,MENU0011,Beverage,Menu Item,275.0,1.0,275.0,4.39,Bill Discount,Synthetic promotion,270.61,13.53,0,0,0,0,284.14,,,,,
Delhi,ABNAH Cafe Connaught Place,,BILL-OUT001-260104-0007,7,Delivery/Takeaway,,2026-01-04 10:57:00,2026-01-04 11:09:00,Coffee Classics,Flat White - Regular,MENU0012,Beverage,Menu Item,235.0,1.0,235.0,2.38,Bill Discount,Synthetic promotion,232.62,11.63,0,0,0,0,244.25,,,,,
Delhi,ABNAH Cafe Connaught Place,,BILL-OUT001-260104-0008,8,Delivery/Takeaway,,2026-01-04 11:36:00,2026-01-04 12:11:00,Coffee Classics,Flat White - Medium,MENU0013,Beverage,Menu Item,260.0,1.0,260.0,2.75,Bill Discount,Synthetic promotion,257.25,12.86,0,0,0,0,270.11,,,,,
Delhi,ABNAH Cafe Connaught Place,,BILL-OUT001-260104-0009,9,Delivery/Takeaway,,2026-01-04 17:27:00,2026-01-04 18:09:00,Coffee Classics,Mocha - Regular,MENU0015,Beverage,Menu Item,246.96,2.0,493.92,0.01,Bill Discount,Synthetic promotion,493.91,24.7,0,0,0,0,518.61,,,,,
Delhi,ABNAH Cafe Connaught Place,,BILL-OUT001-260104-0010,10,Delivery/Takeaway,,2026-01-04 14:16:00,2026-01-04 14:30:00,Signature Coffee,Sea Salt Mocha - Large,MENU0020,Beverage,Menu Item,337.57,1.0,337.57,0.0,,,337.57,16.88,0,0,0,0,354.45,,,,,
Delhi,ABNAH Cafe Connaught Place,,BILL-OUT001-260104-0011,11,Delivery/Takeaway,,2026-01-04 15:03:00,2026-01-04 15:22:00,Signature Coffee,Orange Zest Mocha - Medium,MENU0022,Beverage,Menu Item,300.0,1.0,300.0,7.4,Bill Discount,Synthetic promotion,292.6,14.63,0,0,0,0,307.23,,,,,
Delhi,ABNAH Cafe Connaught Place,,BILL-OUT001-260104-0012,12,Delivery/Takeaway,,2026-01-04 08:38:00,2026-01-04 09:04:00,Signature Coffee,Caramel Macchiato - Medium,MENU0025,Beverage,Menu Item,295.0,1.0,295.0,9.02,Bill Discount,Synthetic promotion,285.98,14.3,0,0,0,0,300.28,,,,,
Delhi,ABNAH Cafe Connaught Place,,BILL-OUT001-260104-0013,13,Delivery/Takeaway,,2026-01-04 18:21:00,2026-01-04 19:04:00,Signature Coffee,Vegan Iced Latte - Medium,MENU0031,Beverage,Menu Item,310.0,1.0,310.0,6.73,Bill Discount,Synthetic promotion,303.27,15.16,0,0,0,0,318.43,,,,,
Delhi,ABNAH Cafe Connaught Place,,BILL-OUT001-260104-0014,14,Delivery/Takeaway,,2026-01-04 15:54:00,2026-01-04 16:41:00,Cold Brew,Coffee Lemonade - Large,MENU0038,Beverage,Menu Item,285.0,1.0,285.0,4.7,Bill Discount,Synthetic promotion,280.3,14.02,0,0,0,0,294.32,,,,,
Delhi,ABNAH Cafe Connaught Place,,BILL-OUT001-260104-0015,15,Dine In,T17,2026-01-04 08:31:00,2026-01-04 09:20:00,Cold Coffee,Classic Cold Coffee - Regular,MENU0042,Beverage,Menu Item,255.0,1.0,255.0,13.23,Bill Discount,Synthetic promotion,241.77,12.09,0,0,0,0,253.86,,,,,
Delhi,ABNAH Cafe Connaught Place,,BILL-OUT001-260104-0016,16,Delivery/Takeaway,,2026-01-04 11:27:00,2026-01-04 11:56:00,Cold Coffee,Classic Cold Coffee - Medium,MENU0043,Beverage,Menu Item,290.0,1.0,290.0,16.67,Bill Discount,Synthetic promotion,273.33,13.67,0,0,0,0,287.0,,,,,
Delhi,ABNAH Cafe Connaught Place,,BILL-OUT001-260104-0017,17,Dine In,T01,2026-01-04 09:22:00,2026-01-04 09:34:00,Cold Coffee,Classic Cold Coffee - Large,MENU0044,Beverage,Menu Item,325.0,2.0,650.0,30.33,Bill Discount,Synthetic promotion,619.67,30.98,0,0,0,0,650.65,,,,,
Delhi,ABNAH Cafe Connaught Place,,BILL-OUT001-260104-0018,18,Delivery/Takeaway,,2026-01-04 19:39:00,2026-01-04 19:58:00,Cold Coffee,Mocha Cold Coffee - Regular,MENU0045,Beverage,Menu Item,285.0,1.0,285.0,9.12,Bill Discount,Synthetic promotion,275.88,13.79,0,0,0,0,289.67,,,,,
Delhi,ABNAH Cafe Connaught Place,,BILL-OUT001-260104-0019,19,Delivery/Takeaway,,2026-01-04 18:12:00,2026-01-04 18:44:00,Tea,Masala Chai Latte - Regular,MENU0051,Beverage,Menu Item,195.0,1.0,195.0,1.18,Bill Discount,Synthetic promotion,193.82,9.69,0,0,0,0,203.51,,,,,
Delhi,ABNAH Cafe Connaught Place,,BILL-OUT001-260104-0020,20,Delivery/Takeaway,,2026-01-04 18:15:00,2026-01-04 18:25:00,Tea,Masala Chai Latte - Medium,MENU0052,Beverage,Menu Item,220.0,1.0,220.0,9.4,Bill Discount,Synthetic promotion,210.6,10.53,0,0,0,0,221.13,,,,,
Delhi,ABNAH Cafe Connaught Place,,BILL-OUT001-260104-0021,21,Dine In,T02,2026-01-04 17:26:00,2026-01-04 17:59:00,Tea,Himalayan Green Tea,MENU0054,Beverage,Menu Item,210.22,1.0,210.22,0.0,,,210.22,10.51,0,0,0,0,220.73,,,,,
Delhi,ABNAH Cafe Connaught Place,,BILL-OUT001-260104-0022,22,Dine In,T19,2026-01-04 14:03:00,2026-01-04 14:16:00,Tea,Japanese Matcha Latte - Regular,MENU0055,Beverage,Menu Item,265.0,2.0,530.0,24.86,Bill Discount,Synthetic promotion,505.14,25.26,0,0,0,0,530.4,,,,,
Delhi,ABNAH Cafe Connaught Place,,BILL-OUT001-260104-0023,23,Dine In,T20,2026-01-04 19:04:00,2026-01-04 19:14:00,Shake,Choco Chip Shake - Medium,MENU0069,Beverage,Menu Item,330.0,1.0,330.0,7.24,Bill Discount,Synthetic promotion,322.76,16.14,0,0,0,0,338.9,,,,,
Delhi,ABNAH Cafe Connaught Place,,BILL-OUT001-260104-0024,24,Delivery/Takeaway,,2026-01-04 08:10:00,2026-01-04 08:59:00,Shake,Mixed Berry Shake - Medium,MENU0072,Beverage,Menu Item,350.0,1.0,350.0,2.38,Bill Discount,Synthetic promotion,347.62,17.38,0,0,0,0,365.0,,,,,
Delhi,ABNAH Cafe Connaught Place,,BILL-OUT001-260104-0025,25,Delivery/Takeaway,,2026-01-04 11:44:00,2026-01-04 12:18:00,Smoothie,Seasonal Smoothie - Regular,MENU0074,Beverage,Menu Item,305.0,1.0,305.0,3.45,Bill Discount,Synthetic promotion,301.55,15.08,0,0,0,0,316.63,,,,,
Delhi,ABNAH Cafe Connaught Place,,BILL-OUT001-260104-0026,26,Delivery/Takeaway,,2026-01-04 09:23:00,2026-01-04 09:54:00,Smoothie,Seasonal Smoothie - Medium,MENU0075,Beverage,Menu Item,340.0,1.0,340.0,3.0,Bill Discount,Synthetic promotion,337.0,16.85,0,0,0,0,353.85,,,,,
Delhi,ABNAH Cafe Connaught Place,,BILL-OUT001-260104-0027,27,Delivery/Takeaway,,2026-01-04 08:13:00,2026-01-04 08:27:00,Wraps,Spicy Paneer Wrap,MENU0077,Food,Menu Item,275.0,1.0,275.0,15.49,Bill Discount,Synthetic promotion,259.51,12.98,0,0,0,0,272.49,,,,,
Delhi,ABNAH Cafe Connaught Place,,BILL-OUT001-260104-0028,28,Dine In,T14,2026-01-04 11:39:00,2026-01-04 11:57:00,Sandwiches,Pesto Veg Sandwich,MENU0080,Food,Menu Item,280.0,1.0,280.0,14.78,Bill Discount,Synthetic promotion,265.22,13.26,0,0,0,0,278.48,,,,,
Delhi,ABNAH Cafe Connaught Place,,BILL-OUT001-260104-0029,29,Dine In,T03,2026-01-04 18:07:00,2026-01-04 18:54:00,Sandwiches,Tandoori Chicken Sandwich,MENU0082,Food,Menu Item,320.0,1.0,320.0,8.58,Bill Discount,Synthetic promotion,311.42,15.57,0,0,0,0,326.99,,,,,
Delhi,ABNAH Cafe Connaught Place,,BILL-OUT001-260104-0030,30,Delivery/Takeaway,,2026-01-04 12:47:00,2026-01-04 13:11:00,Baked Goods,Sriracha Chicken Croissant,MENU0098,Food,Menu Item,275.0,1.0,275.0,11.76,Bill Discount,Synthetic promotion,263.24,13.16,0,0,0,0,276.4,,,,,
Delhi,ABNAH Cafe Connaught Place,,BILL-OUT001-260104-0031,31,Delivery/Takeaway,,2026-01-04 11:05:00,2026-01-04 11:43:00,Baked Goods,Lemon Raspberry Tea Cake,MENU0101,Dessert,Menu Item,215.0,2.0,430.0,0.84,Bill Discount,Synthetic promotion,429.16,21.46,0,0,0,0,450.62,,,,,
Delhi,ABNAH Cafe Connaught Place,,BILL-OUT001-260104-0032,32,Delivery/Takeaway,,2026-01-04 12:53:00,2026-01-04 13:29:00,Desserts,Classic Chocolate Fudge Brownie,MENU0104,Dessert,Menu Item,195.64,1.0,195.64,0.0,,,195.64,9.78,0,0,0,0,205.42,,,,,
Delhi,ABNAH Cafe Connaught Place,,BILL-OUT001-260104-0033,33,Delivery/Takeaway,,2026-01-04 13:41:00,2026-01-04 14:22:00,Desserts,Death by Chocolate Cookie,MENU0106,Dessert,Menu Item,190.0,1.0,190.0,10.22,Bill Discount,Synthetic promotion,179.78,8.99,0,0,0,0,188.77,,,,,
Delhi,ABNAH Cafe Connaught Place,,BILL-OUT001-260104-0034,34,Dine In,T24,2026-01-04 15:34:00,2026-01-04 16:16:00,Desserts,Jaggery Parmesan Cookie,MENU0107,Dessert,Menu Item,170.0,1.0,170.0,7.84,Bill Discount,Synthetic promotion,162.16,8.11,0,0,0,0,170.27,,,,,
Delhi,ABNAH Cafe Connaught Place,,BILL-OUT001-260105-0001,1,Delivery/Takeaway,,2026-01-05 14:35:00,2026-01-05 15:21:00,Coffee Classics,Americano - Regular,MENU0003,Beverage,Menu Item,187.07,2.0,374.14,0.0,,,374.14,18.71,0,0,0,0,392.85,,,,,
Delhi,ABNAH Cafe Connaught Place,,BILL-OUT001-260105-0002,2,Delivery/Takeaway,,2026-01-05 19:29:00,2026-01-05 19:47:00,Coffee Classics,Americano - Medium,MENU0004,Beverage,Menu Item,210.0,2.0,420.0,24.11,Bill Discount,Synthetic promotion,395.89,19.79,0,0,0,0,415.68,,,,,
Delhi,ABNAH Cafe Connaught Place,,BILL-OUT001-260105-0003,3,Dine In,T08,2026-01-05 15:08:00,2026-01-05 15:55:00,Coffee Classics,Americano - Large,MENU0005,Beverage,Menu Item,235.0,2.0,470.0,10.75,Bill Discount,Synthetic promotion,459.25,22.96,0,0,0,0,482.21,,,,,
Delhi,ABNAH Cafe Connaught Place,,BILL-OUT001-260105-0004,4,Dine In,T14,2026-01-05 15:10:00,2026-01-05 15:56:00,Coffee Classics,Latte - Medium,MENU0007,Beverage,Menu Item,250.0,1.0,250.0,7.54,Bill Discount,Synthetic promotion,242.46,12.12,0,0,0,0,254.58,,,,,
Delhi,ABNAH Cafe Connaught Place,,BILL-OUT001-260105-0005,5,Delivery/Takeaway,,2026-01-05 11:00:00,2026-01-05 11:09:00,Coffee Classics,Latte - Large,MENU0008,Beverage,Menu Item,278.44,2.0,556.88,0.0,,,556.88,27.84,0,0,0,0,584.72,,,,,
Delhi,ABNAH Cafe Connaught Place,,BILL-OUT001-260105-0006,6,Delivery/Takeaway,,2026-01-05 08:55:00,2026-01-05 09:08:00,Coffee Classics,Cappuccino - Regular,MENU0009,Beverage,Menu Item,225.0,3.0,675.0,24.26,Bill Discount,Synthetic promotion,650.74,32.54,0,0,0,0,683.28,,,,,
Delhi,ABNAH Cafe Connaught Place,,BILL-OUT001-260105-0007,7,Dine In,T22,2026-01-05 18:27:00,2026-01-05 19:01:00,Coffee Classics,Cappuccino - Medium,MENU0010,Beverage,Menu Item,250.0,3.0,750.0,33.73,Bill Discount,Synthetic promotion,716.27,35.81,0,0,0,0,752.08,,,,,
Delhi,ABNAH Cafe Connaught Place,,BILL-OUT001-260105-0008,8,Dine In,T07,2026-01-05 09:17:00,2026-01-05 09:48:00,Coffee Classics,Cappuccino - Large,MENU0011,Beverage,Menu Item,279.83,1.0,279.83,0.0,,,279.83,13.99,0,0,0,0,293.82,,,,,
Delhi,ABNAH Cafe Connaught Place,,BILL-OUT001-260105-0009,9,Dine In,T17,2026-01-05 08:04:00,2026-01-05 08:48:00,Coffee Classics,Flat White - Regular,MENU0012,Beverage,Menu Item,235.0,1.0,235.0,3.55,Bill Discount,Synthetic promotion,231.45,11.57,0,0,0,0,243.02,,,,,
Delhi,ABNAH Cafe Connaught Place,,BILL-OUT001-260105-0010,10,Delivery/Takeaway,,2026-01-05 12:37:00,2026-01-05 12:55:00,Coffee Classics,Flat White - Medium,MENU0013,Beverage,Menu Item,260.0,2.0,520.0,27.16,Bill Discount,Synthetic promotion,492.84,24.64,0,0,0,0,517.48,,,,,
Delhi,ABNAH Cafe Connaught Place,,BILL-OUT001-260105-0011,11,Dine In,T08,2026-01-05 08:25:00,2026-01-05 09:07:00,Coffee Classics,Flat White - Large,MENU0014,Beverage,Menu Item,289.07,1.0,289.07,0.0,,,289.07,14.45,0,0,0,0,303.52,,,,,
Delhi,ABNAH Cafe Connaught Place,,BILL-OUT001-260105-0012,12,Delivery/Takeaway,,2026-01-05 11:22:00,2026-01-05 11:59:00,Coffee Classics,Mocha - Regular,MENU0015,Beverage,Menu Item,245.0,4.0,980.0,33.25,Bill Discount,Synthetic promotion,946.75,47.34,0,0,0,0,994.09,,,,,
Delhi,ABNAH Cafe Connaught Place,,BILL-OUT001-260105-0013,13,Delivery/Takeaway,,2026-01-05 11:09:00,2026-01-05 11:40:00,Coffee Classics,Mocha - Medium,MENU0016,Beverage,Menu Item,270.0,2.0,540.0,19.9,Bill Discount,Synthetic promotion,520.1,26.0,0,0,0,0,546.1,,,,,
Delhi,ABNAH Cafe Connaught Place,,BILL-OUT001-260105-0014,14,Delivery/Takeaway,,2026-01-05 16:01:00,2026-01-05 16:12:00,Coffee Classics,Mocha - Large,MENU0017,Beverage,Menu Item,295.0,2.0,590.0,16.66,Bill Discount,Synthetic promotion,573.34,28.67,0,0,0,0,602.01,,,,,
Delhi,ABNAH Cafe Connaught Place,,BILL-OUT001-260105-0015,15,Dine In,T13,2026-01-05 13:39:00,2026-01-05 14:15:00,Signature Coffee,Sea Salt Mocha - Large,MENU0020,Beverage,Menu Item,335.0,1.0,335.0,13.97,Bill Discount,Synthetic promotion,321.03,16.05,0,0,0,0,337.08,,,,,
Delhi,ABNAH Cafe Connaught Place,,BILL-OUT001-260105-0016,16,Delivery/Takeaway,,2026-01-05 18:09:00,2026-01-05 18:24:00,Signature Coffee,Orange Zest Mocha - Regular,MENU0021,Beverage,Menu Item,272.0,1.0,272.0,0.0,,,272.0,13.6,0,0,0,0,285.6,,,,,
Delhi,ABNAH Cafe Connaught Place,,BILL-OUT001-260105-0017,17,Dine In,T03,2026-01-05 18:51:00,2026-01-05 19:22:00,Signature Coffee,Caramel Macchiato - Regular,MENU0024,Beverage,Menu Item,265.0,1.0,265.0,5.84,Bill Discount,Synthetic promotion,259.16,12.96,0,0,0,0,272.12,,,,,
Delhi,ABNAH Cafe Connaught Place,,BILL-OUT001-260105-0018,18,Delivery/Takeaway,,2026-01-05 16:43:00,2026-01-05 17:00:00,Signature Coffee,Caramel Macchiato - Medium,MENU0025,Beverage,Menu Item,295.0,1.0,295.0,5.8,Bill Discount,Synthetic promotion,289.2,14.46,0,0,0,0,303.66,,,,,
Delhi,ABNAH Cafe Connaught Place,,BILL-OUT001-260105-0019,19,Delivery/Takeaway,,2026-01-05 18:42:00,2026-01-05 19:09:00,Signature Coffee,French Vanilla Latte - Regular,MENU0027,Beverage,Menu Item,265.0,3.0,795.0,28.6,Bill Discount,Synthetic promotion,766.4,38.32,0,0,0,0,804.72,,,,,
Delhi,ABNAH Cafe Connaught Place,,BILL-OUT001-260105-0020,20,Delivery/Takeaway,,2026-01-05 10:50:00,2026-01-05 11:28:00,Signature Coffee,French Vanilla Latte - Medium,MENU0028,Beverage,Menu Item,299.05,2.0,598.1,0.01,Bill Discount,Synthetic promotion,598.09,29.9,0,0,0,0,627.99,,,,,
Delhi,ABNAH Cafe Connaught Place,,BILL-OUT001-260105-0021,21,Delivery/Takeaway,,2026-01-05 10:59:00,2026-01-05 11:26:00,Signature Coffee,French Vanilla Latte - Large,MENU0029,Beverage,Menu Item,325.0,1.0,325.0,7.68,Bill Discount,Synthetic promotion,317.32,15.87,0,0,0,0,333.19,,,,,
Delhi,ABNAH Cafe Connaught Place,,BILL-OUT001-260105-0022,22,Delivery/Takeaway,,2026-01-05 10:22:00,2026-01-05 10:37:00,Signature Coffee,Vegan Iced Latte - Medium,MENU0031,Beverage,Menu Item,310.0,1.0,310.0,6.16,Bill Discount,Synthetic promotion,303.84,15.19,0,0,0,0,319.03,,,,,
Delhi,ABNAH Cafe Connaught Place,,BILL-OUT001-260105-0023,23,Delivery/Takeaway,,2026-01-05 08:28:00,2026-01-05 09:15:00,Signature Coffee,Vegan Iced Latte - Large,MENU0032,Beverage,Menu Item,336.03,2.0,672.06,0.0,,,672.06,33.6,0,0,0,0,705.66,,,,,
Delhi,ABNAH Cafe Connaught Place,,BILL-OUT001-260105-0024,24,Delivery/Takeaway,,2026-01-05 12:15:00,2026-01-05 12:24:00,Cold Brew,Coffee Lemonade - Regular,MENU0036,Beverage,Menu Item,235.0,1.0,235.0,8.8,Bill Discount,Synthetic promotion,226.2,11.31,0,0,0,0,237.51,,,,,
Delhi,ABNAH Cafe Connaught Place,,BILL-OUT001-260105-0025,25,Delivery/Takeaway,,2026-01-05 11:22:00,2026-01-05 11:43:00,Cold Brew,Vietnamese Shakerato - Regular,MENU0039,Beverage,Menu Item,255.0,1.0,255.0,7.97,Bill Discount,Synthetic promotion,247.03,12.35,0,0,0,0,259.38,,,,,
Delhi,ABNAH Cafe Connaught Place,,BILL-OUT001-260105-0026,26,Dine In,T06,2026-01-05 13:17:00,2026-01-05 13:42:00,Cold Brew,Vietnamese Shakerato - Medium,MENU0040,Beverage,Menu Item,280.0,2.0,560.0,21.49,Bill Discount,Synthetic promotion,538.51,26.93,0,0,0,0,565.44,,,,,
Delhi,ABNAH Cafe Connaught Place,,BILL-OUT001-260105-0027,27,Delivery/Takeaway,,2026-01-05 11:22:00,2026-01-05 12:11:00,Cold Coffee,Classic Cold Coffee - Medium,MENU0043,Beverage,Menu Item,290.0,1.0,290.0,16.47,Bill Discount,Synthetic promotion,273.53,13.68,0,0,0,0,287.21,,,,,
Delhi,ABNAH Cafe Connaught Place,,BILL-OUT001-260105-0028,28,Dine In,T03,2026-01-05 14:25:00,2026-01-05 15:11:00,Cold Coffee,Mocha Cold Coffee - Regular,MENU0045,Beverage,Menu Item,286.1,3.0,858.3,0.0,,,858.3,42.91,0,0,0,0,901.21,,,,,
Delhi,ABNAH Cafe Connaught Place,,BILL-OUT001-260105-0029,29,Delivery/Takeaway,,2026-01-05 08:31:00,2026-01-05 09:06:00,Cold Coffee,Caramel Cold Coffee - Medium,MENU0049,Beverage,Menu Item,320.55,1.0,320.55,0.0,,,320.55,16.03,0,0,0,0,336.58,,,,,
Delhi,ABNAH Cafe Connaught Place,,BILL-OUT001-260105-0030,30,Delivery/Takeaway,,2026-01-05 13:45:00,2026-01-05 14:06:00,Tea,Masala Chai Latte - Regular,MENU0051,Beverage,Menu Item,198.88,3.0,596.64,0.01,Bill Discount,Synthetic promotion,596.63,29.83,0,0,0,0,626.46,,,,,
Delhi,ABNAH Cafe Connaught Place,,BILL-OUT001-260105-0031,31,Delivery/Takeaway,,2026-01-05 16:12:00,2026-01-05 16:29:00,Tea,Masala Chai Latte - Large,MENU0053,Beverage,Menu Item,246.42,2.0,492.84,0.0,,,492.84,24.64,0,0,0,0,517.48,,,,,
Delhi,ABNAH Cafe Connaught Place,,BILL-OUT001-260105-0032,32,Dine In,T04,2026-01-05 10:50:00,2026-01-05 11:35:00,Tea,Himalayan Green Tea,MENU0054,Beverage,Menu Item,210.0,1.0,210.0,4.33,Bill Discount,Synthetic promotion,205.67,10.28,0,0,0,0,215.95,,,,,
Delhi,ABNAH Cafe Connaught Place,,BILL-OUT001-260105-0033,33,Delivery/Takeaway,,2026-01-05 16:39:00,2026-01-05 17:07:00,Tea,Japanese Matcha Latte - Regular,MENU0055,Beverage,Menu Item,265.0,2.0,530.0,20.15,Bill Discount,Synthetic promotion,509.85,25.49,0,0,0,0,535.34,,,,,
Delhi,ABNAH Cafe Connaught Place,,BILL-OUT001-260105-0034,34,Delivery/Takeaway,,2026-01-05 12:34:00,2026-01-05 12:45:00,Tea,Japanese Matcha Latte - Medium,MENU0056,Beverage,Menu Item,295.0,3.0,885.0,33.37,Bill Discount,Synthetic promotion,851.63,42.58,0,0,0,0,894.21,,,,,
Delhi,ABNAH Cafe Connaught Place,,BILL-OUT001-260105-0035,35,Delivery/Takeaway,,2026-01-05 11:38:00,2026-01-05 11:56:00,Tea,Japanese Matcha Latte - Large,MENU0057,Beverage,Menu Item,325.0,1.0,325.0,8.39,Bill Discount,Synthetic promotion,316.61,15.83,0,0,0,0,332.44,,,,,
Delhi,ABNAH Cafe Connaught Place,,BILL-OUT001-260105-0036,36,Delivery/Takeaway,,2026-01-05 08:45:00,2026-01-05 09:09:00,Iced Tea,Lemon Iced Tea - Medium,MENU0059,Beverage,Menu Item,230.09,1.0,230.09,0.0,,,230.09,11.5,0,0,0,0,241.59,,,,,
Delhi,ABNAH Cafe Connaught Place,,BILL-OUT001-260105-0037,37,Delivery/Takeaway,,2026-01-05 09:46:00,2026-01-05 09:56:00,Iced Tea,Hibiscus Lime Iced Tea - Regular,MENU0061,Beverage,Menu Item,225.0,1.0,225.0,6.45,Bill Discount,Synthetic promotion,218.55,10.93,0,0,0,0,229.48,,,,,
Delhi,ABNAH Cafe Connaught Place,,BILL-OUT001-260105-0038,38,Delivery/Takeaway,,2026-01-05 19:08:00,2026-01-05 19:27:00,Iced Tea,Hibiscus Lime Iced Tea - Medium,MENU0062,Beverage,Menu Item,250.0,2.0,500.0,11.88,Bill Discount,Synthetic promotion,488.12,24.41,0,0,0,0,512.53,,,,,
Delhi,ABNAH Cafe Connaught Place,,BILL-OUT001-260105-0039,39,Delivery/Takeaway,,2026-01-05 08:43:00,2026-01-05 09:09:00,Iced Tea,Hibiscus Lime Iced Tea - Large,MENU0063,Beverage,Menu Item,275.0,2.0,550.0,28.61,Bill Discount,Synthetic promotion,521.39,26.07,0,0,0,0,547.46,,,,,
Delhi,ABNAH Cafe Connaught Place,,BILL-OUT001-260105-0040,40,Delivery/Takeaway,,2026-01-05 11:20:00,2026-01-05 11:33:00,Kids Beverage,Hot Chocolate - Medium,MENU0065,Beverage,Menu Item,245.0,1.0,245.0,6.94,Bill Discount,Synthetic promotion,238.06,11.9,0,0,0,0,249.96,,,,,
Delhi,ABNAH Cafe Connaught Place,,BILL-OUT001-260105-0041,41,Dine In,T06,2026-01-05 09:19:00,2026-01-05 09:44:00,Smoothie,Seasonal Smoothie - Medium,MENU0075,Beverage,Menu Item,340.0,1.0,340.0,7.92,Bill Discount,Synthetic promotion,332.08,16.6,0,0,0,0,348.68,,,,,
Delhi,ABNAH Cafe Connaught Place,,BILL-OUT001-260105-0042,42,Delivery/Takeaway,,2026-01-05 09:38:00,2026-01-05 09:51:00,Smoothie,Seasonal Smoothie - Large,MENU0076,Beverage,Menu Item,377.4,1.0,377.4,0.0,,,377.4,18.87,0,0,0,0,396.27,,,,,
Delhi,ABNAH Cafe Connaught Place,,BILL-OUT001-260105-0043,43,Delivery/Takeaway,,2026-01-05 10:37:00,2026-01-05 11:13:00,Wraps,Shredded Chicken Wrap,MENU0078,Food,Menu Item,295.0,1.0,295.0,1.1,Bill Discount,Synthetic promotion,293.9,14.7,0,0,0,0,308.6,,,,,
Delhi,ABNAH Cafe Connaught Place,,BILL-OUT001-260105-0044,44,Delivery/Takeaway,,2026-01-05 19:23:00,2026-01-05 20:03:00,Sandwiches,Smoked Chipotle Paneer Sandwich,MENU0079,Food,Menu Item,295.0,2.0,590.0,3.42,Bill Discount,Synthetic promotion,586.58,29.33,0,0,0,0,615.91,,,,,
Delhi,ABNAH Cafe Connaught Place,,BILL-OUT001-260105-0045,45,Delivery/Takeaway,,2026-01-05 11:06:00,2026-01-05 11:55:00,Sandwiches,Pesto Veg Sandwich,MENU0080,Food,Menu Item,280.0,1.0,280.0,13.85,Bill Discount,Synthetic promotion,266.15,13.31,0,0,0,0,279.46,,,,,
Delhi,ABNAH Cafe Connaught Place,,BILL-OUT001-260105-0046,46,Delivery/Takeaway,,2026-01-05 08:48:00,2026-01-05 09:31:00,Sandwiches,Pepper Chicken Sandwich,MENU0081,Food,Menu Item,315.0,3.0,945.0,17.86,Bill Discount,Synthetic promotion,927.14,46.36,0,0,0,0,973.5,,,,,
Delhi,ABNAH Cafe Connaught Place,,BILL-OUT001-260105-0047,47,Dine In,T21,2026-01-05 09:37:00,2026-01-05 09:53:00,Sandwiches,Tandoori Chicken Sandwich,MENU0082,Food,Menu Item,323.36,1.0,323.36,0.0,,,323.36,16.17,0,0,0,0,339.53,,,,,
Delhi,ABNAH Cafe Connaught Place,,BILL-OUT001-260105-0048,48,Delivery/Takeaway,,2026-01-05 19:00:00,2026-01-05 19:23:00,Breakfast,Breakfast Pancakes,MENU0086,Food,Menu Item,285.74,1.0,285.74,0.0,,,285.74,14.29,0,0,0,0,300.03,,,,,
Delhi,ABNAH Cafe Connaught Place,,BILL-OUT001-260105-0049,49,Delivery/Takeaway,,2026-01-05 12:03:00,2026-01-05 12:12:00,Breakfast,Masala Egg Bun,MENU0089,Food,Menu Item,226.31,1.0,226.31,0.0,,,226.31,11.32,0,0,0,0,237.63,,,,,
Delhi,ABNAH Cafe Connaught Place,,BILL-OUT001-260105-0050,50,Dine In,T19,2026-01-05 09:30:00,2026-01-05 10:13:00,Baked Goods,Butter Croissant,MENU0094,Food,Menu Item,195.0,1.0,195.0,4.56,Bill Discount,Synthetic promotion,190.44,9.52,0,0,0,0,199.96,,,,,
Delhi,ABNAH Cafe Connaught Place,,BILL-OUT001-260105-0051,51,Delivery/Takeaway,,2026-01-05 17:36:00,2026-01-05 17:53:00,Baked Goods,Almond Croissant,MENU0095,Food,Menu Item,247.97,1.0,247.97,0.0,,,247.97,12.4,0,0,0,0,260.37,,,,,
Delhi,ABNAH Cafe Connaught Place,,BILL-OUT001-260105-0052,52,Delivery/Takeaway,,2026-01-05 16:53:00,2026-01-05 17:02:00,Baked Goods,Cinnamon Roll with Cream Cheese,MENU0099,Dessert,Menu Item,223.53,1.0,223.53,0.0,,,223.53,11.18,0,0,0,0,234.71,,,,,
Delhi,ABNAH Cafe Connaught Place,,BILL-OUT001-260105-0053,53,Delivery/Takeaway,,2026-01-05 15:06:00,2026-01-05 15:47:00,Desserts,Banoffee Pie,MENU0103,Dessert,Menu Item,288.37,1.0,288.37,0.0,,,288.37,14.42,0,0,0,0,302.79,,,,,
Delhi,ABNAH Cafe Connaught Place,,BILL-OUT001-260105-0054,54,Dine In,T13,2026-01-05 17:50:00,2026-01-05 17:58:00,Desserts,Classic Chocolate Fudge Brownie,MENU0104,Dessert,Menu Item,195.0,3.0,585.0,1.15,Bill Discount,Synthetic promotion,583.85,29.19,0,0,0,0,613.04,,,,,
Delhi,ABNAH Cafe Connaught Place,,BILL-OUT001-260105-0055,55,Delivery/Takeaway,,2026-01-05 10:52:00,2026-01-05 11:14:00,Desserts,Soft-Centred Caramel Cookie,MENU0105,Dessert,Menu Item,180.0,1.0,180.0,2.23,Bill Discount,Synthetic promotion,177.77,8.89,0,0,0,0,186.66,,,,,
Delhi,ABNAH Cafe Connaught Place,,BILL-OUT001-260105-0056,56,Dine In,T10,2026-01-05 09:46:00,2026-01-05 10:03:00,Desserts,Apple Pie,MENU0108,Dessert,Menu Item,274.0,1.0,274.0,0.0,,,274.0,13.7,0,0,0,0,287.7,,,,,
Delhi,ABNAH Cafe Connaught Place,,BILL-OUT001-260105-0057,57,Delivery/Takeaway,,2026-01-05 19:59:00,2026-01-05 20:24:00,Baked Goods,Multigrain Walnut Tea Cake,MENU0110,Dessert,Menu Item,225.0,1.0,225.0,1.65,Bill Discount,Synthetic promotion,223.35,11.17,0,0,0,0,234.52,,,,,
Delhi,ABNAH Cafe Connaught Place,,BILL-OUT001-260106-0001,1,Delivery/Takeaway,,2026-01-06 08:21:00,2026-01-06 08:53:00,Coffee Classics,Americano - Medium,MENU0004,Beverage,Menu Item,210.0,1.0,210.0,6.31,Bill Discount,Synthetic promotion,203.69,10.18,0,0,0,0,213.87,,,,,
Delhi,ABNAH Cafe Connaught Place,,BILL-OUT001-260106-0002,2,Delivery/Takeaway,,2026-01-06 10:23:00,2026-01-06 10:36:00,Coffee Classics,Americano - Large,MENU0005,Beverage,Menu Item,235.0,1.0,235.0,2.65,Bill Discount,Synthetic promotion,232.35,11.62,0,0,0,0,243.97,,,,,
Delhi,ABNAH Cafe Connaught Place,,BILL-OUT001-260106-0003,3,Delivery/Takeaway,,2026-01-06 16:22:00,2026-01-06 16:58:00,Coffee Classics,Latte - Regular,MENU0006,Beverage,Menu Item,225.0,3.0,675.0,14.83,Bill Discount,Synthetic promotion,660.17,33.01,0,0,0,0,693.18,,,,,
Delhi,ABNAH Cafe Connaught Place,,BILL-OUT001-260106-0004,4,Dine In,T12,2026-01-06 08:45:00,2026-01-06 09:04:00,Coffee Classics,Latte - Medium,MENU0007,Beverage,Menu Item,254.09,2.0,508.18,0.0,,,508.18,25.41,0,0,0,0,533.59,,,,,
Delhi,ABNAH Cafe Connaught Place,,BILL-OUT001-260106-0005,5,Delivery/Takeaway,,2026-01-06 18:40:00,2026-01-06 18:48:00,Coffee Classics,Latte - Large,MENU0008,Beverage,Menu Item,275.0,1.0,275.0,12.37,Bill Discount,Synthetic promotion,262.63,13.13,0,0,0,0,275.76,,,,,
Delhi,ABNAH Cafe Connaught Place,,BILL-OUT001-260106-0006,6,Delivery/Takeaway,,2026-01-06 14:54:00,2026-01-06 15:11:00,Coffee Classics,Cappuccino - Regular,MENU0009,Beverage,Menu Item,225.0,1.0,225.0,9.25,Bill Discount,Synthetic promotion,215.75,10.79,0,0,0,0,226.54,,,,,
Delhi,ABNAH Cafe Connaught Place,,BILL-OUT001-260106-0007,7,Delivery/Takeaway,,2026-01-06 17:51:00,2026-01-06 18:05:00,Coffee Classics,Flat White - Regular,MENU0012,Beverage,Menu Item,235.0,2.0,470.0,12.48,Bill Discount,Synthetic promotion,457.52,22.88,0,0,0,0,480.4,,,,,
Delhi,ABNAH Cafe Connaught Place,,BILL-OUT001-260106-0008,8,Dine In,T04,2026-01-06 11:39:00,2026-01-06 12:17:00,Coffee Classics,Flat White - Medium,MENU0013,Beverage,Menu Item,264.18,5.0,1320.9,0.02,Bill Discount,Synthetic promotion,1320.88,66.04,0,0,0,0,1386.92,,,,,
Delhi,ABNAH Cafe Connaught Place,,BILL-OUT001-260106-0009,9,Delivery/Takeaway,,2026-01-06 12:10:00,2026-01-06 12:59:00,Coffee Classics,Flat White - Large,MENU0014,Beverage,Menu Item,285.0,2.0,570.0,18.09,Bill Discount,Synthetic promotion,551.91,27.6,0,0,0,0,579.51,,,,,
Delhi,ABNAH Cafe Connaught Place,,BILL-OUT001-260106-0010,10,Dine In,T20,2026-01-06 19:37:00,2026-01-06 20:14:00,Coffee Classics,Mocha - Regular,MENU0015,Beverage,Menu Item,248.87,3.0,746.61,0.0,,,746.62,37.33,0,0,0,0,783.95,,,,,
Delhi,ABNAH Cafe Connaught Place,,BILL-OUT001-260106-0011,11,Delivery/Takeaway,,2026-01-06 11:49:00,2026-01-06 11:57:00,Coffee Classics,Mocha - Medium,MENU0016,Beverage,Menu Item,270.0,1.0,270.0,0.23,Bill Discount,Synthetic promotion,269.77,13.49,0,0,0,0,283.26,,,,,
Delhi,ABNAH Cafe Connaught Place,,BILL-OUT001-260106-0012,12,Dine In,T02,2026-01-06 13:44:00,2026-01-06 14:17:00,Coffee Classics,Mocha - Large,MENU0017,Beverage,Menu Item,296.21,1.0,296.21,0.0,,,296.21,14.81,0,0,0,0,311.02,,,,,
Delhi,ABNAH Cafe Connaught Place,,BILL-OUT001-260106-0013,13,Dine In,T20,2026-01-06 14:12:00,2026-01-06 14:27:00,Signature Coffee,Sea Salt Mocha - Regular,MENU0018,Beverage,Menu Item,276.38,3.0,829.14,0.0,,,829.15,41.46,0,0,0,0,870.61,,,,,
Delhi,ABNAH Cafe Connaught Place,,BILL-OUT001-260106-0014,14,Delivery/Takeaway,,2026-01-06 09:30:00,2026-01-06 09:44:00,Signature Coffee,Sea Salt Mocha - Medium,MENU0019,Beverage,Menu Item,305.0,2.0,610.0,22.37,Bill Discount,Synthetic promotion,587.63,29.38,0,0,0,0,617.01,,,,,
Delhi,ABNAH Cafe Connaught Place,,BILL-OUT001-260106-0015,15,Dine In,T12,2026-01-06 13:00:00,2026-01-06 13:28:00,Signature Coffee,Orange Zest Mocha - Medium,MENU0022,Beverage,Menu Item,300.0,1.0,300.0,17.25,Bill Discount,Synthetic promotion,282.75,14.14,0,0,0,0,296.89,,,,,
Delhi,ABNAH Cafe Connaught Place,,BILL-OUT001-260106-0016,16,Dine In,T19,2026-01-06 10:38:00,2026-01-06 10:51:00,Signature Coffee,Orange Zest Mocha - Large,MENU0023,Beverage,Menu Item,330.41,1.0,330.41,0.0,,,330.41,16.52,0,0,0,0,346.93,,,,,
Delhi,ABNAH Cafe Connaught Place,,BILL-OUT001-260106-0017,17,Delivery/Takeaway,,2026-01-06 18:49:00,2026-01-06 19:33:00,Signature Coffee,Caramel Macchiato - Regular,MENU0024,Beverage,Menu Item,267.86,1.0,267.86,0.0,,,267.86,13.39,0,0,0,0,281.25,,,,,
Delhi,ABNAH Cafe Connaught Place,,BILL-OUT001-260106-0018,18,Dine In,T18,2026-01-06 15:00:00,2026-01-06 15:21:00,Signature Coffee,Caramel Macchiato - Medium,MENU0025,Beverage,Menu Item,295.0,1.0,295.0,10.43,Bill Discount,Synthetic promotion,284.57,14.23,0,0,0,0,298.8,,,,,
Delhi,ABNAH Cafe Connaught Place,,BILL-OUT001-260106-0019,19,Delivery/Takeaway,,2026-01-06 13:54:00,2026-01-06 14:41:00,Signature Coffee,French Vanilla Latte - Regular,MENU0027,Beverage,Menu Item,265.0,2.0,530.0,20.64,Bill Discount,Synthetic promotion,509.36,25.47,0,0,0,0,534.83,,,,,
Delhi,ABNAH Cafe Connaught Place,,BILL-OUT001-260106-0020,20,Dine In,T14,2026-01-06 14:24:00,2026-01-06 14:46:00,Signature Coffee,French Vanilla Latte - Medium,MENU0028,Beverage,Menu Item,295.0,3.0,885.0,32.01,Bill Discount,Synthetic promotion,852.99,42.65,0,0,0,0,895.64,,,,,
Delhi,ABNAH Cafe Connaught Place,,BILL-OUT001-260106-0021,21,Delivery/Takeaway,,2026-01-06 17:11:00,2026-01-06 17:28:00,Signature Coffee,French Vanilla Latte - Large,MENU0029,Beverage,Menu Item,325.0,1.0,325.0,13.34,Bill Discount,Synthetic promotion,311.66,15.58,0,0,0,0,327.24,,,,,
Delhi,ABNAH Cafe Connaught Place,,BILL-OUT001-260106-0022,22,Dine In,T17,2026-01-06 15:07:00,2026-01-06 15:40:00,Cold Brew,Vietnamese Shakerato - Regular,MENU0039,Beverage,Menu Item,259.8,3.0,779.4,0.0,,,779.4,38.97,0,0,0,0,818.37,,,,,
Delhi,ABNAH Cafe Connaught Place,,BILL-OUT001-260106-0023,23,Delivery/Takeaway,,2026-01-06 14:30:00,2026-01-06 15:10:00,Cold Brew,Vietnamese Shakerato - Medium,MENU0040,Beverage,Menu Item,284.63,1.0,284.63,0.0,,,284.63,14.23,0,0,0,0,298.86,,,,,
Delhi,ABNAH Cafe Connaught Place,,BILL-OUT001-260106-0024,24,Dine In,T18,2026-01-06 17:54:00,2026-01-06 18:23:00,Cold Coffee,Classic Cold Coffee - Regular,MENU0042,Beverage,Menu Item,255.0,1.0,255.0,5.9,Bill Discount,Synthetic promotion,249.1,12.46,0,0,0,0,261.56,,,,,
Delhi,ABNAH Cafe Connaught Place,,BILL-OUT001-260106-0025,25,Dine In,T03,2026-01-06 16:55:00,2026-01-06 17:34:00,Cold Coffee,Classic Cold Coffee - Large,MENU0044,Beverage,Menu Item,325.0,1.0,325.0,8.97,Bill Discount,Synthetic promotion,316.03,15.8,0,0,0,0,331.83,,,,,
Delhi,ABNAH Cafe Connaught Place,,BILL-OUT001-260106-0026,26,Delivery/Takeaway,,2026-01-06 11:07:00,2026-01-06 11:30:00,Cold Coffee,Mocha Cold Coffee - Large,MENU0047,Beverage,Menu Item,355.0,1.0,355.0,18.83,Bill Discount,Synthetic promotion,336.17,16.81,0,0,0,0,352.98,,,,,
Delhi,ABNAH Cafe Connaught Place,,BILL-OUT001-260106-0027,27,Dine In,T21,2026-01-06 14:58:00,2026-01-06 15:06:00,Cold Coffee,Caramel Cold Coffee - Regular,MENU0048,Beverage,Menu Item,285.0,1.0,285.0,3.35,Bill Discount,Synthetic promotion,281.65,14.08,0,0,0,0,295.73,,,,,
Delhi,ABNAH Cafe Connaught Place,,BILL-OUT001-260106-0028,28,Delivery/Takeaway,,2026-01-06 18:18:00,2026-01-06 19:04:00,Cold Coffee,Caramel Cold Coffee - Medium,MENU0049,Beverage,Menu Item,320.0,1.0,320.0,11.35,Bill Discount,Synthetic promotion,308.65,15.43,0,0,0,0,324.08,,,,,
Delhi,ABNAH Cafe Connaught Place,,BILL-OUT001-260106-0029,29,Delivery/Takeaway,,2026-01-06 19:05:00,2026-01-06 19:21:00,Tea,Masala Chai Latte - Regular,MENU0051,Beverage,Menu Item,195.0,3.0,585.0,29.27,Bill Discount,Synthetic promotion,555.73,27.79,0,0,0,0,583.52,,,,,
Delhi,ABNAH Cafe Connaught Place,,BILL-OUT001-260106-0030,30,Delivery/Takeaway,,2026-01-06 13:11:00,2026-01-06 13:58:00,Tea,Japanese Matcha Latte - Medium,MENU0056,Beverage,Menu Item,295.0,1.0,295.0,6.54,Bill Discount,Synthetic promotion,288.46,14.42,0,0,0,0,302.88,,,,,
Delhi,ABNAH Cafe Connaught Place,,BILL-OUT001-260106-0031,31,Dine In,T14,2026-01-06 13:49:00,2026-01-06 14:33:00,Tea,Japanese Matcha Latte - Large,MENU0057,Beverage,Menu Item,325.0,2.0,650.0,15.17,Bill Discount,Synthetic promotion,634.83,31.74,0,0,0,0,666.57,,,,,
Delhi,ABNAH Cafe Connaught Place,,BILL-OUT001-260106-0032,32,Dine In,T21,2026-01-06 09:34:00,2026-01-06 10:20:00,Shake,Choco Chip Shake - Regular,MENU0068,Beverage,Menu Item,295.0,1.0,295.0,17.29,Bill Discount,Synthetic promotion,277.71,13.89,0,0,0,0,291.6,,,,,
Delhi,ABNAH Cafe Connaught Place,,BILL-OUT001-260106-0033,33,Delivery/Takeaway,,2026-01-06 18:00:00,2026-01-06 18:31:00,Shake,Choco Chip Shake - Medium,MENU0069,Beverage,Menu Item,330.0,1.0,330.0,15.54,Bill Discount,Synthetic promotion,314.46,15.72,0,0,0,0,330.18,,,,,
Delhi,ABNAH Cafe Connaught Place,,BILL-OUT001-260106-0034,34,Delivery/Takeaway,,2026-01-06 16:14:00,2026-01-06 16:37:00,Shake,Mixed Berry Shake - Medium,MENU0072,Beverage,Menu Item,350.0,1.0,350.0,6.3,Bill Discount,Synthetic promotion,343.7,17.18,0,0,0,0,360.88,,,,,
Delhi,ABNAH Cafe Connaught Place,,BILL-OUT001-260106-0035,35,Delivery/Takeaway,,2026-01-06 17:30:00,2026-01-06 18:17:00,Sandwiches,Smoked Chipotle Paneer Sandwich,MENU0079,Food,Menu Item,295.0,1.0,295.0,9.4,Bill Discount,Synthetic promotion,285.6,14.28,0,0,0,0,299.88,,,,,
Delhi,ABNAH Cafe Connaught Place,,BILL-OUT001-260106-0036,36,Dine In,T10,2026-01-06 16:19:00,2026-01-06 17:07:00,Sandwiches,Pesto Veg Sandwich,MENU0080,Food,Menu Item,280.0,1.0,280.0,11.27,Bill Discount,Synthetic promotion,268.73,13.44,0,0,0,0,282.17,,,,,
Delhi,ABNAH Cafe Connaught Place,,BILL-OUT001-260106-0037,37,Delivery/Takeaway,,2026-01-06 17:19:00,2026-01-06 17:41:00,Sandwiches,Pepper Chicken Sandwich,MENU0081,Food,Menu Item,315.0,1.0,315.0,16.71,Bill Discount,Synthetic promotion,298.29,14.91,0,0,0,0,313.2,,,,,
Delhi,ABNAH Cafe Connaught Place,,BILL-OUT001-260106-0038,38,Delivery/Takeaway,,2026-01-06 08:19:00,2026-01-06 08:41:00,Sandwiches,Tandoori Chicken Sandwich,MENU0082,Food,Menu Item,320.0,2.0,640.0,29.39,Bill Discount,Synthetic promotion,610.61,30.53,0,0,0,0,641.14,,,,,
Delhi,ABNAH Cafe Connaught Place,,BILL-OUT001-260106-0039,39,Delivery/Takeaway,,2026-01-06 14:11:00,2026-01-06 14:37:00,Breakfast,Cream Cheese Bagel,MENU0087,Food,Menu Item,254.06,2.0,508.12,0.0,,,508.13,25.41,0,0,0,0,533.54,,,,,
Delhi,ABNAH Cafe Connaught Place,,BILL-OUT001-260106-0040,40,Delivery/Takeaway,,2026-01-06 18:05:00,2026-01-06 18:53:00,Breakfast,Scallion Pepper Cream Cheese Bagel,MENU0088,Food,Menu Item,266.27,3.0,798.81,0.01,Bill Discount,Synthetic promotion,798.8,39.94,0,0,0,0,838.74,,,,,
Delhi,ABNAH Cafe Connaught Place,,BILL-OUT001-260106-0041,41,Delivery/Takeaway,,2026-01-06 10:02:00,2026-01-06 10:10:00,Breakfast,Masala Egg Bun,MENU0089,Food,Menu Item,229.07,2.0,458.14,0.0,,,458.15,22.91,0,0,0,0,481.06,,,,,
Delhi,ABNAH Cafe Connaught Place,,BILL-OUT001-260106-0042,42,Delivery/Takeaway,,2026-01-06 18:38:00,2026-01-06 19:22:00,Snacks,Pesto Sundried Tomato Pin Wheel,MENU0091,Food,Menu Item,225.0,1.0,225.0,0.1,Bill Discount,Synthetic promotion,224.9,11.24,0,0,0,0,236.14,,,,,
Delhi,ABNAH Cafe Connaught Place,,BILL-OUT001-260106-0043,43,Delivery/Takeaway,,2026-01-06 18:32:00,2026-01-06 19:03:00,Baked Goods,Almond Croissant,MENU0095,Food,Menu Item,245.0,2.0,490.0,8.74,Bill Discount,Synthetic promotion,481.26,24.06,0,0,0,0,505.32,,,,,
Delhi,ABNAH Cafe Connaught Place,,BILL-OUT001-260106-0044,44,Delivery/Takeaway,,2026-01-06 08:18:00,2026-01-06 08:54:00,Baked Goods,Sriracha Chicken Croissant,MENU0098,Food,Menu Item,275.0,1.0,275.0,0.27,Bill Discount,Synthetic promotion,274.73,13.74,0,0,0,0,288.47,,,,,
Delhi,ABNAH Cafe Connaught Place,,BILL-OUT001-260106-0045,45,Dine In,T17,2026-01-06 12:45:00,2026-01-06 13:23:00,Baked Goods,Cinnamon Roll with Cream Cheese,MENU0099,Dessert,Menu Item,220.0,1.0,220.0,7.75,Bill Discount,Synthetic promotion,212.25,10.61,0,0,0,0,222.86,,,,,
Delhi,ABNAH Cafe Connaught Place,,BILL-OUT001-260106-0046,46,Dine In,T15,2026-01-06 13:23:00,2026-01-06 13:57:00,Baked Goods,Banana Walnut Tea Cake,MENU0100,Dessert,Menu Item,209.07,1.0,209.07,0.0,,,209.07,10.45,0,0,0,0,219.52,,,,,
Delhi,ABNAH Cafe Connaught Place,,BILL-OUT001-260106-0047,47,Dine In,T01,2026-01-06 13:09:00,2026-01-06 13:50:00,Desserts,Banoffee Pie,MENU0103,Dessert,Menu Item,285.0,1.0,285.0,15.6,Bill Discount,Synthetic promotion,269.4,13.47,0,0,0,0,282.87,,,,,
Delhi,ABNAH Cafe Connaught Place,,BILL-OUT001-260106-0048,48,Delivery/Takeaway,,2026-01-06 17:44:00,2026-01-06 18:05:00,Desserts,Classic Chocolate Fudge Brownie,MENU0104,Dessert,Menu Item,197.25,1.0,197.25,0.0,,,197.25,9.86,0,0,0,0,207.11,,,,,
Delhi,ABNAH Cafe Connaught Place,,BILL-OUT001-260107-0001,1,Delivery/Takeaway,,2026-01-07 16:16:00,2026-01-07 16:39:00,Coffee Classics,Americano - Regular,MENU0003,Beverage,Menu Item,188.25,4.0,753.0,0.01,Bill Discount,Synthetic promotion,752.99,37.65,0,0,0,0,790.64,,,,,
Delhi,ABNAH Cafe Connaught Place,,BILL-OUT001-260107-0002,2,Dine In,T22,2026-01-07 15:52:00,2026-01-07 16:34:00,Coffee Classics,Americano - Medium,MENU0004,Beverage,Menu Item,210.0,1.0,210.0,10.73,Bill Discount,Synthetic promotion,199.27,9.96,0,0,0,0,209.23,,,,,
Delhi,ABNAH Cafe Connaught Place,,BILL-OUT001-260107-0003,3,Delivery/Takeaway,,2026-01-07 17:48:00,2026-01-07 18:05:00,Coffee Classics,Americano - Large,MENU0005,Beverage,Menu Item,235.0,1.0,235.0,5.97,Bill Discount,Synthetic promotion,229.03,11.45,0,0,0,0,240.48,,,,,
Delhi,ABNAH Cafe Connaught Place,,BILL-OUT001-260107-0004,4,Dine In,T18,2026-01-07 15:05:00,2026-01-07 15:41:00,Coffee Classics,Latte - Regular,MENU0006,Beverage,Menu Item,225.0,6.0,1350.0,3.33,Bill Discount,Synthetic promotion,1346.67,67.33,0,0,0,0,1414.0,,,,,
Delhi,ABNAH Cafe Connaught Place,,BILL-OUT001-260107-0005,5,Dine In,T23,2026-01-07 12:46:00,2026-01-07 13:30:00,Coffee Classics,Latte - Medium,MENU0007,Beverage,Menu Item,250.02,3.0,750.06,0.0,,,750.06,37.5,0,0,0,0,787.56,,,,,
Delhi,ABNAH Cafe Connaught Place,,BILL-OUT001-260107-0006,6,Delivery/Takeaway,,2026-01-07 15:42:00,2026-01-07 16:10:00,Coffee Classics,Latte - Large,MENU0008,Beverage,Menu Item,275.0,2.0,550.0,21.61,Bill Discount,Synthetic promotion,528.39,26.42,0,0,0,0,554.81,,,,,
Delhi,ABNAH Cafe Connaught Place,,BILL-OUT001-260107-0007,7,Delivery/Takeaway,,2026-01-07 12:50:00,2026-01-07 13:03:00,Coffee Classics,Cappuccino - Regular,MENU0009,Beverage,Menu Item,225.0,3.0,675.0,18.78,Bill Discount,Synthetic promotion,656.22,32.81,0,0,0,0,689.03,,,,,
Delhi,ABNAH Cafe Connaught Place,,BILL-OUT001-260107-0008,8,Dine In,T02,2026-01-07 08:36:00,2026-01-07 08:51:00,Coffee Classics,Cappuccino - Medium,MENU0010,Beverage,Menu Item,250.0,4.0,1000.0,51.08,Bill Discount,Synthetic promotion,948.92,47.45,0,0,0,0,996.37,,,,,
Delhi,ABNAH Cafe Connaught Place,,BILL-OUT001-260107-0009,9,Dine In,T13,2026-01-07 14:49:00,2026-01-07 15:02:00,Coffee Classics,Cappuccino - Large,MENU0011,Beverage,Menu Item,275.74,1.0,275.74,0.0,,,275.74,13.79,0,0,0,0,289.53,,,,,
Delhi,ABNAH Cafe Connaught Place,,BILL-OUT001-260107-0010,10,Dine In,T24,2026-01-07 18:19:00,2026-01-07 18:57:00,Coffee Classics,Flat White - Regular,MENU0012,Beverage,Menu Item,235.0,4.0,940.0,40.3,Bill Discount,Synthetic promotion,899.7,44.98,0,0,0,0,944.68,,,,,
Delhi,ABNAH Cafe Connaught Place,,BILL-OUT001-260107-0011,11,Delivery/Takeaway,,2026-01-07 13:36:00,2026-01-07 13:57:00,Coffee Classics,Flat White - Medium,MENU0013,Beverage,Menu Item,260.0,3.0,780.0,21.93,Bill Discount,Synthetic promotion,758.07,37.9,0,0,0,0,795.97,,,,,
Delhi,ABNAH Cafe Connaught Place,,BILL-OUT001-260107-0012,12,Delivery/Takeaway,,2026-01-07 19:12:00,2026-01-07 19:21:00,Coffee Classics,Flat White - Large,MENU0014,Beverage,Menu Item,285.0,2.0,570.0,31.22,Bill Discount,Synthetic promotion,538.78,26.94,0,0,0,0,565.72,,,,,
Delhi,ABNAH Cafe Connaught Place,,BILL-OUT001-260107-0013,13,Delivery/Takeaway,,2026-01-07 10:49:00,2026-01-07 11:00:00,Coffee Classics,Mocha - Regular,MENU0015,Beverage,Menu Item,245.0,3.0,735.0,21.84,Bill Discount,Synthetic promotion,713.16,35.66,0,0,0,0,748.82,,,,,
Delhi,ABNAH Cafe Connaught Place,,BILL-OUT001-260107-0014,14,Delivery/Takeaway,,2026-01-07 13:28:00,2026-01-07 13:48:00,Signature Coffee,Sea Salt Mocha - Regular,MENU0018,Beverage,Menu Item,275.0,1.0,275.0,11.45,Bill Discount,Synthetic promotion,263.55,13.18,0,0,0,0,276.73,,,,,
Delhi,ABNAH Cafe Connaught Place,,BILL-OUT001-260107-0015,15,Dine In,T22,2026-01-07 14:39:00,2026-01-07 15:04:00,Signature Coffee,Sea Salt Mocha - Medium,MENU0019,Beverage,Menu Item,305.0,3.0,915.0,18.96,Bill Discount,Synthetic promotion,896.04,44.8,0,0,0,0,940.84,,,,,
Delhi,ABNAH Cafe Connaught Place,,BILL-OUT001-260107-0016,16,Dine In,T11,2026-01-07 14:54:00,2026-01-07 15:43:00,Signature Coffee,Orange Zest Mocha - Medium,MENU0022,Beverage,Menu Item,300.0,1.0,300.0,10.03,Bill Discount,Synthetic promotion,289.97,14.5,0,0,0,0,304.47,,,,,
Delhi,ABNAH Cafe Connaught Place,,BILL-OUT001-260107-0017,17,Dine In,T17,2026-01-07 16:53:00,2026-01-07 17:30:00,Signature Coffee,Orange Zest Mocha - Large,MENU0023,Beverage,Menu Item,330.0,1.0,330.0,2.56,Bill Discount,Synthetic promotion,327.44,16.37,0,0,0,0,343.81,,,,,
Delhi,ABNAH Cafe Connaught Place,,BILL-OUT001-260107-0018,18,Delivery/Takeaway,,2026-01-07 13:29:00,2026-01-07 13:42:00,Signature Coffee,Caramel Macchiato - Regular,MENU0024,Beverage,Menu Item,269.49,4.0,1077.96,0.01,Bill Discount,Synthetic promotion,1077.95,53.9,0,0,0,0,1131.85,,,,,
Delhi,ABNAH Cafe Connaught Place,,BILL-OUT001-260107-0019,19,Delivery/Takeaway,,2026-01-07 18:29:00,2026-01-07 19:11:00,Signature Coffee,Caramel Macchiato - Medium,MENU0025,Beverage,Menu Item,295.0,1.0,295.0,14.97,Bill Discount,Synthetic promotion,280.03,14.0,0,0,0,0,294.03,,,,,
Delhi,ABNAH Cafe Connaught Place,,BILL-OUT001-260107-0020,20,Delivery/Takeaway,,2026-01-07 15:34:00,2026-01-07 16:02:00,Signature Coffee,French Vanilla Latte - Regular,MENU0027,Beverage,Menu Item,265.0,2.0,530.0,1.71,Bill Discount,Synthetic promotion,528.29,26.41,0,0,0,0,554.7,,,,,
Delhi,ABNAH Cafe Connaught Place,,BILL-OUT001-260107-0021,21,Delivery/Takeaway,,2026-01-07 10:34:00,2026-01-07 10:49:00,Signature Coffee,French Vanilla Latte - Medium,MENU0028,Beverage,Menu Item,295.0,3.0,885.0,42.1,Bill Discount,Synthetic promotion,842.9,42.15,0,0,0,0,885.05,,,,,
Delhi,ABNAH Cafe Connaught Place,,BILL-OUT001-260107-0022,22,Dine In,T02,2026-01-07 08:27:00,2026-01-07 09:02:00,Signature Coffee,French Vanilla Latte - Large,MENU0029,Beverage,Menu Item,328.56,2.0,657.12,0.01,Bill Discount,Synthetic promotion,657.11,32.86,0,0,0,0,689.97,,,,,
Delhi,ABNAH Cafe Connaught Place,,BILL-OUT001-260107-0023,23,Dine In,T17,2026-01-07 09:51:00,2026-01-07 10:05:00,Cold Brew,Coffee Lemonade - Regular,MENU0036,Beverage,Menu Item,235.0,2.0,470.0,6.09,Bill Discount,Synthetic promotion,463.91,23.2,0,0,0,0,487.11,,,,,
Delhi,ABNAH Cafe Connaught Place,,BILL-OUT001-260107-0024,24,Delivery/Takeaway,,2026-01-07 14:12:00,2026-01-07 14:48:00,Cold Brew,Coffee Lemonade - Large,MENU0038,Beverage,Menu Item,285.0,1.0,285.0,1.63,Bill Discount,Synthetic promotion,283.37,14.17,0,0,0,0,297.54,,,,,
Delhi,ABNAH Cafe Connaught Place,,BILL-OUT001-260107-0025,25,Delivery/Takeaway,,2026-01-07 12:18:00,2026-01-07 13:07:00,Cold Brew,Vietnamese Shakerato - Regular,MENU0039,Beverage,Menu Item,257.22,1.0,257.22,0.0,,,257.22,12.86,0,0,0,0,270.08,,,,,
Delhi,ABNAH Cafe Connaught Place,,BILL-OUT001-260107-0026,26,Dine In,T18,2026-01-07 13:01:00,2026-01-07 13:26:00,Cold Brew,Vietnamese Shakerato - Large,MENU0041,Beverage,Menu Item,305.0,1.0,305.0,9.38,Bill Discount,Synthetic promotion,295.62,14.78,0,0,0,0,310.4,,,,,
Delhi,ABNAH Cafe Connaught Place,,BILL-OUT001-260107-0027,27,Delivery/Takeaway,,2026-01-07 08:52:00,2026-01-07 09:38:00,Cold Coffee,Mocha Cold Coffee - Large,MENU0047,Beverage,Menu Item,357.31,1.0,357.31,0.0,,,357.31,17.87,0,0,0,0,375.18,,,,,
Delhi,ABNAH Cafe Connaught Place,,BILL-OUT001-260107-0028,28,Delivery/Takeaway,,2026-01-07 11:10:00,2026-01-07 11:40:00,Cold Coffee,Caramel Cold Coffee - Regular,MENU0048,Beverage,Menu Item,286.86,1.0,286.86,0.0,,,286.86,14.34,0,0,0,0,301.2,,,,,
Delhi,ABNAH Cafe Connaught Place,,BILL-OUT001-260107-0029,29,Delivery/Takeaway,,2026-01-07 10:39:00,2026-01-07 10:53:00,Cold Coffee,Caramel Cold Coffee - Medium,MENU0049,Beverage,Menu Item,320.0,2.0,640.0,30.06,Bill Discount,Synthetic promotion,609.94,30.5,0,0,0,0,640.44,,,,,
Delhi,ABNAH Cafe Connaught Place,,BILL-OUT001-260107-0030,30,Dine In,T22,2026-01-07 18:19:00,2026-01-07 18:49:00,Cold Coffee,Caramel Cold Coffee - Large,MENU0050,Beverage,Menu Item,355.0,2.0,710.0,33.95,Bill Discount,Synthetic promotion,676.05,33.8,0,0,0,0,709.85,,,,,
Delhi,ABNAH Cafe Connaught Place,,BILL-OUT001-260107-0031,31,Dine In,T14,2026-01-07 15:17:00,2026-01-07 15:44:00,Tea,Masala Chai Latte - Medium,MENU0052,Beverage,Menu Item,220.0,2.0,440.0,18.48,Bill Discount,Synthetic promotion,421.52,21.08,0,0,0,0,442.6,,,,,
Delhi,ABNAH Cafe Connaught Place,,BILL-OUT001-260107-0032,32,Delivery/Takeaway,,2026-01-07 15:56:00,2026-01-07 16:07:00,Tea,Japanese Matcha Latte - Medium,MENU0056,Beverage,Menu Item,295.0,1.0,295.0,7.37,Bill Discount,Synthetic promotion,287.63,14.38,0,0,0,0,302.01,,,,,
Delhi,ABNAH Cafe Connaught Place,,BILL-OUT001-260107-0033,33,Delivery/Takeaway,,2026-01-07 16:09:00,2026-01-07 16:41:00,Tea,Japanese Matcha Latte - Large,MENU0057,Beverage,Menu Item,328.0,1.0,328.0,0.0,,,328.0,16.4,0,0,0,0,344.4,,,,,
Delhi,ABNAH Cafe Connaught Place,,BILL-OUT001-260107-0034,34,Delivery/Takeaway,,2026-01-07 10:43:00,2026-01-07 11:11:00,Iced Tea,Lemon Iced Tea - Medium,MENU0059,Beverage,Menu Item,230.0,1.0,230.0,5.87,Bill Discount,Synthetic promotion,224.13,11.21,0,0,0,0,235.34,,,,,
Delhi,ABNAH Cafe Connaught Place,,BILL-OUT001-260107-0035,35,Delivery/Takeaway,,2026-01-07 13:25:00,2026-01-07 14:02:00,Iced Tea,Hibiscus Lime Iced Tea - Regular,MENU0061,Beverage,Menu Item,225.0,1.0,225.0,3.34,Bill Discount,Synthetic promotion,221.66,11.08,0,0,0,0,232.74,,,,,
Delhi,ABNAH Cafe Connaught Place,,BILL-OUT001-260107-0036,36,Delivery/Takeaway,,2026-01-07 10:34:00,2026-01-07 11:12:00,Iced Tea,Hibiscus Lime Iced Tea - Large,MENU0063,Beverage,Menu Item,275.0,1.0,275.0,11.61,Bill Discount,Synthetic promotion,263.39,13.17,0,0,0,0,276.56,,,,,
Delhi,ABNAH Cafe Connaught Place,,BILL-OUT001-260107-0037,37,Delivery/Takeaway,,2026-01-07 08:00:00,2026-01-07 08:49:00,Shake,Choco Chip Shake - Large,MENU0070,Beverage,Menu Item,365.0,1.0,365.0,16.03,Bill Discount,Synthetic promotion,348.97,17.45,0,0,0,0,366.42,,,,,
Delhi,ABNAH Cafe Connaught Place,,BILL-OUT001-260107-0038,38,Delivery/Takeaway,,2026-01-07 11:17:00,2026-01-07 11:25:00,Shake,Mixed Berry Shake - Medium,MENU0072,Beverage,Menu Item,350.0,3.0,1050.0,44.5,Bill Discount,Synthetic promotion,1005.5,50.27,0,0,0,0,1055.77,,,,,
Delhi,ABNAH Cafe Connaught Place,,BILL-OUT001-260107-0039,39,Delivery/Takeaway,,2026-01-07 13:02:00,2026-01-07 13:38:00,Wraps,Spicy Paneer Wrap,MENU0077,Food,Menu Item,275.0,1.0,275.0,8.84,Bill Discount,Synthetic promotion,266.16,13.31,0,0,0,0,279.47,,,,,
Delhi,ABNAH Cafe Connaught Place,,BILL-OUT001-260107-0040,40,Dine In,T17,2026-01-07 18:51:00,2026-01-07 19:38:00,Sandwiches,Pesto Veg Sandwich,MENU0080,Food,Menu Item,280.0,2.0,560.0,21.91,Bill Discount,Synthetic promotion,538.09,26.9,0,0,0,0,564.99,,,,,
Delhi,ABNAH Cafe Connaught Place,,BILL-OUT001-260107-0041,41,Delivery/Takeaway,,2026-01-07 08:38:00,2026-01-07 09:24:00,Sandwiches,Pepper Chicken Sandwich,MENU0081,Food,Menu Item,319.63,1.0,319.63,0.0,,,319.63,15.98,0,0,0,0,335.61,,,,,
Delhi,ABNAH Cafe Connaught Place,,BILL-OUT001-260107-0042,42,Dine In,T02,2026-01-07 11:05:00,2026-01-07 11:26:00,Sandwiches,Tandoori Chicken Sandwich,MENU0082,Food,Menu Item,320.0,1.0,320.0,16.01,Bill Discount,Synthetic promotion,303.99,15.2,0,0,0,0,319.19,,,,,
Delhi,ABNAH Cafe Connaught Place,,BILL-OUT001-260107-0043,43,Delivery/Takeaway,,2026-01-07 11:21:00,2026-01-07 11:36:00,Toasts,Chicken Pepperoni Avocado Toast,MENU0084,Food,Menu Item,330.0,1.0,330.0,19.33,Bill Discount,Synthetic promotion,310.67,15.53,0,0,0,0,326.2,,,,,
Delhi,ABNAH Cafe Connaught Place,,BILL-OUT001-260107-0044,44,Delivery/Takeaway,,2026-01-07 16:23:00,2026-01-07 16:51:00,Snacks,Turnover with Brioche Dough Chicken,MENU0092,Food,Menu Item,257.06,2.0,514.12,0.0,,,514.12,25.71,0,0,0,0,539.83,,,,,
Delhi,ABNAH Cafe Connaught Place,,BILL-OUT001-260107-0045,45,Delivery/Takeaway,,2026-01-07 14:15:00,2026-01-07 14:31:00,Baked Goods,Almond Croissant,MENU0095,Food,Menu Item,245.0,1.0,245.0,6.93,Bill Discount,Synthetic promotion,238.07,11.9,0,0,0,0,249.97,,,,,
Delhi,ABNAH Cafe Connaught Place,,BILL-OUT001-260107-0046,46,Delivery/Takeaway,,2026-01-07 13:54:00,2026-01-07 14:30:00,Baked Goods,Sriracha Chicken Croissant,MENU0098,Food,Menu Item,275.0,1.0,275.0,8.0,Bill Discount,Synthetic promotion,267.0,13.35,0,0,0,0,280.35,,,,,
Delhi,ABNAH Cafe Connaught Place,,BILL-OUT001-260107-0047,47,Delivery/Takeaway,,2026-01-07 12:01:00,2026-01-07 12:43:00,Desserts,Banoffee Pie,MENU0103,Dessert,Menu Item,290.49,1.0,290.49,0.0,,,290.49,14.52,0,0,0,0,305.01,,,,,
Delhi,ABNAH Cafe Connaught Place,,BILL-OUT001-260107-0048,48,Delivery/Takeaway,,2026-01-07 15:49:00,2026-01-07 16:34:00,Desserts,Classic Chocolate Fudge Brownie,MENU0104,Dessert,Menu Item,195.0,1.0,195.0,9.84,Bill Discount,Synthetic promotion,185.16,9.26,0,0,0,0,194.42,,,,,
Delhi,ABNAH Cafe Connaught Place,,BILL-OUT001-260107-0049,49,Dine In,T18,2026-01-07 12:41:00,2026-01-07 13:11:00,Desserts,Apple Pie,MENU0108,Dessert,Menu Item,272.25,2.0,544.5,0.0,,,544.5,27.23,0,0,0,0,571.73,,,,,
Delhi,ABNAH Cafe Connaught Place,,BILL-OUT001-260107-0050,50,Delivery/Takeaway,,2026-01-07 10:29:00,2026-01-07 11:13:00,Desserts,Basque Cheesecake,MENU0109,Dessert,Menu Item,310.0,2.0,620.0,17.08,Bill Discount,Synthetic promotion,602.92,30.15,0,0,0,0,633.07,,,,,
Delhi,ABNAH Cafe Connaught Place,,BILL-OUT001-260107-0051,51,Delivery/Takeaway,,2026-01-07 15:56:00,2026-01-07 16:11:00,Baked Goods,Multigrain Walnut Tea Cake,MENU0110,Dessert,Menu Item,225.0,2.0,450.0,1.15,Bill Discount,Synthetic promotion,448.85,22.44,0,0,0,0,471.29,,,,,
Delhi,ABNAH Cafe Connaught Place,,BILL-OUT001-260108-0001,1,Delivery/Takeaway,,2026-01-08 13:24:00,2026-01-08 13:52:00,Coffee Classics,Americano - Regular,MENU0003,Beverage,Menu Item,185.17,1.0,185.17,0.0,,,185.17,9.26,0,0,0,0,194.43,,,,,
Delhi,ABNAH Cafe Connaught Place,,BILL-OUT001-260108-0002,2,Delivery/Takeaway,,2026-01-08 15:07:00,2026-01-08 15:55:00,Coffee Classics,Americano - Medium,MENU0004,Beverage,Menu Item,210.0,1.0,210.0,1.33,Bill Discount,Synthetic promotion,208.67,10.43,0,0,0,0,219.1,,,,,
Delhi,ABNAH Cafe Connaught Place,,BILL-OUT001-260108-0003,3,Delivery/Takeaway,,2026-01-08 16:55:00,2026-01-08 17:22:00,Coffee Classics,Americano - Large,MENU0005,Beverage,Menu Item,235.0,3.0,705.0,29.55,Bill Discount,Synthetic promotion,675.45,33.77,0,0,0,0,709.22,,,,,
Delhi,ABNAH Cafe Connaught Place,,BILL-OUT001-260108-0004,4,Delivery/Takeaway,,2026-01-08 08:07:00,2026-01-08 08:49:00,Coffee Classics,Latte - Regular,MENU0006,Beverage,Menu Item,229.23,3.0,687.69,0.0,,,687.7,34.38,0,0,0,0,722.08,,,,,
Delhi,ABNAH Cafe Connaught Place,,BILL-OUT001-260108-0005,5,Delivery/Takeaway,,2026-01-08 16:43:00,2026-01-08 16:58:00,Coffee Classics,Latte - Medium,MENU0007,Beverage,Menu Item,250.0,3.0,750.0,41.32,Bill Discount,Synthetic promotion,708.68,35.43,0,0,0,0,744.11,,,,,
Delhi,ABNAH Cafe Connaught Place,,BILL-OUT001-260108-0006,6,Delivery/Takeaway,,2026-01-08 14:48:00,2026-01-08 15:03:00,Coffee Classics,Latte - Large,MENU0008,Beverage,Menu Item,279.65,1.0,279.65,0.0,,,279.65,13.98,0,0,0,0,293.63,,,,,
Delhi,ABNAH Cafe Connaught Place,,BILL-OUT001-260108-0007,7,Delivery/Takeaway,,2026-01-08 15:00:00,2026-01-08 15:43:00,Coffee Classics,Cappuccino - Regular,MENU0009,Beverage,Menu Item,225.0,1.0,225.0,6.96,Bill Discount,Synthetic promotion,218.04,10.9,0,0,0,0,228.94,,,,,
Delhi,ABNAH Cafe Connaught Place,,BILL-OUT001-260108-0008,8,Delivery/Takeaway,,2026-01-08 18:50:00,2026-01-08 19:29:00,Coffee Classics,Cappuccino - Medium,MENU0010,Beverage,Menu Item,250.0,3.0,750.0,9.39,Bill Discount,Synthetic promotion,740.61,37.03,0,0,0,0,777.64,,,,,
Delhi,ABNAH Cafe Connaught Place,,BILL-OUT001-260108-0009,9,Delivery/Takeaway,,2026-01-08 12:45:00,2026-01-08 13:17:00,Coffee Classics,Cappuccino - Large,MENU0011,Beverage,Menu Item,275.0,1.0,275.0,6.19,Bill Discount,Synthetic promotion,268.81,13.44,0,0,0,0,282.25,,,,,
Delhi,ABNAH Cafe Connaught Place,,BILL-OUT001-260108-0010,10,Dine In,T16,2026-01-08 10:48:00,2026-01-08 11:27:00,Coffee Classics,Flat White - Regular,MENU0012,Beverage,Menu Item,235.0,3.0,705.0,13.89,Bill Discount,Synthetic promotion,691.11,34.56,0,0,0,0,725.67,,,,,
Delhi,ABNAH Cafe Connaught Place,,BILL-OUT001-260108-0011,11,Dine In,T22,2026-01-08 08:10:00,2026-01-08 08:25:00,Coffee Classics,Flat White - Medium,MENU0013,Beverage,Menu Item,260.0,3.0,780.0,29.07,Bill Discount,Synthetic promotion,750.93,37.55,0,0,0,0,788.48,,,,,
Delhi,ABNAH Cafe Connaught Place,,BILL-OUT001-260108-0012,12,Delivery/Takeaway,,2026-01-08 08:35:00,2026-01-08 09:13:00,Coffee Classics,Flat White - Large,MENU0014,Beverage,Menu Item,285.0,2.0,570.0,20.42,Bill Discount,Synthetic promotion,549.58,27.48,0,0,0,0,577.06,,,,,
Delhi,ABNAH Cafe Connaught Place,,BILL-OUT001-260108-0013,13,Dine In,T17,2026-01-08 16:05:00,2026-01-08 16:35:00,Coffee Classics,Mocha - Regular,MENU0015,Beverage,Menu Item,249.8,2.0,499.6,0.0,,,499.6,24.98,0,0,0,0,524.58,,,,,
Delhi,ABNAH Cafe Connaught Place,,BILL-OUT001-260108-0014,14,Dine In,T24,2026-01-08 10:19:00,2026-01-08 10:50:00,Coffee Classics,Mocha - Medium,MENU0016,Beverage,Menu Item,270.0,1.0,270.0,8.81,Bill Discount,Synthetic promotion,261.19,13.06,0,0,0,0,274.25,,,,,
Delhi,ABNAH Cafe Connaught Place,,BILL-OUT001-260108-0015,15,Delivery/Takeaway,,2026-01-08 18:26:00,2026-01-08 19:10:00,Coffee Classics,Mocha - Large,MENU0017,Beverage,Menu Item,295.0,1.0,295.0,10.05,Bill Discount,Synthetic promotion,284.95,14.25,0,0,0,0,299.2,,,,,
Delhi,ABNAH Cafe Connaught Place,,BILL-OUT001-260108-0016,16,Delivery/Takeaway,,2026-01-08 16:30:00,2026-01-08 16:38:00,Signature Coffee,Sea Salt Mocha - Regular,MENU0018,Beverage,Menu Item,275.0,1.0,275.0,12.42,Bill Discount,Synthetic promotion,262.58,13.13,0,0,0,0,275.71,,,,,
Delhi,ABNAH Cafe Connaught Place,,BILL-OUT001-260108-0017,17,Dine In,T24,2026-01-08 08:29:00,2026-01-08 08:47:00,Signature Coffee,Sea Salt Mocha - Medium,MENU0019,Beverage,Menu Item,311.07,2.0,622.14,0.0,,,622.15,31.11,0,0,0,0,653.26,,,,,
Delhi,ABNAH Cafe Connaught Place,,BILL-OUT001-260108-0018,18,Delivery/Takeaway,,2026-01-08 19:13:00,2026-01-08 19:59:00,Signature Coffee,Orange Zest Mocha - Regular,MENU0021,Beverage,Menu Item,270.0,2.0,540.0,29.97,Bill Discount,Synthetic promotion,510.03,25.5,0,0,0,0,535.53,,,,,
Delhi,ABNAH Cafe Connaught Place,,BILL-OUT001-260108-0019,19,Dine In,T08,2026-01-08 09:51:00,2026-01-08 10:38:00,Signature Coffee,Orange Zest Mocha - Medium,MENU0022,Beverage,Menu Item,303.47,1.0,303.47,0.0,,,303.47,15.17,0,0,0,0,318.64,,,,,
Delhi,ABNAH Cafe Connaught Place,,BILL-OUT001-260108-0020,20,Delivery/Takeaway,,2026-01-08 10:56:00,2026-01-08 11:19:00,Signature Coffee,Caramel Macchiato - Regular,MENU0024,Beverage,Menu Item,265.0,1.0,265.0,0.24,Bill Discount,Synthetic promotion,264.76,13.24,0,0,0,0,278.0,,,,,
Delhi,ABNAH Cafe Connaught Place,,BILL-OUT001-260108-0021,21,Delivery/Takeaway,,2026-01-08 12:55:00,2026-01-08 13:16:00,Signature Coffee,Caramel Macchiato - Large,MENU0026,Beverage,Menu Item,325.0,1.0,325.0,18.99,Bill Discount,Synthetic promotion,306.01,15.3,0,0,0,0,321.31,,,,,
Delhi,ABNAH Cafe Connaught Place,,BILL-OUT001-260108-0022,22,Delivery/Takeaway,,2026-01-08 14:54:00,2026-01-08 15:09:00,Signature Coffee,French Vanilla Latte - Regular,MENU0027,Beverage,Menu Item,269.15,2.0,538.3,0.0,,,538.31,26.92,0,0,0,0,565.23,,,,,
Delhi,ABNAH Cafe Connaught Place,,BILL-OUT001-260108-0023,23,Delivery/Takeaway,,2026-01-08 14:59:00,2026-01-08 15:41:00,Signature Coffee,French Vanilla Latte - Medium,MENU0028,Beverage,Menu Item,295.0,2.0,590.0,17.02,Bill Discount,Synthetic promotion,572.98,28.65,0,0,0,0,601.63,,,,,
Delhi,ABNAH Cafe Connaught Place,,BILL-OUT001-260108-0024,24,Dine In,T02,2026-01-08 19:01:00,2026-01-08 19:22:00,Signature Coffee,Vegan Iced Latte - Regular,MENU0030,Beverage,Menu Item,285.0,2.0,570.0,8.86,Bill Discount,Synthetic promotion,561.14,28.06,0,0,0,0,589.2,,,,,
Delhi,ABNAH Cafe Connaught Place,,BILL-OUT001-260108-0025,25,Delivery/Takeaway,,2026-01-08 11:36:00,2026-01-08 12:07:00,Signature Coffee,Vegan Iced Latte - Medium,MENU0031,Beverage,Menu Item,310.0,1.0,310.0,5.31,Bill Discount,Synthetic promotion,304.69,15.23,0,0,0,0,319.92,,,,,
Delhi,ABNAH Cafe Connaught Place,,BILL-OUT001-260108-0026,26,Delivery/Takeaway,,2026-01-08 13:11:00,2026-01-08 13:49:00,Signature Coffee,Vegan Iced Latte - Large,MENU0032,Beverage,Menu Item,335.0,4.0,1340.0,2.26,Bill Discount,Synthetic promotion,1337.74,66.89,0,0,0,0,1404.63,,,,,
Delhi,ABNAH Cafe Connaught Place,,BILL-OUT001-260108-0027,27,Delivery/Takeaway,,2026-01-08 17:59:00,2026-01-08 18:44:00,Cold Brew,Classic Cold Brew - Large,MENU0035,Beverage,Menu Item,275.0,1.0,275.0,13.3,Bill Discount,Synthetic promotion,261.7,13.09,0,0,0,0,274.79,,,,,
Delhi,ABNAH Cafe Connaught Place,,BILL-OUT001-260108-0028,28,Dine In,T21,2026-01-08 09:16:00,2026-01-08 09:57:00,Cold Brew,Coffee Lemonade - Regular,MENU0036,Beverage,Menu Item,235.0,1.0,235.0,9.24,Bill Discount,Synthetic promotion,225.76,11.29,0,0,0,0,237.05,,,,,
Delhi,ABNAH Cafe Connaught Place,,BILL-OUT001-260108-0029,29,Delivery/Takeaway,,2026-01-08 14:42:00,2026-01-08 14:57:00,Cold Brew,Vietnamese Shakerato - Medium,MENU0040,Beverage,Menu Item,281.95,1.0,281.95,0.0,,,281.95,14.1,0,0,0,0,296.05,,,,,
Delhi,ABNAH Cafe Connaught Place,,BILL-OUT001-260108-0030,30,Delivery/Takeaway,,2026-01-08 10:11:00,2026-01-08 10:51:00,Cold Coffee,Classic Cold Coffee - Medium,MENU0043,Beverage,Menu Item,290.0,3.0,870.0,21.07,Bill Discount,Synthetic promotion,848.93,42.45,0,0,0,0,891.38,,,,,
Delhi,ABNAH Cafe Connaught Place,,BILL-OUT001-260108-0031,31,Delivery/Takeaway,,2026-01-08 15:45:00,2026-01-08 16:03:00,Cold Coffee,Classic Cold Coffee - Large,MENU0044,Beverage,Menu Item,325.0,3.0,975.0,44.97,Bill Discount,Synthetic promotion,930.03,46.5,0,0,0,0,976.53,,,,,
Delhi,ABNAH Cafe Connaught Place,,BILL-OUT001-260108-0032,32,Delivery/Takeaway,,2026-01-08 18:19:00,2026-01-08 18:35:00,Cold Coffee,Mocha Cold Coffee - Regular,MENU0045,Beverage,Menu Item,285.0,2.0,570.0,3.59,Bill Discount,Synthetic promotion,566.41,28.32,0,0,0,0,594.73,,,,,
Delhi,ABNAH Cafe Connaught Place,,BILL-OUT001-260108-0033,33,Dine In,T22,2026-01-08 18:33:00,2026-01-08 18:47:00,Cold Coffee,Mocha Cold Coffee - Large,MENU0047,Beverage,Menu Item,357.21,1.0,357.21,0.0,,,357.21,17.86,0,0,0,0,375.07,,,,,
Delhi,ABNAH Cafe Connaught Place,,BILL-OUT001-260108-0034,34,Dine In,T20,2026-01-08 16:05:00,2026-01-08 16:45:00,Tea,Masala Chai Latte - Regular,MENU0051,Beverage,Menu Item,195.0,1.0,195.0,1.46,Bill Discount,Synthetic promotion,193.54,9.68,0,0,0,0,203.22,,,,,
Delhi,ABNAH Cafe Connaught Place,,BILL-OUT001-260108-0035,35,Dine In,T07,2026-01-08 18:14:00,2026-01-08 18:43:00,Tea,Himalayan Green Tea,MENU0054,Beverage,Menu Item,210.0,1.0,210.0,8.0,Bill Discount,Synthetic promotion,202.0,10.1,0,0,0,0,212.1,,,,,
Delhi,ABNAH Cafe Connaught Place,,BILL-OUT001-260108-0036,36,Delivery/Takeaway,,2026-01-08 15:31:00,2026-01-08 15:44:00,Tea,Japanese Matcha Latte - Regular,MENU0055,Beverage,Menu Item,265.0,1.0,265.0,15.49,Bill Discount,Synthetic promotion,249.51,12.48,0,0,0,0,261.99,,,,,
Delhi,ABNAH Cafe Connaught Place,,BILL-OUT001-260108-0037,37,Dine In,T05,2026-01-08 17:52:00,2026-01-08 18:26:00,Tea,Japanese Matcha Latte - Medium,MENU0056,Beverage,Menu Item,295.0,1.0,295.0,7.53,Bill Discount,Synthetic promotion,287.47,14.37,0,0,0,0,301.84,,,,,
Delhi,ABNAH Cafe Connaught Place,,BILL-OUT001-260108-0038,38,Dine In,T06,2026-01-08 10:32:00,2026-01-08 11:16:00,Iced Tea,Lemon Iced Tea - Regular,MENU0058,Beverage,Menu Item,205.0,1.0,205.0,4.16,Bill Discount,Synthetic promotion,200.84,10.04,0,0,0,0,210.88,,,,,
Delhi,ABNAH Cafe Connaught Place,,BILL-OUT001-260108-0039,39,Delivery/Takeaway,,2026-01-08 14:19:00,2026-01-08 15:04:00,Iced Tea,Hibiscus Lime Iced Tea - Regular,MENU0061,Beverage,Menu Item,225.0,1.0,225.0,11.86,Bill Discount,Synthetic promotion,213.14,10.66,0,0,0,0,223.8,,,,,
Delhi,ABNAH Cafe Connaught Place,,BILL-OUT001-260108-0040,40,Delivery/Takeaway,,2026-01-08 09:27:00,2026-01-08 09:59:00,Kids Beverage,Hot Chocolate - Regular,MENU0064,Beverage,Menu Item,220.0,1.0,220.0,6.62,Bill Discount,Synthetic promotion,213.38,10.67,0,0,0,0,224.05,,,,,
Delhi,ABNAH Cafe Connaught Place,,BILL-OUT001-260108-0041,41,Delivery/Takeaway,,2026-01-08 12:24:00,2026-01-08 13:02:00,Kids Beverage,Hot Chocolate - Medium,MENU0065,Beverage,Menu Item,245.0,1.0,245.0,4.73,Bill Discount,Synthetic promotion,240.27,12.01,0,0,0,0,252.28,,,,,
Delhi,ABNAH Cafe Connaught Place,,BILL-OUT001-260108-0042,42,Delivery/Takeaway,,2026-01-08 10:19:00,2026-01-08 10:28:00,Shake,Choco Chip Shake - Medium,MENU0069,Beverage,Menu Item,333.2,1.0,333.2,0.0,,,333.2,16.66,0,0,0,0,349.86,,,,,
Delhi,ABNAH Cafe Connaught Place,,BILL-OUT001-260108-0043,43,Delivery/Takeaway,,2026-01-08 19:30:00,2026-01-08 20:12:00,Shake,Choco Chip Shake - Large,MENU0070,Beverage,Menu Item,365.0,1.0,365.0,2.31,Bill Discount,Synthetic promotion,362.69,18.13,0,0,0,0,380.82,,,,,
Delhi,ABNAH Cafe Connaught Place,,BILL-OUT001-260108-0044,44,Delivery/Takeaway,,2026-01-08 11:01:00,2026-01-08 11:46:00,Sandwiches,Smoked Chipotle Paneer Sandwich,MENU0079,Food,Menu Item,295.0,1.0,295.0,17.03,Bill Discount,Synthetic promotion,277.97,13.9,0,0,0,0,291.87,,,,,
Delhi,ABNAH Cafe Connaught Place,,BILL-OUT001-260108-0045,45,Delivery/Takeaway,,2026-01-08 15:40:00,2026-01-08 15:58:00,Sandwiches,Pepper Chicken Sandwich,MENU0081,Food,Menu Item,315.0,2.0,630.0,11.36,Bill Discount,Synthetic promotion,618.64,30.93,0,0,0,0,649.57,,,,,
Delhi,ABNAH Cafe Connaught Place,,BILL-OUT001-260108-0046,46,Delivery/Takeaway,,2026-01-08 15:54:00,2026-01-08 16:28:00,Breakfast,Cream Cheese Bagel,MENU0087,Food,Menu Item,250.0,1.0,250.0,1.53,Bill Discount,Synthetic promotion,248.47,12.42,0,0,0,0,260.89,,,,,
Delhi,ABNAH Cafe Connaught Place,,BILL-OUT001-260108-0047,47,Dine In,T05,2026-01-08 18:31:00,2026-01-08 19:00:00,Baked Goods,Butter Croissant,MENU0094,Food,Menu Item,195.0,1.0,195.0,8.37,Bill Discount,Synthetic promotion,186.63,9.33,0,0,0,0,195.96,,,,,
Delhi,ABNAH Cafe Connaught Place,,BILL-OUT001-260108-0048,48,Dine In,T16,2026-01-08 14:46:00,2026-01-08 15:07:00,Baked Goods,Almond Croissant,MENU0095,Food,Menu Item,245.0,1.0,245.0,5.52,Bill Discount,Synthetic promotion,239.48,11.97,0,0,0,0,251.45,,,,,
Delhi,ABNAH Cafe Connaught Place,,BILL-OUT001-260108-0049,49,Delivery/Takeaway,,2026-01-08 11:53:00,2026-01-08 12:39:00,Baked Goods,Sriracha Chicken Croissant,MENU0098,Food,Menu Item,275.0,1.0,275.0,15.72,Bill Discount,Synthetic promotion,259.28,12.96,0,0,0,0,272.24,,,,,
Delhi,ABNAH Cafe Connaught Place,,BILL-OUT001-260108-0050,50,Dine In,T09,2026-01-08 11:04:00,2026-01-08 11:30:00,Desserts,Jaggery Parmesan Cookie,MENU0107,Dessert,Menu Item,170.0,1.0,170.0,6.05,Bill Discount,Synthetic promotion,163.95,8.2,0,0,0,0,172.15,,,,,
Delhi,ABNAH Cafe Connaught Place,,BILL-OUT001-260108-0051,51,Dine In,T01,2026-01-08 15:38:00,2026-01-08 15:46:00,Baked Goods,Multigrain Walnut Tea Cake,MENU0110,Dessert,Menu Item,225.0,1.0,225.0,7.68,Bill Discount,Synthetic promotion,217.32,10.87,0,0,0,0,228.19,,,,,
Delhi,ABNAH Cafe Connaught Place,,BILL-OUT001-260109-0001,1,Dine In,T21,2026-01-09 10:48:00,2026-01-09 11:14:00,Espresso,Espresso Shot - Solo,MENU0001,Beverage,Menu Item,145.0,1.0,145.0,6.57,Bill Discount,Synthetic promotion,138.43,6.92,0,0,0,0,145.35,,,,,
Delhi,ABNAH Cafe Connaught Place,,BILL-OUT001-260109-0002,2,Delivery/Takeaway,,2026-01-09 16:54:00,2026-01-09 17:06:00,Coffee Classics,Americano - Regular,MENU0003,Beverage,Menu Item,185.0,6.0,1110.0,36.51,Bill Discount,Synthetic promotion,1073.49,53.67,0,0,0,0,1127.16,,,,,
Delhi,ABNAH Cafe Connaught Place,,BILL-OUT001-260109-0003,3,Delivery/Takeaway,,2026-01-09 10:03:00,2026-01-09 10:20:00,Coffee Classics,Americano - Medium,MENU0004,Beverage,Menu Item,211.03,3.0,633.09,0.0,,,633.09,31.65,0,0,0,0,664.74,,,,,
Delhi,ABNAH Cafe Connaught Place,,BILL-OUT001-260109-0004,4,Delivery/Takeaway,,2026-01-09 13:26:00,2026-01-09 13:57:00,Coffee Classics,Americano - Large,MENU0005,Beverage,Menu Item,235.0,4.0,940.0,2.07,Bill Discount,Synthetic promotion,937.93,46.9,0,0,0,0,984.83,,,,,
Delhi,ABNAH Cafe Connaught Place,,BILL-OUT001-260109-0005,5,Dine In,T02,2026-01-09 14:29:00,2026-01-09 15:07:00,Coffee Classics,Latte - Regular,MENU0006,Beverage,Menu Item,225.0,1.0,225.0,6.01,Bill Discount,Synthetic promotion,218.99,10.95,0,0,0,0,229.94,,,,,
Delhi,ABNAH Cafe Connaught Place,,BILL-OUT001-260109-0006,6,Dine In,T04,2026-01-09 10:44:00,2026-01-09 11:33:00,Coffee Classics,Latte - Medium,MENU0007,Beverage,Menu Item,253.71,3.0,761.13,0.01,Bill Discount,Synthetic promotion,761.12,38.06,0,0,0,0,799.18,,,,,
Delhi,ABNAH Cafe Connaught Place,,BILL-OUT001-260109-0007,7,Delivery/Takeaway,,2026-01-09 08:05:00,2026-01-09 08:52:00,Coffee Classics,Latte - Large,MENU0008,Beverage,Menu Item,275.05,2.0,550.1,0.01,Bill Discount,Synthetic promotion,550.09,27.5,0,0,0,0,577.59,,,,,
Delhi,ABNAH Cafe Connaught Place,,BILL-OUT001-260109-0008,8,Delivery/Takeaway,,2026-01-09 19:17:00,2026-01-09 19:42:00,Coffee Classics,Cappuccino - Regular,MENU0009,Beverage,Menu Item,225.0,5.0,1125.0,46.93,Bill Discount,Synthetic promotion,1078.07,53.9,0,0,0,0,1131.97,,,,,
Delhi,ABNAH Cafe Connaught Place,,BILL-OUT001-260109-0009,9,Delivery/Takeaway,,2026-01-09 09:50:00,2026-01-09 10:30:00,Coffee Classics,Cappuccino - Medium,MENU0010,Beverage,Menu Item,250.0,6.0,1500.0,37.98,Bill Discount,Synthetic promotion,1462.02,73.1,0,0,0,0,1535.12,,,,,
Delhi,ABNAH Cafe Connaught Place,,BILL-OUT001-260109-0010,10,Dine In,T22,2026-01-09 17:21:00,2026-01-09 17:46:00,Coffee Classics,Cappuccino - Large,MENU0011,Beverage,Menu Item,275.0,2.0,550.0,15.02,Bill Discount,Synthetic promotion,534.98,26.75,0,0,0,0,561.73,,,,,
Delhi,ABNAH Cafe Connaught Place,,BILL-OUT001-260109-0011,11,Dine In,T09,2026-01-09 13:11:00,2026-01-09 13:26:00,Coffee Classics,Flat White - Regular,MENU0012,Beverage,Menu Item,235.0,2.0,470.0,3.9,Bill Discount,Synthetic promotion,466.1,23.3,0,0,0,0,489.4,,,,,
Delhi,ABNAH Cafe Connaught Place,,BILL-OUT001-260109-0012,12,Dine In,T08,2026-01-09 18:37:00,2026-01-09 18:58:00,Coffee Classics,Flat White - Medium,MENU0013,Beverage,Menu Item,264.81,4.0,1059.24,0.0,,,1059.24,52.96,0,0,0,0,1112.2,,,,,
Delhi,ABNAH Cafe Connaught Place,,BILL-OUT001-260109-0013,13,Delivery/Takeaway,,2026-01-09 18:19:00,2026-01-09 18:27:00,Coffee Classics,Flat White - Large,MENU0014,Beverage,Menu Item,285.0,3.0,855.0,22.2,Bill Discount,Synthetic promotion,832.8,41.64,0,0,0,0,874.44,,,,,
Delhi,ABNAH Cafe Connaught Place,,BILL-OUT001-260109-0014,14,Delivery/Takeaway,,2026-01-09 13:06:00,2026-01-09 13:39:00,Coffee Classics,Mocha - Regular,MENU0015,Beverage,Menu Item,248.09,1.0,248.09,0.0,,,248.09,12.4,0,0,0,0,260.49,,,,,
Delhi,ABNAH Cafe Connaught Place,,BILL-OUT001-260109-0015,15,Delivery/Takeaway,,2026-01-09 13:57:00,2026-01-09 14:22:00,Coffee Classics,Mocha - Medium,MENU0016,Beverage,Menu Item,270.0,2.0,540.0,2.58,Bill Discount,Synthetic promotion,537.42,26.87,0,0,0,0,564.29,,,,,
Delhi,ABNAH Cafe Connaught Place,,BILL-OUT001-260109-0016,16,Dine In,T06,2026-01-09 17:32:00,2026-01-09 18:17:00,Signature Coffee,Sea Salt Mocha - Large,MENU0020,Beverage,Menu Item,335.0,1.0,335.0,16.89,Bill Discount,Synthetic promotion,318.11,15.91,0,0,0,0,334.02,,,,,
Delhi,ABNAH Cafe Connaught Place,,BILL-OUT001-260109-0017,17,Dine In,T01,2026-01-09 08:26:00,2026-01-09 08:54:00,Signature Coffee,Orange Zest Mocha - Medium,MENU0022,Beverage,Menu Item,300.0,1.0,300.0,11.6,Bill Discount,Synthetic promotion,288.4,14.42,0,0,0,0,302.82,,,,,
Delhi,ABNAH Cafe Connaught Place,,BILL-OUT001-260109-0018,18,Dine In,T09,2026-01-09 11:41:00,2026-01-09 11:51:00,Signature Coffee,Orange Zest Mocha - Large,MENU0023,Beverage,Menu Item,335.6,1.0,335.6,0.0,,,335.6,16.78,0,0,0,0,352.38,,,,,
Delhi,ABNAH Cafe Connaught Place,,BILL-OUT001-260109-0019,19,Dine In,T17,2026-01-09 11:31:00,2026-01-09 11:48:00,Signature Coffee,Caramel Macchiato - Regular,MENU0024,Beverage,Menu Item,265.0,2.0,530.0,13.86,Bill Discount,Synthetic promotion,516.14,25.81,0,0,0,0,541.95,,,,,
Delhi,ABNAH Cafe Connaught Place,,BILL-OUT001-260109-0020,20,Delivery/Takeaway,,2026-01-09 14:46:00,2026-01-09 15:17:00,Signature Coffee,Caramel Macchiato - Medium,MENU0025,Beverage,Menu Item,295.0,1.0,295.0,14.48,Bill Discount,Synthetic promotion,280.52,14.03,0,0,0,0,294.55,,,,,
Delhi,ABNAH Cafe Connaught Place,,BILL-OUT001-260109-0021,21,Dine In,T06,2026-01-09 15:59:00,2026-01-09 16:25:00,Signature Coffee,French Vanilla Latte - Regular,MENU0027,Beverage,Menu Item,265.0,3.0,795.0,44.01,Bill Discount,Synthetic promotion,750.99,37.55,0,0,0,0,788.54,,,,,
Delhi,ABNAH Cafe Connaught Place,,BILL-OUT001-260109-0022,22,Delivery/Takeaway,,2026-01-09 17:41:00,2026-01-09 17:49:00,Signature Coffee,French Vanilla Latte - Medium,MENU0028,Beverage,Menu Item,295.0,1.0,295.0,7.87,Bill Discount,Synthetic promotion,287.13,14.36,0,0,0,0,301.49,,,,,
Delhi,ABNAH Cafe Connaught Place,,BILL-OUT001-260109-0023,23,Delivery/Takeaway,,2026-01-09 13:54:00,2026-01-09 14:29:00,Signature Coffee,Vegan Iced Latte - Regular,MENU0030,Beverage,Menu Item,287.99,3.0,863.97,0.01,Bill Discount,Synthetic promotion,863.96,43.2,0,0,0,0,907.16,,,,,
Delhi,ABNAH Cafe Connaught Place,,BILL-OUT001-260109-0024,24,Dine In,T20,2026-01-09 08:44:00,2026-01-09 09:17:00,Signature Coffee,Vegan Iced Latte - Large,MENU0032,Beverage,Menu Item,335.0,1.0,335.0,18.7,Bill Discount,Synthetic promotion,316.3,15.81,0,0,0,0,332.11,,,,,
Delhi,ABNAH Cafe Connaught Place,,BILL-OUT001-260109-0025,25,Delivery/Takeaway,,2026-01-09 18:32:00,2026-01-09 18:52:00,Cold Brew,Classic Cold Brew - Regular,MENU0033,Beverage,Menu Item,225.0,2.0,450.0,4.29,Bill Discount,Synthetic promotion,445.71,22.29,0,0,0,0,468.0,,,,,
Delhi,ABNAH Cafe Connaught Place,,BILL-OUT001-260109-0026,26,Delivery/Takeaway,,2026-01-09 08:47:00,2026-01-09 09:05:00,Cold Brew,Classic Cold Brew - Medium,MENU0034,Beverage,Menu Item,250.0,1.0,250.0,11.97,Bill Discount,Synthetic promotion,238.03,11.9,0,0,0,0,249.93,,,,,
Delhi,ABNAH Cafe Connaught Place,,BILL-OUT001-260109-0027,27,Delivery/Takeaway,,2026-01-09 09:05:00,2026-01-09 09:46:00,Cold Brew,Coffee Lemonade - Regular,MENU0036,Beverage,Menu Item,235.0,1.0,235.0,11.42,Bill Discount,Synthetic promotion,223.58,11.18,0,0,0,0,234.76,,,,,
Delhi,ABNAH Cafe Connaught Place,,BILL-OUT001-260109-0028,28,Dine In,T09,2026-01-09 08:00:00,2026-01-09 08:09:00,Cold Brew,Coffee Lemonade - Large,MENU0038,Beverage,Menu Item,285.0,1.0,285.0,14.86,Bill Discount,Synthetic promotion,270.14,13.51,0,0,0,0,283.65,,,,,
Delhi,ABNAH Cafe Connaught Place,,BILL-OUT001-260109-0029,29,Dine In,T19,2026-01-09 16:11:00,2026-01-09 16:31:00,Cold Brew,Vietnamese Shakerato - Regular,MENU0039,Beverage,Menu Item,255.0,1.0,255.0,1.77,Bill Discount,Synthetic promotion,253.23,12.66,0,0,0,0,265.89,,,,,
Delhi,ABNAH Cafe Connaught Place,,BILL-OUT001-260109-0030,30,Delivery/Takeaway,,2026-01-09 11:41:00,2026-01-09 11:50:00,Cold Brew,Vietnamese Shakerato - Medium,MENU0040,Beverage,Menu Item,280.0,1.0,280.0,0.84,Bill Discount,Synthetic promotion,279.16,13.96,0,0,0,0,293.12,,,,,
Delhi,ABNAH Cafe Connaught Place,,BILL-OUT001-260109-0031,31,Delivery/Takeaway,,2026-01-09 13:29:00,2026-01-09 13:48:00,Cold Coffee,Classic Cold Coffee - Medium,MENU0043,Beverage,Menu Item,290.71,1.0,290.71,0.0,,,290.71,14.54,0,0,0,0,305.25,,,,,
Delhi,ABNAH Cafe Connaught Place,,BILL-OUT001-260109-0032,32,Dine In,T16,2026-01-09 08:41:00,2026-01-09 09:29:00,Cold Coffee,Caramel Cold Coffee - Regular,MENU0048,Beverage,Menu Item,285.0,3.0,855.0,4.87,Bill Discount,Synthetic promotion,850.13,42.51,0,0,0,0,892.64,,,,,
Delhi,ABNAH Cafe Connaught Place,,BILL-OUT001-260109-0033,33,Delivery/Takeaway,,2026-01-09 14:19:00,2026-01-09 14:56:00,Cold Coffee,Caramel Cold Coffee - Medium,MENU0049,Beverage,Menu Item,320.21,1.0,320.21,0.0,,,320.21,16.01,0,0,0,0,336.22,,,,,
Delhi,ABNAH Cafe Connaught Place,,BILL-OUT001-260109-0034,34,Delivery/Takeaway,,2026-01-09 15:28:00,2026-01-09 15:51:00,Tea,Masala Chai Latte - Medium,MENU0052,Beverage,Menu Item,220.0,1.0,220.0,4.51,Bill Discount,Synthetic promotion,215.49,10.77,0,0,0,0,226.26,,,,,
Delhi,ABNAH Cafe Connaught Place,,BILL-OUT001-260109-0035,35,Dine In,T18,2026-01-09 10:10:00,2026-01-09 10:32:00,Tea,Masala Chai Latte - Large,MENU0053,Beverage,Menu Item,245.0,2.0,490.0,18.8,Bill Discount,Synthetic promotion,471.2,23.56,0,0,0,0,494.76,,,,,
Delhi,ABNAH Cafe Connaught Place,,BILL-OUT001-260109-0036,36,Delivery/Takeaway,,2026-01-09 19:46:00,2026-01-09 20:10:00,Iced Tea,Lemon Iced Tea - Regular,MENU0058,Beverage,Menu Item,205.0,1.0,205.0,2.64,Bill Discount,Synthetic promotion,202.36,10.12,0,0,0,0,212.48,,,,,
Delhi,ABNAH Cafe Connaught Place,,BILL-OUT001-260109-0037,37,Delivery/Takeaway,,2026-01-09 09:32:00,2026-01-09 10:19:00,Iced Tea,Hibiscus Lime Iced Tea - Regular,MENU0061,Beverage,Menu Item,226.41,1.0,226.41,0.0,,,226.41,11.32,0,0,0,0,237.73,,,,,
Delhi,ABNAH Cafe Connaught Place,,BILL-OUT001-260109-0038,38,Dine In,T14,2026-01-09 11:55:00,2026-01-09 12:28:00,Iced Tea,Hibiscus Lime Iced Tea - Medium,MENU0062,Beverage,Menu Item,250.0,1.0,250.0,13.02,Bill Discount,Synthetic promotion,236.98,11.85,0,0,0,0,248.83,,,,,
Delhi,ABNAH Cafe Connaught Place,,BILL-OUT001-260109-0039,39,Dine In,T07,2026-01-09 09:11:00,2026-01-09 09:49:00,Shake,Mixed Berry Shake - Medium,MENU0072,Beverage,Menu Item,350.0,1.0,350.0,9.19,Bill Discount,Synthetic promotion,340.81,17.04,0,0,0,0,357.85,,,,,
Delhi,ABNAH Cafe Connaught Place,,BILL-OUT001-260109-0040,40,Delivery/Takeaway,,2026-01-09 14:10:00,2026-01-09 14:44:00,Smoothie,Seasonal Smoothie - Medium,MENU0075,Beverage,Menu Item,340.0,2.0,680.0,34.71,Bill Discount,Synthetic promotion,645.29,32.26,0,0,0,0,677.55,,,,,
Delhi,ABNAH Cafe Connaught Place,,BILL-OUT001-260109-0041,41,Dine In,T10,2026-01-09 13:19:00,2026-01-09 14:08:00,Wraps,Spicy Paneer Wrap,MENU0077,Food,Menu Item,275.0,1.0,275.0,14.95,Bill Discount,Synthetic promotion,260.05,13.0,0,0,0,0,273.05,,,,,
Delhi,ABNAH Cafe Connaught Place,,BILL-OUT001-260109-0042,42,Dine In,T09,2026-01-09 12:15:00,2026-01-09 12:26:00,Wraps,Shredded Chicken Wrap,MENU0078,Food,Menu Item,296.56,2.0,593.12,0.0,,,593.13,29.66,0,0,0,0,622.79,,,,,
Delhi,ABNAH Cafe Connaught Place,,BILL-OUT001-260109-0043,43,Delivery/Takeaway,,2026-01-09 11:33:00,2026-01-09 11:50:00,Sandwiches,Smoked Chipotle Paneer Sandwich,MENU0079,Food,Menu Item,295.0,1.0,295.0,0.59,Bill Discount,Synthetic promotion,294.41,14.72,0,0,0,0,309.13,,,,,
Delhi,ABNAH Cafe Connaught Place,,BILL-OUT001-260109-0044,44,Dine In,T02,2026-01-09 08:32:00,2026-01-09 08:53:00,Sandwiches,Pesto Veg Sandwich,MENU0080,Food,Menu Item,280.0,2.0,560.0,24.92,Bill Discount,Synthetic promotion,535.08,26.75,0,0,0,0,561.83,,,,,
Delhi,ABNAH Cafe Connaught Place,,BILL-OUT001-260109-0045,45,Dine In,T08,2026-01-09 08:54:00,2026-01-09 09:19:00,Sandwiches,Pepper Chicken Sandwich,MENU0081,Food,Menu Item,315.0,1.0,315.0,8.64,Bill Discount,Synthetic promotion,306.36,15.32,0,0,0,0,321.68,,,,,
Delhi,ABNAH Cafe Connaught Place,,BILL-OUT001-260109-0046,46,Delivery/Takeaway,,2026-01-09 10:49:00,2026-01-09 11:32:00,Toasts,Chilli Cheese Garlic Toast,MENU0083,Food,Menu Item,235.0,2.0,470.0,14.95,Bill Discount,Synthetic promotion,455.05,22.75,0,0,0,0,477.8,,,,,
Delhi,ABNAH Cafe Connaught Place,,BILL-OUT001-260109-0047,47,Dine In,T21,2026-01-09 08:50:00,2026-01-09 09:30:00,Toasts,Chicken Pepperoni Avocado Toast,MENU0084,Food,Menu Item,336.35,1.0,336.35,0.0,,,336.35,16.82,0,0,0,0,353.17,,,,,
Delhi,ABNAH Cafe Connaught Place,,BILL-OUT001-260109-0048,48,Dine In,T06,2026-01-09 12:48:00,2026-01-09 13:32:00,Breakfast,Scallion Pepper Cream Cheese Bagel,MENU0088,Food,Menu Item,265.0,1.0,265.0,14.87,Bill Discount,Synthetic promotion,250.13,12.51,0,0,0,0,262.64,,,,,
Delhi,ABNAH Cafe Connaught Place,,BILL-OUT001-260109-0049,49,Delivery/Takeaway,,2026-01-09 15:59:00,2026-01-09 16:45:00,Snacks,Pesto Sundried Tomato Pin Wheel,MENU0091,Food,Menu Item,225.0,1.0,225.0,6.49,Bill Discount,Synthetic promotion,218.51,10.93,0,0,0,0,229.44,,,,,
Delhi,ABNAH Cafe Connaught Place,,BILL-OUT001-260109-0050,50,Delivery/Takeaway,,2026-01-09 17:41:00,2026-01-09 18:16:00,Snacks,Turnover with Brioche Dough Veg,MENU0093,Food,Menu Item,235.0,1.0,235.0,4.26,Bill Discount,Synthetic promotion,230.74,11.54,0,0,0,0,242.28,,,,,
Delhi,ABNAH Cafe Connaught Place,,BILL-OUT001-260109-0051,51,Delivery/Takeaway,,2026-01-09 12:51:00,2026-01-09 13:28:00,Baked Goods,Butter Croissant,MENU0094,Food,Menu Item,196.95,1.0,196.95,0.0,,,196.95,9.85,0,0,0,0,206.8,,,,,
Delhi,ABNAH Cafe Connaught Place,,BILL-OUT001-260109-0052,52,Delivery/Takeaway,,2026-01-09 14:04:00,2026-01-09 14:29:00,Baked Goods,Chocolate Croissant,MENU0096,Food,Menu Item,235.0,1.0,235.0,0.29,Bill Discount,Synthetic promotion,234.71,11.74,0,0,0,0,246.45,,,,,
Delhi,ABNAH Cafe Connaught Place,,BILL-OUT001-260109-0053,53,Dine In,T11,2026-01-09 17:48:00,2026-01-09 18:23:00,Baked Goods,Mushroom Cheese Croissant,MENU0097,Food,Menu Item,257.59,1.0,257.59,0.0,,,257.59,12.88,0,0,0,0,270.47,,,,,
Delhi,ABNAH Cafe Connaught Place,,BILL-OUT001-260109-0054,54,Delivery/Takeaway,,2026-01-09 08:55:00,2026-01-09 09:15:00,Baked Goods,Sriracha Chicken Croissant,MENU0098,Food,Menu Item,275.0,2.0,550.0,28.51,Bill Discount,Synthetic promotion,521.49,26.07,0,0,0,0,547.56,,,,,
Delhi,ABNAH Cafe Connaught Place,,BILL-OUT001-260109-0055,55,Delivery/Takeaway,,2026-01-09 17:04:00,2026-01-09 17:37:00,Baked Goods,Cinnamon Roll with Cream Cheese,MENU0099,Dessert,Menu Item,221.96,1.0,221.96,0.0,,,221.96,11.1,0,0,0,0,233.06,,,,,
Delhi,ABNAH Cafe Connaught Place,,BILL-OUT001-260109-0056,56,Delivery/Takeaway,,2026-01-09 08:45:00,2026-01-09 09:17:00,Baked Goods,Banana Walnut Tea Cake,MENU0100,Dessert,Menu Item,205.0,1.0,205.0,8.78,Bill Discount,Synthetic promotion,196.22,9.81,0,0,0,0,206.03,,,,,
Delhi,ABNAH Cafe Connaught Place,,BILL-OUT001-260109-0057,57,Delivery/Takeaway,,2026-01-09 10:29:00,2026-01-09 10:52:00,Desserts,Banoffee Pie,MENU0103,Dessert,Menu Item,285.0,1.0,285.0,8.31,Bill Discount,Synthetic promotion,276.69,13.83,0,0,0,0,290.52,,,,,
Delhi,ABNAH Cafe Connaught Place,,BILL-OUT001-260109-0058,58,Delivery/Takeaway,,2026-01-09 13:58:00,2026-01-09 14:25:00,Desserts,Apple Pie,MENU0108,Dessert,Menu Item,270.0,1.0,270.0,3.06,Bill Discount,Synthetic promotion,266.94,13.35,0,0,0,0,280.29,,,,,
Delhi,ABNAH Cafe Connaught Place,,BILL-OUT001-260109-0059,59,Delivery/Takeaway,,2026-01-09 15:34:00,2026-01-09 16:12:00,Desserts,Basque Cheesecake,MENU0109,Dessert,Menu Item,310.0,2.0,620.0,14.47,Bill Discount,Synthetic promotion,605.53,30.28,0,0,0,0,635.81,,,,,
Delhi,ABNAH Cafe Connaught Place,,BILL-OUT001-260110-0001,1,Delivery/Takeaway,,2026-01-10 09:16:00,2026-01-10 09:35:00,Espresso,Espresso Shot - Doppio,MENU0002,Beverage,Menu Item,185.19,1.0,185.19,0.0,,,185.19,9.26,0,0,0,0,194.45,,,,,
Delhi,ABNAH Cafe Connaught Place,,BILL-OUT001-260110-0002,2,Delivery/Takeaway,,2026-01-10 11:05:00,2026-01-10 11:47:00,Coffee Classics,Americano - Regular,MENU0003,Beverage,Menu Item,185.0,1.0,185.0,10.39,Bill Discount,Synthetic promotion,174.61,8.73,0,0,0,0,183.34,,,,,
Delhi,ABNAH Cafe Connaught Place,,BILL-OUT001-260110-0003,3,Delivery/Takeaway,,2026-01-10 17:01:00,2026-01-10 17:12:00,Coffee Classics,Americano - Medium,MENU0004,Beverage,Menu Item,210.0,2.0,420.0,14.22,Bill Discount,Synthetic promotion,405.78,20.29,0,0,0,0,426.07,,,,,
Delhi,ABNAH Cafe Connaught Place,,BILL-OUT001-260110-0004,4,Delivery/Takeaway,,2026-01-10 17:23:00,2026-01-10 17:33:00,Coffee Classics,Americano - Large,MENU0005,Beverage,Menu Item,235.0,4.0,940.0,5.79,Bill Discount,Synthetic promotion,934.21,46.71,0,0,0,0,980.92,,,,,
Delhi,ABNAH Cafe Connaught Place,,BILL-OUT001-260110-0005,5,Delivery/Takeaway,,2026-01-10 16:28:00,2026-01-10 17:12:00,Coffee Classics,Latte - Medium,MENU0007,Beverage,Menu Item,250.0,3.0,750.0,32.23,Bill Discount,Synthetic promotion,717.77,35.89,0,0,0,0,753.66,,,,,
Delhi,ABNAH Cafe Connaught Place,,BILL-OUT001-260110-0006,6,Delivery/Takeaway,,2026-01-10 18:41:00,2026-01-10 19:06:00,Coffee Classics,Latte - Large,MENU0008,Beverage,Menu Item,275.0,1.0,275.0,3.56,Bill Discount,Synthetic promotion,271.44,13.57,0,0,0,0,285.01,,,,,
Delhi,ABNAH Cafe Connaught Place,,BILL-OUT001-260110-0007,7,Dine In,T13,2026-01-10 12:42:00,2026-01-10 13:00:00,Coffee Classics,Cappuccino - Regular,MENU0009,Beverage,Menu Item,225.0,4.0,900.0,47.6,Bill Discount,Synthetic promotion,852.4,42.62,0,0,0,0,895.02,,,,,
Delhi,ABNAH Cafe Connaught Place,,BILL-OUT001-260110-0008,8,Delivery/Takeaway,,2026-01-10 14:53:00,2026-01-10 15:09:00,Coffee Classics,Cappuccino - Medium,MENU0010,Beverage,Menu Item,250.0,2.0,500.0,0.7,Bill Discount,Synthetic promotion,499.3,24.96,0,0,0,0,524.26,,,,,
Delhi,ABNAH Cafe Connaught Place,,BILL-OUT001-260110-0009,9,Dine In,T12,2026-01-10 18:31:00,2026-01-10 18:58:00,Coffee Classics,Cappuccino - Large,MENU0011,Beverage,Menu Item,275.0,2.0,550.0,16.24,Bill Discount,Synthetic promotion,533.76,26.69,0,0,0,0,560.45,,,,,
Delhi,ABNAH Cafe Connaught Place,,BILL-OUT001-260110-0010,10,Dine In,T05,2026-01-10 11:32:00,2026-01-10 12:17:00,Coffee Classics,Flat White - Regular,MENU0012,Beverage,Menu Item,235.0,1.0,235.0,11.17,Bill Discount,Synthetic promotion,223.83,11.19,0,0,0,0,235.02,,,,,
Delhi,ABNAH Cafe Connaught Place,,BILL-OUT001-260110-0011,11,Dine In,T18,2026-01-10 13:26:00,2026-01-10 14:15:00,Coffee Classics,Flat White - Medium,MENU0013,Beverage,Menu Item,260.0,1.0,260.0,3.85,Bill Discount,Synthetic promotion,256.15,12.81,0,0,0,0,268.96,,,,,
Delhi,ABNAH Cafe Connaught Place,,BILL-OUT001-260110-0012,12,Dine In,T02,2026-01-10 17:41:00,2026-01-10 18:13:00,Coffee Classics,Flat White - Large,MENU0014,Beverage,Menu Item,285.0,1.0,285.0,6.78,Bill Discount,Synthetic promotion,278.22,13.91,0,0,0,0,292.13,,,,,
Delhi,ABNAH Cafe Connaught Place,,BILL-OUT001-260110-0013,13,Delivery/Takeaway,,2026-01-10 09:02:00,2026-01-10 09:20:00,Coffee Classics,Mocha - Regular,MENU0015,Beverage,Menu Item,245.0,1.0,245.0,9.57,Bill Discount,Synthetic promotion,235.43,11.77,0,0,0,0,247.2,,,,,
Delhi,ABNAH Cafe Connaught Place,,BILL-OUT001-260110-0014,14,Delivery/Takeaway,,2026-01-10 14:38:00,2026-01-10 15:05:00,Coffee Classics,Mocha - Medium,MENU0016,Beverage,Menu Item,270.0,1.0,270.0,2.02,Bill Discount,Synthetic promotion,267.98,13.4,0,0,0,0,281.38,,,,,
Delhi,ABNAH Cafe Connaught Place,,BILL-OUT001-260110-0015,15,Delivery/Takeaway,,2026-01-10 13:51:00,2026-01-10 14:08:00,Coffee Classics,Mocha - Large,MENU0017,Beverage,Menu Item,295.0,2.0,590.0,23.98,Bill Discount,Synthetic promotion,566.02,28.3,0,0,0,0,594.32,,,,,
Delhi,ABNAH Cafe Connaught Place,,BILL-OUT001-260110-0016,16,Delivery/Takeaway,,2026-01-10 10:06:00,2026-01-10 10:45:00,Signature Coffee,Sea Salt Mocha - Medium,MENU0019,Beverage,Menu Item,305.0,2.0,610.0,34.34,Bill Discount,Synthetic promotion,575.66,28.78,0,0,0,0,604.44,,,,,
Delhi,ABNAH Cafe Connaught Place,,BILL-OUT001-260110-0017,17,Delivery/Takeaway,,2026-01-10 10:31:00,2026-01-10 10:45:00,Signature Coffee,Sea Salt Mocha - Large,MENU0020,Beverage,Menu Item,335.0,1.0,335.0,16.5,Bill Discount,Synthetic promotion,318.5,15.93,0,0,0,0,334.43,,,,,
Delhi,ABNAH Cafe Connaught Place,,BILL-OUT001-260110-0018,18,Delivery/Takeaway,,2026-01-10 11:17:00,2026-01-10 12:03:00,Signature Coffee,Orange Zest Mocha - Regular,MENU0021,Beverage,Menu Item,270.0,1.0,270.0,8.29,Bill Discount,Synthetic promotion,261.71,13.09,0,0,0,0,274.8,,,,,
Delhi,ABNAH Cafe Connaught Place,,BILL-OUT001-260110-0019,19,Delivery/Takeaway,,2026-01-10 19:49:00,2026-01-10 20:22:00,Signature Coffee,Orange Zest Mocha - Medium,MENU0022,Beverage,Menu Item,300.0,1.0,300.0,16.23,Bill Discount,Synthetic promotion,283.77,14.19,0,0,0,0,297.96,,,,,
Delhi,ABNAH Cafe Connaught Place,,BILL-OUT001-260110-0020,20,Dine In,T06,2026-01-10 18:36:00,2026-01-10 18:50:00,Signature Coffee,Orange Zest Mocha - Large,MENU0023,Beverage,Menu Item,330.0,1.0,330.0,19.24,Bill Discount,Synthetic promotion,310.76,15.54,0,0,0,0,326.3,,,,,
Delhi,ABNAH Cafe Connaught Place,,BILL-OUT001-260110-0021,21,Dine In,T03,2026-01-10 08:14:00,2026-01-10 08:50:00,Signature Coffee,Caramel Macchiato - Large,MENU0026,Beverage,Menu Item,327.96,1.0,327.96,0.0,,,327.96,16.4,0,0,0,0,344.36,,,,,
Delhi,ABNAH Cafe Connaught Place,,BILL-OUT001-260110-0022,22,Delivery/Takeaway,,2026-01-10 15:01:00,2026-01-10 15:33:00,Cold Brew,Classic Cold Brew - Medium,MENU0034,Beverage,Menu Item,250.0,2.0,500.0,26.24,Bill Discount,Synthetic promotion,473.76,23.69,0,0,0,0,497.45,,,,,
Delhi,ABNAH Cafe Connaught Place,,BILL-OUT001-260110-0023,23,Delivery/Takeaway,,2026-01-10 18:05:00,2026-01-10 18:25:00,Cold Brew,Vietnamese Shakerato - Regular,MENU0039,Beverage,Menu Item,255.0,1.0,255.0,2.56,Bill Discount,Synthetic promotion,252.44,12.62,0,0,0,0,265.06,,,,,
Delhi,ABNAH Cafe Connaught Place,,BILL-OUT001-260110-0024,24,Dine In,T04,2026-01-10 08:49:00,2026-01-10 09:30:00,Cold Coffee,Caramel Cold Coffee - Medium,MENU0049,Beverage,Menu Item,320.0,4.0,1280.0,51.48,Bill Discount,Synthetic promotion,1228.52,61.43,0,0,0,0,1289.95,,,,,
Delhi,ABNAH Cafe Connaught Place,,BILL-OUT001-260110-0025,25,Dine In,T09,2026-01-10 18:52:00,2026-01-10 19:01:00,Cold Coffee,Caramel Cold Coffee - Large,MENU0050,Beverage,Menu Item,355.0,1.0,355.0,3.2,Bill Discount,Synthetic promotion,351.8,17.59,0,0,0,0,369.39,,,,,
Delhi,ABNAH Cafe Connaught Place,,BILL-OUT001-260110-0026,26,Dine In,T10,2026-01-10 12:01:00,2026-01-10 12:42:00,Tea,Masala Chai Latte - Regular,MENU0051,Beverage,Menu Item,195.0,2.0,390.0,13.93,Bill Discount,Synthetic promotion,376.07,18.8,0,0,0,0,394.87,,,,,
Delhi,ABNAH Cafe Connaught Place,,BILL-OUT001-260110-0027,27,Delivery/Takeaway,,2026-01-10 09:00:00,2026-01-10 09:32:00,Tea,Masala Chai Latte - Medium,MENU0052,Beverage,Menu Item,223.32,1.0,223.32,0.0,,,223.32,11.17,0,0,0,0,234.49,,,,,
Delhi,ABNAH Cafe Connaught Place,,BILL-OUT001-260110-0028,28,Dine In,T14,2026-01-10 15:18:00,2026-01-10 16:04:00,Iced Tea,Lemon Iced Tea - Regular,MENU0058,Beverage,Menu Item,205.0,1.0,205.0,5.94,Bill Discount,Synthetic promotion,199.06,9.95,0,0,0,0,209.01,,,,,
Delhi,ABNAH Cafe Connaught Place,,BILL-OUT001-260110-0029,29,Dine In,T05,2026-01-10 10:13:00,2026-01-10 10:22:00,Shake,Mixed Berry Shake - Medium,MENU0072,Beverage,Menu Item,352.03,1.0,352.03,0.0,,,352.03,17.6,0,0,0,0,369.63,,,,,
Delhi,ABNAH Cafe Connaught Place,,BILL-OUT001-260110-0030,30,Delivery/Takeaway,,2026-01-10 17:47:00,2026-01-10 18:21:00,Smoothie,Seasonal Smoothie - Regular,MENU0074,Beverage,Menu Item,305.0,1.0,305.0,11.1,Bill Discount,Synthetic promotion,293.9,14.7,0,0,0,0,308.6,,,,,
Delhi,ABNAH Cafe Connaught Place,,BILL-OUT001-260110-0031,31,Delivery/Takeaway,,2026-01-10 19:59:00,2026-01-10 20:09:00,Wraps,Shredded Chicken Wrap,MENU0078,Food,Menu Item,295.0,1.0,295.0,4.51,Bill Discount,Synthetic promotion,290.49,14.52,0,0,0,0,305.01,,,,,
Delhi,ABNAH Cafe Connaught Place,,BILL-OUT001-260110-0032,32,Delivery/Takeaway,,2026-01-10 12:52:00,2026-01-10 13:36:00,Sandwiches,Pesto Veg Sandwich,MENU0080,Food,Menu Item,280.0,1.0,280.0,12.83,Bill Discount,Synthetic promotion,267.17,13.36,0,0,0,0,280.53,,,,,
Delhi,ABNAH Cafe Connaught Place,,BILL-OUT001-260110-0033,33,Dine In,T04,2026-01-10 14:24:00,2026-01-10 15:11:00,Snacks,Pesto Sundried Tomato Pin Wheel,MENU0091,Food,Menu Item,226.03,1.0,226.03,0.0,,,226.03,11.3,0,0,0,0,237.33,,,,,
Delhi,ABNAH Cafe Connaught Place,,BILL-OUT001-260110-0034,34,Delivery/Takeaway,,2026-01-10 17:14:00,2026-01-10 17:36:00,Snacks,Turnover with Brioche Dough Chicken,MENU0092,Food,Menu Item,255.0,1.0,255.0,9.73,Bill Discount,Synthetic promotion,245.27,12.26,0,0,0,0,257.53,,,,,
Delhi,ABNAH Cafe Connaught Place,,BILL-OUT001-260110-0035,35,Delivery/Takeaway,,2026-01-10 12:29:00,2026-01-10 13:05:00,Snacks,Turnover with Brioche Dough Veg,MENU0093,Food,Menu Item,235.0,1.0,235.0,9.71,Bill Discount,Synthetic promotion,225.29,11.26,0,0,0,0,236.55,,,,,
Delhi,ABNAH Cafe Connaught Place,,BILL-OUT001-260110-0036,36,Dine In,T12,2026-01-10 09:25:00,2026-01-10 10:00:00,Baked Goods,Butter Croissant,MENU0094,Food,Menu Item,195.0,1.0,195.0,11.55,Bill Discount,Synthetic promotion,183.45,9.17,0,0,0,0,192.62,,,,,
Delhi,ABNAH Cafe Connaught Place,,BILL-OUT001-260110-0037,37,Dine In,T13,2026-01-10 08:31:00,2026-01-10 09:00:00,Baked Goods,Chocolate Croissant,MENU0096,Food,Menu Item,236.65,2.0,473.3,0.01,Bill Discount,Synthetic promotion,473.29,23.66,0,0,0,0,496.95,,,,,
Delhi,ABNAH Cafe Connaught Place,,BILL-OUT001-260110-0038,38,Delivery/Takeaway,,2026-01-10 08:54:00,2026-01-10 09:38:00,Desserts,Double Chocolate Truffle Cake,MENU0102,Dessert,Menu Item,295.0,1.0,295.0,0.28,Bill Discount,Synthetic promotion,294.72,14.74,0,0,0,0,309.46,,,,,
Delhi,ABNAH Cafe Connaught Place,,BILL-OUT001-260110-0039,39,Delivery/Takeaway,,2026-01-10 18:00:00,2026-01-10 18:18:00,Desserts,Apple Pie,MENU0108,Dessert,Menu Item,272.71,2.0,545.42,0.0,,,545.42,27.27,0,0,0,0,572.69,,,,,
Delhi,ABNAH Cafe Connaught Place,,BILL-OUT001-260111-0001,1,Delivery/Takeaway,,2026-01-11 08:39:00,2026-01-11 09:08:00,Coffee Classics,Americano - Regular,MENU0003,Beverage,Menu Item,185.0,1.0,185.0,5.31,Bill Discount,Synthetic promotion,179.69,8.98,0,0,0,0,188.67,,,,,
Delhi,ABNAH Cafe Connaught Place,,BILL-OUT001-260111-0002,2,Delivery/Takeaway,,2026-01-11 14:19:00,2026-01-11 14:31:00,Coffee Classics,Americano - Large,MENU0005,Beverage,Menu Item,235.0,1.0,235.0,8.57,Bill Discount,Synthetic promotion,226.43,11.32,0,0,0,0,237.75,,,,,
Delhi,ABNAH Cafe Connaught Place,,BILL-OUT001-260111-0003,3,Delivery/Takeaway,,2026-01-11 10:17:00,2026-01-11 10:58:00,Coffee Classics,Latte - Regular,MENU0006,Beverage,Menu Item,229.19,1.0,229.19,0.0,,,229.19,11.46,0,0,0,0,240.65,,,,,
Delhi,ABNAH Cafe Connaught Place,,BILL-OUT001-260111-0004,4,Delivery/Takeaway,,2026-01-11 19:24:00,2026-01-11 20:06:00,Coffee Classics,Latte - Medium,MENU0007,Beverage,Menu Item,250.0,1.0,250.0,12.35,Bill Discount,Synthetic promotion,237.65,11.88,0,0,0,0,249.53,,,,,
Delhi,ABNAH Cafe Connaught Place,,BILL-OUT001-260111-0005,5,Delivery/Takeaway,,2026-01-11 15:29:00,2026-01-11 15:52:00,Coffee Classics,Cappuccino - Regular,MENU0009,Beverage,Menu Item,226.41,1.0,226.41,0.0,,,226.41,11.32,0,0,0,0,237.73,,,,,
Delhi,ABNAH Cafe Connaught Place,,BILL-OUT001-260111-0006,6,Delivery/Takeaway,,2026-01-11 12:29:00,2026-01-11 13:18:00,Coffee Classics,Cappuccino - Medium,MENU0010,Beverage,Menu Item,254.19,2.0,508.38,0.0,,,508.39,25.42,0,0,0,0,533.81,,,,,
Delhi,ABNAH Cafe Connaught Place,,BILL-OUT001-260111-0007,7,Delivery/Takeaway,,2026-01-11 15:38:00,2026-01-11 15:55:00,Coffee Classics,Mocha - Regular,MENU0015,Beverage,Menu Item,245.0,1.0,245.0,8.77,Bill Discount,Synthetic promotion,236.23,11.81,0,0,0,0,248.04,,,,,
Delhi,ABNAH Cafe Connaught Place,,BILL-OUT001-260111-0008,8,Delivery/Takeaway,,2026-01-11 08:26:00,2026-01-11 08:42:00,Coffee Classics,Mocha - Medium,MENU0016,Beverage,Menu Item,273.65,2.0,547.3,0.0,,,547.31,27.37,0,0,0,0,574.68,,,,,
Delhi,ABNAH Cafe Connaught Place,,BILL-OUT001-260111-0009,9,Delivery/Takeaway,,2026-01-11 08:38:00,2026-01-11 09:03:00,Signature Coffee,Caramel Macchiato - Regular,MENU0024,Beverage,Menu Item,265.0,1.0,265.0,0.56,Bill Discount,Synthetic promotion,264.44,13.22,0,0,0,0,277.66,,,,,
Delhi,ABNAH Cafe Connaught Place,,BILL-OUT001-260111-0010,10,Delivery/Takeaway,,2026-01-11 08:05:00,2026-01-11 08:31:00,Signature Coffee,Vegan Iced Latte - Regular,MENU0030,Beverage,Menu Item,285.0,2.0,570.0,34.0,Bill Discount,Synthetic promotion,536.0,26.8,0,0,0,0,562.8,,,,,
Delhi,ABNAH Cafe Connaught Place,,BILL-OUT001-260111-0011,11,Dine In,T01,2026-01-11 14:53:00,2026-01-11 15:36:00,Signature Coffee,Vegan Iced Latte - Medium,MENU0031,Beverage,Menu Item,310.76,1.0,310.76,0.0,,,310.76,15.54,0,0,0,0,326.3,,,,,
Delhi,ABNAH Cafe Connaught Place,,BILL-OUT001-260111-0012,12,Dine In,T20,2026-01-11 17:40:00,2026-01-11 18:26:00,Cold Coffee,Classic Cold Coffee - Regular,MENU0042,Beverage,Menu Item,255.25,1.0,255.25,0.0,,,255.25,12.76,0,0,0,0,268.01,,,,,
Delhi,ABNAH Cafe Connaught Place,,BILL-OUT001-260111-0013,13,Delivery/Takeaway,,2026-01-11 18:25:00,2026-01-11 18:33:00,Cold Coffee,Classic Cold Coffee - Medium,MENU0043,Beverage,Menu Item,292.93,1.0,292.93,0.0,,,292.93,14.65,0,0,0,0,307.58,,,,,
Delhi,ABNAH Cafe Connaught Place,,BILL-OUT001-260111-0014,14,Delivery/Takeaway,,2026-01-11 16:25:00,2026-01-11 16:55:00,Cold Coffee,Classic Cold Coffee - Large,MENU0044,Beverage,Menu Item,325.0,1.0,325.0,5.51,Bill Discount,Synthetic promotion,319.49,15.97,0,0,0,0,335.46,,,,,
Delhi,ABNAH Cafe Connaught Place,,BILL-OUT001-260111-0015,15,Delivery/Takeaway,,2026-01-11 13:24:00,2026-01-11 13:55:00,Cold Coffee,Mocha Cold Coffee - Medium,MENU0046,Beverage,Menu Item,326.21,1.0,326.21,0.0,,,326.21,16.31,0,0,0,0,342.52,,,,,
Delhi,ABNAH Cafe Connaught Place,,BILL-OUT001-260111-0016,16,Dine In,T07,2026-01-11 10:18:00,2026-01-11 10:45:00,Cold Coffee,Caramel Cold Coffee - Regular,MENU0048,Beverage,Menu Item,290.28,1.0,290.28,0.0,,,290.28,14.51,0,0,0,0,304.79,,,,,
Delhi,ABNAH Cafe Connaught Place,,BILL-OUT001-260111-0017,17,Delivery/Takeaway,,2026-01-11 14:18:00,2026-01-11 14:36:00,Tea,Masala Chai Latte - Medium,MENU0052,Beverage,Menu Item,220.0,1.0,220.0,8.49,Bill Discount,Synthetic promotion,211.51,10.58,0,0,0,0,222.09,,,,,
Delhi,ABNAH Cafe Connaught Place,,BILL-OUT001-260111-0018,18,Dine In,T07,2026-01-11 15:43:00,2026-01-11 16:14:00,Tea,Masala Chai Latte - Large,MENU0053,Beverage,Menu Item,245.0,1.0,245.0,11.59,Bill Discount,Synthetic promotion,233.41,11.67,0,0,0,0,245.08,,,,,
Delhi,ABNAH Cafe Connaught Place,,BILL-OUT001-260111-0019,19,Delivery/Takeaway,,2026-01-11 10:04:00,2026-01-11 10:18:00,Tea,Himalayan Green Tea,MENU0054,Beverage,Menu Item,211.94,1.0,211.94,0.0,,,211.94,10.6,0,0,0,0,222.54,,,,,
Delhi,ABNAH Cafe Connaught Place,,BILL-OUT001-260111-0020,20,Delivery/Takeaway,,2026-01-11 18:03:00,2026-01-11 18:34:00,Iced Tea,Lemon Iced Tea - Large,MENU0060,Beverage,Menu Item,259.93,1.0,259.93,0.0,,,259.93,13.0,0,0,0,0,272.93,,,,,
Delhi,ABNAH Cafe Connaught Place,,BILL-OUT001-260111-0021,21,Delivery/Takeaway,,2026-01-11 09:40:00,2026-01-11 10:23:00,Shake,Choco Chip Shake - Large,MENU0070,Beverage,Menu Item,370.01,1.0,370.01,0.0,,,370.01,18.5,0,0,0,0,388.51,,,,,
Delhi,ABNAH Cafe Connaught Place,,BILL-OUT001-260111-0022,22,Dine In,T23,2026-01-11 19:13:00,2026-01-11 19:45:00,Shake,Mixed Berry Shake - Medium,MENU0072,Beverage,Menu Item,350.0,1.0,350.0,2.65,Bill Discount,Synthetic promotion,347.35,17.37,0,0,0,0,364.72,,,,,
Delhi,ABNAH Cafe Connaught Place,,BILL-OUT001-260111-0023,23,Dine In,T17,2026-01-11 13:29:00,2026-01-11 14:04:00,Smoothie,Seasonal Smoothie - Large,MENU0076,Beverage,Menu Item,375.0,1.0,375.0,9.07,Bill Discount,Synthetic promotion,365.93,18.3,0,0,0,0,384.23,,,,,
Delhi,ABNAH Cafe Connaught Place,,BILL-OUT001-260111-0024,24,Dine In,T17,2026-01-11 16:57:00,2026-01-11 17:29:00,Wraps,Shredded Chicken Wrap,MENU0078,Food,Menu Item,295.0,1.0,295.0,13.19,Bill Discount,Synthetic promotion,281.81,14.09,0,0,0,0,295.9,,,,,
Delhi,ABNAH Cafe Connaught Place,,BILL-OUT001-260111-0025,25,Delivery/Takeaway,,2026-01-11 14:12:00,2026-01-11 14:22:00,Toasts,Chilli Cheese Garlic Toast,MENU0083,Food,Menu Item,235.0,1.0,235.0,8.54,Bill Discount,Synthetic promotion,226.46,11.32,0,0,0,0,237.78,,,,,
Delhi,ABNAH Cafe Connaught Place,,BILL-OUT001-260111-0026,26,Delivery/Takeaway,,2026-01-11 15:32:00,2026-01-11 15:49:00,Breakfast,Breakfast Pancakes,MENU0086,Food,Menu Item,285.0,1.0,285.0,6.75,Bill Discount,Synthetic promotion,278.25,13.91,0,0,0,0,292.16,,,,,
Delhi,ABNAH Cafe Connaught Place,,BILL-OUT001-260111-0027,27,Dine In,T22,2026-01-11 08:20:00,2026-01-11 08:41:00,Breakfast,Scallion Pepper Cream Cheese Bagel,MENU0088,Food,Menu Item,265.0,1.0,265.0,15.42,Bill Discount,Synthetic promotion,249.58,12.48,0,0,0,0,262.06,,,,,
Delhi,ABNAH Cafe Connaught Place,,BILL-OUT001-260111-0028,28,Delivery/Takeaway,,2026-01-11 17:35:00,2026-01-11 18:11:00,Baked Goods,Banana Walnut Tea Cake,MENU0100,Dessert,Menu Item,205.0,1.0,205.0,5.73,Bill Discount,Synthetic promotion,199.27,9.96,0,0,0,0,209.23,,,,,
Delhi,ABNAH Cafe Connaught Place,,BILL-OUT001-260111-0029,29,Delivery/Takeaway,,2026-01-11 15:56:00,2026-01-11 16:05:00,Desserts,Basque Cheesecake,MENU0109,Dessert,Menu Item,310.0,1.0,310.0,9.64,Bill Discount,Synthetic promotion,300.36,15.02,0,0,0,0,315.38,,,,,
Delhi,ABNAH Cafe Connaught Place,,BILL-OUT001-260112-0001,1,Delivery/Takeaway,,2026-01-12 14:30:00,2026-01-12 14:45:00,Espresso,Espresso Shot - Solo,MENU0001,Beverage,Menu Item,147.17,1.0,147.17,0.0,,,147.17,7.36,0,0,0,0,154.53,,,,,
Delhi,ABNAH Cafe Connaught Place,,BILL-OUT001-260112-0002,2,Delivery/Takeaway,,2026-01-12 17:46:00,2026-01-12 18:20:00,Espresso,Espresso Shot - Doppio,MENU0002,Beverage,Menu Item,185.0,1.0,185.0,1.22,Bill Discount,Synthetic promotion,183.78,9.19,0,0,0,0,192.97,,,,,
Delhi,ABNAH Cafe Connaught Place,,BILL-OUT001-260112-0003,3,Delivery/Takeaway,,2026-01-12 11:38:00,2026-01-12 12:25:00,Coffee Classics,Americano - Regular,MENU0003,Beverage,Menu Item,185.0,3.0,555.0,24.82,Bill Discount,Synthetic promotion,530.18,26.51,0,0,0,0,556.69,,,,,
Delhi,ABNAH Cafe Connaught Place,,BILL-OUT001-260112-0004,4,Dine In,T19,2026-01-12 11:30:00,2026-01-12 12:04:00,Coffee Classics,Americano - Medium,MENU0004,Beverage,Menu Item,213.78,2.0,427.56,0.01,Bill Discount,Synthetic promotion,427.55,21.38,0,0,0,0,448.93,,,,,
Delhi,ABNAH Cafe Connaught Place,,BILL-OUT001-260112-0005,5,Delivery/Takeaway,,2026-01-12 09:00:00,2026-01-12 09:21:00,Coffee Classics,Americano - Large,MENU0005,Beverage,Menu Item,235.0,1.0,235.0,9.86,Bill Discount,Synthetic promotion,225.14,11.26,0,0,0,0,236.4,,,,,
Delhi,ABNAH Cafe Connaught Place,,BILL-OUT001-260112-0006,6,Delivery/Takeaway,,2026-01-12 08:08:00,2026-01-12 08:25:00,Coffee Classics,Latte - Regular,MENU0006,Beverage,Menu Item,228.32,2.0,456.64,0.0,,,456.64,22.83,0,0,0,0,479.47,,,,,
Delhi,ABNAH Cafe Connaught Place,,BILL-OUT001-260112-0007,7,Delivery/Takeaway,,2026-01-12 19:31:00,2026-01-12 19:40:00,Coffee Classics,Latte - Medium,MENU0007,Beverage,Menu Item,253.0,1.0,253.0,0.0,,,253.0,12.65,0,0,0,0,265.65,,,,,
Delhi,ABNAH Cafe Connaught Place,,BILL-OUT001-260112-0008,8,Delivery/Takeaway,,2026-01-12 19:17:00,2026-01-12 19:42:00,Coffee Classics,Latte - Large,MENU0008,Beverage,Menu Item,275.0,3.0,825.0,26.59,Bill Discount,Synthetic promotion,798.41,39.92,0,0,0,0,838.33,,,,,
Delhi,ABNAH Cafe Connaught Place,,BILL-OUT001-260112-0009,9,Delivery/Takeaway,,2026-01-12 14:51:00,2026-01-12 15:37:00,Coffee Classics,Cappuccino - Regular,MENU0009,Beverage,Menu Item,225.0,4.0,900.0,25.34,Bill Discount,Synthetic promotion,874.66,43.73,0,0,0,0,918.39,,,,,
Delhi,ABNAH Cafe Connaught Place,,BILL-OUT001-260112-0010,10,Dine In,T24,2026-01-12 16:37:00,2026-01-12 16:59:00,Coffee Classics,Cappuccino - Medium,MENU0010,Beverage,Menu Item,250.0,2.0,500.0,14.16,Bill Discount,Synthetic promotion,485.84,24.29,0,0,0,0,510.13,,,,,
Delhi,ABNAH Cafe Connaught Place,,BILL-OUT001-260112-0011,11,Delivery/Takeaway,,2026-01-12 18:02:00,2026-01-12 18:37:00,Coffee Classics,Flat White - Regular,MENU0012,Beverage,Menu Item,235.0,2.0,470.0,8.24,Bill Discount,Synthetic promotion,461.76,23.09,0,0,0,0,484.85,,,,,
Delhi,ABNAH Cafe Connaught Place,,BILL-OUT001-260112-0012,12,Delivery/Takeaway,,2026-01-12 17:32:00,2026-01-12 17:40:00,Coffee Classics,Flat White - Medium,MENU0013,Beverage,Menu Item,260.0,2.0,520.0,11.89,Bill Discount,Synthetic promotion,508.11,25.41,0,0,0,0,533.52,,,,,
Delhi,ABNAH Cafe Connaught Place,,BILL-OUT001-260112-0013,13,Dine In,T09,2026-01-12 18:06:00,2026-01-12 18:23:00,Coffee Classics,Mocha - Medium,MENU0016,Beverage,Menu Item,270.0,1.0,270.0,13.94,Bill Discount,Synthetic promotion,256.06,12.8,0,0,0,0,268.86,,,,,
Delhi,ABNAH Cafe Connaught Place,,BILL-OUT001-260112-0014,14,Delivery/Takeaway,,2026-01-12 12:34:00,2026-01-12 13:06:00,Coffee Classics,Mocha - Large,MENU0017,Beverage,Menu Item,300.54,1.0,300.54,0.0,,,300.54,15.03,0,0,0,0,315.57,,,,,
Delhi,ABNAH Cafe Connaught Place,,BILL-OUT001-260112-0015,15,Delivery/Takeaway,,2026-01-12 13:57:00,2026-01-12 14:44:00,Signature Coffee,Sea Salt Mocha - Regular,MENU0018,Beverage,Menu Item,278.33,3.0,834.99,0.0,,,835.0,41.75,0,0,0,0,876.75,,,,,
Delhi,ABNAH Cafe Connaught Place,,BILL-OUT001-260112-0016,16,Delivery/Takeaway,,2026-01-12 13:16:00,2026-01-12 13:33:00,Signature Coffee,Sea Salt Mocha - Medium,MENU0019,Beverage,Menu Item,305.0,3.0,915.0,25.31,Bill Discount,Synthetic promotion,889.69,44.48,0,0,0,0,934.17,,,,,
Delhi,ABNAH Cafe Connaught Place,,BILL-OUT001-260112-0017,17,Delivery/Takeaway,,2026-01-12 09:23:00,2026-01-12 09:31:00,Signature Coffee,Orange Zest Mocha - Medium,MENU0022,Beverage,Menu Item,300.0,1.0,300.0,1.5,Bill Discount,Synthetic promotion,298.5,14.93,0,0,0,0,313.43,,,,,
Delhi,ABNAH Cafe Connaught Place,,BILL-OUT001-260112-0018,18,Delivery/Takeaway,,2026-01-12 08:33:00,2026-01-12 08:57:00,Signature Coffee,Orange Zest Mocha - Large,MENU0023,Beverage,Menu Item,330.0,1.0,330.0,12.04,Bill Discount,Synthetic promotion,317.96,15.9,0,0,0,0,333.86,,,,,
Delhi,ABNAH Cafe Connaught Place,,BILL-OUT001-260112-0019,19,Dine In,T03,2026-01-12 11:12:00,2026-01-12 11:28:00,Signature Coffee,Caramel Macchiato - Regular,MENU0024,Beverage,Menu Item,265.0,2.0,530.0,4.25,Bill Discount,Synthetic promotion,525.75,26.29,0,0,0,0,552.04,,,,,
Delhi,ABNAH Cafe Connaught Place,,BILL-OUT001-260112-0020,20,Dine In,T14,2026-01-12 13:24:00,2026-01-12 13:49:00,Signature Coffee,Vegan Iced Latte - Regular,MENU0030,Beverage,Menu Item,286.62,3.0,859.86,0.01,Bill Discount,Synthetic promotion,859.85,42.99,0,0,0,0,902.84,,,,,
Delhi,ABNAH Cafe Connaught Place,,BILL-OUT001-260112-0021,21,Dine In,T24,2026-01-12 11:35:00,2026-01-12 12:08:00,Signature Coffee,Vegan Iced Latte - Medium,MENU0031,Beverage,Menu Item,315.53,1.0,315.53,0.0,,,315.53,15.78,0,0,0,0,331.31,,,,,
Delhi,ABNAH Cafe Connaught Place,,BILL-OUT001-260112-0022,22,Delivery/Takeaway,,2026-01-12 08:35:00,2026-01-12 08:57:00,Cold Brew,Classic Cold Brew - Regular,MENU0033,Beverage,Menu Item,225.0,1.0,225.0,4.72,Bill Discount,Synthetic promotion,220.28,11.01,0,0,0,0,231.29,,,,,
Delhi,ABNAH Cafe Connaught Place,,BILL-OUT001-260112-0023,23,Delivery/Takeaway,,2026-01-12 12:18:00,2026-01-12 13:03:00,Cold Brew,Coffee Lemonade - Regular,MENU0036,Beverage,Menu Item,235.0,1.0,235.0,11.32,Bill Discount,Synthetic promotion,223.68,11.18,0,0,0,0,234.86,,,,,
Delhi,ABNAH Cafe Connaught Place,,BILL-OUT001-260112-0024,24,Delivery/Takeaway,,2026-01-12 17:54:00,2026-01-12 18:24:00,Cold Brew,Coffee Lemonade - Large,MENU0038,Beverage,Menu Item,285.0,2.0,570.0,14.38,Bill Discount,Synthetic promotion,555.62,27.78,0,0,0,0,583.4,,,,,
Delhi,ABNAH Cafe Connaught Place,,BILL-OUT001-260112-0025,25,Delivery/Takeaway,,2026-01-12 16:24:00,2026-01-12 16:49:00,Cold Brew,Vietnamese Shakerato - Medium,MENU0040,Beverage,Menu Item,283.09,1.0,283.09,0.0,,,283.09,14.15,0,0,0,0,297.24,,,,,
Delhi,ABNAH Cafe Connaught Place,,BILL-OUT001-260112-0026,26,Delivery/Takeaway,,2026-01-12 12:05:00,2026-01-12 12:20:00,Cold Coffee,Classic Cold Coffee - Regular,MENU0042,Beverage,Menu Item,255.0,2.0,510.0,15.72,Bill Discount,Synthetic promotion,494.28,24.71,0,0,0,0,518.99,,,,,
Delhi,ABNAH Cafe Connaught Place,,BILL-OUT001-260112-0027,27,Delivery/Takeaway,,2026-01-12 08:56:00,2026-01-12 09:37:00,Cold Coffee,Mocha Cold Coffee - Regular,MENU0045,Beverage,Menu Item,285.0,2.0,570.0,20.61,Bill Discount,Synthetic promotion,549.39,27.47,0,0,0,0,576.86,,,,,
Delhi,ABNAH Cafe Connaught Place,,BILL-OUT001-260112-0028,28,Delivery/Takeaway,,2026-01-12 18:41:00,2026-01-12 19:02:00,Cold Coffee,Mocha Cold Coffee - Large,MENU0047,Beverage,Menu Item,355.0,3.0,1065.0,21.03,Bill Discount,Synthetic promotion,1043.97,52.2,0,0,0,0,1096.17,,,,,
Delhi,ABNAH Cafe Connaught Place,,BILL-OUT001-260112-0029,29,Dine In,T20,2026-01-12 12:38:00,2026-01-12 12:58:00,Cold Coffee,Caramel Cold Coffee - Regular,MENU0048,Beverage,Menu Item,287.53,1.0,287.53,0.0,,,287.53,14.38,0,0,0,0,301.91,,,,,
Delhi,ABNAH Cafe Connaught Place,,BILL-OUT001-260112-0030,30,Dine In,T05,2026-01-12 17:40:00,2026-01-12 18:20:00,Cold Coffee,Caramel Cold Coffee - Medium,MENU0049,Beverage,Menu Item,320.0,2.0,640.0,34.67,Bill Discount,Synthetic promotion,605.33,30.27,0,0,0,0,635.6,,,,,
Delhi,ABNAH Cafe Connaught Place,,BILL-OUT001-260112-0031,31,Delivery/Takeaway,,2026-01-12 09:50:00,2026-01-12 10:22:00,Tea,Masala Chai Latte - Regular,MENU0051,Beverage,Menu Item,195.0,1.0,195.0,9.28,Bill Discount,Synthetic promotion,185.72,9.29,0,0,0,0,195.01,,,,,
Delhi,ABNAH Cafe Connaught Place,,BILL-OUT001-260112-0032,32,Delivery/Takeaway,,2026-01-12 13:26:00,2026-01-12 14:01:00,Tea,Masala Chai Latte - Large,MENU0053,Beverage,Menu Item,245.0,1.0,245.0,3.91,Bill Discount,Synthetic promotion,241.09,12.05,0,0,0,0,253.14,,,,,
Delhi,ABNAH Cafe Connaught Place,,BILL-OUT001-260112-0033,33,Delivery/Takeaway,,2026-01-12 18:32:00,2026-01-12 19:10:00,Tea,Japanese Matcha Latte - Regular,MENU0055,Beverage,Menu Item,269.47,1.0,269.47,0.0,,,269.47,13.47,0,0,0,0,282.94,,,,,
Delhi,ABNAH Cafe Connaught Place,,BILL-OUT001-260112-0034,34,Delivery/Takeaway,,2026-01-12 08:15:00,2026-01-12 08:50:00,Tea,Japanese Matcha Latte - Medium,MENU0056,Beverage,Menu Item,295.0,1.0,295.0,3.65,Bill Discount,Synthetic promotion,291.35,14.57,0,0,0,0,305.92,,,,,
Delhi,ABNAH Cafe Connaught Place,,BILL-OUT001-260112-0035,35,Dine In,T01,2026-01-12 09:52:00,2026-01-12 10:01:00,Tea,Japanese Matcha Latte - Large,MENU0057,Beverage,Menu Item,325.0,1.0,325.0,9.35,Bill Discount,Synthetic promotion,315.65,15.78,0,0,0,0,331.43,,,,,
Delhi,ABNAH Cafe Connaught Place,,BILL-OUT001-260112-0036,36,Dine In,T13,2026-01-12 09:29:00,2026-01-12 09:52:00,Iced Tea,Lemon Iced Tea - Regular,MENU0058,Beverage,Menu Item,205.0,1.0,205.0,5.78,Bill Discount,Synthetic promotion,199.22,9.96,0,0,0,0,209.18,,,,,
Delhi,ABNAH Cafe Connaught Place,,BILL-OUT001-260112-0037,37,Delivery/Takeaway,,2026-01-12 19:38:00,2026-01-12 20:20:00,Iced Tea,Hibiscus Lime Iced Tea - Regular,MENU0061,Beverage,Menu Item,225.0,2.0,450.0,18.71,Bill Discount,Synthetic promotion,431.29,21.56,0,0,0,0,452.85,,,,,
Delhi,ABNAH Cafe Connaught Place,,BILL-OUT001-260112-0038,38,Dine In,T18,2026-01-12 11:35:00,2026-01-12 12:07:00,Iced Tea,Hibiscus Lime Iced Tea - Medium,MENU0062,Beverage,Menu Item,251.91,1.0,251.91,0.0,,,251.91,12.6,0,0,0,0,264.51,,,,,
Delhi,ABNAH Cafe Connaught Place,,BILL-OUT001-260112-0039,39,Dine In,T03,2026-01-12 11:49:00,2026-01-12 12:32:00,Kids Beverage,Babyccino - Regular,MENU0067,Beverage,Menu Item,165.0,1.0,165.0,7.9,Bill Discount,Synthetic promotion,157.1,7.86,0,0,0,0,164.96,,,,,
Delhi,ABNAH Cafe Connaught Place,,BILL-OUT001-260112-0040,40,Delivery/Takeaway,,2026-01-12 16:15:00,2026-01-12 16:45:00,Shake,Choco Chip Shake - Regular,MENU0068,Beverage,Menu Item,295.0,2.0,590.0,5.54,Bill Discount,Synthetic promotion,584.46,29.22,0,0,0,0,613.68,,,,,
Delhi,ABNAH Cafe Connaught Place,,BILL-OUT001-260112-0041,41,Dine In,T23,2026-01-12 18:30:00,2026-01-12 19:04:00,Shake,Mixed Berry Shake - Regular,MENU0071,Beverage,Menu Item,315.0,1.0,315.0,16.12,Bill Discount,Synthetic promotion,298.88,14.94,0,0,0,0,313.82,,,,,
Delhi,ABNAH Cafe Connaught Place,,BILL-OUT001-260112-0042,42,Delivery/Takeaway,,2026-01-12 15:53:00,2026-01-12 16:26:00,Shake,Mixed Berry Shake - Medium,MENU0072,Beverage,Menu Item,350.0,1.0,350.0,7.16,Bill Discount,Synthetic promotion,342.84,17.14,0,0,0,0,359.98,,,,,
Delhi,ABNAH Cafe Connaught Place,,BILL-OUT001-260112-0043,43,Delivery/Takeaway,,2026-01-12 11:17:00,2026-01-12 11:35:00,Smoothie,Seasonal Smoothie - Regular,MENU0074,Beverage,Menu Item,305.29,1.0,305.29,0.0,,,305.29,15.26,0,0,0,0,320.55,,,,,
Delhi,ABNAH Cafe Connaught Place,,BILL-OUT001-260112-0044,44,Delivery/Takeaway,,2026-01-12 11:25:00,2026-01-12 11:53:00,Wraps,Spicy Paneer Wrap,MENU0077,Food,Menu Item,275.0,2.0,550.0,2.67,Bill Discount,Synthetic promotion,547.33,27.37,0,0,0,0,574.7,,,,,
Delhi,ABNAH Cafe Connaught Place,,BILL-OUT001-260112-0045,45,Delivery/Takeaway,,2026-01-12 12:59:00,2026-01-12 13:39:00,Sandwiches,Smoked Chipotle Paneer Sandwich,MENU0079,Food,Menu Item,295.0,1.0,295.0,15.17,Bill Discount,Synthetic promotion,279.83,13.99,0,0,0,0,293.82,,,,,
Delhi,ABNAH Cafe Connaught Place,,BILL-OUT001-260112-0046,46,Dine In,T06,2026-01-12 13:30:00,2026-01-12 13:55:00,Sandwiches,Tandoori Chicken Sandwich,MENU0082,Food,Menu Item,321.67,1.0,321.67,0.0,,,321.67,16.08,0,0,0,0,337.75,,,,,
Delhi,ABNAH Cafe Connaught Place,,BILL-OUT001-260112-0047,47,Delivery/Takeaway,,2026-01-12 15:08:00,2026-01-12 15:26:00,Platter,Hummus and Pita Platter,MENU0085,Food,Menu Item,310.0,1.0,310.0,0.86,Bill Discount,Synthetic promotion,309.14,15.46,0,0,0,0,324.6,,,,,
Delhi,ABNAH Cafe Connaught Place,,BILL-OUT001-260112-0048,48,Delivery/Takeaway,,2026-01-12 19:01:00,2026-01-12 19:39:00,Breakfast,Breakfast Pancakes,MENU0086,Food,Menu Item,285.0,1.0,285.0,0.38,Bill Discount,Synthetic promotion,284.62,14.23,0,0,0,0,298.85,,,,,
Delhi,ABNAH Cafe Connaught Place,,BILL-OUT001-260112-0049,49,Delivery/Takeaway,,2026-01-12 15:31:00,2026-01-12 15:44:00,Breakfast,Scallion Pepper Cream Cheese Bagel,MENU0088,Food,Menu Item,265.0,1.0,265.0,14.41,Bill Discount,Synthetic promotion,250.59,12.53,0,0,0,0,263.12,,,,,
Delhi,ABNAH Cafe Connaught Place,,BILL-OUT001-260112-0050,50,Dine In,T14,2026-01-12 13:07:00,2026-01-12 13:28:00,Snacks,Marinara Cheese Pin Wheels,MENU0090,Food,Menu Item,215.0,1.0,215.0,0.58,Bill Discount,Synthetic promotion,214.42,10.72,0,0,0,0,225.14,,,,,
Delhi,ABNAH Cafe Connaught Place,,BILL-OUT001-260112-0051,51,Delivery/Takeaway,,2026-01-12 09:13:00,2026-01-12 09:57:00,Snacks,Turnover with Brioche Dough Veg,MENU0093,Food,Menu Item,235.0,2.0,470.0,8.35,Bill Discount,Synthetic promotion,461.65,23.08,0,0,0,0,484.73,,,,,
Delhi,ABNAH Cafe Connaught Place,,BILL-OUT001-260112-0052,52,Delivery/Takeaway,,2026-01-12 12:18:00,2026-01-12 13:01:00,Baked Goods,Almond Croissant,MENU0095,Food,Menu Item,245.19,2.0,490.38,0.0,,,490.38,24.52,0,0,0,0,514.9,,,,,
Delhi,ABNAH Cafe Connaught Place,,BILL-OUT001-260112-0053,53,Delivery/Takeaway,,2026-01-12 19:35:00,2026-01-12 20:06:00,Baked Goods,Mushroom Cheese Croissant,MENU0097,Food,Menu Item,255.0,2.0,510.0,9.38,Bill Discount,Synthetic promotion,500.62,25.03,0,0,0,0,525.65,,,,,
Delhi,ABNAH Cafe Connaught Place,,BILL-OUT001-260112-0054,54,Dine In,T14,2026-01-12 19:04:00,2026-01-12 19:50:00,Baked Goods,Cinnamon Roll with Cream Cheese,MENU0099,Dessert,Menu Item,220.0,1.0,220.0,9.16,Bill Discount,Synthetic promotion,210.84,10.54,0,0,0,0,221.38,,,,,
Delhi,ABNAH Cafe Connaught Place,,BILL-OUT001-260112-0055,55,Delivery/Takeaway,,2026-01-12 16:01:00,2026-01-12 16:31:00,Desserts,Apple Pie,MENU0108,Dessert,Menu Item,270.0,1.0,270.0,6.37,Bill Discount,Synthetic promotion,263.63,13.18,0,0,0,0,276.81,,,,,
Delhi,ABNAH Cafe Connaught Place,,BILL-OUT001-260112-0056,56,Dine In,T15,2026-01-12 19:07:00,2026-01-12 19:36:00,Desserts,Basque Cheesecake,MENU0109,Dessert,Menu Item,310.0,1.0,310.0,16.14,Bill Discount,Synthetic promotion,293.86,14.69,0,0,0,0,308.55,,,,,
Delhi,ABNAH Cafe Connaught Place,,BILL-OUT001-260113-0001,1,Delivery/Takeaway,,2026-01-13 09:54:00,2026-01-13 10:03:00,Coffee Classics,Americano - Regular,MENU0003,Beverage,Menu Item,185.0,2.0,370.0,11.6,Bill Discount,Synthetic promotion,358.4,17.92,0,0,0,0,376.32,,,,,
Delhi,ABNAH Cafe Connaught Place,,BILL-OUT001-260113-0002,2,Dine In,T13,2026-01-13 11:47:00,2026-01-13 12:11:00,Coffee Classics,Americano - Medium,MENU0004,Beverage,Menu Item,210.0,4.0,840.0,38.48,Bill Discount,Synthetic promotion,801.52,40.08,0,0,0,0,841.6,,,,,
Delhi,ABNAH Cafe Connaught Place,,BILL-OUT001-260113-0003,3,Delivery/Takeaway,,2026-01-13 11:30:00,2026-01-13 11:55:00,Coffee Classics,Americano - Large,MENU0005,Beverage,Menu Item,235.0,3.0,705.0,23.46,Bill Discount,Synthetic promotion,681.54,34.08,0,0,0,0,715.62,,,,,
Delhi,ABNAH Cafe Connaught Place,,BILL-OUT001-260113-0004,4,Delivery/Takeaway,,2026-01-13 11:51:00,2026-01-13 12:27:00,Coffee Classics,Latte - Regular,MENU0006,Beverage,Menu Item,226.9,1.0,226.9,0.0,,,226.9,11.35,0,0,0,0,238.25,,,,,
Delhi,ABNAH Cafe Connaught Place,,BILL-OUT001-260113-0005,5,Dine In,T24,2026-01-13 09:47:00,2026-01-13 10:09:00,Coffee Classics,Latte - Medium,MENU0007,Beverage,Menu Item,250.0,3.0,750.0,0.67,Bill Discount,Synthetic promotion,749.33,37.47,0,0,0,0,786.8,,,,,
Delhi,ABNAH Cafe Connaught Place,,BILL-OUT001-260113-0006,6,Delivery/Takeaway,,2026-01-13 10:18:00,2026-01-13 10:35:00,Coffee Classics,Latte - Large,MENU0008,Beverage,Menu Item,275.0,5.0,1375.0,0.01,Bill Discount,Synthetic promotion,1374.99,68.75,0,0,0,0,1443.74,,,,,
Delhi,ABNAH Cafe Connaught Place,,BILL-OUT001-260113-0007,7,Delivery/Takeaway,,2026-01-13 10:59:00,2026-01-13 11:24:00,Coffee Classics,Cappuccino - Regular,MENU0009,Beverage,Menu Item,229.05,4.0,916.2,0.0,,,916.21,45.81,0,0,0,0,962.02,,,,,
Delhi,ABNAH Cafe Connaught Place,,BILL-OUT001-260113-0008,8,Delivery/Takeaway,,2026-01-13 12:12:00,2026-01-13 12:56:00,Coffee Classics,Cappuccino - Medium,MENU0010,Beverage,Menu Item,250.0,4.0,1000.0,1.91,Bill Discount,Synthetic promotion,998.09,49.9,0,0,0,0,1047.99,,,,,
Delhi,ABNAH Cafe Connaught Place,,BILL-OUT001-260113-0009,9,Delivery/Takeaway,,2026-01-13 09:34:00,2026-01-13 10:20:00,Coffee Classics,Flat White - Regular,MENU0012,Beverage,Menu Item,238.78,3.0,716.34,0.01,Bill Discount,Synthetic promotion,716.33,35.82,0,0,0,0,752.15,,,,,
Delhi,ABNAH Cafe Connaught Place,,BILL-OUT001-260113-0010,10,Delivery/Takeaway,,2026-01-13 11:35:00,2026-01-13 11:50:00,Coffee Classics,Flat White - Medium,MENU0013,Beverage,Menu Item,260.0,1.0,260.0,14.69,Bill Discount,Synthetic promotion,245.31,12.27,0,0,0,0,257.58,,,,,
Delhi,ABNAH Cafe Connaught Place,,BILL-OUT001-260113-0011,11,Delivery/Takeaway,,2026-01-13 16:48:00,2026-01-13 17:37:00,Coffee Classics,Mocha - Regular,MENU0015,Beverage,Menu Item,245.57,3.0,736.71,0.0,,,736.71,36.84,0,0,0,0,773.55,,,,,
Delhi,ABNAH Cafe Connaught Place,,BILL-OUT001-260113-0012,12,Dine In,T11,2026-01-13 12:59:00,2026-01-13 13:26:00,Coffee Classics,Mocha - Medium,MENU0016,Beverage,Menu Item,270.0,2.0,540.0,18.86,Bill Discount,Synthetic promotion,521.14,26.06,0,0,0,0,547.2,,,,,
Delhi,ABNAH Cafe Connaught Place,,BILL-OUT001-260113-0013,13,Delivery/Takeaway,,2026-01-13 16:59:00,2026-01-13 17:43:00,Coffee Classics,Mocha - Large,MENU0017,Beverage,Menu Item,295.0,1.0,295.0,14.87,Bill Discount,Synthetic promotion,280.13,14.01,0,0,0,0,294.14,,,,,
Delhi,ABNAH Cafe Connaught Place,,BILL-OUT001-260113-0014,14,Dine In,T11,2026-01-13 08:22:00,2026-01-13 08:36:00,Signature Coffee,Sea Salt Mocha - Regular,MENU0018,Beverage,Menu Item,275.0,3.0,825.0,4.64,Bill Discount,Synthetic promotion,820.36,41.02,0,0,0,0,861.38,,,,,
Delhi,ABNAH Cafe Connaught Place,,BILL-OUT001-260113-0015,15,Dine In,T16,2026-01-13 10:24:00,2026-01-13 11:00:00,Signature Coffee,Orange Zest Mocha - Medium,MENU0022,Beverage,Menu Item,300.0,1.0,300.0,6.15,Bill Discount,Synthetic promotion,293.85,14.69,0,0,0,0,308.54,,,,,
Delhi,ABNAH Cafe Connaught Place,,BILL-OUT001-260113-0016,16,Delivery/Takeaway,,2026-01-13 13:20:00,2026-01-13 13:54:00,Signature Coffee,Orange Zest Mocha - Large,MENU0023,Beverage,Menu Item,330.0,2.0,660.0,3.86,Bill Discount,Synthetic promotion,656.14,32.81,0,0,0,0,688.95,,,,,
Delhi,ABNAH Cafe Connaught Place,,BILL-OUT001-260113-0017,17,Dine In,T23,2026-01-13 18:41:00,2026-01-13 18:56:00,Signature Coffee,Caramel Macchiato - Regular,MENU0024,Beverage,Menu Item,265.0,1.0,265.0,7.35,Bill Discount,Synthetic promotion,257.65,12.88,0,0,0,0,270.53,,,,,
Delhi,ABNAH Cafe Connaught Place,,BILL-OUT001-260113-0018,18,Dine In,T24,2026-01-13 17:02:00,2026-01-13 17:22:00,Signature Coffee,Caramel Macchiato - Medium,MENU0025,Beverage,Menu Item,298.52,1.0,298.52,0.0,,,298.52,14.93,0,0,0,0,313.45,,,,,
Delhi,ABNAH Cafe Connaught Place,,BILL-OUT001-260113-0019,19,Dine In,T05,2026-01-13 12:34:00,2026-01-13 12:49:00,Signature Coffee,French Vanilla Latte - Regular,MENU0027,Beverage,Menu Item,265.0,1.0,265.0,6.41,Bill Discount,Synthetic promotion,258.59,12.93,0,0,0,0,271.52,,,,,
Delhi,ABNAH Cafe Connaught Place,,BILL-OUT001-260113-0020,20,Delivery/Takeaway,,2026-01-13 17:02:00,2026-01-13 17:39:00,Signature Coffee,French Vanilla Latte - Medium,MENU0028,Beverage,Menu Item,296.79,1.0,296.79,0.0,,,296.79,14.84,0,0,0,0,311.63,,,,,
Delhi,ABNAH Cafe Connaught Place,,BILL-OUT001-260113-0021,21,Delivery/Takeaway,,2026-01-13 15:10:00,2026-01-13 15:19:00,Signature Coffee,Vegan Iced Latte - Regular,MENU0030,Beverage,Menu Item,285.0,1.0,285.0,4.45,Bill Discount,Synthetic promotion,280.55,14.03,0,0,0,0,294.58,,,,,
Delhi,ABNAH Cafe Connaught Place,,BILL-OUT001-260113-0022,22,Delivery/Takeaway,,2026-01-13 09:09:00,2026-01-13 09:39:00,Cold Brew,Coffee Lemonade - Regular,MENU0036,Beverage,Menu Item,235.0,2.0,470.0,1.48,Bill Discount,Synthetic promotion,468.52,23.43,0,0,0,0,491.95,,,,,
Delhi,ABNAH Cafe Connaught Place,,BILL-OUT001-260113-0023,23,Dine In,T04,2026-01-13 11:11:00,2026-01-13 11:28:00,Cold Brew,Coffee Lemonade - Medium,MENU0037,Beverage,Menu Item,260.0,1.0,260.0,2.86,Bill Discount,Synthetic promotion,257.14,12.86,0,0,0,0,270.0,,,,,
Delhi,ABNAH Cafe Connaught Place,,BILL-OUT001-260113-0024,24,Dine In,T05,2026-01-13 19:46:00,2026-01-13 20:35:00,Cold Brew,Coffee Lemonade - Large,MENU0038,Beverage,Menu Item,285.0,1.0,285.0,4.8,Bill Discount,Synthetic promotion,280.2,14.01,0,0,0,0,294.21,,,,,
Delhi,ABNAH Cafe Connaught Place,,BILL-OUT001-260113-0025,25,Dine In,T18,2026-01-13 11:57:00,2026-01-13 12:26:00,Cold Brew,Vietnamese Shakerato - Regular,MENU0039,Beverage,Menu Item,255.0,1.0,255.0,7.83,Bill Discount,Synthetic promotion,247.17,12.36,0,0,0,0,259.53,,,,,
Delhi,ABNAH Cafe Connaught Place,,BILL-OUT001-260113-0026,26,Delivery/Takeaway,,2026-01-13 18:26:00,2026-01-13 18:45:00,Cold Brew,Vietnamese Shakerato - Medium,MENU0040,Beverage,Menu Item,284.67,1.0,284.67,0.0,,,284.67,14.23,0,0,0,0,298.9,,,,,
Delhi,ABNAH Cafe Connaught Place,,BILL-OUT001-260113-0027,27,Delivery/Takeaway,,2026-01-13 19:43:00,2026-01-13 20:07:00,Cold Coffee,Classic Cold Coffee - Regular,MENU0042,Beverage,Menu Item,255.0,1.0,255.0,13.23,Bill Discount,Synthetic promotion,241.77,12.09,0,0,0,0,253.86,,,,,
Delhi,ABNAH Cafe Connaught Place,,BILL-OUT001-260113-0028,28,Delivery/Takeaway,,2026-01-13 17:58:00,2026-01-13 18:27:00,Cold Coffee,Classic Cold Coffee - Large,MENU0044,Beverage,Menu Item,325.0,1.0,325.0,12.62,Bill Discount,Synthetic promotion,312.38,15.62,0,0,0,0,328.0,,,,,
Delhi,ABNAH Cafe Connaught Place,,BILL-OUT001-260113-0029,29,Delivery/Takeaway,,2026-01-13 10:53:00,2026-01-13 11:19:00,Cold Coffee,Caramel Cold Coffee - Regular,MENU0048,Beverage,Menu Item,287.63,1.0,287.63,0.0,,,287.63,14.38,0,0,0,0,302.01,,,,,
Delhi,ABNAH Cafe Connaught Place,,BILL-OUT001-260113-0030,30,Delivery/Takeaway,,2026-01-13 10:37:00,2026-01-13 10:48:00,Cold Coffee,Caramel Cold Coffee - Medium,MENU0049,Beverage,Menu Item,320.0,2.0,640.0,13.81,Bill Discount,Synthetic promotion,626.19,31.31,0,0,0,0,657.5,,,,,
Delhi,ABNAH Cafe Connaught Place,,BILL-OUT001-260113-0031,31,Dine In,T13,2026-01-13 16:40:00,2026-01-13 17:04:00,Cold Coffee,Caramel Cold Coffee - Large,MENU0050,Beverage,Menu Item,355.0,1.0,355.0,14.8,Bill Discount,Synthetic promotion,340.2,17.01,0,0,0,0,357.21,,,,,
Delhi,ABNAH Cafe Connaught Place,,BILL-OUT001-260113-0032,32,Delivery/Takeaway,,2026-01-13 19:29:00,2026-01-13 20:09:00,Tea,Masala Chai Latte - Regular,MENU0051,Beverage,Menu Item,195.0,1.0,195.0,6.86,Bill Discount,Synthetic promotion,188.14,9.41,0,0,0,0,197.55,,,,,
Delhi,ABNAH Cafe Connaught Place,,BILL-OUT001-260113-0033,33,Delivery/Takeaway,,2026-01-13 13:04:00,2026-01-13 13:27:00,Tea,Masala Chai Latte - Medium,MENU0052,Beverage,Menu Item,220.0,2.0,440.0,2.26,Bill Discount,Synthetic promotion,437.74,21.89,0,0,0,0,459.63,,,,,
Delhi,ABNAH Cafe Connaught Place,,BILL-OUT001-260113-0034,34,Delivery/Takeaway,,2026-01-13 10:37:00,2026-01-13 11:11:00,Tea,Masala Chai Latte - Large,MENU0053,Beverage,Menu Item,245.0,2.0,490.0,15.59,Bill Discount,Synthetic promotion,474.41,23.72,0,0,0,0,498.13,,,,,
Delhi,ABNAH Cafe Connaught Place,,BILL-OUT001-260113-0035,35,Delivery/Takeaway,,2026-01-13 17:33:00,2026-01-13 17:47:00,Tea,Japanese Matcha Latte - Regular,MENU0055,Beverage,Menu Item,265.0,2.0,530.0,1.28,Bill Discount,Synthetic promotion,528.72,26.44,0,0,0,0,555.16,,,,,
Delhi,ABNAH Cafe Connaught Place,,BILL-OUT001-260113-0036,36,Dine In,T15,2026-01-13 15:10:00,2026-01-13 15:20:00,Iced Tea,Lemon Iced Tea - Regular,MENU0058,Beverage,Menu Item,208.02,1.0,208.02,0.0,,,208.02,10.4,0,0,0,0,218.42,,,,,
Delhi,ABNAH Cafe Connaught Place,,BILL-OUT001-260113-0037,37,Dine In,T01,2026-01-13 17:44:00,2026-01-13 18:29:00,Iced Tea,Lemon Iced Tea - Large,MENU0060,Beverage,Menu Item,255.0,2.0,510.0,3.28,Bill Discount,Synthetic promotion,506.72,25.34,0,0,0,0,532.06,,,,,
Delhi,ABNAH Cafe Connaught Place,,BILL-OUT001-260113-0038,38,Delivery/Takeaway,,2026-01-13 12:42:00,2026-01-13 12:53:00,Iced Tea,Hibiscus Lime Iced Tea - Medium,MENU0062,Beverage,Menu Item,250.26,1.0,250.26,0.0,,,250.26,12.51,0,0,0,0,262.77,,,,,
Delhi,ABNAH Cafe Connaught Place,,BILL-OUT001-260113-0039,39,Dine In,T09,2026-01-13 18:46:00,2026-01-13 19:20:00,Shake,Choco Chip Shake - Regular,MENU0068,Beverage,Menu Item,295.0,1.0,295.0,6.21,Bill Discount,Synthetic promotion,288.79,14.44,0,0,0,0,303.23,,,,,
Delhi,ABNAH Cafe Connaught Place,,BILL-OUT001-260113-0040,40,Delivery/Takeaway,,2026-01-13 16:10:00,2026-01-13 16:23:00,Shake,Mixed Berry Shake - Regular,MENU0071,Beverage,Menu Item,315.0,1.0,315.0,17.54,Bill Discount,Synthetic promotion,297.46,14.87,0,0,0,0,312.33,,,,,
Delhi,ABNAH Cafe Connaught Place,,BILL-OUT001-260113-0041,41,Delivery/Takeaway,,2026-01-13 16:24:00,2026-01-13 17:13:00,Shake,Mixed Berry Shake - Medium,MENU0072,Beverage,Menu Item,350.0,1.0,350.0,10.11,Bill Discount,Synthetic promotion,339.89,16.99,0,0,0,0,356.88,,,,,
Delhi,ABNAH Cafe Connaught Place,,BILL-OUT001-260113-0042,42,Delivery/Takeaway,,2026-01-13 17:57:00,2026-01-13 18:21:00,Shake,Mixed Berry Shake - Large,MENU0073,Beverage,Menu Item,385.0,1.0,385.0,4.42,Bill Discount,Synthetic promotion,380.58,19.03,0,0,0,0,399.61,,,,,
Delhi,ABNAH Cafe Connaught Place,,BILL-OUT001-260113-0043,43,Delivery/Takeaway,,2026-01-13 16:07:00,2026-01-13 16:36:00,Smoothie,Seasonal Smoothie - Regular,MENU0074,Beverage,Menu Item,310.46,1.0,310.46,0.0,,,310.46,15.52,0,0,0,0,325.98,,,,,
Delhi,ABNAH Cafe Connaught Place,,BILL-OUT001-260113-0044,44,Dine In,T03,2026-01-13 10:10:00,2026-01-13 10:46:00,Sandwiches,Smoked Chipotle Paneer Sandwich,MENU0079,Food,Menu Item,295.68,1.0,295.68,0.0,,,295.68,14.78,0,0,0,0,310.46,,,,,
Delhi,ABNAH Cafe Connaught Place,,BILL-OUT001-260113-0045,45,Dine In,T16,2026-01-13 08:15:00,2026-01-13 08:34:00,Sandwiches,Pepper Chicken Sandwich,MENU0081,Food,Menu Item,320.15,1.0,320.15,0.0,,,320.15,16.01,0,0,0,0,336.16,,,,,
Delhi,ABNAH Cafe Connaught Place,,BILL-OUT001-260113-0046,46,Dine In,T04,2026-01-13 09:13:00,2026-01-13 09:56:00,Sandwiches,Tandoori Chicken Sandwich,MENU0082,Food,Menu Item,325.6,2.0,651.2,0.0,,,651.2,32.56,0,0,0,0,683.76,,,,,
Delhi,ABNAH Cafe Connaught Place,,BILL-OUT001-260113-0047,47,Delivery/Takeaway,,2026-01-13 10:03:00,2026-01-13 10:14:00,Toasts,Chilli Cheese Garlic Toast,MENU0083,Food,Menu Item,235.0,1.0,235.0,0.13,Bill Discount,Synthetic promotion,234.87,11.74,0,0,0,0,246.61,,,,,
Delhi,ABNAH Cafe Connaught Place,,BILL-OUT001-260113-0048,48,Delivery/Takeaway,,2026-01-13 19:10:00,2026-01-13 19:52:00,Toasts,Chicken Pepperoni Avocado Toast,MENU0084,Food,Menu Item,335.08,1.0,335.08,0.0,,,335.08,16.75,0,0,0,0,351.83,,,,,
Delhi,ABNAH Cafe Connaught Place,,BILL-OUT001-260113-0049,49,Dine In,T01,2026-01-13 16:25:00,2026-01-13 16:40:00,Snacks,Pesto Sundried Tomato Pin Wheel,MENU0091,Food,Menu Item,225.0,1.0,225.0,9.56,Bill Discount,Synthetic promotion,215.44,10.77,0,0,0,0,226.21,,,,,
Delhi,ABNAH Cafe Connaught Place,,BILL-OUT001-260113-0050,50,Dine In,T09,2026-01-13 16:28:00,2026-01-13 16:37:00,Snacks,Turnover with Brioche Dough Veg,MENU0093,Food,Menu Item,236.47,1.0,236.47,0.0,,,236.47,11.82,0,0,0,0,248.29,,,,,
Delhi,ABNAH Cafe Connaught Place,,BILL-OUT001-260113-0051,51,Delivery/Takeaway,,2026-01-13 08:34:00,2026-01-13 09:20:00,Baked Goods,Butter Croissant,MENU0094,Food,Menu Item,195.0,1.0,195.0,4.57,Bill Discount,Synthetic promotion,190.43,9.52,0,0,0,0,199.95,,,,,
Delhi,ABNAH Cafe Connaught Place,,BILL-OUT001-260113-0052,52,Delivery/Takeaway,,2026-01-13 11:04:00,2026-01-13 11:18:00,Baked Goods,Banana Walnut Tea Cake,MENU0100,Dessert,Menu Item,206.36,1.0,206.36,0.0,,,206.36,10.32,0,0,0,0,216.68,,,,,
Delhi,ABNAH Cafe Connaught Place,,BILL-OUT001-260113-0053,53,Dine In,T01,2026-01-13 09:01:00,2026-01-13 09:43:00,Baked Goods,Lemon Raspberry Tea Cake,MENU0101,Dessert,Menu Item,215.0,1.0,215.0,1.49,Bill Discount,Synthetic promotion,213.51,10.68,0,0,0,0,224.19,,,,,
Delhi,ABNAH Cafe Connaught Place,,BILL-OUT001-260113-0054,54,Delivery/Takeaway,,2026-01-13 14:05:00,2026-01-13 14:51:00,Desserts,Soft-Centred Caramel Cookie,MENU0105,Dessert,Menu Item,180.0,4.0,720.0,5.44,Bill Discount,Synthetic promotion,714.56,35.73,0,0,0,0,750.29,,,,,
Delhi,ABNAH Cafe Connaught Place,,BILL-OUT001-260113-0055,55,Delivery/Takeaway,,2026-01-13 15:46:00,2026-01-13 16:15:00,Baked Goods,Multigrain Walnut Tea Cake,MENU0110,Dessert,Menu Item,225.0,2.0,450.0,13.7,Bill Discount,Synthetic promotion,436.3,21.82,0,0,0,0,458.12,,,,,
Delhi,ABNAH Cafe Connaught Place,,BILL-OUT001-260114-0001,1,Delivery/Takeaway,,2026-01-14 17:27:00,2026-01-14 18:02:00,Coffee Classics,Americano - Regular,MENU0003,Beverage,Menu Item,185.0,4.0,740.0,1.11,Bill Discount,Synthetic promotion,738.89,36.94,0,0,0,0,775.83,,,,,
Delhi,ABNAH Cafe Connaught Place,,BILL-OUT001-260114-0002,2,Dine In,T11,2026-01-14 13:04:00,2026-01-14 13:47:00,Coffee Classics,Americano - Medium,MENU0004,Beverage,Menu Item,212.53,2.0,425.06,0.0,,,425.06,21.25,0,0,0,0,446.31,,,,,
Delhi,ABNAH Cafe Connaught Place,,BILL-OUT001-260114-0003,3,Dine In,T18,2026-01-14 16:55:00,2026-01-14 17:12:00,Coffee Classics,Americano - Large,MENU0005,Beverage,Menu Item,239.03,2.0,478.06,0.01,Bill Discount,Synthetic promotion,478.05,23.9,0,0,0,0,501.95,,,,,
Delhi,ABNAH Cafe Connaught Place,,BILL-OUT001-260114-0004,4,Dine In,T09,2026-01-14 17:52:00,2026-01-14 18:09:00,Coffee Classics,Latte - Medium,MENU0007,Beverage,Menu Item,250.0,2.0,500.0,3.64,Bill Discount,Synthetic promotion,496.36,24.82,0,0,0,0,521.18,,,,,
Delhi,ABNAH Cafe Connaught Place,,BILL-OUT001-260114-0005,5,Delivery/Takeaway,,2026-01-14 10:03:00,2026-01-14 10:33:00,Coffee Classics,Latte - Large,MENU0008,Beverage,Menu Item,278.19,2.0,556.38,0.01,Bill Discount,Synthetic promotion,556.37,27.82,0,0,0,0,584.19,,,,,
Delhi,ABNAH Cafe Connaught Place,,BILL-OUT001-260114-0006,6,Delivery/Takeaway,,2026-01-14 15:54:00,2026-01-14 16:39:00,Coffee Classics,Cappuccino - Regular,MENU0009,Beverage,Menu Item,225.0,2.0,450.0,5.57,Bill Discount,Synthetic promotion,444.43,22.22,0,0,0,0,466.65,,,,,
Delhi,ABNAH Cafe Connaught Place,,BILL-OUT001-260114-0007,7,Delivery/Takeaway,,2026-01-14 13:30:00,2026-01-14 13:43:00,Coffee Classics,Cappuccino - Medium,MENU0010,Beverage,Menu Item,250.0,3.0,750.0,7.73,Bill Discount,Synthetic promotion,742.27,37.11,0,0,0,0,779.38,,,,,
Delhi,ABNAH Cafe Connaught Place,,BILL-OUT001-260114-0008,8,Delivery/Takeaway,,2026-01-14 10:57:00,2026-01-14 11:22:00,Coffee Classics,Cappuccino - Large,MENU0011,Beverage,Menu Item,275.0,3.0,825.0,2.31,Bill Discount,Synthetic promotion,822.69,41.13,0,0,0,0,863.82,,,,,
Delhi,ABNAH Cafe Connaught Place,,BILL-OUT001-260114-0009,9,Delivery/Takeaway,,2026-01-14 19:13:00,2026-01-14 19:57:00,Coffee Classics,Flat White - Regular,MENU0012,Beverage,Menu Item,235.0,1.0,235.0,11.15,Bill Discount,Synthetic promotion,223.85,11.19,0,0,0,0,235.04,,,,,
Delhi,ABNAH Cafe Connaught Place,,BILL-OUT001-260114-0010,10,Delivery/Takeaway,,2026-01-14 14:53:00,2026-01-14 15:03:00,Coffee Classics,Flat White - Medium,MENU0013,Beverage,Menu Item,260.0,1.0,260.0,3.75,Bill Discount,Synthetic promotion,256.25,12.81,0,0,0,0,269.06,,,,,
Delhi,ABNAH Cafe Connaught Place,,BILL-OUT001-260114-0011,11,Dine In,T01,2026-01-14 13:29:00,2026-01-14 13:37:00,Coffee Classics,Mocha - Regular,MENU0015,Beverage,Menu Item,247.56,2.0,495.12,0.0,,,495.13,24.76,0,0,0,0,519.89,,,,,
Delhi,ABNAH Cafe Connaught Place,,BILL-OUT001-260114-0012,12,Dine In,T07,2026-01-14 16:58:00,2026-01-14 17:15:00,Coffee Classics,Mocha - Medium,MENU0016,Beverage,Menu Item,270.0,3.0,810.0,3.79,Bill Discount,Synthetic promotion,806.21,40.31,0,0,0,0,846.52,,,,,
Delhi,ABNAH Cafe Connaught Place,,BILL-OUT001-260114-0013,13,Dine In,T09,2026-01-14 08:47:00,2026-01-14 09:17:00,Coffee Classics,Mocha - Large,MENU0017,Beverage,Menu Item,295.0,1.0,295.0,5.09,Bill Discount,Synthetic promotion,289.91,14.5,0,0,0,0,304.41,,,,,
Delhi,ABNAH Cafe Connaught Place,,BILL-OUT001-260114-0014,14,Delivery/Takeaway,,2026-01-14 15:43:00,2026-01-14 16:08:00,Signature Coffee,Sea Salt Mocha - Regular,MENU0018,Beverage,Menu Item,278.03,5.0,1390.15,0.0,,,1390.15,69.51,0,0,0,0,1459.66,,,,,
Delhi,ABNAH Cafe Connaught Place,,BILL-OUT001-260114-0015,15,Delivery/Takeaway,,2026-01-14 19:50:00,2026-01-14 20:00:00,Signature Coffee,Orange Zest Mocha - Medium,MENU0022,Beverage,Menu Item,300.0,1.0,300.0,16.08,Bill Discount,Synthetic promotion,283.92,14.2,0,0,0,0,298.12,,,,,
Delhi,ABNAH Cafe Connaught Place,,BILL-OUT001-260114-0016,16,Delivery/Takeaway,,2026-01-14 09:53:00,2026-01-14 10:10:00,Signature Coffee,Caramel Macchiato - Regular,MENU0024,Beverage,Menu Item,265.0,2.0,530.0,9.27,Bill Discount,Synthetic promotion,520.73,26.04,0,0,0,0,546.77,,,,,
Delhi,ABNAH Cafe Connaught Place,,BILL-OUT001-260114-0017,17,Delivery/Takeaway,,2026-01-14 16:12:00,2026-01-14 16:22:00,Signature Coffee,Caramel Macchiato - Medium,MENU0025,Beverage,Menu Item,300.08,2.0,600.16,0.0,,,600.16,30.01,0,0,0,0,630.17,,,,,
Delhi,ABNAH Cafe Connaught Place,,BILL-OUT001-260114-0018,18,Delivery/Takeaway,,2026-01-14 16:54:00,2026-01-14 17:32:00,Signature Coffee,French Vanilla Latte - Medium,MENU0028,Beverage,Menu Item,295.0,1.0,295.0,16.46,Bill Discount,Synthetic promotion,278.54,13.93,0,0,0,0,292.47,,,,,
Delhi,ABNAH Cafe Connaught Place,,BILL-OUT001-260114-0019,19,Delivery/Takeaway,,2026-01-14 13:13:00,2026-01-14 13:35:00,Signature Coffee,Vegan Iced Latte - Regular,MENU0030,Beverage,Menu Item,285.0,1.0,285.0,12.43,Bill Discount,Synthetic promotion,272.57,13.63,0,0,0,0,286.2,,,,,
Delhi,ABNAH Cafe Connaught Place,,BILL-OUT001-260114-0020,20,Delivery/Takeaway,,2026-01-14 12:54:00,2026-01-14 13:41:00,Signature Coffee,Vegan Iced Latte - Medium,MENU0031,Beverage,Menu Item,313.68,1.0,313.68,0.0,,,313.68,15.68,0,0,0,0,329.36,,,,,
Delhi,ABNAH Cafe Connaught Place,,BILL-OUT001-260114-0021,21,Delivery/Takeaway,,2026-01-14 14:28:00,2026-01-14 14:40:00,Signature Coffee,Vegan Iced Latte - Large,MENU0032,Beverage,Menu Item,335.0,2.0,670.0,2.29,Bill Discount,Synthetic promotion,667.71,33.39,0,0,0,0,701.1,,,,,
Delhi,ABNAH Cafe Connaught Place,,BILL-OUT001-260114-0022,22,Delivery/Takeaway,,2026-01-14 18:49:00,2026-01-14 18:59:00,Cold Brew,Classic Cold Brew - Medium,MENU0034,Beverage,Menu Item,250.0,1.0,250.0,12.85,Bill Discount,Synthetic promotion,237.15,11.86,0,0,0,0,249.01,,,,,
Delhi,ABNAH Cafe Connaught Place,,BILL-OUT001-260114-0023,23,Dine In,T17,2026-01-14 10:51:00,2026-01-14 11:29:00,Cold Brew,Coffee Lemonade - Regular,MENU0036,Beverage,Menu Item,235.0,1.0,235.0,12.03,Bill Discount,Synthetic promotion,222.97,11.15,0,0,0,0,234.12,,,,,
Delhi,ABNAH Cafe Connaught Place,,BILL-OUT001-260114-0024,24,Delivery/Takeaway,,2026-01-14 11:11:00,2026-01-14 11:46:00,Cold Brew,Coffee Lemonade - Medium,MENU0037,Beverage,Menu Item,260.0,1.0,260.0,10.83,Bill Discount,Synthetic promotion,249.17,12.46,0,0,0,0,261.63,,,,,
Delhi,ABNAH Cafe Connaught Place,,BILL-OUT001-260114-0025,25,Delivery/Takeaway,,2026-01-14 09:53:00,2026-01-14 10:18:00,Cold Brew,Vietnamese Shakerato - Regular,MENU0039,Beverage,Menu Item,255.0,1.0,255.0,9.28,Bill Discount,Synthetic promotion,245.72,12.29,0,0,0,0,258.01,,,,,
Delhi,ABNAH Cafe Connaught Place,,BILL-OUT001-260114-0026,26,Delivery/Takeaway,,2026-01-14 11:37:00,2026-01-14 11:52:00,Cold Brew,Vietnamese Shakerato - Medium,MENU0040,Beverage,Menu Item,280.0,1.0,280.0,4.41,Bill Discount,Synthetic promotion,275.59,13.78,0,0,0,0,289.37,,,,,
Delhi,ABNAH Cafe Connaught Place,,BILL-OUT001-260114-0027,27,Dine In,T12,2026-01-14 08:48:00,2026-01-14 09:11:00,Cold Coffee,Classic Cold Coffee - Regular,MENU0042,Beverage,Menu Item,255.0,2.0,510.0,5.42,Bill Discount,Synthetic promotion,504.58,25.23,0,0,0,0,529.81,,,,,
Delhi,ABNAH Cafe Connaught Place,,BILL-OUT001-260114-0028,28,Delivery/Takeaway,,2026-01-14 14:47:00,2026-01-14 15:03:00,Cold Coffee,Classic Cold Coffee - Large,MENU0044,Beverage,Menu Item,325.0,2.0,650.0,22.27,Bill Discount,Synthetic promotion,627.73,31.39,0,0,0,0,659.12,,,,,
Delhi,ABNAH Cafe Connaught Place,,BILL-OUT001-260114-0029,29,Delivery/Takeaway,,2026-01-14 17:54:00,2026-01-14 18:08:00,Cold Coffee,Mocha Cold Coffee - Regular,MENU0045,Beverage,Menu Item,285.0,1.0,285.0,0.82,Bill Discount,Synthetic promotion,284.18,14.21,0,0,0,0,298.39,,,,,
Delhi,ABNAH Cafe Connaught Place,,BILL-OUT001-260114-0030,30,Dine In,T05,2026-01-14 15:59:00,2026-01-14 16:09:00,Cold Coffee,Mocha Cold Coffee - Large,MENU0047,Beverage,Menu Item,355.84,2.0,711.68,0.0,,,711.68,35.58,0,0,0,0,747.26,,,,,
Delhi,ABNAH Cafe Connaught Place,,BILL-OUT001-260114-0031,31,Dine In,T13,2026-01-14 10:31:00,2026-01-14 10:48:00,Cold Coffee,Caramel Cold Coffee - Regular,MENU0048,Beverage,Menu Item,289.69,2.0,579.38,0.01,Bill Discount,Synthetic promotion,579.37,28.97,0,0,0,0,608.34,,,,,
Delhi,ABNAH Cafe Connaught Place,,BILL-OUT001-260114-0032,32,Delivery/Takeaway,,2026-01-14 11:14:00,2026-01-14 11:29:00,Tea,Masala Chai Latte - Regular,MENU0051,Beverage,Menu Item,195.0,1.0,195.0,7.29,Bill Discount,Synthetic promotion,187.71,9.39,0,0,0,0,197.1,,,,,
Delhi,ABNAH Cafe Connaught Place,,BILL-OUT001-260114-0033,33,Dine In,T22,2026-01-14 15:21:00,2026-01-14 15:55:00,Tea,Himalayan Green Tea,MENU0054,Beverage,Menu Item,210.0,1.0,210.0,4.91,Bill Discount,Synthetic promotion,205.09,10.25,0,0,0,0,215.34,,,,,
Delhi,ABNAH Cafe Connaught Place,,BILL-OUT001-260114-0034,34,Dine In,T04,2026-01-14 16:37:00,2026-01-14 17:03:00,Tea,Japanese Matcha Latte - Regular,MENU0055,Beverage,Menu Item,265.0,2.0,530.0,7.75,Bill Discount,Synthetic promotion,522.25,26.11,0,0,0,0,548.36,,,,,
Delhi,ABNAH Cafe Connaught Place,,BILL-OUT001-260114-0035,35,Delivery/Takeaway,,2026-01-14 15:01:00,2026-01-14 15:13:00,Iced Tea,Lemon Iced Tea - Regular,MENU0058,Beverage,Menu Item,205.16,1.0,205.16,0.0,,,205.16,10.26,0,0,0,0,215.42,,,,,
Delhi,ABNAH Cafe Connaught Place,,BILL-OUT001-260114-0036,36,Delivery/Takeaway,,2026-01-14 17:28:00,2026-01-14 18:14:00,Iced Tea,Lemon Iced Tea - Medium,MENU0059,Beverage,Menu Item,230.0,1.0,230.0,12.12,Bill Discount,Synthetic promotion,217.88,10.89,0,0,0,0,228.77,,,,,
Delhi,ABNAH Cafe Connaught Place,,BILL-OUT001-260114-0037,37,Delivery/Takeaway,,2026-01-14 19:16:00,2026-01-14 19:48:00,Iced Tea,Lemon Iced Tea - Large,MENU0060,Beverage,Menu Item,255.0,1.0,255.0,3.1,Bill Discount,Synthetic promotion,251.9,12.6,0,0,0,0,264.5,,,,,
Delhi,ABNAH Cafe Connaught Place,,BILL-OUT001-260114-0038,38,Dine In,T07,2026-01-14 11:19:00,2026-01-14 11:44:00,Kids Beverage,Babyccino - Regular,MENU0067,Beverage,Menu Item,165.0,1.0,165.0,7.11,Bill Discount,Synthetic promotion,157.89,7.89,0,0,0,0,165.78,,,,,
Delhi,ABNAH Cafe Connaught Place,,BILL-OUT001-260114-0039,39,Delivery/Takeaway,,2026-01-14 11:08:00,2026-01-14 11:33:00,Shake,Choco Chip Shake - Medium,MENU0069,Beverage,Menu Item,330.0,1.0,330.0,15.77,Bill Discount,Synthetic promotion,314.23,15.71,0,0,0,0,329.94,,,,,
Delhi,ABNAH Cafe Connaught Place,,BILL-OUT001-260114-0040,40,Delivery/Takeaway,,2026-01-14 15:41:00,2026-01-14 16:10:00,Shake,Choco Chip Shake - Large,MENU0070,Beverage,Menu Item,372.28,1.0,372.28,0.0,,,372.28,18.61,0,0,0,0,390.89,,,,,
Delhi,ABNAH Cafe Connaught Place,,BILL-OUT001-260114-0041,41,Dine In,T19,2026-01-14 11:44:00,2026-01-14 12:11:00,Shake,Mixed Berry Shake - Large,MENU0073,Beverage,Menu Item,385.0,2.0,770.0,24.19,Bill Discount,Synthetic promotion,745.81,37.29,0,0,0,0,783.1,,,,,
Delhi,ABNAH Cafe Connaught Place,,BILL-OUT001-260114-0042,42,Delivery/Takeaway,,2026-01-14 11:00:00,2026-01-14 11:20:00,Wraps,Spicy Paneer Wrap,MENU0077,Food,Menu Item,275.64,2.0,551.28,0.0,,,551.28,27.56,0,0,0,0,578.84,,,,,
Delhi,ABNAH Cafe Connaught Place,,BILL-OUT001-260114-0043,43,Delivery/Takeaway,,2026-01-14 13:32:00,2026-01-14 13:56:00,Sandwiches,Smoked Chipotle Paneer Sandwich,MENU0079,Food,Menu Item,295.0,2.0,590.0,9.55,Bill Discount,Synthetic promotion,580.45,29.02,0,0,0,0,609.47,,,,,
Delhi,ABNAH Cafe Connaught Place,,BILL-OUT001-260114-0044,44,Dine In,T05,2026-01-14 14:08:00,2026-01-14 14:21:00,Sandwiches,Pesto Veg Sandwich,MENU0080,Food,Menu Item,280.0,1.0,280.0,5.27,Bill Discount,Synthetic promotion,274.73,13.74,0,0,0,0,288.47,,,,,
Delhi,ABNAH Cafe Connaught Place,,BILL-OUT001-260114-0045,45,Delivery/Takeaway,,2026-01-14 11:27:00,2026-01-14 11:51:00,Sandwiches,Pepper Chicken Sandwich,MENU0081,Food,Menu Item,315.0,1.0,315.0,2.38,Bill Discount,Synthetic promotion,312.62,15.63,0,0,0,0,328.25,,,,,
Delhi,ABNAH Cafe Connaught Place,,BILL-OUT001-260114-0046,46,Delivery/Takeaway,,2026-01-14 10:49:00,2026-01-14 11:05:00,Toasts,Chicken Pepperoni Avocado Toast,MENU0084,Food,Menu Item,330.0,1.0,330.0,10.51,Bill Discount,Synthetic promotion,319.49,15.97,0,0,0,0,335.46,,,,,
Delhi,ABNAH Cafe Connaught Place,,BILL-OUT001-260114-0047,47,Delivery/Takeaway,,2026-01-14 15:46:00,2026-01-14 16:25:00,Breakfast,Cream Cheese Bagel,MENU0087,Food,Menu Item,250.0,2.0,500.0,11.43,Bill Discount,Synthetic promotion,488.57,24.43,0,0,0,0,513.0,,,,,
Delhi,ABNAH Cafe Connaught Place,,BILL-OUT001-260114-0048,48,Dine In,T16,2026-01-14 16:17:00,2026-01-14 17:04:00,Snacks,Pesto Sundried Tomato Pin Wheel,MENU0091,Food,Menu Item,225.0,1.0,225.0,11.77,Bill Discount,Synthetic promotion,213.23,10.66,0,0,0,0,223.89,,,,,
Delhi,ABNAH Cafe Connaught Place,,BILL-OUT001-260114-0049,49,Delivery/Takeaway,,2026-01-14 16:27:00,2026-01-14 17:04:00,Baked Goods,Butter Croissant,MENU0094,Food,Menu Item,195.0,1.0,195.0,4.31,Bill Discount,Synthetic promotion,190.69,9.53,0,0,0,0,200.22,,,,,
Delhi,ABNAH Cafe Connaught Place,,BILL-OUT001-260114-0050,50,Dine In,T03,2026-01-14 16:02:00,2026-01-14 16:18:00,Baked Goods,Chocolate Croissant,MENU0096,Food,Menu Item,235.0,1.0,235.0,7.41,Bill Discount,Synthetic promotion,227.59,11.38,0,0,0,0,238.97,,,,,
Delhi,ABNAH Cafe Connaught Place,,BILL-OUT001-260114-0051,51,Delivery/Takeaway,,2026-01-14 10:28:00,2026-01-14 11:04:00,Baked Goods,Cinnamon Roll with Cream Cheese,MENU0099,Dessert,Menu Item,220.0,3.0,660.0,7.46,Bill Discount,Synthetic promotion,652.54,32.63,0,0,0,0,685.17,,,,,
Delhi,ABNAH Cafe Connaught Place,,BILL-OUT001-260114-0052,52,Delivery/Takeaway,,2026-01-14 14:54:00,2026-01-14 15:16:00,Desserts,Banoffee Pie,MENU0103,Dessert,Menu Item,285.0,1.0,285.0,15.29,Bill Discount,Synthetic promotion,269.71,13.49,0,0,0,0,283.2,,,,,
Delhi,ABNAH Cafe Connaught Place,,BILL-OUT001-260114-0053,53,Dine In,T09,2026-01-14 17:25:00,2026-01-14 17:39:00,Desserts,Classic Chocolate Fudge Brownie,MENU0104,Dessert,Menu Item,195.0,1.0,195.0,1.61,Bill Discount,Synthetic promotion,193.39,9.67,0,0,0,0,203.06,,,,,
Delhi,ABNAH Cafe Connaught Place,,BILL-OUT001-260114-0054,54,Delivery/Takeaway,,2026-01-14 08:04:00,2026-01-14 08:52:00,Desserts,Soft-Centred Caramel Cookie,MENU0105,Dessert,Menu Item,181.49,2.0,362.98,0.0,,,362.98,18.15,0,0,0,0,381.13,,,,,
Delhi,ABNAH Cafe Connaught Place,,BILL-OUT001-260114-0055,55,Delivery/Takeaway,,2026-01-14 17:23:00,2026-01-14 17:47:00,Baked Goods,Multigrain Walnut Tea Cake,MENU0110,Dessert,Menu Item,225.0,1.0,225.0,2.21,Bill Discount,Synthetic promotion,222.79,11.14,0,0,0,0,233.93,,,,,
Delhi,ABNAH Cafe Connaught Place,,BILL-OUT001-260115-0001,1,Delivery/Takeaway,,2026-01-15 14:45:00,2026-01-15 15:33:00,Coffee Classics,Americano - Regular,MENU0003,Beverage,Menu Item,185.0,4.0,740.0,31.39,Bill Discount,Synthetic promotion,708.61,35.43,0,0,0,0,744.04,,,,,
Delhi,ABNAH Cafe Connaught Place,,BILL-OUT001-260115-0002,2,Delivery/Takeaway,,2026-01-15 14:33:00,2026-01-15 15:08:00,Coffee Classics,Americano - Medium,MENU0004,Beverage,Menu Item,213.33,3.0,639.99,0.0,,,640.0,32.0,0,0,0,0,672.0,,,,,
Delhi,ABNAH Cafe Connaught Place,,BILL-OUT001-260115-0003,3,Delivery/Takeaway,,2026-01-15 08:33:00,2026-01-15 08:41:00,Coffee Classics,Americano - Large,MENU0005,Beverage,Menu Item,235.0,2.0,470.0,5.31,Bill Discount,Synthetic promotion,464.69,23.23,0,0,0,0,487.92,,,,,
Delhi,ABNAH Cafe Connaught Place,,BILL-OUT001-260115-0004,4,Delivery/Takeaway,,2026-01-15 17:10:00,2026-01-15 17:40:00,Coffee Classics,Latte - Regular,MENU0006,Beverage,Menu Item,225.0,3.0,675.0,24.21,Bill Discount,Synthetic promotion,650.79,32.54,0,0,0,0,683.33,,,,,
Delhi,ABNAH Cafe Connaught Place,,BILL-OUT001-260115-0005,5,Dine In,T22,2026-01-15 11:43:00,2026-01-15 12:25:00,Coffee Classics,Latte - Medium,MENU0007,Beverage,Menu Item,250.0,3.0,750.0,43.49,Bill Discount,Synthetic promotion,706.51,35.33,0,0,0,0,741.84,,,,,
Delhi,ABNAH Cafe Connaught Place,,BILL-OUT001-260115-0006,6,Delivery/Takeaway,,2026-01-15 15:51:00,2026-01-15 16:21:00,Coffee Classics,Latte - Large,MENU0008,Beverage,Menu Item,275.0,1.0,275.0,12.17,Bill Discount,Synthetic promotion,262.83,13.14,0,0,0,0,275.97,,,,,
Delhi,ABNAH Cafe Connaught Place,,BILL-OUT001-260115-0007,7,Delivery/Takeaway,,2026-01-15 10:49:00,2026-01-15 11:18:00,Coffee Classics,Cappuccino - Regular,MENU0009,Beverage,Menu Item,225.0,1.0,225.0,9.08,Bill Discount,Synthetic promotion,215.92,10.8,0,0,0,0,226.72,,,,,
Delhi,ABNAH Cafe Connaught Place,,BILL-OUT001-260115-0008,8,Dine In,T19,2026-01-15 09:24:00,2026-01-15 09:46:00,Coffee Classics,Cappuccino - Medium,MENU0010,Beverage,Menu Item,250.0,3.0,750.0,26.16,Bill Discount,Synthetic promotion,723.84,36.19,0,0,0,0,760.03,,,,,
Delhi,ABNAH Cafe Connaught Place,,BILL-OUT001-260115-0009,9,Delivery/Takeaway,,2026-01-15 14:49:00,2026-01-15 15:31:00,Coffee Classics,Cappuccino - Large,MENU0011,Beverage,Menu Item,275.0,1.0,275.0,14.74,Bill Discount,Synthetic promotion,260.26,13.01,0,0,0,0,273.27,,,,,
Delhi,ABNAH Cafe Connaught Place,,BILL-OUT001-260115-0010,10,Delivery/Takeaway,,2026-01-15 10:18:00,2026-01-15 10:34:00,Coffee Classics,Flat White - Regular,MENU0012,Beverage,Menu Item,235.06,4.0,940.24,0.0,,,940.24,47.01,0,0,0,0,987.25,,,,,
Delhi,ABNAH Cafe Connaught Place,,BILL-OUT001-260115-0011,11,Dine In,T20,2026-01-15 11:38:00,2026-01-15 12:11:00,Coffee Classics,Flat White - Medium,MENU0013,Beverage,Menu Item,260.0,1.0,260.0,2.45,Bill Discount,Synthetic promotion,257.55,12.88,0,0,0,0,270.43,,,,,
Delhi,ABNAH Cafe Connaught Place,,BILL-OUT001-260115-0012,12,Delivery/Takeaway,,2026-01-15 17:12:00,2026-01-15 18:00:00,Coffee Classics,Flat White - Large,MENU0014,Beverage,Menu Item,285.0,4.0,1140.0,54.07,Bill Discount,Synthetic promotion,1085.93,54.3,0,0,0,0,1140.23,,,,,
Delhi,ABNAH Cafe Connaught Place,,BILL-OUT001-260115-0013,13,Delivery/Takeaway,,2026-01-15 16:06:00,2026-01-15 16:50:00,Coffee Classics,Mocha - Regular,MENU0015,Beverage,Menu Item,245.0,2.0,490.0,27.92,Bill Discount,Synthetic promotion,462.08,23.1,0,0,0,0,485.18,,,,,
Delhi,ABNAH Cafe Connaught Place,,BILL-OUT001-260115-0014,14,Delivery/Takeaway,,2026-01-15 14:25:00,2026-01-15 15:09:00,Coffee Classics,Mocha - Medium,MENU0016,Beverage,Menu Item,270.0,7.0,1890.0,75.11,Bill Discount,Synthetic promotion,1814.89,90.74,0,0,0,0,1905.63,,,,,
Delhi,ABNAH Cafe Connaught Place,,BILL-OUT001-260115-0015,15,Delivery/Takeaway,,2026-01-15 19:32:00,2026-01-15 20:19:00,Coffee Classics,Mocha - Large,MENU0017,Beverage,Menu Item,295.0,1.0,295.0,13.71,Bill Discount,Synthetic promotion,281.29,14.06,0,0,0,0,295.35,,,,,
Delhi,ABNAH Cafe Connaught Place,,BILL-OUT001-260115-0016,16,Delivery/Takeaway,,2026-01-15 12:07:00,2026-01-15 12:56:00,Signature Coffee,Sea Salt Mocha - Regular,MENU0018,Beverage,Menu Item,275.0,1.0,275.0,10.17,Bill Discount,Synthetic promotion,264.83,13.24,0,0,0,0,278.07,,,,,
Delhi,ABNAH Cafe Connaught Place,,BILL-OUT001-260115-0017,17,Delivery/Takeaway,,2026-01-15 18:12:00,2026-01-15 18:46:00,Signature Coffee,Orange Zest Mocha - Medium,MENU0022,Beverage,Menu Item,300.0,1.0,300.0,9.73,Bill Discount,Synthetic promotion,290.27,14.51,0,0,0,0,304.78,,,,,
Delhi,ABNAH Cafe Connaught Place,,BILL-OUT001-260115-0018,18,Delivery/Takeaway,,2026-01-15 16:06:00,2026-01-15 16:36:00,Signature Coffee,Caramel Macchiato - Regular,MENU0024,Beverage,Menu Item,265.0,1.0,265.0,6.44,Bill Discount,Synthetic promotion,258.56,12.93,0,0,0,0,271.49,,,,,
Delhi,ABNAH Cafe Connaught Place,,BILL-OUT001-260115-0019,19,Delivery/Takeaway,,2026-01-15 11:15:00,2026-01-15 11:56:00,Signature Coffee,Caramel Macchiato - Medium,MENU0025,Beverage,Menu Item,296.71,1.0,296.71,0.0,,,296.71,14.84,0,0,0,0,311.55,,,,,
Delhi,ABNAH Cafe Connaught Place,,BILL-OUT001-260115-0020,20,Delivery/Takeaway,,2026-01-15 17:02:00,2026-01-15 17:43:00,Signature Coffee,French Vanilla Latte - Regular,MENU0027,Beverage,Menu Item,267.79,1.0,267.79,0.0,,,267.79,13.39,0,0,0,0,281.18,,,,,
Delhi,ABNAH Cafe Connaught Place,,BILL-OUT001-260115-0021,21,Delivery/Takeaway,,2026-01-15 10:15:00,2026-01-15 11:00:00,Signature Coffee,French Vanilla Latte - Medium,MENU0028,Beverage,Menu Item,295.0,1.0,295.0,14.15,Bill Discount,Synthetic promotion,280.85,14.04,0,0,0,0,294.89,,,,,
Delhi,ABNAH Cafe Connaught Place,,BILL-OUT001-260115-0022,22,Delivery/Takeaway,,2026-01-15 17:28:00,2026-01-15 17:54:00,Signature Coffee,French Vanilla Latte - Large,MENU0029,Beverage,Menu Item,325.0,2.0,650.0,16.48,Bill Discount,Synthetic promotion,633.52,31.68,0,0,0,0,665.2,,,,,
Delhi,ABNAH Cafe Connaught Place,,BILL-OUT001-260115-0023,23,Delivery/Takeaway,,2026-01-15 11:28:00,2026-01-15 12:07:00,Cold Brew,Classic Cold Brew - Regular,MENU0033,Beverage,Menu Item,225.0,1.0,225.0,3.79,Bill Discount,Synthetic promotion,221.21,11.06,0,0,0,0,232.27,,,,,
Delhi,ABNAH Cafe Connaught Place,,BILL-OUT001-260115-0024,24,Delivery/Takeaway,,2026-01-15 15:15:00,2026-01-15 16:03:00,Cold Brew,Classic Cold Brew - Large,MENU0035,Beverage,Menu Item,275.0,1.0,275.0,10.9,Bill Discount,Synthetic promotion,264.1,13.21,0,0,0,0,277.31,,,,,
Delhi,ABNAH Cafe Connaught Place,,BILL-OUT001-260115-0025,25,Dine In,T17,2026-01-15 10:09:00,2026-01-15 10:42:00,Cold Brew,Coffee Lemonade - Regular,MENU0036,Beverage,Menu Item,235.0,2.0,470.0,27.92,Bill Discount,Synthetic promotion,442.08,22.1,0,0,0,0,464.18,,,,,
Delhi,ABNAH Cafe Connaught Place,,BILL-OUT001-260115-0026,26,Delivery/Takeaway,,2026-01-15 11:12:00,2026-01-15 11:58:00,Cold Brew,Coffee Lemonade - Large,MENU0038,Beverage,Menu Item,290.19,2.0,580.38,0.01,Bill Discount,Synthetic promotion,580.37,29.02,0,0,0,0,609.39,,,,,
Delhi,ABNAH Cafe Connaught Place,,BILL-OUT001-260115-0027,27,Delivery/Takeaway,,2026-01-15 18:22:00,2026-01-15 18:35:00,Cold Brew,Vietnamese Shakerato - Regular,MENU0039,Beverage,Menu Item,255.0,1.0,255.0,9.65,Bill Discount,Synthetic promotion,245.35,12.27,0,0,0,0,257.62,,,,,
Delhi,ABNAH Cafe Connaught Place,,BILL-OUT001-260115-0028,28,Delivery/Takeaway,,2026-01-15 08:14:00,2026-01-15 09:03:00,Cold Brew,Vietnamese Shakerato - Medium,MENU0040,Beverage,Menu Item,284.69,2.0,569.38,0.01,Bill Discount,Synthetic promotion,569.37,28.47,0,0,0,0,597.84,,,,,
Delhi,ABNAH Cafe Connaught Place,,BILL-OUT001-260115-0029,29,Delivery/Takeaway,,2026-01-15 15:55:00,2026-01-15 16:19:00,Cold Coffee,Classic Cold Coffee - Regular,MENU0042,Beverage,Menu Item,255.0,2.0,510.0,17.16,Bill Discount,Synthetic promotion,492.84,24.64,0,0,0,0,517.48,,,,,
Delhi,ABNAH Cafe Connaught Place,,BILL-OUT001-260115-0030,30,Delivery/Takeaway,,2026-01-15 16:33:00,2026-01-15 17:13:00,Cold Coffee,Mocha Cold Coffee - Regular,MENU0045,Beverage,Menu Item,285.0,1.0,285.0,10.95,Bill Discount,Synthetic promotion,274.05,13.7,0,0,0,0,287.75,,,,,
Delhi,ABNAH Cafe Connaught Place,,BILL-OUT001-260115-0031,31,Delivery/Takeaway,,2026-01-15 12:53:00,2026-01-15 13:11:00,Cold Coffee,Mocha Cold Coffee - Medium,MENU0046,Beverage,Menu Item,320.0,2.0,640.0,8.1,Bill Discount,Synthetic promotion,631.9,31.59,0,0,0,0,663.49,,,,,
Delhi,ABNAH Cafe Connaught Place,,BILL-OUT001-260115-0032,32,Dine In,T17,2026-01-15 14:41:00,2026-01-15 15:29:00,Tea,Masala Chai Latte - Regular,MENU0051,Beverage,Menu Item,197.8,2.0,395.6,0.0,,,395.6,19.78,0,0,0,0,415.38,,,,,
Delhi,ABNAH Cafe Connaught Place,,BILL-OUT001-260115-0033,33,Dine In,T19,2026-01-15 16:42:00,2026-01-15 17:25:00,Tea,Masala Chai Latte - Medium,MENU0052,Beverage,Menu Item,220.0,1.0,220.0,6.89,Bill Discount,Synthetic promotion,213.11,10.66,0,0,0,0,223.77,,,,,
Delhi,ABNAH Cafe Connaught Place,,BILL-OUT001-260115-0034,34,Dine In,T20,2026-01-15 16:27:00,2026-01-15 17:16:00,Tea,Masala Chai Latte - Large,MENU0053,Beverage,Menu Item,245.0,1.0,245.0,14.57,Bill Discount,Synthetic promotion,230.43,11.52,0,0,0,0,241.95,,,,,
Delhi,ABNAH Cafe Connaught Place,,BILL-OUT001-260115-0035,35,Dine In,T05,2026-01-15 17:04:00,2026-01-15 17:40:00,Tea,Japanese Matcha Latte - Regular,MENU0055,Beverage,Menu Item,265.0,1.0,265.0,13.15,Bill Discount,Synthetic promotion,251.85,12.59,0,0,0,0,264.44,,,,,
Delhi,ABNAH Cafe Connaught Place,,BILL-OUT001-260115-0036,36,Delivery/Takeaway,,2026-01-15 09:03:00,2026-01-15 09:47:00,Iced Tea,Lemon Iced Tea - Medium,MENU0059,Beverage,Menu Item,230.0,1.0,230.0,7.11,Bill Discount,Synthetic promotion,222.89,11.14,0,0,0,0,234.03,,,,,
Delhi,ABNAH Cafe Connaught Place,,BILL-OUT001-260115-0037,37,Delivery/Takeaway,,2026-01-15 12:57:00,2026-01-15 13:46:00,Iced Tea,Lemon Iced Tea - Large,MENU0060,Beverage,Menu Item,255.0,1.0,255.0,4.26,Bill Discount,Synthetic promotion,250.74,12.54,0,0,0,0,263.28,,,,,
Delhi,ABNAH Cafe Connaught Place,,BILL-OUT001-260115-0038,38,Delivery/Takeaway,,2026-01-15 18:38:00,2026-01-15 19:01:00,Iced Tea,Hibiscus Lime Iced Tea - Large,MENU0063,Beverage,Menu Item,275.0,1.0,275.0,12.01,Bill Discount,Synthetic promotion,262.99,13.15,0,0,0,0,276.14,,,,,
Delhi,ABNAH Cafe Connaught Place,,BILL-OUT001-260115-0039,39,Delivery/Takeaway,,2026-01-15 13:34:00,2026-01-15 14:17:00,Kids Beverage,Hot Chocolate - Medium,MENU0065,Beverage,Menu Item,245.0,1.0,245.0,13.26,Bill Discount,Synthetic promotion,231.74,11.59,0,0,0,0,243.33,,,,,
Delhi,ABNAH Cafe Connaught Place,,BILL-OUT001-260115-0040,40,Dine In,T07,2026-01-15 14:07:00,2026-01-15 14:35:00,Shake,Mixed Berry Shake - Regular,MENU0071,Beverage,Menu Item,315.0,1.0,315.0,5.38,Bill Discount,Synthetic promotion,309.62,15.48,0,0,0,0,325.1,,,,,
Delhi,ABNAH Cafe Connaught Place,,BILL-OUT001-260115-0041,41,Dine In,T10,2026-01-15 08:26:00,2026-01-15 08:43:00,Smoothie,Seasonal Smoothie - Regular,MENU0074,Beverage,Menu Item,305.0,1.0,305.0,10.89,Bill Discount,Synthetic promotion,294.11,14.71,0,0,0,0,308.82,,,,,
Delhi,ABNAH Cafe Connaught Place,,BILL-OUT001-260115-0042,42,Delivery/Takeaway,,2026-01-15 15:10:00,2026-01-15 15:55:00,Sandwiches,Smoked Chipotle Paneer Sandwich,MENU0079,Food,Menu Item,295.0,2.0,590.0,28.57,Bill Discount,Synthetic promotion,561.43,28.07,0,0,0,0,589.5,,,,,
Delhi,ABNAH Cafe Connaught Place,,BILL-OUT001-260115-0043,43,Delivery/Takeaway,,2026-01-15 13:31:00,2026-01-15 13:47:00,Sandwiches,Pepper Chicken Sandwich,MENU0081,Food,Menu Item,319.42,3.0,958.26,0.0,,,958.27,47.91,0,0,0,0,1006.18,,,,,
Delhi,ABNAH Cafe Connaught Place,,BILL-OUT001-260115-0044,44,Delivery/Takeaway,,2026-01-15 16:12:00,2026-01-15 16:31:00,Sandwiches,Tandoori Chicken Sandwich,MENU0082,Food,Menu Item,320.0,1.0,320.0,17.71,Bill Discount,Synthetic promotion,302.29,15.11,0,0,0,0,317.4,,,,,
Delhi,ABNAH Cafe Connaught Place,,BILL-OUT001-260115-0045,45,Dine In,T04,2026-01-15 11:57:00,2026-01-15 12:32:00,Platter,Hummus and Pita Platter,MENU0085,Food,Menu Item,310.0,1.0,310.0,5.53,Bill Discount,Synthetic promotion,304.47,15.22,0,0,0,0,319.69,,,,,
Delhi,ABNAH Cafe Connaught Place,,BILL-OUT001-260115-0046,46,Delivery/Takeaway,,2026-01-15 11:12:00,2026-01-15 11:38:00,Breakfast,Breakfast Pancakes,MENU0086,Food,Menu Item,287.08,1.0,287.08,0.0,,,287.08,14.35,0,0,0,0,301.43,,,,,
Delhi,ABNAH Cafe Connaught Place,,BILL-OUT001-260115-0047,47,Delivery/Takeaway,,2026-01-15 18:27:00,2026-01-15 18:38:00,Breakfast,Scallion Pepper Cream Cheese Bagel,MENU0088,Food,Menu Item,268.13,2.0,536.26,0.0,,,536.27,26.81,0,0,0,0,563.08,,,,,
Delhi,ABNAH Cafe Connaught Place,,BILL-OUT001-260115-0048,48,Delivery/Takeaway,,2026-01-15 09:46:00,2026-01-15 10:02:00,Snacks,Pesto Sundried Tomato Pin Wheel,MENU0091,Food,Menu Item,226.8,1.0,226.8,0.0,,,226.8,11.34,0,0,0,0,238.14,,,,,
Delhi,ABNAH Cafe Connaught Place,,BILL-OUT001-260115-0049,49,Dine In,T16,2026-01-15 12:52:00,2026-01-15 13:40:00,Baked Goods,Chocolate Croissant,MENU0096,Food,Menu Item,235.0,1.0,235.0,9.14,Bill Discount,Synthetic promotion,225.86,11.29,0,0,0,0,237.15,,,,,
Delhi,ABNAH Cafe Connaught Place,,BILL-OUT001-260115-0050,50,Delivery/Takeaway,,2026-01-15 08:50:00,2026-01-15 09:09:00,Baked Goods,Banana Walnut Tea Cake,MENU0100,Dessert,Menu Item,205.0,1.0,205.0,2.42,Bill Discount,Synthetic promotion,202.58,10.13,0,0,0,0,212.71,,,,,
Delhi,ABNAH Cafe Connaught Place,,BILL-OUT001-260115-0051,51,Delivery/Takeaway,,2026-01-15 12:47:00,2026-01-15 13:28:00,Desserts,Double Chocolate Truffle Cake,MENU0102,Dessert,Menu Item,295.0,2.0,590.0,26.56,Bill Discount,Synthetic promotion,563.44,28.17,0,0,0,0,591.61,,,,,
Delhi,ABNAH Cafe Connaught Place,,BILL-OUT001-260115-0052,52,Delivery/Takeaway,,2026-01-15 17:58:00,2026-01-15 18:13:00,Desserts,Banoffee Pie,MENU0103,Dessert,Menu Item,285.0,1.0,285.0,6.49,Bill Discount,Synthetic promotion,278.51,13.93,0,0,0,0,292.44,,,,,
Delhi,ABNAH Cafe Connaught Place,,BILL-OUT001-260115-0053,53,Delivery/Takeaway,,2026-01-15 16:17:00,2026-01-15 16:26:00,Desserts,Classic Chocolate Fudge Brownie,MENU0104,Dessert,Menu Item,195.0,2.0,390.0,19.58,Bill Discount,Synthetic promotion,370.42,18.52,0,0,0,0,388.94,,,,,
Delhi,ABNAH Cafe Connaught Place,,BILL-OUT001-260116-0001,1,Delivery/Takeaway,,2026-01-16 15:39:00,2026-01-16 16:27:00,Coffee Classics,Americano - Regular,MENU0003,Beverage,Menu Item,188.57,3.0,565.71,0.0,,,565.72,28.29,0,0,0,0,594.01,,,,,
Delhi,ABNAH Cafe Connaught Place,,BILL-OUT001-260116-0002,2,Delivery/Takeaway,,2026-01-16 19:16:00,2026-01-16 20:03:00,Coffee Classics,Americano - Medium,MENU0004,Beverage,Menu Item,210.0,3.0,630.0,11.29,Bill Discount,Synthetic promotion,618.71,30.94,0,0,0,0,649.65,,,,,
Delhi,ABNAH Cafe Connaught Place,,BILL-OUT001-260116-0003,3,Dine In,T23,2026-01-16 13:35:00,2026-01-16 13:58:00,Coffee Classics,Americano - Large,MENU0005,Beverage,Menu Item,235.0,4.0,940.0,8.47,Bill Discount,Synthetic promotion,931.53,46.58,0,0,0,0,978.11,,,,,
Delhi,ABNAH Cafe Connaught Place,,BILL-OUT001-260116-0004,4,Delivery/Takeaway,,2026-01-16 08:07:00,2026-01-16 08:45:00,Coffee Classics,Latte - Regular,MENU0006,Beverage,Menu Item,225.0,4.0,900.0,6.02,Bill Discount,Synthetic promotion,893.98,44.7,0,0,0,0,938.68,,,,,
Delhi,ABNAH Cafe Connaught Place,,BILL-OUT001-260116-0005,5,Delivery/Takeaway,,2026-01-16 17:42:00,2026-01-16 18:23:00,Coffee Classics,Latte - Medium,MENU0007,Beverage,Menu Item,250.0,2.0,500.0,24.19,Bill Discount,Synthetic promotion,475.81,23.79,0,0,0,0,499.6,,,,,
Delhi,ABNAH Cafe Connaught Place,,BILL-OUT001-260116-0006,6,Dine In,T21,2026-01-16 12:00:00,2026-01-16 12:21:00,Coffee Classics,Latte - Large,MENU0008,Beverage,Menu Item,275.0,3.0,825.0,42.9,Bill Discount,Synthetic promotion,782.1,39.1,0,0,0,0,821.2,,,,,
Delhi,ABNAH Cafe Connaught Place,,BILL-OUT001-260116-0007,7,Delivery/Takeaway,,2026-01-16 19:41:00,2026-01-16 19:54:00,Coffee Classics,Cappuccino - Regular,MENU0009,Beverage,Menu Item,226.76,1.0,226.76,0.0,,,226.76,11.34,0,0,0,0,238.1,,,,,
Delhi,ABNAH Cafe Connaught Place,,BILL-OUT001-260116-0008,8,Dine In,T14,2026-01-16 17:08:00,2026-01-16 17:47:00,Coffee Classics,Cappuccino - Medium,MENU0010,Beverage,Menu Item,253.37,6.0,1520.22,0.02,Bill Discount,Synthetic promotion,1520.2,76.01,0,0,0,0,1596.21,,,,,
Delhi,ABNAH Cafe Connaught Place,,BILL-OUT001-260116-0009,9,Delivery/Takeaway,,2026-01-16 11:02:00,2026-01-16 11:46:00,Coffee Classics,Cappuccino - Large,MENU0011,Beverage,Menu Item,275.0,1.0,275.0,11.56,Bill Discount,Synthetic promotion,263.44,13.17,0,0,0,0,276.61,,,,,
Delhi,ABNAH Cafe Connaught Place,,BILL-OUT001-260116-0010,10,Delivery/Takeaway,,2026-01-16 19:48:00,2026-01-16 20:02:00,Coffee Classics,Flat White - Medium,MENU0013,Beverage,Menu Item,260.0,2.0,520.0,19.96,Bill Discount,Synthetic promotion,500.04,25.0,0,0,0,0,525.04,,,,,
Delhi,ABNAH Cafe Connaught Place,,BILL-OUT001-260116-0011,11,Delivery/Takeaway,,2026-01-16 10:40:00,2026-01-16 11:12:00,Coffee Classics,Flat White - Large,MENU0014,Beverage,Menu Item,285.0,2.0,570.0,16.42,Bill Discount,Synthetic promotion,553.58,27.68,0,0,0,0,581.26,,,,,
Delhi,ABNAH Cafe Connaught Place,,BILL-OUT001-260116-0012,12,Delivery/Takeaway,,2026-01-16 19:36:00,2026-01-16 20:23:00,Coffee Classics,Mocha - Regular,MENU0015,Beverage,Menu Item,245.0,7.0,1715.0,86.79,Bill Discount,Synthetic promotion,1628.21,81.41,0,0,0,0,1709.62,,,,,
Delhi,ABNAH Cafe Connaught Place,,BILL-OUT001-260116-0013,13,Dine In,T11,2026-01-16 08:24:00,2026-01-16 09:02:00,Coffee Classics,Mocha - Medium,MENU0016,Beverage,Menu Item,270.0,7.0,1890.0,103.47,Bill Discount,Synthetic promotion,1786.53,89.33,0,0,0,0,1875.86,,,,,
Delhi,ABNAH Cafe Connaught Place,,BILL-OUT001-260116-0014,14,Delivery/Takeaway,,2026-01-16 17:43:00,2026-01-16 18:31:00,Signature Coffee,Sea Salt Mocha - Regular,MENU0018,Beverage,Menu Item,275.0,3.0,825.0,26.19,Bill Discount,Synthetic promotion,798.81,39.94,0,0,0,0,838.75,,,,,
Delhi,ABNAH Cafe Connaught Place,,BILL-OUT001-260116-0015,15,Dine In,T24,2026-01-16 14:26:00,2026-01-16 14:53:00,Signature Coffee,Sea Salt Mocha - Large,MENU0020,Beverage,Menu Item,335.0,1.0,335.0,14.18,Bill Discount,Synthetic promotion,320.82,16.04,0,0,0,0,336.86,,,,,
Delhi,ABNAH Cafe Connaught Place,,BILL-OUT001-260116-0016,16,Delivery/Takeaway,,2026-01-16 10:19:00,2026-01-16 10:44:00,Signature Coffee,Orange Zest Mocha - Regular,MENU0021,Beverage,Menu Item,270.0,3.0,810.0,12.35,Bill Discount,Synthetic promotion,797.65,39.88,0,0,0,0,837.53,,,,,
Delhi,ABNAH Cafe Connaught Place,,BILL-OUT001-260116-0017,17,Dine In,T16,2026-01-16 14:33:00,2026-01-16 14:57:00,Signature Coffee,Orange Zest Mocha - Large,MENU0023,Beverage,Menu Item,330.0,2.0,660.0,10.13,Bill Discount,Synthetic promotion,649.87,32.49,0,0,0,0,682.36,,,,,
Delhi,ABNAH Cafe Connaught Place,,BILL-OUT001-260116-0018,18,Delivery/Takeaway,,2026-01-16 10:18:00,2026-01-16 10:36:00,Signature Coffee,Caramel Macchiato - Regular,MENU0024,Beverage,Menu Item,268.28,1.0,268.28,0.0,,,268.28,13.41,0,0,0,0,281.69,,,,,
Delhi,ABNAH Cafe Connaught Place,,BILL-OUT001-260116-0019,19,Delivery/Takeaway,,2026-01-16 19:59:00,2026-01-16 20:29:00,Signature Coffee,Caramel Macchiato - Medium,MENU0025,Beverage,Menu Item,295.0,2.0,590.0,27.05,Bill Discount,Synthetic promotion,562.95,28.15,0,0,0,0,591.1,,,,,
Delhi,ABNAH Cafe Connaught Place,,BILL-OUT001-260116-0020,20,Dine In,T15,2026-01-16 10:53:00,2026-01-16 11:15:00,Signature Coffee,Caramel Macchiato - Large,MENU0026,Beverage,Menu Item,330.52,1.0,330.52,0.0,,,330.52,16.53,0,0,0,0,347.05,,,,,
Delhi,ABNAH Cafe Connaught Place,,BILL-OUT001-260116-0021,21,Delivery/Takeaway,,2026-01-16 16:39:00,2026-01-16 17:27:00,Signature Coffee,French Vanilla Latte - Regular,MENU0027,Beverage,Menu Item,265.0,1.0,265.0,12.51,Bill Discount,Synthetic promotion,252.49,12.62,0,0,0,0,265.11,,,,,
Delhi,ABNAH Cafe Connaught Place,,BILL-OUT001-260116-0022,22,Dine In,T17,2026-01-16 19:05:00,2026-01-16 19:32:00,Signature Coffee,Vegan Iced Latte - Medium,MENU0031,Beverage,Menu Item,310.0,2.0,620.0,14.44,Bill Discount,Synthetic promotion,605.56,30.28,0,0,0,0,635.84,,,,,
Delhi,ABNAH Cafe Connaught Place,,BILL-OUT001-260116-0023,23,Delivery/Takeaway,,2026-01-16 18:00:00,2026-01-16 18:34:00,Signature Coffee,Vegan Iced Latte - Large,MENU0032,Beverage,Menu Item,335.0,1.0,335.0,15.65,Bill Discount,Synthetic promotion,319.35,15.97,0,0,0,0,335.32,,,,,
Delhi,ABNAH Cafe Connaught Place,,BILL-OUT001-260116-0024,24,Dine In,T15,2026-01-16 13:57:00,2026-01-16 14:17:00,Cold Brew,Classic Cold Brew - Medium,MENU0034,Beverage,Menu Item,250.0,1.0,250.0,0.6,Bill Discount,Synthetic promotion,249.4,12.47,0,0,0,0,261.87,,,,,
Delhi,ABNAH Cafe Connaught Place,,BILL-OUT001-260116-0025,25,Delivery/Takeaway,,2026-01-16 12:07:00,2026-01-16 12:45:00,Cold Brew,Classic Cold Brew - Large,MENU0035,Beverage,Menu Item,275.0,1.0,275.0,15.08,Bill Discount,Synthetic promotion,259.92,13.0,0,0,0,0,272.92,,,,,
Delhi,ABNAH Cafe Connaught Place,,BILL-OUT001-260116-0026,26,Dine In,T04,2026-01-16 12:58:00,2026-01-16 13:31:00,Cold Brew,Coffee Lemonade - Regular,MENU0036,Beverage,Menu Item,235.0,2.0,470.0,2.68,Bill Discount,Synthetic promotion,467.32,23.37,0,0,0,0,490.69,,,,,
Delhi,ABNAH Cafe Connaught Place,,BILL-OUT001-260116-0027,27,Delivery/Takeaway,,2026-01-16 13:25:00,2026-01-16 14:00:00,Cold Brew,Coffee Lemonade - Large,MENU0038,Beverage,Menu Item,285.0,2.0,570.0,33.04,Bill Discount,Synthetic promotion,536.96,26.85,0,0,0,0,563.81,,,,,
Delhi,ABNAH Cafe Connaught Place,,BILL-OUT001-260116-0028,28,Dine In,T19,2026-01-16 08:38:00,2026-01-16 09:15:00,Cold Brew,Vietnamese Shakerato - Regular,MENU0039,Beverage,Menu Item,255.0,2.0,510.0,13.38,Bill Discount,Synthetic promotion,496.62,24.83,0,0,0,0,521.45,,,,,
Delhi,ABNAH Cafe Connaught Place,,BILL-OUT001-260116-0029,29,Dine In,T04,2026-01-16 12:02:00,2026-01-16 12:44:00,Cold Brew,Vietnamese Shakerato - Large,MENU0041,Beverage,Menu Item,305.0,1.0,305.0,9.58,Bill Discount,Synthetic promotion,295.42,14.77,0,0,0,0,310.19,,,,,
Delhi,ABNAH Cafe Connaught Place,,BILL-OUT001-260116-0030,30,Delivery/Takeaway,,2026-01-16 14:02:00,2026-01-16 14:42:00,Cold Coffee,Classic Cold Coffee - Medium,MENU0043,Beverage,Menu Item,290.73,1.0,290.73,0.0,,,290.73,14.54,0,0,0,0,305.27,,,,,
Delhi,ABNAH Cafe Connaught Place,,BILL-OUT001-260116-0031,31,Delivery/Takeaway,,2026-01-16 19:25:00,2026-01-16 19:48:00,Cold Coffee,Classic Cold Coffee - Large,MENU0044,Beverage,Menu Item,326.75,2.0,653.5,0.0,,,653.5,32.67,0,0,0,0,686.17,,,,,
Delhi,ABNAH Cafe Connaught Place,,BILL-OUT001-260116-0032,32,Delivery/Takeaway,,2026-01-16 12:49:00,2026-01-16 13:06:00,Cold Coffee,Mocha Cold Coffee - Regular,MENU0045,Beverage,Menu Item,285.0,2.0,570.0,15.68,Bill Discount,Synthetic promotion,554.32,27.72,0,0,0,0,582.04,,,,,
Delhi,ABNAH Cafe Connaught Place,,BILL-OUT001-260116-0033,33,Dine In,T14,2026-01-16 10:59:00,2026-01-16 11:07:00,Cold Coffee,Caramel Cold Coffee - Medium,MENU0049,Beverage,Menu Item,320.0,1.0,320.0,12.98,Bill Discount,Synthetic promotion,307.02,15.35,0,0,0,0,322.37,,,,,
Delhi,ABNAH Cafe Connaught Place,,BILL-OUT001-260116-0034,34,Delivery/Takeaway,,2026-01-16 17:30:00,2026-01-16 17:51:00,Tea,Masala Chai Latte - Regular,MENU0051,Beverage,Menu Item,195.0,4.0,780.0,34.75,Bill Discount,Synthetic promotion,745.25,37.26,0,0,0,0,782.51,,,,,
Delhi,ABNAH Cafe Connaught Place,,BILL-OUT001-260116-0035,35,Delivery/Takeaway,,2026-01-16 17:14:00,2026-01-16 17:37:00,Tea,Masala Chai Latte - Large,MENU0053,Beverage,Menu Item,245.0,1.0,245.0,7.0,Bill Discount,Synthetic promotion,238.0,11.9,0,0,0,0,249.9,,,,,
Delhi,ABNAH Cafe Connaught Place,,BILL-OUT001-260116-0036,36,Delivery/Takeaway,,2026-01-16 11:53:00,2026-01-16 12:15:00,Iced Tea,Lemon Iced Tea - Large,MENU0060,Beverage,Menu Item,255.0,2.0,510.0,6.27,Bill Discount,Synthetic promotion,503.73,25.19,0,0,0,0,528.92,,,,,
Delhi,ABNAH Cafe Connaught Place,,BILL-OUT001-260116-0037,37,Delivery/Takeaway,,2026-01-16 11:01:00,2026-01-16 11:24:00,Iced Tea,Hibiscus Lime Iced Tea - Medium,MENU0062,Beverage,Menu Item,250.0,1.0,250.0,0.52,Bill Discount,Synthetic promotion,249.48,12.47,0,0,0,0,261.95,,,,,
Delhi,ABNAH Cafe Connaught Place,,BILL-OUT001-260116-0038,38,Delivery/Takeaway,,2026-01-16 13:02:00,2026-01-16 13:22:00,Shake,Choco Chip Shake - Medium,MENU0069,Beverage,Menu Item,330.0,1.0,330.0,16.07,Bill Discount,Synthetic promotion,313.93,15.7,0,0,0,0,329.63,,,,,
Delhi,ABNAH Cafe Connaught Place,,BILL-OUT001-260116-0039,39,Dine In,T22,2026-01-16 18:24:00,2026-01-16 18:55:00,Shake,Choco Chip Shake - Large,MENU0070,Beverage,Menu Item,365.0,1.0,365.0,6.48,Bill Discount,Synthetic promotion,358.52,17.93,0,0,0,0,376.45,,,,,
Delhi,ABNAH Cafe Connaught Place,,BILL-OUT001-260116-0040,40,Delivery/Takeaway,,2026-01-16 12:18:00,2026-01-16 12:46:00,Shake,Mixed Berry Shake - Regular,MENU0071,Beverage,Menu Item,320.28,2.0,640.56,0.0,,,640.56,32.03,0,0,0,0,672.59,,,,,
Delhi,ABNAH Cafe Connaught Place,,BILL-OUT001-260116-0041,41,Delivery/Takeaway,,2026-01-16 14:19:00,2026-01-16 14:58:00,Shake,Mixed Berry Shake - Large,MENU0073,Beverage,Menu Item,385.0,1.0,385.0,14.11,Bill Discount,Synthetic promotion,370.89,18.54,0,0,0,0,389.43,,,,,
Delhi,ABNAH Cafe Connaught Place,,BILL-OUT001-260116-0042,42,Delivery/Takeaway,,2026-01-16 14:16:00,2026-01-16 14:48:00,Smoothie,Seasonal Smoothie - Large,MENU0076,Beverage,Menu Item,375.0,1.0,375.0,6.47,Bill Discount,Synthetic promotion,368.53,18.43,0,0,0,0,386.96,,,,,
Delhi,ABNAH Cafe Connaught Place,,BILL-OUT001-260116-0043,43,Delivery/Takeaway,,2026-01-16 15:35:00,2026-01-16 16:16:00,Wraps,Spicy Paneer Wrap,MENU0077,Food,Menu Item,275.0,2.0,550.0,27.44,Bill Discount,Synthetic promotion,522.56,26.13,0,0,0,0,548.69,,,,,
Delhi,ABNAH Cafe Connaught Place,,BILL-OUT001-260116-0044,44,Delivery/Takeaway,,2026-01-16 08:19:00,2026-01-16 08:45:00,Wraps,Shredded Chicken Wrap,MENU0078,Food,Menu Item,295.0,1.0,295.0,4.52,Bill Discount,Synthetic promotion,290.48,14.52,0,0,0,0,305.0,,,,,
Delhi,ABNAH Cafe Connaught Place,,BILL-OUT001-260116-0045,45,Delivery/Takeaway,,2026-01-16 18:23:00,2026-01-16 19:10:00,Sandwiches,Pesto Veg Sandwich,MENU0080,Food,Menu Item,280.0,1.0,280.0,5.15,Bill Discount,Synthetic promotion,274.85,13.74,0,0,0,0,288.59,,,,,
Delhi,ABNAH Cafe Connaught Place,,BILL-OUT001-260116-0046,46,Dine In,T18,2026-01-16 19:54:00,2026-01-16 20:33:00,Sandwiches,Tandoori Chicken Sandwich,MENU0082,Food,Menu Item,320.0,2.0,640.0,27.05,Bill Discount,Synthetic promotion,612.95,30.65,0,0,0,0,643.6,,,,,
Delhi,ABNAH Cafe Connaught Place,,BILL-OUT001-260116-0047,47,Delivery/Takeaway,,2026-01-16 09:23:00,2026-01-16 09:51:00,Breakfast,Breakfast Pancakes,MENU0086,Food,Menu Item,285.0,2.0,570.0,27.89,Bill Discount,Synthetic promotion,542.11,27.11,0,0,0,0,569.22,,,,,
Delhi,ABNAH Cafe Connaught Place,,BILL-OUT001-260116-0048,48,Delivery/Takeaway,,2026-01-16 16:31:00,2026-01-16 16:54:00,Breakfast,Cream Cheese Bagel,MENU0087,Food,Menu Item,250.0,1.0,250.0,14.87,Bill Discount,Synthetic promotion,235.13,11.76,0,0,0,0,246.89,,,,,
Delhi,ABNAH Cafe Connaught Place,,BILL-OUT001-260116-0049,49,Delivery/Takeaway,,2026-01-16 12:05:00,2026-01-16 12:40:00,Breakfast,Masala Egg Bun,MENU0089,Food,Menu Item,225.0,1.0,225.0,6.07,Bill Discount,Synthetic promotion,218.93,10.95,0,0,0,0,229.88,,,,,
Delhi,ABNAH Cafe Connaught Place,,BILL-OUT001-260116-0050,50,Dine In,T14,2026-01-16 13:51:00,2026-01-16 14:25:00,Snacks,Pesto Sundried Tomato Pin Wheel,MENU0091,Food,Menu Item,225.0,1.0,225.0,13.34,Bill Discount,Synthetic promotion,211.66,10.58,0,0,0,0,222.24,,,,,
Delhi,ABNAH Cafe Connaught Place,,BILL-OUT001-260116-0051,51,Dine In,T07,2026-01-16 18:12:00,2026-01-16 18:32:00,Snacks,Turnover with Brioche Dough Chicken,MENU0092,Food,Menu Item,255.0,1.0,255.0,8.6,Bill Discount,Synthetic promotion,246.4,12.32,0,0,0,0,258.72,,,,,
Delhi,ABNAH Cafe Connaught Place,,BILL-OUT001-260116-0052,52,Delivery/Takeaway,,2026-01-16 17:41:00,2026-01-16 18:04:00,Snacks,Turnover with Brioche Dough Veg,MENU0093,Food,Menu Item,235.0,1.0,235.0,11.65,Bill Discount,Synthetic promotion,223.35,11.17,0,0,0,0,234.52,,,,,
Delhi,ABNAH Cafe Connaught Place,,BILL-OUT001-260116-0053,53,Delivery/Takeaway,,2026-01-16 19:57:00,2026-01-16 20:34:00,Baked Goods,Butter Croissant,MENU0094,Food,Menu Item,196.76,1.0,196.76,0.0,,,196.76,9.84,0,0,0,0,206.6,,,,,
Delhi,ABNAH Cafe Connaught Place,,BILL-OUT001-260116-0054,54,Delivery/Takeaway,,2026-01-16 10:55:00,2026-01-16 11:26:00,Baked Goods,Almond Croissant,MENU0095,Food,Menu Item,245.0,1.0,245.0,5.71,Bill Discount,Synthetic promotion,239.29,11.96,0,0,0,0,251.25,,,,,
Delhi,ABNAH Cafe Connaught Place,,BILL-OUT001-260116-0055,55,Delivery/Takeaway,,2026-01-16 08:23:00,2026-01-16 08:33:00,Baked Goods,Chocolate Croissant,MENU0096,Food,Menu Item,235.0,2.0,470.0,18.67,Bill Discount,Synthetic promotion,451.33,22.57,0,0,0,0,473.9,,,,,
Delhi,ABNAH Cafe Connaught Place,,BILL-OUT001-260116-0056,56,Delivery/Takeaway,,2026-01-16 18:33:00,2026-01-16 18:48:00,Baked Goods,Mushroom Cheese Croissant,MENU0097,Food,Menu Item,255.0,1.0,255.0,10.08,Bill Discount,Synthetic promotion,244.92,12.25,0,0,0,0,257.17,,,,,
Delhi,ABNAH Cafe Connaught Place,,BILL-OUT001-260116-0057,57,Dine In,T02,2026-01-16 15:13:00,2026-01-16 15:55:00,Baked Goods,Sriracha Chicken Croissant,MENU0098,Food,Menu Item,278.07,2.0,556.14,0.0,,,556.14,27.81,0,0,0,0,583.95,,,,,
Delhi,ABNAH Cafe Connaught Place,,BILL-OUT001-260116-0058,58,Dine In,T06,2026-01-16 19:37:00,2026-01-16 20:24:00,Baked Goods,Lemon Raspberry Tea Cake,MENU0101,Dessert,Menu Item,215.0,1.0,215.0,2.86,Bill Discount,Synthetic promotion,212.14,10.61,0,0,0,0,222.75,,,,,
Delhi,ABNAH Cafe Connaught Place,,BILL-OUT001-260116-0059,59,Delivery/Takeaway,,2026-01-16 11:21:00,2026-01-16 11:54:00,Desserts,Double Chocolate Truffle Cake,MENU0102,Dessert,Menu Item,295.0,1.0,295.0,1.89,Bill Discount,Synthetic promotion,293.11,14.66,0,0,0,0,307.77,,,,,
Delhi,ABNAH Cafe Connaught Place,,BILL-OUT001-260116-0060,60,Delivery/Takeaway,,2026-01-16 18:04:00,2026-01-16 18:21:00,Desserts,Banoffee Pie,MENU0103,Dessert,Menu Item,285.0,4.0,1140.0,32.48,Bill Discount,Synthetic promotion,1107.52,55.38,0,0,0,0,1162.9,,,,,
Delhi,ABNAH Cafe Connaught Place,,BILL-OUT001-260116-0061,61,Dine In,T03,2026-01-16 15:39:00,2026-01-16 15:55:00,Desserts,Classic Chocolate Fudge Brownie,MENU0104,Dessert,Menu Item,195.0,1.0,195.0,9.64,Bill Discount,Synthetic promotion,185.36,9.27,0,0,0,0,194.63,,,,,
Delhi,ABNAH Cafe Connaught Place,,BILL-OUT001-260116-0062,62,Dine In,T01,2026-01-16 12:04:00,2026-01-16 12:18:00,Baked Goods,Multigrain Walnut Tea Cake,MENU0110,Dessert,Menu Item,225.0,1.0,225.0,10.85,Bill Discount,Synthetic promotion,214.15,10.71,0,0,0,0,224.86,,,,,
Delhi,ABNAH Cafe Connaught Place,,BILL-OUT001-260117-0001,1,Delivery/Takeaway,,2026-01-17 18:42:00,2026-01-17 18:58:00,Coffee Classics,Americano - Regular,MENU0003,Beverage,Menu Item,185.0,3.0,555.0,0.03,Bill Discount,Synthetic promotion,554.97,27.75,0,0,0,0,582.72,,,,,
Delhi,ABNAH Cafe Connaught Place,,BILL-OUT001-260117-0002,2,Delivery/Takeaway,,2026-01-17 09:50:00,2026-01-17 10:04:00,Coffee Classics,Americano - Medium,MENU0004,Beverage,Menu Item,210.0,1.0,210.0,8.84,Bill Discount,Synthetic promotion,201.16,10.06,0,0,0,0,211.22,,,,,
Delhi,ABNAH Cafe Connaught Place,,BILL-OUT001-260117-0003,3,Delivery/Takeaway,,2026-01-17 08:45:00,2026-01-17 09:04:00,Coffee Classics,Latte - Regular,MENU0006,Beverage,Menu Item,225.0,2.0,450.0,18.75,Bill Discount,Synthetic promotion,431.25,21.56,0,0,0,0,452.81,,,,,
Delhi,ABNAH Cafe Connaught Place,,BILL-OUT001-260117-0004,4,Delivery/Takeaway,,2026-01-17 09:17:00,2026-01-17 09:46:00,Coffee Classics,Latte - Medium,MENU0007,Beverage,Menu Item,252.53,3.0,757.59,0.01,Bill Discount,Synthetic promotion,757.58,37.88,0,0,0,0,795.46,,,,,
Delhi,ABNAH Cafe Connaught Place,,BILL-OUT001-260117-0005,5,Dine In,T14,2026-01-17 14:13:00,2026-01-17 14:57:00,Coffee Classics,Latte - Large,MENU0008,Beverage,Menu Item,275.0,1.0,275.0,1.43,Bill Discount,Synthetic promotion,273.57,13.68,0,0,0,0,287.25,,,,,
Delhi,ABNAH Cafe Connaught Place,,BILL-OUT001-260117-0006,6,Delivery/Takeaway,,2026-01-17 10:30:00,2026-01-17 11:19:00,Coffee Classics,Cappuccino - Regular,MENU0009,Beverage,Menu Item,228.5,2.0,457.0,0.01,Bill Discount,Synthetic promotion,456.99,22.85,0,0,0,0,479.84,,,,,
Delhi,ABNAH Cafe Connaught Place,,BILL-OUT001-260117-0007,7,Delivery/Takeaway,,2026-01-17 09:18:00,2026-01-17 09:52:00,Coffee Classics,Cappuccino - Large,MENU0011,Beverage,Menu Item,275.0,2.0,550.0,1.08,Bill Discount,Synthetic promotion,548.92,27.45,0,0,0,0,576.37,,,,,
Delhi,ABNAH Cafe Connaught Place,,BILL-OUT001-260117-0008,8,Delivery/Takeaway,,2026-01-17 12:26:00,2026-01-17 13:09:00,Coffee Classics,Flat White - Regular,MENU0012,Beverage,Menu Item,235.0,1.0,235.0,13.0,Bill Discount,Synthetic promotion,222.0,11.1,0,0,0,0,233.1,,,,,
Delhi,ABNAH Cafe Connaught Place,,BILL-OUT001-260117-0009,9,Delivery/Takeaway,,2026-01-17 18:14:00,2026-01-17 18:58:00,Coffee Classics,Flat White - Medium,MENU0013,Beverage,Menu Item,260.0,2.0,520.0,0.38,Bill Discount,Synthetic promotion,519.62,25.98,0,0,0,0,545.6,,,,,
Delhi,ABNAH Cafe Connaught Place,,BILL-OUT001-260117-0010,10,Delivery/Takeaway,,2026-01-17 18:15:00,2026-01-17 18:48:00,Coffee Classics,Flat White - Large,MENU0014,Beverage,Menu Item,285.0,1.0,285.0,8.6,Bill Discount,Synthetic promotion,276.4,13.82,0,0,0,0,290.22,,,,,
Delhi,ABNAH Cafe Connaught Place,,BILL-OUT001-260117-0011,11,Delivery/Takeaway,,2026-01-17 17:37:00,2026-01-17 17:47:00,Coffee Classics,Mocha - Regular,MENU0015,Beverage,Menu Item,245.0,2.0,490.0,19.77,Bill Discount,Synthetic promotion,470.23,23.51,0,0,0,0,493.74,,,,,
Delhi,ABNAH Cafe Connaught Place,,BILL-OUT001-260117-0012,12,Dine In,T21,2026-01-17 18:11:00,2026-01-17 18:58:00,Coffee Classics,Mocha - Medium,MENU0016,Beverage,Menu Item,270.75,2.0,541.5,0.01,Bill Discount,Synthetic promotion,541.49,27.07,0,0,0,0,568.56,,,,,
Delhi,ABNAH Cafe Connaught Place,,BILL-OUT001-260117-0013,13,Dine In,T24,2026-01-17 19:35:00,2026-01-17 20:12:00,Signature Coffee,Orange Zest Mocha - Medium,MENU0022,Beverage,Menu Item,300.0,2.0,600.0,4.16,Bill Discount,Synthetic promotion,595.84,29.79,0,0,0,0,625.63,,,,,
Delhi,ABNAH Cafe Connaught Place,,BILL-OUT001-260117-0014,14,Dine In,T24,2026-01-17 18:03:00,2026-01-17 18:39:00,Signature Coffee,Caramel Macchiato - Regular,MENU0024,Beverage,Menu Item,265.0,2.0,530.0,0.44,Bill Discount,Synthetic promotion,529.56,26.48,0,0,0,0,556.04,,,,,
Delhi,ABNAH Cafe Connaught Place,,BILL-OUT001-260117-0015,15,Delivery/Takeaway,,2026-01-17 13:58:00,2026-01-17 14:10:00,Signature Coffee,Caramel Macchiato - Large,MENU0026,Beverage,Menu Item,330.38,1.0,330.38,0.0,,,330.38,16.52,0,0,0,0,346.9,,,,,
Delhi,ABNAH Cafe Connaught Place,,BILL-OUT001-260117-0016,16,Delivery/Takeaway,,2026-01-17 14:53:00,2026-01-17 15:19:00,Signature Coffee,French Vanilla Latte - Regular,MENU0027,Beverage,Menu Item,265.0,1.0,265.0,11.95,Bill Discount,Synthetic promotion,253.05,12.65,0,0,0,0,265.7,,,,,
Delhi,ABNAH Cafe Connaught Place,,BILL-OUT001-260117-0017,17,Delivery/Takeaway,,2026-01-17 11:34:00,2026-01-17 12:07:00,Signature Coffee,French Vanilla Latte - Large,MENU0029,Beverage,Menu Item,325.0,1.0,325.0,0.04,Bill Discount,Synthetic promotion,324.96,16.25,0,0,0,0,341.21,,,,,
Delhi,ABNAH Cafe Connaught Place,,BILL-OUT001-260117-0018,18,Dine In,T21,2026-01-17 15:41:00,2026-01-17 16:06:00,Signature Coffee,Vegan Iced Latte - Medium,MENU0031,Beverage,Menu Item,314.69,1.0,314.69,0.0,,,314.69,15.73,0,0,0,0,330.42,,,,,
Delhi,ABNAH Cafe Connaught Place,,BILL-OUT001-260117-0019,19,Dine In,T23,2026-01-17 14:34:00,2026-01-17 14:58:00,Signature Coffee,Vegan Iced Latte - Large,MENU0032,Beverage,Menu Item,341.68,1.0,341.68,0.0,,,341.68,17.08,0,0,0,0,358.76,,,,,
Delhi,ABNAH Cafe Connaught Place,,BILL-OUT001-260117-0020,20,Delivery/Takeaway,,2026-01-17 15:32:00,2026-01-17 16:18:00,Cold Brew,Coffee Lemonade - Medium,MENU0037,Beverage,Menu Item,260.0,2.0,520.0,30.31,Bill Discount,Synthetic promotion,489.69,24.48,0,0,0,0,514.17,,,,,
Delhi,ABNAH Cafe Connaught Place,,BILL-OUT001-260117-0021,21,Delivery/Takeaway,,2026-01-17 16:10:00,2026-01-17 16:19:00,Cold Brew,Vietnamese Shakerato - Medium,MENU0040,Beverage,Menu Item,280.0,1.0,280.0,11.56,Bill Discount,Synthetic promotion,268.44,13.42,0,0,0,0,281.86,,,,,
Delhi,ABNAH Cafe Connaught Place,,BILL-OUT001-260117-0022,22,Delivery/Takeaway,,2026-01-17 17:35:00,2026-01-17 17:44:00,Cold Coffee,Classic Cold Coffee - Large,MENU0044,Beverage,Menu Item,330.3,2.0,660.6,0.01,Bill Discount,Synthetic promotion,660.59,33.03,0,0,0,0,693.62,,,,,
Delhi,ABNAH Cafe Connaught Place,,BILL-OUT001-260117-0023,23,Delivery/Takeaway,,2026-01-17 09:14:00,2026-01-17 09:34:00,Cold Coffee,Mocha Cold Coffee - Medium,MENU0046,Beverage,Menu Item,321.21,1.0,321.21,0.0,,,321.21,16.06,0,0,0,0,337.27,,,,,
Delhi,ABNAH Cafe Connaught Place,,BILL-OUT001-260117-0024,24,Delivery/Takeaway,,2026-01-17 14:09:00,2026-01-17 14:36:00,Tea,Masala Chai Latte - Medium,MENU0052,Beverage,Menu Item,220.0,2.0,440.0,9.85,Bill Discount,Synthetic promotion,430.15,21.51,0,0,0,0,451.66,,,,,
Delhi,ABNAH Cafe Connaught Place,,BILL-OUT001-260117-0025,25,Delivery/Takeaway,,2026-01-17 13:36:00,2026-01-17 14:18:00,Tea,Masala Chai Latte - Large,MENU0053,Beverage,Menu Item,245.0,1.0,245.0,12.1,Bill Discount,Synthetic promotion,232.9,11.64,0,0,0,0,244.54,,,,,
Delhi,ABNAH Cafe Connaught Place,,BILL-OUT001-260117-0026,26,Delivery/Takeaway,,2026-01-17 08:53:00,2026-01-17 09:08:00,Tea,Japanese Matcha Latte - Regular,MENU0055,Beverage,Menu Item,265.0,1.0,265.0,3.89,Bill Discount,Synthetic promotion,261.11,13.06,0,0,0,0,274.17,,,,,
Delhi,ABNAH Cafe Connaught Place,,BILL-OUT001-260117-0027,27,Delivery/Takeaway,,2026-01-17 08:28:00,2026-01-17 08:48:00,Tea,Japanese Matcha Latte - Medium,MENU0056,Beverage,Menu Item,295.0,4.0,1180.0,9.31,Bill Discount,Synthetic promotion,1170.69,58.53,0,0,0,0,1229.22,,,,,
Delhi,ABNAH Cafe Connaught Place,,BILL-OUT001-260117-0028,28,Dine In,T14,2026-01-17 10:36:00,2026-01-17 10:53:00,Iced Tea,Lemon Iced Tea - Regular,MENU0058,Beverage,Menu Item,205.0,1.0,205.0,3.81,Bill Discount,Synthetic promotion,201.19,10.06,0,0,0,0,211.25,,,,,
Delhi,ABNAH Cafe Connaught Place,,BILL-OUT001-260117-0029,29,Delivery/Takeaway,,2026-01-17 08:46:00,2026-01-17 08:54:00,Iced Tea,Hibiscus Lime Iced Tea - Large,MENU0063,Beverage,Menu Item,275.0,2.0,550.0,4.35,Bill Discount,Synthetic promotion,545.65,27.28,0,0,0,0,572.93,,,,,
Delhi,ABNAH Cafe Connaught Place,,BILL-OUT001-260117-0030,30,Delivery/Takeaway,,2026-01-17 14:47:00,2026-01-17 15:04:00,Kids Beverage,Hot Chocolate - Regular,MENU0064,Beverage,Menu Item,222.68,1.0,222.68,0.0,,,222.68,11.13,0,0,0,0,233.81,,,,,
Delhi,ABNAH Cafe Connaught Place,,BILL-OUT001-260117-0031,31,Delivery/Takeaway,,2026-01-17 18:11:00,2026-01-17 18:47:00,Shake,Choco Chip Shake - Large,MENU0070,Beverage,Menu Item,367.6,1.0,367.6,0.0,,,367.6,18.38,0,0,0,0,385.98,,,,,
Delhi,ABNAH Cafe Connaught Place,,BILL-OUT001-260117-0032,32,Delivery/Takeaway,,2026-01-17 15:56:00,2026-01-17 16:25:00,Shake,Mixed Berry Shake - Large,MENU0073,Beverage,Menu Item,385.0,1.0,385.0,21.29,Bill Discount,Synthetic promotion,363.71,18.19,0,0,0,0,381.9,,,,,
Delhi,ABNAH Cafe Connaught Place,,BILL-OUT001-260117-0033,33,Delivery/Takeaway,,2026-01-17 16:01:00,2026-01-17 16:25:00,Sandwiches,Pesto Veg Sandwich,MENU0080,Food,Menu Item,280.0,1.0,280.0,10.88,Bill Discount,Synthetic promotion,269.12,13.46,0,0,0,0,282.58,,,,,
Delhi,ABNAH Cafe Connaught Place,,BILL-OUT001-260117-0034,34,Delivery/Takeaway,,2026-01-17 14:47:00,2026-01-17 15:01:00,Sandwiches,Tandoori Chicken Sandwich,MENU0082,Food,Menu Item,320.0,1.0,320.0,12.39,Bill Discount,Synthetic promotion,307.61,15.38,0,0,0,0,322.99,,,,,
Delhi,ABNAH Cafe Connaught Place,,BILL-OUT001-260117-0035,35,Delivery/Takeaway,,2026-01-17 14:27:00,2026-01-17 14:44:00,Snacks,Pesto Sundried Tomato Pin Wheel,MENU0091,Food,Menu Item,225.0,1.0,225.0,1.35,Bill Discount,Synthetic promotion,223.65,11.18,0,0,0,0,234.83,,,,,
Delhi,ABNAH Cafe Connaught Place,,BILL-OUT001-260117-0036,36,Dine In,T11,2026-01-17 15:52:00,2026-01-17 16:35:00,Baked Goods,Banana Walnut Tea Cake,MENU0100,Dessert,Menu Item,205.0,1.0,205.0,9.16,Bill Discount,Synthetic promotion,195.84,9.79,0,0,0,0,205.63,,,,,
Delhi,ABNAH Cafe Connaught Place,,BILL-OUT001-260117-0037,37,Delivery/Takeaway,,2026-01-17 08:25:00,2026-01-17 09:14:00,Baked Goods,Lemon Raspberry Tea Cake,MENU0101,Dessert,Menu Item,215.0,1.0,215.0,8.27,Bill Discount,Synthetic promotion,206.73,10.34,0,0,0,0,217.07,,,,,
Delhi,ABNAH Cafe Connaught Place,,BILL-OUT001-260117-0038,38,Delivery/Takeaway,,2026-01-17 10:29:00,2026-01-17 10:58:00,Desserts,Double Chocolate Truffle Cake,MENU0102,Dessert,Menu Item,295.0,1.0,295.0,12.05,Bill Discount,Synthetic promotion,282.95,14.15,0,0,0,0,297.1,,,,,
Delhi,ABNAH Cafe Connaught Place,,BILL-OUT001-260117-0039,39,Delivery/Takeaway,,2026-01-17 18:09:00,2026-01-17 18:28:00,Desserts,Soft-Centred Caramel Cookie,MENU0105,Dessert,Menu Item,180.0,1.0,180.0,10.69,Bill Discount,Synthetic promotion,169.31,8.47,0,0,0,0,177.78,,,,,
Delhi,ABNAH Cafe Connaught Place,,BILL-OUT001-260117-0040,40,Delivery/Takeaway,,2026-01-17 13:10:00,2026-01-17 13:46:00,Baked Goods,Multigrain Walnut Tea Cake,MENU0110,Dessert,Menu Item,225.0,1.0,225.0,3.88,Bill Discount,Synthetic promotion,221.12,11.06,0,0,0,0,232.18,,,,,
Delhi,ABNAH Cafe Connaught Place,,BILL-OUT001-260118-0001,1,Dine In,T23,2026-01-18 08:06:00,2026-01-18 08:51:00,Coffee Classics,Americano - Regular,MENU0003,Beverage,Menu Item,186.12,1.0,186.12,0.0,,,186.12,9.31,0,0,0,0,195.43,,,,,
Delhi,ABNAH Cafe Connaught Place,,BILL-OUT001-260118-0002,2,Delivery/Takeaway,,2026-01-18 12:32:00,2026-01-18 12:50:00,Coffee Classics,Americano - Medium,MENU0004,Beverage,Menu Item,210.0,1.0,210.0,11.52,Bill Discount,Synthetic promotion,198.48,9.92,0,0,0,0,208.4,,,,,
Delhi,ABNAH Cafe Connaught Place,,BILL-OUT001-260118-0003,3,Delivery/Takeaway,,2026-01-18 14:55:00,2026-01-18 15:33:00,Coffee Classics,Americano - Large,MENU0005,Beverage,Menu Item,235.0,1.0,235.0,8.83,Bill Discount,Synthetic promotion,226.17,11.31,0,0,0,0,237.48,,,,,
Delhi,ABNAH Cafe Connaught Place,,BILL-OUT001-260118-0004,4,Delivery/Takeaway,,2026-01-18 15:57:00,2026-01-18 16:44:00,Coffee Classics,Latte - Regular,MENU0006,Beverage,Menu Item,225.0,1.0,225.0,9.5,Bill Discount,Synthetic promotion,215.5,10.78,0,0,0,0,226.28,,,,,
Delhi,ABNAH Cafe Connaught Place,,BILL-OUT001-260118-0005,5,Dine In,T03,2026-01-18 12:09:00,2026-01-18 12:58:00,Coffee Classics,Latte - Medium,MENU0007,Beverage,Menu Item,254.53,3.0,763.59,0.0,,,763.6,38.18,0,0,0,0,801.78,,,,,
Delhi,ABNAH Cafe Connaught Place,,BILL-OUT001-260118-0006,6,Delivery/Takeaway,,2026-01-18 16:39:00,2026-01-18 17:01:00,Coffee Classics,Cappuccino - Regular,MENU0009,Beverage,Menu Item,226.85,1.0,226.85,0.0,,,226.85,11.34,0,0,0,0,238.19,,,,,
Delhi,ABNAH Cafe Connaught Place,,BILL-OUT001-260118-0007,7,Delivery/Takeaway,,2026-01-18 19:14:00,2026-01-18 19:24:00,Coffee Classics,Cappuccino - Large,MENU0011,Beverage,Menu Item,275.0,1.0,275.0,13.95,Bill Discount,Synthetic promotion,261.05,13.05,0,0,0,0,274.1,,,,,
Delhi,ABNAH Cafe Connaught Place,,BILL-OUT001-260118-0008,8,Delivery/Takeaway,,2026-01-18 08:45:00,2026-01-18 09:03:00,Coffee Classics,Flat White - Regular,MENU0012,Beverage,Menu Item,235.0,2.0,470.0,13.27,Bill Discount,Synthetic promotion,456.73,22.84,0,0,0,0,479.57,,,,,
Delhi,ABNAH Cafe Connaught Place,,BILL-OUT001-260118-0009,9,Dine In,T06,2026-01-18 18:40:00,2026-01-18 18:54:00,Coffee Classics,Flat White - Medium,MENU0013,Beverage,Menu Item,260.0,1.0,260.0,14.09,Bill Discount,Synthetic promotion,245.91,12.3,0,0,0,0,258.21,,,,,
Delhi,ABNAH Cafe Connaught Place,,BILL-OUT001-260118-0010,10,Dine In,T18,2026-01-18 10:30:00,2026-01-18 10:43:00,Coffee Classics,Mocha - Regular,MENU0015,Beverage,Menu Item,249.12,1.0,249.12,0.0,,,249.12,12.46,0,0,0,0,261.58,,,,,
Delhi,ABNAH Cafe Connaught Place,,BILL-OUT001-260118-0011,11,Delivery/Takeaway,,2026-01-18 17:55:00,2026-01-18 18:30:00,Signature Coffee,Sea Salt Mocha - Regular,MENU0018,Beverage,Menu Item,275.0,2.0,550.0,5.52,Bill Discount,Synthetic promotion,544.48,27.22,0,0,0,0,571.7,,,,,
Delhi,ABNAH Cafe Connaught Place,,BILL-OUT001-260118-0012,12,Delivery/Takeaway,,2026-01-18 13:24:00,2026-01-18 14:04:00,Signature Coffee,French Vanilla Latte - Regular,MENU0027,Beverage,Menu Item,265.0,1.0,265.0,2.01,Bill Discount,Synthetic promotion,262.99,13.15,0,0,0,0,276.14,,,,,
Delhi,ABNAH Cafe Connaught Place,,BILL-OUT001-260118-0013,13,Delivery/Takeaway,,2026-01-18 17:38:00,2026-01-18 18:27:00,Signature Coffee,Vegan Iced Latte - Regular,MENU0030,Beverage,Menu Item,285.0,2.0,570.0,19.29,Bill Discount,Synthetic promotion,550.71,27.54,0,0,0,0,578.25,,,,,
Delhi,ABNAH Cafe Connaught Place,,BILL-OUT001-260118-0014,14,Delivery/Takeaway,,2026-01-18 19:28:00,2026-01-18 19:58:00,Signature Coffee,Vegan Iced Latte - Large,MENU0032,Beverage,Menu Item,335.0,1.0,335.0,2.01,Bill Discount,Synthetic promotion,332.99,16.65,0,0,0,0,349.64,,,,,
Delhi,ABNAH Cafe Connaught Place,,BILL-OUT001-260118-0015,15,Delivery/Takeaway,,2026-01-18 10:19:00,2026-01-18 10:27:00,Cold Brew,Coffee Lemonade - Medium,MENU0037,Beverage,Menu Item,261.39,1.0,261.39,0.0,,,261.39,13.07,0,0,0,0,274.46,,,,,
Delhi,ABNAH Cafe Connaught Place,,BILL-OUT001-260118-0016,16,Dine In,T10,2026-01-18 10:48:00,2026-01-18 11:20:00,Cold Coffee,Mocha Cold Coffee - Regular,MENU0045,Beverage,Menu Item,285.0,1.0,285.0,6.37,Bill Discount,Synthetic promotion,278.63,13.93,0,0,0,0,292.56,,,,,
Delhi,ABNAH Cafe Connaught Place,,BILL-OUT001-260118-0017,17,Dine In,T08,2026-01-18 09:26:00,2026-01-18 10:12:00,Cold Coffee,Mocha Cold Coffee - Medium,MENU0046,Beverage,Menu Item,320.33,1.0,320.33,0.0,,,320.33,16.02,0,0,0,0,336.35,,,,,
Delhi,ABNAH Cafe Connaught Place,,BILL-OUT001-260118-0018,18,Delivery/Takeaway,,2026-01-18 13:37:00,2026-01-18 14:06:00,Cold Coffee,Caramel Cold Coffee - Medium,MENU0049,Beverage,Menu Item,320.0,1.0,320.0,10.86,Bill Discount,Synthetic promotion,309.14,15.46,0,0,0,0,324.6,,,,,
Delhi,ABNAH Cafe Connaught Place,,BILL-OUT001-260118-0019,19,Delivery/Takeaway,,2026-01-18 09:54:00,2026-01-18 10:19:00,Tea,Masala Chai Latte - Regular,MENU0051,Beverage,Menu Item,195.0,2.0,390.0,1.31,Bill Discount,Synthetic promotion,388.69,19.43,0,0,0,0,408.12,,,,,
Delhi,ABNAH Cafe Connaught Place,,BILL-OUT001-260118-0020,20,Delivery/Takeaway,,2026-01-18 15:55:00,2026-01-18 16:17:00,Tea,Masala Chai Latte - Medium,MENU0052,Beverage,Menu Item,220.0,1.0,220.0,5.08,Bill Discount,Synthetic promotion,214.92,10.75,0,0,0,0,225.67,,,,,
Delhi,ABNAH Cafe Connaught Place,,BILL-OUT001-260118-0021,21,Delivery/Takeaway,,2026-01-18 13:21:00,2026-01-18 13:49:00,Iced Tea,Lemon Iced Tea - Medium,MENU0059,Beverage,Menu Item,230.0,1.0,230.0,9.23,Bill Discount,Synthetic promotion,220.77,11.04,0,0,0,0,231.81,,,,,
Delhi,ABNAH Cafe Connaught Place,,BILL-OUT001-260118-0022,22,Dine In,T12,2026-01-18 12:34:00,2026-01-18 12:44:00,Shake,Choco Chip Shake - Regular,MENU0068,Beverage,Menu Item,295.0,1.0,295.0,5.95,Bill Discount,Synthetic promotion,289.05,14.45,0,0,0,0,303.5,,,,,
Delhi,ABNAH Cafe Connaught Place,,BILL-OUT001-260118-0023,23,Dine In,T20,2026-01-18 13:44:00,2026-01-18 14:19:00,Wraps,Spicy Paneer Wrap,MENU0077,Food,Menu Item,275.0,1.0,275.0,12.62,Bill Discount,Synthetic promotion,262.38,13.12,0,0,0,0,275.5,,,,,
Delhi,ABNAH Cafe Connaught Place,,BILL-OUT001-260118-0024,24,Delivery/Takeaway,,2026-01-18 11:02:00,2026-01-18 11:41:00,Wraps,Shredded Chicken Wrap,MENU0078,Food,Menu Item,295.0,1.0,295.0,12.75,Bill Discount,Synthetic promotion,282.25,14.11,0,0,0,0,296.36,,,,,
Delhi,ABNAH Cafe Connaught Place,,BILL-OUT001-260118-0025,25,Delivery/Takeaway,,2026-01-18 19:34:00,2026-01-18 20:16:00,Sandwiches,Tandoori Chicken Sandwich,MENU0082,Food,Menu Item,320.0,1.0,320.0,12.02,Bill Discount,Synthetic promotion,307.98,15.4,0,0,0,0,323.38,,,,,
Delhi,ABNAH Cafe Connaught Place,,BILL-OUT001-260118-0026,26,Delivery/Takeaway,,2026-01-18 13:58:00,2026-01-18 14:15:00,Platter,Hummus and Pita Platter,MENU0085,Food,Menu Item,314.99,1.0,314.99,0.0,,,314.99,15.75,0,0,0,0,330.74,,,,,
Delhi,ABNAH Cafe Connaught Place,,BILL-OUT001-260118-0027,27,Dine In,T20,2026-01-18 17:37:00,2026-01-18 17:55:00,Desserts,Double Chocolate Truffle Cake,MENU0102,Dessert,Menu Item,295.0,2.0,590.0,24.74,Bill Discount,Synthetic promotion,565.26,28.26,0,0,0,0,593.52,,,,,
Delhi,ABNAH Cafe Connaught Place,,BILL-OUT001-260118-0028,28,Dine In,T19,2026-01-18 16:22:00,2026-01-18 16:56:00,Desserts,Banoffee Pie,MENU0103,Dessert,Menu Item,285.0,1.0,285.0,15.47,Bill Discount,Synthetic promotion,269.53,13.48,0,0,0,0,283.01,,,,,
Delhi,ABNAH Cafe Connaught Place,,BILL-OUT001-260118-0029,29,Delivery/Takeaway,,2026-01-18 19:03:00,2026-01-18 19:12:00,Desserts,Jaggery Parmesan Cookie,MENU0107,Dessert,Menu Item,170.0,1.0,170.0,1.3,Bill Discount,Synthetic promotion,168.7,8.44,0,0,0,0,177.14,,,,,
Delhi,ABNAH Cafe Connaught Place,,BILL-OUT001-260118-0030,30,Dine In,T23,2026-01-18 12:04:00,2026-01-18 12:26:00,Desserts,Apple Pie,MENU0108,Dessert,Menu Item,270.0,1.0,270.0,12.16,Bill Discount,Synthetic promotion,257.84,12.89,0,0,0,0,270.73,,,,,
Delhi,ABNAH Cafe Connaught Place,,BILL-OUT001-260118-0031,31,Delivery/Takeaway,,2026-01-18 16:15:00,2026-01-18 16:23:00,Baked Goods,Multigrain Walnut Tea Cake,MENU0110,Dessert,Menu Item,225.0,1.0,225.0,5.55,Bill Discount,Synthetic promotion,219.45,10.97,0,0,0,0,230.42,,,,,
Delhi,ABNAH Cafe Connaught Place,,BILL-OUT001-260119-0001,1,Delivery/Takeaway,,2026-01-19 19:35:00,2026-01-19 19:48:00,Coffee Classics,Americano - Regular,MENU0003,Beverage,Menu Item,185.0,1.0,185.0,1.88,Bill Discount,Synthetic promotion,183.12,9.16,0,0,0,0,192.28,,,,,
Delhi,ABNAH Cafe Connaught Place,,BILL-OUT001-260119-0002,2,Delivery/Takeaway,,2026-01-19 14:14:00,2026-01-19 14:42:00,Coffee Classics,Americano - Medium,MENU0004,Beverage,Menu Item,210.0,6.0,1260.0,46.5,Bill Discount,Synthetic promotion,1213.5,60.67,0,0,0,0,1274.17,,,,,
Delhi,ABNAH Cafe Connaught Place,,BILL-OUT001-260119-0003,3,Dine In,T17,2026-01-19 13:31:00,2026-01-19 14:20:00,Coffee Classics,Americano - Large,MENU0005,Beverage,Menu Item,238.23,3.0,714.69,0.01,Bill Discount,Synthetic promotion,714.68,35.73,0,0,0,0,750.41,,,,,
Delhi,ABNAH Cafe Connaught Place,,BILL-OUT001-260119-0004,4,Dine In,T11,2026-01-19 17:49:00,2026-01-19 18:28:00,Coffee Classics,Latte - Regular,MENU0006,Beverage,Menu Item,225.61,1.0,225.61,0.0,,,225.61,11.28,0,0,0,0,236.89,,,,,
Delhi,ABNAH Cafe Connaught Place,,BILL-OUT001-260119-0005,5,Delivery/Takeaway,,2026-01-19 08:25:00,2026-01-19 08:42:00,Coffee Classics,Latte - Medium,MENU0007,Beverage,Menu Item,250.0,2.0,500.0,7.92,Bill Discount,Synthetic promotion,492.08,24.6,0,0,0,0,516.68,,,,,
Delhi,ABNAH Cafe Connaught Place,,BILL-OUT001-260119-0006,6,Delivery/Takeaway,,2026-01-19 16:31:00,2026-01-19 16:50:00,Coffee Classics,Cappuccino - Regular,MENU0009,Beverage,Menu Item,225.0,1.0,225.0,0.34,Bill Discount,Synthetic promotion,224.66,11.23,0,0,0,0,235.89,,,,,
Delhi,ABNAH Cafe Connaught Place,,BILL-OUT001-260119-0007,7,Delivery/Takeaway,,2026-01-19 08:26:00,2026-01-19 09:13:00,Coffee Classics,Cappuccino - Medium,MENU0010,Beverage,Menu Item,250.92,1.0,250.92,0.0,,,250.92,12.55,0,0,0,0,263.47,,,,,
Delhi,ABNAH Cafe Connaught Place,,BILL-OUT001-260119-0008,8,Delivery/Takeaway,,2026-01-19 10:14:00,2026-01-19 10:47:00,Coffee Classics,Cappuccino - Large,MENU0011,Beverage,Menu Item,275.0,1.0,275.0,4.32,Bill Discount,Synthetic promotion,270.68,13.53,0,0,0,0,284.21,,,,,
Delhi,ABNAH Cafe Connaught Place,,BILL-OUT001-260119-0009,9,Delivery/Takeaway,,2026-01-19 13:36:00,2026-01-19 14:00:00,Coffee Classics,Flat White - Regular,MENU0012,Beverage,Menu Item,238.25,2.0,476.5,0.0,,,476.51,23.83,0,0,0,0,500.34,,,,,
Delhi,ABNAH Cafe Connaught Place,,BILL-OUT001-260119-0010,10,Delivery/Takeaway,,2026-01-19 10:24:00,2026-01-19 10:56:00,Coffee Classics,Flat White - Medium,MENU0013,Beverage,Menu Item,260.0,5.0,1300.0,2.55,Bill Discount,Synthetic promotion,1297.45,64.87,0,0,0,0,1362.32,,,,,
Delhi,ABNAH Cafe Connaught Place,,BILL-OUT001-260119-0011,11,Delivery/Takeaway,,2026-01-19 12:12:00,2026-01-19 12:52:00,Coffee Classics,Flat White - Large,MENU0014,Beverage,Menu Item,285.0,1.0,285.0,10.89,Bill Discount,Synthetic promotion,274.11,13.71,0,0,0,0,287.82,,,,,
Delhi,ABNAH Cafe Connaught Place,,BILL-OUT001-260119-0012,12,Delivery/Takeaway,,2026-01-19 18:19:00,2026-01-19 18:58:00,Coffee Classics,Mocha - Regular,MENU0015,Beverage,Menu Item,245.0,2.0,490.0,6.62,Bill Discount,Synthetic promotion,483.38,24.17,0,0,0,0,507.55,,,,,
Delhi,ABNAH Cafe Connaught Place,,BILL-OUT001-260119-0013,13,Delivery/Takeaway,,2026-01-19 14:34:00,2026-01-19 15:14:00,Coffee Classics,Mocha - Medium,MENU0016,Beverage,Menu Item,270.0,3.0,810.0,37.17,Bill Discount,Synthetic promotion,772.83,38.64,0,0,0,0,811.47,,,,,
Delhi,ABNAH Cafe Connaught Place,,BILL-OUT001-260119-0014,14,Dine In,T24,2026-01-19 13:55:00,2026-01-19 14:38:00,Signature Coffee,Sea Salt Mocha - Medium,MENU0019,Beverage,Menu Item,305.0,1.0,305.0,18.27,Bill Discount,Synthetic promotion,286.73,14.34,0,0,0,0,301.07,,,,,
Delhi,ABNAH Cafe Connaught Place,,BILL-OUT001-260119-0015,15,Dine In,T14,2026-01-19 17:24:00,2026-01-19 17:37:00,Signature Coffee,Orange Zest Mocha - Regular,MENU0021,Beverage,Menu Item,272.86,1.0,272.86,0.0,,,272.86,13.64,0,0,0,0,286.5,,,,,
Delhi,ABNAH Cafe Connaught Place,,BILL-OUT001-260119-0016,16,Delivery/Takeaway,,2026-01-19 12:20:00,2026-01-19 12:58:00,Signature Coffee,Orange Zest Mocha - Medium,MENU0022,Beverage,Menu Item,300.0,1.0,300.0,0.03,Bill Discount,Synthetic promotion,299.97,15.0,0,0,0,0,314.97,,,,,
Delhi,ABNAH Cafe Connaught Place,,BILL-OUT001-260119-0017,17,Delivery/Takeaway,,2026-01-19 15:12:00,2026-01-19 15:35:00,Signature Coffee,Orange Zest Mocha - Large,MENU0023,Beverage,Menu Item,334.73,2.0,669.46,0.0,,,669.46,33.47,0,0,0,0,702.93,,,,,
Delhi,ABNAH Cafe Connaught Place,,BILL-OUT001-260119-0018,18,Delivery/Takeaway,,2026-01-19 08:34:00,2026-01-19 08:45:00,Signature Coffee,Caramel Macchiato - Regular,MENU0024,Beverage,Menu Item,265.0,1.0,265.0,1.45,Bill Discount,Synthetic promotion,263.55,13.18,0,0,0,0,276.73,,,,,
Delhi,ABNAH Cafe Connaught Place,,BILL-OUT001-260119-0019,19,Dine In,T13,2026-01-19 14:16:00,2026-01-19 14:57:00,Signature Coffee,Caramel Macchiato - Medium,MENU0025,Beverage,Menu Item,295.0,4.0,1180.0,42.17,Bill Discount,Synthetic promotion,1137.83,56.89,0,0,0,0,1194.72,,,,,
Delhi,ABNAH Cafe Connaught Place,,BILL-OUT001-260119-0020,20,Dine In,T19,2026-01-19 11:13:00,2026-01-19 11:49:00,Signature Coffee,Caramel Macchiato - Large,MENU0026,Beverage,Menu Item,325.0,1.0,325.0,0.91,Bill Discount,Synthetic promotion,324.09,16.2,0,0,0,0,340.29,,,,,
Delhi,ABNAH Cafe Connaught Place,,BILL-OUT001-260119-0021,21,Delivery/Takeaway,,2026-01-19 18:42:00,2026-01-19 19:15:00,Signature Coffee,French Vanilla Latte - Regular,MENU0027,Beverage,Menu Item,265.0,2.0,530.0,18.97,Bill Discount,Synthetic promotion,511.03,25.55,0,0,0,0,536.58,,,,,
Delhi,ABNAH Cafe Connaught Place,,BILL-OUT001-260119-0022,22,Delivery/Takeaway,,2026-01-19 10:17:00,2026-01-19 10:47:00,Signature Coffee,French Vanilla Latte - Medium,MENU0028,Beverage,Menu Item,295.0,1.0,295.0,9.34,Bill Discount,Synthetic promotion,285.66,14.28,0,0,0,0,299.94,,,,,
Delhi,ABNAH Cafe Connaught Place,,BILL-OUT001-260119-0023,23,Delivery/Takeaway,,2026-01-19 18:40:00,2026-01-19 19:27:00,Signature Coffee,Vegan Iced Latte - Regular,MENU0030,Beverage,Menu Item,285.0,1.0,285.0,6.62,Bill Discount,Synthetic promotion,278.38,13.92,0,0,0,0,292.3,,,,,
Delhi,ABNAH Cafe Connaught Place,,BILL-OUT001-260119-0024,24,Delivery/Takeaway,,2026-01-19 16:37:00,2026-01-19 16:52:00,Signature Coffee,Vegan Iced Latte - Medium,MENU0031,Beverage,Menu Item,310.92,1.0,310.92,0.0,,,310.92,15.55,0,0,0,0,326.47,,,,,
Delhi,ABNAH Cafe Connaught Place,,BILL-OUT001-260119-0025,25,Delivery/Takeaway,,2026-01-19 10:57:00,2026-01-19 11:45:00,Signature Coffee,Vegan Iced Latte - Large,MENU0032,Beverage,Menu Item,335.0,1.0,335.0,18.1,Bill Discount,Synthetic promotion,316.9,15.85,0,0,0,0,332.75,,,,,
Delhi,ABNAH Cafe Connaught Place,,BILL-OUT001-260119-0026,26,Dine In,T24,2026-01-19 09:19:00,2026-01-19 09:49:00,Cold Brew,Classic Cold Brew - Medium,MENU0034,Beverage,Menu Item,250.0,1.0,250.0,4.66,Bill Discount,Synthetic promotion,245.34,12.27,0,0,0,0,257.61,,,,,
Delhi,ABNAH Cafe Connaught Place,,BILL-OUT001-260119-0027,27,Delivery/Takeaway,,2026-01-19 09:30:00,2026-01-19 09:53:00,Cold Coffee,Classic Cold Coffee - Regular,MENU0042,Beverage,Menu Item,255.0,1.0,255.0,12.37,Bill Discount,Synthetic promotion,242.63,12.13,0,0,0,0,254.76,,,,,
Delhi,ABNAH Cafe Connaught Place,,BILL-OUT001-260119-0028,28,Delivery/Takeaway,,2026-01-19 11:36:00,2026-01-19 12:01:00,Cold Coffee,Classic Cold Coffee - Large,MENU0044,Beverage,Menu Item,325.0,4.0,1300.0,22.47,Bill Discount,Synthetic promotion,1277.53,63.88,0,0,0,0,1341.41,,,,,
Delhi,ABNAH Cafe Connaught Place,,BILL-OUT001-260119-0029,29,Delivery/Takeaway,,2026-01-19 14:33:00,2026-01-19 15:03:00,Cold Coffee,Mocha Cold Coffee - Large,MENU0047,Beverage,Menu Item,355.0,1.0,355.0,6.68,Bill Discount,Synthetic promotion,348.32,17.42,0,0,0,0,365.74,,,,,
Delhi,ABNAH Cafe Connaught Place,,BILL-OUT001-260119-0030,30,Dine In,T24,2026-01-19 14:00:00,2026-01-19 14:34:00,Cold Coffee,Caramel Cold Coffee - Regular,MENU0048,Beverage,Menu Item,288.69,2.0,577.38,0.0,,,577.39,28.87,0,0,0,0,606.26,,,,,
Delhi,ABNAH Cafe Connaught Place,,BILL-OUT001-260119-0031,31,Delivery/Takeaway,,2026-01-19 16:54:00,2026-01-19 17:41:00,Cold Coffee,Caramel Cold Coffee - Medium,MENU0049,Beverage,Menu Item,323.41,3.0,970.23,0.01,Bill Discount,Synthetic promotion,970.22,48.51,0,0,0,0,1018.73,,,,,
Delhi,ABNAH Cafe Connaught Place,,BILL-OUT001-260119-0032,32,Delivery/Takeaway,,2026-01-19 12:21:00,2026-01-19 13:07:00,Cold Coffee,Caramel Cold Coffee - Large,MENU0050,Beverage,Menu Item,359.53,1.0,359.53,0.0,,,359.53,17.98,0,0,0,0,377.51,,,,,
Delhi,ABNAH Cafe Connaught Place,,BILL-OUT001-260119-0033,33,Delivery/Takeaway,,2026-01-19 12:11:00,2026-01-19 12:48:00,Tea,Masala Chai Latte - Large,MENU0053,Beverage,Menu Item,245.0,1.0,245.0,1.29,Bill Discount,Synthetic promotion,243.71,12.19,0,0,0,0,255.9,,,,,
Delhi,ABNAH Cafe Connaught Place,,BILL-OUT001-260119-0034,34,Delivery/Takeaway,,2026-01-19 18:29:00,2026-01-19 18:56:00,Tea,Himalayan Green Tea,MENU0054,Beverage,Menu Item,210.0,2.0,420.0,17.29,Bill Discount,Synthetic promotion,402.71,20.14,0,0,0,0,422.85,,,,,
Delhi,ABNAH Cafe Connaught Place,,BILL-OUT001-260119-0035,35,Delivery/Takeaway,,2026-01-19 09:37:00,2026-01-19 09:46:00,Tea,Japanese Matcha Latte - Medium,MENU0056,Beverage,Menu Item,295.0,1.0,295.0,4.86,Bill Discount,Synthetic promotion,290.14,14.51,0,0,0,0,304.65,,,,,
Delhi,ABNAH Cafe Connaught Place,,BILL-OUT001-260119-0036,36,Delivery/Takeaway,,2026-01-19 18:17:00,2026-01-19 18:49:00,Iced Tea,Lemon Iced Tea - Regular,MENU0058,Beverage,Menu Item,205.0,1.0,205.0,2.91,Bill Discount,Synthetic promotion,202.09,10.1,0,0,0,0,212.19,,,,,
Delhi,ABNAH Cafe Connaught Place,,BILL-OUT001-260119-0037,37,Delivery/Takeaway,,2026-01-19 16:23:00,2026-01-19 17:09:00,Iced Tea,Lemon Iced Tea - Medium,MENU0059,Beverage,Menu Item,231.12,1.0,231.12,0.0,,,231.12,11.56,0,0,0,0,242.68,,,,,
Delhi,ABNAH Cafe Connaught Place,,BILL-OUT001-260119-0038,38,Dine In,T11,2026-01-19 14:18:00,2026-01-19 14:33:00,Iced Tea,Hibiscus Lime Iced Tea - Medium,MENU0062,Beverage,Menu Item,250.0,1.0,250.0,12.56,Bill Discount,Synthetic promotion,237.44,11.87,0,0,0,0,249.31,,,,,
Delhi,ABNAH Cafe Connaught Place,,BILL-OUT001-260119-0039,39,Delivery/Takeaway,,2026-01-19 14:45:00,2026-01-19 15:33:00,Kids Beverage,Hot Chocolate - Regular,MENU0064,Beverage,Menu Item,220.0,1.0,220.0,10.59,Bill Discount,Synthetic promotion,209.41,10.47,0,0,0,0,219.88,,,,,
Delhi,ABNAH Cafe Connaught Place,,BILL-OUT001-260119-0040,40,Delivery/Takeaway,,2026-01-19 19:33:00,2026-01-19 20:01:00,Shake,Choco Chip Shake - Regular,MENU0068,Beverage,Menu Item,295.0,1.0,295.0,6.15,Bill Discount,Synthetic promotion,288.85,14.44,0,0,0,0,303.29,,,,,
Delhi,ABNAH Cafe Connaught Place,,BILL-OUT001-260119-0041,41,Delivery/Takeaway,,2026-01-19 11:40:00,2026-01-19 12:29:00,Smoothie,Seasonal Smoothie - Regular,MENU0074,Beverage,Menu Item,307.63,1.0,307.63,0.0,,,307.63,15.38,0,0,0,0,323.01,,,,,
Delhi,ABNAH Cafe Connaught Place,,BILL-OUT001-260119-0042,42,Delivery/Takeaway,,2026-01-19 12:28:00,2026-01-19 12:50:00,Sandwiches,Smoked Chipotle Paneer Sandwich,MENU0079,Food,Menu Item,295.0,3.0,885.0,31.73,Bill Discount,Synthetic promotion,853.27,42.66,0,0,0,0,895.93,,,,,
Delhi,ABNAH Cafe Connaught Place,,BILL-OUT001-260119-0043,43,Delivery/Takeaway,,2026-01-19 15:28:00,2026-01-19 15:55:00,Sandwiches,Pesto Veg Sandwich,MENU0080,Food,Menu Item,282.61,2.0,565.22,0.0,,,565.22,28.26,0,0,0,0,593.48,,,,,
Delhi,ABNAH Cafe Connaught Place,,BILL-OUT001-260119-0044,44,Delivery/Takeaway,,2026-01-19 08:11:00,2026-01-19 08:25:00,Toasts,Chicken Pepperoni Avocado Toast,MENU0084,Food,Menu Item,333.26,1.0,333.26,0.0,,,333.26,16.66,0,0,0,0,349.92,,,,,
Delhi,ABNAH Cafe Connaught Place,,BILL-OUT001-260119-0045,45,Dine In,T19,2026-01-19 14:52:00,2026-01-19 15:15:00,Platter,Hummus and Pita Platter,MENU0085,Food,Menu Item,310.0,1.0,310.0,8.51,Bill Discount,Synthetic promotion,301.49,15.07,0,0,0,0,316.56,,,,,
Delhi,ABNAH Cafe Connaught Place,,BILL-OUT001-260119-0046,46,Delivery/Takeaway,,2026-01-19 18:14:00,2026-01-19 18:29:00,Breakfast,Breakfast Pancakes,MENU0086,Food,Menu Item,285.0,1.0,285.0,7.16,Bill Discount,Synthetic promotion,277.84,13.89,0,0,0,0,291.73,,,,,
Delhi,ABNAH Cafe Connaught Place,,BILL-OUT001-260119-0047,47,Delivery/Takeaway,,2026-01-19 09:11:00,2026-01-19 09:38:00,Breakfast,Scallion Pepper Cream Cheese Bagel,MENU0088,Food,Menu Item,265.0,1.0,265.0,14.35,Bill Discount,Synthetic promotion,250.65,12.53,0,0,0,0,263.18,,,,,
Delhi,ABNAH Cafe Connaught Place,,BILL-OUT001-260119-0048,48,Delivery/Takeaway,,2026-01-19 09:18:00,2026-01-19 10:05:00,Breakfast,Masala Egg Bun,MENU0089,Food,Menu Item,225.0,1.0,225.0,5.67,Bill Discount,Synthetic promotion,219.33,10.97,0,0,0,0,230.3,,,,,
Delhi,ABNAH Cafe Connaught Place,,BILL-OUT001-260119-0049,49,Delivery/Takeaway,,2026-01-19 17:57:00,2026-01-19 18:14:00,Baked Goods,Butter Croissant,MENU0094,Food,Menu Item,195.0,2.0,390.0,11.4,Bill Discount,Synthetic promotion,378.6,18.93,0,0,0,0,397.53,,,,,
Delhi,ABNAH Cafe Connaught Place,,BILL-OUT001-260119-0050,50,Delivery/Takeaway,,2026-01-19 08:24:00,2026-01-19 08:47:00,Baked Goods,Chocolate Croissant,MENU0096,Food,Menu Item,235.0,1.0,235.0,13.24,Bill Discount,Synthetic promotion,221.76,11.09,0,0,0,0,232.85,,,,,
Delhi,ABNAH Cafe Connaught Place,,BILL-OUT001-260119-0051,51,Delivery/Takeaway,,2026-01-19 09:33:00,2026-01-19 09:52:00,Baked Goods,Mushroom Cheese Croissant,MENU0097,Food,Menu Item,255.11,1.0,255.11,0.0,,,255.11,12.76,0,0,0,0,267.87,,,,,
Delhi,ABNAH Cafe Connaught Place,,BILL-OUT001-260119-0052,52,Delivery/Takeaway,,2026-01-19 13:39:00,2026-01-19 13:59:00,Desserts,Classic Chocolate Fudge Brownie,MENU0104,Dessert,Menu Item,195.0,1.0,195.0,0.52,Bill Discount,Synthetic promotion,194.48,9.72,0,0,0,0,204.2,,,,,
Delhi,ABNAH Cafe Connaught Place,,BILL-OUT001-260119-0053,53,Dine In,T18,2026-01-19 14:23:00,2026-01-19 14:51:00,Desserts,Jaggery Parmesan Cookie,MENU0107,Dessert,Menu Item,171.83,1.0,171.83,0.0,,,171.83,8.59,0,0,0,0,180.42,,,,,
Delhi,ABNAH Cafe Connaught Place,,BILL-OUT001-260119-0054,54,Delivery/Takeaway,,2026-01-19 13:21:00,2026-01-19 13:30:00,Desserts,Basque Cheesecake,MENU0109,Dessert,Menu Item,310.0,1.0,310.0,3.58,Bill Discount,Synthetic promotion,306.42,15.32,0,0,0,0,321.74,,,,,
Delhi,ABNAH Cafe Connaught Place,,BILL-OUT001-260120-0001,1,Delivery/Takeaway,,2026-01-20 16:22:00,2026-01-20 17:05:00,Coffee Classics,Americano - Regular,MENU0003,Beverage,Menu Item,185.0,4.0,740.0,13.75,Bill Discount,Synthetic promotion,726.25,36.31,0,0,0,0,762.56,,,,,
Delhi,ABNAH Cafe Connaught Place,,BILL-OUT001-260120-0002,2,Dine In,T05,2026-01-20 10:58:00,2026-01-20 11:14:00,Coffee Classics,Americano - Medium,MENU0004,Beverage,Menu Item,210.0,1.0,210.0,4.3,Bill Discount,Synthetic promotion,205.7,10.29,0,0,0,0,215.99,,,,,
Delhi,ABNAH Cafe Connaught Place,,BILL-OUT001-260120-0003,3,Delivery/Takeaway,,2026-01-20 11:10:00,2026-01-20 11:51:00,Coffee Classics,Americano - Large,MENU0005,Beverage,Menu Item,235.0,3.0,705.0,17.91,Bill Discount,Synthetic promotion,687.09,34.35,0,0,0,0,721.44,,,,,
Delhi,ABNAH Cafe Connaught Place,,BILL-OUT001-260120-0004,4,Delivery/Takeaway,,2026-01-20 15:59:00,2026-01-20 16:34:00,Coffee Classics,Latte - Regular,MENU0006,Beverage,Menu Item,227.46,4.0,909.84,0.02,Bill Discount,Synthetic promotion,909.82,45.49,0,0,0,0,955.31,,,,,
Delhi,ABNAH Cafe Connaught Place,,BILL-OUT001-260120-0005,5,Delivery/Takeaway,,2026-01-20 14:28:00,2026-01-20 14:55:00,Coffee Classics,Latte - Medium,MENU0007,Beverage,Menu Item,250.0,3.0,750.0,24.17,Bill Discount,Synthetic promotion,725.83,36.29,0,0,0,0,762.12,,,,,
Delhi,ABNAH Cafe Connaught Place,,BILL-OUT001-260120-0006,6,Delivery/Takeaway,,2026-01-20 15:01:00,2026-01-20 15:28:00,Coffee Classics,Latte - Large,MENU0008,Beverage,Menu Item,275.0,1.0,275.0,13.88,Bill Discount,Synthetic promotion,261.12,13.06,0,0,0,0,274.18,,,,,
Delhi,ABNAH Cafe Connaught Place,,BILL-OUT001-260120-0007,7,Dine In,T21,2026-01-20 09:22:00,2026-01-20 09:48:00,Coffee Classics,Cappuccino - Regular,MENU0009,Beverage,Menu Item,225.0,3.0,675.0,13.53,Bill Discount,Synthetic promotion,661.47,33.07,0,0,0,0,694.54,,,,,
Delhi,ABNAH Cafe Connaught Place,,BILL-OUT001-260120-0008,8,Dine In,T15,2026-01-20 18:02:00,2026-01-20 18:16:00,Coffee Classics,Cappuccino - Medium,MENU0010,Beverage,Menu Item,250.0,2.0,500.0,18.57,Bill Discount,Synthetic promotion,481.43,24.07,0,0,0,0,505.5,,,,,
Delhi,ABNAH Cafe Connaught Place,,BILL-OUT001-260120-0009,9,Delivery/Takeaway,,2026-01-20 19:03:00,2026-01-20 19:37:00,Coffee Classics,Flat White - Regular,MENU0012,Beverage,Menu Item,235.0,1.0,235.0,5.68,Bill Discount,Synthetic promotion,229.32,11.47,0,0,0,0,240.79,,,,,
Delhi,ABNAH Cafe Connaught Place,,BILL-OUT001-260120-0010,10,Dine In,T15,2026-01-20 13:59:00,2026-01-20 14:41:00,Coffee Classics,Flat White - Medium,MENU0013,Beverage,Menu Item,260.0,3.0,780.0,22.21,Bill Discount,Synthetic promotion,757.79,37.89,0,0,0,0,795.68,,,,,
Delhi,ABNAH Cafe Connaught Place,,BILL-OUT001-260120-0011,11,Dine In,T10,2026-01-20 08:34:00,2026-01-20 08:49:00,Coffee Classics,Flat White - Large,MENU0014,Beverage,Menu Item,285.0,4.0,1140.0,18.85,Bill Discount,Synthetic promotion,1121.15,56.06,0,0,0,0,1177.21,,,,,
Delhi,ABNAH Cafe Connaught Place,,BILL-OUT001-260120-0012,12,Delivery/Takeaway,,2026-01-20 13:09:00,2026-01-20 13:38:00,Coffee Classics,Mocha - Regular,MENU0015,Beverage,Menu Item,245.0,2.0,490.0,15.96,Bill Discount,Synthetic promotion,474.04,23.7,0,0,0,0,497.74,,,,,
Delhi,ABNAH Cafe Connaught Place,,BILL-OUT001-260120-0013,13,Dine In,T17,2026-01-20 19:07:00,2026-01-20 19:29:00,Coffee Classics,Mocha - Medium,MENU0016,Beverage,Menu Item,270.0,4.0,1080.0,44.78,Bill Discount,Synthetic promotion,1035.22,51.76,0,0,0,0,1086.98,,,,,
Delhi,ABNAH Cafe Connaught Place,,BILL-OUT001-260120-0014,14,Dine In,T16,2026-01-20 16:52:00,2026-01-20 17:17:00,Coffee Classics,Mocha - Large,MENU0017,Beverage,Menu Item,295.0,2.0,590.0,32.57,Bill Discount,Synthetic promotion,557.43,27.87,0,0,0,0,585.3,,,,,
Delhi,ABNAH Cafe Connaught Place,,BILL-OUT001-260120-0015,15,Delivery/Takeaway,,2026-01-20 18:38:00,2026-01-20 19:08:00,Signature Coffee,Caramel Macchiato - Regular,MENU0024,Beverage,Menu Item,265.0,2.0,530.0,29.3,Bill Discount,Synthetic promotion,500.7,25.04,0,0,0,0,525.74,,,,,
Delhi,ABNAH Cafe Connaught Place,,BILL-OUT001-260120-0016,16,Dine In,T23,2026-01-20 17:44:00,2026-01-20 17:56:00,Signature Coffee,Caramel Macchiato - Medium,MENU0025,Beverage,Menu Item,295.0,1.0,295.0,8.17,Bill Discount,Synthetic promotion,286.83,14.34,0,0,0,0,301.17,,,,,
Delhi,ABNAH Cafe Connaught Place,,BILL-OUT001-260120-0017,17,Delivery/Takeaway,,2026-01-20 15:27:00,2026-01-20 16:04:00,Signature Coffee,French Vanilla Latte - Large,MENU0029,Beverage,Menu Item,329.13,3.0,987.39,0.01,Bill Discount,Synthetic promotion,987.38,49.37,0,0,0,0,1036.75,,,,,
Delhi,ABNAH Cafe Connaught Place,,BILL-OUT001-260120-0018,18,Delivery/Takeaway,,2026-01-20 18:44:00,2026-01-20 19:30:00,Signature Coffee,Vegan Iced Latte - Regular,MENU0030,Beverage,Menu Item,285.0,2.0,570.0,1.85,Bill Discount,Synthetic promotion,568.15,28.41,0,0,0,0,596.56,,,,,
Delhi,ABNAH Cafe Connaught Place,,BILL-OUT001-260120-0019,19,Delivery/Takeaway,,2026-01-20 19:30:00,2026-01-20 19:42:00,Signature Coffee,Vegan Iced Latte - Medium,MENU0031,Beverage,Menu Item,310.0,1.0,310.0,4.38,Bill Discount,Synthetic promotion,305.62,15.28,0,0,0,0,320.9,,,,,
Delhi,ABNAH Cafe Connaught Place,,BILL-OUT001-260120-0020,20,Dine In,T19,2026-01-20 19:46:00,2026-01-20 20:05:00,Signature Coffee,Vegan Iced Latte - Large,MENU0032,Beverage,Menu Item,335.0,1.0,335.0,11.37,Bill Discount,Synthetic promotion,323.63,16.18,0,0,0,0,339.81,,,,,
Delhi,ABNAH Cafe Connaught Place,,BILL-OUT001-260120-0021,21,Delivery/Takeaway,,2026-01-20 08:04:00,2026-01-20 08:36:00,Cold Brew,Classic Cold Brew - Regular,MENU0033,Beverage,Menu Item,225.0,1.0,225.0,5.41,Bill Discount,Synthetic promotion,219.59,10.98,0,0,0,0,230.57,,,,,
Delhi,ABNAH Cafe Connaught Place,,BILL-OUT001-260120-0022,22,Delivery/Takeaway,,2026-01-20 19:39:00,2026-01-20 20:28:00,Cold Brew,Coffee Lemonade - Medium,MENU0037,Beverage,Menu Item,260.0,1.0,260.0,13.28,Bill Discount,Synthetic promotion,246.72,12.34,0,0,0,0,259.06,,,,,
Delhi,ABNAH Cafe Connaught Place,,BILL-OUT001-260120-0023,23,Delivery/Takeaway,,2026-01-20 14:50:00,2026-01-20 15:13:00,Cold Brew,Vietnamese Shakerato - Regular,MENU0039,Beverage,Menu Item,255.0,1.0,255.0,12.16,Bill Discount,Synthetic promotion,242.84,12.14,0,0,0,0,254.98,,,,,
Delhi,ABNAH Cafe Connaught Place,,BILL-OUT001-260120-0024,24,Dine In,T23,2026-01-20 08:29:00,2026-01-20 08:42:00,Cold Brew,Vietnamese Shakerato - Medium,MENU0040,Beverage,Menu Item,280.79,1.0,280.79,0.0,,,280.79,14.04,0,0,0,0,294.83,,,,,
Delhi,ABNAH Cafe Connaught Place,,BILL-OUT001-260120-0025,25,Delivery/Takeaway,,2026-01-20 14:33:00,2026-01-20 14:57:00,Cold Brew,Vietnamese Shakerato - Large,MENU0041,Beverage,Menu Item,305.0,1.0,305.0,5.29,Bill Discount,Synthetic promotion,299.71,14.99,0,0,0,0,314.7,,,,,
Delhi,ABNAH Cafe Connaught Place,,BILL-OUT001-260120-0026,26,Delivery/Takeaway,,2026-01-20 08:25:00,2026-01-20 09:03:00,Cold Coffee,Classic Cold Coffee - Regular,MENU0042,Beverage,Menu Item,255.0,1.0,255.0,8.8,Bill Discount,Synthetic promotion,246.2,12.31,0,0,0,0,258.51,,,,,
Delhi,ABNAH Cafe Connaught Place,,BILL-OUT001-260120-0027,27,Dine In,T12,2026-01-20 13:57:00,2026-01-20 14:34:00,Cold Coffee,Classic Cold Coffee - Medium,MENU0043,Beverage,Menu Item,290.52,1.0,290.52,0.0,,,290.52,14.53,0,0,0,0,305.05,,,,,
Delhi,ABNAH Cafe Connaught Place,,BILL-OUT001-260120-0028,28,Dine In,T05,2026-01-20 17:00:00,2026-01-20 17:49:00,Cold Coffee,Caramel Cold Coffee - Regular,MENU0048,Beverage,Menu Item,285.0,3.0,855.0,49.12,Bill Discount,Synthetic promotion,805.88,40.29,0,0,0,0,846.17,,,,,
Delhi,ABNAH Cafe Connaught Place,,BILL-OUT001-260120-0029,29,Delivery/Takeaway,,2026-01-20 14:45:00,2026-01-20 15:14:00,Cold Coffee,Caramel Cold Coffee - Medium,MENU0049,Beverage,Menu Item,320.0,1.0,320.0,2.75,Bill Discount,Synthetic promotion,317.25,15.86,0,0,0,0,333.11,,,,,
Delhi,ABNAH Cafe Connaught Place,,BILL-OUT001-260120-0030,30,Delivery/Takeaway,,2026-01-20 08:12:00,2026-01-20 08:42:00,Cold Coffee,Caramel Cold Coffee - Large,MENU0050,Beverage,Menu Item,355.0,1.0,355.0,3.53,Bill Discount,Synthetic promotion,351.47,17.57,0,0,0,0,369.04,,,,,
Delhi,ABNAH Cafe Connaught Place,,BILL-OUT001-260120-0031,31,Delivery/Takeaway,,2026-01-20 16:26:00,2026-01-20 17:06:00,Tea,Masala Chai Latte - Regular,MENU0051,Beverage,Menu Item,195.0,2.0,390.0,17.42,Bill Discount,Synthetic promotion,372.58,18.63,0,0,0,0,391.21,,,,,
Delhi,ABNAH Cafe Connaught Place,,BILL-OUT001-260120-0032,32,Delivery/Takeaway,,2026-01-20 18:39:00,2026-01-20 19:24:00,Tea,Masala Chai Latte - Large,MENU0053,Beverage,Menu Item,245.0,1.0,245.0,7.19,Bill Discount,Synthetic promotion,237.81,11.89,0,0,0,0,249.7,,,,,
Delhi,ABNAH Cafe Connaught Place,,BILL-OUT001-260120-0033,33,Dine In,T16,2026-01-20 16:18:00,2026-01-20 17:01:00,Tea,Japanese Matcha Latte - Regular,MENU0055,Beverage,Menu Item,265.0,2.0,530.0,24.05,Bill Discount,Synthetic promotion,505.95,25.3,0,0,0,0,531.25,,,,,
Delhi,ABNAH Cafe Connaught Place,,BILL-OUT001-260120-0034,34,Dine In,T18,2026-01-20 12:11:00,2026-01-20 12:42:00,Tea,Japanese Matcha Latte - Medium,MENU0056,Beverage,Menu Item,295.0,1.0,295.0,5.43,Bill Discount,Synthetic promotion,289.57,14.48,0,0,0,0,304.05,,,,,
Delhi,ABNAH Cafe Connaught Place,,BILL-OUT001-260120-0035,35,Delivery/Takeaway,,2026-01-20 11:48:00,2026-01-20 12:02:00,Tea,Japanese Matcha Latte - Large,MENU0057,Beverage,Menu Item,325.0,2.0,650.0,11.12,Bill Discount,Synthetic promotion,638.88,31.94,0,0,0,0,670.82,,,,,
Delhi,ABNAH Cafe Connaught Place,,BILL-OUT001-260120-0036,36,Delivery/Takeaway,,2026-01-20 18:02:00,2026-01-20 18:11:00,Iced Tea,Lemon Iced Tea - Large,MENU0060,Beverage,Menu Item,256.25,2.0,512.5,0.01,Bill Discount,Synthetic promotion,512.49,25.62,0,0,0,0,538.11,,,,,
Delhi,ABNAH Cafe Connaught Place,,BILL-OUT001-260120-0037,37,Dine In,T02,2026-01-20 09:05:00,2026-01-20 09:20:00,Shake,Choco Chip Shake - Medium,MENU0069,Beverage,Menu Item,330.0,1.0,330.0,19.63,Bill Discount,Synthetic promotion,310.37,15.52,0,0,0,0,325.89,,,,,
Delhi,ABNAH Cafe Connaught Place,,BILL-OUT001-260120-0038,38,Dine In,T04,2026-01-20 09:02:00,2026-01-20 09:35:00,Smoothie,Seasonal Smoothie - Medium,MENU0075,Beverage,Menu Item,341.09,1.0,341.09,0.0,,,341.09,17.05,0,0,0,0,358.14,,,,,
Delhi,ABNAH Cafe Connaught Place,,BILL-OUT001-260120-0039,39,Dine In,T01,2026-01-20 19:45:00,2026-01-20 20:20:00,Wraps,Spicy Paneer Wrap,MENU0077,Food,Menu Item,275.0,1.0,275.0,13.02,Bill Discount,Synthetic promotion,261.98,13.1,0,0,0,0,275.08,,,,,
Delhi,ABNAH Cafe Connaught Place,,BILL-OUT001-260120-0040,40,Delivery/Takeaway,,2026-01-20 19:46:00,2026-01-20 20:08:00,Sandwiches,Pesto Veg Sandwich,MENU0080,Food,Menu Item,282.81,1.0,282.81,0.0,,,282.81,14.14,0,0,0,0,296.95,,,,,
Delhi,ABNAH Cafe Connaught Place,,BILL-OUT001-260120-0041,41,Delivery/Takeaway,,2026-01-20 10:59:00,2026-01-20 11:45:00,Sandwiches,Pepper Chicken Sandwich,MENU0081,Food,Menu Item,315.0,2.0,630.0,34.54,Bill Discount,Synthetic promotion,595.46,29.77,0,0,0,0,625.23,,,,,
Delhi,ABNAH Cafe Connaught Place,,BILL-OUT001-260120-0042,42,Dine In,T04,2026-01-20 12:09:00,2026-01-20 12:50:00,Sandwiches,Tandoori Chicken Sandwich,MENU0082,Food,Menu Item,320.0,3.0,960.0,19.63,Bill Discount,Synthetic promotion,940.37,47.02,0,0,0,0,987.39,,,,,
Delhi,ABNAH Cafe Connaught Place,,BILL-OUT001-260120-0043,43,Delivery/Takeaway,,2026-01-20 15:25:00,2026-01-20 15:56:00,Toasts,Chicken Pepperoni Avocado Toast,MENU0084,Food,Menu Item,333.59,1.0,333.59,0.0,,,333.59,16.68,0,0,0,0,350.27,,,,,
Delhi,ABNAH Cafe Connaught Place,,BILL-OUT001-260120-0044,44,Dine In,T04,2026-01-20 15:39:00,2026-01-20 15:49:00,Breakfast,Cream Cheese Bagel,MENU0087,Food,Menu Item,250.0,2.0,500.0,13.78,Bill Discount,Synthetic promotion,486.22,24.31,0,0,0,0,510.53,,,,,
Delhi,ABNAH Cafe Connaught Place,,BILL-OUT001-260120-0045,45,Delivery/Takeaway,,2026-01-20 18:05:00,2026-01-20 18:53:00,Breakfast,Scallion Pepper Cream Cheese Bagel,MENU0088,Food,Menu Item,267.62,1.0,267.62,0.0,,,267.62,13.38,0,0,0,0,281.0,,,,,
Delhi,ABNAH Cafe Connaught Place,,BILL-OUT001-260120-0046,46,Dine In,T18,2026-01-20 08:37:00,2026-01-20 08:57:00,Breakfast,Masala Egg Bun,MENU0089,Food,Menu Item,225.0,1.0,225.0,12.64,Bill Discount,Synthetic promotion,212.36,10.62,0,0,0,0,222.98,,,,,
Delhi,ABNAH Cafe Connaught Place,,BILL-OUT001-260120-0047,47,Delivery/Takeaway,,2026-01-20 15:23:00,2026-01-20 15:45:00,Baked Goods,Mushroom Cheese Croissant,MENU0097,Food,Menu Item,255.0,2.0,510.0,20.09,Bill Discount,Synthetic promotion,489.91,24.5,0,0,0,0,514.41,,,,,
Delhi,ABNAH Cafe Connaught Place,,BILL-OUT001-260120-0048,48,Delivery/Takeaway,,2026-01-20 14:24:00,2026-01-20 14:59:00,Baked Goods,Sriracha Chicken Croissant,MENU0098,Food,Menu Item,275.53,1.0,275.53,0.0,,,275.53,13.78,0,0,0,0,289.31,,,,,
Delhi,ABNAH Cafe Connaught Place,,BILL-OUT001-260120-0049,49,Delivery/Takeaway,,2026-01-20 14:31:00,2026-01-20 15:13:00,Desserts,Classic Chocolate Fudge Brownie,MENU0104,Dessert,Menu Item,195.0,3.0,585.0,28.62,Bill Discount,Synthetic promotion,556.38,27.82,0,0,0,0,584.2,,,,,
Delhi,ABNAH Cafe Connaught Place,,BILL-OUT001-260120-0050,50,Delivery/Takeaway,,2026-01-20 11:11:00,2026-01-20 11:21:00,Desserts,Death by Chocolate Cookie,MENU0106,Dessert,Menu Item,190.0,1.0,190.0,0.8,Bill Discount,Synthetic promotion,189.2,9.46,0,0,0,0,198.66,,,,,
Delhi,ABNAH Cafe Connaught Place,,BILL-OUT001-260120-0051,51,Dine In,T10,2026-01-20 13:54:00,2026-01-20 14:22:00,Desserts,Apple Pie,MENU0108,Dessert,Menu Item,270.23,1.0,270.23,0.0,,,270.23,13.51,0,0,0,0,283.74,,,,,
Delhi,ABNAH Cafe Connaught Place,,BILL-OUT001-260120-0052,52,Delivery/Takeaway,,2026-01-20 19:01:00,2026-01-20 19:28:00,Baked Goods,Multigrain Walnut Tea Cake,MENU0110,Dessert,Menu Item,225.0,1.0,225.0,0.59,Bill Discount,Synthetic promotion,224.41,11.22,0,0,0,0,235.63,,,,,
Delhi,ABNAH Cafe Connaught Place,,BILL-OUT001-260121-0001,1,Dine In,T07,2026-01-21 10:02:00,2026-01-21 10:12:00,Coffee Classics,Americano - Regular,MENU0003,Beverage,Menu Item,185.0,4.0,740.0,13.11,Bill Discount,Synthetic promotion,726.89,36.34,0,0,0,0,763.23,,,,,
Delhi,ABNAH Cafe Connaught Place,,BILL-OUT001-260121-0002,2,Delivery/Takeaway,,2026-01-21 08:32:00,2026-01-21 09:05:00,Coffee Classics,Americano - Medium,MENU0004,Beverage,Menu Item,210.0,5.0,1050.0,55.8,Bill Discount,Synthetic promotion,994.2,49.71,0,0,0,0,1043.91,,,,,
Delhi,ABNAH Cafe Connaught Place,,BILL-OUT001-260121-0003,3,Delivery/Takeaway,,2026-01-21 09:10:00,2026-01-21 09:31:00,Coffee Classics,Americano - Large,MENU0005,Beverage,Menu Item,235.0,3.0,705.0,12.46,Bill Discount,Synthetic promotion,692.54,34.63,0,0,0,0,727.17,,,,,
Delhi,ABNAH Cafe Connaught Place,,BILL-OUT001-260121-0004,4,Delivery/Takeaway,,2026-01-21 11:45:00,2026-01-21 11:57:00,Coffee Classics,Latte - Regular,MENU0006,Beverage,Menu Item,225.0,2.0,450.0,5.85,Bill Discount,Synthetic promotion,444.15,22.21,0,0,0,0,466.36,,,,,
Delhi,ABNAH Cafe Connaught Place,,BILL-OUT001-260121-0005,5,Delivery/Takeaway,,2026-01-21 12:49:00,2026-01-21 13:32:00,Coffee Classics,Cappuccino - Medium,MENU0010,Beverage,Menu Item,250.0,3.0,750.0,44.29,Bill Discount,Synthetic promotion,705.71,35.29,0,0,0,0,741.0,,,,,
Delhi,ABNAH Cafe Connaught Place,,BILL-OUT001-260121-0006,6,Dine In,T08,2026-01-21 09:01:00,2026-01-21 09:26:00,Coffee Classics,Cappuccino - Large,MENU0011,Beverage,Menu Item,275.0,2.0,550.0,22.48,Bill Discount,Synthetic promotion,527.52,26.38,0,0,0,0,553.9,,,,,
Delhi,ABNAH Cafe Connaught Place,,BILL-OUT001-260121-0007,7,Delivery/Takeaway,,2026-01-21 13:42:00,2026-01-21 14:12:00,Coffee Classics,Flat White - Regular,MENU0012,Beverage,Menu Item,238.62,5.0,1193.1,0.0,,,1193.11,59.66,0,0,0,0,1252.77,,,,,
Delhi,ABNAH Cafe Connaught Place,,BILL-OUT001-260121-0008,8,Dine In,T08,2026-01-21 18:45:00,2026-01-21 19:20:00,Coffee Classics,Flat White - Large,MENU0014,Beverage,Menu Item,285.0,1.0,285.0,16.78,Bill Discount,Synthetic promotion,268.22,13.41,0,0,0,0,281.63,,,,,
Delhi,ABNAH Cafe Connaught Place,,BILL-OUT001-260121-0009,9,Delivery/Takeaway,,2026-01-21 12:11:00,2026-01-21 12:24:00,Coffee Classics,Mocha - Regular,MENU0015,Beverage,Menu Item,245.0,2.0,490.0,2.14,Bill Discount,Synthetic promotion,487.86,24.39,0,0,0,0,512.25,,,,,
Delhi,ABNAH Cafe Connaught Place,,BILL-OUT001-260121-0010,10,Delivery/Takeaway,,2026-01-21 15:57:00,2026-01-21 16:21:00,Signature Coffee,Sea Salt Mocha - Large,MENU0020,Beverage,Menu Item,337.63,1.0,337.63,0.0,,,337.63,16.88,0,0,0,0,354.51,,,,,
Delhi,ABNAH Cafe Connaught Place,,BILL-OUT001-260121-0011,11,Delivery/Takeaway,,2026-01-21 16:40:00,2026-01-21 16:50:00,Signature Coffee,Orange Zest Mocha - Regular,MENU0021,Beverage,Menu Item,270.0,1.0,270.0,4.3,Bill Discount,Synthetic promotion,265.7,13.29,0,0,0,0,278.99,,,,,
Delhi,ABNAH Cafe Connaught Place,,BILL-OUT001-260121-0012,12,Delivery/Takeaway,,2026-01-21 10:50:00,2026-01-21 11:26:00,Signature Coffee,Orange Zest Mocha - Large,MENU0023,Beverage,Menu Item,330.0,1.0,330.0,6.98,Bill Discount,Synthetic promotion,323.02,16.15,0,0,0,0,339.17,,,,,
Delhi,ABNAH Cafe Connaught Place,,BILL-OUT001-260121-0013,13,Delivery/Takeaway,,2026-01-21 17:44:00,2026-01-21 18:05:00,Signature Coffee,Caramel Macchiato - Medium,MENU0025,Beverage,Menu Item,295.0,1.0,295.0,15.79,Bill Discount,Synthetic promotion,279.21,13.96,0,0,0,0,293.17,,,,,
Delhi,ABNAH Cafe Connaught Place,,BILL-OUT001-260121-0014,14,Delivery/Takeaway,,2026-01-21 17:14:00,2026-01-21 17:43:00,Signature Coffee,French Vanilla Latte - Medium,MENU0028,Beverage,Menu Item,300.52,2.0,601.04,0.0,,,601.04,30.05,0,0,0,0,631.09,,,,,
Delhi,ABNAH Cafe Connaught Place,,BILL-OUT001-260121-0015,15,Dine In,T10,2026-01-21 19:40:00,2026-01-21 20:25:00,Signature Coffee,Vegan Iced Latte - Regular,MENU0030,Beverage,Menu Item,285.0,4.0,1140.0,32.48,Bill Discount,Synthetic promotion,1107.52,55.38,0,0,0,0,1162.9,,,,,
Delhi,ABNAH Cafe Connaught Place,,BILL-OUT001-260121-0016,16,Delivery/Takeaway,,2026-01-21 13:18:00,2026-01-21 14:04:00,Cold Brew,Coffee Lemonade - Regular,MENU0036,Beverage,Menu Item,235.0,1.0,235.0,2.97,Bill Discount,Synthetic promotion,232.03,11.6,0,0,0,0,243.63,,,,,
Delhi,ABNAH Cafe Connaught Place,,BILL-OUT001-260121-0017,17,Dine In,T10,2026-01-21 15:34:00,2026-01-21 16:23:00,Cold Brew,Coffee Lemonade - Medium,MENU0037,Beverage,Menu Item,264.25,1.0,264.25,0.0,,,264.25,13.21,0,0,0,0,277.46,,,,,
Delhi,ABNAH Cafe Connaught Place,,BILL-OUT001-260121-0018,18,Delivery/Takeaway,,2026-01-21 12:03:00,2026-01-21 12:34:00,Cold Brew,Vietnamese Shakerato - Medium,MENU0040,Beverage,Menu Item,280.0,1.0,280.0,1.86,Bill Discount,Synthetic promotion,278.14,13.91,0,0,0,0,292.05,,,,,
Delhi,ABNAH Cafe Connaught Place,,BILL-OUT001-260121-0019,19,Dine In,T23,2026-01-21 11:44:00,2026-01-21 12:06:00,Cold Coffee,Classic Cold Coffee - Regular,MENU0042,Beverage,Menu Item,255.0,1.0,255.0,7.73,Bill Discount,Synthetic promotion,247.27,12.36,0,0,0,0,259.63,,,,,
Delhi,ABNAH Cafe Connaught Place,,BILL-OUT001-260121-0020,20,Delivery/Takeaway,,2026-01-21 09:03:00,2026-01-21 09:44:00,Cold Coffee,Classic Cold Coffee - Medium,MENU0043,Beverage,Menu Item,290.0,2.0,580.0,12.17,Bill Discount,Synthetic promotion,567.83,28.39,0,0,0,0,596.22,,,,,
Delhi,ABNAH Cafe Connaught Place,,BILL-OUT001-260121-0021,21,Dine In,T01,2026-01-21 16:46:00,2026-01-21 17:33:00,Cold Coffee,Mocha Cold Coffee - Regular,MENU0045,Beverage,Menu Item,285.0,1.0,285.0,16.65,Bill Discount,Synthetic promotion,268.35,13.42,0,0,0,0,281.77,,,,,
Delhi,ABNAH Cafe Connaught Place,,BILL-OUT001-260121-0022,22,Delivery/Takeaway,,2026-01-21 14:16:00,2026-01-21 14:45:00,Cold Coffee,Mocha Cold Coffee - Medium,MENU0046,Beverage,Menu Item,326.1,2.0,652.2,0.0,,,652.2,32.61,0,0,0,0,684.81,,,,,
Delhi,ABNAH Cafe Connaught Place,,BILL-OUT001-260121-0023,23,Dine In,T01,2026-01-21 10:09:00,2026-01-21 10:21:00,Cold Coffee,Caramel Cold Coffee - Regular,MENU0048,Beverage,Menu Item,285.0,1.0,285.0,13.72,Bill Discount,Synthetic promotion,271.28,13.56,0,0,0,0,284.84,,,,,
Delhi,ABNAH Cafe Connaught Place,,BILL-OUT001-260121-0024,24,Dine In,T21,2026-01-21 13:45:00,2026-01-21 14:21:00,Tea,Masala Chai Latte - Regular,MENU0051,Beverage,Menu Item,195.0,1.0,195.0,11.18,Bill Discount,Synthetic promotion,183.82,9.19,0,0,0,0,193.01,,,,,
Delhi,ABNAH Cafe Connaught Place,,BILL-OUT001-260121-0025,25,Delivery/Takeaway,,2026-01-21 18:10:00,2026-01-21 18:22:00,Tea,Masala Chai Latte - Large,MENU0053,Beverage,Menu Item,245.0,1.0,245.0,5.75,Bill Discount,Synthetic promotion,239.25,11.96,0,0,0,0,251.21,,,,,
Delhi,ABNAH Cafe Connaught Place,,BILL-OUT001-260121-0026,26,Dine In,T17,2026-01-21 19:43:00,2026-01-21 20:07:00,Tea,Himalayan Green Tea,MENU0054,Beverage,Menu Item,210.0,2.0,420.0,14.28,Bill Discount,Synthetic promotion,405.72,20.29,0,0,0,0,426.01,,,,,
Delhi,ABNAH Cafe Connaught Place,,BILL-OUT001-260121-0027,27,Delivery/Takeaway,,2026-01-21 10:17:00,2026-01-21 10:27:00,Tea,Japanese Matcha Latte - Regular,MENU0055,Beverage,Menu Item,265.0,1.0,265.0,7.43,Bill Discount,Synthetic promotion,257.57,12.88,0,0,0,0,270.45,,,,,
Delhi,ABNAH Cafe Connaught Place,,BILL-OUT001-260121-0028,28,Delivery/Takeaway,,2026-01-21 12:57:00,2026-01-21 13:14:00,Iced Tea,Lemon Iced Tea - Medium,MENU0059,Beverage,Menu Item,230.0,1.0,230.0,7.69,Bill Discount,Synthetic promotion,222.31,11.12,0,0,0,0,233.43,,,,,
Delhi,ABNAH Cafe Connaught Place,,BILL-OUT001-260121-0029,29,Delivery/Takeaway,,2026-01-21 13:46:00,2026-01-21 14:00:00,Iced Tea,Hibiscus Lime Iced Tea - Regular,MENU0061,Beverage,Menu Item,226.94,1.0,226.94,0.0,,,226.94,11.35,0,0,0,0,238.29,,,,,
Delhi,ABNAH Cafe Connaught Place,,BILL-OUT001-260121-0030,30,Delivery/Takeaway,,2026-01-21 18:00:00,2026-01-21 18:26:00,Iced Tea,Hibiscus Lime Iced Tea - Medium,MENU0062,Beverage,Menu Item,250.0,2.0,500.0,28.58,Bill Discount,Synthetic promotion,471.42,23.57,0,0,0,0,494.99,,,,,
Delhi,ABNAH Cafe Connaught Place,,BILL-OUT001-260121-0031,31,Dine In,T11,2026-01-21 18:28:00,2026-01-21 19:03:00,Shake,Choco Chip Shake - Large,MENU0070,Beverage,Menu Item,365.0,1.0,365.0,15.5,Bill Discount,Synthetic promotion,349.5,17.48,0,0,0,0,366.98,,,,,
Delhi,ABNAH Cafe Connaught Place,,BILL-OUT001-260121-0032,32,Dine In,T23,2026-01-21 17:43:00,2026-01-21 18:23:00,Shake,Mixed Berry Shake - Regular,MENU0071,Beverage,Menu Item,315.0,1.0,315.0,9.94,Bill Discount,Synthetic promotion,305.06,15.25,0,0,0,0,320.31,,,,,
Delhi,ABNAH Cafe Connaught Place,,BILL-OUT001-260121-0033,33,Delivery/Takeaway,,2026-01-21 13:53:00,2026-01-21 14:05:00,Shake,Mixed Berry Shake - Medium,MENU0072,Beverage,Menu Item,350.0,3.0,1050.0,18.91,Bill Discount,Synthetic promotion,1031.09,51.55,0,0,0,0,1082.64,,,,,
Delhi,ABNAH Cafe Connaught Place,,BILL-OUT001-260121-0034,34,Dine In,T10,2026-01-21 09:38:00,2026-01-21 10:02:00,Sandwiches,Pesto Veg Sandwich,MENU0080,Food,Menu Item,280.0,2.0,560.0,11.79,Bill Discount,Synthetic promotion,548.21,27.41,0,0,0,0,575.62,,,,,
Delhi,ABNAH Cafe Connaught Place,,BILL-OUT001-260121-0035,35,Delivery/Takeaway,,2026-01-21 19:49:00,2026-01-21 20:05:00,Sandwiches,Pepper Chicken Sandwich,MENU0081,Food,Menu Item,318.27,2.0,636.54,0.0,,,636.54,31.83,0,0,0,0,668.37,,,,,
Delhi,ABNAH Cafe Connaught Place,,BILL-OUT001-260121-0036,36,Delivery/Takeaway,,2026-01-21 10:28:00,2026-01-21 10:39:00,Breakfast,Breakfast Pancakes,MENU0086,Food,Menu Item,285.0,1.0,285.0,16.4,Bill Discount,Synthetic promotion,268.6,13.43,0,0,0,0,282.03,,,,,
Delhi,ABNAH Cafe Connaught Place,,BILL-OUT001-260121-0037,37,Delivery/Takeaway,,2026-01-21 11:38:00,2026-01-21 12:14:00,Breakfast,Cream Cheese Bagel,MENU0087,Food,Menu Item,250.0,1.0,250.0,5.7,Bill Discount,Synthetic promotion,244.3,12.21,0,0,0,0,256.51,,,,,
Delhi,ABNAH Cafe Connaught Place,,BILL-OUT001-260121-0038,38,Dine In,T14,2026-01-21 15:45:00,2026-01-21 16:34:00,Breakfast,Scallion Pepper Cream Cheese Bagel,MENU0088,Food,Menu Item,265.0,1.0,265.0,7.31,Bill Discount,Synthetic promotion,257.69,12.88,0,0,0,0,270.57,,,,,
Delhi,ABNAH Cafe Connaught Place,,BILL-OUT001-260121-0039,39,Delivery/Takeaway,,2026-01-21 12:18:00,2026-01-21 12:56:00,Snacks,Pesto Sundried Tomato Pin Wheel,MENU0091,Food,Menu Item,225.06,1.0,225.06,0.0,,,225.06,11.25,0,0,0,0,236.31,,,,,
Delhi,ABNAH Cafe Connaught Place,,BILL-OUT001-260121-0040,40,Delivery/Takeaway,,2026-01-21 11:06:00,2026-01-21 11:18:00,Snacks,Turnover with Brioche Dough Veg,MENU0093,Food,Menu Item,235.81,1.0,235.81,0.0,,,235.81,11.79,0,0,0,0,247.6,,,,,
Delhi,ABNAH Cafe Connaught Place,,BILL-OUT001-260121-0041,41,Delivery/Takeaway,,2026-01-21 14:27:00,2026-01-21 14:59:00,Baked Goods,Almond Croissant,MENU0095,Food,Menu Item,245.0,1.0,245.0,13.73,Bill Discount,Synthetic promotion,231.27,11.56,0,0,0,0,242.83,,,,,
Delhi,ABNAH Cafe Connaught Place,,BILL-OUT001-260121-0042,42,Delivery/Takeaway,,2026-01-21 10:39:00,2026-01-21 10:49:00,Baked Goods,Chocolate Croissant,MENU0096,Food,Menu Item,235.0,1.0,235.0,1.88,Bill Discount,Synthetic promotion,233.12,11.66,0,0,0,0,244.78,,,,,
Delhi,ABNAH Cafe Connaught Place,,BILL-OUT001-260121-0043,43,Delivery/Takeaway,,2026-01-21 15:03:00,2026-01-21 15:12:00,Baked Goods,Lemon Raspberry Tea Cake,MENU0101,Dessert,Menu Item,215.0,1.0,215.0,5.67,Bill Discount,Synthetic promotion,209.33,10.47,0,0,0,0,219.8,,,,,
Delhi,ABNAH Cafe Connaught Place,,BILL-OUT001-260121-0044,44,Delivery/Takeaway,,2026-01-21 10:56:00,2026-01-21 11:29:00,Desserts,Double Chocolate Truffle Cake,MENU0102,Dessert,Menu Item,295.0,1.0,295.0,12.94,Bill Discount,Synthetic promotion,282.06,14.1,0,0,0,0,296.16,,,,,
Delhi,ABNAH Cafe Connaught Place,,BILL-OUT001-260121-0045,45,Dine In,T09,2026-01-21 10:33:00,2026-01-21 11:21:00,Desserts,Classic Chocolate Fudge Brownie,MENU0104,Dessert,Menu Item,197.18,1.0,197.18,0.0,,,197.18,9.86,0,0,0,0,207.04,,,,,
Delhi,ABNAH Cafe Connaught Place,,BILL-OUT001-260121-0046,46,Delivery/Takeaway,,2026-01-21 19:21:00,2026-01-21 19:37:00,Desserts,Soft-Centred Caramel Cookie,MENU0105,Dessert,Menu Item,180.0,1.0,180.0,0.74,Bill Discount,Synthetic promotion,179.26,8.96,0,0,0,0,188.22,,,,,
Delhi,ABNAH Cafe Connaught Place,,BILL-OUT001-260121-0047,47,Dine In,T17,2026-01-21 10:57:00,2026-01-21 11:21:00,Desserts,Death by Chocolate Cookie,MENU0106,Dessert,Menu Item,192.34,1.0,192.34,0.0,,,192.34,9.62,0,0,0,0,201.96,,,,,
Delhi,ABNAH Cafe Connaught Place,,BILL-OUT001-260122-0001,1,Delivery/Takeaway,,2026-01-22 17:57:00,2026-01-22 18:24:00,Coffee Classics,Americano - Regular,MENU0003,Beverage,Menu Item,187.85,3.0,563.55,0.0,,,563.56,28.18,0,0,0,0,591.74,,,,,
Delhi,ABNAH Cafe Connaught Place,,BILL-OUT001-260122-0002,2,Delivery/Takeaway,,2026-01-22 13:22:00,2026-01-22 14:02:00,Coffee Classics,Americano - Medium,MENU0004,Beverage,Menu Item,212.02,2.0,424.04,0.0,,,424.04,21.2,0,0,0,0,445.24,,,,,
Delhi,ABNAH Cafe Connaught Place,,BILL-OUT001-260122-0003,3,Delivery/Takeaway,,2026-01-22 14:10:00,2026-01-22 14:27:00,Coffee Classics,Americano - Large,MENU0005,Beverage,Menu Item,235.0,3.0,705.0,3.33,Bill Discount,Synthetic promotion,701.67,35.08,0,0,0,0,736.75,,,,,
Delhi,ABNAH Cafe Connaught Place,,BILL-OUT001-260122-0004,4,Delivery/Takeaway,,2026-01-22 09:48:00,2026-01-22 10:30:00,Coffee Classics,Latte - Regular,MENU0006,Beverage,Menu Item,225.0,5.0,1125.0,42.46,Bill Discount,Synthetic promotion,1082.54,54.13,0,0,0,0,1136.67,,,,,
Delhi,ABNAH Cafe Connaught Place,,BILL-OUT001-260122-0005,5,Dine In,T09,2026-01-22 15:28:00,2026-01-22 15:52:00,Coffee Classics,Latte - Medium,MENU0007,Beverage,Menu Item,251.94,3.0,755.82,0.0,,,755.82,37.79,0,0,0,0,793.61,,,,,
Delhi,ABNAH Cafe Connaught Place,,BILL-OUT001-260122-0006,6,Dine In,T07,2026-01-22 14:04:00,2026-01-22 14:21:00,Coffee Classics,Latte - Large,MENU0008,Beverage,Menu Item,275.0,2.0,550.0,21.82,Bill Discount,Synthetic promotion,528.18,26.41,0,0,0,0,554.59,,,,,
Delhi,ABNAH Cafe Connaught Place,,BILL-OUT001-260122-0007,7,Dine In,T08,2026-01-22 19:45:00,2026-01-22 20:32:00,Coffee Classics,Cappuccino - Regular,MENU0009,Beverage,Menu Item,225.35,1.0,225.35,0.0,,,225.35,11.27,0,0,0,0,236.62,,,,,
Delhi,ABNAH Cafe Connaught Place,,BILL-OUT001-260122-0008,8,Dine In,T15,2026-01-22 12:31:00,2026-01-22 13:10:00,Coffee Classics,Cappuccino - Large,MENU0011,Beverage,Menu Item,278.11,1.0,278.11,0.0,,,278.11,13.91,0,0,0,0,292.02,,,,,
Delhi,ABNAH Cafe Connaught Place,,BILL-OUT001-260122-0009,9,Dine In,T22,2026-01-22 12:39:00,2026-01-22 13:09:00,Coffee Classics,Flat White - Regular,MENU0012,Beverage,Menu Item,235.0,2.0,470.0,8.36,Bill Discount,Synthetic promotion,461.64,23.08,0,0,0,0,484.72,,,,,
Delhi,ABNAH Cafe Connaught Place,,BILL-OUT001-260122-0010,10,Delivery/Takeaway,,2026-01-22 16:39:00,2026-01-22 17:15:00,Coffee Classics,Flat White - Medium,MENU0013,Beverage,Menu Item,260.0,1.0,260.0,1.39,Bill Discount,Synthetic promotion,258.61,12.93,0,0,0,0,271.54,,,,,
Delhi,ABNAH Cafe Connaught Place,,BILL-OUT001-260122-0011,11,Delivery/Takeaway,,2026-01-22 19:41:00,2026-01-22 20:01:00,Coffee Classics,Flat White - Large,MENU0014,Beverage,Menu Item,285.0,2.0,570.0,28.59,Bill Discount,Synthetic promotion,541.41,27.07,0,0,0,0,568.48,,,,,
Delhi,ABNAH Cafe Connaught Place,,BILL-OUT001-260122-0012,12,Dine In,T07,2026-01-22 19:27:00,2026-01-22 19:49:00,Coffee Classics,Mocha - Regular,MENU0015,Beverage,Menu Item,245.0,1.0,245.0,11.12,Bill Discount,Synthetic promotion,233.88,11.69,0,0,0,0,245.57,,,,,
Delhi,ABNAH Cafe Connaught Place,,BILL-OUT001-260122-0013,13,Dine In,T23,2026-01-22 16:28:00,2026-01-22 16:43:00,Coffee Classics,Mocha - Large,MENU0017,Beverage,Menu Item,295.0,2.0,590.0,31.85,Bill Discount,Synthetic promotion,558.15,27.91,0,0,0,0,586.06,,,,,
Delhi,ABNAH Cafe Connaught Place,,BILL-OUT001-260122-0014,14,Dine In,T01,2026-01-22 19:58:00,2026-01-22 20:18:00,Signature Coffee,Orange Zest Mocha - Regular,MENU0021,Beverage,Menu Item,270.0,1.0,270.0,1.03,Bill Discount,Synthetic promotion,268.97,13.45,0,0,0,0,282.42,,,,,
Delhi,ABNAH Cafe Connaught Place,,BILL-OUT001-260122-0015,15,Dine In,T24,2026-01-22 13:55:00,2026-01-22 14:34:00,Signature Coffee,Orange Zest Mocha - Large,MENU0023,Beverage,Menu Item,330.0,1.0,330.0,15.3,Bill Discount,Synthetic promotion,314.7,15.73,0,0,0,0,330.43,,,,,
Delhi,ABNAH Cafe Connaught Place,,BILL-OUT001-260122-0016,16,Dine In,T20,2026-01-22 13:05:00,2026-01-22 13:25:00,Signature Coffee,Caramel Macchiato - Regular,MENU0024,Beverage,Menu Item,265.0,1.0,265.0,8.8,Bill Discount,Synthetic promotion,256.2,12.81,0,0,0,0,269.01,,,,,
Delhi,ABNAH Cafe Connaught Place,,BILL-OUT001-260122-0017,17,Delivery/Takeaway,,2026-01-22 18:15:00,2026-01-22 18:57:00,Signature Coffee,Caramel Macchiato - Medium,MENU0025,Beverage,Menu Item,295.0,1.0,295.0,7.83,Bill Discount,Synthetic promotion,287.17,14.36,0,0,0,0,301.53,,,,,
Delhi,ABNAH Cafe Connaught Place,,BILL-OUT001-260122-0018,18,Delivery/Takeaway,,2026-01-22 17:17:00,2026-01-22 17:53:00,Signature Coffee,French Vanilla Latte - Medium,MENU0028,Beverage,Menu Item,295.0,1.0,295.0,15.97,Bill Discount,Synthetic promotion,279.03,13.95,0,0,0,0,292.98,,,,,
Delhi,ABNAH Cafe Connaught Place,,BILL-OUT001-260122-0019,19,Delivery/Takeaway,,2026-01-22 08:38:00,2026-01-22 08:49:00,Signature Coffee,Vegan Iced Latte - Regular,MENU0030,Beverage,Menu Item,285.0,1.0,285.0,4.04,Bill Discount,Synthetic promotion,280.96,14.05,0,0,0,0,295.01,,,,,
Delhi,ABNAH Cafe Connaught Place,,BILL-OUT001-260122-0020,20,Dine In,T24,2026-01-22 11:17:00,2026-01-22 11:30:00,Signature Coffee,Vegan Iced Latte - Medium,MENU0031,Beverage,Menu Item,310.0,1.0,310.0,11.67,Bill Discount,Synthetic promotion,298.33,14.92,0,0,0,0,313.25,,,,,
Delhi,ABNAH Cafe Connaught Place,,BILL-OUT001-260122-0021,21,Dine In,T05,2026-01-22 09:13:00,2026-01-22 09:24:00,Cold Brew,Classic Cold Brew - Large,MENU0035,Beverage,Menu Item,275.0,2.0,550.0,25.05,Bill Discount,Synthetic promotion,524.95,26.25,0,0,0,0,551.2,,,,,
Delhi,ABNAH Cafe Connaught Place,,BILL-OUT001-260122-0022,22,Dine In,T10,2026-01-22 08:34:00,2026-01-22 08:54:00,Cold Brew,Coffee Lemonade - Regular,MENU0036,Beverage,Menu Item,235.0,2.0,470.0,21.45,Bill Discount,Synthetic promotion,448.55,22.43,0,0,0,0,470.98,,,,,
Delhi,ABNAH Cafe Connaught Place,,BILL-OUT001-260122-0023,23,Dine In,T12,2026-01-22 17:55:00,2026-01-22 18:28:00,Cold Brew,Coffee Lemonade - Large,MENU0038,Beverage,Menu Item,285.0,2.0,570.0,5.45,Bill Discount,Synthetic promotion,564.55,28.23,0,0,0,0,592.78,,,,,
Delhi,ABNAH Cafe Connaught Place,,BILL-OUT001-260122-0024,24,Dine In,T04,2026-01-22 11:17:00,2026-01-22 12:01:00,Cold Brew,Vietnamese Shakerato - Regular,MENU0039,Beverage,Menu Item,255.0,1.0,255.0,2.5,Bill Discount,Synthetic promotion,252.5,12.62,0,0,0,0,265.12,,,,,
Delhi,ABNAH Cafe Connaught Place,,BILL-OUT001-260122-0025,25,Delivery/Takeaway,,2026-01-22 17:55:00,2026-01-22 18:39:00,Cold Brew,Vietnamese Shakerato - Large,MENU0041,Beverage,Menu Item,305.5,1.0,305.5,0.0,,,305.5,15.28,0,0,0,0,320.78,,,,,
Delhi,ABNAH Cafe Connaught Place,,BILL-OUT001-260122-0026,26,Dine In,T16,2026-01-22 13:06:00,2026-01-22 13:42:00,Cold Coffee,Classic Cold Coffee - Medium,MENU0043,Beverage,Menu Item,290.0,4.0,1160.0,47.56,Bill Discount,Synthetic promotion,1112.44,55.62,0,0,0,0,1168.06,,,,,
Delhi,ABNAH Cafe Connaught Place,,BILL-OUT001-260122-0027,27,Delivery/Takeaway,,2026-01-22 16:00:00,2026-01-22 16:18:00,Cold Coffee,Classic Cold Coffee - Large,MENU0044,Beverage,Menu Item,325.0,1.0,325.0,1.38,Bill Discount,Synthetic promotion,323.62,16.18,0,0,0,0,339.8,,,,,
Delhi,ABNAH Cafe Connaught Place,,BILL-OUT001-260122-0028,28,Delivery/Takeaway,,2026-01-22 18:38:00,2026-01-22 19:18:00,Cold Coffee,Mocha Cold Coffee - Regular,MENU0045,Beverage,Menu Item,285.0,3.0,855.0,9.77,Bill Discount,Synthetic promotion,845.23,42.26,0,0,0,0,887.49,,,,,
Delhi,ABNAH Cafe Connaught Place,,BILL-OUT001-260122-0029,29,Delivery/Takeaway,,2026-01-22 12:25:00,2026-01-22 13:06:00,Cold Coffee,Caramel Cold Coffee - Large,MENU0050,Beverage,Menu Item,355.0,1.0,355.0,1.03,Bill Discount,Synthetic promotion,353.97,17.7,0,0,0,0,371.67,,,,,
Delhi,ABNAH Cafe Connaught Place,,BILL-OUT001-260122-0030,30,Delivery/Takeaway,,2026-01-22 12:20:00,2026-01-22 12:56:00,Tea,Masala Chai Latte - Medium,MENU0052,Beverage,Menu Item,220.0,3.0,660.0,2.52,Bill Discount,Synthetic promotion,657.48,32.87,0,0,0,0,690.35,,,,,
Delhi,ABNAH Cafe Connaught Place,,BILL-OUT001-260122-0031,31,Delivery/Takeaway,,2026-01-22 08:04:00,2026-01-22 08:44:00,Tea,Himalayan Green Tea,MENU0054,Beverage,Menu Item,210.0,1.0,210.0,4.44,Bill Discount,Synthetic promotion,205.56,10.28,0,0,0,0,215.84,,,,,
Delhi,ABNAH Cafe Connaught Place,,BILL-OUT001-260122-0032,32,Delivery/Takeaway,,2026-01-22 15:43:00,2026-01-22 16:01:00,Tea,Japanese Matcha Latte - Regular,MENU0055,Beverage,Menu Item,265.0,3.0,795.0,45.93,Bill Discount,Synthetic promotion,749.07,37.45,0,0,0,0,786.52,,,,,
Delhi,ABNAH Cafe Connaught Place,,BILL-OUT001-260122-0033,33,Delivery/Takeaway,,2026-01-22 12:14:00,2026-01-22 12:25:00,Tea,Japanese Matcha Latte - Medium,MENU0056,Beverage,Menu Item,295.0,2.0,590.0,30.32,Bill Discount,Synthetic promotion,559.68,27.98,0,0,0,0,587.66,,,,,
Delhi,ABNAH Cafe Connaught Place,,BILL-OUT001-260122-0034,34,Dine In,T14,2026-01-22 18:39:00,2026-01-22 19:03:00,Iced Tea,Lemon Iced Tea - Regular,MENU0058,Beverage,Menu Item,206.17,1.0,206.17,0.0,,,206.17,10.31,0,0,0,0,216.48,,,,,
Delhi,ABNAH Cafe Connaught Place,,BILL-OUT001-260122-0035,35,Dine In,T16,2026-01-22 11:03:00,2026-01-22 11:21:00,Iced Tea,Lemon Iced Tea - Medium,MENU0059,Beverage,Menu Item,232.6,2.0,465.2,0.0,,,465.21,23.26,0,0,0,0,488.47,,,,,
Delhi,ABNAH Cafe Connaught Place,,BILL-OUT001-260122-0036,36,Dine In,T15,2026-01-22 16:05:00,2026-01-22 16:24:00,Iced Tea,Hibiscus Lime Iced Tea - Regular,MENU0061,Beverage,Menu Item,225.0,1.0,225.0,7.79,Bill Discount,Synthetic promotion,217.21,10.86,0,0,0,0,228.07,,,,,
Delhi,ABNAH Cafe Connaught Place,,BILL-OUT001-260122-0037,37,Delivery/Takeaway,,2026-01-22 15:22:00,2026-01-22 15:45:00,Kids Beverage,Hot Chocolate - Regular,MENU0064,Beverage,Menu Item,220.0,1.0,220.0,10.43,Bill Discount,Synthetic promotion,209.57,10.48,0,0,0,0,220.05,,,,,
Delhi,ABNAH Cafe Connaught Place,,BILL-OUT001-260122-0038,38,Dine In,T09,2026-01-22 18:53:00,2026-01-22 19:01:00,Kids Beverage,Babyccino - Regular,MENU0067,Beverage,Menu Item,165.0,1.0,165.0,5.47,Bill Discount,Synthetic promotion,159.53,7.98,0,0,0,0,167.51,,,,,
Delhi,ABNAH Cafe Connaught Place,,BILL-OUT001-260122-0039,39,Delivery/Takeaway,,2026-01-22 17:05:00,2026-01-22 17:37:00,Shake,Mixed Berry Shake - Regular,MENU0071,Beverage,Menu Item,315.87,1.0,315.87,0.0,,,315.87,15.79,0,0,0,0,331.66,,,,,
Delhi,ABNAH Cafe Connaught Place,,BILL-OUT001-260122-0040,40,Delivery/Takeaway,,2026-01-22 11:34:00,2026-01-22 12:13:00,Shake,Mixed Berry Shake - Large,MENU0073,Beverage,Menu Item,385.0,1.0,385.0,22.88,Bill Discount,Synthetic promotion,362.12,18.11,0,0,0,0,380.23,,,,,
Delhi,ABNAH Cafe Connaught Place,,BILL-OUT001-260122-0041,41,Dine In,T02,2026-01-22 14:27:00,2026-01-22 15:16:00,Smoothie,Seasonal Smoothie - Regular,MENU0074,Beverage,Menu Item,305.0,1.0,305.0,4.43,Bill Discount,Synthetic promotion,300.57,15.03,0,0,0,0,315.6,,,,,
Delhi,ABNAH Cafe Connaught Place,,BILL-OUT001-260122-0042,42,Dine In,T21,2026-01-22 19:06:00,2026-01-22 19:37:00,Smoothie,Seasonal Smoothie - Medium,MENU0075,Beverage,Menu Item,343.29,1.0,343.29,0.0,,,343.29,17.16,0,0,0,0,360.45,,,,,
Delhi,ABNAH Cafe Connaught Place,,BILL-OUT001-260122-0043,43,Delivery/Takeaway,,2026-01-22 08:30:00,2026-01-22 09:13:00,Wraps,Spicy Paneer Wrap,MENU0077,Food,Menu Item,278.44,1.0,278.44,0.0,,,278.44,13.92,0,0,0,0,292.36,,,,,
Delhi,ABNAH Cafe Connaught Place,,BILL-OUT001-260122-0044,44,Dine In,T17,2026-01-22 19:38:00,2026-01-22 19:46:00,Wraps,Shredded Chicken Wrap,MENU0078,Food,Menu Item,295.0,1.0,295.0,14.84,Bill Discount,Synthetic promotion,280.16,14.01,0,0,0,0,294.17,,,,,
Delhi,ABNAH Cafe Connaught Place,,BILL-OUT001-260122-0045,45,Delivery/Takeaway,,2026-01-22 11:35:00,2026-01-22 11:50:00,Sandwiches,Smoked Chipotle Paneer Sandwich,MENU0079,Food,Menu Item,295.0,2.0,590.0,20.64,Bill Discount,Synthetic promotion,569.36,28.47,0,0,0,0,597.83,,,,,
Delhi,ABNAH Cafe Connaught Place,,BILL-OUT001-260122-0046,46,Dine In,T16,2026-01-22 11:30:00,2026-01-22 11:52:00,Sandwiches,Pesto Veg Sandwich,MENU0080,Food,Menu Item,280.95,2.0,561.9,0.0,,,561.91,28.1,0,0,0,0,590.01,,,,,
Delhi,ABNAH Cafe Connaught Place,,BILL-OUT001-260122-0047,47,Delivery/Takeaway,,2026-01-22 13:17:00,2026-01-22 13:58:00,Sandwiches,Tandoori Chicken Sandwich,MENU0082,Food,Menu Item,322.81,1.0,322.81,0.0,,,322.81,16.14,0,0,0,0,338.95,,,,,
Delhi,ABNAH Cafe Connaught Place,,BILL-OUT001-260122-0048,48,Dine In,T10,2026-01-22 16:42:00,2026-01-22 17:29:00,Toasts,Chicken Pepperoni Avocado Toast,MENU0084,Food,Menu Item,330.0,1.0,330.0,3.76,Bill Discount,Synthetic promotion,326.24,16.31,0,0,0,0,342.55,,,,,
Delhi,ABNAH Cafe Connaught Place,,BILL-OUT001-260122-0049,49,Delivery/Takeaway,,2026-01-22 17:51:00,2026-01-22 18:27:00,Breakfast,Breakfast Pancakes,MENU0086,Food,Menu Item,285.0,1.0,285.0,8.83,Bill Discount,Synthetic promotion,276.17,13.81,0,0,0,0,289.98,,,,,
Delhi,ABNAH Cafe Connaught Place,,BILL-OUT001-260122-0050,50,Dine In,T13,2026-01-22 12:46:00,2026-01-22 12:54:00,Breakfast,Cream Cheese Bagel,MENU0087,Food,Menu Item,250.34,1.0,250.34,0.0,,,250.34,12.52,0,0,0,0,262.86,,,,,
Delhi,ABNAH Cafe Connaught Place,,BILL-OUT001-260122-0051,51,Delivery/Takeaway,,2026-01-22 14:37:00,2026-01-22 15:06:00,Breakfast,Scallion Pepper Cream Cheese Bagel,MENU0088,Food,Menu Item,265.0,1.0,265.0,14.57,Bill Discount,Synthetic promotion,250.43,12.52,0,0,0,0,262.95,,,,,
Delhi,ABNAH Cafe Connaught Place,,BILL-OUT001-260122-0052,52,Delivery/Takeaway,,2026-01-22 19:25:00,2026-01-22 19:40:00,Snacks,Marinara Cheese Pin Wheels,MENU0090,Food,Menu Item,217.06,1.0,217.06,0.0,,,217.06,10.85,0,0,0,0,227.91,,,,,
Delhi,ABNAH Cafe Connaught Place,,BILL-OUT001-260122-0053,53,Delivery/Takeaway,,2026-01-22 12:37:00,2026-01-22 13:24:00,Baked Goods,Almond Croissant,MENU0095,Food,Menu Item,245.0,1.0,245.0,5.09,Bill Discount,Synthetic promotion,239.91,12.0,0,0,0,0,251.91,,,,,
Delhi,ABNAH Cafe Connaught Place,,BILL-OUT001-260122-0054,54,Dine In,T05,2026-01-22 19:10:00,2026-01-22 19:18:00,Baked Goods,Chocolate Croissant,MENU0096,Food,Menu Item,236.54,1.0,236.54,0.0,,,236.54,11.83,0,0,0,0,248.37,,,,,
Delhi,ABNAH Cafe Connaught Place,,BILL-OUT001-260122-0055,55,Delivery/Takeaway,,2026-01-22 13:16:00,2026-01-22 13:37:00,Baked Goods,Sriracha Chicken Croissant,MENU0098,Food,Menu Item,275.0,1.0,275.0,3.35,Bill Discount,Synthetic promotion,271.65,13.58,0,0,0,0,285.23,,,,,
Delhi,ABNAH Cafe Connaught Place,,BILL-OUT001-260122-0056,56,Dine In,T04,2026-01-22 15:43:00,2026-01-22 15:57:00,Baked Goods,Banana Walnut Tea Cake,MENU0100,Dessert,Menu Item,206.79,1.0,206.79,0.0,,,206.79,10.34,0,0,0,0,217.13,,,,,
Delhi,ABNAH Cafe Connaught Place,,BILL-OUT001-260122-0057,57,Dine In,T15,2026-01-22 16:47:00,2026-01-22 17:02:00,Desserts,Double Chocolate Truffle Cake,MENU0102,Dessert,Menu Item,296.77,1.0,296.77,0.0,,,296.77,14.84,0,0,0,0,311.61,,,,,
Delhi,ABNAH Cafe Connaught Place,,BILL-OUT001-260122-0058,58,Dine In,T14,2026-01-22 12:46:00,2026-01-22 13:14:00,Desserts,Banoffee Pie,MENU0103,Dessert,Menu Item,285.0,1.0,285.0,8.52,Bill Discount,Synthetic promotion,276.48,13.82,0,0,0,0,290.3,,,,,
Delhi,ABNAH Cafe Connaught Place,,BILL-OUT001-260122-0059,59,Delivery/Takeaway,,2026-01-22 17:36:00,2026-01-22 18:18:00,Desserts,Jaggery Parmesan Cookie,MENU0107,Dessert,Menu Item,170.0,1.0,170.0,10.17,Bill Discount,Synthetic promotion,159.83,7.99,0,0,0,0,167.82,,,,,
Delhi,ABNAH Cafe Connaught Place,,BILL-OUT001-260122-0060,60,Dine In,T15,2026-01-22 10:16:00,2026-01-22 10:36:00,Baked Goods,Multigrain Walnut Tea Cake,MENU0110,Dessert,Menu Item,225.0,1.0,225.0,2.78,Bill Discount,Synthetic promotion,222.22,11.11,0,0,0,0,233.33,,,,,
Delhi,ABNAH Cafe Connaught Place,,BILL-OUT001-260123-0001,1,Delivery/Takeaway,,2026-01-23 17:39:00,2026-01-23 18:00:00,Espresso,Espresso Shot - Solo,MENU0001,Beverage,Menu Item,145.0,1.0,145.0,2.89,Bill Discount,Synthetic promotion,142.11,7.11,0,0,0,0,149.22,,,,,
Delhi,ABNAH Cafe Connaught Place,,BILL-OUT001-260123-0002,2,Dine In,T15,2026-01-23 17:25:00,2026-01-23 17:39:00,Coffee Classics,Americano - Regular,MENU0003,Beverage,Menu Item,185.0,5.0,925.0,4.29,Bill Discount,Synthetic promotion,920.71,46.04,0,0,0,0,966.75,,,,,
Delhi,ABNAH Cafe Connaught Place,,BILL-OUT001-260123-0003,3,Delivery/Takeaway,,2026-01-23 18:37:00,2026-01-23 18:55:00,Coffee Classics,Americano - Medium,MENU0004,Beverage,Menu Item,210.0,4.0,840.0,37.75,Bill Discount,Synthetic promotion,802.25,40.11,0,0,0,0,842.36,,,,,
Delhi,ABNAH Cafe Connaught Place,,BILL-OUT001-260123-0004,4,Dine In,T15,2026-01-23 19:00:00,2026-01-23 19:30:00,Coffee Classics,Americano - Large,MENU0005,Beverage,Menu Item,235.0,2.0,470.0,26.47,Bill Discount,Synthetic promotion,443.53,22.18,0,0,0,0,465.71,,,,,
Delhi,ABNAH Cafe Connaught Place,,BILL-OUT001-260123-0005,5,Delivery/Takeaway,,2026-01-23 10:49:00,2026-01-23 11:22:00,Coffee Classics,Latte - Regular,MENU0006,Beverage,Menu Item,225.0,3.0,675.0,26.63,Bill Discount,Synthetic promotion,648.37,32.42,0,0,0,0,680.79,,,,,
Delhi,ABNAH Cafe Connaught Place,,BILL-OUT001-260123-0006,6,Delivery/Takeaway,,2026-01-23 15:00:00,2026-01-23 15:48:00,Coffee Classics,Latte - Medium,MENU0007,Beverage,Menu Item,250.0,3.0,750.0,34.41,Bill Discount,Synthetic promotion,715.59,35.78,0,0,0,0,751.37,,,,,
Delhi,ABNAH Cafe Connaught Place,,BILL-OUT001-260123-0007,7,Dine In,T03,2026-01-23 17:16:00,2026-01-23 17:39:00,Coffee Classics,Latte - Large,MENU0008,Beverage,Menu Item,275.0,1.0,275.0,12.42,Bill Discount,Synthetic promotion,262.58,13.13,0,0,0,0,275.71,,,,,
Delhi,ABNAH Cafe Connaught Place,,BILL-OUT001-260123-0008,8,Delivery/Takeaway,,2026-01-23 16:39:00,2026-01-23 16:55:00,Coffee Classics,Cappuccino - Regular,MENU0009,Beverage,Menu Item,229.4,1.0,229.4,0.0,,,229.4,11.47,0,0,0,0,240.87,,,,,
Delhi,ABNAH Cafe Connaught Place,,BILL-OUT001-260123-0009,9,Delivery/Takeaway,,2026-01-23 09:14:00,2026-01-23 09:48:00,Coffee Classics,Cappuccino - Medium,MENU0010,Beverage,Menu Item,250.0,1.0,250.0,0.47,Bill Discount,Synthetic promotion,249.53,12.48,0,0,0,0,262.01,,,,,
Delhi,ABNAH Cafe Connaught Place,,BILL-OUT001-260123-0010,10,Delivery/Takeaway,,2026-01-23 18:00:00,2026-01-23 18:49:00,Coffee Classics,Cappuccino - Large,MENU0011,Beverage,Menu Item,275.0,4.0,1100.0,17.32,Bill Discount,Synthetic promotion,1082.68,54.13,0,0,0,0,1136.81,,,,,
Delhi,ABNAH Cafe Connaught Place,,BILL-OUT001-260123-0011,11,Delivery/Takeaway,,2026-01-23 19:50:00,2026-01-23 20:20:00,Coffee Classics,Flat White - Regular,MENU0012,Beverage,Menu Item,238.21,1.0,238.21,0.0,,,238.21,11.91,0,0,0,0,250.12,,,,,
Delhi,ABNAH Cafe Connaught Place,,BILL-OUT001-260123-0012,12,Dine In,T03,2026-01-23 11:02:00,2026-01-23 11:51:00,Coffee Classics,Flat White - Medium,MENU0013,Beverage,Menu Item,260.0,2.0,520.0,27.58,Bill Discount,Synthetic promotion,492.42,24.62,0,0,0,0,517.04,,,,,
Delhi,ABNAH Cafe Connaught Place,,BILL-OUT001-260123-0013,13,Delivery/Takeaway,,2026-01-23 17:35:00,2026-01-23 17:54:00,Coffee Classics,Flat White - Large,MENU0014,Beverage,Menu Item,285.0,1.0,285.0,7.65,Bill Discount,Synthetic promotion,277.35,13.87,0,0,0,0,291.22,,,,,
Delhi,ABNAH Cafe Connaught Place,,BILL-OUT001-260123-0014,14,Delivery/Takeaway,,2026-01-23 15:34:00,2026-01-23 16:07:00,Coffee Classics,Mocha - Regular,MENU0015,Beverage,Menu Item,245.0,2.0,490.0,4.5,Bill Discount,Synthetic promotion,485.5,24.27,0,0,0,0,509.77,,,,,
Delhi,ABNAH Cafe Connaught Place,,BILL-OUT001-260123-0015,15,Delivery/Takeaway,,2026-01-23 10:26:00,2026-01-23 10:34:00,Coffee Classics,Mocha - Medium,MENU0016,Beverage,Menu Item,270.0,2.0,540.0,23.63,Bill Discount,Synthetic promotion,516.37,25.82,0,0,0,0,542.19,,,,,
Delhi,ABNAH Cafe Connaught Place,,BILL-OUT001-260123-0016,16,Delivery/Takeaway,,2026-01-23 17:57:00,2026-01-23 18:30:00,Signature Coffee,Sea Salt Mocha - Regular,MENU0018,Beverage,Menu Item,275.57,1.0,275.57,0.0,,,275.57,13.78,0,0,0,0,289.35,,,,,
Delhi,ABNAH Cafe Connaught Place,,BILL-OUT001-260123-0017,17,Dine In,T01,2026-01-23 15:02:00,2026-01-23 15:28:00,Signature Coffee,Sea Salt Mocha - Medium,MENU0019,Beverage,Menu Item,305.0,1.0,305.0,2.95,Bill Discount,Synthetic promotion,302.05,15.1,0,0,0,0,317.15,,,,,
Delhi,ABNAH Cafe Connaught Place,,BILL-OUT001-260123-0018,18,Delivery/Takeaway,,2026-01-23 14:30:00,2026-01-23 14:58:00,Signature Coffee,Orange Zest Mocha - Medium,MENU0022,Beverage,Menu Item,300.0,1.0,300.0,1.94,Bill Discount,Synthetic promotion,298.06,14.9,0,0,0,0,312.96,,,,,
Delhi,ABNAH Cafe Connaught Place,,BILL-OUT001-260123-0019,19,Delivery/Takeaway,,2026-01-23 16:10:00,2026-01-23 16:21:00,Signature Coffee,Orange Zest Mocha - Large,MENU0023,Beverage,Menu Item,330.0,1.0,330.0,1.44,Bill Discount,Synthetic promotion,328.56,16.43,0,0,0,0,344.99,,,,,
Delhi,ABNAH Cafe Connaught Place,,BILL-OUT001-260123-0020,20,Dine In,T08,2026-01-23 08:01:00,2026-01-23 08:16:00,Signature Coffee,Caramel Macchiato - Regular,MENU0024,Beverage,Menu Item,265.0,1.0,265.0,6.62,Bill Discount,Synthetic promotion,258.38,12.92,0,0,0,0,271.3,,,,,
Delhi,ABNAH Cafe Connaught Place,,BILL-OUT001-260123-0021,21,Dine In,T24,2026-01-23 16:58:00,2026-01-23 17:21:00,Signature Coffee,Caramel Macchiato - Medium,MENU0025,Beverage,Menu Item,295.0,1.0,295.0,12.73,Bill Discount,Synthetic promotion,282.27,14.11,0,0,0,0,296.38,,,,,
Delhi,ABNAH Cafe Connaught Place,,BILL-OUT001-260123-0022,22,Delivery/Takeaway,,2026-01-23 15:40:00,2026-01-23 16:20:00,Signature Coffee,French Vanilla Latte - Regular,MENU0027,Beverage,Menu Item,265.0,4.0,1060.0,24.15,Bill Discount,Synthetic promotion,1035.85,51.79,0,0,0,0,1087.64,,,,,
Delhi,ABNAH Cafe Connaught Place,,BILL-OUT001-260123-0023,23,Dine In,T09,2026-01-23 16:41:00,2026-01-23 16:51:00,Signature Coffee,Vegan Iced Latte - Regular,MENU0030,Beverage,Menu Item,289.13,2.0,578.26,0.0,,,578.27,28.91,0,0,0,0,607.18,,,,,
Delhi,ABNAH Cafe Connaught Place,,BILL-OUT001-260123-0024,24,Delivery/Takeaway,,2026-01-23 15:38:00,2026-01-23 16:21:00,Signature Coffee,Vegan Iced Latte - Medium,MENU0031,Beverage,Menu Item,311.53,1.0,311.53,0.0,,,311.53,15.58,0,0,0,0,327.11,,,,,
Delhi,ABNAH Cafe Connaught Place,,BILL-OUT001-260123-0025,25,Delivery/Takeaway,,2026-01-23 10:57:00,2026-01-23 11:11:00,Signature Coffee,Vegan Iced Latte - Large,MENU0032,Beverage,Menu Item,335.0,1.0,335.0,15.25,Bill Discount,Synthetic promotion,319.75,15.99,0,0,0,0,335.74,,,,,
Delhi,ABNAH Cafe Connaught Place,,BILL-OUT001-260123-0026,26,Delivery/Takeaway,,2026-01-23 13:57:00,2026-01-23 14:23:00,Cold Brew,Classic Cold Brew - Regular,MENU0033,Beverage,Menu Item,225.0,1.0,225.0,12.46,Bill Discount,Synthetic promotion,212.54,10.63,0,0,0,0,223.17,,,,,
Delhi,ABNAH Cafe Connaught Place,,BILL-OUT001-260123-0027,27,Dine In,T24,2026-01-23 09:52:00,2026-01-23 10:27:00,Cold Brew,Classic Cold Brew - Large,MENU0035,Beverage,Menu Item,276.2,1.0,276.2,0.0,,,276.2,13.81,0,0,0,0,290.01,,,,,
Delhi,ABNAH Cafe Connaught Place,,BILL-OUT001-260123-0028,28,Dine In,T20,2026-01-23 15:29:00,2026-01-23 16:02:00,Cold Brew,Coffee Lemonade - Large,MENU0038,Beverage,Menu Item,285.0,2.0,570.0,12.75,Bill Discount,Synthetic promotion,557.25,27.86,0,0,0,0,585.11,,,,,
Delhi,ABNAH Cafe Connaught Place,,BILL-OUT001-260123-0029,29,Delivery/Takeaway,,2026-01-23 19:43:00,2026-01-23 20:21:00,Cold Brew,Vietnamese Shakerato - Regular,MENU0039,Beverage,Menu Item,255.0,1.0,255.0,1.85,Bill Discount,Synthetic promotion,253.15,12.66,0,0,0,0,265.81,,,,,
Delhi,ABNAH Cafe Connaught Place,,BILL-OUT001-260123-0030,30,Dine In,T16,2026-01-23 12:05:00,2026-01-23 12:14:00,Cold Brew,Vietnamese Shakerato - Medium,MENU0040,Beverage,Menu Item,280.0,1.0,280.0,4.12,Bill Discount,Synthetic promotion,275.88,13.79,0,0,0,0,289.67,,,,,
Delhi,ABNAH Cafe Connaught Place,,BILL-OUT001-260123-0031,31,Delivery/Takeaway,,2026-01-23 15:05:00,2026-01-23 15:48:00,Cold Brew,Vietnamese Shakerato - Large,MENU0041,Beverage,Menu Item,305.0,2.0,610.0,15.28,Bill Discount,Synthetic promotion,594.72,29.74,0,0,0,0,624.46,,,,,
Delhi,ABNAH Cafe Connaught Place,,BILL-OUT001-260123-0032,32,Delivery/Takeaway,,2026-01-23 16:28:00,2026-01-23 16:42:00,Cold Coffee,Classic Cold Coffee - Regular,MENU0042,Beverage,Menu Item,255.0,2.0,510.0,3.08,Bill Discount,Synthetic promotion,506.92,25.35,0,0,0,0,532.27,,,,,
Delhi,ABNAH Cafe Connaught Place,,BILL-OUT001-260123-0033,33,Delivery/Takeaway,,2026-01-23 11:44:00,2026-01-23 12:24:00,Cold Coffee,Classic Cold Coffee - Medium,MENU0043,Beverage,Menu Item,290.0,1.0,290.0,10.46,Bill Discount,Synthetic promotion,279.54,13.98,0,0,0,0,293.52,,,,,
Delhi,ABNAH Cafe Connaught Place,,BILL-OUT001-260123-0034,34,Dine In,T14,2026-01-23 11:45:00,2026-01-23 12:08:00,Cold Coffee,Classic Cold Coffee - Large,MENU0044,Beverage,Menu Item,325.0,1.0,325.0,13.55,Bill Discount,Synthetic promotion,311.45,15.57,0,0,0,0,327.02,,,,,
Delhi,ABNAH Cafe Connaught Place,,BILL-OUT001-260123-0035,35,Dine In,T17,2026-01-23 10:01:00,2026-01-23 10:35:00,Cold Coffee,Mocha Cold Coffee - Regular,MENU0045,Beverage,Menu Item,285.0,1.0,285.0,5.0,Bill Discount,Synthetic promotion,280.0,14.0,0,0,0,0,294.0,,,,,
Delhi,ABNAH Cafe Connaught Place,,BILL-OUT001-260123-0036,36,Delivery/Takeaway,,2026-01-23 15:00:00,2026-01-23 15:29:00,Cold Coffee,Mocha Cold Coffee - Medium,MENU0046,Beverage,Menu Item,321.63,2.0,643.26,0.0,,,643.27,32.16,0,0,0,0,675.43,,,,,
Delhi,ABNAH Cafe Connaught Place,,BILL-OUT001-260123-0037,37,Delivery/Takeaway,,2026-01-23 14:25:00,2026-01-23 14:58:00,Cold Coffee,Caramel Cold Coffee - Regular,MENU0048,Beverage,Menu Item,285.0,4.0,1140.0,23.98,Bill Discount,Synthetic promotion,1116.02,55.8,0,0,0,0,1171.82,,,,,
Delhi,ABNAH Cafe Connaught Place,,BILL-OUT001-260123-0038,38,Delivery/Takeaway,,2026-01-23 08:11:00,2026-01-23 08:23:00,Cold Coffee,Caramel Cold Coffee - Large,MENU0050,Beverage,Menu Item,355.0,2.0,710.0,24.74,Bill Discount,Synthetic promotion,685.26,34.26,0,0,0,0,719.52,,,,,
Delhi,ABNAH Cafe Connaught Place,,BILL-OUT001-260123-0039,39,Delivery/Takeaway,,2026-01-23 15:50:00,2026-01-23 16:05:00,Tea,Masala Chai Latte - Large,MENU0053,Beverage,Menu Item,245.0,2.0,490.0,7.03,Bill Discount,Synthetic promotion,482.97,24.15,0,0,0,0,507.12,,,,,
Delhi,ABNAH Cafe Connaught Place,,BILL-OUT001-260123-0040,40,Delivery/Takeaway,,2026-01-23 08:20:00,2026-01-23 09:06:00,Tea,Japanese Matcha Latte - Large,MENU0057,Beverage,Menu Item,325.0,1.0,325.0,5.39,Bill Discount,Synthetic promotion,319.61,15.98,0,0,0,0,335.59,,,,,
Delhi,ABNAH Cafe Connaught Place,,BILL-OUT001-260123-0041,41,Dine In,T12,2026-01-23 13:39:00,2026-01-23 14:00:00,Iced Tea,Lemon Iced Tea - Regular,MENU0058,Beverage,Menu Item,205.0,2.0,410.0,14.55,Bill Discount,Synthetic promotion,395.45,19.77,0,0,0,0,415.22,,,,,
Delhi,ABNAH Cafe Connaught Place,,BILL-OUT001-260123-0042,42,Dine In,T01,2026-01-23 18:19:00,2026-01-23 18:41:00,Kids Beverage,Hot Chocolate - Regular,MENU0064,Beverage,Menu Item,220.0,1.0,220.0,0.6,Bill Discount,Synthetic promotion,219.4,10.97,0,0,0,0,230.37,,,,,
Delhi,ABNAH Cafe Connaught Place,,BILL-OUT001-260123-0043,43,Delivery/Takeaway,,2026-01-23 13:13:00,2026-01-23 13:29:00,Shake,Choco Chip Shake - Regular,MENU0068,Beverage,Menu Item,295.0,1.0,295.0,11.35,Bill Discount,Synthetic promotion,283.65,14.18,0,0,0,0,297.83,,,,,
Delhi,ABNAH Cafe Connaught Place,,BILL-OUT001-260123-0044,44,Delivery/Takeaway,,2026-01-23 10:36:00,2026-01-23 11:20:00,Shake,Choco Chip Shake - Medium,MENU0069,Beverage,Menu Item,330.0,1.0,330.0,6.43,Bill Discount,Synthetic promotion,323.57,16.18,0,0,0,0,339.75,,,,,
Delhi,ABNAH Cafe Connaught Place,,BILL-OUT001-260123-0045,45,Delivery/Takeaway,,2026-01-23 08:25:00,2026-01-23 08:54:00,Sandwiches,Pesto Veg Sandwich,MENU0080,Food,Menu Item,280.0,1.0,280.0,5.44,Bill Discount,Synthetic promotion,274.56,13.73,0,0,0,0,288.29,,,,,
Delhi,ABNAH Cafe Connaught Place,,BILL-OUT001-260123-0046,46,Delivery/Takeaway,,2026-01-23 19:13:00,2026-01-23 19:39:00,Sandwiches,Tandoori Chicken Sandwich,MENU0082,Food,Menu Item,320.15,3.0,960.45,0.0,,,960.45,48.02,0,0,0,0,1008.47,,,,,
Delhi,ABNAH Cafe Connaught Place,,BILL-OUT001-260123-0047,47,Delivery/Takeaway,,2026-01-23 15:58:00,2026-01-23 16:13:00,Breakfast,Breakfast Pancakes,MENU0086,Food,Menu Item,286.62,1.0,286.62,0.0,,,286.62,14.33,0,0,0,0,300.95,,,,,
Delhi,ABNAH Cafe Connaught Place,,BILL-OUT001-260123-0048,48,Delivery/Takeaway,,2026-01-23 11:43:00,2026-01-23 12:25:00,Breakfast,Masala Egg Bun,MENU0089,Food,Menu Item,225.0,3.0,675.0,40.47,Bill Discount,Synthetic promotion,634.53,31.73,0,0,0,0,666.26,,,,,
Delhi,ABNAH Cafe Connaught Place,,BILL-OUT001-260123-0049,49,Delivery/Takeaway,,2026-01-23 09:19:00,2026-01-23 09:46:00,Snacks,Pesto Sundried Tomato Pin Wheel,MENU0091,Food,Menu Item,227.87,1.0,227.87,0.0,,,227.87,11.39,0,0,0,0,239.26,,,,,
Delhi,ABNAH Cafe Connaught Place,,BILL-OUT001-260123-0050,50,Delivery/Takeaway,,2026-01-23 15:27:00,2026-01-23 16:13:00,Snacks,Turnover with Brioche Dough Chicken,MENU0092,Food,Menu Item,257.35,1.0,257.35,0.0,,,257.35,12.87,0,0,0,0,270.22,,,,,
Delhi,ABNAH Cafe Connaught Place,,BILL-OUT001-260123-0051,51,Delivery/Takeaway,,2026-01-23 09:46:00,2026-01-23 10:10:00,Baked Goods,Chocolate Croissant,MENU0096,Food,Menu Item,235.0,1.0,235.0,3.98,Bill Discount,Synthetic promotion,231.02,11.55,0,0,0,0,242.57,,,,,
Delhi,ABNAH Cafe Connaught Place,,BILL-OUT001-260123-0052,52,Delivery/Takeaway,,2026-01-23 08:39:00,2026-01-23 09:28:00,Baked Goods,Mushroom Cheese Croissant,MENU0097,Food,Menu Item,255.0,1.0,255.0,0.35,Bill Discount,Synthetic promotion,254.65,12.73,0,0,0,0,267.38,,,,,
Delhi,ABNAH Cafe Connaught Place,,BILL-OUT001-260123-0053,53,Dine In,T24,2026-01-23 19:50:00,2026-01-23 20:34:00,Baked Goods,Cinnamon Roll with Cream Cheese,MENU0099,Dessert,Menu Item,220.0,1.0,220.0,4.56,Bill Discount,Synthetic promotion,215.44,10.77,0,0,0,0,226.21,,,,,
Delhi,ABNAH Cafe Connaught Place,,BILL-OUT001-260123-0054,54,Dine In,T20,2026-01-23 19:39:00,2026-01-23 20:05:00,Baked Goods,Lemon Raspberry Tea Cake,MENU0101,Dessert,Menu Item,215.0,3.0,645.0,19.7,Bill Discount,Synthetic promotion,625.3,31.27,0,0,0,0,656.57,,,,,
Delhi,ABNAH Cafe Connaught Place,,BILL-OUT001-260123-0055,55,Delivery/Takeaway,,2026-01-23 10:33:00,2026-01-23 10:53:00,Desserts,Double Chocolate Truffle Cake,MENU0102,Dessert,Menu Item,296.4,1.0,296.4,0.0,,,296.4,14.82,0,0,0,0,311.22,,,,,
Delhi,ABNAH Cafe Connaught Place,,BILL-OUT001-260123-0056,56,Dine In,T16,2026-01-23 13:16:00,2026-01-23 13:49:00,Baked Goods,Multigrain Walnut Tea Cake,MENU0110,Dessert,Menu Item,229.19,1.0,229.19,0.0,,,229.19,11.46,0,0,0,0,240.65,,,,,
Delhi,ABNAH Cafe Connaught Place,,BILL-OUT001-260124-0001,1,Delivery/Takeaway,,2026-01-24 17:07:00,2026-01-24 17:45:00,Coffee Classics,Americano - Regular,MENU0003,Beverage,Menu Item,185.0,3.0,555.0,17.49,Bill Discount,Synthetic promotion,537.51,26.88,0,0,0,0,564.39,,,,,
Delhi,ABNAH Cafe Connaught Place,,BILL-OUT001-260124-0002,2,Dine In,T15,2026-01-24 13:35:00,2026-01-24 14:20:00,Coffee Classics,Americano - Medium,MENU0004,Beverage,Menu Item,214.03,1.0,214.03,0.0,,,214.03,10.7,0,0,0,0,224.73,,,,,
Delhi,ABNAH Cafe Connaught Place,,BILL-OUT001-260124-0003,3,Delivery/Takeaway,,2026-01-24 09:24:00,2026-01-24 09:46:00,Coffee Classics,Latte - Regular,MENU0006,Beverage,Menu Item,225.0,2.0,450.0,9.52,Bill Discount,Synthetic promotion,440.48,22.02,0,0,0,0,462.5,,,,,
Delhi,ABNAH Cafe Connaught Place,,BILL-OUT001-260124-0004,4,Delivery/Takeaway,,2026-01-24 15:48:00,2026-01-24 15:57:00,Coffee Classics,Latte - Medium,MENU0007,Beverage,Menu Item,250.0,1.0,250.0,7.86,Bill Discount,Synthetic promotion,242.14,12.11,0,0,0,0,254.25,,,,,
Delhi,ABNAH Cafe Connaught Place,,BILL-OUT001-260124-0005,5,Delivery/Takeaway,,2026-01-24 08:46:00,2026-01-24 09:20:00,Coffee Classics,Latte - Large,MENU0008,Beverage,Menu Item,275.0,2.0,550.0,21.46,Bill Discount,Synthetic promotion,528.54,26.43,0,0,0,0,554.97,,,,,
Delhi,ABNAH Cafe Connaught Place,,BILL-OUT001-260124-0006,6,Delivery/Takeaway,,2026-01-24 14:43:00,2026-01-24 15:19:00,Coffee Classics,Cappuccino - Regular,MENU0009,Beverage,Menu Item,225.0,2.0,450.0,0.21,Bill Discount,Synthetic promotion,449.79,22.49,0,0,0,0,472.28,,,,,
Delhi,ABNAH Cafe Connaught Place,,BILL-OUT001-260124-0007,7,Delivery/Takeaway,,2026-01-24 18:55:00,2026-01-24 19:23:00,Coffee Classics,Cappuccino - Medium,MENU0010,Beverage,Menu Item,250.0,1.0,250.0,8.29,Bill Discount,Synthetic promotion,241.71,12.09,0,0,0,0,253.8,,,,,
Delhi,ABNAH Cafe Connaught Place,,BILL-OUT001-260124-0008,8,Delivery/Takeaway,,2026-01-24 17:12:00,2026-01-24 17:41:00,Coffee Classics,Flat White - Medium,MENU0013,Beverage,Menu Item,264.87,3.0,794.61,0.0,,,794.62,39.73,0,0,0,0,834.35,,,,,
Delhi,ABNAH Cafe Connaught Place,,BILL-OUT001-260124-0009,9,Dine In,T05,2026-01-24 14:07:00,2026-01-24 14:38:00,Coffee Classics,Mocha - Regular,MENU0015,Beverage,Menu Item,245.0,1.0,245.0,5.74,Bill Discount,Synthetic promotion,239.26,11.96,0,0,0,0,251.22,,,,,
Delhi,ABNAH Cafe Connaught Place,,BILL-OUT001-260124-0010,10,Dine In,T13,2026-01-24 18:04:00,2026-01-24 18:49:00,Coffee Classics,Mocha - Medium,MENU0016,Beverage,Menu Item,270.0,1.0,270.0,9.32,Bill Discount,Synthetic promotion,260.68,13.03,0,0,0,0,273.71,,,,,
Delhi,ABNAH Cafe Connaught Place,,BILL-OUT001-260124-0011,11,Delivery/Takeaway,,2026-01-24 10:34:00,2026-01-24 11:16:00,Coffee Classics,Mocha - Large,MENU0017,Beverage,Menu Item,297.56,1.0,297.56,0.0,,,297.56,14.88,0,0,0,0,312.44,,,,,
Delhi,ABNAH Cafe Connaught Place,,BILL-OUT001-260124-0012,12,Delivery/Takeaway,,2026-01-24 12:41:00,2026-01-24 12:49:00,Signature Coffee,Sea Salt Mocha - Regular,MENU0018,Beverage,Menu Item,275.0,1.0,275.0,9.37,Bill Discount,Synthetic promotion,265.63,13.28,0,0,0,0,278.91,,,,,
Delhi,ABNAH Cafe Connaught Place,,BILL-OUT001-260124-0013,13,Dine In,T05,2026-01-24 12:53:00,2026-01-24 13:05:00,Signature Coffee,Sea Salt Mocha - Large,MENU0020,Beverage,Menu Item,335.0,1.0,335.0,3.13,Bill Discount,Synthetic promotion,331.87,16.59,0,0,0,0,348.46,,,,,
Delhi,ABNAH Cafe Connaught Place,,BILL-OUT001-260124-0014,14,Dine In,T04,2026-01-24 18:57:00,2026-01-24 19:34:00,Signature Coffee,Orange Zest Mocha - Large,MENU0023,Beverage,Menu Item,330.0,1.0,330.0,12.85,Bill Discount,Synthetic promotion,317.15,15.86,0,0,0,0,333.01,,,,,
Delhi,ABNAH Cafe Connaught Place,,BILL-OUT001-260124-0015,15,Dine In,T02,2026-01-24 09:13:00,2026-01-24 09:25:00,Signature Coffee,Caramel Macchiato - Medium,MENU0025,Beverage,Menu Item,295.0,1.0,295.0,8.91,Bill Discount,Synthetic promotion,286.09,14.3,0,0,0,0,300.39,,,,,
Delhi,ABNAH Cafe Connaught Place,,BILL-OUT001-260124-0016,16,Delivery/Takeaway,,2026-01-24 16:40:00,2026-01-24 17:00:00,Signature Coffee,French Vanilla Latte - Regular,MENU0027,Beverage,Menu Item,265.0,3.0,795.0,2.65,Bill Discount,Synthetic promotion,792.35,39.62,0,0,0,0,831.97,,,,,
Delhi,ABNAH Cafe Connaught Place,,BILL-OUT001-260124-0017,17,Dine In,T15,2026-01-24 17:33:00,2026-01-24 18:00:00,Signature Coffee,French Vanilla Latte - Medium,MENU0028,Beverage,Menu Item,295.0,2.0,590.0,32.74,Bill Discount,Synthetic promotion,557.26,27.86,0,0,0,0,585.12,,,,,
Delhi,ABNAH Cafe Connaught Place,,BILL-OUT001-260124-0018,18,Delivery/Takeaway,,2026-01-24 08:26:00,2026-01-24 08:44:00,Signature Coffee,French Vanilla Latte - Large,MENU0029,Beverage,Menu Item,325.0,3.0,975.0,54.71,Bill Discount,Synthetic promotion,920.29,46.01,0,0,0,0,966.3,,,,,
Delhi,ABNAH Cafe Connaught Place,,BILL-OUT001-260124-0019,19,Delivery/Takeaway,,2026-01-24 16:42:00,2026-01-24 17:04:00,Signature Coffee,Vegan Iced Latte - Regular,MENU0030,Beverage,Menu Item,285.0,1.0,285.0,6.22,Bill Discount,Synthetic promotion,278.78,13.94,0,0,0,0,292.72,,,,,
Delhi,ABNAH Cafe Connaught Place,,BILL-OUT001-260124-0020,20,Delivery/Takeaway,,2026-01-24 16:59:00,2026-01-24 17:38:00,Signature Coffee,Vegan Iced Latte - Medium,MENU0031,Beverage,Menu Item,310.0,2.0,620.0,24.12,Bill Discount,Synthetic promotion,595.88,29.79,0,0,0,0,625.67,,,,,
Delhi,ABNAH Cafe Connaught Place,,BILL-OUT001-260124-0021,21,Dine In,T24,2026-01-24 19:57:00,2026-01-24 20:12:00,Cold Brew,Classic Cold Brew - Regular,MENU0033,Beverage,Menu Item,229.39,1.0,229.39,0.0,,,229.39,11.47,0,0,0,0,240.86,,,,,
Delhi,ABNAH Cafe Connaught Place,,BILL-OUT001-260124-0022,22,Delivery/Takeaway,,2026-01-24 19:35:00,2026-01-24 19:59:00,Cold Brew,Classic Cold Brew - Medium,MENU0034,Beverage,Menu Item,250.39,1.0,250.39,0.0,,,250.39,12.52,0,0,0,0,262.91,,,,,
Delhi,ABNAH Cafe Connaught Place,,BILL-OUT001-260124-0023,23,Delivery/Takeaway,,2026-01-24 15:56:00,2026-01-24 16:42:00,Cold Brew,Classic Cold Brew - Large,MENU0035,Beverage,Menu Item,275.0,1.0,275.0,2.52,Bill Discount,Synthetic promotion,272.48,13.62,0,0,0,0,286.1,,,,,
Delhi,ABNAH Cafe Connaught Place,,BILL-OUT001-260124-0024,24,Delivery/Takeaway,,2026-01-24 17:19:00,2026-01-24 17:27:00,Cold Brew,Coffee Lemonade - Medium,MENU0037,Beverage,Menu Item,260.0,1.0,260.0,5.14,Bill Discount,Synthetic promotion,254.86,12.74,0,0,0,0,267.6,,,,,
Delhi,ABNAH Cafe Connaught Place,,BILL-OUT001-260124-0025,25,Delivery/Takeaway,,2026-01-24 12:15:00,2026-01-24 13:01:00,Cold Brew,Coffee Lemonade - Large,MENU0038,Beverage,Menu Item,285.0,1.0,285.0,6.93,Bill Discount,Synthetic promotion,278.07,13.9,0,0,0,0,291.97,,,,,
Delhi,ABNAH Cafe Connaught Place,,BILL-OUT001-260124-0026,26,Delivery/Takeaway,,2026-01-24 14:06:00,2026-01-24 14:40:00,Cold Brew,Vietnamese Shakerato - Regular,MENU0039,Beverage,Menu Item,255.0,1.0,255.0,12.24,Bill Discount,Synthetic promotion,242.76,12.14,0,0,0,0,254.9,,,,,
Delhi,ABNAH Cafe Connaught Place,,BILL-OUT001-260124-0027,27,Delivery/Takeaway,,2026-01-24 08:23:00,2026-01-24 08:31:00,Cold Brew,Vietnamese Shakerato - Medium,MENU0040,Beverage,Menu Item,282.5,2.0,565.0,0.01,Bill Discount,Synthetic promotion,564.99,28.25,0,0,0,0,593.24,,,,,
Delhi,ABNAH Cafe Connaught Place,,BILL-OUT001-260124-0028,28,Dine In,T21,2026-01-24 10:16:00,2026-01-24 10:29:00,Cold Coffee,Classic Cold Coffee - Regular,MENU0042,Beverage,Menu Item,255.0,1.0,255.0,9.54,Bill Discount,Synthetic promotion,245.46,12.27,0,0,0,0,257.73,,,,,
Delhi,ABNAH Cafe Connaught Place,,BILL-OUT001-260124-0029,29,Delivery/Takeaway,,2026-01-24 08:17:00,2026-01-24 08:51:00,Cold Coffee,Mocha Cold Coffee - Regular,MENU0045,Beverage,Menu Item,285.0,1.0,285.0,1.6,Bill Discount,Synthetic promotion,283.4,14.17,0,0,0,0,297.57,,,,,
Delhi,ABNAH Cafe Connaught Place,,BILL-OUT001-260124-0030,30,Delivery/Takeaway,,2026-01-24 14:22:00,2026-01-24 14:56:00,Cold Coffee,Mocha Cold Coffee - Large,MENU0047,Beverage,Menu Item,355.0,1.0,355.0,18.77,Bill Discount,Synthetic promotion,336.23,16.81,0,0,0,0,353.04,,,,,
Delhi,ABNAH Cafe Connaught Place,,BILL-OUT001-260124-0031,31,Dine In,T18,2026-01-24 12:30:00,2026-01-24 12:59:00,Cold Coffee,Caramel Cold Coffee - Regular,MENU0048,Beverage,Menu Item,285.0,1.0,285.0,4.4,Bill Discount,Synthetic promotion,280.6,14.03,0,0,0,0,294.63,,,,,
Delhi,ABNAH Cafe Connaught Place,,BILL-OUT001-260124-0032,32,Delivery/Takeaway,,2026-01-24 08:23:00,2026-01-24 08:40:00,Tea,Masala Chai Latte - Regular,MENU0051,Beverage,Menu Item,195.0,2.0,390.0,5.85,Bill Discount,Synthetic promotion,384.15,19.21,0,0,0,0,403.36,,,,,
Delhi,ABNAH Cafe Connaught Place,,BILL-OUT001-260124-0033,33,Delivery/Takeaway,,2026-01-24 11:55:00,2026-01-24 12:14:00,Tea,Masala Chai Latte - Medium,MENU0052,Beverage,Menu Item,220.0,1.0,220.0,10.14,Bill Discount,Synthetic promotion,209.86,10.49,0,0,0,0,220.35,,,,,
Delhi,ABNAH Cafe Connaught Place,,BILL-OUT001-260124-0034,34,Dine In,T03,2026-01-24 14:22:00,2026-01-24 15:03:00,Iced Tea,Lemon Iced Tea - Medium,MENU0059,Beverage,Menu Item,230.0,1.0,230.0,6.68,Bill Discount,Synthetic promotion,223.32,11.17,0,0,0,0,234.49,,,,,
Delhi,ABNAH Cafe Connaught Place,,BILL-OUT001-260124-0035,35,Delivery/Takeaway,,2026-01-24 16:41:00,2026-01-24 16:50:00,Iced Tea,Hibiscus Lime Iced Tea - Regular,MENU0061,Beverage,Menu Item,225.54,1.0,225.54,0.0,,,225.54,11.28,0,0,0,0,236.82,,,,,
Delhi,ABNAH Cafe Connaught Place,,BILL-OUT001-260124-0036,36,Delivery/Takeaway,,2026-01-24 13:30:00,2026-01-24 14:15:00,Iced Tea,Hibiscus Lime Iced Tea - Medium,MENU0062,Beverage,Menu Item,253.51,1.0,253.51,0.0,,,253.51,12.68,0,0,0,0,266.19,,,,,
Delhi,ABNAH Cafe Connaught Place,,BILL-OUT001-260124-0037,37,Dine In,T07,2026-01-24 17:01:00,2026-01-24 17:10:00,Iced Tea,Hibiscus Lime Iced Tea - Large,MENU0063,Beverage,Menu Item,275.0,1.0,275.0,14.37,Bill Discount,Synthetic promotion,260.63,13.03,0,0,0,0,273.66,,,,,
Delhi,ABNAH Cafe Connaught Place,,BILL-OUT001-260124-0038,38,Dine In,T15,2026-01-24 18:40:00,2026-01-24 18:58:00,Kids Beverage,Hot Chocolate - Regular,MENU0064,Beverage,Menu Item,220.0,1.0,220.0,10.01,Bill Discount,Synthetic promotion,209.99,10.5,0,0,0,0,220.49,,,,,
Delhi,ABNAH Cafe Connaught Place,,BILL-OUT001-260124-0039,39,Delivery/Takeaway,,2026-01-24 16:28:00,2026-01-24 17:11:00,Shake,Choco Chip Shake - Regular,MENU0068,Beverage,Menu Item,295.0,1.0,295.0,8.55,Bill Discount,Synthetic promotion,286.45,14.32,0,0,0,0,300.77,,,,,
Delhi,ABNAH Cafe Connaught Place,,BILL-OUT001-260124-0040,40,Delivery/Takeaway,,2026-01-24 16:25:00,2026-01-24 16:39:00,Shake,Mixed Berry Shake - Medium,MENU0072,Beverage,Menu Item,350.0,2.0,700.0,37.74,Bill Discount,Synthetic promotion,662.26,33.11,0,0,0,0,695.37,,,,,
Delhi,ABNAH Cafe Connaught Place,,BILL-OUT001-260124-0041,41,Dine In,T06,2026-01-24 19:16:00,2026-01-24 19:35:00,Smoothie,Seasonal Smoothie - Regular,MENU0074,Beverage,Menu Item,305.0,1.0,305.0,7.59,Bill Discount,Synthetic promotion,297.41,14.87,0,0,0,0,312.28,,,,,
Delhi,ABNAH Cafe Connaught Place,,BILL-OUT001-260124-0042,42,Delivery/Takeaway,,2026-01-24 16:09:00,2026-01-24 16:48:00,Wraps,Shredded Chicken Wrap,MENU0078,Food,Menu Item,295.0,3.0,885.0,17.81,Bill Discount,Synthetic promotion,867.19,43.36,0,0,0,0,910.55,,,,,
Delhi,ABNAH Cafe Connaught Place,,BILL-OUT001-260124-0043,43,Delivery/Takeaway,,2026-01-24 10:22:00,2026-01-24 10:50:00,Sandwiches,Smoked Chipotle Paneer Sandwich,MENU0079,Food,Menu Item,295.0,1.0,295.0,8.55,Bill Discount,Synthetic promotion,286.45,14.32,0,0,0,0,300.77,,,,,
Delhi,ABNAH Cafe Connaught Place,,BILL-OUT001-260124-0044,44,Delivery/Takeaway,,2026-01-24 18:09:00,2026-01-24 18:24:00,Sandwiches,Pepper Chicken Sandwich,MENU0081,Food,Menu Item,315.0,1.0,315.0,16.83,Bill Discount,Synthetic promotion,298.17,14.91,0,0,0,0,313.08,,,,,
Delhi,ABNAH Cafe Connaught Place,,BILL-OUT001-260124-0045,45,Delivery/Takeaway,,2026-01-24 18:09:00,2026-01-24 18:58:00,Sandwiches,Tandoori Chicken Sandwich,MENU0082,Food,Menu Item,320.0,2.0,640.0,17.77,Bill Discount,Synthetic promotion,622.23,31.11,0,0,0,0,653.34,,,,,
Delhi,ABNAH Cafe Connaught Place,,BILL-OUT001-260124-0046,46,Delivery/Takeaway,,2026-01-24 12:48:00,2026-01-24 13:22:00,Breakfast,Breakfast Pancakes,MENU0086,Food,Menu Item,285.0,2.0,570.0,2.47,Bill Discount,Synthetic promotion,567.53,28.38,0,0,0,0,595.91,,,,,
Delhi,ABNAH Cafe Connaught Place,,BILL-OUT001-260124-0047,47,Dine In,T01,2026-01-24 08:54:00,2026-01-24 09:22:00,Breakfast,Scallion Pepper Cream Cheese Bagel,MENU0088,Food,Menu Item,267.66,1.0,267.66,0.0,,,267.66,13.38,0,0,0,0,281.04,,,,,
Delhi,ABNAH Cafe Connaught Place,,BILL-OUT001-260124-0048,48,Delivery/Takeaway,,2026-01-24 09:09:00,2026-01-24 09:42:00,Snacks,Pesto Sundried Tomato Pin Wheel,MENU0091,Food,Menu Item,225.0,2.0,450.0,17.54,Bill Discount,Synthetic promotion,432.46,21.62,0,0,0,0,454.08,,,,,
Delhi,ABNAH Cafe Connaught Place,,BILL-OUT001-260124-0049,49,Dine In,T17,2026-01-24 10:42:00,2026-01-24 10:55:00,Snacks,Turnover with Brioche Dough Chicken,MENU0092,Food,Menu Item,255.0,1.0,255.0,1.15,Bill Discount,Synthetic promotion,253.85,12.69,0,0,0,0,266.54,,,,,
Delhi,ABNAH Cafe Connaught Place,,BILL-OUT001-260124-0050,50,Delivery/Takeaway,,2026-01-24 12:29:00,2026-01-24 12:38:00,Baked Goods,Butter Croissant,MENU0094,Food,Menu Item,198.15,1.0,198.15,0.0,,,198.15,9.91,0,0,0,0,208.06,,,,,
Delhi,ABNAH Cafe Connaught Place,,BILL-OUT001-260124-0051,51,Delivery/Takeaway,,2026-01-24 19:22:00,2026-01-24 19:30:00,Baked Goods,Cinnamon Roll with Cream Cheese,MENU0099,Dessert,Menu Item,223.19,2.0,446.38,0.0,,,446.38,22.32,0,0,0,0,468.7,,,,,
Delhi,ABNAH Cafe Connaught Place,,BILL-OUT001-260124-0052,52,Dine In,T12,2026-01-24 09:58:00,2026-01-24 10:40:00,Baked Goods,Banana Walnut Tea Cake,MENU0100,Dessert,Menu Item,206.24,1.0,206.24,0.0,,,206.24,10.31,0,0,0,0,216.55,,,,,
Delhi,ABNAH Cafe Connaught Place,,BILL-OUT001-260125-0001,1,Delivery/Takeaway,,2026-01-25 17:22:00,2026-01-25 17:30:00,Coffee Classics,Americano - Regular,MENU0003,Beverage,Menu Item,186.91,2.0,373.82,0.01,Bill Discount,Synthetic promotion,373.81,18.69,0,0,0,0,392.5,,,,,
Delhi,ABNAH Cafe Connaught Place,,BILL-OUT001-260125-0002,2,Delivery/Takeaway,,2026-01-25 12:09:00,2026-01-25 12:32:00,Coffee Classics,Americano - Medium,MENU0004,Beverage,Menu Item,210.0,2.0,420.0,23.49,Bill Discount,Synthetic promotion,396.51,19.83,0,0,0,0,416.34,,,,,
Delhi,ABNAH Cafe Connaught Place,,BILL-OUT001-260125-0003,3,Delivery/Takeaway,,2026-01-25 18:37:00,2026-01-25 18:58:00,Coffee Classics,Latte - Large,MENU0008,Beverage,Menu Item,275.0,1.0,275.0,7.2,Bill Discount,Synthetic promotion,267.8,13.39,0,0,0,0,281.19,,,,,
Delhi,ABNAH Cafe Connaught Place,,BILL-OUT001-260125-0004,4,Dine In,T11,2026-01-25 16:37:00,2026-01-25 17:23:00,Coffee Classics,Cappuccino - Medium,MENU0010,Beverage,Menu Item,250.0,3.0,750.0,15.21,Bill Discount,Synthetic promotion,734.79,36.74,0,0,0,0,771.53,,,,,
Delhi,ABNAH Cafe Connaught Place,,BILL-OUT001-260125-0005,5,Delivery/Takeaway,,2026-01-25 11:33:00,2026-01-25 12:22:00,Coffee Classics,Cappuccino - Large,MENU0011,Beverage,Menu Item,275.0,2.0,550.0,20.84,Bill Discount,Synthetic promotion,529.16,26.46,0,0,0,0,555.62,,,,,
Delhi,ABNAH Cafe Connaught Place,,BILL-OUT001-260125-0006,6,Delivery/Takeaway,,2026-01-25 10:58:00,2026-01-25 11:13:00,Coffee Classics,Flat White - Regular,MENU0012,Beverage,Menu Item,235.0,1.0,235.0,3.82,Bill Discount,Synthetic promotion,231.18,11.56,0,0,0,0,242.74,,,,,
Delhi,ABNAH Cafe Connaught Place,,BILL-OUT001-260125-0007,7,Delivery/Takeaway,,2026-01-25 09:50:00,2026-01-25 10:38:00,Coffee Classics,Flat White - Medium,MENU0013,Beverage,Menu Item,260.0,2.0,520.0,11.65,Bill Discount,Synthetic promotion,508.35,25.42,0,0,0,0,533.77,,,,,
Delhi,ABNAH Cafe Connaught Place,,BILL-OUT001-260125-0008,8,Dine In,T15,2026-01-25 14:18:00,2026-01-25 15:07:00,Coffee Classics,Flat White - Large,MENU0014,Beverage,Menu Item,285.0,2.0,570.0,27.45,Bill Discount,Synthetic promotion,542.55,27.13,0,0,0,0,569.68,,,,,
Delhi,ABNAH Cafe Connaught Place,,BILL-OUT001-260125-0009,9,Delivery/Takeaway,,2026-01-25 18:53:00,2026-01-25 19:35:00,Coffee Classics,Mocha - Regular,MENU0015,Beverage,Menu Item,245.0,1.0,245.0,10.27,Bill Discount,Synthetic promotion,234.73,11.74,0,0,0,0,246.47,,,,,
Delhi,ABNAH Cafe Connaught Place,,BILL-OUT001-260125-0010,10,Dine In,T06,2026-01-25 11:11:00,2026-01-25 11:54:00,Coffee Classics,Mocha - Large,MENU0017,Beverage,Menu Item,295.0,1.0,295.0,3.97,Bill Discount,Synthetic promotion,291.03,14.55,0,0,0,0,305.58,,,,,
Delhi,ABNAH Cafe Connaught Place,,BILL-OUT001-260125-0011,11,Dine In,T06,2026-01-25 16:25:00,2026-01-25 16:54:00,Signature Coffee,Sea Salt Mocha - Medium,MENU0019,Beverage,Menu Item,306.77,1.0,306.77,0.0,,,306.77,15.34,0,0,0,0,322.11,,,,,
Delhi,ABNAH Cafe Connaught Place,,BILL-OUT001-260125-0012,12,Dine In,T19,2026-01-25 19:29:00,2026-01-25 20:09:00,Signature Coffee,Orange Zest Mocha - Regular,MENU0021,Beverage,Menu Item,270.0,1.0,270.0,8.17,Bill Discount,Synthetic promotion,261.83,13.09,0,0,0,0,274.92,,,,,
Delhi,ABNAH Cafe Connaught Place,,BILL-OUT001-260125-0013,13,Dine In,T23,2026-01-25 19:25:00,2026-01-25 20:10:00,Signature Coffee,Caramel Macchiato - Medium,MENU0025,Beverage,Menu Item,295.0,1.0,295.0,7.23,Bill Discount,Synthetic promotion,287.77,14.39,0,0,0,0,302.16,,,,,
Delhi,ABNAH Cafe Connaught Place,,BILL-OUT001-260125-0014,14,Dine In,T11,2026-01-25 18:53:00,2026-01-25 19:30:00,Signature Coffee,French Vanilla Latte - Medium,MENU0028,Beverage,Menu Item,295.0,1.0,295.0,11.39,Bill Discount,Synthetic promotion,283.61,14.18,0,0,0,0,297.79,,,,,
Delhi,ABNAH Cafe Connaught Place,,BILL-OUT001-260125-0015,15,Dine In,T08,2026-01-25 19:28:00,2026-01-25 20:07:00,Signature Coffee,Vegan Iced Latte - Large,MENU0032,Beverage,Menu Item,335.0,1.0,335.0,4.71,Bill Discount,Synthetic promotion,330.29,16.51,0,0,0,0,346.8,,,,,
Delhi,ABNAH Cafe Connaught Place,,BILL-OUT001-260125-0016,16,Delivery/Takeaway,,2026-01-25 10:23:00,2026-01-25 11:00:00,Cold Brew,Classic Cold Brew - Medium,MENU0034,Beverage,Menu Item,250.0,2.0,500.0,11.05,Bill Discount,Synthetic promotion,488.95,24.45,0,0,0,0,513.4,,,,,
Delhi,ABNAH Cafe Connaught Place,,BILL-OUT001-260125-0017,17,Delivery/Takeaway,,2026-01-25 18:00:00,2026-01-25 18:40:00,Cold Brew,Coffee Lemonade - Medium,MENU0037,Beverage,Menu Item,260.0,1.0,260.0,7.44,Bill Discount,Synthetic promotion,252.56,12.63,0,0,0,0,265.19,,,,,
Delhi,ABNAH Cafe Connaught Place,,BILL-OUT001-260125-0018,18,Delivery/Takeaway,,2026-01-25 11:18:00,2026-01-25 11:29:00,Cold Coffee,Classic Cold Coffee - Regular,MENU0042,Beverage,Menu Item,255.0,1.0,255.0,8.97,Bill Discount,Synthetic promotion,246.03,12.3,0,0,0,0,258.33,,,,,
Delhi,ABNAH Cafe Connaught Place,,BILL-OUT001-260125-0019,19,Delivery/Takeaway,,2026-01-25 11:22:00,2026-01-25 12:10:00,Cold Coffee,Mocha Cold Coffee - Medium,MENU0046,Beverage,Menu Item,320.0,1.0,320.0,14.82,Bill Discount,Synthetic promotion,305.18,15.26,0,0,0,0,320.44,,,,,
Delhi,ABNAH Cafe Connaught Place,,BILL-OUT001-260125-0020,20,Delivery/Takeaway,,2026-01-25 11:23:00,2026-01-25 11:49:00,Iced Tea,Lemon Iced Tea - Regular,MENU0058,Beverage,Menu Item,205.0,1.0,205.0,4.85,Bill Discount,Synthetic promotion,200.15,10.01,0,0,0,0,210.16,,,,,
Delhi,ABNAH Cafe Connaught Place,,BILL-OUT001-260125-0021,21,Delivery/Takeaway,,2026-01-25 18:54:00,2026-01-25 19:07:00,Iced Tea,Hibiscus Lime Iced Tea - Regular,MENU0061,Beverage,Menu Item,227.55,1.0,227.55,0.0,,,227.55,11.38,0,0,0,0,238.93,,,,,
Delhi,ABNAH Cafe Connaught Place,,BILL-OUT001-260125-0022,22,Delivery/Takeaway,,2026-01-25 09:07:00,2026-01-25 09:55:00,Iced Tea,Hibiscus Lime Iced Tea - Medium,MENU0062,Beverage,Menu Item,250.0,1.0,250.0,1.49,Bill Discount,Synthetic promotion,248.51,12.43,0,0,0,0,260.94,,,,,
Delhi,ABNAH Cafe Connaught Place,,BILL-OUT001-260125-0023,23,Delivery/Takeaway,,2026-01-25 10:15:00,2026-01-25 10:30:00,Shake,Mixed Berry Shake - Medium,MENU0072,Beverage,Menu Item,350.0,1.0,350.0,1.26,Bill Discount,Synthetic promotion,348.74,17.44,0,0,0,0,366.18,,,,,
Delhi,ABNAH Cafe Connaught Place,,BILL-OUT001-260125-0024,24,Delivery/Takeaway,,2026-01-25 19:31:00,2026-01-25 20:18:00,Wraps,Spicy Paneer Wrap,MENU0077,Food,Menu Item,275.0,1.0,275.0,3.84,Bill Discount,Synthetic promotion,271.16,13.56,0,0,0,0,284.72,,,,,
Delhi,ABNAH Cafe Connaught Place,,BILL-OUT001-260125-0025,25,Delivery/Takeaway,,2026-01-25 13:59:00,2026-01-25 14:09:00,Sandwiches,Smoked Chipotle Paneer Sandwich,MENU0079,Food,Menu Item,295.0,2.0,590.0,34.9,Bill Discount,Synthetic promotion,555.1,27.75,0,0,0,0,582.85,,,,,
Delhi,ABNAH Cafe Connaught Place,,BILL-OUT001-260125-0026,26,Delivery/Takeaway,,2026-01-25 11:45:00,2026-01-25 12:16:00,Sandwiches,Pesto Veg Sandwich,MENU0080,Food,Menu Item,280.0,1.0,280.0,9.11,Bill Discount,Synthetic promotion,270.89,13.54,0,0,0,0,284.43,,,,,
Delhi,ABNAH Cafe Connaught Place,,BILL-OUT001-260125-0027,27,Dine In,T12,2026-01-25 18:01:00,2026-01-25 18:38:00,Sandwiches,Pepper Chicken Sandwich,MENU0081,Food,Menu Item,315.0,1.0,315.0,3.55,Bill Discount,Synthetic promotion,311.45,15.57,0,0,0,0,327.02,,,,,
Delhi,ABNAH Cafe Connaught Place,,BILL-OUT001-260125-0028,28,Delivery/Takeaway,,2026-01-25 12:35:00,2026-01-25 12:47:00,Desserts,Double Chocolate Truffle Cake,MENU0102,Dessert,Menu Item,295.0,1.0,295.0,5.91,Bill Discount,Synthetic promotion,289.09,14.45,0,0,0,0,303.54,,,,,
Delhi,ABNAH Cafe Connaught Place,,BILL-OUT001-260125-0029,29,Delivery/Takeaway,,2026-01-25 11:18:00,2026-01-25 11:35:00,Desserts,Banoffee Pie,MENU0103,Dessert,Menu Item,285.0,2.0,570.0,0.46,Bill Discount,Synthetic promotion,569.54,28.48,0,0,0,0,598.02,,,,,
Delhi,ABNAH Cafe Connaught Place,,BILL-OUT001-260125-0030,30,Delivery/Takeaway,,2026-01-25 17:48:00,2026-01-25 18:23:00,Desserts,Classic Chocolate Fudge Brownie,MENU0104,Dessert,Menu Item,195.0,1.0,195.0,7.52,Bill Discount,Synthetic promotion,187.48,9.37,0,0,0,0,196.85,,,,,
Delhi,ABNAH Cafe Connaught Place,,BILL-OUT001-260125-0031,31,Dine In,T09,2026-01-25 15:42:00,2026-01-25 16:24:00,Baked Goods,Multigrain Walnut Tea Cake,MENU0110,Dessert,Menu Item,225.0,1.0,225.0,9.28,Bill Discount,Synthetic promotion,215.72,10.79,0,0,0,0,226.51,,,,,
Delhi,ABNAH Cafe Connaught Place,,BILL-OUT001-260126-0001,1,Delivery/Takeaway,,2026-01-26 19:31:00,2026-01-26 20:05:00,Coffee Classics,Americano - Regular,MENU0003,Beverage,Menu Item,185.0,2.0,370.0,0.58,Bill Discount,Synthetic promotion,369.42,18.47,0,0,0,0,387.89,,,,,
Delhi,ABNAH Cafe Connaught Place,,BILL-OUT001-260126-0002,2,Delivery/Takeaway,,2026-01-26 12:46:00,2026-01-26 12:58:00,Coffee Classics,Latte - Regular,MENU0006,Beverage,Menu Item,225.0,1.0,225.0,11.3,Bill Discount,Synthetic promotion,213.7,10.69,0,0,0,0,224.39,,,,,
Delhi,ABNAH Cafe Connaught Place,,BILL-OUT001-260126-0003,3,Dine In,T17,2026-01-26 12:01:00,2026-01-26 12:45:00,Coffee Classics,Latte - Medium,MENU0007,Beverage,Menu Item,250.0,1.0,250.0,0.21,Bill Discount,Synthetic promotion,249.79,12.49,0,0,0,0,262.28,,,,,
Delhi,ABNAH Cafe Connaught Place,,BILL-OUT001-260126-0004,4,Delivery/Takeaway,,2026-01-26 10:56:00,2026-01-26 11:23:00,Coffee Classics,Latte - Large,MENU0008,Beverage,Menu Item,275.0,1.0,275.0,10.49,Bill Discount,Synthetic promotion,264.51,13.23,0,0,0,0,277.74,,,,,
Delhi,ABNAH Cafe Connaught Place,,BILL-OUT001-260126-0005,5,Delivery/Takeaway,,2026-01-26 18:44:00,2026-01-26 19:07:00,Coffee Classics,Cappuccino - Regular,MENU0009,Beverage,Menu Item,225.57,2.0,451.14,0.0,,,451.15,22.56,0,0,0,0,473.71,,,,,
Delhi,ABNAH Cafe Connaught Place,,BILL-OUT001-260126-0006,6,Delivery/Takeaway,,2026-01-26 08:47:00,2026-01-26 09:03:00,Coffee Classics,Cappuccino - Medium,MENU0010,Beverage,Menu Item,252.88,1.0,252.88,0.0,,,252.88,12.64,0,0,0,0,265.52,,,,,
Delhi,ABNAH Cafe Connaught Place,,BILL-OUT001-260126-0007,7,Delivery/Takeaway,,2026-01-26 08:36:00,2026-01-26 09:08:00,Coffee Classics,Cappuccino - Large,MENU0011,Beverage,Menu Item,275.0,1.0,275.0,11.54,Bill Discount,Synthetic promotion,263.46,13.17,0,0,0,0,276.63,,,,,
Delhi,ABNAH Cafe Connaught Place,,BILL-OUT001-260126-0008,8,Dine In,T10,2026-01-26 08:14:00,2026-01-26 08:59:00,Coffee Classics,Flat White - Regular,MENU0012,Beverage,Menu Item,235.0,1.0,235.0,5.62,Bill Discount,Synthetic promotion,229.38,11.47,0,0,0,0,240.85,,,,,
Delhi,ABNAH Cafe Connaught Place,,BILL-OUT001-260126-0009,9,Delivery/Takeaway,,2026-01-26 19:07:00,2026-01-26 19:35:00,Coffee Classics,Flat White - Medium,MENU0013,Beverage,Menu Item,260.0,1.0,260.0,1.17,Bill Discount,Synthetic promotion,258.83,12.94,0,0,0,0,271.77,,,,,
Delhi,ABNAH Cafe Connaught Place,,BILL-OUT001-260126-0010,10,Dine In,T03,2026-01-26 18:08:00,2026-01-26 18:40:00,Coffee Classics,Mocha - Regular,MENU0015,Beverage,Menu Item,245.0,5.0,1225.0,31.0,Bill Discount,Synthetic promotion,1194.0,59.7,0,0,0,0,1253.7,,,,,
Delhi,ABNAH Cafe Connaught Place,,BILL-OUT001-260126-0011,11,Delivery/Takeaway,,2026-01-26 14:58:00,2026-01-26 15:06:00,Signature Coffee,Orange Zest Mocha - Regular,MENU0021,Beverage,Menu Item,270.0,1.0,270.0,12.25,Bill Discount,Synthetic promotion,257.75,12.89,0,0,0,0,270.64,,,,,
Delhi,ABNAH Cafe Connaught Place,,BILL-OUT001-260126-0012,12,Delivery/Takeaway,,2026-01-26 19:33:00,2026-01-26 19:55:00,Signature Coffee,Orange Zest Mocha - Medium,MENU0022,Beverage,Menu Item,305.69,3.0,917.07,0.01,Bill Discount,Synthetic promotion,917.06,45.85,0,0,0,0,962.91,,,,,
Delhi,ABNAH Cafe Connaught Place,,BILL-OUT001-260126-0013,13,Dine In,T19,2026-01-26 12:47:00,2026-01-26 13:09:00,Signature Coffee,Caramel Macchiato - Regular,MENU0024,Beverage,Menu Item,265.6,1.0,265.6,0.0,,,265.6,13.28,0,0,0,0,278.88,,,,,
Delhi,ABNAH Cafe Connaught Place,,BILL-OUT001-260126-0014,14,Dine In,T10,2026-01-26 16:24:00,2026-01-26 16:47:00,Signature Coffee,French Vanilla Latte - Medium,MENU0028,Beverage,Menu Item,297.6,2.0,595.2,0.0,,,595.2,29.76,0,0,0,0,624.96,,,,,
Delhi,ABNAH Cafe Connaught Place,,BILL-OUT001-260126-0015,15,Dine In,T01,2026-01-26 18:00:00,2026-01-26 18:42:00,Signature Coffee,French Vanilla Latte - Large,MENU0029,Beverage,Menu Item,325.0,2.0,650.0,4.25,Bill Discount,Synthetic promotion,645.75,32.29,0,0,0,0,678.04,,,,,
Delhi,ABNAH Cafe Connaught Place,,BILL-OUT001-260126-0016,16,Delivery/Takeaway,,2026-01-26 09:47:00,2026-01-26 09:58:00,Signature Coffee,Vegan Iced Latte - Regular,MENU0030,Beverage,Menu Item,285.0,1.0,285.0,4.2,Bill Discount,Synthetic promotion,280.8,14.04,0,0,0,0,294.84,,,,,
Delhi,ABNAH Cafe Connaught Place,,BILL-OUT001-260126-0017,17,Dine In,T16,2026-01-26 15:12:00,2026-01-26 15:35:00,Signature Coffee,Vegan Iced Latte - Medium,MENU0031,Beverage,Menu Item,310.0,1.0,310.0,4.95,Bill Discount,Synthetic promotion,305.05,15.25,0,0,0,0,320.3,,,,,
Delhi,ABNAH Cafe Connaught Place,,BILL-OUT001-260126-0018,18,Dine In,T13,2026-01-26 12:05:00,2026-01-26 12:43:00,Signature Coffee,Vegan Iced Latte - Large,MENU0032,Beverage,Menu Item,335.0,1.0,335.0,11.51,Bill Discount,Synthetic promotion,323.49,16.17,0,0,0,0,339.66,,,,,
Delhi,ABNAH Cafe Connaught Place,,BILL-OUT001-260126-0019,19,Delivery/Takeaway,,2026-01-26 19:38:00,2026-01-26 20:15:00,Cold Brew,Classic Cold Brew - Regular,MENU0033,Beverage,Menu Item,229.32,1.0,229.32,0.0,,,229.32,11.47,0,0,0,0,240.79,,,,,
Delhi,ABNAH Cafe Connaught Place,,BILL-OUT001-260126-0020,20,Delivery/Takeaway,,2026-01-26 12:28:00,2026-01-26 12:51:00,Cold Brew,Classic Cold Brew - Large,MENU0035,Beverage,Menu Item,275.0,1.0,275.0,7.36,Bill Discount,Synthetic promotion,267.64,13.38,0,0,0,0,281.02,,,,,
Delhi,ABNAH Cafe Connaught Place,,BILL-OUT001-260126-0021,21,Delivery/Takeaway,,2026-01-26 18:37:00,2026-01-26 19:25:00,Cold Brew,Coffee Lemonade - Medium,MENU0037,Beverage,Menu Item,260.0,1.0,260.0,1.03,Bill Discount,Synthetic promotion,258.97,12.95,0,0,0,0,271.92,,,,,
Delhi,ABNAH Cafe Connaught Place,,BILL-OUT001-260126-0022,22,Delivery/Takeaway,,2026-01-26 09:12:00,2026-01-26 09:59:00,Cold Brew,Vietnamese Shakerato - Regular,MENU0039,Beverage,Menu Item,256.39,1.0,256.39,0.0,,,256.39,12.82,0,0,0,0,269.21,,,,,
Delhi,ABNAH Cafe Connaught Place,,BILL-OUT001-260126-0023,23,Delivery/Takeaway,,2026-01-26 17:24:00,2026-01-26 18:04:00,Cold Brew,Vietnamese Shakerato - Medium,MENU0040,Beverage,Menu Item,281.22,1.0,281.22,0.0,,,281.22,14.06,0,0,0,0,295.28,,,,,
Delhi,ABNAH Cafe Connaught Place,,BILL-OUT001-260126-0024,24,Delivery/Takeaway,,2026-01-26 10:11:00,2026-01-26 10:21:00,Cold Brew,Vietnamese Shakerato - Large,MENU0041,Beverage,Menu Item,305.0,1.0,305.0,13.53,Bill Discount,Synthetic promotion,291.47,14.57,0,0,0,0,306.04,,,,,
Delhi,ABNAH Cafe Connaught Place,,BILL-OUT001-260126-0025,25,Dine In,T13,2026-01-26 12:08:00,2026-01-26 12:17:00,Cold Coffee,Mocha Cold Coffee - Medium,MENU0046,Beverage,Menu Item,320.0,1.0,320.0,18.44,Bill Discount,Synthetic promotion,301.56,15.08,0,0,0,0,316.64,,,,,
Delhi,ABNAH Cafe Connaught Place,,BILL-OUT001-260126-0026,26,Dine In,T05,2026-01-26 17:01:00,2026-01-26 17:25:00,Cold Coffee,Mocha Cold Coffee - Large,MENU0047,Beverage,Menu Item,355.0,1.0,355.0,6.73,Bill Discount,Synthetic promotion,348.27,17.41,0,0,0,0,365.68,,,,,
Delhi,ABNAH Cafe Connaught Place,,BILL-OUT001-260126-0027,27,Dine In,T15,2026-01-26 09:15:00,2026-01-26 09:23:00,Cold Coffee,Caramel Cold Coffee - Large,MENU0050,Beverage,Menu Item,355.0,2.0,710.0,36.95,Bill Discount,Synthetic promotion,673.05,33.65,0,0,0,0,706.7,,,,,
Delhi,ABNAH Cafe Connaught Place,,BILL-OUT001-260126-0028,28,Delivery/Takeaway,,2026-01-26 12:43:00,2026-01-26 13:09:00,Tea,Masala Chai Latte - Regular,MENU0051,Beverage,Menu Item,195.0,1.0,195.0,2.54,Bill Discount,Synthetic promotion,192.46,9.62,0,0,0,0,202.08,,,,,
Delhi,ABNAH Cafe Connaught Place,,BILL-OUT001-260126-0029,29,Delivery/Takeaway,,2026-01-26 13:23:00,2026-01-26 13:57:00,Tea,Japanese Matcha Latte - Medium,MENU0056,Beverage,Menu Item,296.0,1.0,296.0,0.0,,,296.0,14.8,0,0,0,0,310.8,,,,,
Delhi,ABNAH Cafe Connaught Place,,BILL-OUT001-260126-0030,30,Delivery/Takeaway,,2026-01-26 17:46:00,2026-01-26 18:33:00,Iced Tea,Lemon Iced Tea - Medium,MENU0059,Beverage,Menu Item,230.0,1.0,230.0,6.43,Bill Discount,Synthetic promotion,223.57,11.18,0,0,0,0,234.75,,,,,
Delhi,ABNAH Cafe Connaught Place,,BILL-OUT001-260126-0031,31,Dine In,T15,2026-01-26 11:09:00,2026-01-26 11:40:00,Iced Tea,Hibiscus Lime Iced Tea - Medium,MENU0062,Beverage,Menu Item,250.0,1.0,250.0,14.41,Bill Discount,Synthetic promotion,235.59,11.78,0,0,0,0,247.37,,,,,
Delhi,ABNAH Cafe Connaught Place,,BILL-OUT001-260126-0032,32,Delivery/Takeaway,,2026-01-26 08:02:00,2026-01-26 08:37:00,Shake,Choco Chip Shake - Medium,MENU0069,Beverage,Menu Item,333.64,1.0,333.64,0.0,,,333.64,16.68,0,0,0,0,350.32,,,,,
Delhi,ABNAH Cafe Connaught Place,,BILL-OUT001-260126-0033,33,Delivery/Takeaway,,2026-01-26 08:01:00,2026-01-26 08:20:00,Shake,Choco Chip Shake - Large,MENU0070,Beverage,Menu Item,365.0,1.0,365.0,15.77,Bill Discount,Synthetic promotion,349.23,17.46,0,0,0,0,366.69,,,,,
Delhi,ABNAH Cafe Connaught Place,,BILL-OUT001-260126-0034,34,Delivery/Takeaway,,2026-01-26 08:58:00,2026-01-26 09:23:00,Shake,Mixed Berry Shake - Medium,MENU0072,Beverage,Menu Item,350.0,1.0,350.0,15.75,Bill Discount,Synthetic promotion,334.25,16.71,0,0,0,0,350.96,,,,,
Delhi,ABNAH Cafe Connaught Place,,BILL-OUT001-260126-0035,35,Delivery/Takeaway,,2026-01-26 11:25:00,2026-01-26 12:13:00,Sandwiches,Smoked Chipotle Paneer Sandwich,MENU0079,Food,Menu Item,295.0,2.0,590.0,2.07,Bill Discount,Synthetic promotion,587.93,29.4,0,0,0,0,617.33,,,,,
Delhi,ABNAH Cafe Connaught Place,,BILL-OUT001-260126-0036,36,Delivery/Takeaway,,2026-01-26 13:51:00,2026-01-26 14:38:00,Toasts,Chicken Pepperoni Avocado Toast,MENU0084,Food,Menu Item,330.0,1.0,330.0,9.3,Bill Discount,Synthetic promotion,320.7,16.04,0,0,0,0,336.74,,,,,
Delhi,ABNAH Cafe Connaught Place,,BILL-OUT001-260126-0037,37,Delivery/Takeaway,,2026-01-26 10:12:00,2026-01-26 10:41:00,Breakfast,Breakfast Pancakes,MENU0086,Food,Menu Item,285.0,1.0,285.0,0.84,Bill Discount,Synthetic promotion,284.16,14.21,0,0,0,0,298.37,,,,,
Delhi,ABNAH Cafe Connaught Place,,BILL-OUT001-260126-0038,38,Dine In,T17,2026-01-26 15:13:00,2026-01-26 16:02:00,Snacks,Turnover with Brioche Dough Chicken,MENU0092,Food,Menu Item,258.89,1.0,258.89,0.0,,,258.89,12.94,0,0,0,0,271.83,,,,,
Delhi,ABNAH Cafe Connaught Place,,BILL-OUT001-260126-0039,39,Delivery/Takeaway,,2026-01-26 13:56:00,2026-01-26 14:25:00,Baked Goods,Mushroom Cheese Croissant,MENU0097,Food,Menu Item,255.0,1.0,255.0,9.55,Bill Discount,Synthetic promotion,245.45,12.27,0,0,0,0,257.72,,,,,
Delhi,ABNAH Cafe Connaught Place,,BILL-OUT001-260126-0040,40,Delivery/Takeaway,,2026-01-26 12:49:00,2026-01-26 13:02:00,Baked Goods,Sriracha Chicken Croissant,MENU0098,Food,Menu Item,275.0,1.0,275.0,0.02,Bill Discount,Synthetic promotion,274.98,13.75,0,0,0,0,288.73,,,,,
Delhi,ABNAH Cafe Connaught Place,,BILL-OUT001-260126-0041,41,Dine In,T04,2026-01-26 12:11:00,2026-01-26 12:30:00,Baked Goods,Cinnamon Roll with Cream Cheese,MENU0099,Dessert,Menu Item,220.91,1.0,220.91,0.0,,,220.91,11.05,0,0,0,0,231.96,,,,,
Delhi,ABNAH Cafe Connaught Place,,BILL-OUT001-260126-0042,42,Dine In,T24,2026-01-26 17:21:00,2026-01-26 17:56:00,Desserts,Classic Chocolate Fudge Brownie,MENU0104,Dessert,Menu Item,195.0,1.0,195.0,9.25,Bill Discount,Synthetic promotion,185.75,9.29,0,0,0,0,195.04,,,,,
Delhi,ABNAH Cafe Connaught Place,,BILL-OUT001-260126-0043,43,Dine In,T06,2026-01-26 14:31:00,2026-01-26 14:40:00,Desserts,Jaggery Parmesan Cookie,MENU0107,Dessert,Menu Item,171.46,1.0,171.46,0.0,,,171.46,8.57,0,0,0,0,180.03,,,,,
Delhi,ABNAH Cafe Connaught Place,,BILL-OUT001-260126-0044,44,Delivery/Takeaway,,2026-01-26 18:27:00,2026-01-26 19:14:00,Baked Goods,Multigrain Walnut Tea Cake,MENU0110,Dessert,Menu Item,225.0,1.0,225.0,1.34,Bill Discount,Synthetic promotion,223.66,11.18,0,0,0,0,234.84,,,,,
Delhi,ABNAH Cafe Connaught Place,,BILL-OUT001-260127-0001,1,Dine In,T22,2026-01-27 12:55:00,2026-01-27 13:24:00,Coffee Classics,Americano - Regular,MENU0003,Beverage,Menu Item,185.0,6.0,1110.0,31.68,Bill Discount,Synthetic promotion,1078.32,53.92,0,0,0,0,1132.24,,,,,
Delhi,ABNAH Cafe Connaught Place,,BILL-OUT001-260127-0002,2,Delivery/Takeaway,,2026-01-27 16:38:00,2026-01-27 16:59:00,Coffee Classics,Americano - Medium,MENU0004,Beverage,Menu Item,210.0,2.0,420.0,21.16,Bill Discount,Synthetic promotion,398.84,19.94,0,0,0,0,418.78,,,,,
Delhi,ABNAH Cafe Connaught Place,,BILL-OUT001-260127-0003,3,Dine In,T04,2026-01-27 17:03:00,2026-01-27 17:29:00,Coffee Classics,Latte - Regular,MENU0006,Beverage,Menu Item,225.0,2.0,450.0,17.75,Bill Discount,Synthetic promotion,432.25,21.61,0,0,0,0,453.86,,,,,
Delhi,ABNAH Cafe Connaught Place,,BILL-OUT001-260127-0004,4,Delivery/Takeaway,,2026-01-27 14:53:00,2026-01-27 15:08:00,Coffee Classics,Latte - Large,MENU0008,Beverage,Menu Item,275.0,3.0,825.0,39.13,Bill Discount,Synthetic promotion,785.87,39.29,0,0,0,0,825.16,,,,,
Delhi,ABNAH Cafe Connaught Place,,BILL-OUT001-260127-0005,5,Delivery/Takeaway,,2026-01-27 15:46:00,2026-01-27 15:54:00,Coffee Classics,Cappuccino - Regular,MENU0009,Beverage,Menu Item,225.0,3.0,675.0,32.46,Bill Discount,Synthetic promotion,642.54,32.13,0,0,0,0,674.67,,,,,
Delhi,ABNAH Cafe Connaught Place,,BILL-OUT001-260127-0006,6,Dine In,T11,2026-01-27 08:36:00,2026-01-27 08:59:00,Coffee Classics,Cappuccino - Medium,MENU0010,Beverage,Menu Item,250.0,4.0,1000.0,27.71,Bill Discount,Synthetic promotion,972.29,48.61,0,0,0,0,1020.9,,,,,
Delhi,ABNAH Cafe Connaught Place,,BILL-OUT001-260127-0007,7,Delivery/Takeaway,,2026-01-27 14:52:00,2026-01-27 15:04:00,Coffee Classics,Cappuccino - Large,MENU0011,Beverage,Menu Item,275.0,4.0,1100.0,12.28,Bill Discount,Synthetic promotion,1087.72,54.39,0,0,0,0,1142.11,,,,,
Delhi,ABNAH Cafe Connaught Place,,BILL-OUT001-260127-0008,8,Delivery/Takeaway,,2026-01-27 12:50:00,2026-01-27 12:59:00,Coffee Classics,Flat White - Regular,MENU0012,Beverage,Menu Item,235.87,3.0,707.61,0.01,Bill Discount,Synthetic promotion,707.6,35.38,0,0,0,0,742.98,,,,,
Delhi,ABNAH Cafe Connaught Place,,BILL-OUT001-260127-0009,9,Dine In,T06,2026-01-27 16:29:00,2026-01-27 17:07:00,Coffee Classics,Flat White - Medium,MENU0013,Beverage,Menu Item,260.0,3.0,780.0,20.14,Bill Discount,Synthetic promotion,759.86,37.99,0,0,0,0,797.85,,,,,
Delhi,ABNAH Cafe Connaught Place,,BILL-OUT001-260127-0010,10,Dine In,T11,2026-01-27 11:09:00,2026-01-27 11:52:00,Coffee Classics,Flat White - Large,MENU0014,Beverage,Menu Item,285.0,1.0,285.0,14.05,Bill Discount,Synthetic promotion,270.95,13.55,0,0,0,0,284.5,,,,,
Delhi,ABNAH Cafe Connaught Place,,BILL-OUT001-260127-0011,11,Dine In,T22,2026-01-27 12:19:00,2026-01-27 12:34:00,Coffee Classics,Mocha - Regular,MENU0015,Beverage,Menu Item,245.0,1.0,245.0,6.22,Bill Discount,Synthetic promotion,238.78,11.94,0,0,0,0,250.72,,,,,
Delhi,ABNAH Cafe Connaught Place,,BILL-OUT001-260127-0012,12,Delivery/Takeaway,,2026-01-27 18:01:00,2026-01-27 18:31:00,Coffee Classics,Mocha - Medium,MENU0016,Beverage,Menu Item,270.0,4.0,1080.0,6.13,Bill Discount,Synthetic promotion,1073.87,53.69,0,0,0,0,1127.56,,,,,
Delhi,ABNAH Cafe Connaught Place,,BILL-OUT001-260127-0013,13,Delivery/Takeaway,,2026-01-27 08:47:00,2026-01-27 08:57:00,Signature Coffee,Sea Salt Mocha - Regular,MENU0018,Beverage,Menu Item,275.0,2.0,550.0,21.37,Bill Discount,Synthetic promotion,528.63,26.43,0,0,0,0,555.06,,,,,
Delhi,ABNAH Cafe Connaught Place,,BILL-OUT001-260127-0014,14,Delivery/Takeaway,,2026-01-27 17:42:00,2026-01-27 18:24:00,Signature Coffee,Sea Salt Mocha - Medium,MENU0019,Beverage,Menu Item,305.0,3.0,915.0,12.6,Bill Discount,Synthetic promotion,902.4,45.12,0,0,0,0,947.52,,,,,
Delhi,ABNAH Cafe Connaught Place,,BILL-OUT001-260127-0015,15,Dine In,T14,2026-01-27 08:11:00,2026-01-27 08:36:00,Signature Coffee,Sea Salt Mocha - Large,MENU0020,Beverage,Menu Item,335.42,1.0,335.42,0.0,,,335.42,16.77,0,0,0,0,352.19,,,,,
Delhi,ABNAH Cafe Connaught Place,,BILL-OUT001-260127-0016,16,Delivery/Takeaway,,2026-01-27 16:13:00,2026-01-27 17:02:00,Signature Coffee,Orange Zest Mocha - Regular,MENU0021,Beverage,Menu Item,270.0,3.0,810.0,34.64,Bill Discount,Synthetic promotion,775.36,38.77,0,0,0,0,814.13,,,,,
Delhi,ABNAH Cafe Connaught Place,,BILL-OUT001-260127-0017,17,Dine In,T22,2026-01-27 11:41:00,2026-01-27 12:16:00,Signature Coffee,Orange Zest Mocha - Medium,MENU0022,Beverage,Menu Item,300.0,1.0,300.0,4.41,Bill Discount,Synthetic promotion,295.59,14.78,0,0,0,0,310.37,,,,,
Delhi,ABNAH Cafe Connaught Place,,BILL-OUT001-260127-0018,18,Delivery/Takeaway,,2026-01-27 18:06:00,2026-01-27 18:34:00,Signature Coffee,Caramel Macchiato - Regular,MENU0024,Beverage,Menu Item,270.22,1.0,270.22,0.0,,,270.22,13.51,0,0,0,0,283.73,,,,,
Delhi,ABNAH Cafe Connaught Place,,BILL-OUT001-260127-0019,19,Dine In,T17,2026-01-27 09:35:00,2026-01-27 10:07:00,Signature Coffee,French Vanilla Latte - Medium,MENU0028,Beverage,Menu Item,295.0,2.0,590.0,15.96,Bill Discount,Synthetic promotion,574.04,28.7,0,0,0,0,602.74,,,,,
Delhi,ABNAH Cafe Connaught Place,,BILL-OUT001-260127-0020,20,Dine In,T16,2026-01-27 15:31:00,2026-01-27 15:42:00,Signature Coffee,French Vanilla Latte - Large,MENU0029,Beverage,Menu Item,325.0,2.0,650.0,24.79,Bill Discount,Synthetic promotion,625.21,31.26,0,0,0,0,656.47,,,,,
Delhi,ABNAH Cafe Connaught Place,,BILL-OUT001-260127-0021,21,Delivery/Takeaway,,2026-01-27 09:50:00,2026-01-27 10:00:00,Signature Coffee,Vegan Iced Latte - Regular,MENU0030,Beverage,Menu Item,285.0,1.0,285.0,9.48,Bill Discount,Synthetic promotion,275.52,13.78,0,0,0,0,289.3,,,,,
Delhi,ABNAH Cafe Connaught Place,,BILL-OUT001-260127-0022,22,Delivery/Takeaway,,2026-01-27 12:21:00,2026-01-27 12:39:00,Signature Coffee,Vegan Iced Latte - Medium,MENU0031,Beverage,Menu Item,314.2,1.0,314.2,0.0,,,314.2,15.71,0,0,0,0,329.91,,,,,
Delhi,ABNAH Cafe Connaught Place,,BILL-OUT001-260127-0023,23,Delivery/Takeaway,,2026-01-27 18:24:00,2026-01-27 19:11:00,Signature Coffee,Vegan Iced Latte - Large,MENU0032,Beverage,Menu Item,337.01,4.0,1348.04,0.0,,,1348.05,67.4,0,0,0,0,1415.45,,,,,
Delhi,ABNAH Cafe Connaught Place,,BILL-OUT001-260127-0024,24,Delivery/Takeaway,,2026-01-27 18:34:00,2026-01-27 19:15:00,Cold Brew,Classic Cold Brew - Medium,MENU0034,Beverage,Menu Item,250.0,2.0,500.0,9.93,Bill Discount,Synthetic promotion,490.07,24.5,0,0,0,0,514.57,,,,,
Delhi,ABNAH Cafe Connaught Place,,BILL-OUT001-260127-0025,25,Dine In,T05,2026-01-27 16:09:00,2026-01-27 16:55:00,Cold Brew,Classic Cold Brew - Large,MENU0035,Beverage,Menu Item,275.0,1.0,275.0,7.38,Bill Discount,Synthetic promotion,267.62,13.38,0,0,0,0,281.0,,,,,
Delhi,ABNAH Cafe Connaught Place,,BILL-OUT001-260127-0026,26,Delivery/Takeaway,,2026-01-27 15:31:00,2026-01-27 15:59:00,Cold Brew,Vietnamese Shakerato - Medium,MENU0040,Beverage,Menu Item,280.0,1.0,280.0,14.26,Bill Discount,Synthetic promotion,265.74,13.29,0,0,0,0,279.03,,,,,
Delhi,ABNAH Cafe Connaught Place,,BILL-OUT001-260127-0027,27,Delivery/Takeaway,,2026-01-27 10:42:00,2026-01-27 11:00:00,Cold Coffee,Classic Cold Coffee - Regular,MENU0042,Beverage,Menu Item,255.0,2.0,510.0,6.62,Bill Discount,Synthetic promotion,503.38,25.17,0,0,0,0,528.55,,,,,
Delhi,ABNAH Cafe Connaught Place,,BILL-OUT001-260127-0028,28,Delivery/Takeaway,,2026-01-27 19:30:00,2026-01-27 19:55:00,Cold Coffee,Classic Cold Coffee - Large,MENU0044,Beverage,Menu Item,325.0,2.0,650.0,0.28,Bill Discount,Synthetic promotion,649.72,32.49,0,0,0,0,682.21,,,,,
Delhi,ABNAH Cafe Connaught Place,,BILL-OUT001-260127-0029,29,Delivery/Takeaway,,2026-01-27 12:34:00,2026-01-27 13:12:00,Cold Coffee,Mocha Cold Coffee - Regular,MENU0045,Beverage,Menu Item,285.0,1.0,285.0,9.43,Bill Discount,Synthetic promotion,275.57,13.78,0,0,0,0,289.35,,,,,
Delhi,ABNAH Cafe Connaught Place,,BILL-OUT001-260127-0030,30,Delivery/Takeaway,,2026-01-27 16:06:00,2026-01-27 16:22:00,Cold Coffee,Mocha Cold Coffee - Medium,MENU0046,Beverage,Menu Item,320.0,1.0,320.0,16.69,Bill Discount,Synthetic promotion,303.31,15.17,0,0,0,0,318.48,,,,,
Delhi,ABNAH Cafe Connaught Place,,BILL-OUT001-260127-0031,31,Dine In,T11,2026-01-27 13:12:00,2026-01-27 14:01:00,Cold Coffee,Mocha Cold Coffee - Large,MENU0047,Beverage,Menu Item,355.0,1.0,355.0,9.54,Bill Discount,Synthetic promotion,345.46,17.27,0,0,0,0,362.73,,,,,
Delhi,ABNAH Cafe Connaught Place,,BILL-OUT001-260127-0032,32,Dine In,T22,2026-01-27 14:36:00,2026-01-27 14:45:00,Cold Coffee,Caramel Cold Coffee - Regular,MENU0048,Beverage,Menu Item,288.76,3.0,866.28,0.01,Bill Discount,Synthetic promotion,866.27,43.31,0,0,0,0,909.58,,,,,
Delhi,ABNAH Cafe Connaught Place,,BILL-OUT001-260127-0033,33,Delivery/Takeaway,,2026-01-27 17:50:00,2026-01-27 18:10:00,Tea,Masala Chai Latte - Medium,MENU0052,Beverage,Menu Item,220.0,1.0,220.0,8.32,Bill Discount,Synthetic promotion,211.68,10.58,0,0,0,0,222.26,,,,,
Delhi,ABNAH Cafe Connaught Place,,BILL-OUT001-260127-0034,34,Delivery/Takeaway,,2026-01-27 11:08:00,2026-01-27 11:19:00,Tea,Japanese Matcha Latte - Medium,MENU0056,Beverage,Menu Item,295.0,1.0,295.0,17.15,Bill Discount,Synthetic promotion,277.85,13.89,0,0,0,0,291.74,,,,,
Delhi,ABNAH Cafe Connaught Place,,BILL-OUT001-260127-0035,35,Delivery/Takeaway,,2026-01-27 09:25:00,2026-01-27 09:58:00,Iced Tea,Hibiscus Lime Iced Tea - Medium,MENU0062,Beverage,Menu Item,250.0,1.0,250.0,10.37,Bill Discount,Synthetic promotion,239.63,11.98,0,0,0,0,251.61,,,,,
Delhi,ABNAH Cafe Connaught Place,,BILL-OUT001-260127-0036,36,Delivery/Takeaway,,2026-01-27 15:38:00,2026-01-27 16:11:00,Iced Tea,Hibiscus Lime Iced Tea - Large,MENU0063,Beverage,Menu Item,275.0,1.0,275.0,13.25,Bill Discount,Synthetic promotion,261.75,13.09,0,0,0,0,274.84,,,,,
Delhi,ABNAH Cafe Connaught Place,,BILL-OUT001-260127-0037,37,Delivery/Takeaway,,2026-01-27 11:04:00,2026-01-27 11:26:00,Kids Beverage,Hot Chocolate - Medium,MENU0065,Beverage,Menu Item,245.0,1.0,245.0,12.74,Bill Discount,Synthetic promotion,232.26,11.61,0,0,0,0,243.87,,,,,
Delhi,ABNAH Cafe Connaught Place,,BILL-OUT001-260127-0038,38,Delivery/Takeaway,,2026-01-27 10:56:00,2026-01-27 11:24:00,Shake,Mixed Berry Shake - Medium,MENU0072,Beverage,Menu Item,354.53,1.0,354.53,0.0,,,354.53,17.73,0,0,0,0,372.26,,,,,
Delhi,ABNAH Cafe Connaught Place,,BILL-OUT001-260127-0039,39,Delivery/Takeaway,,2026-01-27 18:07:00,2026-01-27 18:30:00,Smoothie,Seasonal Smoothie - Large,MENU0076,Beverage,Menu Item,382.18,1.0,382.18,0.0,,,382.18,19.11,0,0,0,0,401.29,,,,,
Delhi,ABNAH Cafe Connaught Place,,BILL-OUT001-260127-0040,40,Dine In,T12,2026-01-27 08:23:00,2026-01-27 08:38:00,Wraps,Shredded Chicken Wrap,MENU0078,Food,Menu Item,295.0,2.0,590.0,5.19,Bill Discount,Synthetic promotion,584.81,29.24,0,0,0,0,614.05,,,,,
Delhi,ABNAH Cafe Connaught Place,,BILL-OUT001-260127-0041,41,Dine In,T12,2026-01-27 08:58:00,2026-01-27 09:17:00,Sandwiches,Smoked Chipotle Paneer Sandwich,MENU0079,Food,Menu Item,295.0,1.0,295.0,12.11,Bill Discount,Synthetic promotion,282.89,14.14,0,0,0,0,297.03,,,,,
Delhi,ABNAH Cafe Connaught Place,,BILL-OUT001-260127-0042,42,Delivery/Takeaway,,2026-01-27 09:12:00,2026-01-27 09:35:00,Sandwiches,Pesto Veg Sandwich,MENU0080,Food,Menu Item,280.0,2.0,560.0,31.95,Bill Discount,Synthetic promotion,528.05,26.4,0,0,0,0,554.45,,,,,
Delhi,ABNAH Cafe Connaught Place,,BILL-OUT001-260127-0043,43,Delivery/Takeaway,,2026-01-27 10:06:00,2026-01-27 10:54:00,Sandwiches,Pepper Chicken Sandwich,MENU0081,Food,Menu Item,315.0,2.0,630.0,1.48,Bill Discount,Synthetic promotion,628.52,31.43,0,0,0,0,659.95,,,,,
Delhi,ABNAH Cafe Connaught Place,,BILL-OUT001-260127-0044,44,Delivery/Takeaway,,2026-01-27 14:38:00,2026-01-27 15:02:00,Breakfast,Breakfast Pancakes,MENU0086,Food,Menu Item,286.62,1.0,286.62,0.0,,,286.62,14.33,0,0,0,0,300.95,,,,,
Delhi,ABNAH Cafe Connaught Place,,BILL-OUT001-260127-0045,45,Delivery/Takeaway,,2026-01-27 18:10:00,2026-01-27 18:30:00,Breakfast,Cream Cheese Bagel,MENU0087,Food,Menu Item,252.76,1.0,252.76,0.0,,,252.76,12.64,0,0,0,0,265.4,,,,,
Delhi,ABNAH Cafe Connaught Place,,BILL-OUT001-260127-0046,46,Dine In,T02,2026-01-27 08:30:00,2026-01-27 08:46:00,Snacks,Turnover with Brioche Dough Chicken,MENU0092,Food,Menu Item,255.0,1.0,255.0,10.61,Bill Discount,Synthetic promotion,244.39,12.22,0,0,0,0,256.61,,,,,
Delhi,ABNAH Cafe Connaught Place,,BILL-OUT001-260127-0047,47,Delivery/Takeaway,,2026-01-27 19:44:00,2026-01-27 19:52:00,Snacks,Turnover with Brioche Dough Veg,MENU0093,Food,Menu Item,235.0,1.0,235.0,3.21,Bill Discount,Synthetic promotion,231.79,11.59,0,0,0,0,243.38,,,,,
Delhi,ABNAH Cafe Connaught Place,,BILL-OUT001-260127-0048,48,Dine In,T07,2026-01-27 12:20:00,2026-01-27 12:48:00,Baked Goods,Sriracha Chicken Croissant,MENU0098,Food,Menu Item,275.0,1.0,275.0,4.66,Bill Discount,Synthetic promotion,270.34,13.52,0,0,0,0,283.86,,,,,
Delhi,ABNAH Cafe Connaught Place,,BILL-OUT001-260127-0049,49,Delivery/Takeaway,,2026-01-27 12:50:00,2026-01-27 13:07:00,Baked Goods,Cinnamon Roll with Cream Cheese,MENU0099,Dessert,Menu Item,220.0,1.0,220.0,1.02,Bill Discount,Synthetic promotion,218.98,10.95,0,0,0,0,229.93,,,,,
Delhi,ABNAH Cafe Connaught Place,,BILL-OUT001-260127-0050,50,Delivery/Takeaway,,2026-01-27 16:08:00,2026-01-27 16:31:00,Desserts,Double Chocolate Truffle Cake,MENU0102,Dessert,Menu Item,298.22,1.0,298.22,0.0,,,298.22,14.91,0,0,0,0,313.13,,,,,
Delhi,ABNAH Cafe Connaught Place,,BILL-OUT001-260127-0051,51,Delivery/Takeaway,,2026-01-27 11:30:00,2026-01-27 12:18:00,Desserts,Banoffee Pie,MENU0103,Dessert,Menu Item,289.51,1.0,289.51,0.0,,,289.51,14.48,0,0,0,0,303.99,,,,,
Delhi,ABNAH Cafe Connaught Place,,BILL-OUT001-260127-0052,52,Dine In,T14,2026-01-27 13:46:00,2026-01-27 14:30:00,Desserts,Classic Chocolate Fudge Brownie,MENU0104,Dessert,Menu Item,195.0,1.0,195.0,9.82,Bill Discount,Synthetic promotion,185.18,9.26,0,0,0,0,194.44,,,,,
Delhi,ABNAH Cafe Connaught Place,,BILL-OUT001-260127-0053,53,Delivery/Takeaway,,2026-01-27 08:58:00,2026-01-27 09:30:00,Desserts,Soft-Centred Caramel Cookie,MENU0105,Dessert,Menu Item,183.21,1.0,183.21,0.0,,,183.21,9.16,0,0,0,0,192.37,,,,,
Delhi,ABNAH Cafe Connaught Place,,BILL-OUT001-260127-0054,54,Delivery/Takeaway,,2026-01-27 18:53:00,2026-01-27 19:36:00,Desserts,Death by Chocolate Cookie,MENU0106,Dessert,Menu Item,193.69,1.0,193.69,0.0,,,193.69,9.68,0,0,0,0,203.37,,,,,
Delhi,ABNAH Cafe Connaught Place,,BILL-OUT001-260127-0055,55,Delivery/Takeaway,,2026-01-27 08:55:00,2026-01-27 09:11:00,Desserts,Jaggery Parmesan Cookie,MENU0107,Dessert,Menu Item,170.32,1.0,170.32,0.0,,,170.32,8.52,0,0,0,0,178.84,,,,,
Delhi,ABNAH Cafe Connaught Place,,BILL-OUT001-260127-0056,56,Dine In,T24,2026-01-27 19:01:00,2026-01-27 19:45:00,Desserts,Apple Pie,MENU0108,Dessert,Menu Item,270.0,1.0,270.0,5.73,Bill Discount,Synthetic promotion,264.27,13.21,0,0,0,0,277.48,,,,,
Delhi,ABNAH Cafe Connaught Place,,BILL-OUT001-260127-0057,57,Delivery/Takeaway,,2026-01-27 11:58:00,2026-01-27 12:31:00,Baked Goods,Multigrain Walnut Tea Cake,MENU0110,Dessert,Menu Item,225.0,1.0,225.0,0.82,Bill Discount,Synthetic promotion,224.18,11.21,0,0,0,0,235.39,,,,,
Delhi,ABNAH Cafe Connaught Place,,BILL-OUT001-260128-0001,1,Delivery/Takeaway,,2026-01-28 14:15:00,2026-01-28 14:56:00,Espresso,Espresso Shot - Solo,MENU0001,Beverage,Menu Item,146.59,1.0,146.59,0.0,,,146.59,7.33,0,0,0,0,153.92,,,,,
Delhi,ABNAH Cafe Connaught Place,,BILL-OUT001-260128-0002,2,Dine In,T23,2026-01-28 19:21:00,2026-01-28 19:55:00,Coffee Classics,Americano - Regular,MENU0003,Beverage,Menu Item,185.0,3.0,555.0,27.06,Bill Discount,Synthetic promotion,527.94,26.4,0,0,0,0,554.34,,,,,
Delhi,ABNAH Cafe Connaught Place,,BILL-OUT001-260128-0003,3,Dine In,T08,2026-01-28 13:06:00,2026-01-28 13:35:00,Coffee Classics,Americano - Medium,MENU0004,Beverage,Menu Item,210.0,2.0,420.0,11.99,Bill Discount,Synthetic promotion,408.01,20.4,0,0,0,0,428.41,,,,,
Delhi,ABNAH Cafe Connaught Place,,BILL-OUT001-260128-0004,4,Delivery/Takeaway,,2026-01-28 12:04:00,2026-01-28 12:28:00,Coffee Classics,Americano - Large,MENU0005,Beverage,Menu Item,235.0,4.0,940.0,42.62,Bill Discount,Synthetic promotion,897.38,44.87,0,0,0,0,942.25,,,,,
Delhi,ABNAH Cafe Connaught Place,,BILL-OUT001-260128-0005,5,Dine In,T10,2026-01-28 13:58:00,2026-01-28 14:41:00,Coffee Classics,Latte - Regular,MENU0006,Beverage,Menu Item,226.64,2.0,453.28,0.0,,,453.28,22.66,0,0,0,0,475.94,,,,,
Delhi,ABNAH Cafe Connaught Place,,BILL-OUT001-260128-0006,6,Delivery/Takeaway,,2026-01-28 17:28:00,2026-01-28 17:57:00,Coffee Classics,Latte - Medium,MENU0007,Beverage,Menu Item,250.0,2.0,500.0,24.49,Bill Discount,Synthetic promotion,475.51,23.78,0,0,0,0,499.29,,,,,
Delhi,ABNAH Cafe Connaught Place,,BILL-OUT001-260128-0007,7,Delivery/Takeaway,,2026-01-28 09:09:00,2026-01-28 09:44:00,Coffee Classics,Cappuccino - Medium,MENU0010,Beverage,Menu Item,250.0,1.0,250.0,5.95,Bill Discount,Synthetic promotion,244.05,12.2,0,0,0,0,256.25,,,,,
Delhi,ABNAH Cafe Connaught Place,,BILL-OUT001-260128-0008,8,Delivery/Takeaway,,2026-01-28 09:14:00,2026-01-28 09:50:00,Coffee Classics,Cappuccino - Large,MENU0011,Beverage,Menu Item,275.37,3.0,826.11,0.0,,,826.11,41.31,0,0,0,0,867.42,,,,,
Delhi,ABNAH Cafe Connaught Place,,BILL-OUT001-260128-0009,9,Dine In,T06,2026-01-28 19:21:00,2026-01-28 19:48:00,Coffee Classics,Flat White - Regular,MENU0012,Beverage,Menu Item,235.0,3.0,705.0,27.44,Bill Discount,Synthetic promotion,677.56,33.88,0,0,0,0,711.44,,,,,
Delhi,ABNAH Cafe Connaught Place,,BILL-OUT001-260128-0010,10,Delivery/Takeaway,,2026-01-28 11:18:00,2026-01-28 11:38:00,Coffee Classics,Flat White - Medium,MENU0013,Beverage,Menu Item,262.76,1.0,262.76,0.0,,,262.76,13.14,0,0,0,0,275.9,,,,,
Delhi,ABNAH Cafe Connaught Place,,BILL-OUT001-260128-0011,11,Delivery/Takeaway,,2026-01-28 11:30:00,2026-01-28 12:09:00,Coffee Classics,Mocha - Regular,MENU0015,Beverage,Menu Item,245.0,1.0,245.0,2.09,Bill Discount,Synthetic promotion,242.91,12.15,0,0,0,0,255.06,,,,,
Delhi,ABNAH Cafe Connaught Place,,BILL-OUT001-260128-0012,12,Delivery/Takeaway,,2026-01-28 08:44:00,2026-01-28 09:23:00,Coffee Classics,Mocha - Medium,MENU0016,Beverage,Menu Item,270.0,2.0,540.0,15.97,Bill Discount,Synthetic promotion,524.03,26.2,0,0,0,0,550.23,,,,,
Delhi,ABNAH Cafe Connaught Place,,BILL-OUT001-260128-0013,13,Delivery/Takeaway,,2026-01-28 11:43:00,2026-01-28 12:28:00,Coffee Classics,Mocha - Large,MENU0017,Beverage,Menu Item,295.0,3.0,885.0,43.91,Bill Discount,Synthetic promotion,841.09,42.05,0,0,0,0,883.14,,,,,
Delhi,ABNAH Cafe Connaught Place,,BILL-OUT001-260128-0014,14,Dine In,T19,2026-01-28 10:26:00,2026-01-28 10:36:00,Signature Coffee,Orange Zest Mocha - Regular,MENU0021,Beverage,Menu Item,270.0,3.0,810.0,23.53,Bill Discount,Synthetic promotion,786.47,39.32,0,0,0,0,825.79,,,,,
Delhi,ABNAH Cafe Connaught Place,,BILL-OUT001-260128-0015,15,Delivery/Takeaway,,2026-01-28 16:13:00,2026-01-28 16:21:00,Signature Coffee,Caramel Macchiato - Regular,MENU0024,Beverage,Menu Item,269.63,3.0,808.89,0.0,,,808.89,40.44,0,0,0,0,849.33,,,,,
Delhi,ABNAH Cafe Connaught Place,,BILL-OUT001-260128-0016,16,Delivery/Takeaway,,2026-01-28 11:08:00,2026-01-28 11:28:00,Signature Coffee,Caramel Macchiato - Medium,MENU0025,Beverage,Menu Item,295.0,1.0,295.0,6.64,Bill Discount,Synthetic promotion,288.36,14.42,0,0,0,0,302.78,,,,,
Delhi,ABNAH Cafe Connaught Place,,BILL-OUT001-260128-0017,17,Delivery/Takeaway,,2026-01-28 15:35:00,2026-01-28 16:02:00,Signature Coffee,French Vanilla Latte - Regular,MENU0027,Beverage,Menu Item,270.18,2.0,540.36,0.0,,,540.36,27.02,0,0,0,0,567.38,,,,,
Delhi,ABNAH Cafe Connaught Place,,BILL-OUT001-260128-0018,18,Delivery/Takeaway,,2026-01-28 19:23:00,2026-01-28 19:54:00,Signature Coffee,French Vanilla Latte - Medium,MENU0028,Beverage,Menu Item,295.0,1.0,295.0,5.38,Bill Discount,Synthetic promotion,289.62,14.48,0,0,0,0,304.1,,,,,
Delhi,ABNAH Cafe Connaught Place,,BILL-OUT001-260128-0019,19,Delivery/Takeaway,,2026-01-28 17:37:00,2026-01-28 18:14:00,Signature Coffee,French Vanilla Latte - Large,MENU0029,Beverage,Menu Item,325.0,2.0,650.0,20.5,Bill Discount,Synthetic promotion,629.5,31.48,0,0,0,0,660.98,,,,,
Delhi,ABNAH Cafe Connaught Place,,BILL-OUT001-260128-0020,20,Dine In,T19,2026-01-28 10:04:00,2026-01-28 10:26:00,Signature Coffee,Vegan Iced Latte - Regular,MENU0030,Beverage,Menu Item,285.0,2.0,570.0,28.68,Bill Discount,Synthetic promotion,541.32,27.07,0,0,0,0,568.39,,,,,
Delhi,ABNAH Cafe Connaught Place,,BILL-OUT001-260128-0021,21,Delivery/Takeaway,,2026-01-28 08:13:00,2026-01-28 08:24:00,Cold Brew,Coffee Lemonade - Regular,MENU0036,Beverage,Menu Item,235.0,1.0,235.0,4.5,Bill Discount,Synthetic promotion,230.5,11.53,0,0,0,0,242.03,,,,,
Delhi,ABNAH Cafe Connaught Place,,BILL-OUT001-260128-0022,22,Dine In,T21,2026-01-28 11:49:00,2026-01-28 12:30:00,Cold Brew,Coffee Lemonade - Medium,MENU0037,Beverage,Menu Item,260.0,1.0,260.0,6.87,Bill Discount,Synthetic promotion,253.13,12.66,0,0,0,0,265.79,,,,,
Delhi,ABNAH Cafe Connaught Place,,BILL-OUT001-260128-0023,23,Delivery/Takeaway,,2026-01-28 17:20:00,2026-01-28 17:34:00,Cold Brew,Vietnamese Shakerato - Medium,MENU0040,Beverage,Menu Item,280.0,1.0,280.0,7.19,Bill Discount,Synthetic promotion,272.81,13.64,0,0,0,0,286.45,,,,,
Delhi,ABNAH Cafe Connaught Place,,BILL-OUT001-260128-0024,24,Dine In,T11,2026-01-28 09:46:00,2026-01-28 10:08:00,Cold Coffee,Classic Cold Coffee - Regular,MENU0042,Beverage,Menu Item,255.0,4.0,1020.0,45.11,Bill Discount,Synthetic promotion,974.89,48.74,0,0,0,0,1023.63,,,,,
Delhi,ABNAH Cafe Connaught Place,,BILL-OUT001-260128-0025,25,Delivery/Takeaway,,2026-01-28 11:30:00,2026-01-28 12:08:00,Cold Coffee,Classic Cold Coffee - Medium,MENU0043,Beverage,Menu Item,290.0,1.0,290.0,5.66,Bill Discount,Synthetic promotion,284.34,14.22,0,0,0,0,298.56,,,,,
Delhi,ABNAH Cafe Connaught Place,,BILL-OUT001-260128-0026,26,Delivery/Takeaway,,2026-01-28 11:03:00,2026-01-28 11:26:00,Cold Coffee,Classic Cold Coffee - Large,MENU0044,Beverage,Menu Item,326.05,1.0,326.05,0.0,,,326.05,16.3,0,0,0,0,342.35,,,,,
Delhi,ABNAH Cafe Connaught Place,,BILL-OUT001-260128-0027,27,Delivery/Takeaway,,2026-01-28 16:29:00,2026-01-28 17:05:00,Cold Coffee,Mocha Cold Coffee - Regular,MENU0045,Beverage,Menu Item,285.0,2.0,570.0,31.85,Bill Discount,Synthetic promotion,538.15,26.91,0,0,0,0,565.06,,,,,
Delhi,ABNAH Cafe Connaught Place,,BILL-OUT001-260128-0028,28,Delivery/Takeaway,,2026-01-28 12:11:00,2026-01-28 12:44:00,Cold Coffee,Caramel Cold Coffee - Large,MENU0050,Beverage,Menu Item,355.0,1.0,355.0,15.21,Bill Discount,Synthetic promotion,339.79,16.99,0,0,0,0,356.78,,,,,
Delhi,ABNAH Cafe Connaught Place,,BILL-OUT001-260128-0029,29,Dine In,T19,2026-01-28 14:33:00,2026-01-28 15:11:00,Tea,Masala Chai Latte - Regular,MENU0051,Beverage,Menu Item,196.62,1.0,196.62,0.0,,,196.62,9.83,0,0,0,0,206.45,,,,,
Delhi,ABNAH Cafe Connaught Place,,BILL-OUT001-260128-0030,30,Dine In,T15,2026-01-28 11:10:00,2026-01-28 11:51:00,Tea,Masala Chai Latte - Medium,MENU0052,Beverage,Menu Item,220.0,1.0,220.0,6.99,Bill Discount,Synthetic promotion,213.01,10.65,0,0,0,0,223.66,,,,,
Delhi,ABNAH Cafe Connaught Place,,BILL-OUT001-260128-0031,31,Delivery/Takeaway,,2026-01-28 11:37:00,2026-01-28 11:59:00,Tea,Masala Chai Latte - Large,MENU0053,Beverage,Menu Item,245.0,1.0,245.0,9.05,Bill Discount,Synthetic promotion,235.95,11.8,0,0,0,0,247.75,,,,,
Delhi,ABNAH Cafe Connaught Place,,BILL-OUT001-260128-0032,32,Delivery/Takeaway,,2026-01-28 11:37:00,2026-01-28 12:08:00,Tea,Himalayan Green Tea,MENU0054,Beverage,Menu Item,210.0,2.0,420.0,25.01,Bill Discount,Synthetic promotion,394.99,19.75,0,0,0,0,414.74,,,,,
Delhi,ABNAH Cafe Connaught Place,,BILL-OUT001-260128-0033,33,Delivery/Takeaway,,2026-01-28 09:41:00,2026-01-28 10:09:00,Iced Tea,Lemon Iced Tea - Medium,MENU0059,Beverage,Menu Item,230.34,1.0,230.34,0.0,,,230.34,11.52,0,0,0,0,241.86,,,,,
Delhi,ABNAH Cafe Connaught Place,,BILL-OUT001-260128-0034,34,Dine In,T10,2026-01-28 15:53:00,2026-01-28 16:01:00,Kids Beverage,Hot Chocolate - Medium,MENU0065,Beverage,Menu Item,245.0,1.0,245.0,12.63,Bill Discount,Synthetic promotion,232.37,11.62,0,0,0,0,243.99,,,,,
Delhi,ABNAH Cafe Connaught Place,,BILL-OUT001-260128-0035,35,Dine In,T01,2026-01-28 19:22:00,2026-01-28 19:37:00,Shake,Choco Chip Shake - Large,MENU0070,Beverage,Menu Item,365.0,1.0,365.0,5.64,Bill Discount,Synthetic promotion,359.36,17.97,0,0,0,0,377.33,,,,,
Delhi,ABNAH Cafe Connaught Place,,BILL-OUT001-260128-0036,36,Dine In,T11,2026-01-28 13:38:00,2026-01-28 14:04:00,Sandwiches,Pesto Veg Sandwich,MENU0080,Food,Menu Item,280.0,1.0,280.0,4.85,Bill Discount,Synthetic promotion,275.15,13.76,0,0,0,0,288.91,,,,,
Delhi,ABNAH Cafe Connaught Place,,BILL-OUT001-260128-0037,37,Delivery/Takeaway,,2026-01-28 09:53:00,2026-01-28 10:21:00,Sandwiches,Tandoori Chicken Sandwich,MENU0082,Food,Menu Item,320.0,1.0,320.0,4.93,Bill Discount,Synthetic promotion,315.07,15.75,0,0,0,0,330.82,,,,,
Delhi,ABNAH Cafe Connaught Place,,BILL-OUT001-260128-0038,38,Delivery/Takeaway,,2026-01-28 11:41:00,2026-01-28 12:04:00,Toasts,Chicken Pepperoni Avocado Toast,MENU0084,Food,Menu Item,330.0,1.0,330.0,14.03,Bill Discount,Synthetic promotion,315.97,15.8,0,0,0,0,331.77,,,,,
Delhi,ABNAH Cafe Connaught Place,,BILL-OUT001-260128-0039,39,Delivery/Takeaway,,2026-01-28 08:45:00,2026-01-28 09:16:00,Breakfast,Breakfast Pancakes,MENU0086,Food,Menu Item,285.0,1.0,285.0,15.63,Bill Discount,Synthetic promotion,269.37,13.47,0,0,0,0,282.84,,,,,
Delhi,ABNAH Cafe Connaught Place,,BILL-OUT001-260128-0040,40,Dine In,T18,2026-01-28 15:48:00,2026-01-28 16:00:00,Breakfast,Masala Egg Bun,MENU0089,Food,Menu Item,225.0,1.0,225.0,2.41,Bill Discount,Synthetic promotion,222.59,11.13,0,0,0,0,233.72,,,,,
Delhi,ABNAH Cafe Connaught Place,,BILL-OUT001-260128-0041,41,Delivery/Takeaway,,2026-01-28 17:50:00,2026-01-28 18:34:00,Snacks,Marinara Cheese Pin Wheels,MENU0090,Food,Menu Item,215.42,1.0,215.42,0.0,,,215.42,10.77,0,0,0,0,226.19,,,,,
Delhi,ABNAH Cafe Connaught Place,,BILL-OUT001-260128-0042,42,Delivery/Takeaway,,2026-01-28 09:23:00,2026-01-28 10:05:00,Baked Goods,Butter Croissant,MENU0094,Food,Menu Item,195.0,1.0,195.0,5.38,Bill Discount,Synthetic promotion,189.62,9.48,0,0,0,0,199.1,,,,,
Delhi,ABNAH Cafe Connaught Place,,BILL-OUT001-260128-0043,43,Delivery/Takeaway,,2026-01-28 10:49:00,2026-01-28 11:33:00,Baked Goods,Mushroom Cheese Croissant,MENU0097,Food,Menu Item,255.0,1.0,255.0,5.45,Bill Discount,Synthetic promotion,249.55,12.48,0,0,0,0,262.03,,,,,
Delhi,ABNAH Cafe Connaught Place,,BILL-OUT001-260128-0044,44,Delivery/Takeaway,,2026-01-28 19:27:00,2026-01-28 20:12:00,Baked Goods,Cinnamon Roll with Cream Cheese,MENU0099,Dessert,Menu Item,223.13,2.0,446.26,0.0,,,446.26,22.31,0,0,0,0,468.57,,,,,
Delhi,ABNAH Cafe Connaught Place,,BILL-OUT001-260128-0045,45,Delivery/Takeaway,,2026-01-28 10:23:00,2026-01-28 11:09:00,Baked Goods,Lemon Raspberry Tea Cake,MENU0101,Dessert,Menu Item,215.0,3.0,645.0,17.36,Bill Discount,Synthetic promotion,627.64,31.38,0,0,0,0,659.02,,,,,
Delhi,ABNAH Cafe Connaught Place,,BILL-OUT001-260128-0046,46,Delivery/Takeaway,,2026-01-28 17:32:00,2026-01-28 18:01:00,Desserts,Double Chocolate Truffle Cake,MENU0102,Dessert,Menu Item,295.0,1.0,295.0,5.02,Bill Discount,Synthetic promotion,289.98,14.5,0,0,0,0,304.48,,,,,
Delhi,ABNAH Cafe Connaught Place,,BILL-OUT001-260128-0047,47,Delivery/Takeaway,,2026-01-28 09:22:00,2026-01-28 09:59:00,Desserts,Banoffee Pie,MENU0103,Dessert,Menu Item,285.0,1.0,285.0,5.97,Bill Discount,Synthetic promotion,279.03,13.95,0,0,0,0,292.98,,,,,
Delhi,ABNAH Cafe Connaught Place,,BILL-OUT001-260128-0048,48,Dine In,T07,2026-01-28 17:13:00,2026-01-28 17:24:00,Desserts,Jaggery Parmesan Cookie,MENU0107,Dessert,Menu Item,170.0,2.0,340.0,13.15,Bill Discount,Synthetic promotion,326.85,16.34,0,0,0,0,343.19,,,,,
Delhi,ABNAH Cafe Connaught Place,,BILL-OUT001-260129-0001,1,Delivery/Takeaway,,2026-01-29 10:56:00,2026-01-29 11:33:00,Espresso,Espresso Shot - Doppio,MENU0002,Beverage,Menu Item,188.62,1.0,188.62,0.0,,,188.62,9.43,0,0,0,0,198.05,,,,,
Delhi,ABNAH Cafe Connaught Place,,BILL-OUT001-260129-0002,2,Dine In,T19,2026-01-29 15:32:00,2026-01-29 15:49:00,Coffee Classics,Americano - Regular,MENU0003,Beverage,Menu Item,185.0,3.0,555.0,18.5,Bill Discount,Synthetic promotion,536.5,26.82,0,0,0,0,563.32,,,,,
Delhi,ABNAH Cafe Connaught Place,,BILL-OUT001-260129-0003,3,Delivery/Takeaway,,2026-01-29 12:12:00,2026-01-29 12:55:00,Coffee Classics,Americano - Medium,MENU0004,Beverage,Menu Item,210.0,3.0,630.0,4.48,Bill Discount,Synthetic promotion,625.52,31.28,0,0,0,0,656.8,,,,,
Delhi,ABNAH Cafe Connaught Place,,BILL-OUT001-260129-0004,4,Delivery/Takeaway,,2026-01-29 09:48:00,2026-01-29 10:35:00,Coffee Classics,Americano - Large,MENU0005,Beverage,Menu Item,235.0,1.0,235.0,0.86,Bill Discount,Synthetic promotion,234.14,11.71,0,0,0,0,245.85,,,,,
Delhi,ABNAH Cafe Connaught Place,,BILL-OUT001-260129-0005,5,Delivery/Takeaway,,2026-01-29 13:31:00,2026-01-29 13:55:00,Coffee Classics,Latte - Medium,MENU0007,Beverage,Menu Item,250.0,2.0,500.0,0.47,Bill Discount,Synthetic promotion,499.53,24.98,0,0,0,0,524.51,,,,,
Delhi,ABNAH Cafe Connaught Place,,BILL-OUT001-260129-0006,6,Dine In,T15,2026-01-29 13:27:00,2026-01-29 13:56:00,Coffee Classics,Latte - Large,MENU0008,Beverage,Menu Item,276.69,2.0,553.38,0.0,,,553.39,27.67,0,0,0,0,581.06,,,,,
Delhi,ABNAH Cafe Connaught Place,,BILL-OUT001-260129-0007,7,Delivery/Takeaway,,2026-01-29 09:42:00,2026-01-29 10:08:00,Coffee Classics,Cappuccino - Regular,MENU0009,Beverage,Menu Item,225.0,6.0,1350.0,44.4,Bill Discount,Synthetic promotion,1305.6,65.28,0,0,0,0,1370.88,,,,,
Delhi,ABNAH Cafe Connaught Place,,BILL-OUT001-260129-0008,8,Dine In,T05,2026-01-29 16:09:00,2026-01-29 16:25:00,Coffee Classics,Cappuccino - Medium,MENU0010,Beverage,Menu Item,250.0,4.0,1000.0,3.82,Bill Discount,Synthetic promotion,996.18,49.81,0,0,0,0,1045.99,,,,,
Delhi,ABNAH Cafe Connaught Place,,BILL-OUT001-260129-0009,9,Dine In,T21,2026-01-29 15:40:00,2026-01-29 15:51:00,Coffee Classics,Cappuccino - Large,MENU0011,Beverage,Menu Item,275.0,2.0,550.0,19.24,Bill Discount,Synthetic promotion,530.76,26.54,0,0,0,0,557.3,,,,,
Delhi,ABNAH Cafe Connaught Place,,BILL-OUT001-260129-0010,10,Dine In,T24,2026-01-29 08:28:00,2026-01-29 09:08:00,Coffee Classics,Flat White - Regular,MENU0012,Beverage,Menu Item,235.0,3.0,705.0,4.46,Bill Discount,Synthetic promotion,700.54,35.03,0,0,0,0,735.57,,,,,
Delhi,ABNAH Cafe Connaught Place,,BILL-OUT001-260129-0011,11,Delivery/Takeaway,,2026-01-29 12:00:00,2026-01-29 12:43:00,Coffee Classics,Flat White - Medium,MENU0013,Beverage,Menu Item,260.0,2.0,520.0,5.57,Bill Discount,Synthetic promotion,514.43,25.72,0,0,0,0,540.15,,,,,
Delhi,ABNAH Cafe Connaught Place,,BILL-OUT001-260129-0012,12,Dine In,T19,2026-01-29 14:44:00,2026-01-29 14:52:00,Coffee Classics,Flat White - Large,MENU0014,Beverage,Menu Item,286.53,1.0,286.53,0.0,,,286.53,14.33,0,0,0,0,300.86,,,,,
Delhi,ABNAH Cafe Connaught Place,,BILL-OUT001-260129-0013,13,Delivery/Takeaway,,2026-01-29 10:12:00,2026-01-29 10:40:00,Coffee Classics,Mocha - Regular,MENU0015,Beverage,Menu Item,245.0,3.0,735.0,36.03,Bill Discount,Synthetic promotion,698.97,34.95,0,0,0,0,733.92,,,,,
Delhi,ABNAH Cafe Connaught Place,,BILL-OUT001-260129-0014,14,Dine In,T23,2026-01-29 09:25:00,2026-01-29 10:08:00,Coffee Classics,Mocha - Medium,MENU0016,Beverage,Menu Item,270.0,4.0,1080.0,17.22,Bill Discount,Synthetic promotion,1062.78,53.14,0,0,0,0,1115.92,,,,,
Delhi,ABNAH Cafe Connaught Place,,BILL-OUT001-260129-0015,15,Dine In,T06,2026-01-29 19:49:00,2026-01-29 20:06:00,Coffee Classics,Mocha - Large,MENU0017,Beverage,Menu Item,295.0,1.0,295.0,11.53,Bill Discount,Synthetic promotion,283.47,14.17,0,0,0,0,297.64,,,,,
Delhi,ABNAH Cafe Connaught Place,,BILL-OUT001-260129-0016,16,Delivery/Takeaway,,2026-01-29 18:06:00,2026-01-29 18:20:00,Signature Coffee,Sea Salt Mocha - Regular,MENU0018,Beverage,Menu Item,275.0,3.0,825.0,8.26,Bill Discount,Synthetic promotion,816.74,40.84,0,0,0,0,857.58,,,,,
Delhi,ABNAH Cafe Connaught Place,,BILL-OUT001-260129-0017,17,Delivery/Takeaway,,2026-01-29 19:45:00,2026-01-29 20:20:00,Signature Coffee,Caramel Macchiato - Medium,MENU0025,Beverage,Menu Item,296.33,1.0,296.33,0.0,,,296.33,14.82,0,0,0,0,311.15,,,,,
Delhi,ABNAH Cafe Connaught Place,,BILL-OUT001-260129-0018,18,Delivery/Takeaway,,2026-01-29 14:12:00,2026-01-29 14:27:00,Signature Coffee,Caramel Macchiato - Large,MENU0026,Beverage,Menu Item,325.0,1.0,325.0,2.58,Bill Discount,Synthetic promotion,322.42,16.12,0,0,0,0,338.54,,,,,
Delhi,ABNAH Cafe Connaught Place,,BILL-OUT001-260129-0019,19,Dine In,T17,2026-01-29 08:27:00,2026-01-29 09:06:00,Signature Coffee,French Vanilla Latte - Medium,MENU0028,Beverage,Menu Item,295.0,3.0,885.0,41.42,Bill Discount,Synthetic promotion,843.58,42.18,0,0,0,0,885.76,,,,,
Delhi,ABNAH Cafe Connaught Place,,BILL-OUT001-260129-0020,20,Delivery/Takeaway,,2026-01-29 08:45:00,2026-01-29 09:27:00,Signature Coffee,Vegan Iced Latte - Regular,MENU0030,Beverage,Menu Item,285.0,1.0,285.0,3.48,Bill Discount,Synthetic promotion,281.52,14.08,0,0,0,0,295.6,,,,,
Delhi,ABNAH Cafe Connaught Place,,BILL-OUT001-260129-0021,21,Delivery/Takeaway,,2026-01-29 09:23:00,2026-01-29 09:35:00,Signature Coffee,Vegan Iced Latte - Medium,MENU0031,Beverage,Menu Item,310.0,1.0,310.0,4.63,Bill Discount,Synthetic promotion,305.37,15.27,0,0,0,0,320.64,,,,,
Delhi,ABNAH Cafe Connaught Place,,BILL-OUT001-260129-0022,22,Delivery/Takeaway,,2026-01-29 17:24:00,2026-01-29 18:11:00,Cold Brew,Classic Cold Brew - Regular,MENU0033,Beverage,Menu Item,225.0,1.0,225.0,9.45,Bill Discount,Synthetic promotion,215.55,10.78,0,0,0,0,226.33,,,,,
Delhi,ABNAH Cafe Connaught Place,,BILL-OUT001-260129-0023,23,Delivery/Takeaway,,2026-01-29 11:01:00,2026-01-29 11:34:00,Cold Brew,Coffee Lemonade - Regular,MENU0036,Beverage,Menu Item,235.0,2.0,470.0,12.35,Bill Discount,Synthetic promotion,457.65,22.88,0,0,0,0,480.53,,,,,
Delhi,ABNAH Cafe Connaught Place,,BILL-OUT001-260129-0024,24,Delivery/Takeaway,,2026-01-29 18:27:00,2026-01-29 18:55:00,Cold Brew,Coffee Lemonade - Medium,MENU0037,Beverage,Menu Item,260.13,1.0,260.13,0.0,,,260.13,13.01,0,0,0,0,273.14,,,,,
Delhi,ABNAH Cafe Connaught Place,,BILL-OUT001-260129-0025,25,Dine In,T07,2026-01-29 17:30:00,2026-01-29 18:15:00,Cold Brew,Vietnamese Shakerato - Medium,MENU0040,Beverage,Menu Item,281.4,1.0,281.4,0.0,,,281.4,14.07,0,0,0,0,295.47,,,,,
Delhi,ABNAH Cafe Connaught Place,,BILL-OUT001-260129-0026,26,Delivery/Takeaway,,2026-01-29 10:19:00,2026-01-29 10:46:00,Cold Brew,Vietnamese Shakerato - Large,MENU0041,Beverage,Menu Item,305.0,1.0,305.0,7.48,Bill Discount,Synthetic promotion,297.52,14.88,0,0,0,0,312.4,,,,,
Delhi,ABNAH Cafe Connaught Place,,BILL-OUT001-260129-0027,27,Dine In,T19,2026-01-29 19:56:00,2026-01-29 20:37:00,Cold Coffee,Classic Cold Coffee - Medium,MENU0043,Beverage,Menu Item,293.23,2.0,586.46,0.0,,,586.46,29.32,0,0,0,0,615.78,,,,,
Delhi,ABNAH Cafe Connaught Place,,BILL-OUT001-260129-0028,28,Delivery/Takeaway,,2026-01-29 18:30:00,2026-01-29 18:59:00,Tea,Masala Chai Latte - Medium,MENU0052,Beverage,Menu Item,220.0,2.0,440.0,4.6,Bill Discount,Synthetic promotion,435.4,21.77,0,0,0,0,457.17,,,,,
Delhi,ABNAH Cafe Connaught Place,,BILL-OUT001-260129-0029,29,Delivery/Takeaway,,2026-01-29 11:00:00,2026-01-29 11:42:00,Tea,Masala Chai Latte - Large,MENU0053,Beverage,Menu Item,245.0,3.0,735.0,29.57,Bill Discount,Synthetic promotion,705.43,35.27,0,0,0,0,740.7,,,,,
Delhi,ABNAH Cafe Connaught Place,,BILL-OUT001-260129-0030,30,Delivery/Takeaway,,2026-01-29 15:01:00,2026-01-29 15:46:00,Tea,Japanese Matcha Latte - Large,MENU0057,Beverage,Menu Item,325.0,2.0,650.0,23.07,Bill Discount,Synthetic promotion,626.93,31.35,0,0,0,0,658.28,,,,,
Delhi,ABNAH Cafe Connaught Place,,BILL-OUT001-260129-0031,31,Dine In,T20,2026-01-29 15:16:00,2026-01-29 15:38:00,Iced Tea,Hibiscus Lime Iced Tea - Regular,MENU0061,Beverage,Menu Item,225.0,3.0,675.0,8.9,Bill Discount,Synthetic promotion,666.1,33.3,0,0,0,0,699.4,,,,,
Delhi,ABNAH Cafe Connaught Place,,BILL-OUT001-260129-0032,32,Dine In,T17,2026-01-29 08:23:00,2026-01-29 08:45:00,Iced Tea,Hibiscus Lime Iced Tea - Medium,MENU0062,Beverage,Menu Item,251.17,1.0,251.17,0.0,,,251.17,12.56,0,0,0,0,263.73,,,,,
Delhi,ABNAH Cafe Connaught Place,,BILL-OUT001-260129-0033,33,Delivery/Takeaway,,2026-01-29 12:35:00,2026-01-29 12:53:00,Kids Beverage,Hot Chocolate - Regular,MENU0064,Beverage,Menu Item,220.0,1.0,220.0,2.74,Bill Discount,Synthetic promotion,217.26,10.86,0,0,0,0,228.12,,,,,
Delhi,ABNAH Cafe Connaught Place,,BILL-OUT001-260129-0034,34,Delivery/Takeaway,,2026-01-29 10:34:00,2026-01-29 10:58:00,Shake,Choco Chip Shake - Medium,MENU0069,Beverage,Menu Item,335.29,1.0,335.29,0.0,,,335.29,16.76,0,0,0,0,352.05,,,,,
Delhi,ABNAH Cafe Connaught Place,,BILL-OUT001-260129-0035,35,Delivery/Takeaway,,2026-01-29 18:55:00,2026-01-29 19:11:00,Shake,Mixed Berry Shake - Regular,MENU0071,Beverage,Menu Item,318.36,1.0,318.36,0.0,,,318.36,15.92,0,0,0,0,334.28,,,,,
Delhi,ABNAH Cafe Connaught Place,,BILL-OUT001-260129-0036,36,Delivery/Takeaway,,2026-01-29 14:21:00,2026-01-29 15:10:00,Shake,Mixed Berry Shake - Large,MENU0073,Beverage,Menu Item,385.0,1.0,385.0,0.91,Bill Discount,Synthetic promotion,384.09,19.2,0,0,0,0,403.29,,,,,
Delhi,ABNAH Cafe Connaught Place,,BILL-OUT001-260129-0037,37,Dine In,T11,2026-01-29 18:24:00,2026-01-29 19:09:00,Smoothie,Seasonal Smoothie - Large,MENU0076,Beverage,Menu Item,380.37,1.0,380.37,0.0,,,380.37,19.02,0,0,0,0,399.39,,,,,
Delhi,ABNAH Cafe Connaught Place,,BILL-OUT001-260129-0038,38,Dine In,T15,2026-01-29 18:09:00,2026-01-29 18:22:00,Wraps,Spicy Paneer Wrap,MENU0077,Food,Menu Item,275.0,1.0,275.0,7.08,Bill Discount,Synthetic promotion,267.92,13.4,0,0,0,0,281.32,,,,,
Delhi,ABNAH Cafe Connaught Place,,BILL-OUT001-260129-0039,39,Delivery/Takeaway,,2026-01-29 10:02:00,2026-01-29 10:12:00,Sandwiches,Pepper Chicken Sandwich,MENU0081,Food,Menu Item,320.03,1.0,320.03,0.0,,,320.03,16.0,0,0,0,0,336.03,,,,,
Delhi,ABNAH Cafe Connaught Place,,BILL-OUT001-260129-0040,40,Delivery/Takeaway,,2026-01-29 16:17:00,2026-01-29 16:32:00,Sandwiches,Tandoori Chicken Sandwich,MENU0082,Food,Menu Item,320.0,2.0,640.0,27.09,Bill Discount,Synthetic promotion,612.91,30.65,0,0,0,0,643.56,,,,,
Delhi,ABNAH Cafe Connaught Place,,BILL-OUT001-260129-0041,41,Delivery/Takeaway,,2026-01-29 12:51:00,2026-01-29 13:03:00,Toasts,Chilli Cheese Garlic Toast,MENU0083,Food,Menu Item,235.0,1.0,235.0,4.21,Bill Discount,Synthetic promotion,230.79,11.54,0,0,0,0,242.33,,,,,
Delhi,ABNAH Cafe Connaught Place,,BILL-OUT001-260129-0042,42,Dine In,T08,2026-01-29 11:04:00,2026-01-29 11:47:00,Breakfast,Breakfast Pancakes,MENU0086,Food,Menu Item,285.0,1.0,285.0,2.08,Bill Discount,Synthetic promotion,282.92,14.15,0,0,0,0,297.07,,,,,
Delhi,ABNAH Cafe Connaught Place,,BILL-OUT001-260129-0043,43,Delivery/Takeaway,,2026-01-29 08:41:00,2026-01-29 09:05:00,Breakfast,Cream Cheese Bagel,MENU0087,Food,Menu Item,250.0,2.0,500.0,23.77,Bill Discount,Synthetic promotion,476.23,23.81,0,0,0,0,500.04,,,,,
Delhi,ABNAH Cafe Connaught Place,,BILL-OUT001-260129-0044,44,Delivery/Takeaway,,2026-01-29 12:52:00,2026-01-29 13:24:00,Breakfast,Scallion Pepper Cream Cheese Bagel,MENU0088,Food,Menu Item,266.18,1.0,266.18,0.0,,,266.18,13.31,0,0,0,0,279.49,,,,,
Delhi,ABNAH Cafe Connaught Place,,BILL-OUT001-260129-0045,45,Dine In,T24,2026-01-29 08:46:00,2026-01-29 09:21:00,Snacks,Marinara Cheese Pin Wheels,MENU0090,Food,Menu Item,215.0,1.0,215.0,6.72,Bill Discount,Synthetic promotion,208.28,10.41,0,0,0,0,218.69,,,,,
Delhi,ABNAH Cafe Connaught Place,,BILL-OUT001-260129-0046,46,Delivery/Takeaway,,2026-01-29 11:59:00,2026-01-29 12:48:00,Baked Goods,Chocolate Croissant,MENU0096,Food,Menu Item,235.0,2.0,470.0,12.28,Bill Discount,Synthetic promotion,457.72,22.89,0,0,0,0,480.61,,,,,
Delhi,ABNAH Cafe Connaught Place,,BILL-OUT001-260129-0047,47,Dine In,T19,2026-01-29 09:35:00,2026-01-29 10:18:00,Baked Goods,Cinnamon Roll with Cream Cheese,MENU0099,Dessert,Menu Item,220.0,3.0,660.0,9.56,Bill Discount,Synthetic promotion,650.44,32.52,0,0,0,0,682.96,,,,,
Delhi,ABNAH Cafe Connaught Place,,BILL-OUT001-260129-0048,48,Delivery/Takeaway,,2026-01-29 18:41:00,2026-01-29 19:16:00,Baked Goods,Lemon Raspberry Tea Cake,MENU0101,Dessert,Menu Item,215.0,1.0,215.0,3.77,Bill Discount,Synthetic promotion,211.23,10.56,0,0,0,0,221.79,,,,,
Delhi,ABNAH Cafe Connaught Place,,BILL-OUT001-260129-0049,49,Delivery/Takeaway,,2026-01-29 15:07:00,2026-01-29 15:22:00,Desserts,Double Chocolate Truffle Cake,MENU0102,Dessert,Menu Item,295.0,1.0,295.0,13.38,Bill Discount,Synthetic promotion,281.62,14.08,0,0,0,0,295.7,,,,,
Delhi,ABNAH Cafe Connaught Place,,BILL-OUT001-260129-0050,50,Dine In,T23,2026-01-29 19:14:00,2026-01-29 19:23:00,Desserts,Banoffee Pie,MENU0103,Dessert,Menu Item,285.0,1.0,285.0,3.03,Bill Discount,Synthetic promotion,281.97,14.1,0,0,0,0,296.07,,,,,
Delhi,ABNAH Cafe Connaught Place,,BILL-OUT001-260129-0051,51,Dine In,T20,2026-01-29 18:36:00,2026-01-29 19:15:00,Desserts,Basque Cheesecake,MENU0109,Dessert,Menu Item,312.21,1.0,312.21,0.0,,,312.21,15.61,0,0,0,0,327.82,,,,,
Delhi,ABNAH Cafe Connaught Place,,BILL-OUT001-260130-0001,1,Delivery/Takeaway,,2026-01-30 16:39:00,2026-01-30 17:28:00,Coffee Classics,Americano - Regular,MENU0003,Beverage,Menu Item,185.52,3.0,556.56,0.01,Bill Discount,Synthetic promotion,556.55,27.83,0,0,0,0,584.38,,,,,
Delhi,ABNAH Cafe Connaught Place,,BILL-OUT001-260130-0002,2,Delivery/Takeaway,,2026-01-30 15:02:00,2026-01-30 15:22:00,Coffee Classics,Americano - Medium,MENU0004,Beverage,Menu Item,210.0,4.0,840.0,24.5,Bill Discount,Synthetic promotion,815.5,40.77,0,0,0,0,856.27,,,,,
Delhi,ABNAH Cafe Connaught Place,,BILL-OUT001-260130-0003,3,Delivery/Takeaway,,2026-01-30 09:50:00,2026-01-30 10:24:00,Coffee Classics,Americano - Large,MENU0005,Beverage,Menu Item,235.0,3.0,705.0,13.29,Bill Discount,Synthetic promotion,691.71,34.59,0,0,0,0,726.3,,,,,
Delhi,ABNAH Cafe Connaught Place,,BILL-OUT001-260130-0004,4,Dine In,T06,2026-01-30 19:14:00,2026-01-30 19:43:00,Coffee Classics,Latte - Regular,MENU0006,Beverage,Menu Item,225.0,2.0,450.0,24.04,Bill Discount,Synthetic promotion,425.96,21.3,0,0,0,0,447.26,,,,,
Delhi,ABNAH Cafe Connaught Place,,BILL-OUT001-260130-0005,5,Dine In,T04,2026-01-30 09:10:00,2026-01-30 09:23:00,Coffee Classics,Latte - Medium,MENU0007,Beverage,Menu Item,250.0,5.0,1250.0,8.8,Bill Discount,Synthetic promotion,1241.2,62.06,0,0,0,0,1303.26,,,,,
Delhi,ABNAH Cafe Connaught Place,,BILL-OUT001-260130-0006,6,Dine In,T06,2026-01-30 08:59:00,2026-01-30 09:18:00,Coffee Classics,Latte - Large,MENU0008,Beverage,Menu Item,275.0,2.0,550.0,14.88,Bill Discount,Synthetic promotion,535.12,26.76,0,0,0,0,561.88,,,,,
Delhi,ABNAH Cafe Connaught Place,,BILL-OUT001-260130-0007,7,Delivery/Takeaway,,2026-01-30 09:15:00,2026-01-30 09:28:00,Coffee Classics,Cappuccino - Regular,MENU0009,Beverage,Menu Item,225.0,2.0,450.0,3.78,Bill Discount,Synthetic promotion,446.22,22.31,0,0,0,0,468.53,,,,,
Delhi,ABNAH Cafe Connaught Place,,BILL-OUT001-260130-0008,8,Delivery/Takeaway,,2026-01-30 19:00:00,2026-01-30 19:28:00,Coffee Classics,Cappuccino - Medium,MENU0010,Beverage,Menu Item,250.0,1.0,250.0,6.98,Bill Discount,Synthetic promotion,243.02,12.15,0,0,0,0,255.17,,,,,
Delhi,ABNAH Cafe Connaught Place,,BILL-OUT001-260130-0009,9,Dine In,T17,2026-01-30 16:13:00,2026-01-30 16:36:00,Coffee Classics,Flat White - Regular,MENU0012,Beverage,Menu Item,235.0,1.0,235.0,2.99,Bill Discount,Synthetic promotion,232.01,11.6,0,0,0,0,243.61,,,,,
Delhi,ABNAH Cafe Connaught Place,,BILL-OUT001-260130-0010,10,Delivery/Takeaway,,2026-01-30 10:19:00,2026-01-30 10:55:00,Coffee Classics,Flat White - Medium,MENU0013,Beverage,Menu Item,260.0,2.0,520.0,3.02,Bill Discount,Synthetic promotion,516.98,25.85,0,0,0,0,542.83,,,,,
Delhi,ABNAH Cafe Connaught Place,,BILL-OUT001-260130-0011,11,Dine In,T13,2026-01-30 08:12:00,2026-01-30 08:37:00,Coffee Classics,Flat White - Large,MENU0014,Beverage,Menu Item,290.39,1.0,290.39,0.0,,,290.39,14.52,0,0,0,0,304.91,,,,,
Delhi,ABNAH Cafe Connaught Place,,BILL-OUT001-260130-0012,12,Dine In,T08,2026-01-30 12:29:00,2026-01-30 13:01:00,Coffee Classics,Mocha - Regular,MENU0015,Beverage,Menu Item,245.17,1.0,245.17,0.0,,,245.17,12.26,0,0,0,0,257.43,,,,,
Delhi,ABNAH Cafe Connaught Place,,BILL-OUT001-260130-0013,13,Delivery/Takeaway,,2026-01-30 16:41:00,2026-01-30 16:54:00,Coffee Classics,Mocha - Medium,MENU0016,Beverage,Menu Item,270.0,2.0,540.0,16.86,Bill Discount,Synthetic promotion,523.14,26.16,0,0,0,0,549.3,,,,,
Delhi,ABNAH Cafe Connaught Place,,BILL-OUT001-260130-0014,14,Delivery/Takeaway,,2026-01-30 10:07:00,2026-01-30 10:48:00,Coffee Classics,Mocha - Large,MENU0017,Beverage,Menu Item,295.0,2.0,590.0,5.74,Bill Discount,Synthetic promotion,584.26,29.21,0,0,0,0,613.47,,,,,
Delhi,ABNAH Cafe Connaught Place,,BILL-OUT001-260130-0015,15,Delivery/Takeaway,,2026-01-30 10:48:00,2026-01-30 11:01:00,Signature Coffee,Sea Salt Mocha - Regular,MENU0018,Beverage,Menu Item,275.0,3.0,825.0,30.03,Bill Discount,Synthetic promotion,794.97,39.75,0,0,0,0,834.72,,,,,
Delhi,ABNAH Cafe Connaught Place,,BILL-OUT001-260130-0016,16,Dine In,T08,2026-01-30 09:43:00,2026-01-30 10:14:00,Signature Coffee,Sea Salt Mocha - Large,MENU0020,Beverage,Menu Item,340.17,1.0,340.17,0.0,,,340.17,17.01,0,0,0,0,357.18,,,,,
Delhi,ABNAH Cafe Connaught Place,,BILL-OUT001-260130-0017,17,Delivery/Takeaway,,2026-01-30 14:35:00,2026-01-30 14:49:00,Signature Coffee,Orange Zest Mocha - Medium,MENU0022,Beverage,Menu Item,304.94,1.0,304.94,0.0,,,304.94,15.25,0,0,0,0,320.19,,,,,
Delhi,ABNAH Cafe Connaught Place,,BILL-OUT001-260130-0018,18,Dine In,T07,2026-01-30 16:54:00,2026-01-30 17:42:00,Signature Coffee,Caramel Macchiato - Regular,MENU0024,Beverage,Menu Item,269.74,1.0,269.74,0.0,,,269.74,13.49,0,0,0,0,283.23,,,,,
Delhi,ABNAH Cafe Connaught Place,,BILL-OUT001-260130-0019,19,Dine In,T16,2026-01-30 19:25:00,2026-01-30 19:49:00,Signature Coffee,Caramel Macchiato - Medium,MENU0025,Beverage,Menu Item,295.0,1.0,295.0,1.9,Bill Discount,Synthetic promotion,293.1,14.65,0,0,0,0,307.75,,,,,
Delhi,ABNAH Cafe Connaught Place,,BILL-OUT001-260130-0020,20,Delivery/Takeaway,,2026-01-30 10:55:00,2026-01-30 11:32:00,Signature Coffee,French Vanilla Latte - Regular,MENU0027,Beverage,Menu Item,265.0,1.0,265.0,10.25,Bill Discount,Synthetic promotion,254.75,12.74,0,0,0,0,267.49,,,,,
Delhi,ABNAH Cafe Connaught Place,,BILL-OUT001-260130-0021,21,Delivery/Takeaway,,2026-01-30 10:04:00,2026-01-30 10:44:00,Signature Coffee,French Vanilla Latte - Medium,MENU0028,Beverage,Menu Item,295.0,1.0,295.0,7.21,Bill Discount,Synthetic promotion,287.79,14.39,0,0,0,0,302.18,,,,,
Delhi,ABNAH Cafe Connaught Place,,BILL-OUT001-260130-0022,22,Delivery/Takeaway,,2026-01-30 08:22:00,2026-01-30 08:51:00,Signature Coffee,French Vanilla Latte - Large,MENU0029,Beverage,Menu Item,325.0,2.0,650.0,16.84,Bill Discount,Synthetic promotion,633.16,31.66,0,0,0,0,664.82,,,,,
Delhi,ABNAH Cafe Connaught Place,,BILL-OUT001-260130-0023,23,Delivery/Takeaway,,2026-01-30 15:24:00,2026-01-30 15:48:00,Signature Coffee,Vegan Iced Latte - Medium,MENU0031,Beverage,Menu Item,310.0,1.0,310.0,7.92,Bill Discount,Synthetic promotion,302.08,15.1,0,0,0,0,317.18,,,,,
Delhi,ABNAH Cafe Connaught Place,,BILL-OUT001-260130-0024,24,Delivery/Takeaway,,2026-01-30 14:12:00,2026-01-30 14:32:00,Signature Coffee,Vegan Iced Latte - Large,MENU0032,Beverage,Menu Item,335.0,1.0,335.0,5.84,Bill Discount,Synthetic promotion,329.16,16.46,0,0,0,0,345.62,,,,,
Delhi,ABNAH Cafe Connaught Place,,BILL-OUT001-260130-0025,25,Delivery/Takeaway,,2026-01-30 19:32:00,2026-01-30 19:40:00,Cold Brew,Classic Cold Brew - Medium,MENU0034,Beverage,Menu Item,250.66,1.0,250.66,0.0,,,250.66,12.53,0,0,0,0,263.19,,,,,
Delhi,ABNAH Cafe Connaught Place,,BILL-OUT001-260130-0026,26,Delivery/Takeaway,,2026-01-30 17:04:00,2026-01-30 17:46:00,Cold Brew,Vietnamese Shakerato - Regular,MENU0039,Beverage,Menu Item,255.0,1.0,255.0,10.62,Bill Discount,Synthetic promotion,244.38,12.22,0,0,0,0,256.6,,,,,
Delhi,ABNAH Cafe Connaught Place,,BILL-OUT001-260130-0027,27,Delivery/Takeaway,,2026-01-30 13:06:00,2026-01-30 13:15:00,Cold Brew,Vietnamese Shakerato - Medium,MENU0040,Beverage,Menu Item,283.69,1.0,283.69,0.0,,,283.69,14.18,0,0,0,0,297.87,,,,,
Delhi,ABNAH Cafe Connaught Place,,BILL-OUT001-260130-0028,28,Delivery/Takeaway,,2026-01-30 08:17:00,2026-01-30 08:40:00,Cold Coffee,Classic Cold Coffee - Medium,MENU0043,Beverage,Menu Item,290.0,1.0,290.0,15.79,Bill Discount,Synthetic promotion,274.21,13.71,0,0,0,0,287.92,,,,,
Delhi,ABNAH Cafe Connaught Place,,BILL-OUT001-260130-0029,29,Delivery/Takeaway,,2026-01-30 15:54:00,2026-01-30 16:17:00,Cold Coffee,Classic Cold Coffee - Large,MENU0044,Beverage,Menu Item,325.56,1.0,325.56,0.0,,,325.56,16.28,0,0,0,0,341.84,,,,,
Delhi,ABNAH Cafe Connaught Place,,BILL-OUT001-260130-0030,30,Dine In,T20,2026-01-30 19:54:00,2026-01-30 20:39:00,Cold Coffee,Mocha Cold Coffee - Regular,MENU0045,Beverage,Menu Item,285.0,1.0,285.0,12.34,Bill Discount,Synthetic promotion,272.66,13.63,0,0,0,0,286.29,,,,,
Delhi,ABNAH Cafe Connaught Place,,BILL-OUT001-260130-0031,31,Delivery/Takeaway,,2026-01-30 17:05:00,2026-01-30 17:16:00,Cold Coffee,Mocha Cold Coffee - Medium,MENU0046,Beverage,Menu Item,320.0,1.0,320.0,7.24,Bill Discount,Synthetic promotion,312.76,15.64,0,0,0,0,328.4,,,,,
Delhi,ABNAH Cafe Connaught Place,,BILL-OUT001-260130-0032,32,Delivery/Takeaway,,2026-01-30 08:02:00,2026-01-30 08:25:00,Cold Coffee,Caramel Cold Coffee - Large,MENU0050,Beverage,Menu Item,360.78,1.0,360.78,0.0,,,360.78,18.04,0,0,0,0,378.82,,,,,
Delhi,ABNAH Cafe Connaught Place,,BILL-OUT001-260130-0033,33,Dine In,T20,2026-01-30 08:05:00,2026-01-30 08:47:00,Tea,Masala Chai Latte - Regular,MENU0051,Beverage,Menu Item,195.0,1.0,195.0,10.76,Bill Discount,Synthetic promotion,184.24,9.21,0,0,0,0,193.45,,,,,
Delhi,ABNAH Cafe Connaught Place,,BILL-OUT001-260130-0034,34,Dine In,T08,2026-01-30 18:13:00,2026-01-30 18:27:00,Tea,Masala Chai Latte - Large,MENU0053,Beverage,Menu Item,245.0,1.0,245.0,12.89,Bill Discount,Synthetic promotion,232.11,11.61,0,0,0,0,243.72,,,,,
Delhi,ABNAH Cafe Connaught Place,,BILL-OUT001-260130-0035,35,Delivery/Takeaway,,2026-01-30 13:24:00,2026-01-30 13:37:00,Iced Tea,Lemon Iced Tea - Regular,MENU0058,Beverage,Menu Item,205.0,1.0,205.0,11.95,Bill Discount,Synthetic promotion,193.05,9.65,0,0,0,0,202.7,,,,,
Delhi,ABNAH Cafe Connaught Place,,BILL-OUT001-260130-0036,36,Dine In,T20,2026-01-30 13:50:00,2026-01-30 14:38:00,Iced Tea,Lemon Iced Tea - Medium,MENU0059,Beverage,Menu Item,230.43,1.0,230.43,0.0,,,230.43,11.52,0,0,0,0,241.95,,,,,
Delhi,ABNAH Cafe Connaught Place,,BILL-OUT001-260130-0037,37,Dine In,T12,2026-01-30 17:29:00,2026-01-30 17:54:00,Iced Tea,Hibiscus Lime Iced Tea - Regular,MENU0061,Beverage,Menu Item,225.0,1.0,225.0,0.72,Bill Discount,Synthetic promotion,224.28,11.21,0,0,0,0,235.49,,,,,
Delhi,ABNAH Cafe Connaught Place,,BILL-OUT001-260130-0038,38,Dine In,T22,2026-01-30 11:15:00,2026-01-30 11:50:00,Iced Tea,Hibiscus Lime Iced Tea - Medium,MENU0062,Beverage,Menu Item,250.0,4.0,1000.0,27.35,Bill Discount,Synthetic promotion,972.65,48.63,0,0,0,0,1021.28,,,,,
Delhi,ABNAH Cafe Connaught Place,,BILL-OUT001-260130-0039,39,Dine In,T08,2026-01-30 11:23:00,2026-01-30 11:39:00,Shake,Choco Chip Shake - Medium,MENU0069,Beverage,Menu Item,330.0,2.0,660.0,5.22,Bill Discount,Synthetic promotion,654.78,32.74,0,0,0,0,687.52,,,,,
Delhi,ABNAH Cafe Connaught Place,,BILL-OUT001-260130-0040,40,Delivery/Takeaway,,2026-01-30 14:18:00,2026-01-30 14:39:00,Shake,Mixed Berry Shake - Medium,MENU0072,Beverage,Menu Item,350.0,2.0,700.0,29.66,Bill Discount,Synthetic promotion,670.34,33.52,0,0,0,0,703.86,,,,,
Delhi,ABNAH Cafe Connaught Place,,BILL-OUT001-260130-0041,41,Delivery/Takeaway,,2026-01-30 18:36:00,2026-01-30 18:57:00,Wraps,Spicy Paneer Wrap,MENU0077,Food,Menu Item,280.07,1.0,280.07,0.0,,,280.07,14.0,0,0,0,0,294.07,,,,,
Delhi,ABNAH Cafe Connaught Place,,BILL-OUT001-260130-0042,42,Dine In,T06,2026-01-30 13:34:00,2026-01-30 14:20:00,Wraps,Shredded Chicken Wrap,MENU0078,Food,Menu Item,295.0,1.0,295.0,9.86,Bill Discount,Synthetic promotion,285.14,14.26,0,0,0,0,299.4,,,,,
Delhi,ABNAH Cafe Connaught Place,,BILL-OUT001-260130-0043,43,Delivery/Takeaway,,2026-01-30 16:00:00,2026-01-30 16:23:00,Sandwiches,Pepper Chicken Sandwich,MENU0081,Food,Menu Item,315.0,1.0,315.0,10.11,Bill Discount,Synthetic promotion,304.89,15.24,0,0,0,0,320.13,,,,,
Delhi,ABNAH Cafe Connaught Place,,BILL-OUT001-260130-0044,44,Dine In,T20,2026-01-30 19:55:00,2026-01-30 20:40:00,Sandwiches,Tandoori Chicken Sandwich,MENU0082,Food,Menu Item,320.89,1.0,320.89,0.0,,,320.89,16.04,0,0,0,0,336.93,,,,,
Delhi,ABNAH Cafe Connaught Place,,BILL-OUT001-260130-0045,45,Dine In,T24,2026-01-30 19:52:00,2026-01-30 20:28:00,Breakfast,Breakfast Pancakes,MENU0086,Food,Menu Item,285.0,3.0,855.0,2.24,Bill Discount,Synthetic promotion,852.76,42.64,0,0,0,0,895.4,,,,,
Delhi,ABNAH Cafe Connaught Place,,BILL-OUT001-260130-0046,46,Delivery/Takeaway,,2026-01-30 08:50:00,2026-01-30 09:38:00,Breakfast,Cream Cheese Bagel,MENU0087,Food,Menu Item,253.49,2.0,506.98,0.0,,,506.98,25.35,0,0,0,0,532.33,,,,,
Delhi,ABNAH Cafe Connaught Place,,BILL-OUT001-260130-0047,47,Delivery/Takeaway,,2026-01-30 19:17:00,2026-01-30 19:26:00,Breakfast,Scallion Pepper Cream Cheese Bagel,MENU0088,Food,Menu Item,265.0,1.0,265.0,8.93,Bill Discount,Synthetic promotion,256.07,12.8,0,0,0,0,268.87,,,,,
Delhi,ABNAH Cafe Connaught Place,,BILL-OUT001-260130-0048,48,Delivery/Takeaway,,2026-01-30 16:33:00,2026-01-30 17:12:00,Snacks,Marinara Cheese Pin Wheels,MENU0090,Food,Menu Item,215.0,1.0,215.0,12.21,Bill Discount,Synthetic promotion,202.79,10.14,0,0,0,0,212.93,,,,,
Delhi,ABNAH Cafe Connaught Place,,BILL-OUT001-260130-0049,49,Delivery/Takeaway,,2026-01-30 11:28:00,2026-01-30 11:53:00,Snacks,Turnover with Brioche Dough Veg,MENU0093,Food,Menu Item,235.0,1.0,235.0,7.82,Bill Discount,Synthetic promotion,227.18,11.36,0,0,0,0,238.54,,,,,
Delhi,ABNAH Cafe Connaught Place,,BILL-OUT001-260130-0050,50,Delivery/Takeaway,,2026-01-30 10:04:00,2026-01-30 10:29:00,Baked Goods,Chocolate Croissant,MENU0096,Food,Menu Item,235.0,1.0,235.0,5.24,Bill Discount,Synthetic promotion,229.76,11.49,0,0,0,0,241.25,,,,,
Delhi,ABNAH Cafe Connaught Place,,BILL-OUT001-260130-0051,51,Delivery/Takeaway,,2026-01-30 11:37:00,2026-01-30 12:11:00,Baked Goods,Sriracha Chicken Croissant,MENU0098,Food,Menu Item,275.0,1.0,275.0,0.55,Bill Discount,Synthetic promotion,274.45,13.72,0,0,0,0,288.17,,,,,
Delhi,ABNAH Cafe Connaught Place,,BILL-OUT001-260130-0052,52,Dine In,T03,2026-01-30 19:39:00,2026-01-30 19:55:00,Baked Goods,Cinnamon Roll with Cream Cheese,MENU0099,Dessert,Menu Item,221.93,1.0,221.93,0.0,,,221.93,11.1,0,0,0,0,233.03,,,,,
Delhi,ABNAH Cafe Connaught Place,,BILL-OUT001-260130-0053,53,Delivery/Takeaway,,2026-01-30 12:00:00,2026-01-30 12:14:00,Baked Goods,Banana Walnut Tea Cake,MENU0100,Dessert,Menu Item,205.0,1.0,205.0,11.73,Bill Discount,Synthetic promotion,193.27,9.66,0,0,0,0,202.93,,,,,
Delhi,ABNAH Cafe Connaught Place,,BILL-OUT001-260130-0054,54,Delivery/Takeaway,,2026-01-30 08:32:00,2026-01-30 08:48:00,Baked Goods,Lemon Raspberry Tea Cake,MENU0101,Dessert,Menu Item,215.0,1.0,215.0,2.05,Bill Discount,Synthetic promotion,212.95,10.65,0,0,0,0,223.6,,,,,
Delhi,ABNAH Cafe Connaught Place,,BILL-OUT001-260130-0055,55,Delivery/Takeaway,,2026-01-30 15:17:00,2026-01-30 15:57:00,Desserts,Double Chocolate Truffle Cake,MENU0102,Dessert,Menu Item,295.0,1.0,295.0,1.43,Bill Discount,Synthetic promotion,293.57,14.68,0,0,0,0,308.25,,,,,
Delhi,ABNAH Cafe Connaught Place,,BILL-OUT001-260130-0056,56,Delivery/Takeaway,,2026-01-30 08:27:00,2026-01-30 09:09:00,Desserts,Basque Cheesecake,MENU0109,Dessert,Menu Item,310.0,1.0,310.0,4.08,Bill Discount,Synthetic promotion,305.92,15.3,0,0,0,0,321.22,,,,,
Delhi,ABNAH Cafe Connaught Place,,BILL-OUT001-260130-0057,57,Delivery/Takeaway,,2026-01-30 14:50:00,2026-01-30 14:58:00,Baked Goods,Multigrain Walnut Tea Cake,MENU0110,Dessert,Menu Item,225.0,1.0,225.0,8.14,Bill Discount,Synthetic promotion,216.86,10.84,0,0,0,0,227.7,,,,,
Delhi,ABNAH Cafe Connaught Place,,BILL-OUT001-260131-0001,1,Delivery/Takeaway,,2026-01-31 11:25:00,2026-01-31 11:59:00,Coffee Classics,Americano - Regular,MENU0003,Beverage,Menu Item,186.91,2.0,373.82,0.0,,,373.82,18.69,0,0,0,0,392.51,,,,,
Delhi,ABNAH Cafe Connaught Place,,BILL-OUT001-260131-0002,2,Dine In,T19,2026-01-31 11:13:00,2026-01-31 11:39:00,Coffee Classics,Americano - Medium,MENU0004,Beverage,Menu Item,210.0,3.0,630.0,32.8,Bill Discount,Synthetic promotion,597.2,29.86,0,0,0,0,627.06,,,,,
Delhi,ABNAH Cafe Connaught Place,,BILL-OUT001-260131-0003,3,Dine In,T13,2026-01-31 13:35:00,2026-01-31 14:02:00,Coffee Classics,Americano - Large,MENU0005,Beverage,Menu Item,235.0,1.0,235.0,2.75,Bill Discount,Synthetic promotion,232.25,11.61,0,0,0,0,243.86,,,,,
Delhi,ABNAH Cafe Connaught Place,,BILL-OUT001-260131-0004,4,Dine In,T02,2026-01-31 17:50:00,2026-01-31 18:31:00,Coffee Classics,Latte - Regular,MENU0006,Beverage,Menu Item,226.27,1.0,226.27,0.0,,,226.27,11.31,0,0,0,0,237.58,,,,,
Delhi,ABNAH Cafe Connaught Place,,BILL-OUT001-260131-0005,5,Delivery/Takeaway,,2026-01-31 19:53:00,2026-01-31 20:39:00,Coffee Classics,Latte - Medium,MENU0007,Beverage,Menu Item,250.0,1.0,250.0,14.77,Bill Discount,Synthetic promotion,235.23,11.76,0,0,0,0,246.99,,,,,
Delhi,ABNAH Cafe Connaught Place,,BILL-OUT001-260131-0006,6,Delivery/Takeaway,,2026-01-31 13:04:00,2026-01-31 13:52:00,Coffee Classics,Cappuccino - Regular,MENU0009,Beverage,Menu Item,225.0,2.0,450.0,26.61,Bill Discount,Synthetic promotion,423.39,21.17,0,0,0,0,444.56,,,,,
Delhi,ABNAH Cafe Connaught Place,,BILL-OUT001-260131-0007,7,Delivery/Takeaway,,2026-01-31 11:19:00,2026-01-31 11:50:00,Coffee Classics,Cappuccino - Medium,MENU0010,Beverage,Menu Item,250.0,3.0,750.0,23.88,Bill Discount,Synthetic promotion,726.12,36.31,0,0,0,0,762.43,,,,,
Delhi,ABNAH Cafe Connaught Place,,BILL-OUT001-260131-0008,8,Delivery/Takeaway,,2026-01-31 10:08:00,2026-01-31 10:43:00,Coffee Classics,Flat White - Regular,MENU0012,Beverage,Menu Item,235.0,2.0,470.0,2.64,Bill Discount,Synthetic promotion,467.36,23.37,0,0,0,0,490.73,,,,,
Delhi,ABNAH Cafe Connaught Place,,BILL-OUT001-260131-0009,9,Delivery/Takeaway,,2026-01-31 10:17:00,2026-01-31 10:57:00,Coffee Classics,Flat White - Medium,MENU0013,Beverage,Menu Item,260.0,2.0,520.0,9.38,Bill Discount,Synthetic promotion,510.62,25.53,0,0,0,0,536.15,,,,,
Delhi,ABNAH Cafe Connaught Place,,BILL-OUT001-260131-0010,10,Delivery/Takeaway,,2026-01-31 19:11:00,2026-01-31 19:35:00,Coffee Classics,Flat White - Large,MENU0014,Beverage,Menu Item,287.32,1.0,287.32,0.0,,,287.32,14.37,0,0,0,0,301.69,,,,,
Delhi,ABNAH Cafe Connaught Place,,BILL-OUT001-260131-0011,11,Delivery/Takeaway,,2026-01-31 11:40:00,2026-01-31 11:53:00,Coffee Classics,Mocha - Regular,MENU0015,Beverage,Menu Item,245.0,1.0,245.0,4.2,Bill Discount,Synthetic promotion,240.8,12.04,0,0,0,0,252.84,,,,,
Delhi,ABNAH Cafe Connaught Place,,BILL-OUT001-260131-0012,12,Dine In,T16,2026-01-31 12:33:00,2026-01-31 13:06:00,Coffee Classics,Mocha - Medium,MENU0016,Beverage,Menu Item,270.0,3.0,810.0,12.99,Bill Discount,Synthetic promotion,797.01,39.85,0,0,0,0,836.86,,,,,
Delhi,ABNAH Cafe Connaught Place,,BILL-OUT001-260131-0013,13,Delivery/Takeaway,,2026-01-31 08:18:00,2026-01-31 08:40:00,Coffee Classics,Mocha - Large,MENU0017,Beverage,Menu Item,297.42,2.0,594.84,0.0,,,594.84,29.74,0,0,0,0,624.58,,,,,
Delhi,ABNAH Cafe Connaught Place,,BILL-OUT001-260131-0014,14,Delivery/Takeaway,,2026-01-31 15:45:00,2026-01-31 16:01:00,Signature Coffee,Sea Salt Mocha - Medium,MENU0019,Beverage,Menu Item,305.0,1.0,305.0,9.65,Bill Discount,Synthetic promotion,295.35,14.77,0,0,0,0,310.12,,,,,
Delhi,ABNAH Cafe Connaught Place,,BILL-OUT001-260131-0015,15,Delivery/Takeaway,,2026-01-31 10:17:00,2026-01-31 10:34:00,Signature Coffee,Orange Zest Mocha - Large,MENU0023,Beverage,Menu Item,330.0,1.0,330.0,8.3,Bill Discount,Synthetic promotion,321.7,16.09,0,0,0,0,337.79,,,,,
Delhi,ABNAH Cafe Connaught Place,,BILL-OUT001-260131-0016,16,Dine In,T13,2026-01-31 12:10:00,2026-01-31 12:35:00,Signature Coffee,French Vanilla Latte - Large,MENU0029,Beverage,Menu Item,325.0,1.0,325.0,13.62,Bill Discount,Synthetic promotion,311.38,15.57,0,0,0,0,326.95,,,,,
Delhi,ABNAH Cafe Connaught Place,,BILL-OUT001-260131-0017,17,Dine In,T01,2026-01-31 12:01:00,2026-01-31 12:17:00,Signature Coffee,Vegan Iced Latte - Medium,MENU0031,Beverage,Menu Item,311.53,1.0,311.53,0.0,,,311.53,15.58,0,0,0,0,327.11,,,,,
Delhi,ABNAH Cafe Connaught Place,,BILL-OUT001-260131-0018,18,Dine In,T10,2026-01-31 10:15:00,2026-01-31 10:56:00,Cold Brew,Classic Cold Brew - Regular,MENU0033,Beverage,Menu Item,225.0,1.0,225.0,8.18,Bill Discount,Synthetic promotion,216.82,10.84,0,0,0,0,227.66,,,,,
Delhi,ABNAH Cafe Connaught Place,,BILL-OUT001-260131-0019,19,Delivery/Takeaway,,2026-01-31 18:51:00,2026-01-31 19:35:00,Cold Brew,Classic Cold Brew - Medium,MENU0034,Beverage,Menu Item,251.35,1.0,251.35,0.0,,,251.35,12.57,0,0,0,0,263.92,,,,,
Delhi,ABNAH Cafe Connaught Place,,BILL-OUT001-260131-0020,20,Dine In,T08,2026-01-31 16:36:00,2026-01-31 16:48:00,Cold Brew,Vietnamese Shakerato - Medium,MENU0040,Beverage,Menu Item,280.0,1.0,280.0,0.39,Bill Discount,Synthetic promotion,279.61,13.98,0,0,0,0,293.59,,,,,
Delhi,ABNAH Cafe Connaught Place,,BILL-OUT001-260131-0021,21,Delivery/Takeaway,,2026-01-31 14:45:00,2026-01-31 15:23:00,Cold Coffee,Classic Cold Coffee - Regular,MENU0042,Beverage,Menu Item,255.0,1.0,255.0,6.05,Bill Discount,Synthetic promotion,248.95,12.45,0,0,0,0,261.4,,,,,
Delhi,ABNAH Cafe Connaught Place,,BILL-OUT001-260131-0022,22,Dine In,T02,2026-01-31 18:58:00,2026-01-31 19:34:00,Cold Coffee,Classic Cold Coffee - Medium,MENU0043,Beverage,Menu Item,290.0,1.0,290.0,5.47,Bill Discount,Synthetic promotion,284.53,14.23,0,0,0,0,298.76,,,,,
Delhi,ABNAH Cafe Connaught Place,,BILL-OUT001-260131-0023,23,Delivery/Takeaway,,2026-01-31 16:36:00,2026-01-31 17:14:00,Cold Coffee,Mocha Cold Coffee - Large,MENU0047,Beverage,Menu Item,355.0,1.0,355.0,13.4,Bill Discount,Synthetic promotion,341.6,17.08,0,0,0,0,358.68,,,,,
Delhi,ABNAH Cafe Connaught Place,,BILL-OUT001-260131-0024,24,Delivery/Takeaway,,2026-01-31 19:05:00,2026-01-31 19:15:00,Tea,Masala Chai Latte - Large,MENU0053,Beverage,Menu Item,245.0,1.0,245.0,0.06,Bill Discount,Synthetic promotion,244.94,12.25,0,0,0,0,257.19,,,,,
Delhi,ABNAH Cafe Connaught Place,,BILL-OUT001-260131-0025,25,Delivery/Takeaway,,2026-01-31 10:00:00,2026-01-31 10:23:00,Tea,Japanese Matcha Latte - Medium,MENU0056,Beverage,Menu Item,295.0,2.0,590.0,20.04,Bill Discount,Synthetic promotion,569.96,28.5,0,0,0,0,598.46,,,,,
Delhi,ABNAH Cafe Connaught Place,,BILL-OUT001-260131-0026,26,Dine In,T21,2026-01-31 09:27:00,2026-01-31 10:05:00,Tea,Japanese Matcha Latte - Large,MENU0057,Beverage,Menu Item,325.0,1.0,325.0,11.9,Bill Discount,Synthetic promotion,313.1,15.65,0,0,0,0,328.75,,,,,
Delhi,ABNAH Cafe Connaught Place,,BILL-OUT001-260131-0027,27,Delivery/Takeaway,,2026-01-31 12:47:00,2026-01-31 13:28:00,Iced Tea,Lemon Iced Tea - Regular,MENU0058,Beverage,Menu Item,205.0,1.0,205.0,7.98,Bill Discount,Synthetic promotion,197.02,9.85,0,0,0,0,206.87,,,,,
Delhi,ABNAH Cafe Connaught Place,,BILL-OUT001-260131-0028,28,Dine In,T24,2026-01-31 19:02:00,2026-01-31 19:22:00,Shake,Choco Chip Shake - Medium,MENU0069,Beverage,Menu Item,330.0,1.0,330.0,8.76,Bill Discount,Synthetic promotion,321.24,16.06,0,0,0,0,337.3,,,,,
Delhi,ABNAH Cafe Connaught Place,,BILL-OUT001-260131-0029,29,Delivery/Takeaway,,2026-01-31 16:13:00,2026-01-31 16:59:00,Shake,Mixed Berry Shake - Regular,MENU0071,Beverage,Menu Item,315.0,1.0,315.0,14.47,Bill Discount,Synthetic promotion,300.53,15.03,0,0,0,0,315.56,,,,,
Delhi,ABNAH Cafe Connaught Place,,BILL-OUT001-260131-0030,30,Delivery/Takeaway,,2026-01-31 18:19:00,2026-01-31 18:59:00,Sandwiches,Smoked Chipotle Paneer Sandwich,MENU0079,Food,Menu Item,295.0,2.0,590.0,9.52,Bill Discount,Synthetic promotion,580.48,29.02,0,0,0,0,609.5,,,,,
Delhi,ABNAH Cafe Connaught Place,,BILL-OUT001-260131-0031,31,Delivery/Takeaway,,2026-01-31 19:02:00,2026-01-31 19:32:00,Sandwiches,Pepper Chicken Sandwich,MENU0081,Food,Menu Item,315.0,1.0,315.0,15.0,Bill Discount,Synthetic promotion,300.0,15.0,0,0,0,0,315.0,,,,,
Delhi,ABNAH Cafe Connaught Place,,BILL-OUT001-260131-0032,32,Delivery/Takeaway,,2026-01-31 12:04:00,2026-01-31 12:26:00,Sandwiches,Tandoori Chicken Sandwich,MENU0082,Food,Menu Item,320.0,2.0,640.0,36.41,Bill Discount,Synthetic promotion,603.59,30.18,0,0,0,0,633.77,,,,,
Delhi,ABNAH Cafe Connaught Place,,BILL-OUT001-260131-0033,33,Delivery/Takeaway,,2026-01-31 11:28:00,2026-01-31 12:08:00,Toasts,Chilli Cheese Garlic Toast,MENU0083,Food,Menu Item,235.0,1.0,235.0,6.92,Bill Discount,Synthetic promotion,228.08,11.4,0,0,0,0,239.48,,,,,
Delhi,ABNAH Cafe Connaught Place,,BILL-OUT001-260131-0034,34,Delivery/Takeaway,,2026-01-31 08:42:00,2026-01-31 09:13:00,Breakfast,Scallion Pepper Cream Cheese Bagel,MENU0088,Food,Menu Item,265.0,1.0,265.0,5.57,Bill Discount,Synthetic promotion,259.43,12.97,0,0,0,0,272.4,,,,,
Delhi,ABNAH Cafe Connaught Place,,BILL-OUT001-260131-0035,35,Delivery/Takeaway,,2026-01-31 19:21:00,2026-01-31 19:38:00,Snacks,Turnover with Brioche Dough Veg,MENU0093,Food,Menu Item,238.67,1.0,238.67,0.0,,,238.67,11.93,0,0,0,0,250.6,,,,,
Delhi,ABNAH Cafe Connaught Place,,BILL-OUT001-260131-0036,36,Dine In,T09,2026-01-31 15:55:00,2026-01-31 16:44:00,Baked Goods,Butter Croissant,MENU0094,Food,Menu Item,195.0,1.0,195.0,4.16,Bill Discount,Synthetic promotion,190.84,9.54,0,0,0,0,200.38,,,,,
Delhi,ABNAH Cafe Connaught Place,,BILL-OUT001-260131-0037,37,Delivery/Takeaway,,2026-01-31 11:40:00,2026-01-31 11:48:00,Baked Goods,Almond Croissant,MENU0095,Food,Menu Item,245.0,1.0,245.0,0.15,Bill Discount,Synthetic promotion,244.85,12.24,0,0,0,0,257.09,,,,,
Delhi,ABNAH Cafe Connaught Place,,BILL-OUT001-260131-0038,38,Delivery/Takeaway,,2026-01-31 18:07:00,2026-01-31 18:16:00,Baked Goods,Chocolate Croissant,MENU0096,Food,Menu Item,235.0,1.0,235.0,6.28,Bill Discount,Synthetic promotion,228.72,11.44,0,0,0,0,240.16,,,,,
Delhi,ABNAH Cafe Connaught Place,,BILL-OUT001-260131-0039,39,Delivery/Takeaway,,2026-01-31 12:04:00,2026-01-31 12:18:00,Baked Goods,Mushroom Cheese Croissant,MENU0097,Food,Menu Item,255.0,2.0,510.0,28.05,Bill Discount,Synthetic promotion,481.95,24.1,0,0,0,0,506.05,,,,,
Delhi,ABNAH Cafe Connaught Place,,BILL-OUT001-260131-0040,40,Delivery/Takeaway,,2026-01-31 14:31:00,2026-01-31 15:03:00,Desserts,Double Chocolate Truffle Cake,MENU0102,Dessert,Menu Item,297.03,2.0,594.06,0.0,,,594.06,29.7,0,0,0,0,623.76,,,,,
Delhi,ABNAH Cafe Connaught Place,,BILL-OUT001-260131-0041,41,Delivery/Takeaway,,2026-01-31 09:44:00,2026-01-31 10:31:00,Desserts,Soft-Centred Caramel Cookie,MENU0105,Dessert,Menu Item,180.0,1.0,180.0,5.05,Bill Discount,Synthetic promotion,174.95,8.75,0,0,0,0,183.7,,,,,
Delhi,ABNAH Cafe Connaught Place,,BILL-OUT001-260131-0042,42,Delivery/Takeaway,,2026-01-31 17:04:00,2026-01-31 17:37:00,Baked Goods,Multigrain Walnut Tea Cake,MENU0110,Dessert,Menu Item,225.0,2.0,450.0,23.8,Bill Discount,Synthetic promotion,426.2,21.31,0,0,0,0,447.51,,,,,
