State,Deployment,Order Id,billNumber,daySerial,Tab,tableNumber,Open Time,Close Time,Category Name,Item Name,Item Number,itemSection,Item Classification,Rate,Qty,Amount,Discount,discountType,discountRemarks,GST@5% Amount,GST@5%,GST@18% Amount,GST@18%,GST@3% Amount,GST@3%,netamt,customerName,customerMobile,Covers,Waiter Name,Source
Delhi,ABNAH Cafe Saket Premium,,BILL-OUT003-260101-0001,1,Delivery/Takeaway,,2026-01-01 13:42:00,2026-01-01 14:02:00,Coffee Classics,Americano - Medium,MENU0004,Beverage,Menu Item,210.0,2.0,420.0,10.25,Bill Discount,Synthetic promotion,409.75,20.49,0,0,0,0,430.24,,,,,
Delhi,ABNAH Cafe Saket Premium,,BILL-OUT003-260101-0002,2,Dine In,T10,2026-01-01 13:59:00,2026-01-01 14:41:00,Coffee Classics,Americano - Large,MENU0005,Beverage,Menu Item,235.0,1.0,235.0,4.19,Bill Discount,Synthetic promotion,230.81,11.54,0,0,0,0,242.35,,,,,
Delhi,ABNAH Cafe Saket Premium,,BILL-OUT003-260101-0003,3,Dine In,T11,2026-01-01 09:35:00,2026-01-01 09:52:00,Coffee Classics,Latte - Regular,MENU0006,Beverage,Menu Item,229.32,3.0,687.96,0.0,,,687.97,34.4,0,0,0,0,722.37,,,,,
Delhi,ABNAH Cafe Saket Premium,,BILL-OUT003-260101-0004,4,Delivery/Takeaway,,2026-01-01 08:11:00,2026-01-01 08:21:00,Coffee Classics,Latte - Medium,MENU0007,Beverage,Menu Item,250.0,2.0,500.0,8.25,Bill Discount,Synthetic promotion,491.75,24.59,0,0,0,0,516.34,,,,,
Delhi,ABNAH Cafe Saket Premium,,BILL-OUT003-260101-0005,5,Dine In,T02,2026-01-01 14:42:00,2026-01-01 15:00:00,Coffee Classics,Latte - Large,MENU0008,Beverage,Menu Item,275.0,2.0,550.0,29.89,Bill Discount,Synthetic promotion,520.11,26.01,0,0,0,0,546.12,,,,,
Delhi,ABNAH Cafe Saket Premium,,BILL-OUT003-260101-0006,6,Delivery/Takeaway,,2026-01-01 08:08:00,2026-01-01 08:32:00,Coffee Classics,Cappuccino - Regular,MENU0009,Beverage,Menu Item,225.0,1.0,225.0,11.74,Bill Discount,Synthetic promotion,213.26,10.66,0,0,0,0,223.92,,,,,
Delhi,ABNAH Cafe Saket Premium,,BILL-OUT003-260101-0007,7,Delivery/Takeaway,,2026-01-01 15:18:00,2026-01-01 15:47:00,Coffee Classics,Cappuccino - Large,MENU0011,Beverage,Menu Item,277.59,1.0,277.59,0.0,,,277.59,13.88,0,0,0,0,291.47,,,,,
Delhi,ABNAH Cafe Saket Premium,,BILL-OUT003-260101-0008,8,Delivery/Takeaway,,2026-01-01 13:23:00,2026-01-01 14:08:00,Coffee Classics,Mocha - Medium,MENU0016,Beverage,Menu Item,270.0,1.0,270.0,7.21,Bill Discount,Synthetic promotion,262.79,13.14,0,0,0,0,275.93,,,,,
Delhi,ABNAH Cafe Saket Premium,,BILL-OUT003-260101-0009,9,Dine In,T21,2026-01-01 15:09:00,2026-01-01 15:46:00,Coffee Classics,Mocha - Large,MENU0017,Beverage,Menu Item,295.0,1.0,295.0,5.4,Bill Discount,Synthetic promotion,289.6,14.48,0,0,0,0,304.08,,,,,
Delhi,ABNAH Cafe Saket Premium,,BILL-OUT003-260101-0010,10,Delivery/Takeaway,,2026-01-01 14:23:00,2026-01-01 15:08:00,Signature Coffee,Sea Salt Mocha - Large,MENU0020,Beverage,Menu Item,335.0,2.0,670.0,9.5,Bill Discount,Synthetic promotion,660.5,33.02,0,0,0,0,693.52,,,,,
Delhi,ABNAH Cafe Saket Premium,,BILL-OUT003-260101-0011,11,Dine In,T15,2026-01-01 11:36:00,2026-01-01 12:24:00,Signature Coffee,Orange Zest Mocha - Regular,MENU0021,Beverage,Menu Item,270.0,3.0,810.0,26.64,Bill Discount,Synthetic promotion,783.36,39.17,0,0,0,0,822.53,,,,,
Delhi,ABNAH Cafe Saket Premium,,BILL-OUT003-260101-0012,12,Delivery/Takeaway,,2026-01-01 14:43:00,2026-01-01 15:12:00,Signature Coffee,Orange Zest Mocha - Medium,MENU0022,Beverage,Menu Item,303.19,2.0,606.38,0.0,,,606.38,30.32,0,0,0,0,636.7,,,,,
Delhi,ABNAH Cafe Saket Premium,,BILL-OUT003-260101-0013,13,Delivery/Takeaway,,2026-01-01 12:19:00,2026-01-01 12:54:00,Signature Coffee,Orange Zest Mocha - Large,MENU0023,Beverage,Menu Item,330.0,1.0,330.0,8.8,Bill Discount,Synthetic promotion,321.2,16.06,0,0,0,0,337.26,,,,,
Delhi,ABNAH Cafe Saket Premium,,BILL-OUT003-260101-0014,14,Delivery/Takeaway,,2026-01-01 14:12:00,2026-01-01 14:31:00,Signature Coffee,Caramel Macchiato - Regular,MENU0024,Beverage,Menu Item,265.0,1.0,265.0,11.83,Bill Discount,Synthetic promotion,253.17,12.66,0,0,0,0,265.83,,,,,
Delhi,ABNAH Cafe Saket Premium,,BILL-OUT003-260101-0015,15,Delivery/Takeaway,,2026-01-01 17:47:00,2026-01-01 18:34:00,Signature Coffee,Caramel Macchiato - Medium,MENU0025,Beverage,Menu Item,299.94,1.0,299.94,0.0,,,299.94,15.0,0,0,0,0,314.94,,,,,
Delhi,ABNAH Cafe Saket Premium,,BILL-OUT003-260101-0016,16,Dine In,T07,2026-01-01 10:18:00,2026-01-01 10:57:00,Signature Coffee,Vegan Iced Latte - Regular,MENU0030,Beverage,Menu Item,285.0,2.0,570.0,5.38,Bill Discount,Synthetic promotion,564.62,28.23,0,0,0,0,592.85,,,,,
Delhi,ABNAH Cafe Saket Premium,,BILL-OUT003-260101-0017,17,Delivery/Takeaway,,2026-01-01 16:56:00,2026-01-01 17:31:00,Signature Coffee,Vegan Iced Latte - Medium,MENU0031,Beverage,Menu Item,310.0,3.0,930.0,18.85,Bill Discount,Synthetic promotion,911.15,45.56,0,0,0,0,956.71,,,,,
Delhi,ABNAH Cafe Saket Premium,,BILL-OUT003-260101-0018,18,Delivery/Takeaway,,2026-01-01 10:25:00,2026-01-01 10:43:00,Cold Brew,Classic Cold Brew - Regular,MENU0033,Beverage,Menu Item,225.0,2.0,450.0,10.88,Bill Discount,Synthetic promotion,439.12,21.96,0,0,0,0,461.08,,,,,
Delhi,ABNAH Cafe Saket Premium,,BILL-OUT003-260101-0019,19,Dine In,T19,2026-01-01 12:28:00,2026-01-01 13:10:00,Cold Brew,Classic Cold Brew - Medium,MENU0034,Beverage,Menu Item,250.17,2.0,500.34,0.0,,,500.34,25.02,0,0,0,0,525.36,,,,,
Delhi,ABNAH Cafe Saket Premium,,BILL-OUT003-260101-0020,20,Delivery/Takeaway,,2026-01-01 15:01:00,2026-01-01 15:20:00,Cold Brew,Coffee Lemonade - Large,MENU0038,Beverage,Menu Item,285.0,1.0,285.0,10.11,Bill Discount,Synthetic promotion,274.89,13.74,0,0,0,0,288.63,,,,,
Delhi,ABNAH Cafe Saket Premium,,BILL-OUT003-260101-0021,21,Delivery/Takeaway,,2026-01-01 15:55:00,2026-01-01 16:17:00,Cold Brew,Vietnamese Shakerato - Regular,MENU0039,Beverage,Menu Item,255.0,1.0,255.0,14.69,Bill Discount,Synthetic promotion,240.31,12.02,0,0,0,0,252.33,,,,,
Delhi,ABNAH Cafe Saket Premium,,BILL-OUT003-260101-0022,22,Delivery/Takeaway,,2026-01-01 17:45:00,2026-01-01 18:24:00,Cold Brew,Vietnamese Shakerato - Medium,MENU0040,Beverage,Menu Item,280.0,1.0,280.0,7.04,Bill Discount,Synthetic promotion,272.96,13.65,0,0,0,0,286.61,,,,,
Delhi,ABNAH Cafe Saket Premium,,BILL-OUT003-260101-0023,23,Delivery/Takeaway,,2026-01-01 11:22:00,2026-01-01 12:06:00,Cold Brew,Vietnamese Shakerato - Large,MENU0041,Beverage,Menu Item,307.37,2.0,614.74,0.01,Bill Discount,Synthetic promotion,614.73,30.74,0,0,0,0,645.47,,,,,
Delhi,ABNAH Cafe Saket Premium,,BILL-OUT003-260101-0024,24,Delivery/Takeaway,,2026-01-01 17:39:00,2026-01-01 17:48:00,Cold Coffee,Classic Cold Coffee - Regular,MENU0042,Beverage,Menu Item,255.0,1.0,255.0,4.58,Bill Discount,Synthetic promotion,250.42,12.52,0,0,0,0,262.94,,,,,
Delhi,ABNAH Cafe Saket Premium,,BILL-OUT003-260101-0025,25,Delivery/Takeaway,,2026-01-01 08:07:00,2026-01-01 08:50:00,Cold Coffee,Classic Cold Coffee - Medium,MENU0043,Beverage,Menu Item,292.91,1.0,292.91,0.0,,,292.91,14.65,0,0,0,0,307.56,,,,,
Delhi,ABNAH Cafe Saket Premium,,BILL-OUT003-260101-0026,26,Delivery/Takeaway,,2026-01-01 11:51:00,2026-01-01 12:38:00,Cold Coffee,Mocha Cold Coffee - Medium,MENU0046,Beverage,Menu Item,320.0,2.0,640.0,10.7,Bill Discount,Synthetic promotion,629.3,31.46,0,0,0,0,660.76,,,,,
Delhi,ABNAH Cafe Saket Premium,,BILL-OUT003-260101-0027,27,Dine In,T01,2026-01-01 08:09:00,2026-01-01 08:26:00,Tea,Masala Chai Latte - Regular,MENU0051,Beverage,Menu Item,195.0,1.0,195.0,1.16,Bill Discount,Synthetic promotion,193.84,9.69,0,0,0,0,203.53,,,,,
Delhi,ABNAH Cafe Saket Premium,,BILL-OUT003-260101-0028,28,Delivery/Takeaway,,2026-01-01 16:54:00,2026-01-01 17:14:00,Tea,Masala Chai Latte - Medium,MENU0052,Beverage,Menu Item,220.0,1.0,220.0,6.25,Bill Discount,Synthetic promotion,213.75,10.69,0,0,0,0,224.44,,,,,
Delhi,ABNAH Cafe Saket Premium,,BILL-OUT003-260101-0029,29,Delivery/Takeaway,,2026-01-01 17:07:00,2026-01-01 17:26:00,Tea,Himalayan Green Tea,MENU0054,Beverage,Menu Item,210.0,1.0,210.0,10.6,Bill Discount,Synthetic promotion,199.4,9.97,0,0,0,0,209.37,,,,,
Delhi,ABNAH Cafe Saket Premium,,BILL-OUT003-260101-0030,30,Delivery/Takeaway,,2026-01-01 14:51:00,2026-01-01 15:18:00,Tea,Japanese Matcha Latte - Medium,MENU0056,Beverage,Menu Item,295.0,1.0,295.0,12.22,Bill Discount,Synthetic promotion,282.78,14.14,0,0,0,0,296.92,,,,,
Delhi,ABNAH Cafe Saket Premium,,BILL-OUT003-260101-0031,31,Delivery/Takeaway,,2026-01-01 09:06:00,2026-01-01 09:17:00,Iced Tea,Lemon Iced Tea - Regular,MENU0058,Beverage,Menu Item,208.23,1.0,208.23,0.0,,,208.23,10.41,0,0,0,0,218.64,,,,,
Delhi,ABNAH Cafe Saket Premium,,BILL-OUT003-260101-0032,32,Delivery/Takeaway,,2026-01-01 18:36:00,2026-01-01 19:24:00,Iced Tea,Lemon Iced Tea - Medium,MENU0059,Beverage,Menu Item,230.0,1.0,230.0,11.29,Bill Discount,Synthetic promotion,218.71,10.94,0,0,0,0,229.65,,,,,
Delhi,ABNAH Cafe Saket Premium,,BILL-OUT003-260101-0033,33,Dine In,T01,2026-01-01 10:50:00,2026-01-01 11:16:00,Iced Tea,Hibiscus Lime Iced Tea - Regular,MENU0061,Beverage,Menu Item,225.0,1.0,225.0,6.75,Bill Discount,Synthetic promotion,218.25,10.91,0,0,0,0,229.16,,,,,
Delhi,ABNAH Cafe Saket Premium,,BILL-OUT003-260101-0034,34,Delivery/Takeaway,,2026-01-01 14:25:00,2026-01-01 15:03:00,Iced Tea,Hibiscus Lime Iced Tea - Medium,MENU0062,Beverage,Menu Item,250.0,1.0,250.0,7.3,Bill Discount,Synthetic promotion,242.7,12.13,0,0,0,0,254.83,,,,,
Delhi,ABNAH Cafe Saket Premium,,BILL-OUT003-260101-0035,35,Delivery/Takeaway,,2026-01-01 09:47:00,2026-01-01 10:36:00,Iced Tea,Hibiscus Lime Iced Tea - Large,MENU0063,Beverage,Menu Item,279.91,1.0,279.91,0.0,,,279.91,14.0,0,0,0,0,293.91,,,,,
Delhi,ABNAH Cafe Saket Premium,,BILL-OUT003-260101-0036,36,Delivery/Takeaway,,2026-01-01 11:44:00,2026-01-01 12:03:00,Kids Beverage,Hot Chocolate - Medium,MENU0065,Beverage,Menu Item,245.0,1.0,245.0,6.61,Bill Discount,Synthetic promotion,238.39,11.92,0,0,0,0,250.31,,,,,
Delhi,ABNAH Cafe Saket Premium,,BILL-OUT003-260101-0037,37,Delivery/Takeaway,,2026-01-01 15:27:00,2026-01-01 15:49:00,Shake,Mixed Berry Shake - Large,MENU0073,Beverage,Menu Item,385.0,1.0,385.0,6.62,Bill Discount,Synthetic promotion,378.38,18.92,0,0,0,0,397.3,,,,,
Delhi,ABNAH Cafe Saket Premium,,BILL-OUT003-260101-0038,38,Delivery/Takeaway,,2026-01-01 08:40:00,2026-01-01 09:29:00,Smoothie,Seasonal Smoothie - Regular,MENU0074,Beverage,Menu Item,305.0,1.0,305.0,12.32,Bill Discount,Synthetic promotion,292.68,14.63,0,0,0,0,307.31,,,,,
Delhi,ABNAH Cafe Saket Premium,,BILL-OUT003-260101-0039,39,Delivery/Takeaway,,2026-01-01 19:17:00,2026-01-01 19:57:00,Smoothie,Seasonal Smoothie - Medium,MENU0075,Beverage,Menu Item,340.0,2.0,680.0,11.97,Bill Discount,Synthetic promotion,668.03,33.4,0,0,0,0,701.43,,,,,
Delhi,ABNAH Cafe Saket Premium,,BILL-OUT003-260101-0040,40,Delivery/Takeaway,,2026-01-01 14:21:00,2026-01-01 14:49:00,Smoothie,Seasonal Smoothie - Large,MENU0076,Beverage,Menu Item,375.0,1.0,375.0,19.69,Bill Discount,Synthetic promotion,355.31,17.77,0,0,0,0,373.08,,,,,
Delhi,ABNAH Cafe Saket Premium,,BILL-OUT003-260101-0041,41,Dine In,T19,2026-01-01 18:52:00,2026-01-01 19:07:00,Sandwiches,Smoked Chipotle Paneer Sandwich,MENU0079,Food,Menu Item,295.0,1.0,295.0,14.63,Bill Discount,Synthetic promotion,280.37,14.02,0,0,0,0,294.39,,,,,
Delhi,ABNAH Cafe Saket Premium,,BILL-OUT003-260101-0042,42,Delivery/Takeaway,,2026-01-01 18:59:00,2026-01-01 19:22:00,Sandwiches,Pesto Veg Sandwich,MENU0080,Food,Menu Item,282.96,1.0,282.96,0.0,,,282.96,14.15,0,0,0,0,297.11,,,,,
Delhi,ABNAH Cafe Saket Premium,,BILL-OUT003-260101-0043,43,Dine In,T13,2026-01-01 11:26:00,2026-01-01 11:40:00,Sandwiches,Pepper Chicken Sandwich,MENU0081,Food,Menu Item,317.17,1.0,317.17,0.0,,,317.17,15.86,0,0,0,0,333.03,,,,,
Delhi,ABNAH Cafe Saket Premium,,BILL-OUT003-260101-0044,44,Delivery/Takeaway,,2026-01-01 17:50:00,2026-01-01 18:07:00,Sandwiches,Tandoori Chicken Sandwich,MENU0082,Food,Menu Item,320.05,2.0,640.1,0.01,Bill Discount,Synthetic promotion,640.09,32.0,0,0,0,0,672.09,,,,,
Delhi,ABNAH Cafe Saket Premium,,BILL-OUT003-260101-0045,45,Dine In,T02,2026-01-01 17:35:00,2026-01-01 18:05:00,Toasts,Chilli Cheese Garlic Toast,MENU0083,Food,Menu Item,235.0,1.0,235.0,9.02,Bill Discount,Synthetic promotion,225.98,11.3,0,0,0,0,237.28,,,,,
Delhi,ABNAH Cafe Saket Premium,,BILL-OUT003-260101-0046,46,Dine In,T17,2026-01-01 19:05:00,2026-01-01 19:29:00,Toasts,Chicken Pepperoni Avocado Toast,MENU0084,Food,Menu Item,330.0,1.0,330.0,15.0,Bill Discount,Synthetic promotion,315.0,15.75,0,0,0,0,330.75,,,,,
Delhi,ABNAH Cafe Saket Premium,,BILL-OUT003-260101-0047,47,Delivery/Takeaway,,2026-01-01 11:44:00,2026-01-01 12:30:00,Breakfast,Cream Cheese Bagel,MENU0087,Food,Menu Item,250.0,1.0,250.0,1.23,Bill Discount,Synthetic promotion,248.77,12.44,0,0,0,0,261.21,,,,,
Delhi,ABNAH Cafe Saket Premium,,BILL-OUT003-260101-0048,48,Delivery/Takeaway,,2026-01-01 09:10:00,2026-01-01 09:57:00,Breakfast,Scallion Pepper Cream Cheese Bagel,MENU0088,Food,Menu Item,265.0,1.0,265.0,14.98,Bill Discount,Synthetic promotion,250.02,12.5,0,0,0,0,262.52,,,,,
Delhi,ABNAH Cafe Saket Premium,,BILL-OUT003-260101-0049,49,Delivery/Takeaway,,2026-01-01 13:44:00,2026-01-01 14:22:00,Breakfast,Masala Egg Bun,MENU0089,Food,Menu Item,225.0,1.0,225.0,0.18,Bill Discount,Synthetic promotion,224.82,11.24,0,0,0,0,236.06,,,,,
Delhi,ABNAH Cafe Saket Premium,,BILL-OUT003-260101-0050,50,Delivery/Takeaway,,2026-01-01 11:19:00,2026-01-01 11:30:00,Baked Goods,Butter Croissant,MENU0094,Food,Menu Item,195.0,1.0,195.0,0.42,Bill Discount,Synthetic promotion,194.58,9.73,0,0,0,0,204.31,,,,,
Delhi,ABNAH Cafe Saket Premium,,BILL-OUT003-260101-0051,51,Dine In,T10,2026-01-01 11:20:00,2026-01-01 11:29:00,Baked Goods,Chocolate Croissant,MENU0096,Food,Menu Item,235.0,1.0,235.0,10.04,Bill Discount,Synthetic promotion,224.96,11.25,0,0,0,0,236.21,,,,,
Delhi,ABNAH Cafe Saket Premium,,BILL-OUT003-260101-0052,52,Delivery/Takeaway,,2026-01-01 11:11:00,2026-01-01 11:38:00,Baked Goods,Mushroom Cheese Croissant,MENU0097,Food,Menu Item,255.0,1.0,255.0,10.94,Bill Discount,Synthetic promotion,244.06,12.2,0,0,0,0,256.26,,,,,
Delhi,ABNAH Cafe Saket Premium,,BILL-OUT003-260101-0053,53,Delivery/Takeaway,,2026-01-01 14:51:00,2026-01-01 15:40:00,Baked Goods,Sriracha Chicken Croissant,MENU0098,Food,Menu Item,275.0,1.0,275.0,9.99,Bill Discount,Synthetic promotion,265.01,13.25,0,0,0,0,278.26,,,,,
Delhi,ABNAH Cafe Saket Premium,,BILL-OUT003-260101-0054,54,Delivery/Takeaway,,2026-01-01 17:56:00,2026-01-01 18:24:00,Baked Goods,Banana Walnut Tea Cake,MENU0100,Dessert,Menu Item,205.0,1.0,205.0,3.0,Bill Discount,Synthetic promotion,202.0,10.1,0,0,0,0,212.1,,,,,
Delhi,ABNAH Cafe Saket Premium,,BILL-OUT003-260101-0055,55,Dine In,T03,2026-01-01 15:10:00,2026-01-01 15:47:00,Desserts,Banoffee Pie,MENU0103,Dessert,Menu Item,285.0,1.0,285.0,10.03,Bill Discount,Synthetic promotion,274.97,13.75,0,0,0,0,288.72,,,,,
Delhi,ABNAH Cafe Saket Premium,,BILL-OUT003-260101-0056,56,Delivery/Takeaway,,2026-01-01 19:26:00,2026-01-01 19:40:00,Desserts,Death by Chocolate Cookie,MENU0106,Dessert,Menu Item,191.56,1.0,191.56,0.0,,,191.56,9.58,0,0,0,0,201.14,,,,,
Delhi,ABNAH Cafe Saket Premium,,BILL-OUT003-260101-0057,57,Delivery/Takeaway,,2026-01-01 08:11:00,2026-01-01 08:56:00,Desserts,Jaggery Parmesan Cookie,MENU0107,Dessert,Menu Item,171.03,1.0,171.03,0.0,,,171.03,8.55,0,0,0,0,179.58,,,,,
Delhi,ABNAH Cafe Saket Premium,,BILL-OUT003-260101-0058,58,Delivery/Takeaway,,2026-01-01 08:32:00,2026-01-01 08:52:00,Desserts,Basque Cheesecake,MENU0109,Dessert,Menu Item,310.0,1.0,310.0,1.42,Bill Discount,Synthetic promotion,308.58,15.43,0,0,0,0,324.01,,,,,
Delhi,ABNAH Cafe Saket Premium,,BILL-OUT003-260102-0001,1,Delivery/Takeaway,,2026-01-02 10:44:00,2026-01-02 11:12:00,Coffee Classics,Americano - Medium,MENU0004,Beverage,Menu Item,213.06,1.0,213.06,0.0,,,213.06,10.65,0,0,0,0,223.71,,,,,
Delhi,ABNAH Cafe Saket Premium,,BILL-OUT003-260102-0002,2,Dine In,T13,2026-01-02 09:03:00,2026-01-02 09:18:00,Coffee Classics,Americano - Large,MENU0005,Beverage,Menu Item,236.84,1.0,236.84,0.0,,,236.84,11.84,0,0,0,0,248.68,,,,,
Delhi,ABNAH Cafe Saket Premium,,BILL-OUT003-260102-0003,3,Dine In,T20,2026-01-02 08:03:00,2026-01-02 08:23:00,Coffee Classics,Latte - Regular,MENU0006,Beverage,Menu Item,225.0,1.0,225.0,4.32,Bill Discount,Synthetic promotion,220.68,11.03,0,0,0,0,231.71,,,,,
Delhi,ABNAH Cafe Saket Premium,,BILL-OUT003-260102-0004,4,Dine In,T13,2026-01-02 16:10:00,2026-01-02 16:28:00,Coffee Classics,Latte - Medium,MENU0007,Beverage,Menu Item,250.0,2.0,500.0,27.91,Bill Discount,Synthetic promotion,472.09,23.6,0,0,0,0,495.69,,,,,
Delhi,ABNAH Cafe Saket Premium,,BILL-OUT003-260102-0005,5,Dine In,T15,2026-01-02 19:25:00,2026-01-02 19:46:00,Coffee Classics,Latte - Large,MENU0008,Beverage,Menu Item,275.0,1.0,275.0,5.32,Bill Discount,Synthetic promotion,269.68,13.48,0,0,0,0,283.16,,,,,
Delhi,ABNAH Cafe Saket Premium,,BILL-OUT003-260102-0006,6,Delivery/Takeaway,,2026-01-02 10:59:00,2026-01-02 11:16:00,Coffee Classics,Cappuccino - Medium,MENU0010,Beverage,Menu Item,250.0,1.0,250.0,13.24,Bill Discount,Synthetic promotion,236.76,11.84,0,0,0,0,248.6,,,,,
Delhi,ABNAH Cafe Saket Premium,,BILL-OUT003-260102-0007,7,Delivery/Takeaway,,2026-01-02 13:14:00,2026-01-02 13:23:00,Coffee Classics,Cappuccino - Large,MENU0011,Beverage,Menu Item,275.0,2.0,550.0,32.95,Bill Discount,Synthetic promotion,517.05,25.85,0,0,0,0,542.9,,,,,
Delhi,ABNAH Cafe Saket Premium,,BILL-OUT003-260102-0008,8,Dine In,T08,2026-01-02 13:18:00,2026-01-02 13:27:00,Coffee Classics,Flat White - Medium,MENU0013,Beverage,Menu Item,260.0,1.0,260.0,2.13,Bill Discount,Synthetic promotion,257.87,12.89,0,0,0,0,270.76,,,,,
Delhi,ABNAH Cafe Saket Premium,,BILL-OUT003-260102-0009,9,Delivery/Takeaway,,2026-01-02 19:00:00,2026-01-02 19:44:00,Coffee Classics,Mocha - Regular,MENU0015,Beverage,Menu Item,247.62,1.0,247.62,0.0,,,247.62,12.38,0,0,0,0,260.0,,,,,
Delhi,ABNAH Cafe Saket Premium,,BILL-OUT003-260102-0010,10,Dine In,T09,2026-01-02 17:38:00,2026-01-02 18:04:00,Coffee Classics,Mocha - Medium,MENU0016,Beverage,Menu Item,270.6,1.0,270.6,0.0,,,270.6,13.53,0,0,0,0,284.13,,,,,
Delhi,ABNAH Cafe Saket Premium,,BILL-OUT003-260102-0011,11,Delivery/Takeaway,,2026-01-02 18:41:00,2026-01-02 19:19:00,Signature Coffee,Sea Salt Mocha - Large,MENU0020,Beverage,Menu Item,335.0,1.0,335.0,8.34,Bill Discount,Synthetic promotion,326.66,16.33,0,0,0,0,342.99,,,,,
Delhi,ABNAH Cafe Saket Premium,,BILL-OUT003-260102-0012,12,Dine In,T08,2026-01-02 11:33:00,2026-01-02 12:19:00,Signature Coffee,Orange Zest Mocha - Regular,MENU0021,Beverage,Menu Item,270.0,2.0,540.0,20.82,Bill Discount,Synthetic promotion,519.18,25.96,0,0,0,0,545.14,,,,,
Delhi,ABNAH Cafe Saket Premium,,BILL-OUT003-260102-0013,13,Delivery/Takeaway,,2026-01-02 11:46:00,2026-01-02 12:22:00,Signature Coffee,Orange Zest Mocha - Medium,MENU0022,Beverage,Menu Item,300.0,1.0,300.0,1.48,Bill Discount,Synthetic promotion,298.52,14.93,0,0,0,0,313.45,,,,,
Delhi,ABNAH Cafe Saket Premium,,BILL-OUT003-260102-0014,14,Dine In,T23,2026-01-02 08:21:00,2026-01-02 08:29:00,Signature Coffee,Caramel Macchiato - Regular,MENU0024,Beverage,Menu Item,265.0,1.0,265.0,1.98,Bill Discount,Synthetic promotion,263.02,13.15,0,0,0,0,276.17,,,,,
Delhi,ABNAH Cafe Saket Premium,,BILL-OUT003-260102-0015,15,Delivery/Takeaway,,2026-01-02 16:40:00,2026-01-02 17:15:00,Signature Coffee,Caramel Macchiato - Medium,MENU0025,Beverage,Menu Item,295.0,2.0,590.0,21.74,Bill Discount,Synthetic promotion,568.26,28.41,0,0,0,0,596.67,,,,,
Delhi,ABNAH Cafe Saket Premium,,BILL-OUT003-260102-0016,16,Delivery/Takeaway,,2026-01-02 10:32:00,2026-01-02 11:12:00,Signature Coffee,Caramel Macchiato - Large,MENU0026,Beverage,Menu Item,325.0,1.0,325.0,18.4,Bill Discount,Synthetic promotion,306.6,15.33,0,0,0,0,321.93,,,,,
Delhi,ABNAH Cafe Saket Premium,,BILL-OUT003-260102-0017,17,Delivery/Takeaway,,2026-01-02 13:31:00,2026-01-02 13:59:00,Signature Coffee,French Vanilla Latte - Regular,MENU0027,Beverage,Menu Item,265.0,1.0,265.0,9.21,Bill Discount,Synthetic promotion,255.79,12.79,0,0,0,0,268.58,,,,,
Delhi,ABNAH Cafe Saket Premium,,BILL-OUT003-260102-0018,18,Dine In,T24,2026-01-02 13:15:00,2026-01-02 13:34:00,Signature Coffee,French Vanilla Latte - Large,MENU0029,Beverage,Menu Item,325.0,1.0,325.0,19.34,Bill Discount,Synthetic promotion,305.66,15.28,0,0,0,0,320.94,,,,,
Delhi,ABNAH Cafe Saket Premium,,BILL-OUT003-260102-0019,19,Dine In,T14,2026-01-02 17:38:00,2026-01-02 17:51:00,Cold Brew,Classic Cold Brew - Regular,MENU0033,Beverage,Menu Item,225.0,2.0,450.0,18.04,Bill Discount,Synthetic promotion,431.96,21.6,0,0,0,0,453.56,,,,,
Delhi,ABNAH Cafe Saket Premium,,BILL-OUT003-260102-0020,20,Delivery/Takeaway,,2026-01-02 15:08:00,2026-01-02 15:38:00,Cold Brew,Classic Cold Brew - Medium,MENU0034,Beverage,Menu Item,250.0,1.0,250.0,2.68,Bill Discount,Synthetic promotion,247.32,12.37,0,0,0,0,259.69,,,,,
Delhi,ABNAH Cafe Saket Premium,,BILL-OUT003-260102-0021,21,Dine In,T01,2026-01-02 12:54:00,2026-01-02 13:16:00,Cold Brew,Classic Cold Brew - Large,MENU0035,Beverage,Menu Item,275.0,1.0,275.0,11.8,Bill Discount,Synthetic promotion,263.2,13.16,0,0,0,0,276.36,,,,,
Delhi,ABNAH Cafe Saket Premium,,BILL-OUT003-260102-0022,22,Delivery/Takeaway,,2026-01-02 17:20:00,2026-01-02 17:41:00,Cold Brew,Coffee Lemonade - Regular,MENU0036,Beverage,Menu Item,235.0,1.0,235.0,13.98,Bill Discount,Synthetic promotion,221.02,11.05,0,0,0,0,232.07,,,,,
Delhi,ABNAH Cafe Saket Premium,,BILL-OUT003-260102-0023,23,Delivery/Takeaway,,2026-01-02 19:49:00,2026-01-02 20:07:00,Cold Brew,Vietnamese Shakerato - Medium,MENU0040,Beverage,Menu Item,285.44,1.0,285.44,0.0,,,285.44,14.27,0,0,0,0,299.71,,,,,
Delhi,ABNAH Cafe Saket Premium,,BILL-OUT003-260102-0024,24,Dine In,T18,2026-01-02 14:00:00,2026-01-02 14:18:00,Cold Coffee,Classic Cold Coffee - Medium,MENU0043,Beverage,Menu Item,291.48,1.0,291.48,0.0,,,291.48,14.57,0,0,0,0,306.05,,,,,
Delhi,ABNAH Cafe Saket Premium,,BILL-OUT003-260102-0025,25,Delivery/Takeaway,,2026-01-02 11:39:00,2026-01-02 11:57:00,Cold Coffee,Mocha Cold Coffee - Regular,MENU0045,Beverage,Menu Item,288.45,1.0,288.45,0.0,,,288.45,14.42,0,0,0,0,302.87,,,,,
Delhi,ABNAH Cafe Saket Premium,,BILL-OUT003-260102-0026,26,Delivery/Takeaway,,2026-01-02 08:45:00,2026-01-02 09:26:00,Cold Coffee,Mocha Cold Coffee - Medium,MENU0046,Beverage,Menu Item,320.0,1.0,320.0,12.04,Bill Discount,Synthetic promotion,307.96,15.4,0,0,0,0,323.36,,,,,
Delhi,ABNAH Cafe Saket Premium,,BILL-OUT003-260102-0027,27,Delivery/Takeaway,,2026-01-02 17:20:00,2026-01-02 17:39:00,Cold Coffee,Caramel Cold Coffee - Regular,MENU0048,Beverage,Menu Item,285.0,2.0,570.0,4.33,Bill Discount,Synthetic promotion,565.67,28.28,0,0,0,0,593.95,,,,,
Delhi,ABNAH Cafe Saket Premium,,BILL-OUT003-260102-0028,28,Delivery/Takeaway,,2026-01-02 14:04:00,2026-01-02 14:35:00,Cold Coffee,Caramel Cold Coffee - Large,MENU0050,Beverage,Menu Item,360.31,1.0,360.31,0.0,,,360.31,18.02,0,0,0,0,378.33,,,,,
Delhi,ABNAH Cafe Saket Premium,,BILL-OUT003-260102-0029,29,Delivery/Takeaway,,2026-01-02 15:25:00,2026-01-02 16:11:00,Tea,Masala Chai Latte - Regular,MENU0051,Beverage,Menu Item,195.0,1.0,195.0,9.07,Bill Discount,Synthetic promotion,185.93,9.3,0,0,0,0,195.23,,,,,
Delhi,ABNAH Cafe Saket Premium,,BILL-OUT003-260102-0030,30,Delivery/Takeaway,,2026-01-02 11:42:00,2026-01-02 12:01:00,Tea,Masala Chai Latte - Large,MENU0053,Beverage,Menu Item,245.0,1.0,245.0,8.52,Bill Discount,Synthetic promotion,236.48,11.82,0,0,0,0,248.3,,,,,
Delhi,ABNAH Cafe Saket Premium,,BILL-OUT003-260102-0031,31,Delivery/Takeaway,,2026-01-02 14:16:00,2026-01-02 14:57:00,Tea,Japanese Matcha Latte - Regular,MENU0055,Beverage,Menu Item,265.0,1.0,265.0,7.9,Bill Discount,Synthetic promotion,257.1,12.86,0,0,0,0,269.96,,,,,
Delhi,ABNAH Cafe Saket Premium,,BILL-OUT003-260102-0032,32,Delivery/Takeaway,,2026-01-02 14:01:00,2026-01-02 14:50:00,Iced Tea,Lemon Iced Tea - Regular,MENU0058,Beverage,Menu Item,205.0,1.0,205.0,0.45,Bill Discount,Synthetic promotion,204.55,10.23,0,0,0,0,214.78,,,,,
Delhi,ABNAH Cafe Saket Premium,,BILL-OUT003-260102-0033,33,Delivery/Takeaway,,2026-01-02 17:30:00,2026-01-02 17:57:00,Iced Tea,Lemon Iced Tea - Large,MENU0060,Beverage,Menu Item,255.0,1.0,255.0,3.06,Bill Discount,Synthetic promotion,251.94,12.6,0,0,0,0,264.54,,,,,
Delhi,ABNAH Cafe Saket Premium,,BILL-OUT003-260102-0034,34,Delivery/Takeaway,,2026-01-02 13:25:00,2026-01-02 13:34:00,Iced Tea,Hibiscus Lime Iced Tea - Regular,MENU0061,Beverage,Menu Item,225.0,1.0,225.0,0.53,Bill Discount,Synthetic promotion,224.47,11.22,0,0,0,0,235.69,,,,,
Delhi,ABNAH Cafe Saket Premium,,BILL-OUT003-260102-0035,35,Delivery/Takeaway,,2026-01-02 19:27:00,2026-01-02 20:07:00,Shake,Choco Chip Shake - Medium,MENU0069,Beverage,Menu Item,335.96,1.0,335.96,0.0,,,335.96,16.8,0,0,0,0,352.76,,,,,
Delhi,ABNAH Cafe Saket Premium,,BILL-OUT003-260102-0036,36,Delivery/Takeaway,,2026-01-02 15:21:00,2026-01-02 15:54:00,Shake,Mixed Berry Shake - Medium,MENU0072,Beverage,Menu Item,352.16,1.0,352.16,0.0,,,352.16,17.61,0,0,0,0,369.77,,,,,
Delhi,ABNAH Cafe Saket Premium,,BILL-OUT003-260102-0037,37,Delivery/Takeaway,,2026-01-02 12:23:00,2026-01-02 12:41:00,Shake,Mixed Berry Shake - Large,MENU0073,Beverage,Menu Item,385.0,2.0,770.0,33.43,Bill Discount,Synthetic promotion,736.57,36.83,0,0,0,0,773.4,,,,,
Delhi,ABNAH Cafe Saket Premium,,BILL-OUT003-260102-0038,38,Delivery/Takeaway,,2026-01-02 08:06:00,2026-01-02 08:49:00,Wraps,Shredded Chicken Wrap,MENU0078,Food,Menu Item,295.0,1.0,295.0,16.43,Bill Discount,Synthetic promotion,278.57,13.93,0,0,0,0,292.5,,,,,
Delhi,ABNAH Cafe Saket Premium,,BILL-OUT003-260102-0039,39,Dine In,T21,2026-01-02 18:36:00,2026-01-02 19:14:00,Sandwiches,Pepper Chicken Sandwich,MENU0081,Food,Menu Item,319.4,1.0,319.4,0.0,,,319.4,15.97,0,0,0,0,335.37,,,,,
Delhi,ABNAH Cafe Saket Premium,,BILL-OUT003-260102-0040,40,Delivery/Takeaway,,2026-01-02 12:39:00,2026-01-02 13:09:00,Sandwiches,Tandoori Chicken Sandwich,MENU0082,Food,Menu Item,321.66,1.0,321.66,0.0,,,321.66,16.08,0,0,0,0,337.74,,,,,
Delhi,ABNAH Cafe Saket Premium,,BILL-OUT003-260102-0041,41,Delivery/Takeaway,,2026-01-02 17:32:00,2026-01-02 17:53:00,Breakfast,Masala Egg Bun,MENU0089,Food,Menu Item,225.33,1.0,225.33,0.0,,,225.33,11.27,0,0,0,0,236.6,,,,,
Delhi,ABNAH Cafe Saket Premium,,BILL-OUT003-260102-0042,42,Delivery/Takeaway,,2026-01-02 12:59:00,2026-01-02 13:22:00,Snacks,Pesto Sundried Tomato Pin Wheel,MENU0091,Food,Menu Item,225.0,1.0,225.0,12.4,Bill Discount,Synthetic promotion,212.6,10.63,0,0,0,0,223.23,,,,,
Delhi,ABNAH Cafe Saket Premium,,BILL-OUT003-260102-0043,43,Delivery/Takeaway,,2026-01-02 08:50:00,2026-01-02 09:12:00,Snacks,Turnover with Brioche Dough Chicken,MENU0092,Food,Menu Item,255.0,1.0,255.0,1.08,Bill Discount,Synthetic promotion,253.92,12.7,0,0,0,0,266.62,,,,,
Delhi,ABNAH Cafe Saket Premium,,BILL-OUT003-260102-0044,44,Delivery/Takeaway,,2026-01-02 18:15:00,2026-01-02 19:04:00,Baked Goods,Butter Croissant,MENU0094,Food,Menu Item,198.73,1.0,198.73,0.0,,,198.73,9.94,0,0,0,0,208.67,,,,,
Delhi,ABNAH Cafe Saket Premium,,BILL-OUT003-260102-0045,45,Delivery/Takeaway,,2026-01-02 12:15:00,2026-01-02 12:33:00,Baked Goods,Mushroom Cheese Croissant,MENU0097,Food,Menu Item,255.0,6.0,1530.0,89.13,Bill Discount,Synthetic promotion,1440.87,72.04,0,0,0,0,1512.91,,,,,
Delhi,ABNAH Cafe Saket Premium,,BILL-OUT003-260102-0046,46,Delivery/Takeaway,,2026-01-02 19:18:00,2026-01-02 19:35:00,Baked Goods,Cinnamon Roll with Cream Cheese,MENU0099,Dessert,Menu Item,220.0,1.0,220.0,8.71,Bill Discount,Synthetic promotion,211.29,10.56,0,0,0,0,221.85,,,,,
Delhi,ABNAH Cafe Saket Premium,,BILL-OUT003-260102-0047,47,Dine In,T02,2026-01-02 10:23:00,2026-01-02 11:12:00,Baked Goods,Banana Walnut Tea Cake,MENU0100,Dessert,Menu Item,205.0,2.0,410.0,7.5,Bill Discount,Synthetic promotion,402.5,20.12,0,0,0,0,422.62,,,,,
Delhi,ABNAH Cafe Saket Premium,,BILL-OUT003-260102-0048,48,Delivery/Takeaway,,2026-01-02 18:11:00,2026-01-02 18:25:00,Desserts,Double Chocolate Truffle Cake,MENU0102,Dessert,Menu Item,295.0,1.0,295.0,3.35,Bill Discount,Synthetic promotion,291.65,14.58,0,0,0,0,306.23,,,,,
Delhi,ABNAH Cafe Saket Premium,,BILL-OUT003-260102-0049,49,Delivery/Takeaway,,2026-01-02 17:10:00,2026-01-02 17:19:00,Desserts,Classic Chocolate Fudge Brownie,MENU0104,Dessert,Menu Item,195.93,2.0,391.86,0.0,,,391.86,19.59,0,0,0,0,411.45,,,,,
Delhi,ABNAH Cafe Saket Premium,,BILL-OUT003-260102-0050,50,Dine In,T22,2026-01-02 10:52:00,2026-01-02 11:29:00,Desserts,Death by Chocolate Cookie,MENU0106,Dessert,Menu Item,190.25,2.0,380.5,0.01,Bill Discount,Synthetic promotion,380.49,19.02,0,0,0,0,399.51,,,,,
Delhi,ABNAH Cafe Saket Premium,,BILL-OUT003-260102-0051,51,Delivery/Takeaway,,2026-01-02 11:30:00,2026-01-02 12:07:00,Desserts,Jaggery Parmesan Cookie,MENU0107,Dessert,Menu Item,170.0,1.0,170.0,3.17,Bill Discount,Synthetic promotion,166.83,8.34,0,0,0,0,175.17,,,,,
Delhi,ABNAH Cafe Saket Premium,,BILL-OUT003-260102-0052,52,Delivery/Takeaway,,2026-01-02 08:08:00,2026-01-02 08:55:00,Desserts,Apple Pie,MENU0108,Dessert,Menu Item,270.0,2.0,540.0,4.47,Bill Discount,Synthetic promotion,535.53,26.78,0,0,0,0,562.31,,,,,
Delhi,ABNAH Cafe Saket Premium,,BILL-OUT003-260102-0053,53,Dine In,T22,2026-01-02 09:38:00,2026-01-02 09:59:00,Desserts,Basque Cheesecake,MENU0109,Dessert,Menu Item,310.0,1.0,310.0,14.67,Bill Discount,Synthetic promotion,295.33,14.77,0,0,0,0,310.1,,,,,
Delhi,ABNAH Cafe Saket Premium,,BILL-OUT003-260103-0001,1,Delivery/Takeaway,,2026-01-03 16:51:00,2026-01-03 17:26:00,Coffee Classics,Americano - Regular,MENU0003,Beverage,Menu Item,185.0,2.0,370.0,22.18,Bill Discount,Synthetic promotion,347.82,17.39,0,0,0,0,365.21,,,,,
Delhi,ABNAH Cafe Saket Premium,,BILL-OUT003-260103-0002,2,Delivery/Takeaway,,2026-01-03 09:27:00,2026-01-03 10:01:00,Coffee Classics,Americano - Large,MENU0005,Beverage,Menu Item,238.14,1.0,238.14,0.0,,,238.14,11.91,0,0,0,0,250.05,,,,,
Delhi,ABNAH Cafe Saket Premium,,BILL-OUT003-260103-0003,3,Dine In,T08,2026-01-03 14:11:00,2026-01-03 14:27:00,Coffee Classics,Latte - Regular,MENU0006,Beverage,Menu Item,225.68,2.0,451.36,0.01,Bill Discount,Synthetic promotion,451.35,22.57,0,0,0,0,473.92,,,,,
Delhi,ABNAH Cafe Saket Premium,,BILL-OUT003-260103-0004,4,Dine In,T24,2026-01-03 16:30:00,2026-01-03 16:44:00,Coffee Classics,Latte - Large,MENU0008,Beverage,Menu Item,275.0,1.0,275.0,3.23,Bill Discount,Synthetic promotion,271.77,13.59,0,0,0,0,285.36,,,,,
Delhi,ABNAH Cafe Saket Premium,,BILL-OUT003-260103-0005,5,Delivery/Takeaway,,2026-01-03 15:29:00,2026-01-03 15:56:00,Coffee Classics,Cappuccino - Regular,MENU0009,Beverage,Menu Item,225.0,6.0,1350.0,26.1,Bill Discount,Synthetic promotion,1323.9,66.19,0,0,0,0,1390.09,,,,,
Delhi,ABNAH Cafe Saket Premium,,BILL-OUT003-260103-0006,6,Dine In,T21,2026-01-03 17:42:00,2026-01-03 18:30:00,Coffee Classics,Cappuccino - Medium,MENU0010,Beverage,Menu Item,250.0,2.0,500.0,6.36,Bill Discount,Synthetic promotion,493.64,24.68,0,0,0,0,518.32,,,,,
Delhi,ABNAH Cafe Saket Premium,,BILL-OUT003-260103-0007,7,Dine In,T10,2026-01-03 16:27:00,2026-01-03 17:13:00,Coffee Classics,Cappuccino - Large,MENU0011,Beverage,Menu Item,275.0,2.0,550.0,0.42,Bill Discount,Synthetic promotion,549.58,27.48,0,0,0,0,577.06,,,,,
Delhi,ABNAH Cafe Saket Premium,,BILL-OUT003-260103-0008,8,Delivery/Takeaway,,2026-01-03 12:31:00,2026-01-03 12:59:00,Coffee Classics,Flat White - Regular,MENU0012,Beverage,Menu Item,235.0,2.0,470.0,6.4,Bill Discount,Synthetic promotion,463.6,23.18,0,0,0,0,486.78,,,,,
Delhi,ABNAH Cafe Saket Premium,,BILL-OUT003-260103-0009,9,Dine In,T24,2026-01-03 08:00:00,2026-01-03 08:09:00,Coffee Classics,Flat White - Medium,MENU0013,Beverage,Menu Item,260.0,1.0,260.0,13.69,Bill Discount,Synthetic promotion,246.31,12.32,0,0,0,0,258.63,,,,,
Delhi,ABNAH Cafe Saket Premium,,BILL-OUT003-260103-0010,10,Delivery/Takeaway,,2026-01-03 11:54:00,2026-01-03 12:37:00,Coffee Classics,Flat White - Large,MENU0014,Beverage,Menu Item,285.0,2.0,570.0,29.81,Bill Discount,Synthetic promotion,540.19,27.01,0,0,0,0,567.2,,,,,
Delhi,ABNAH Cafe Saket Premium,,BILL-OUT003-260103-0011,11,Dine In,T16,2026-01-03 11:13:00,2026-01-03 11:40:00,Coffee Classics,Mocha - Regular,MENU0015,Beverage,Menu Item,245.0,1.0,245.0,0.88,Bill Discount,Synthetic promotion,244.12,12.21,0,0,0,0,256.33,,,,,
Delhi,ABNAH Cafe Saket Premium,,BILL-OUT003-260103-0012,12,Delivery/Takeaway,,2026-01-03 08:06:00,2026-01-03 08:23:00,Coffee Classics,Mocha - Medium,MENU0016,Beverage,Menu Item,271.9,1.0,271.9,0.0,,,271.9,13.6,0,0,0,0,285.5,,,,,
Delhi,ABNAH Cafe Saket Premium,,BILL-OUT003-260103-0013,13,Dine In,T06,2026-01-03 16:18:00,2026-01-03 16:33:00,Coffee Classics,Mocha - Large,MENU0017,Beverage,Menu Item,295.0,4.0,1180.0,42.6,Bill Discount,Synthetic promotion,1137.4,56.87,0,0,0,0,1194.27,,,,,
Delhi,ABNAH Cafe Saket Premium,,BILL-OUT003-260103-0014,14,Delivery/Takeaway,,2026-01-03 16:27:00,2026-01-03 17:15:00,Signature Coffee,Sea Salt Mocha - Regular,MENU0018,Beverage,Menu Item,275.0,1.0,275.0,7.58,Bill Discount,Synthetic promotion,267.42,13.37,0,0,0,0,280.79,,,,,
Delhi,ABNAH Cafe Saket Premium,,BILL-OUT003-260103-0015,15,Delivery/Takeaway,,2026-01-03 13:13:00,2026-01-03 13:59:00,Signature Coffee,Sea Salt Mocha - Large,MENU0020,Beverage,Menu Item,335.0,1.0,335.0,5.92,Bill Discount,Synthetic promotion,329.08,16.45,0,0,0,0,345.53,,,,,
Delhi,ABNAH Cafe Saket Premium,,BILL-OUT003-260103-0016,16,Delivery/Takeaway,,2026-01-03 15:17:00,2026-01-03 15:40:00,Signature Coffee,Orange Zest Mocha - Regular,MENU0021,Beverage,Menu Item,270.0,1.0,270.0,3.06,Bill Discount,Synthetic promotion,266.94,13.35,0,0,0,0,280.29,,,,,
Delhi,ABNAH Cafe Saket Premium,,BILL-OUT003-260103-0017,17,Delivery/Takeaway,,2026-01-03 14:58:00,2026-01-03 15:41:00,Signature Coffee,Orange Zest Mocha - Medium,MENU0022,Beverage,Menu Item,300.0,2.0,600.0,27.23,Bill Discount,Synthetic promotion,572.77,28.64,0,0,0,0,601.41,,,,,
Delhi,ABNAH Cafe Saket Premium,,BILL-OUT003-260103-0018,18,Delivery/Takeaway,,2026-01-03 14:14:00,2026-01-03 14:53:00,Signature Coffee,Orange Zest Mocha - Large,MENU0023,Beverage,Menu Item,330.0,4.0,1320.0,48.07,Bill Discount,Synthetic promotion,1271.93,63.6,0,0,0,0,1335.53,,,,,
Delhi,ABNAH Cafe Saket Premium,,BILL-OUT003-260103-0019,19,Delivery/Takeaway,,2026-01-03 10:53:00,2026-01-03 11:37:00,Signature Coffee,Caramel Macchiato - Regular,MENU0024,Beverage,Menu Item,265.0,3.0,795.0,47.57,Bill Discount,Synthetic promotion,747.43,37.37,0,0,0,0,784.8,,,,,
Delhi,ABNAH Cafe Saket Premium,,BILL-OUT003-260103-0020,20,Dine In,T21,2026-01-03 10:59:00,2026-01-03 11:18:00,Signature Coffee,Caramel Macchiato - Medium,MENU0025,Beverage,Menu Item,295.0,1.0,295.0,13.44,Bill Discount,Synthetic promotion,281.56,14.08,0,0,0,0,295.64,,,,,
Delhi,ABNAH Cafe Saket Premium,,BILL-OUT003-260103-0021,21,Delivery/Takeaway,,2026-01-03 09:39:00,2026-01-03 09:58:00,Signature Coffee,Caramel Macchiato - Large,MENU0026,Beverage,Menu Item,325.0,1.0,325.0,10.14,Bill Discount,Synthetic promotion,314.86,15.74,0,0,0,0,330.6,,,,,
Delhi,ABNAH Cafe Saket Premium,,BILL-OUT003-260103-0022,22,Delivery/Takeaway,,2026-01-03 09:18:00,2026-01-03 09:41:00,Signature Coffee,French Vanilla Latte - Medium,MENU0028,Beverage,Menu Item,295.0,4.0,1180.0,44.8,Bill Discount,Synthetic promotion,1135.2,56.76,0,0,0,0,1191.96,,,,,
Delhi,ABNAH Cafe Saket Premium,,BILL-OUT003-260103-0023,23,Dine In,T01,2026-01-03 15:26:00,2026-01-03 15:59:00,Signature Coffee,Vegan Iced Latte - Regular,MENU0030,Beverage,Menu Item,285.0,3.0,855.0,29.26,Bill Discount,Synthetic promotion,825.74,41.29,0,0,0,0,867.03,,,,,
Delhi,ABNAH Cafe Saket Premium,,BILL-OUT003-260103-0024,24,Dine In,T19,2026-01-03 19:46:00,2026-01-03 20:05:00,Signature Coffee,Vegan Iced Latte - Medium,MENU0031,Beverage,Menu Item,313.95,2.0,627.9,0.0,,,627.9,31.39,0,0,0,0,659.29,,,,,
Delhi,ABNAH Cafe Saket Premium,,BILL-OUT003-260103-0025,25,Dine In,T15,2026-01-03 17:58:00,2026-01-03 18:08:00,Signature Coffee,Vegan Iced Latte - Large,MENU0032,Beverage,Menu Item,335.0,2.0,670.0,2.24,Bill Discount,Synthetic promotion,667.76,33.39,0,0,0,0,701.15,,,,,
Delhi,ABNAH Cafe Saket Premium,,BILL-OUT003-260103-0026,26,Delivery/Takeaway,,2026-01-03 15:01:00,2026-01-03 15:39:00,Cold Brew,Classic Cold Brew - Regular,MENU0033,Beverage,Menu Item,226.69,2.0,453.38,0.0,,,453.39,22.67,0,0,0,0,476.06,,,,,
Delhi,ABNAH Cafe Saket Premium,,BILL-OUT003-260103-0027,27,Dine In,T19,2026-01-03 14:58:00,2026-01-03 15:25:00,Cold Brew,Classic Cold Brew - Large,MENU0035,Beverage,Menu Item,275.0,1.0,275.0,12.46,Bill Discount,Synthetic promotion,262.54,13.13,0,0,0,0,275.67,,,,,
Delhi,ABNAH Cafe Saket Premium,,BILL-OUT003-260103-0028,28,Delivery/Takeaway,,2026-01-03 12:32:00,2026-01-03 13:04:00,Cold Brew,Coffee Lemonade - Regular,MENU0036,Beverage,Menu Item,235.0,2.0,470.0,23.88,Bill Discount,Synthetic promotion,446.12,22.31,0,0,0,0,468.43,,,,,
Delhi,ABNAH Cafe Saket Premium,,BILL-OUT003-260103-0029,29,Dine In,T22,2026-01-03 08:01:00,2026-01-03 08:27:00,Cold Brew,Coffee Lemonade - Medium,MENU0037,Beverage,Menu Item,260.0,2.0,520.0,15.29,Bill Discount,Synthetic promotion,504.71,25.24,0,0,0,0,529.95,,,,,
Delhi,ABNAH Cafe Saket Premium,,BILL-OUT003-260103-0030,30,Delivery/Takeaway,,2026-01-03 08:43:00,2026-01-03 09:20:00,Cold Brew,Coffee Lemonade - Large,MENU0038,Beverage,Menu Item,285.0,1.0,285.0,2.8,Bill Discount,Synthetic promotion,282.2,14.11,0,0,0,0,296.31,,,,,
Delhi,ABNAH Cafe Saket Premium,,BILL-OUT003-260103-0031,31,Dine In,T06,2026-01-03 12:10:00,2026-01-03 12:54:00,Cold Brew,Vietnamese Shakerato - Regular,MENU0039,Beverage,Menu Item,255.0,1.0,255.0,6.79,Bill Discount,Synthetic promotion,248.21,12.41,0,0,0,0,260.62,,,,,
Delhi,ABNAH Cafe Saket Premium,,BILL-OUT003-260103-0032,32,Delivery/Takeaway,,2026-01-03 16:49:00,2026-01-03 17:18:00,Cold Coffee,Classic Cold Coffee - Regular,MENU0042,Beverage,Menu Item,255.0,4.0,1020.0,0.41,Bill Discount,Synthetic promotion,1019.59,50.98,0,0,0,0,1070.57,,,,,
Delhi,ABNAH Cafe Saket Premium,,BILL-OUT003-260103-0033,33,Delivery/Takeaway,,2026-01-03 12:54:00,2026-01-03 13:29:00,Cold Coffee,Classic Cold Coffee - Medium,MENU0043,Beverage,Menu Item,290.0,2.0,580.0,21.26,Bill Discount,Synthetic promotion,558.74,27.94,0,0,0,0,586.68,,,,,
Delhi,ABNAH Cafe Saket Premium,,BILL-OUT003-260103-0034,34,Dine In,T12,2026-01-03 19:15:00,2026-01-03 19:41:00,Cold Coffee,Classic Cold Coffee - Large,MENU0044,Beverage,Menu Item,330.69,1.0,330.69,0.0,,,330.69,16.53,0,0,0,0,347.22,,,,,
Delhi,ABNAH Cafe Saket Premium,,BILL-OUT003-260103-0035,35,Dine In,T15,2026-01-03 14:21:00,2026-01-03 14:52:00,Cold Coffee,Caramel Cold Coffee - Regular,MENU0048,Beverage,Menu Item,285.0,1.0,285.0,2.06,Bill Discount,Synthetic promotion,282.94,14.15,0,0,0,0,297.09,,,,,
Delhi,ABNAH Cafe Saket Premium,,BILL-OUT003-260103-0036,36,Delivery/Takeaway,,2026-01-03 16:44:00,2026-01-03 17:07:00,Cold Coffee,Caramel Cold Coffee - Medium,MENU0049,Beverage,Menu Item,320.91,2.0,641.82,0.0,,,641.82,32.09,0,0,0,0,673.91,,,,,
Delhi,ABNAH Cafe Saket Premium,,BILL-OUT003-260103-0037,37,Dine In,T20,2026-01-03 11:33:00,2026-01-03 11:55:00,Tea,Masala Chai Latte - Regular,MENU0051,Beverage,Menu Item,195.0,2.0,390.0,1.61,Bill Discount,Synthetic promotion,388.39,19.42,0,0,0,0,407.81,,,,,
Delhi,ABNAH Cafe Saket Premium,,BILL-OUT003-260103-0038,38,Delivery/Takeaway,,2026-01-03 13:22:00,2026-01-03 13:54:00,Tea,Japanese Matcha Latte - Regular,MENU0055,Beverage,Menu Item,265.0,2.0,530.0,3.47,Bill Discount,Synthetic promotion,526.53,26.33,0,0,0,0,552.86,,,,,
Delhi,ABNAH Cafe Saket Premium,,BILL-OUT003-260103-0039,39,Dine In,T02,2026-01-03 16:24:00,2026-01-03 17:01:00,Tea,Japanese Matcha Latte - Medium,MENU0056,Beverage,Menu Item,295.0,1.0,295.0,12.0,Bill Discount,Synthetic promotion,283.0,14.15,0,0,0,0,297.15,,,,,
Delhi,ABNAH Cafe Saket Premium,,BILL-OUT003-260103-0040,40,Delivery/Takeaway,,2026-01-03 15:15:00,2026-01-03 16:03:00,Tea,Japanese Matcha Latte - Large,MENU0057,Beverage,Menu Item,325.0,2.0,650.0,33.84,Bill Discount,Synthetic promotion,616.16,30.81,0,0,0,0,646.97,,,,,
Delhi,ABNAH Cafe Saket Premium,,BILL-OUT003-260103-0041,41,Delivery/Takeaway,,2026-01-03 10:36:00,2026-01-03 11:14:00,Iced Tea,Lemon Iced Tea - Regular,MENU0058,Beverage,Menu Item,205.0,1.0,205.0,7.96,Bill Discount,Synthetic promotion,197.04,9.85,0,0,0,0,206.89,,,,,
Delhi,ABNAH Cafe Saket Premium,,BILL-OUT003-260103-0042,42,Delivery/Takeaway,,2026-01-03 11:24:00,2026-01-03 11:42:00,Iced Tea,Hibiscus Lime Iced Tea - Regular,MENU0061,Beverage,Menu Item,225.0,2.0,450.0,20.36,Bill Discount,Synthetic promotion,429.64,21.48,0,0,0,0,451.12,,,,,
Delhi,ABNAH Cafe Saket Premium,,BILL-OUT003-260103-0043,43,Dine In,T16,2026-01-03 17:36:00,2026-01-03 18:23:00,Kids Beverage,Hot Chocolate - Regular,MENU0064,Beverage,Menu Item,220.0,1.0,220.0,10.35,Bill Discount,Synthetic promotion,209.65,10.48,0,0,0,0,220.13,,,,,
Delhi,ABNAH Cafe Saket Premium,,BILL-OUT003-260103-0044,44,Delivery/Takeaway,,2026-01-03 09:03:00,2026-01-03 09:49:00,Shake,Choco Chip Shake - Medium,MENU0069,Beverage,Menu Item,330.0,2.0,660.0,16.73,Bill Discount,Synthetic promotion,643.27,32.16,0,0,0,0,675.43,,,,,
Delhi,ABNAH Cafe Saket Premium,,BILL-OUT003-260103-0045,45,Delivery/Takeaway,,2026-01-03 17:59:00,2026-01-03 18:41:00,Shake,Choco Chip Shake - Large,MENU0070,Beverage,Menu Item,369.89,2.0,739.78,0.0,,,739.78,36.99,0,0,0,0,776.77,,,,,
Delhi,ABNAH Cafe Saket Premium,,BILL-OUT003-260103-0046,46,Delivery/Takeaway,,2026-01-03 09:56:00,2026-01-03 10:17:00,Smoothie,Seasonal Smoothie - Regular,MENU0074,Beverage,Menu Item,305.0,1.0,305.0,11.56,Bill Discount,Synthetic promotion,293.44,14.67,0,0,0,0,308.11,,,,,
Delhi,ABNAH Cafe Saket Premium,,BILL-OUT003-260103-0047,47,Delivery/Takeaway,,2026-01-03 14:07:00,2026-01-03 14:36:00,Wraps,Spicy Paneer Wrap,MENU0077,Food,Menu Item,275.0,3.0,825.0,9.26,Bill Discount,Synthetic promotion,815.74,40.79,0,0,0,0,856.53,,,,,
Delhi,ABNAH Cafe Saket Premium,,BILL-OUT003-260103-0048,48,Dine In,T21,2026-01-03 08:30:00,2026-01-03 08:40:00,Wraps,Shredded Chicken Wrap,MENU0078,Food,Menu Item,295.0,1.0,295.0,4.01,Bill Discount,Synthetic promotion,290.99,14.55,0,0,0,0,305.54,,,,,
Delhi,ABNAH Cafe Saket Premium,,BILL-OUT003-260103-0049,49,Delivery/Takeaway,,2026-01-03 09:29:00,2026-01-03 09:45:00,Sandwiches,Pepper Chicken Sandwich,MENU0081,Food,Menu Item,315.0,1.0,315.0,14.98,Bill Discount,Synthetic promotion,300.02,15.0,0,0,0,0,315.02,,,,,
Delhi,ABNAH Cafe Saket Premium,,BILL-OUT003-260103-0050,50,Dine In,T11,2026-01-03 14:32:00,2026-01-03 14:42:00,Sandwiches,Tandoori Chicken Sandwich,MENU0082,Food,Menu Item,320.0,1.0,320.0,9.04,Bill Discount,Synthetic promotion,310.96,15.55,0,0,0,0,326.51,,,,,
Delhi,ABNAH Cafe Saket Premium,,BILL-OUT003-260103-0051,51,Delivery/Takeaway,,2026-01-03 08:21:00,2026-01-03 08:43:00,Toasts,Chicken Pepperoni Avocado Toast,MENU0084,Food,Menu Item,330.0,1.0,330.0,3.85,Bill Discount,Synthetic promotion,326.15,16.31,0,0,0,0,342.46,,,,,
Delhi,ABNAH Cafe Saket Premium,,BILL-OUT003-260103-0052,52,Dine In,T20,2026-01-03 11:50:00,2026-01-03 12:29:00,Breakfast,Cream Cheese Bagel,MENU0087,Food,Menu Item,250.0,1.0,250.0,14.82,Bill Discount,Synthetic promotion,235.18,11.76,0,0,0,0,246.94,,,,,
Delhi,ABNAH Cafe Saket Premium,,BILL-OUT003-260103-0053,53,Delivery/Takeaway,,2026-01-03 14:13:00,2026-01-03 14:46:00,Breakfast,Scallion Pepper Cream Cheese Bagel,MENU0088,Food,Menu Item,265.0,1.0,265.0,9.46,Bill Discount,Synthetic promotion,255.54,12.78,0,0,0,0,268.32,,,,,
Delhi,ABNAH Cafe Saket Premium,,BILL-OUT003-260103-0054,54,Dine In,T14,2026-01-03 14:56:00,2026-01-03 15:33:00,Breakfast,Masala Egg Bun,MENU0089,Food,Menu Item,225.0,1.0,225.0,11.01,Bill Discount,Synthetic promotion,213.99,10.7,0,0,0,0,224.69,,,,,
Delhi,ABNAH Cafe Saket Premium,,BILL-OUT003-260103-0055,55,Dine In,T01,2026-01-03 13:22:00,2026-01-03 14:08:00,Baked Goods,Almond Croissant,MENU0095,Food,Menu Item,245.0,2.0,490.0,29.28,Bill Discount,Synthetic promotion,460.72,23.04,0,0,0,0,483.76,,,,,
Delhi,ABNAH Cafe Saket Premium,,BILL-OUT003-260103-0056,56,Dine In,T05,2026-01-03 15:32:00,2026-01-03 16:07:00,Baked Goods,Mushroom Cheese Croissant,MENU0097,Food,Menu Item,258.59,1.0,258.59,0.0,,,258.59,12.93,0,0,0,0,271.52,,,,,
Delhi,ABNAH Cafe Saket Premium,,BILL-OUT003-260103-0057,57,Dine In,T05,2026-01-03 08:46:00,2026-01-03 09:08:00,Baked Goods,Sriracha Chicken Croissant,MENU0098,Food,Menu Item,275.0,1.0,275.0,10.12,Bill Discount,Synthetic promotion,264.88,13.24,0,0,0,0,278.12,,,,,
Delhi,ABNAH Cafe Saket Premium,,BILL-OUT003-260103-0058,58,Delivery/Takeaway,,2026-01-03 15:49:00,2026-01-03 15:58:00,Baked Goods,Cinnamon Roll with Cream Cheese,MENU0099,Dessert,Menu Item,220.0,1.0,220.0,5.75,Bill Discount,Synthetic promotion,214.25,10.71,0,0,0,0,224.96,,,,,
Delhi,ABNAH Cafe Saket Premium,,BILL-OUT003-260103-0059,59,Dine In,T21,2026-01-03 18:58:00,2026-01-03 19:10:00,Baked Goods,Banana Walnut Tea Cake,MENU0100,Dessert,Menu Item,206.44,1.0,206.44,0.0,,,206.44,10.32,0,0,0,0,216.76,,,,,
Delhi,ABNAH Cafe Saket Premium,,BILL-OUT003-260103-0060,60,Dine In,T20,2026-01-03 11:45:00,2026-01-03 12:21:00,Baked Goods,Lemon Raspberry Tea Cake,MENU0101,Dessert,Menu Item,215.0,2.0,430.0,6.21,Bill Discount,Synthetic promotion,423.79,21.19,0,0,0,0,444.98,,,,,
Delhi,ABNAH Cafe Saket Premium,,BILL-OUT003-260103-0061,61,Delivery/Takeaway,,2026-01-03 14:15:00,2026-01-03 15:03:00,Desserts,Double Chocolate Truffle Cake,MENU0102,Dessert,Menu Item,295.0,1.0,295.0,4.32,Bill Discount,Synthetic promotion,290.68,14.53,0,0,0,0,305.21,,,,,
Delhi,ABNAH Cafe Saket Premium,,BILL-OUT003-260103-0062,62,Dine In,T18,2026-01-03 10:35:00,2026-01-03 11:06:00,Desserts,Death by Chocolate Cookie,MENU0106,Dessert,Menu Item,190.0,1.0,190.0,0.35,Bill Discount,Synthetic promotion,189.65,9.48,0,0,0,0,199.13,,,,,
Delhi,ABNAH Cafe Saket Premium,,BILL-OUT003-260103-0063,63,Delivery/Takeaway,,2026-01-03 08:10:00,2026-01-03 08:43:00,Desserts,Apple Pie,MENU0108,Dessert,Menu Item,271.07,1.0,271.07,0.0,,,271.07,13.55,0,0,0,0,284.62,,,,,
Delhi,ABNAH Cafe Saket Premium,,BILL-OUT003-260103-0064,64,Dine In,T06,2026-01-03 17:26:00,2026-01-03 17:36:00,Desserts,Basque Cheesecake,MENU0109,Dessert,Menu Item,310.0,1.0,310.0,10.38,Bill Discount,Synthetic promotion,299.62,14.98,0,0,0,0,314.6,,,,,
Delhi,ABNAH Cafe Saket Premium,,BILL-OUT003-260103-0065,65,Delivery/Takeaway,,2026-01-03 15:02:00,2026-01-03 15:50:00,Baked Goods,Multigrain Walnut Tea Cake,MENU0110,Dessert,Menu Item,225.27,1.0,225.27,0.0,,,225.27,11.26,0,0,0,0,236.53,,,,,
Delhi,ABNAH Cafe Saket Premium,,BILL-OUT003-260104-0001,1,Dine In,T05,2026-01-04 18:12:00,2026-01-04 18:20:00,Espresso,Espresso Shot - Doppio,MENU0002,Beverage,Menu Item,185.0,1.0,185.0,9.01,Bill Discount,Synthetic promotion,175.99,8.8,0,0,0,0,184.79,,,,,
Delhi,ABNAH Cafe Saket Premium,,BILL-OUT003-260104-0002,2,Delivery/Takeaway,,2026-01-04 10:10:00,2026-01-04 10:26:00,Coffee Classics,Americano - Regular,MENU0003,Beverage,Menu Item,185.0,2.0,370.0,12.59,Bill Discount,Synthetic promotion,357.41,17.87,0,0,0,0,375.28,,,,,
Delhi,ABNAH Cafe Saket Premium,,BILL-OUT003-260104-0003,3,Delivery/Takeaway,,2026-01-04 09:49:00,2026-01-04 10:11:00,Coffee Classics,Americano - Medium,MENU0004,Beverage,Menu Item,213.19,4.0,852.76,0.0,,,852.76,42.64,0,0,0,0,895.4,,,,,
Delhi,ABNAH Cafe Saket Premium,,BILL-OUT003-260104-0004,4,Delivery/Takeaway,,2026-01-04 14:42:00,2026-01-04 15:25:00,Coffee Classics,Latte - Regular,MENU0006,Beverage,Menu Item,226.02,2.0,452.04,0.0,,,452.04,22.6,0,0,0,0,474.64,,,,,
Delhi,ABNAH Cafe Saket Premium,,BILL-OUT003-260104-0005,5,Dine In,T18,2026-01-04 12:02:00,2026-01-04 12:26:00,Coffee Classics,Latte - Medium,MENU0007,Beverage,Menu Item,250.0,5.0,1250.0,11.23,Bill Discount,Synthetic promotion,1238.77,61.94,0,0,0,0,1300.71,,,,,
Delhi,ABNAH Cafe Saket Premium,,BILL-OUT003-260104-0006,6,Delivery/Takeaway,,2026-01-04 15:55:00,2026-01-04 16:16:00,Coffee Classics,Latte - Large,MENU0008,Beverage,Menu Item,275.0,1.0,275.0,6.16,Bill Discount,Synthetic promotion,268.84,13.44,0,0,0,0,282.28,,,,,
Delhi,ABNAH Cafe Saket Premium,,BILL-OUT003-260104-0007,7,Delivery/Takeaway,,2026-01-04 11:43:00,2026-01-04 12:09:00,Coffee Classics,Cappuccino - Regular,MENU0009,Beverage,Menu Item,225.0,4.0,900.0,21.53,Bill Discount,Synthetic promotion,878.47,43.92,0,0,0,0,922.39,,,,,
Delhi,ABNAH Cafe Saket Premium,,BILL-OUT003-260104-0008,8,Delivery/Takeaway,,2026-01-04 15:01:00,2026-01-04 15:35:00,Coffee Classics,Cappuccino - Medium,MENU0010,Beverage,Menu Item,250.0,3.0,750.0,7.17,Bill Discount,Synthetic promotion,742.83,37.14,0,0,0,0,779.97,,,,,
Delhi,ABNAH Cafe Saket Premium,,BILL-OUT003-260104-0009,9,Dine In,T03,2026-01-04 13:46:00,2026-01-04 14:13:00,Coffee Classics,Flat White - Medium,MENU0013,Beverage,Menu Item,260.0,3.0,780.0,23.43,Bill Discount,Synthetic promotion,756.57,37.83,0,0,0,0,794.4,,,,,
Delhi,ABNAH Cafe Saket Premium,,BILL-OUT003-260104-0010,10,Delivery/Takeaway,,2026-01-04 11:50:00,2026-01-04 12:35:00,Coffee Classics,Flat White - Large,MENU0014,Beverage,Menu Item,285.27,3.0,855.81,0.0,,,855.82,42.79,0,0,0,0,898.61,,,,,
Delhi,ABNAH Cafe Saket Premium,,BILL-OUT003-260104-0011,11,Delivery/Takeaway,,2026-01-04 17:31:00,2026-01-04 17:59:00,Coffee Classics,Mocha - Regular,MENU0015,Beverage,Menu Item,247.31,1.0,247.31,0.0,,,247.31,12.37,0,0,0,0,259.68,,,,,
Delhi,ABNAH Cafe Saket Premium,,BILL-OUT003-260104-0012,12,Delivery/Takeaway,,2026-01-04 11:10:00,2026-01-04 11:29:00,Coffee Classics,Mocha - Medium,MENU0016,Beverage,Menu Item,270.0,1.0,270.0,1.49,Bill Discount,Synthetic promotion,268.51,13.43,0,0,0,0,281.94,,,,,
Delhi,ABNAH Cafe Saket Premium,,BILL-OUT003-260104-0013,13,Delivery/Takeaway,,2026-01-04 16:47:00,2026-01-04 17:35:00,Coffee Classics,Mocha - Large,MENU0017,Beverage,Menu Item,295.0,1.0,295.0,6.49,Bill Discount,Synthetic promotion,288.51,14.43,0,0,0,0,302.94,,,,,
Delhi,ABNAH Cafe Saket Premium,,BILL-OUT003-260104-0014,14,Delivery/Takeaway,,2026-01-04 10:54:00,2026-01-04 11:02:00,Signature Coffee,Sea Salt Mocha - Regular,MENU0018,Beverage,Menu Item,275.0,2.0,550.0,31.24,Bill Discount,Synthetic promotion,518.76,25.94,0,0,0,0,544.7,,,,,
Delhi,ABNAH Cafe Saket Premium,,BILL-OUT003-260104-0015,15,Delivery/Takeaway,,2026-01-04 17:21:00,2026-01-04 17:56:00,Signature Coffee,Sea Salt Mocha - Medium,MENU0019,Beverage,Menu Item,305.0,1.0,305.0,6.16,Bill Discount,Synthetic promotion,298.84,14.94,0,0,0,0,313.78,,,,,
Delhi,ABNAH Cafe Saket Premium,,BILL-OUT003-260104-0016,16,Delivery/Takeaway,,2026-01-04 10:51:00,2026-01-04 11:18:00,Signature Coffee,Sea Salt Mocha - Large,MENU0020,Beverage,Menu Item,336.34,1.0,336.34,0.0,,,336.34,16.82,0,0,0,0,353.16,,,,,
Delhi,ABNAH Cafe Saket Premium,,BILL-OUT003-260104-0017,17,Dine In,T06,2026-01-04 10:37:00,2026-01-04 10:55:00,Signature Coffee,Orange Zest Mocha - Regular,MENU0021,Beverage,Menu Item,270.0,1.0,270.0,4.34,Bill Discount,Synthetic promotion,265.66,13.28,0,0,0,0,278.94,,,,,
Delhi,ABNAH Cafe Saket Premium,,BILL-OUT003-260104-0018,18,Dine In,T06,2026-01-04 11:41:00,2026-01-04 12:07:00,Signature Coffee,Orange Zest Mocha - Medium,MENU0022,Beverage,Menu Item,300.0,1.0,300.0,1.88,Bill Discount,Synthetic promotion,298.12,14.91,0,0,0,0,313.03,,,,,
Delhi,ABNAH Cafe Saket Premium,,BILL-OUT003-260104-0019,19,Delivery/Takeaway,,2026-01-04 16:42:00,2026-01-04 17:05:00,Signature Coffee,Caramel Macchiato - Regular,MENU0024,Beverage,Menu Item,265.31,1.0,265.31,0.0,,,265.31,13.27,0,0,0,0,278.58,,,,,
Delhi,ABNAH Cafe Saket Premium,,BILL-OUT003-260104-0020,20,Delivery/Takeaway,,2026-01-04 17:11:00,2026-01-04 17:44:00,Signature Coffee,Caramel Macchiato - Medium,MENU0025,Beverage,Menu Item,297.82,2.0,595.64,0.0,,,595.64,29.78,0,0,0,0,625.42,,,,,
Delhi,ABNAH Cafe Saket Premium,,BILL-OUT003-260104-0021,21,Dine In,T06,2026-01-04 13:25:00,2026-01-04 14:06:00,Signature Coffee,French Vanilla Latte - Regular,MENU0027,Beverage,Menu Item,265.0,2.0,530.0,30.39,Bill Discount,Synthetic promotion,499.61,24.98,0,0,0,0,524.59,,,,,
Delhi,ABNAH Cafe Saket Premium,,BILL-OUT003-260104-0022,22,Delivery/Takeaway,,2026-01-04 13:37:00,2026-01-04 13:54:00,Signature Coffee,French Vanilla Latte - Medium,MENU0028,Beverage,Menu Item,297.03,1.0,297.03,0.0,,,297.03,14.85,0,0,0,0,311.88,,,,,
Delhi,ABNAH Cafe Saket Premium,,BILL-OUT003-260104-0023,23,Delivery/Takeaway,,2026-01-04 15:57:00,2026-01-04 16:24:00,Signature Coffee,Vegan Iced Latte - Regular,MENU0030,Beverage,Menu Item,285.0,3.0,855.0,34.93,Bill Discount,Synthetic promotion,820.07,41.0,0,0,0,0,861.07,,,,,
Delhi,ABNAH Cafe Saket Premium,,BILL-OUT003-260104-0024,24,Delivery/Takeaway,,2026-01-04 14:55:00,2026-01-04 15:16:00,Signature Coffee,Vegan Iced Latte - Medium,MENU0031,Beverage,Menu Item,310.0,1.0,310.0,17.45,Bill Discount,Synthetic promotion,292.55,14.63,0,0,0,0,307.18,,,,,
Delhi,ABNAH Cafe Saket Premium,,BILL-OUT003-260104-0025,25,Delivery/Takeaway,,2026-01-04 15:02:00,2026-01-04 15:44:00,Cold Brew,Classic Cold Brew - Regular,MENU0033,Beverage,Menu Item,225.0,1.0,225.0,11.52,Bill Discount,Synthetic promotion,213.48,10.67,0,0,0,0,224.15,,,,,
Delhi,ABNAH Cafe Saket Premium,,BILL-OUT003-260104-0026,26,Delivery/Takeaway,,2026-01-04 19:09:00,2026-01-04 19:47:00,Cold Brew,Classic Cold Brew - Large,MENU0035,Beverage,Menu Item,278.56,2.0,557.12,0.01,Bill Discount,Synthetic promotion,557.11,27.86,0,0,0,0,584.97,,,,,
Delhi,ABNAH Cafe Saket Premium,,BILL-OUT003-260104-0027,27,Delivery/Takeaway,,2026-01-04 15:20:00,2026-01-04 15:31:00,Cold Brew,Coffee Lemonade - Large,MENU0038,Beverage,Menu Item,285.0,1.0,285.0,11.77,Bill Discount,Synthetic promotion,273.23,13.66,0,0,0,0,286.89,,,,,
Delhi,ABNAH Cafe Saket Premium,,BILL-OUT003-260104-0028,28,Dine In,T10,2026-01-04 08:22:00,2026-01-04 08:58:00,Cold Brew,Vietnamese Shakerato - Large,MENU0041,Beverage,Menu Item,305.0,1.0,305.0,9.01,Bill Discount,Synthetic promotion,295.99,14.8,0,0,0,0,310.79,,,,,
Delhi,ABNAH Cafe Saket Premium,,BILL-OUT003-260104-0029,29,Delivery/Takeaway,,2026-01-04 15:15:00,2026-01-04 15:52:00,Cold Coffee,Classic Cold Coffee - Regular,MENU0042,Beverage,Menu Item,255.0,5.0,1275.0,59.3,Bill Discount,Synthetic promotion,1215.7,60.78,0,0,0,0,1276.48,,,,,
Delhi,ABNAH Cafe Saket Premium,,BILL-OUT003-260104-0030,30,Delivery/Takeaway,,2026-01-04 15:33:00,2026-01-04 16:00:00,Cold Coffee,Classic Cold Coffee - Medium,MENU0043,Beverage,Menu Item,293.68,2.0,587.36,0.01,Bill Discount,Synthetic promotion,587.35,29.37,0,0,0,0,616.72,,,,,
Delhi,ABNAH Cafe Saket Premium,,BILL-OUT003-260104-0031,31,Dine In,T24,2026-01-04 18:33:00,2026-01-04 18:52:00,Cold Coffee,Classic Cold Coffee - Large,MENU0044,Beverage,Menu Item,325.0,2.0,650.0,9.71,Bill Discount,Synthetic promotion,640.29,32.01,0,0,0,0,672.3,,,,,
Delhi,ABNAH Cafe Saket Premium,,BILL-OUT003-260104-0032,32,Dine In,T24,2026-01-04 11:00:00,2026-01-04 11:25:00,Cold Coffee,Mocha Cold Coffee - Regular,MENU0045,Beverage,Menu Item,285.0,3.0,855.0,49.53,Bill Discount,Synthetic promotion,805.47,40.27,0,0,0,0,845.74,,,,,
Delhi,ABNAH Cafe Saket Premium,,BILL-OUT003-260104-0033,33,Delivery/Takeaway,,2026-01-04 14:12:00,2026-01-04 14:44:00,Cold Coffee,Mocha Cold Coffee - Medium,MENU0046,Beverage,Menu Item,320.0,2.0,640.0,5.57,Bill Discount,Synthetic promotion,634.43,31.72,0,0,0,0,666.15,,,,,
Delhi,ABNAH Cafe Saket Premium,,BILL-OUT003-260104-0034,34,Delivery/Takeaway,,2026-01-04 09:25:00,2026-01-04 10:00:00,Cold Coffee,Caramel Cold Coffee - Regular,MENU0048,Beverage,Menu Item,288.5,2.0,577.0,0.01,Bill Discount,Synthetic promotion,576.99,28.85,0,0,0,0,605.84,,,,,
Delhi,ABNAH Cafe Saket Premium,,BILL-OUT003-260104-0035,35,Delivery/Takeaway,,2026-01-04 09:43:00,2026-01-04 10:12:00,Cold Coffee,Caramel Cold Coffee - Medium,MENU0049,Beverage,Menu Item,320.0,3.0,960.0,4.21,Bill Discount,Synthetic promotion,955.79,47.79,0,0,0,0,1003.58,,,,,
Delhi,ABNAH Cafe Saket Premium,,BILL-OUT003-260104-0036,36,Delivery/Takeaway,,2026-01-04 10:38:00,2026-01-04 11:19:00,Tea,Masala Chai Latte - Regular,MENU0051,Beverage,Menu Item,195.0,2.0,390.0,20.59,Bill Discount,Synthetic promotion,369.41,18.47,0,0,0,0,387.88,,,,,
Delhi,ABNAH Cafe Saket Premium,,BILL-OUT003-260104-0037,37,Delivery/Takeaway,,2026-01-04 13:38:00,2026-01-04 13:54:00,Tea,Japanese Matcha Latte - Medium,MENU0056,Beverage,Menu Item,300.01,1.0,300.01,0.0,,,300.01,15.0,0,0,0,0,315.01,,,,,
Delhi,ABNAH Cafe Saket Premium,,BILL-OUT003-260104-0038,38,Delivery/Takeaway,,2026-01-04 15:27:00,2026-01-04 16:13:00,Tea,Japanese Matcha Latte - Large,MENU0057,Beverage,Menu Item,325.0,2.0,650.0,35.67,Bill Discount,Synthetic promotion,614.33,30.72,0,0,0,0,645.05,,,,,
Delhi,ABNAH Cafe Saket Premium,,BILL-OUT003-260104-0039,39,Delivery/Takeaway,,2026-01-04 16:56:00,2026-01-04 17:18:00,Iced Tea,Lemon Iced Tea - Regular,MENU0058,Beverage,Menu Item,207.63,1.0,207.63,0.0,,,207.63,10.38,0,0,0,0,218.01,,,,,
Delhi,ABNAH Cafe Saket Premium,,BILL-OUT003-260104-0040,40,Delivery/Takeaway,,2026-01-04 17:35:00,2026-01-04 18:00:00,Iced Tea,Lemon Iced Tea - Large,MENU0060,Beverage,Menu Item,255.0,1.0,255.0,5.17,Bill Discount,Synthetic promotion,249.83,12.49,0,0,0,0,262.32,,,,,
Delhi,ABNAH Cafe Saket Premium,,BILL-OUT003-260104-0041,41,Dine In,T12,2026-01-04 15:31:00,2026-01-04 15:42:00,Kids Beverage,Hot Chocolate - Large,MENU0066,Beverage,Menu Item,270.0,1.0,270.0,15.82,Bill Discount,Synthetic promotion,254.18,12.71,0,0,0,0,266.89,,,,,
Delhi,ABNAH Cafe Saket Premium,,BILL-OUT003-260104-0042,42,Dine In,T23,2026-01-04 16:34:00,2026-01-04 16:57:00,Kids Beverage,Babyccino - Regular,MENU0067,Beverage,Menu Item,165.0,1.0,165.0,5.03,Bill Discount,Synthetic promotion,159.97,8.0,0,0,0,0,167.97,,,,,
Delhi,ABNAH Cafe Saket Premium,,BILL-OUT003-260104-0043,43,Delivery/Takeaway,,2026-01-04 10:40:00,2026-01-04 11:29:00,Shake,Choco Chip Shake - Regular,MENU0068,Beverage,Menu Item,295.0,2.0,590.0,2.83,Bill Discount,Synthetic promotion,587.17,29.36,0,0,0,0,616.53,,,,,
Delhi,ABNAH Cafe Saket Premium,,BILL-OUT003-260104-0044,44,Delivery/Takeaway,,2026-01-04 08:28:00,2026-01-04 08:39:00,Shake,Choco Chip Shake - Medium,MENU0069,Beverage,Menu Item,330.55,1.0,330.55,0.0,,,330.55,16.53,0,0,0,0,347.08,,,,,
Delhi,ABNAH Cafe Saket Premium,,BILL-OUT003-260104-0045,45,Delivery/Takeaway,,2026-01-04 16:45:00,2026-01-04 16:55:00,Shake,Mixed Berry Shake - Regular,MENU0071,Beverage,Menu Item,315.0,1.0,315.0,7.86,Bill Discount,Synthetic promotion,307.14,15.36,0,0,0,0,322.5,,,,,
Delhi,ABNAH Cafe Saket Premium,,BILL-OUT003-260104-0046,46,Delivery/Takeaway,,2026-01-04 09:24:00,2026-01-04 09:53:00,Shake,Mixed Berry Shake - Large,MENU0073,Beverage,Menu Item,385.0,1.0,385.0,9.43,Bill Discount,Synthetic promotion,375.57,18.78,0,0,0,0,394.35,,,,,
Delhi,ABNAH Cafe Saket Premium,,BILL-OUT003-260104-0047,47,Delivery/Takeaway,,2026-01-04 19:55:00,2026-01-04 20:23:00,Smoothie,Seasonal Smoothie - Regular,MENU0074,Beverage,Menu Item,310.15,1.0,310.15,0.0,,,310.15,15.51,0,0,0,0,325.66,,,,,
Delhi,ABNAH Cafe Saket Premium,,BILL-OUT003-260104-0048,48,Delivery/Takeaway,,2026-01-04 14:56:00,2026-01-04 15:15:00,Smoothie,Seasonal Smoothie - Medium,MENU0075,Beverage,Menu Item,340.0,1.0,340.0,19.34,Bill Discount,Synthetic promotion,320.66,16.03,0,0,0,0,336.69,,,,,
Delhi,ABNAH Cafe Saket Premium,,BILL-OUT003-260104-0049,49,Dine In,T21,2026-01-04 15:36:00,2026-01-04 16:19:00,Wraps,Shredded Chicken Wrap,MENU0078,Food,Menu Item,300.14,2.0,600.28,0.0,,,600.28,30.01,0,0,0,0,630.29,,,,,
Delhi,ABNAH Cafe Saket Premium,,BILL-OUT003-260104-0050,50,Delivery/Takeaway,,2026-01-04 16:32:00,2026-01-04 17:08:00,Sandwiches,Pepper Chicken Sandwich,MENU0081,Food,Menu Item,315.0,2.0,630.0,28.02,Bill Discount,Synthetic promotion,601.98,30.1,0,0,0,0,632.08,,,,,
Delhi,ABNAH Cafe Saket Premium,,BILL-OUT003-260104-0051,51,Dine In,T04,2026-01-04 10:52:00,2026-01-04 11:25:00,Sandwiches,Tandoori Chicken Sandwich,MENU0082,Food,Menu Item,320.0,1.0,320.0,11.56,Bill Discount,Synthetic promotion,308.44,15.42,0,0,0,0,323.86,,,,,
Delhi,ABNAH Cafe Saket Premium,,BILL-OUT003-260104-0052,52,Delivery/Takeaway,,2026-01-04 18:49:00,2026-01-04 19:21:00,Breakfast,Masala Egg Bun,MENU0089,Food,Menu Item,229.18,1.0,229.18,0.0,,,229.18,11.46,0,0,0,0,240.64,,,,,
Delhi,ABNAH Cafe Saket Premium,,BILL-OUT003-260104-0053,53,Dine In,T20,2026-01-04 18:23:00,2026-01-04 18:38:00,Snacks,Marinara Cheese Pin Wheels,MENU0090,Food,Menu Item,215.0,1.0,215.0,5.24,Bill Discount,Synthetic promotion,209.76,10.49,0,0,0,0,220.25,,,,,
Delhi,ABNAH Cafe Saket Premium,,BILL-OUT003-260104-0054,54,Delivery/Takeaway,,2026-01-04 12:04:00,2026-01-04 12:20:00,Snacks,Pesto Sundried Tomato Pin Wheel,MENU0091,Food,Menu Item,225.0,1.0,225.0,1.48,Bill Discount,Synthetic promotion,223.52,11.18,0,0,0,0,234.7,,,,,
Delhi,ABNAH Cafe Saket Premium,,BILL-OUT003-260104-0055,55,Delivery/Takeaway,,2026-01-04 13:35:00,2026-01-04 13:44:00,Snacks,Turnover with Brioche Dough Veg,MENU0093,Food,Menu Item,239.37,1.0,239.37,0.0,,,239.37,11.97,0,0,0,0,251.34,,,,,
Delhi,ABNAH Cafe Saket Premium,,BILL-OUT003-260104-0056,56,Delivery/Takeaway,,2026-01-04 16:07:00,2026-01-04 16:15:00,Baked Goods,Butter Croissant,MENU0094,Food,Menu Item,195.0,1.0,195.0,4.7,Bill Discount,Synthetic promotion,190.3,9.52,0,0,0,0,199.82,,,,,
Delhi,ABNAH Cafe Saket Premium,,BILL-OUT003-260104-0057,57,Dine In,T12,2026-01-04 11:37:00,2026-01-04 12:12:00,Baked Goods,Mushroom Cheese Croissant,MENU0097,Food,Menu Item,255.0,2.0,510.0,15.33,Bill Discount,Synthetic promotion,494.67,24.73,0,0,0,0,519.4,,,,,
Delhi,ABNAH Cafe Saket Premium,,BILL-OUT003-260104-0058,58,Dine In,T12,2026-01-04 16:19:00,2026-01-04 16:32:00,Baked Goods,Cinnamon Roll with Cream Cheese,MENU0099,Dessert,Menu Item,221.9,1.0,221.9,0.0,,,221.9,11.1,0,0,0,0,233.0,,,,,
Delhi,ABNAH Cafe Saket Premium,,BILL-OUT003-260104-0059,59,Delivery/Takeaway,,2026-01-04 08:21:00,2026-01-04 08:46:00,Baked Goods,Banana Walnut Tea Cake,MENU0100,Dessert,Menu Item,205.0,2.0,410.0,4.57,Bill Discount,Synthetic promotion,405.43,20.27,0,0,0,0,425.7,,,,,
Delhi,ABNAH Cafe Saket Premium,,BILL-OUT003-260104-0060,60,Delivery/Takeaway,,2026-01-04 11:51:00,2026-01-04 12:25:00,Baked Goods,Lemon Raspberry Tea Cake,MENU0101,Dessert,Menu Item,215.0,2.0,430.0,8.91,Bill Discount,Synthetic promotion,421.09,21.05,0,0,0,0,442.14,,,,,
Delhi,ABNAH Cafe Saket Premium,,BILL-OUT003-260104-0061,61,Delivery/Takeaway,,2026-01-04 16:19:00,2026-01-04 16:58:00,Desserts,Double Chocolate Truffle Cake,MENU0102,Dessert,Menu Item,295.0,4.0,1180.0,9.1,Bill Discount,Synthetic promotion,1170.9,58.55,0,0,0,0,1229.45,,,,,
Delhi,ABNAH Cafe Saket Premium,,BILL-OUT003-260104-0062,62,Dine In,T24,2026-01-04 10:53:00,2026-01-04 11:16:00,Desserts,Classic Chocolate Fudge Brownie,MENU0104,Dessert,Menu Item,195.0,1.0,195.0,9.51,Bill Discount,Synthetic promotion,185.49,9.27,0,0,0,0,194.76,,,,,
Delhi,ABNAH Cafe Saket Premium,,BILL-OUT003-260104-0063,63,Dine In,T16,2026-01-04 18:30:00,2026-01-04 19:02:00,Desserts,Death by Chocolate Cookie,MENU0106,Dessert,Menu Item,190.0,1.0,190.0,6.54,Bill Discount,Synthetic promotion,183.46,9.17,0,0,0,0,192.63,,,,,
Delhi,ABNAH Cafe Saket Premium,,BILL-OUT003-260104-0064,64,Dine In,T15,2026-01-04 11:47:00,2026-01-04 12:06:00,Desserts,Jaggery Parmesan Cookie,MENU0107,Dessert,Menu Item,170.0,3.0,510.0,15.51,Bill Discount,Synthetic promotion,494.49,24.72,0,0,0,0,519.21,,,,,
Delhi,ABNAH Cafe Saket Premium,,BILL-OUT003-260104-0065,65,Delivery/Takeaway,,2026-01-04 13:08:00,2026-01-04 13:44:00,Desserts,Basque Cheesecake,MENU0109,Dessert,Menu Item,310.0,2.0,620.0,11.34,Bill Discount,Synthetic promotion,608.66,30.43,0,0,0,0,639.09,,,,,
Delhi,ABNAH Cafe Saket Premium,,BILL-OUT003-260104-0066,66,Delivery/Takeaway,,2026-01-04 12:58:00,2026-01-04 13:31:00,Baked Goods,Multigrain Walnut Tea Cake,MENU0110,Dessert,Menu Item,225.0,2.0,450.0,15.13,Bill Discount,Synthetic promotion,434.87,21.74,0,0,0,0,456.61,,,,,
Delhi,ABNAH Cafe Saket Premium,,BILL-OUT003-260105-0001,1,Dine In,T01,2026-01-05 12:15:00,2026-01-05 12:48:00,Coffee Classics,Americano - Medium,MENU0004,Beverage,Menu Item,210.0,1.0,210.0,11.0,Bill Discount,Synthetic promotion,199.0,9.95,0,0,0,0,208.95,,,,,
Delhi,ABNAH Cafe Saket Premium,,BILL-OUT003-260105-0002,2,Delivery/Takeaway,,2026-01-05 15:41:00,2026-01-05 15:56:00,Coffee Classics,Americano - Large,MENU0005,Beverage,Menu Item,235.0,1.0,235.0,7.69,Bill Discount,Synthetic promotion,227.31,11.37,0,0,0,0,238.68,,,,,
Delhi,ABNAH Cafe Saket Premium,,BILL-OUT003-260105-0003,3,Delivery/Takeaway,,2026-01-05 15:20:00,2026-01-05 16:03:00,Coffee Classics,Latte - Regular,MENU0006,Beverage,Menu Item,225.0,2.0,450.0,26.31,Bill Discount,Synthetic promotion,423.69,21.18,0,0,0,0,444.87,,,,,
Delhi,ABNAH Cafe Saket Premium,,BILL-OUT003-260105-0004,4,Dine In,T09,2026-01-05 14:36:00,2026-01-05 14:58:00,Coffee Classics,Latte - Medium,MENU0007,Beverage,Menu Item,250.4,3.0,751.2,0.0,,,751.2,37.56,0,0,0,0,788.76,,,,,
Delhi,ABNAH Cafe Saket Premium,,BILL-OUT003-260105-0005,5,Delivery/Takeaway,,2026-01-05 16:34:00,2026-01-05 16:49:00,Coffee Classics,Latte - Large,MENU0008,Beverage,Menu Item,275.0,3.0,825.0,36.17,Bill Discount,Synthetic promotion,788.83,39.44,0,0,0,0,828.27,,,,,
Delhi,ABNAH Cafe Saket Premium,,BILL-OUT003-260105-0006,6,Delivery/Takeaway,,2026-01-05 19:50:00,2026-01-05 20:34:00,Coffee Classics,Cappuccino - Regular,MENU0009,Beverage,Menu Item,225.0,3.0,675.0,7.91,Bill Discount,Synthetic promotion,667.09,33.35,0,0,0,0,700.44,,,,,
Delhi,ABNAH Cafe Saket Premium,,BILL-OUT003-260105-0007,7,Dine In,T09,2026-01-05 08:13:00,2026-01-05 08:54:00,Coffee Classics,Cappuccino - Large,MENU0011,Beverage,Menu Item,275.0,1.0,275.0,7.6,Bill Discount,Synthetic promotion,267.4,13.37,0,0,0,0,280.77,,,,,
Delhi,ABNAH Cafe Saket Premium,,BILL-OUT003-260105-0008,8,Delivery/Takeaway,,2026-01-05 18:58:00,2026-01-05 19:43:00,Coffee Classics,Flat White - Regular,MENU0012,Beverage,Menu Item,235.0,2.0,470.0,2.98,Bill Discount,Synthetic promotion,467.02,23.35,0,0,0,0,490.37,,,,,
Delhi,ABNAH Cafe Saket Premium,,BILL-OUT003-260105-0009,9,Delivery/Takeaway,,2026-01-05 11:04:00,2026-01-05 11:31:00,Coffee Classics,Mocha - Medium,MENU0016,Beverage,Menu Item,273.74,2.0,547.48,0.01,Bill Discount,Synthetic promotion,547.47,27.37,0,0,0,0,574.84,,,,,
Delhi,ABNAH Cafe Saket Premium,,BILL-OUT003-260105-0010,10,Delivery/Takeaway,,2026-01-05 19:07:00,2026-01-05 19:37:00,Signature Coffee,Sea Salt Mocha - Regular,MENU0018,Beverage,Menu Item,275.0,1.0,275.0,2.76,Bill Discount,Synthetic promotion,272.24,13.61,0,0,0,0,285.85,,,,,
Delhi,ABNAH Cafe Saket Premium,,BILL-OUT003-260105-0011,11,Delivery/Takeaway,,2026-01-05 19:50:00,2026-01-05 20:38:00,Signature Coffee,Sea Salt Mocha - Medium,MENU0019,Beverage,Menu Item,305.0,2.0,610.0,3.63,Bill Discount,Synthetic promotion,606.37,30.32,0,0,0,0,636.69,,,,,
Delhi,ABNAH Cafe Saket Premium,,BILL-OUT003-260105-0012,12,Delivery/Takeaway,,2026-01-05 15:44:00,2026-01-05 15:52:00,Signature Coffee,Sea Salt Mocha - Large,MENU0020,Beverage,Menu Item,335.19,1.0,335.19,0.0,,,335.19,16.76,0,0,0,0,351.95,,,,,
Delhi,ABNAH Cafe Saket Premium,,BILL-OUT003-260105-0013,13,Delivery/Takeaway,,2026-01-05 09:05:00,2026-01-05 09:29:00,Signature Coffee,Orange Zest Mocha - Medium,MENU0022,Beverage,Menu Item,300.0,1.0,300.0,16.3,Bill Discount,Synthetic promotion,283.7,14.19,0,0,0,0,297.89,,,,,
Delhi,ABNAH Cafe Saket Premium,,BILL-OUT003-260105-0014,14,Dine In,T19,2026-01-05 09:11:00,2026-01-05 09:36:00,Signature Coffee,Caramel Macchiato - Regular,MENU0024,Beverage,Menu Item,265.0,1.0,265.0,14.82,Bill Discount,Synthetic promotion,250.18,12.51,0,0,0,0,262.69,,,,,
Delhi,ABNAH Cafe Saket Premium,,BILL-OUT003-260105-0015,15,Dine In,T24,2026-01-05 16:17:00,2026-01-05 17:01:00,Signature Coffee,Caramel Macchiato - Large,MENU0026,Beverage,Menu Item,330.34,1.0,330.34,0.0,,,330.34,16.52,0,0,0,0,346.86,,,,,
Delhi,ABNAH Cafe Saket Premium,,BILL-OUT003-260105-0016,16,Delivery/Takeaway,,2026-01-05 14:02:00,2026-01-05 14:46:00,Signature Coffee,Vegan Iced Latte - Regular,MENU0030,Beverage,Menu Item,290.37,1.0,290.37,0.0,,,290.37,14.52,0,0,0,0,304.89,,,,,
Delhi,ABNAH Cafe Saket Premium,,BILL-OUT003-260105-0017,17,Dine In,T01,2026-01-05 12:27:00,2026-01-05 13:04:00,Signature Coffee,Vegan Iced Latte - Medium,MENU0031,Beverage,Menu Item,310.0,1.0,310.0,12.83,Bill Discount,Synthetic promotion,297.17,14.86,0,0,0,0,312.03,,,,,
Delhi,ABNAH Cafe Saket Premium,,BILL-OUT003-260105-0018,18,Delivery/Takeaway,,2026-01-05 09:41:00,2026-01-05 10:25:00,Cold Brew,Coffee Lemonade - Medium,MENU0037,Beverage,Menu Item,260.0,1.0,260.0,8.43,Bill Discount,Synthetic promotion,251.57,12.58,0,0,0,0,264.15,,,,,
Delhi,ABNAH Cafe Saket Premium,,BILL-OUT003-260105-0019,19,Delivery/Takeaway,,2026-01-05 15:03:00,2026-01-05 15:27:00,Cold Brew,Coffee Lemonade - Large,MENU0038,Beverage,Menu Item,286.45,1.0,286.45,0.0,,,286.45,14.32,0,0,0,0,300.77,,,,,
Delhi,ABNAH Cafe Saket Premium,,BILL-OUT003-260105-0020,20,Delivery/Takeaway,,2026-01-05 10:44:00,2026-01-05 11:32:00,Cold Brew,Vietnamese Shakerato - Large,MENU0041,Beverage,Menu Item,305.0,1.0,305.0,5.78,Bill Discount,Synthetic promotion,299.22,14.96,0,0,0,0,314.18,,,,,
Delhi,ABNAH Cafe Saket Premium,,BILL-OUT003-260105-0021,21,Delivery/Takeaway,,2026-01-05 17:31:00,2026-01-05 18:07:00,Cold Coffee,Classic Cold Coffee - Regular,MENU0042,Beverage,Menu Item,255.0,1.0,255.0,10.63,Bill Discount,Synthetic promotion,244.37,12.22,0,0,0,0,256.59,,,,,
Delhi,ABNAH Cafe Saket Premium,,BILL-OUT003-260105-0022,22,Dine In,T12,2026-01-05 08:43:00,2026-01-05 09:30:00,Cold Coffee,Classic Cold Coffee - Medium,MENU0043,Beverage,Menu Item,290.0,1.0,290.0,9.03,Bill Discount,Synthetic promotion,280.97,14.05,0,0,0,0,295.02,,,,,
Delhi,ABNAH Cafe Saket Premium,,BILL-OUT003-260105-0023,23,Delivery/Takeaway,,2026-01-05 11:03:00,2026-01-05 11:28:00,Cold Coffee,Mocha Cold Coffee - Regular,MENU0045,Beverage,Menu Item,285.0,2.0,570.0,24.72,Bill Discount,Synthetic promotion,545.28,27.26,0,0,0,0,572.54,,,,,
Delhi,ABNAH Cafe Saket Premium,,BILL-OUT003-260105-0024,24,Dine In,T01,2026-01-05 10:36:00,2026-01-05 10:54:00,Cold Coffee,Mocha Cold Coffee - Medium,MENU0046,Beverage,Menu Item,322.64,1.0,322.64,0.0,,,322.64,16.13,0,0,0,0,338.77,,,,,
Delhi,ABNAH Cafe Saket Premium,,BILL-OUT003-260105-0025,25,Delivery/Takeaway,,2026-01-05 19:58:00,2026-01-05 20:17:00,Cold Coffee,Caramel Cold Coffee - Regular,MENU0048,Beverage,Menu Item,285.0,1.0,285.0,16.92,Bill Discount,Synthetic promotion,268.08,13.4,0,0,0,0,281.48,,,,,
Delhi,ABNAH Cafe Saket Premium,,BILL-OUT003-260105-0026,26,Delivery/Takeaway,,2026-01-05 12:04:00,2026-01-05 12:48:00,Cold Coffee,Caramel Cold Coffee - Large,MENU0050,Beverage,Menu Item,355.0,1.0,355.0,18.19,Bill Discount,Synthetic promotion,336.81,16.84,0,0,0,0,353.65,,,,,
Delhi,ABNAH Cafe Saket Premium,,BILL-OUT003-260105-0027,27,Dine In,T09,2026-01-05 08:46:00,2026-01-05 09:09:00,Tea,Masala Chai Latte - Medium,MENU0052,Beverage,Menu Item,220.0,2.0,440.0,6.96,Bill Discount,Synthetic promotion,433.04,21.65,0,0,0,0,454.69,,,,,
Delhi,ABNAH Cafe Saket Premium,,BILL-OUT003-260105-0028,28,Delivery/Takeaway,,2026-01-05 11:44:00,2026-01-05 12:01:00,Tea,Himalayan Green Tea,MENU0054,Beverage,Menu Item,210.0,1.0,210.0,2.47,Bill Discount,Synthetic promotion,207.53,10.38,0,0,0,0,217.91,,,,,
Delhi,ABNAH Cafe Saket Premium,,BILL-OUT003-260105-0029,29,Delivery/Takeaway,,2026-01-05 17:20:00,2026-01-05 17:31:00,Tea,Japanese Matcha Latte - Medium,MENU0056,Beverage,Menu Item,295.0,2.0,590.0,6.69,Bill Discount,Synthetic promotion,583.31,29.17,0,0,0,0,612.48,,,,,
Delhi,ABNAH Cafe Saket Premium,,BILL-OUT003-260105-0030,30,Dine In,T24,2026-01-05 14:47:00,2026-01-05 15:33:00,Iced Tea,Lemon Iced Tea - Regular,MENU0058,Beverage,Menu Item,205.0,2.0,410.0,17.19,Bill Discount,Synthetic promotion,392.81,19.64,0,0,0,0,412.45,,,,,
Delhi,ABNAH Cafe Saket Premium,,BILL-OUT003-260105-0031,31,Delivery/Takeaway,,2026-01-05 12:57:00,2026-01-05 13:20:00,Shake,Choco Chip Shake - Medium,MENU0069,Beverage,Menu Item,330.0,1.0,330.0,5.63,Bill Discount,Synthetic promotion,324.37,16.22,0,0,0,0,340.59,,,,,
Delhi,ABNAH Cafe Saket Premium,,BILL-OUT003-260105-0032,32,Delivery/Takeaway,,2026-01-05 18:16:00,2026-01-05 19:04:00,Shake,Choco Chip Shake - Large,MENU0070,Beverage,Menu Item,371.75,1.0,371.75,0.0,,,371.75,18.59,0,0,0,0,390.34,,,,,
Delhi,ABNAH Cafe Saket Premium,,BILL-OUT003-260105-0033,33,Delivery/Takeaway,,2026-01-05 08:35:00,2026-01-05 09:15:00,Shake,Mixed Berry Shake - Medium,MENU0072,Beverage,Menu Item,350.0,2.0,700.0,11.42,Bill Discount,Synthetic promotion,688.58,34.43,0,0,0,0,723.01,,,,,
Delhi,ABNAH Cafe Saket Premium,,BILL-OUT003-260105-0034,34,Delivery/Takeaway,,2026-01-05 10:59:00,2026-01-05 11:24:00,Smoothie,Seasonal Smoothie - Regular,MENU0074,Beverage,Menu Item,305.0,1.0,305.0,1.2,Bill Discount,Synthetic promotion,303.8,15.19,0,0,0,0,318.99,,,,,
Delhi,ABNAH Cafe Saket Premium,,BILL-OUT003-260105-0035,35,Dine In,T13,2026-01-05 10:36:00,2026-01-05 11:04:00,Wraps,Spicy Paneer Wrap,MENU0077,Food,Menu Item,275.0,1.0,275.0,14.26,Bill Discount,Synthetic promotion,260.74,13.04,0,0,0,0,273.78,,,,,
Delhi,ABNAH Cafe Saket Premium,,BILL-OUT003-260105-0036,36,Dine In,T21,2026-01-05 16:22:00,2026-01-05 17:09:00,Sandwiches,Pesto Veg Sandwich,MENU0080,Food,Menu Item,280.0,1.0,280.0,13.09,Bill Discount,Synthetic promotion,266.91,13.35,0,0,0,0,280.26,,,,,
Delhi,ABNAH Cafe Saket Premium,,BILL-OUT003-260105-0037,37,Delivery/Takeaway,,2026-01-05 17:17:00,2026-01-05 17:59:00,Toasts,Chicken Pepperoni Avocado Toast,MENU0084,Food,Menu Item,330.0,1.0,330.0,6.87,Bill Discount,Synthetic promotion,323.13,16.16,0,0,0,0,339.29,,,,,
Delhi,ABNAH Cafe Saket Premium,,BILL-OUT003-260105-0038,38,Dine In,T10,2026-01-05 15:30:00,2026-01-05 15:54:00,Breakfast,Breakfast Pancakes,MENU0086,Food,Menu Item,285.0,2.0,570.0,10.59,Bill Discount,Synthetic promotion,559.41,27.97,0,0,0,0,587.38,,,,,
Delhi,ABNAH Cafe Saket Premium,,BILL-OUT003-260105-0039,39,Dine In,T11,2026-01-05 14:03:00,2026-01-05 14:22:00,Snacks,Marinara Cheese Pin Wheels,MENU0090,Food,Menu Item,215.0,1.0,215.0,5.46,Bill Discount,Synthetic promotion,209.54,10.48,0,0,0,0,220.02,,,,,
Delhi,ABNAH Cafe Saket Premium,,BILL-OUT003-260105-0040,40,Delivery/Takeaway,,2026-01-05 10:39:00,2026-01-05 10:55:00,Baked Goods,Butter Croissant,MENU0094,Food,Menu Item,196.81,1.0,196.81,0.0,,,196.81,9.84,0,0,0,0,206.65,,,,,
Delhi,ABNAH Cafe Saket Premium,,BILL-OUT003-260105-0041,41,Delivery/Takeaway,,2026-01-05 13:43:00,2026-01-05 14:23:00,Baked Goods,Almond Croissant,MENU0095,Food,Menu Item,245.0,2.0,490.0,26.27,Bill Discount,Synthetic promotion,463.73,23.19,0,0,0,0,486.92,,,,,
Delhi,ABNAH Cafe Saket Premium,,BILL-OUT003-260105-0042,42,Dine In,T09,2026-01-05 16:56:00,2026-01-05 17:07:00,Baked Goods,Chocolate Croissant,MENU0096,Food,Menu Item,235.0,1.0,235.0,11.74,Bill Discount,Synthetic promotion,223.26,11.16,0,0,0,0,234.42,,,,,
Delhi,ABNAH Cafe Saket Premium,,BILL-OUT003-260105-0043,43,Dine In,T18,2026-01-05 17:09:00,2026-01-05 17:20:00,Baked Goods,Cinnamon Roll with Cream Cheese,MENU0099,Dessert,Menu Item,220.0,1.0,220.0,4.66,Bill Discount,Synthetic promotion,215.34,10.77,0,0,0,0,226.11,,,,,
Delhi,ABNAH Cafe Saket Premium,,BILL-OUT003-260105-0044,44,Dine In,T02,2026-01-05 09:35:00,2026-01-05 09:46:00,Baked Goods,Banana Walnut Tea Cake,MENU0100,Dessert,Menu Item,205.0,1.0,205.0,6.53,Bill Discount,Synthetic promotion,198.47,9.92,0,0,0,0,208.39,,,,,
Delhi,ABNAH Cafe Saket Premium,,BILL-OUT003-260105-0045,45,Dine In,T14,2026-01-05 09:03:00,2026-01-05 09:22:00,Baked Goods,Lemon Raspberry Tea Cake,MENU0101,Dessert,Menu Item,215.0,1.0,215.0,8.27,Bill Discount,Synthetic promotion,206.73,10.34,0,0,0,0,217.07,,,,,
Delhi,ABNAH Cafe Saket Premium,,BILL-OUT003-260105-0046,46,Dine In,T22,2026-01-05 16:52:00,2026-01-05 17:26:00,Desserts,Banoffee Pie,MENU0103,Dessert,Menu Item,285.0,1.0,285.0,10.88,Bill Discount,Synthetic promotion,274.12,13.71,0,0,0,0,287.83,,,,,
Delhi,ABNAH Cafe Saket Premium,,BILL-OUT003-260105-0047,47,Delivery/Takeaway,,2026-01-05 13:12:00,2026-01-05 13:21:00,Desserts,Classic Chocolate Fudge Brownie,MENU0104,Dessert,Menu Item,195.0,2.0,390.0,19.37,Bill Discount,Synthetic promotion,370.63,18.53,0,0,0,0,389.16,,,,,
Delhi,ABNAH Cafe Saket Premium,,BILL-OUT003-260105-0048,48,Delivery/Takeaway,,2026-01-05 17:05:00,2026-01-05 17:52:00,Desserts,Soft-Centred Caramel Cookie,MENU0105,Dessert,Menu Item,180.0,1.0,180.0,4.55,Bill Discount,Synthetic promotion,175.45,8.77,0,0,0,0,184.22,,,,,
Delhi,ABNAH Cafe Saket Premium,,BILL-OUT003-260105-0049,49,Delivery/Takeaway,,2026-01-05 11:27:00,2026-01-05 12:15:00,Desserts,Death by Chocolate Cookie,MENU0106,Dessert,Menu Item,190.0,1.0,190.0,9.58,Bill Discount,Synthetic promotion,180.42,9.02,0,0,0,0,189.44,,,,,
Delhi,ABNAH Cafe Saket Premium,,BILL-OUT003-260105-0050,50,Delivery/Takeaway,,2026-01-05 08:39:00,2026-01-05 09:12:00,Desserts,Jaggery Parmesan Cookie,MENU0107,Dessert,Menu Item,170.0,1.0,170.0,9.1,Bill Discount,Synthetic promotion,160.9,8.04,0,0,0,0,168.94,,,,,
Delhi,ABNAH Cafe Saket Premium,,BILL-OUT003-260105-0051,51,Delivery/Takeaway,,2026-01-05 16:15:00,2026-01-05 16:57:00,Desserts,Basque Cheesecake,MENU0109,Dessert,Menu Item,310.0,1.0,310.0,0.47,Bill Discount,Synthetic promotion,309.53,15.48,0,0,0,0,325.01,,,,,
Delhi,ABNAH Cafe Saket Premium,,BILL-OUT003-260106-0001,1,Delivery/Takeaway,,2026-01-06 14:22:00,2026-01-06 15:09:00,Espresso,Espresso Shot - Doppio,MENU0002,Beverage,Menu Item,185.0,1.0,185.0,0.3,Bill Discount,Synthetic promotion,184.7,9.23,0,0,0,0,193.93,,,,,
Delhi,ABNAH Cafe Saket Premium,,BILL-OUT003-260106-0002,2,Dine In,T23,2026-01-06 11:09:00,2026-01-06 11:29:00,Coffee Classics,Americano - Medium,MENU0004,Beverage,Menu Item,210.0,1.0,210.0,1.0,Bill Discount,Synthetic promotion,209.0,10.45,0,0,0,0,219.45,,,,,
Delhi,ABNAH Cafe Saket Premium,,BILL-OUT003-260106-0003,3,Dine In,T19,2026-01-06 14:18:00,2026-01-06 14:53:00,Coffee Classics,Latte - Regular,MENU0006,Beverage,Menu Item,225.0,3.0,675.0,1.05,Bill Discount,Synthetic promotion,673.95,33.7,0,0,0,0,707.65,,,,,
Delhi,ABNAH Cafe Saket Premium,,BILL-OUT003-260106-0004,4,Dine In,T09,2026-01-06 11:35:00,2026-01-06 11:47:00,Coffee Classics,Latte - Medium,MENU0007,Beverage,Menu Item,250.0,1.0,250.0,9.77,Bill Discount,Synthetic promotion,240.23,12.01,0,0,0,0,252.24,,,,,
Delhi,ABNAH Cafe Saket Premium,,BILL-OUT003-260106-0005,5,Delivery/Takeaway,,2026-01-06 19:39:00,2026-01-06 20:06:00,Coffee Classics,Latte - Large,MENU0008,Beverage,Menu Item,275.0,1.0,275.0,10.45,Bill Discount,Synthetic promotion,264.55,13.23,0,0,0,0,277.78,,,,,
Delhi,ABNAH Cafe Saket Premium,,BILL-OUT003-260106-0006,6,Delivery/Takeaway,,2026-01-06 09:42:00,2026-01-06 10:17:00,Coffee Classics,Cappuccino - Regular,MENU0009,Beverage,Menu Item,225.0,1.0,225.0,11.74,Bill Discount,Synthetic promotion,213.26,10.66,0,0,0,0,223.92,,,,,
Delhi,ABNAH Cafe Saket Premium,,BILL-OUT003-260106-0007,7,Delivery/Takeaway,,2026-01-06 13:30:00,2026-01-06 14:18:00,Coffee Classics,Cappuccino - Medium,MENU0010,Beverage,Menu Item,250.0,3.0,750.0,29.2,Bill Discount,Synthetic promotion,720.8,36.04,0,0,0,0,756.84,,,,,
Delhi,ABNAH Cafe Saket Premium,,BILL-OUT003-260106-0008,8,Dine In,T21,2026-01-06 11:22:00,2026-01-06 11:59:00,Coffee Classics,Flat White - Regular,MENU0012,Beverage,Menu Item,237.64,3.0,712.92,0.01,Bill Discount,Synthetic promotion,712.91,35.65,0,0,0,0,748.56,,,,,
Delhi,ABNAH Cafe Saket Premium,,BILL-OUT003-260106-0009,9,Delivery/Takeaway,,2026-01-06 12:36:00,2026-01-06 12:55:00,Coffee Classics,Flat White - Medium,MENU0013,Beverage,Menu Item,260.0,1.0,260.0,5.28,Bill Discount,Synthetic promotion,254.72,12.74,0,0,0,0,267.46,,,,,
Delhi,ABNAH Cafe Saket Premium,,BILL-OUT003-260106-0010,10,Delivery/Takeaway,,2026-01-06 11:10:00,2026-01-06 11:40:00,Coffee Classics,Mocha - Regular,MENU0015,Beverage,Menu Item,245.0,1.0,245.0,10.44,Bill Discount,Synthetic promotion,234.56,11.73,0,0,0,0,246.29,,,,,
Delhi,ABNAH Cafe Saket Premium,,BILL-OUT003-260106-0011,11,Delivery/Takeaway,,2026-01-06 14:15:00,2026-01-06 14:39:00,Signature Coffee,Sea Salt Mocha - Medium,MENU0019,Beverage,Menu Item,309.09,1.0,309.09,0.0,,,309.09,15.45,0,0,0,0,324.54,,,,,
Delhi,ABNAH Cafe Saket Premium,,BILL-OUT003-260106-0012,12,Dine In,T11,2026-01-06 14:40:00,2026-01-06 14:59:00,Signature Coffee,Orange Zest Mocha - Regular,MENU0021,Beverage,Menu Item,270.0,2.0,540.0,5.18,Bill Discount,Synthetic promotion,534.82,26.74,0,0,0,0,561.56,,,,,
Delhi,ABNAH Cafe Saket Premium,,BILL-OUT003-260106-0013,13,Delivery/Takeaway,,2026-01-06 13:48:00,2026-01-06 14:10:00,Signature Coffee,Orange Zest Mocha - Medium,MENU0022,Beverage,Menu Item,300.0,2.0,600.0,31.2,Bill Discount,Synthetic promotion,568.8,28.44,0,0,0,0,597.24,,,,,
Delhi,ABNAH Cafe Saket Premium,,BILL-OUT003-260106-0014,14,Dine In,T21,2026-01-06 08:21:00,2026-01-06 09:05:00,Signature Coffee,Orange Zest Mocha - Large,MENU0023,Beverage,Menu Item,330.0,1.0,330.0,0.34,Bill Discount,Synthetic promotion,329.66,16.48,0,0,0,0,346.14,,,,,
Delhi,ABNAH Cafe Saket Premium,,BILL-OUT003-260106-0015,15,Dine In,T16,2026-01-06 08:52:00,2026-01-06 09:24:00,Signature Coffee,Caramel Macchiato - Regular,MENU0024,Beverage,Menu Item,265.0,1.0,265.0,5.85,Bill Discount,Synthetic promotion,259.15,12.96,0,0,0,0,272.11,,,,,
Delhi,ABNAH Cafe Saket Premium,,BILL-OUT003-260106-0016,16,Delivery/Takeaway,,2026-01-06 15:14:00,2026-01-06 15:38:00,Signature Coffee,Caramel Macchiato - Medium,MENU0025,Beverage,Menu Item,299.75,2.0,599.5,0.0,,,599.5,29.98,0,0,0,0,629.48,,,,,
Delhi,ABNAH Cafe Saket Premium,,BILL-OUT003-260106-0017,17,Delivery/Takeaway,,2026-01-06 19:23:00,2026-01-06 19:38:00,Signature Coffee,French Vanilla Latte - Regular,MENU0027,Beverage,Menu Item,265.0,1.0,265.0,9.04,Bill Discount,Synthetic promotion,255.96,12.8,0,0,0,0,268.76,,,,,
Delhi,ABNAH Cafe Saket Premium,,BILL-OUT003-260106-0018,18,Delivery/Takeaway,,2026-01-06 08:30:00,2026-01-06 08:53:00,Signature Coffee,French Vanilla Latte - Medium,MENU0028,Beverage,Menu Item,295.0,1.0,295.0,16.19,Bill Discount,Synthetic promotion,278.81,13.94,0,0,0,0,292.75,,,,,
Delhi,ABNAH Cafe Saket Premium,,BILL-OUT003-260106-0019,19,Delivery/Takeaway,,2026-01-06 12:01:00,2026-01-06 12:47:00,Signature Coffee,Vegan Iced Latte - Medium,MENU0031,Beverage,Menu Item,310.0,1.0,310.0,1.26,Bill Discount,Synthetic promotion,308.74,15.44,0,0,0,0,324.18,,,,,
Delhi,ABNAH Cafe Saket Premium,,BILL-OUT003-260106-0020,20,Dine In,T01,2026-01-06 15:27:00,2026-01-06 15:40:00,Signature Coffee,Vegan Iced Latte - Large,MENU0032,Beverage,Menu Item,335.0,1.0,335.0,13.83,Bill Discount,Synthetic promotion,321.17,16.06,0,0,0,0,337.23,,,,,
Delhi,ABNAH Cafe Saket Premium,,BILL-OUT003-260106-0021,21,Dine In,T14,2026-01-06 15:35:00,2026-01-06 15:49:00,Cold Brew,Classic Cold Brew - Regular,MENU0033,Beverage,Menu Item,225.0,1.0,225.0,10.36,Bill Discount,Synthetic promotion,214.64,10.73,0,0,0,0,225.37,,,,,
Delhi,ABNAH Cafe Saket Premium,,BILL-OUT003-260106-0022,22,Dine In,T19,2026-01-06 16:02:00,2026-01-06 16:31:00,Cold Brew,Classic Cold Brew - Medium,MENU0034,Beverage,Menu Item,250.0,1.0,250.0,5.45,Bill Discount,Synthetic promotion,244.55,12.23,0,0,0,0,256.78,,,,,
Delhi,ABNAH Cafe Saket Premium,,BILL-OUT003-260106-0023,23,Delivery/Takeaway,,2026-01-06 11:15:00,2026-01-06 11:28:00,Cold Brew,Classic Cold Brew - Large,MENU0035,Beverage,Menu Item,277.21,1.0,277.21,0.0,,,277.21,13.86,0,0,0,0,291.07,,,,,
Delhi,ABNAH Cafe Saket Premium,,BILL-OUT003-260106-0024,24,Delivery/Takeaway,,2026-01-06 10:55:00,2026-01-06 11:37:00,Cold Brew,Coffee Lemonade - Regular,MENU0036,Beverage,Menu Item,235.81,1.0,235.81,0.0,,,235.81,11.79,0,0,0,0,247.6,,,,,
Delhi,ABNAH Cafe Saket Premium,,BILL-OUT003-260106-0025,25,Delivery/Takeaway,,2026-01-06 13:03:00,2026-01-06 13:12:00,Cold Brew,Coffee Lemonade - Medium,MENU0037,Beverage,Menu Item,260.0,2.0,520.0,29.3,Bill Discount,Synthetic promotion,490.7,24.54,0,0,0,0,515.24,,,,,
Delhi,ABNAH Cafe Saket Premium,,BILL-OUT003-260106-0026,26,Dine In,T15,2026-01-06 18:16:00,2026-01-06 18:32:00,Cold Brew,Vietnamese Shakerato - Regular,MENU0039,Beverage,Menu Item,258.93,1.0,258.93,0.0,,,258.93,12.95,0,0,0,0,271.88,,,,,
Delhi,ABNAH Cafe Saket Premium,,BILL-OUT003-260106-0027,27,Delivery/Takeaway,,2026-01-06 15:37:00,2026-01-06 16:04:00,Cold Coffee,Classic Cold Coffee - Regular,MENU0042,Beverage,Menu Item,255.0,1.0,255.0,4.12,Bill Discount,Synthetic promotion,250.88,12.54,0,0,0,0,263.42,,,,,
Delhi,ABNAH Cafe Saket Premium,,BILL-OUT003-260106-0028,28,Delivery/Takeaway,,2026-01-06 12:43:00,2026-01-06 13:02:00,Cold Coffee,Classic Cold Coffee - Medium,MENU0043,Beverage,Menu Item,290.0,1.0,290.0,16.9,Bill Discount,Synthetic promotion,273.1,13.65,0,0,0,0,286.75,,,,,
Delhi,ABNAH Cafe Saket Premium,,BILL-OUT003-260106-0029,29,Delivery/Takeaway,,2026-01-06 08:17:00,2026-01-06 08:45:00,Cold Coffee,Classic Cold Coffee - Large,MENU0044,Beverage,Menu Item,331.1,1.0,331.1,0.0,,,331.1,16.55,0,0,0,0,347.65,,,,,
Delhi,ABNAH Cafe Saket Premium,,BILL-OUT003-260106-0030,30,Delivery/Takeaway,,2026-01-06 13:44:00,2026-01-06 14:19:00,Cold Coffee,Mocha Cold Coffee - Large,MENU0047,Beverage,Menu Item,355.0,1.0,355.0,16.33,Bill Discount,Synthetic promotion,338.67,16.93,0,0,0,0,355.6,,,,,
Delhi,ABNAH Cafe Saket Premium,,BILL-OUT003-260106-0031,31,Delivery/Takeaway,,2026-01-06 13:13:00,2026-01-06 13:34:00,Cold Coffee,Caramel Cold Coffee - Large,MENU0050,Beverage,Menu Item,356.44,1.0,356.44,0.0,,,356.44,17.82,0,0,0,0,374.26,,,,,
Delhi,ABNAH Cafe Saket Premium,,BILL-OUT003-260106-0032,32,Delivery/Takeaway,,2026-01-06 19:15:00,2026-01-06 19:40:00,Tea,Masala Chai Latte - Medium,MENU0052,Beverage,Menu Item,220.0,1.0,220.0,6.02,Bill Discount,Synthetic promotion,213.98,10.7,0,0,0,0,224.68,,,,,
Delhi,ABNAH Cafe Saket Premium,,BILL-OUT003-260106-0033,33,Dine In,T15,2026-01-06 14:17:00,2026-01-06 14:56:00,Tea,Japanese Matcha Latte - Regular,MENU0055,Beverage,Menu Item,265.0,1.0,265.0,1.85,Bill Discount,Synthetic promotion,263.15,13.16,0,0,0,0,276.31,,,,,
Delhi,ABNAH Cafe Saket Premium,,BILL-OUT003-260106-0034,34,Dine In,T20,2026-01-06 11:07:00,2026-01-06 11:31:00,Iced Tea,Lemon Iced Tea - Regular,MENU0058,Beverage,Menu Item,207.37,3.0,622.11,0.01,Bill Discount,Synthetic promotion,622.1,31.11,0,0,0,0,653.21,,,,,
Delhi,ABNAH Cafe Saket Premium,,BILL-OUT003-260106-0035,35,Dine In,T17,2026-01-06 18:58:00,2026-01-06 19:19:00,Iced Tea,Hibiscus Lime Iced Tea - Medium,MENU0062,Beverage,Menu Item,250.27,1.0,250.27,0.0,,,250.27,12.51,0,0,0,0,262.78,,,,,
Delhi,ABNAH Cafe Saket Premium,,BILL-OUT003-260106-0036,36,Dine In,T17,2026-01-06 19:35:00,2026-01-06 20:20:00,Iced Tea,Hibiscus Lime Iced Tea - Large,MENU0063,Beverage,Menu Item,275.0,1.0,275.0,13.3,Bill Discount,Synthetic promotion,261.7,13.09,0,0,0,0,274.79,,,,,
Delhi,ABNAH Cafe Saket Premium,,BILL-OUT003-260106-0037,37,Delivery/Takeaway,,2026-01-06 16:35:00,2026-01-06 17:24:00,Kids Beverage,Hot Chocolate - Medium,MENU0065,Beverage,Menu Item,246.92,1.0,246.92,0.0,,,246.92,12.35,0,0,0,0,259.27,,,,,
Delhi,ABNAH Cafe Saket Premium,,BILL-OUT003-260106-0038,38,Delivery/Takeaway,,2026-01-06 08:52:00,2026-01-06 09:03:00,Kids Beverage,Babyccino - Regular,MENU0067,Beverage,Menu Item,165.0,1.0,165.0,2.89,Bill Discount,Synthetic promotion,162.11,8.11,0,0,0,0,170.22,,,,,
Delhi,ABNAH Cafe Saket Premium,,BILL-OUT003-260106-0039,39,Delivery/Takeaway,,2026-01-06 10:19:00,2026-01-06 10:56:00,Shake,Mixed Berry Shake - Regular,MENU0071,Beverage,Menu Item,315.0,1.0,315.0,9.3,Bill Discount,Synthetic promotion,305.7,15.29,0,0,0,0,320.99,,,,,
Delhi,ABNAH Cafe Saket Premium,,BILL-OUT003-260106-0040,40,Delivery/Takeaway,,2026-01-06 15:38:00,2026-01-06 15:48:00,Smoothie,Seasonal Smoothie - Large,MENU0076,Beverage,Menu Item,375.0,1.0,375.0,17.29,Bill Discount,Synthetic promotion,357.71,17.89,0,0,0,0,375.6,,,,,
Delhi,ABNAH Cafe Saket Premium,,BILL-OUT003-260106-0041,41,Delivery/Takeaway,,2026-01-06 10:11:00,2026-01-06 10:53:00,Sandwiches,Pesto Veg Sandwich,MENU0080,Food,Menu Item,280.0,2.0,560.0,29.61,Bill Discount,Synthetic promotion,530.39,26.52,0,0,0,0,556.91,,,,,
Delhi,ABNAH Cafe Saket Premium,,BILL-OUT003-260106-0042,42,Delivery/Takeaway,,2026-01-06 19:07:00,2026-01-06 19:40:00,Sandwiches,Pepper Chicken Sandwich,MENU0081,Food,Menu Item,317.89,1.0,317.89,0.0,,,317.89,15.89,0,0,0,0,333.78,,,,,
Delhi,ABNAH Cafe Saket Premium,,BILL-OUT003-260106-0043,43,Delivery/Takeaway,,2026-01-06 10:39:00,2026-01-06 10:55:00,Toasts,Chilli Cheese Garlic Toast,MENU0083,Food,Menu Item,235.0,1.0,235.0,4.65,Bill Discount,Synthetic promotion,230.35,11.52,0,0,0,0,241.87,,,,,
Delhi,ABNAH Cafe Saket Premium,,BILL-OUT003-260106-0044,44,Delivery/Takeaway,,2026-01-06 19:56:00,2026-01-06 20:04:00,Toasts,Chicken Pepperoni Avocado Toast,MENU0084,Food,Menu Item,330.0,1.0,330.0,12.67,Bill Discount,Synthetic promotion,317.33,15.87,0,0,0,0,333.2,,,,,
Delhi,ABNAH Cafe Saket Premium,,BILL-OUT003-260106-0045,45,Delivery/Takeaway,,2026-01-06 08:37:00,2026-01-06 09:13:00,Snacks,Pesto Sundried Tomato Pin Wheel,MENU0091,Food,Menu Item,225.0,1.0,225.0,5.51,Bill Discount,Synthetic promotion,219.49,10.97,0,0,0,0,230.46,,,,,
Delhi,ABNAH Cafe Saket Premium,,BILL-OUT003-260106-0046,46,Delivery/Takeaway,,2026-01-06 09:30:00,2026-01-06 10:01:00,Snacks,Turnover with Brioche Dough Veg,MENU0093,Food,Menu Item,235.0,1.0,235.0,6.64,Bill Discount,Synthetic promotion,228.36,11.42,0,0,0,0,239.78,,,,,
Delhi,ABNAH Cafe Saket Premium,,BILL-OUT003-260106-0047,47,Delivery/Takeaway,,2026-01-06 17:39:00,2026-01-06 18:06:00,Baked Goods,Butter Croissant,MENU0094,Food,Menu Item,195.0,1.0,195.0,9.25,Bill Discount,Synthetic promotion,185.75,9.29,0,0,0,0,195.04,,,,,
Delhi,ABNAH Cafe Saket Premium,,BILL-OUT003-260106-0048,48,Delivery/Takeaway,,2026-01-06 14:00:00,2026-01-06 14:35:00,Baked Goods,Almond Croissant,MENU0095,Food,Menu Item,247.91,1.0,247.91,0.0,,,247.91,12.4,0,0,0,0,260.31,,,,,
Delhi,ABNAH Cafe Saket Premium,,BILL-OUT003-260106-0049,49,Delivery/Takeaway,,2026-01-06 15:06:00,2026-01-06 15:36:00,Baked Goods,Chocolate Croissant,MENU0096,Food,Menu Item,235.0,1.0,235.0,8.26,Bill Discount,Synthetic promotion,226.74,11.34,0,0,0,0,238.08,,,,,
Delhi,ABNAH Cafe Saket Premium,,BILL-OUT003-260106-0050,50,Dine In,T18,2026-01-06 19:21:00,2026-01-06 20:05:00,Baked Goods,Sriracha Chicken Croissant,MENU0098,Food,Menu Item,275.0,1.0,275.0,4.74,Bill Discount,Synthetic promotion,270.26,13.51,0,0,0,0,283.77,,,,,
Delhi,ABNAH Cafe Saket Premium,,BILL-OUT003-260106-0051,51,Delivery/Takeaway,,2026-01-06 13:05:00,2026-01-06 13:33:00,Baked Goods,Cinnamon Roll with Cream Cheese,MENU0099,Dessert,Menu Item,220.0,2.0,440.0,26.1,Bill Discount,Synthetic promotion,413.9,20.7,0,0,0,0,434.6,,,,,
Delhi,ABNAH Cafe Saket Premium,,BILL-OUT003-260106-0052,52,Delivery/Takeaway,,2026-01-06 09:35:00,2026-01-06 10:24:00,Baked Goods,Banana Walnut Tea Cake,MENU0100,Dessert,Menu Item,205.0,3.0,615.0,3.03,Bill Discount,Synthetic promotion,611.97,30.6,0,0,0,0,642.57,,,,,
Delhi,ABNAH Cafe Saket Premium,,BILL-OUT003-260106-0053,53,Delivery/Takeaway,,2026-01-06 16:52:00,2026-01-06 17:12:00,Baked Goods,Lemon Raspberry Tea Cake,MENU0101,Dessert,Menu Item,215.0,1.0,215.0,5.76,Bill Discount,Synthetic promotion,209.24,10.46,0,0,0,0,219.7,,,,,
Delhi,ABNAH Cafe Saket Premium,,BILL-OUT003-260106-0054,54,Delivery/Takeaway,,2026-01-06 19:38:00,2026-01-06 20:15:00,Desserts,Double Chocolate Truffle Cake,MENU0102,Dessert,Menu Item,295.0,1.0,295.0,1.7,Bill Discount,Synthetic promotion,293.3,14.66,0,0,0,0,307.96,,,,,
Delhi,ABNAH Cafe Saket Premium,,BILL-OUT003-260106-0055,55,Delivery/Takeaway,,2026-01-06 16:36:00,2026-01-06 17:02:00,Desserts,Banoffee Pie,MENU0103,Dessert,Menu Item,288.5,2.0,577.0,0.01,Bill Discount,Synthetic promotion,576.99,28.85,0,0,0,0,605.84,,,,,
Delhi,ABNAH Cafe Saket Premium,,BILL-OUT003-260106-0056,56,Delivery/Takeaway,,2026-01-06 16:55:00,2026-01-06 17:35:00,Desserts,Classic Chocolate Fudge Brownie,MENU0104,Dessert,Menu Item,195.0,1.0,195.0,11.14,Bill Discount,Synthetic promotion,183.86,9.19,0,0,0,0,193.05,,,,,
Delhi,ABNAH Cafe Saket Premium,,BILL-OUT003-260106-0057,57,Delivery/Takeaway,,2026-01-06 16:38:00,2026-01-06 17:10:00,Desserts,Soft-Centred Caramel Cookie,MENU0105,Dessert,Menu Item,180.0,2.0,360.0,21.26,Bill Discount,Synthetic promotion,338.74,16.94,0,0,0,0,355.68,,,,,
Delhi,ABNAH Cafe Saket Premium,,BILL-OUT003-260106-0058,58,Dine In,T07,2026-01-06 16:55:00,2026-01-06 17:44:00,Baked Goods,Multigrain Walnut Tea Cake,MENU0110,Dessert,Menu Item,225.0,1.0,225.0,7.92,Bill Discount,Synthetic promotion,217.08,10.85,0,0,0,0,227.93,,,,,
Delhi,ABNAH Cafe Saket Premium,,BILL-OUT003-260107-0001,1,Delivery/Takeaway,,2026-01-07 15:04:00,2026-01-07 15:18:00,Coffee Classics,Americano - Medium,MENU0004,Beverage,Menu Item,210.0,1.0,210.0,2.64,Bill Discount,Synthetic promotion,207.36,10.37,0,0,0,0,217.73,,,,,
Delhi,ABNAH Cafe Saket Premium,,BILL-OUT003-260107-0002,2,Delivery/Takeaway,,2026-01-07 14:10:00,2026-01-07 14:23:00,Coffee Classics,Americano - Large,MENU0005,Beverage,Menu Item,235.0,2.0,470.0,18.96,Bill Discount,Synthetic promotion,451.04,22.55,0,0,0,0,473.59,,,,,
Delhi,ABNAH Cafe Saket Premium,,BILL-OUT003-260107-0003,3,Delivery/Takeaway,,2026-01-07 16:28:00,2026-01-07 17:09:00,Coffee Classics,Latte - Regular,MENU0006,Beverage,Menu Item,225.0,2.0,450.0,14.09,Bill Discount,Synthetic promotion,435.91,21.8,0,0,0,0,457.71,,,,,
Delhi,ABNAH Cafe Saket Premium,,BILL-OUT003-260107-0004,4,Delivery/Takeaway,,2026-01-07 17:30:00,2026-01-07 17:38:00,Coffee Classics,Latte - Large,MENU0008,Beverage,Menu Item,275.0,2.0,550.0,19.53,Bill Discount,Synthetic promotion,530.47,26.52,0,0,0,0,556.99,,,,,
Delhi,ABNAH Cafe Saket Premium,,BILL-OUT003-260107-0005,5,Delivery/Takeaway,,2026-01-07 18:22:00,2026-01-07 18:34:00,Coffee Classics,Cappuccino - Medium,MENU0010,Beverage,Menu Item,251.26,1.0,251.26,0.0,,,251.26,12.56,0,0,0,0,263.82,,,,,
Delhi,ABNAH Cafe Saket Premium,,BILL-OUT003-260107-0006,6,Delivery/Takeaway,,2026-01-07 09:31:00,2026-01-07 10:02:00,Coffee Classics,Flat White - Regular,MENU0012,Beverage,Menu Item,235.0,2.0,470.0,9.36,Bill Discount,Synthetic promotion,460.64,23.03,0,0,0,0,483.67,,,,,
Delhi,ABNAH Cafe Saket Premium,,BILL-OUT003-260107-0007,7,Dine In,T05,2026-01-07 14:01:00,2026-01-07 14:46:00,Coffee Classics,Flat White - Medium,MENU0013,Beverage,Menu Item,261.96,2.0,523.92,0.0,,,523.93,26.2,0,0,0,0,550.13,,,,,
Delhi,ABNAH Cafe Saket Premium,,BILL-OUT003-260107-0008,8,Delivery/Takeaway,,2026-01-07 08:31:00,2026-01-07 08:59:00,Coffee Classics,Flat White - Large,MENU0014,Beverage,Menu Item,285.0,2.0,570.0,6.1,Bill Discount,Synthetic promotion,563.9,28.2,0,0,0,0,592.1,,,,,
Delhi,ABNAH Cafe Saket Premium,,BILL-OUT003-260107-0009,9,Dine In,T22,2026-01-07 14:54:00,2026-01-07 15:06:00,Coffee Classics,Mocha - Medium,MENU0016,Beverage,Menu Item,270.0,3.0,810.0,3.58,Bill Discount,Synthetic promotion,806.42,40.32,0,0,0,0,846.74,,,,,
Delhi,ABNAH Cafe Saket Premium,,BILL-OUT003-260107-0010,10,Dine In,T24,2026-01-07 15:56:00,2026-01-07 16:23:00,Coffee Classics,Mocha - Large,MENU0017,Beverage,Menu Item,297.91,3.0,893.73,0.0,,,893.74,44.69,0,0,0,0,938.43,,,,,
Delhi,ABNAH Cafe Saket Premium,,BILL-OUT003-260107-0011,11,Delivery/Takeaway,,2026-01-07 09:52:00,2026-01-07 10:21:00,Signature Coffee,Sea Salt Mocha - Regular,MENU0018,Beverage,Menu Item,275.0,1.0,275.0,6.43,Bill Discount,Synthetic promotion,268.57,13.43,0,0,0,0,282.0,,,,,
Delhi,ABNAH Cafe Saket Premium,,BILL-OUT003-260107-0012,12,Delivery/Takeaway,,2026-01-07 19:23:00,2026-01-07 19:47:00,Signature Coffee,Sea Salt Mocha - Medium,MENU0019,Beverage,Menu Item,305.0,1.0,305.0,5.34,Bill Discount,Synthetic promotion,299.66,14.98,0,0,0,0,314.64,,,,,
Delhi,ABNAH Cafe Saket Premium,,BILL-OUT003-260107-0013,13,Delivery/Takeaway,,2026-01-07 15:49:00,2026-01-07 16:31:00,Signature Coffee,Orange Zest Mocha - Regular,MENU0021,Beverage,Menu Item,270.0,2.0,540.0,23.74,Bill Discount,Synthetic promotion,516.26,25.81,0,0,0,0,542.07,,,,,
Delhi,ABNAH Cafe Saket Premium,,BILL-OUT003-260107-0014,14,Dine In,T05,2026-01-07 19:42:00,2026-01-07 20:22:00,Signature Coffee,Orange Zest Mocha - Medium,MENU0022,Beverage,Menu Item,300.0,1.0,300.0,16.12,Bill Discount,Synthetic promotion,283.88,14.19,0,0,0,0,298.07,,,,,
Delhi,ABNAH Cafe Saket Premium,,BILL-OUT003-260107-0015,15,Delivery/Takeaway,,2026-01-07 08:11:00,2026-01-07 08:30:00,Signature Coffee,Orange Zest Mocha - Large,MENU0023,Beverage,Menu Item,330.0,1.0,330.0,19.12,Bill Discount,Synthetic promotion,310.88,15.54,0,0,0,0,326.42,,,,,
Delhi,ABNAH Cafe Saket Premium,,BILL-OUT003-260107-0016,16,Delivery/Takeaway,,2026-01-07 15:18:00,2026-01-07 15:57:00,Signature Coffee,Caramel Macchiato - Regular,MENU0024,Beverage,Menu Item,265.0,1.0,265.0,15.58,Bill Discount,Synthetic promotion,249.42,12.47,0,0,0,0,261.89,,,,,
Delhi,ABNAH Cafe Saket Premium,,BILL-OUT003-260107-0017,17,Delivery/Takeaway,,2026-01-07 13:33:00,2026-01-07 14:07:00,Signature Coffee,Caramel Macchiato - Large,MENU0026,Beverage,Menu Item,325.0,1.0,325.0,19.13,Bill Discount,Synthetic promotion,305.87,15.29,0,0,0,0,321.16,,,,,
Delhi,ABNAH Cafe Saket Premium,,BILL-OUT003-260107-0018,18,Dine In,T07,2026-01-07 16:40:00,2026-01-07 17:14:00,Signature Coffee,French Vanilla Latte - Regular,MENU0027,Beverage,Menu Item,265.0,1.0,265.0,3.05,Bill Discount,Synthetic promotion,261.95,13.1,0,0,0,0,275.05,,,,,
Delhi,ABNAH Cafe Saket Premium,,BILL-OUT003-260107-0019,19,Dine In,T19,2026-01-07 10:13:00,2026-01-07 11:00:00,Signature Coffee,French Vanilla Latte - Medium,MENU0028,Beverage,Menu Item,295.0,1.0,295.0,16.12,Bill Discount,Synthetic promotion,278.88,13.94,0,0,0,0,292.82,,,,,
Delhi,ABNAH Cafe Saket Premium,,BILL-OUT003-260107-0020,20,Delivery/Takeaway,,2026-01-07 17:39:00,2026-01-07 18:25:00,Signature Coffee,Vegan Iced Latte - Large,MENU0032,Beverage,Menu Item,335.0,1.0,335.0,2.51,Bill Discount,Synthetic promotion,332.49,16.62,0,0,0,0,349.11,,,,,
Delhi,ABNAH Cafe Saket Premium,,BILL-OUT003-260107-0021,21,Delivery/Takeaway,,2026-01-07 12:12:00,2026-01-07 12:59:00,Cold Brew,Classic Cold Brew - Large,MENU0035,Beverage,Menu Item,275.0,1.0,275.0,10.29,Bill Discount,Synthetic promotion,264.71,13.24,0,0,0,0,277.95,,,,,
Delhi,ABNAH Cafe Saket Premium,,BILL-OUT003-260107-0022,22,Dine In,T01,2026-01-07 14:21:00,2026-01-07 14:59:00,Cold Brew,Coffee Lemonade - Large,MENU0038,Beverage,Menu Item,285.0,1.0,285.0,14.64,Bill Discount,Synthetic promotion,270.36,13.52,0,0,0,0,283.88,,,,,
Delhi,ABNAH Cafe Saket Premium,,BILL-OUT003-260107-0023,23,Dine In,T09,2026-01-07 13:11:00,2026-01-07 13:53:00,Cold Brew,Vietnamese Shakerato - Medium,MENU0040,Beverage,Menu Item,283.54,1.0,283.54,0.0,,,283.54,14.18,0,0,0,0,297.72,,,,,
Delhi,ABNAH Cafe Saket Premium,,BILL-OUT003-260107-0024,24,Delivery/Takeaway,,2026-01-07 14:04:00,2026-01-07 14:53:00,Cold Coffee,Classic Cold Coffee - Regular,MENU0042,Beverage,Menu Item,259.51,3.0,778.53,0.01,Bill Discount,Synthetic promotion,778.52,38.93,0,0,0,0,817.45,,,,,
Delhi,ABNAH Cafe Saket Premium,,BILL-OUT003-260107-0025,25,Delivery/Takeaway,,2026-01-07 17:03:00,2026-01-07 17:27:00,Cold Coffee,Classic Cold Coffee - Medium,MENU0043,Beverage,Menu Item,290.0,1.0,290.0,12.28,Bill Discount,Synthetic promotion,277.72,13.89,0,0,0,0,291.61,,,,,
Delhi,ABNAH Cafe Saket Premium,,BILL-OUT003-260107-0026,26,Delivery/Takeaway,,2026-01-07 08:05:00,2026-01-07 08:42:00,Cold Coffee,Classic Cold Coffee - Large,MENU0044,Beverage,Menu Item,325.0,1.0,325.0,1.93,Bill Discount,Synthetic promotion,323.07,16.15,0,0,0,0,339.22,,,,,
Delhi,ABNAH Cafe Saket Premium,,BILL-OUT003-260107-0027,27,Delivery/Takeaway,,2026-01-07 08:44:00,2026-01-07 09:16:00,Cold Coffee,Mocha Cold Coffee - Regular,MENU0045,Beverage,Menu Item,285.0,1.0,285.0,15.56,Bill Discount,Synthetic promotion,269.44,13.47,0,0,0,0,282.91,,,,,
Delhi,ABNAH Cafe Saket Premium,,BILL-OUT003-260107-0028,28,Delivery/Takeaway,,2026-01-07 16:14:00,2026-01-07 16:53:00,Cold Coffee,Mocha Cold Coffee - Medium,MENU0046,Beverage,Menu Item,320.0,1.0,320.0,8.27,Bill Discount,Synthetic promotion,311.73,15.59,0,0,0,0,327.32,,,,,
Delhi,ABNAH Cafe Saket Premium,,BILL-OUT003-260107-0029,29,Delivery/Takeaway,,2026-01-07 11:34:00,2026-01-07 12:16:00,Cold Coffee,Caramel Cold Coffee - Medium,MENU0049,Beverage,Menu Item,320.0,1.0,320.0,18.99,Bill Discount,Synthetic promotion,301.01,15.05,0,0,0,0,316.06,,,,,
Delhi,ABNAH Cafe Saket Premium,,BILL-OUT003-260107-0030,30,Delivery/Takeaway,,2026-01-07 17:09:00,2026-01-07 17:49:00,Tea,Masala Chai Latte - Medium,MENU0052,Beverage,Menu Item,220.0,1.0,220.0,10.57,Bill Discount,Synthetic promotion,209.43,10.47,0,0,0,0,219.9,,,,,
Delhi,ABNAH Cafe Saket Premium,,BILL-OUT003-260107-0031,31,Delivery/Takeaway,,2026-01-07 09:21:00,2026-01-07 10:06:00,Tea,Masala Chai Latte - Large,MENU0053,Beverage,Menu Item,245.0,1.0,245.0,2.03,Bill Discount,Synthetic promotion,242.97,12.15,0,0,0,0,255.12,,,,,
Delhi,ABNAH Cafe Saket Premium,,BILL-OUT003-260107-0032,32,Delivery/Takeaway,,2026-01-07 16:29:00,2026-01-07 17:18:00,Tea,Japanese Matcha Latte - Medium,MENU0056,Beverage,Menu Item,295.0,1.0,295.0,3.76,Bill Discount,Synthetic promotion,291.24,14.56,0,0,0,0,305.8,,,,,
Delhi,ABNAH Cafe Saket Premium,,BILL-OUT003-260107-0033,33,Delivery/Takeaway,,2026-01-07 15:29:00,2026-01-07 15:53:00,Tea,Japanese Matcha Latte - Large,MENU0057,Beverage,Menu Item,325.0,1.0,325.0,12.33,Bill Discount,Synthetic promotion,312.67,15.63,0,0,0,0,328.3,,,,,
Delhi,ABNAH Cafe Saket Premium,,BILL-OUT003-260107-0034,34,Delivery/Takeaway,,2026-01-07 12:27:00,2026-01-07 12:38:00,Iced Tea,Lemon Iced Tea - Regular,MENU0058,Beverage,Menu Item,205.0,3.0,615.0,0.0,,,615.01,30.75,0,0,0,0,645.76,,,,,
Delhi,ABNAH Cafe Saket Premium,,BILL-OUT003-260107-0035,35,Delivery/Takeaway,,2026-01-07 14:28:00,2026-01-07 14:57:00,Iced Tea,Lemon Iced Tea - Medium,MENU0059,Beverage,Menu Item,230.0,2.0,460.0,8.89,Bill Discount,Synthetic promotion,451.11,22.56,0,0,0,0,473.67,,,,,
Delhi,ABNAH Cafe Saket Premium,,BILL-OUT003-260107-0036,36,Delivery/Takeaway,,2026-01-07 16:34:00,2026-01-07 17:19:00,Iced Tea,Hibiscus Lime Iced Tea - Large,MENU0063,Beverage,Menu Item,276.48,1.0,276.48,0.0,,,276.48,13.82,0,0,0,0,290.3,,,,,
Delhi,ABNAH Cafe Saket Premium,,BILL-OUT003-260107-0037,37,Dine In,T05,2026-01-07 18:20:00,2026-01-07 18:28:00,Shake,Choco Chip Shake - Medium,MENU0069,Beverage,Menu Item,330.0,1.0,330.0,11.08,Bill Discount,Synthetic promotion,318.92,15.95,0,0,0,0,334.87,,,,,
Delhi,ABNAH Cafe Saket Premium,,BILL-OUT003-260107-0038,38,Delivery/Takeaway,,2026-01-07 17:21:00,2026-01-07 17:57:00,Shake,Choco Chip Shake - Large,MENU0070,Beverage,Menu Item,365.0,1.0,365.0,8.21,Bill Discount,Synthetic promotion,356.79,17.84,0,0,0,0,374.63,,,,,
Delhi,ABNAH Cafe Saket Premium,,BILL-OUT003-260107-0039,39,Delivery/Takeaway,,2026-01-07 09:17:00,2026-01-07 09:51:00,Shake,Mixed Berry Shake - Regular,MENU0071,Beverage,Menu Item,315.0,1.0,315.0,7.08,Bill Discount,Synthetic promotion,307.92,15.4,0,0,0,0,323.32,,,,,
Delhi,ABNAH Cafe Saket Premium,,BILL-OUT003-260107-0040,40,Delivery/Takeaway,,2026-01-07 13:19:00,2026-01-07 13:59:00,Shake,Mixed Berry Shake - Medium,MENU0072,Beverage,Menu Item,350.0,2.0,700.0,30.62,Bill Discount,Synthetic promotion,669.38,33.47,0,0,0,0,702.85,,,,,
Delhi,ABNAH Cafe Saket Premium,,BILL-OUT003-260107-0041,41,Delivery/Takeaway,,2026-01-07 18:00:00,2026-01-07 18:08:00,Smoothie,Seasonal Smoothie - Medium,MENU0075,Beverage,Menu Item,340.0,1.0,340.0,19.04,Bill Discount,Synthetic promotion,320.96,16.05,0,0,0,0,337.01,,,,,
Delhi,ABNAH Cafe Saket Premium,,BILL-OUT003-260107-0042,42,Dine In,T13,2026-01-07 11:48:00,2026-01-07 11:57:00,Wraps,Spicy Paneer Wrap,MENU0077,Food,Menu Item,275.0,1.0,275.0,12.33,Bill Discount,Synthetic promotion,262.67,13.13,0,0,0,0,275.8,,,,,
Delhi,ABNAH Cafe Saket Premium,,BILL-OUT003-260107-0043,43,Delivery/Takeaway,,2026-01-07 10:34:00,2026-01-07 10:55:00,Wraps,Shredded Chicken Wrap,MENU0078,Food,Menu Item,295.0,2.0,590.0,17.45,Bill Discount,Synthetic promotion,572.55,28.63,0,0,0,0,601.18,,,,,
Delhi,ABNAH Cafe Saket Premium,,BILL-OUT003-260107-0044,44,Delivery/Takeaway,,2026-01-07 14:04:00,2026-01-07 14:32:00,Sandwiches,Pesto Veg Sandwich,MENU0080,Food,Menu Item,281.71,1.0,281.71,0.0,,,281.71,14.09,0,0,0,0,295.8,,,,,
Delhi,ABNAH Cafe Saket Premium,,BILL-OUT003-260107-0045,45,Dine In,T07,2026-01-07 09:41:00,2026-01-07 09:54:00,Sandwiches,Pepper Chicken Sandwich,MENU0081,Food,Menu Item,315.0,1.0,315.0,15.6,Bill Discount,Synthetic promotion,299.4,14.97,0,0,0,0,314.37,,,,,
Delhi,ABNAH Cafe Saket Premium,,BILL-OUT003-260107-0046,46,Dine In,T20,2026-01-07 15:06:00,2026-01-07 15:39:00,Breakfast,Breakfast Pancakes,MENU0086,Food,Menu Item,285.0,2.0,570.0,9.6,Bill Discount,Synthetic promotion,560.4,28.02,0,0,0,0,588.42,,,,,
Delhi,ABNAH Cafe Saket Premium,,BILL-OUT003-260107-0047,47,Dine In,T07,2026-01-07 13:29:00,2026-01-07 13:56:00,Snacks,Pesto Sundried Tomato Pin Wheel,MENU0091,Food,Menu Item,225.0,1.0,225.0,2.45,Bill Discount,Synthetic promotion,222.55,11.13,0,0,0,0,233.68,,,,,
Delhi,ABNAH Cafe Saket Premium,,BILL-OUT003-260107-0048,48,Dine In,T11,2026-01-07 08:56:00,2026-01-07 09:30:00,Baked Goods,Almond Croissant,MENU0095,Food,Menu Item,245.0,1.0,245.0,12.53,Bill Discount,Synthetic promotion,232.47,11.62,0,0,0,0,244.09,,,,,
Delhi,ABNAH Cafe Saket Premium,,BILL-OUT003-260107-0049,49,Delivery/Takeaway,,2026-01-07 10:42:00,2026-01-07 11:27:00,Baked Goods,Sriracha Chicken Croissant,MENU0098,Food,Menu Item,275.0,1.0,275.0,6.96,Bill Discount,Synthetic promotion,268.04,13.4,0,0,0,0,281.44,,,,,
Delhi,ABNAH Cafe Saket Premium,,BILL-OUT003-260107-0050,50,Delivery/Takeaway,,2026-01-07 16:17:00,2026-01-07 16:33:00,Baked Goods,Cinnamon Roll with Cream Cheese,MENU0099,Dessert,Menu Item,220.0,1.0,220.0,8.01,Bill Discount,Synthetic promotion,211.99,10.6,0,0,0,0,222.59,,,,,
Delhi,ABNAH Cafe Saket Premium,,BILL-OUT003-260107-0051,51,Dine In,T09,2026-01-07 13:17:00,2026-01-07 13:38:00,Desserts,Jaggery Parmesan Cookie,MENU0107,Dessert,Menu Item,170.0,2.0,340.0,18.0,Bill Discount,Synthetic promotion,322.0,16.1,0,0,0,0,338.1,,,,,
Delhi,ABNAH Cafe Saket Premium,,BILL-OUT003-260108-0001,1,Delivery/Takeaway,,2026-01-08 15:50:00,2026-01-08 16:06:00,Coffee Classics,Americano - Regular,MENU0003,Beverage,Menu Item,185.0,3.0,555.0,20.89,Bill Discount,Synthetic promotion,534.11,26.71,0,0,0,0,560.82,,,,,
Delhi,ABNAH Cafe Saket Premium,,BILL-OUT003-260108-0002,2,Dine In,T13,2026-01-08 12:15:00,2026-01-08 12:54:00,Coffee Classics,Latte - Medium,MENU0007,Beverage,Menu Item,250.0,1.0,250.0,3.59,Bill Discount,Synthetic promotion,246.41,12.32,0,0,0,0,258.73,,,,,
Delhi,ABNAH Cafe Saket Premium,,BILL-OUT003-260108-0003,3,Delivery/Takeaway,,2026-01-08 08:53:00,2026-01-08 09:08:00,Coffee Classics,Cappuccino - Regular,MENU0009,Beverage,Menu Item,225.0,3.0,675.0,18.92,Bill Discount,Synthetic promotion,656.08,32.8,0,0,0,0,688.88,,,,,
Delhi,ABNAH Cafe Saket Premium,,BILL-OUT003-260108-0004,4,Delivery/Takeaway,,2026-01-08 13:09:00,2026-01-08 13:58:00,Coffee Classics,Cappuccino - Medium,MENU0010,Beverage,Menu Item,250.0,1.0,250.0,10.05,Bill Discount,Synthetic promotion,239.95,12.0,0,0,0,0,251.95,,,,,
Delhi,ABNAH Cafe Saket Premium,,BILL-OUT003-260108-0005,5,Delivery/Takeaway,,2026-01-08 08:39:00,2026-01-08 09:02:00,Coffee Classics,Cappuccino - Large,MENU0011,Beverage,Menu Item,275.0,1.0,275.0,3.48,Bill Discount,Synthetic promotion,271.52,13.58,0,0,0,0,285.1,,,,,
Delhi,ABNAH Cafe Saket Premium,,BILL-OUT003-260108-0006,6,Delivery/Takeaway,,2026-01-08 19:15:00,2026-01-08 19:44:00,Coffee Classics,Flat White - Regular,MENU0012,Beverage,Menu Item,235.0,1.0,235.0,6.05,Bill Discount,Synthetic promotion,228.95,11.45,0,0,0,0,240.4,,,,,
Delhi,ABNAH Cafe Saket Premium,,BILL-OUT003-260108-0007,7,Delivery/Takeaway,,2026-01-08 15:41:00,2026-01-08 16:12:00,Coffee Classics,Flat White - Medium,MENU0013,Beverage,Menu Item,260.0,2.0,520.0,1.5,Bill Discount,Synthetic promotion,518.5,25.93,0,0,0,0,544.43,,,,,
Delhi,ABNAH Cafe Saket Premium,,BILL-OUT003-260108-0008,8,Dine In,T08,2026-01-08 15:29:00,2026-01-08 16:09:00,Coffee Classics,Mocha - Medium,MENU0016,Beverage,Menu Item,270.0,1.0,270.0,2.09,Bill Discount,Synthetic promotion,267.91,13.4,0,0,0,0,281.31,,,,,
Delhi,ABNAH Cafe Saket Premium,,BILL-OUT003-260108-0009,9,Delivery/Takeaway,,2026-01-08 08:48:00,2026-01-08 09:18:00,Coffee Classics,Mocha - Large,MENU0017,Beverage,Menu Item,295.0,1.0,295.0,10.24,Bill Discount,Synthetic promotion,284.76,14.24,0,0,0,0,299.0,,,,,
Delhi,ABNAH Cafe Saket Premium,,BILL-OUT003-260108-0010,10,Dine In,T10,2026-01-08 08:01:00,2026-01-08 08:13:00,Signature Coffee,Sea Salt Mocha - Large,MENU0020,Beverage,Menu Item,335.0,1.0,335.0,12.12,Bill Discount,Synthetic promotion,322.88,16.14,0,0,0,0,339.02,,,,,
Delhi,ABNAH Cafe Saket Premium,,BILL-OUT003-260108-0011,11,Delivery/Takeaway,,2026-01-08 18:53:00,2026-01-08 19:34:00,Signature Coffee,Orange Zest Mocha - Regular,MENU0021,Beverage,Menu Item,270.0,1.0,270.0,8.57,Bill Discount,Synthetic promotion,261.43,13.07,0,0,0,0,274.5,,,,,
Delhi,ABNAH Cafe Saket Premium,,BILL-OUT003-260108-0012,12,Dine In,T07,2026-01-08 10:34:00,2026-01-08 10:57:00,Signature Coffee,Orange Zest Mocha - Medium,MENU0022,Beverage,Menu Item,300.0,1.0,300.0,16.44,Bill Discount,Synthetic promotion,283.56,14.18,0,0,0,0,297.74,,,,,
Delhi,ABNAH Cafe Saket Premium,,BILL-OUT003-260108-0013,13,Dine In,T21,2026-01-08 11:49:00,2026-01-08 12:09:00,Signature Coffee,Caramel Macchiato - Regular,MENU0024,Beverage,Menu Item,265.0,1.0,265.0,3.42,Bill Discount,Synthetic promotion,261.58,13.08,0,0,0,0,274.66,,,,,
Delhi,ABNAH Cafe Saket Premium,,BILL-OUT003-260108-0014,14,Delivery/Takeaway,,2026-01-08 11:54:00,2026-01-08 12:34:00,Signature Coffee,Caramel Macchiato - Medium,MENU0025,Beverage,Menu Item,300.52,1.0,300.52,0.0,,,300.52,15.03,0,0,0,0,315.55,,,,,
Delhi,ABNAH Cafe Saket Premium,,BILL-OUT003-260108-0015,15,Delivery/Takeaway,,2026-01-08 09:27:00,2026-01-08 10:11:00,Signature Coffee,Caramel Macchiato - Large,MENU0026,Beverage,Menu Item,329.98,1.0,329.98,0.0,,,329.98,16.5,0,0,0,0,346.48,,,,,
Delhi,ABNAH Cafe Saket Premium,,BILL-OUT003-260108-0016,16,Delivery/Takeaway,,2026-01-08 18:43:00,2026-01-08 19:05:00,Signature Coffee,French Vanilla Latte - Medium,MENU0028,Beverage,Menu Item,295.0,2.0,590.0,8.65,Bill Discount,Synthetic promotion,581.35,29.07,0,0,0,0,610.42,,,,,
Delhi,ABNAH Cafe Saket Premium,,BILL-OUT003-260108-0017,17,Delivery/Takeaway,,2026-01-08 18:44:00,2026-01-08 19:00:00,Signature Coffee,French Vanilla Latte - Large,MENU0029,Beverage,Menu Item,325.0,1.0,325.0,7.37,Bill Discount,Synthetic promotion,317.63,15.88,0,0,0,0,333.51,,,,,
Delhi,ABNAH Cafe Saket Premium,,BILL-OUT003-260108-0018,18,Dine In,T04,2026-01-08 09:21:00,2026-01-08 09:33:00,Signature Coffee,Vegan Iced Latte - Regular,MENU0030,Beverage,Menu Item,285.0,1.0,285.0,1.04,Bill Discount,Synthetic promotion,283.96,14.2,0,0,0,0,298.16,,,,,
Delhi,ABNAH Cafe Saket Premium,,BILL-OUT003-260108-0019,19,Delivery/Takeaway,,2026-01-08 16:52:00,2026-01-08 17:16:00,Cold Brew,Classic Cold Brew - Regular,MENU0033,Beverage,Menu Item,226.7,3.0,680.1,0.01,Bill Discount,Synthetic promotion,680.09,34.0,0,0,0,0,714.09,,,,,
Delhi,ABNAH Cafe Saket Premium,,BILL-OUT003-260108-0020,20,Delivery/Takeaway,,2026-01-08 13:53:00,2026-01-08 14:21:00,Cold Brew,Classic Cold Brew - Large,MENU0035,Beverage,Menu Item,277.01,1.0,277.01,0.0,,,277.01,13.85,0,0,0,0,290.86,,,,,
Delhi,ABNAH Cafe Saket Premium,,BILL-OUT003-260108-0021,21,Delivery/Takeaway,,2026-01-08 12:15:00,2026-01-08 12:39:00,Cold Brew,Coffee Lemonade - Regular,MENU0036,Beverage,Menu Item,235.0,2.0,470.0,12.22,Bill Discount,Synthetic promotion,457.78,22.89,0,0,0,0,480.67,,,,,
Delhi,ABNAH Cafe Saket Premium,,BILL-OUT003-260108-0022,22,Dine In,T19,2026-01-08 14:58:00,2026-01-08 15:09:00,Cold Brew,Coffee Lemonade - Large,MENU0038,Beverage,Menu Item,285.0,1.0,285.0,6.31,Bill Discount,Synthetic promotion,278.69,13.93,0,0,0,0,292.62,,,,,
Delhi,ABNAH Cafe Saket Premium,,BILL-OUT003-260108-0023,23,Dine In,T08,2026-01-08 17:59:00,2026-01-08 18:24:00,Cold Brew,Vietnamese Shakerato - Regular,MENU0039,Beverage,Menu Item,258.46,1.0,258.46,0.0,,,258.46,12.92,0,0,0,0,271.38,,,,,
Delhi,ABNAH Cafe Saket Premium,,BILL-OUT003-260108-0024,24,Delivery/Takeaway,,2026-01-08 10:54:00,2026-01-08 11:33:00,Cold Coffee,Mocha Cold Coffee - Regular,MENU0045,Beverage,Menu Item,289.01,1.0,289.01,0.0,,,289.01,14.45,0,0,0,0,303.46,,,,,
Delhi,ABNAH Cafe Saket Premium,,BILL-OUT003-260108-0025,25,Delivery/Takeaway,,2026-01-08 10:43:00,2026-01-08 11:31:00,Cold Coffee,Caramel Cold Coffee - Large,MENU0050,Beverage,Menu Item,355.0,1.0,355.0,3.0,Bill Discount,Synthetic promotion,352.0,17.6,0,0,0,0,369.6,,,,,
Delhi,ABNAH Cafe Saket Premium,,BILL-OUT003-260108-0026,26,Dine In,T01,2026-01-08 15:27:00,2026-01-08 16:10:00,Tea,Masala Chai Latte - Regular,MENU0051,Beverage,Menu Item,195.0,1.0,195.0,1.49,Bill Discount,Synthetic promotion,193.51,9.68,0,0,0,0,203.19,,,,,
Delhi,ABNAH Cafe Saket Premium,,BILL-OUT003-260108-0027,27,Delivery/Takeaway,,2026-01-08 18:50:00,2026-01-08 19:18:00,Tea,Masala Chai Latte - Large,MENU0053,Beverage,Menu Item,245.0,1.0,245.0,6.81,Bill Discount,Synthetic promotion,238.19,11.91,0,0,0,0,250.1,,,,,
Delhi,ABNAH Cafe Saket Premium,,BILL-OUT003-260108-0028,28,Delivery/Takeaway,,2026-01-08 10:50:00,2026-01-08 11:04:00,Iced Tea,Lemon Iced Tea - Medium,MENU0059,Beverage,Menu Item,230.29,1.0,230.29,0.0,,,230.29,11.51,0,0,0,0,241.8,,,,,
Delhi,ABNAH Cafe Saket Premium,,BILL-OUT003-260108-0029,29,Delivery/Takeaway,,2026-01-08 18:51:00,2026-01-08 19:00:00,Iced Tea,Lemon Iced Tea - Large,MENU0060,Beverage,Menu Item,255.0,1.0,255.0,10.34,Bill Discount,Synthetic promotion,244.66,12.23,0,0,0,0,256.89,,,,,
Delhi,ABNAH Cafe Saket Premium,,BILL-OUT003-260108-0030,30,Dine In,T24,2026-01-08 09:30:00,2026-01-08 09:52:00,Iced Tea,Hibiscus Lime Iced Tea - Medium,MENU0062,Beverage,Menu Item,250.0,1.0,250.0,1.88,Bill Discount,Synthetic promotion,248.12,12.41,0,0,0,0,260.53,,,,,
Delhi,ABNAH Cafe Saket Premium,,BILL-OUT003-260108-0031,31,Delivery/Takeaway,,2026-01-08 13:34:00,2026-01-08 13:55:00,Shake,Choco Chip Shake - Medium,MENU0069,Beverage,Menu Item,330.0,1.0,330.0,2.9,Bill Discount,Synthetic promotion,327.1,16.36,0,0,0,0,343.46,,,,,
Delhi,ABNAH Cafe Saket Premium,,BILL-OUT003-260108-0032,32,Delivery/Takeaway,,2026-01-08 16:31:00,2026-01-08 16:57:00,Shake,Mixed Berry Shake - Regular,MENU0071,Beverage,Menu Item,315.0,1.0,315.0,15.34,Bill Discount,Synthetic promotion,299.66,14.98,0,0,0,0,314.64,,,,,
Delhi,ABNAH Cafe Saket Premium,,BILL-OUT003-260108-0033,33,Delivery/Takeaway,,2026-01-08 11:34:00,2026-01-08 12:03:00,Shake,Mixed Berry Shake - Large,MENU0073,Beverage,Menu Item,385.0,1.0,385.0,11.22,Bill Discount,Synthetic promotion,373.78,18.69,0,0,0,0,392.47,,,,,
Delhi,ABNAH Cafe Saket Premium,,BILL-OUT003-260108-0034,34,Delivery/Takeaway,,2026-01-08 15:10:00,2026-01-08 15:49:00,Wraps,Spicy Paneer Wrap,MENU0077,Food,Menu Item,275.0,1.0,275.0,13.12,Bill Discount,Synthetic promotion,261.88,13.09,0,0,0,0,274.97,,,,,
Delhi,ABNAH Cafe Saket Premium,,BILL-OUT003-260108-0035,35,Dine In,T10,2026-01-08 17:37:00,2026-01-08 18:16:00,Wraps,Shredded Chicken Wrap,MENU0078,Food,Menu Item,295.0,1.0,295.0,13.37,Bill Discount,Synthetic promotion,281.63,14.08,0,0,0,0,295.71,,,,,
Delhi,ABNAH Cafe Saket Premium,,BILL-OUT003-260108-0036,36,Dine In,T21,2026-01-08 10:08:00,2026-01-08 10:25:00,Sandwiches,Smoked Chipotle Paneer Sandwich,MENU0079,Food,Menu Item,295.0,1.0,295.0,12.26,Bill Discount,Synthetic promotion,282.74,14.14,0,0,0,0,296.88,,,,,
Delhi,ABNAH Cafe Saket Premium,,BILL-OUT003-260108-0037,37,Delivery/Takeaway,,2026-01-08 16:54:00,2026-01-08 17:43:00,Sandwiches,Pesto Veg Sandwich,MENU0080,Food,Menu Item,280.0,1.0,280.0,7.82,Bill Discount,Synthetic promotion,272.18,13.61,0,0,0,0,285.79,,,,,
Delhi,ABNAH Cafe Saket Premium,,BILL-OUT003-260108-0038,38,Delivery/Takeaway,,2026-01-08 16:04:00,2026-01-08 16:40:00,Sandwiches,Tandoori Chicken Sandwich,MENU0082,Food,Menu Item,320.0,1.0,320.0,13.09,Bill Discount,Synthetic promotion,306.91,15.35,0,0,0,0,322.26,,,,,
Delhi,ABNAH Cafe Saket Premium,,BILL-OUT003-260108-0039,39,Delivery/Takeaway,,2026-01-08 09:04:00,2026-01-08 09:41:00,Snacks,Marinara Cheese Pin Wheels,MENU0090,Food,Menu Item,215.0,1.0,215.0,1.4,Bill Discount,Synthetic promotion,213.6,10.68,0,0,0,0,224.28,,,,,
Delhi,ABNAH Cafe Saket Premium,,BILL-OUT003-260108-0040,40,Delivery/Takeaway,,2026-01-08 10:41:00,2026-01-08 11:25:00,Baked Goods,Butter Croissant,MENU0094,Food,Menu Item,195.0,2.0,390.0,10.41,Bill Discount,Synthetic promotion,379.59,18.98,0,0,0,0,398.57,,,,,
Delhi,ABNAH Cafe Saket Premium,,BILL-OUT003-260108-0041,41,Delivery/Takeaway,,2026-01-08 16:54:00,2026-01-08 17:37:00,Baked Goods,Almond Croissant,MENU0095,Food,Menu Item,245.0,1.0,245.0,5.86,Bill Discount,Synthetic promotion,239.14,11.96,0,0,0,0,251.1,,,,,
Delhi,ABNAH Cafe Saket Premium,,BILL-OUT003-260108-0042,42,Delivery/Takeaway,,2026-01-08 18:44:00,2026-01-08 19:13:00,Baked Goods,Chocolate Croissant,MENU0096,Food,Menu Item,235.0,1.0,235.0,13.67,Bill Discount,Synthetic promotion,221.33,11.07,0,0,0,0,232.4,,,,,
Delhi,ABNAH Cafe Saket Premium,,BILL-OUT003-260108-0043,43,Delivery/Takeaway,,2026-01-08 15:55:00,2026-01-08 16:26:00,Baked Goods,Mushroom Cheese Croissant,MENU0097,Food,Menu Item,255.0,1.0,255.0,3.2,Bill Discount,Synthetic promotion,251.8,12.59,0,0,0,0,264.39,,,,,
Delhi,ABNAH Cafe Saket Premium,,BILL-OUT003-260108-0044,44,Delivery/Takeaway,,2026-01-08 13:15:00,2026-01-08 14:01:00,Baked Goods,Cinnamon Roll with Cream Cheese,MENU0099,Dessert,Menu Item,221.94,1.0,221.94,0.0,,,221.94,11.1,0,0,0,0,233.04,,,,,
Delhi,ABNAH Cafe Saket Premium,,BILL-OUT003-260108-0045,45,Dine In,T07,2026-01-08 13:00:00,2026-01-08 13:40:00,Baked Goods,Banana Walnut Tea Cake,MENU0100,Dessert,Menu Item,205.0,1.0,205.0,4.62,Bill Discount,Synthetic promotion,200.38,10.02,0,0,0,0,210.4,,,,,
Delhi,ABNAH Cafe Saket Premium,,BILL-OUT003-260108-0046,46,Delivery/Takeaway,,2026-01-08 10:37:00,2026-01-08 11:11:00,Desserts,Classic Chocolate Fudge Brownie,MENU0104,Dessert,Menu Item,195.0,1.0,195.0,10.25,Bill Discount,Synthetic promotion,184.75,9.24,0,0,0,0,193.99,,,,,
Delhi,ABNAH Cafe Saket Premium,,BILL-OUT003-260108-0047,47,Dine In,T14,2026-01-08 10:15:00,2026-01-08 10:30:00,Desserts,Death by Chocolate Cookie,MENU0106,Dessert,Menu Item,190.0,1.0,190.0,4.24,Bill Discount,Synthetic promotion,185.76,9.29,0,0,0,0,195.05,,,,,
Delhi,ABNAH Cafe Saket Premium,,BILL-OUT003-260108-0048,48,Delivery/Takeaway,,2026-01-08 14:56:00,2026-01-08 15:29:00,Desserts,Apple Pie,MENU0108,Dessert,Menu Item,270.0,1.0,270.0,8.19,Bill Discount,Synthetic promotion,261.81,13.09,0,0,0,0,274.9,,,,,
Delhi,ABNAH Cafe Saket Premium,,BILL-OUT003-260109-0001,1,Delivery/Takeaway,,2026-01-09 15:53:00,2026-01-09 16:03:00,Espresso,Espresso Shot - Solo,MENU0001,Beverage,Menu Item,145.0,1.0,145.0,6.28,Bill Discount,Synthetic promotion,138.72,6.94,0,0,0,0,145.66,,,,,
Delhi,ABNAH Cafe Saket Premium,,BILL-OUT003-260109-0002,2,Delivery/Takeaway,,2026-01-09 15:26:00,2026-01-09 15:41:00,Coffee Classics,Americano - Regular,MENU0003,Beverage,Menu Item,186.24,2.0,372.48,0.0,,,372.48,18.62,0,0,0,0,391.1,,,,,
Delhi,ABNAH Cafe Saket Premium,,BILL-OUT003-260109-0003,3,Delivery/Takeaway,,2026-01-09 12:21:00,2026-01-09 12:35:00,Coffee Classics,Americano - Medium,MENU0004,Beverage,Menu Item,210.0,1.0,210.0,2.29,Bill Discount,Synthetic promotion,207.71,10.39,0,0,0,0,218.1,,,,,
Delhi,ABNAH Cafe Saket Premium,,BILL-OUT003-260109-0004,4,Dine In,T12,2026-01-09 19:14:00,2026-01-09 19:53:00,Coffee Classics,Latte - Medium,MENU0007,Beverage,Menu Item,250.0,1.0,250.0,4.59,Bill Discount,Synthetic promotion,245.41,12.27,0,0,0,0,257.68,,,,,
Delhi,ABNAH Cafe Saket Premium,,BILL-OUT003-260109-0005,5,Delivery/Takeaway,,2026-01-09 12:48:00,2026-01-09 13:32:00,Coffee Classics,Cappuccino - Regular,MENU0009,Beverage,Menu Item,225.0,4.0,900.0,41.98,Bill Discount,Synthetic promotion,858.02,42.9,0,0,0,0,900.92,,,,,
Delhi,ABNAH Cafe Saket Premium,,BILL-OUT003-260109-0006,6,Delivery/Takeaway,,2026-01-09 15:56:00,2026-01-09 16:41:00,Coffee Classics,Cappuccino - Medium,MENU0010,Beverage,Menu Item,250.0,1.0,250.0,13.45,Bill Discount,Synthetic promotion,236.55,11.83,0,0,0,0,248.38,,,,,
Delhi,ABNAH Cafe Saket Premium,,BILL-OUT003-260109-0007,7,Delivery/Takeaway,,2026-01-09 19:42:00,2026-01-09 20:17:00,Coffee Classics,Flat White - Regular,MENU0012,Beverage,Menu Item,235.0,5.0,1175.0,26.16,Bill Discount,Synthetic promotion,1148.84,57.44,0,0,0,0,1206.28,,,,,
Delhi,ABNAH Cafe Saket Premium,,BILL-OUT003-260109-0008,8,Delivery/Takeaway,,2026-01-09 16:46:00,2026-01-09 17:18:00,Coffee Classics,Flat White - Medium,MENU0013,Beverage,Menu Item,260.0,2.0,520.0,10.32,Bill Discount,Synthetic promotion,509.68,25.48,0,0,0,0,535.16,,,,,
Delhi,ABNAH Cafe Saket Premium,,BILL-OUT003-260109-0009,9,Delivery/Takeaway,,2026-01-09 19:15:00,2026-01-09 19:23:00,Coffee Classics,Flat White - Large,MENU0014,Beverage,Menu Item,285.0,1.0,285.0,7.86,Bill Discount,Synthetic promotion,277.14,13.86,0,0,0,0,291.0,,,,,
Delhi,ABNAH Cafe Saket Premium,,BILL-OUT003-260109-0010,10,Dine In,T08,2026-01-09 10:08:00,2026-01-09 10:27:00,Coffee Classics,Mocha - Medium,MENU0016,Beverage,Menu Item,273.51,2.0,547.02,0.0,,,547.02,27.35,0,0,0,0,574.37,,,,,
Delhi,ABNAH Cafe Saket Premium,,BILL-OUT003-260109-0011,11,Dine In,T07,2026-01-09 17:51:00,2026-01-09 18:02:00,Coffee Classics,Mocha - Large,MENU0017,Beverage,Menu Item,295.0,1.0,295.0,0.41,Bill Discount,Synthetic promotion,294.59,14.73,0,0,0,0,309.32,,,,,
Delhi,ABNAH Cafe Saket Premium,,BILL-OUT003-260109-0012,12,Delivery/Takeaway,,2026-01-09 16:57:00,2026-01-09 17:24:00,Signature Coffee,Sea Salt Mocha - Regular,MENU0018,Beverage,Menu Item,275.0,2.0,550.0,14.58,Bill Discount,Synthetic promotion,535.42,26.77,0,0,0,0,562.19,,,,,
Delhi,ABNAH Cafe Saket Premium,,BILL-OUT003-260109-0013,13,Dine In,T20,2026-01-09 14:46:00,2026-01-09 15:19:00,Signature Coffee,Sea Salt Mocha - Medium,MENU0019,Beverage,Menu Item,309.35,1.0,309.35,0.0,,,309.35,15.47,0,0,0,0,324.82,,,,,
Delhi,ABNAH Cafe Saket Premium,,BILL-OUT003-260109-0014,14,Delivery/Takeaway,,2026-01-09 17:58:00,2026-01-09 18:43:00,Signature Coffee,Orange Zest Mocha - Regular,MENU0021,Beverage,Menu Item,270.0,2.0,540.0,27.95,Bill Discount,Synthetic promotion,512.05,25.6,0,0,0,0,537.65,,,,,
Delhi,ABNAH Cafe Saket Premium,,BILL-OUT003-260109-0015,15,Delivery/Takeaway,,2026-01-09 14:11:00,2026-01-09 14:42:00,Signature Coffee,Orange Zest Mocha - Medium,MENU0022,Beverage,Menu Item,303.66,2.0,607.32,0.0,,,607.32,30.37,0,0,0,0,637.69,,,,,
Delhi,ABNAH Cafe Saket Premium,,BILL-OUT003-260109-0016,16,Dine In,T03,2026-01-09 10:46:00,2026-01-09 11:26:00,Signature Coffee,Orange Zest Mocha - Large,MENU0023,Beverage,Menu Item,331.24,1.0,331.24,0.0,,,331.24,16.56,0,0,0,0,347.8,,,,,
Delhi,ABNAH Cafe Saket Premium,,BILL-OUT003-260109-0017,17,Dine In,T15,2026-01-09 13:23:00,2026-01-09 13:38:00,Signature Coffee,Caramel Macchiato - Medium,MENU0025,Beverage,Menu Item,295.0,2.0,590.0,6.67,Bill Discount,Synthetic promotion,583.33,29.17,0,0,0,0,612.5,,,,,
Delhi,ABNAH Cafe Saket Premium,,BILL-OUT003-260109-0018,18,Dine In,T02,2026-01-09 17:25:00,2026-01-09 17:43:00,Signature Coffee,Caramel Macchiato - Large,MENU0026,Beverage,Menu Item,325.0,1.0,325.0,17.32,Bill Discount,Synthetic promotion,307.68,15.38,0,0,0,0,323.06,,,,,
Delhi,ABNAH Cafe Saket Premium,,BILL-OUT003-260109-0019,19,Delivery/Takeaway,,2026-01-09 09:13:00,2026-01-09 09:32:00,Signature Coffee,French Vanilla Latte - Regular,MENU0027,Beverage,Menu Item,265.0,1.0,265.0,13.7,Bill Discount,Synthetic promotion,251.3,12.56,0,0,0,0,263.86,,,,,
Delhi,ABNAH Cafe Saket Premium,,BILL-OUT003-260109-0020,20,Delivery/Takeaway,,2026-01-09 09:12:00,2026-01-09 09:38:00,Signature Coffee,French Vanilla Latte - Medium,MENU0028,Beverage,Menu Item,295.0,1.0,295.0,9.06,Bill Discount,Synthetic promotion,285.94,14.3,0,0,0,0,300.24,,,,,
Delhi,ABNAH Cafe Saket Premium,,BILL-OUT003-260109-0021,21,Delivery/Takeaway,,2026-01-09 19:04:00,2026-01-09 19:28:00,Signature Coffee,French Vanilla Latte - Large,MENU0029,Beverage,Menu Item,325.0,2.0,650.0,31.73,Bill Discount,Synthetic promotion,618.27,30.91,0,0,0,0,649.18,,,,,
Delhi,ABNAH Cafe Saket Premium,,BILL-OUT003-260109-0022,22,Delivery/Takeaway,,2026-01-09 11:10:00,2026-01-09 11:49:00,Signature Coffee,Vegan Iced Latte - Regular,MENU0030,Beverage,Menu Item,285.0,2.0,570.0,17.64,Bill Discount,Synthetic promotion,552.36,27.62,0,0,0,0,579.98,,,,,
Delhi,ABNAH Cafe Saket Premium,,BILL-OUT003-260109-0023,23,Delivery/Takeaway,,2026-01-09 10:58:00,2026-01-09 11:40:00,Signature Coffee,Vegan Iced Latte - Medium,MENU0031,Beverage,Menu Item,310.0,1.0,310.0,14.06,Bill Discount,Synthetic promotion,295.94,14.8,0,0,0,0,310.74,,,,,
Delhi,ABNAH Cafe Saket Premium,,BILL-OUT003-260109-0024,24,Dine In,T20,2026-01-09 17:03:00,2026-01-09 17:44:00,Signature Coffee,Vegan Iced Latte - Large,MENU0032,Beverage,Menu Item,337.16,1.0,337.16,0.0,,,337.16,16.86,0,0,0,0,354.02,,,,,
Delhi,ABNAH Cafe Saket Premium,,BILL-OUT003-260109-0025,25,Dine In,T01,2026-01-09 08:51:00,2026-01-09 09:16:00,Cold Brew,Classic Cold Brew - Regular,MENU0033,Beverage,Menu Item,229.04,2.0,458.08,0.0,,,458.09,22.9,0,0,0,0,480.99,,,,,
Delhi,ABNAH Cafe Saket Premium,,BILL-OUT003-260109-0026,26,Delivery/Takeaway,,2026-01-09 15:31:00,2026-01-09 16:11:00,Cold Brew,Classic Cold Brew - Medium,MENU0034,Beverage,Menu Item,253.98,1.0,253.98,0.0,,,253.98,12.7,0,0,0,0,266.68,,,,,
Delhi,ABNAH Cafe Saket Premium,,BILL-OUT003-260109-0027,27,Delivery/Takeaway,,2026-01-09 08:50:00,2026-01-09 09:10:00,Cold Brew,Coffee Lemonade - Regular,MENU0036,Beverage,Menu Item,238.4,1.0,238.4,0.0,,,238.4,11.92,0,0,0,0,250.32,,,,,
Delhi,ABNAH Cafe Saket Premium,,BILL-OUT003-260109-0028,28,Delivery/Takeaway,,2026-01-09 08:58:00,2026-01-09 09:15:00,Cold Brew,Vietnamese Shakerato - Regular,MENU0039,Beverage,Menu Item,255.0,1.0,255.0,10.03,Bill Discount,Synthetic promotion,244.97,12.25,0,0,0,0,257.22,,,,,
Delhi,ABNAH Cafe Saket Premium,,BILL-OUT003-260109-0029,29,Delivery/Takeaway,,2026-01-09 10:06:00,2026-01-09 10:22:00,Cold Brew,Vietnamese Shakerato - Medium,MENU0040,Beverage,Menu Item,280.0,1.0,280.0,8.1,Bill Discount,Synthetic promotion,271.9,13.6,0,0,0,0,285.5,,,,,
Delhi,ABNAH Cafe Saket Premium,,BILL-OUT003-260109-0030,30,Delivery/Takeaway,,2026-01-09 11:01:00,2026-01-09 11:30:00,Cold Coffee,Classic Cold Coffee - Regular,MENU0042,Beverage,Menu Item,260.0,1.0,260.0,0.0,,,260.0,13.0,0,0,0,0,273.0,,,,,
Delhi,ABNAH Cafe Saket Premium,,BILL-OUT003-260109-0031,31,Delivery/Takeaway,,2026-01-09 18:16:00,2026-01-09 18:44:00,Cold Coffee,Mocha Cold Coffee - Medium,MENU0046,Beverage,Menu Item,320.0,1.0,320.0,5.93,Bill Discount,Synthetic promotion,314.07,15.7,0,0,0,0,329.77,,,,,
Delhi,ABNAH Cafe Saket Premium,,BILL-OUT003-260109-0032,32,Dine In,T19,2026-01-09 10:08:00,2026-01-09 10:48:00,Cold Coffee,Caramel Cold Coffee - Regular,MENU0048,Beverage,Menu Item,285.0,2.0,570.0,32.32,Bill Discount,Synthetic promotion,537.68,26.88,0,0,0,0,564.56,,,,,
Delhi,ABNAH Cafe Saket Premium,,BILL-OUT003-260109-0033,33,Delivery/Takeaway,,2026-01-09 10:02:00,2026-01-09 10:23:00,Cold Coffee,Caramel Cold Coffee - Medium,MENU0049,Beverage,Menu Item,320.0,4.0,1280.0,66.14,Bill Discount,Synthetic promotion,1213.86,60.69,0,0,0,0,1274.55,,,,,
Delhi,ABNAH Cafe Saket Premium,,BILL-OUT003-260109-0034,34,Dine In,T22,2026-01-09 15:57:00,2026-01-09 16:30:00,Cold Coffee,Caramel Cold Coffee - Large,MENU0050,Beverage,Menu Item,355.0,2.0,710.0,13.76,Bill Discount,Synthetic promotion,696.24,34.81,0,0,0,0,731.05,,,,,
Delhi,ABNAH Cafe Saket Premium,,BILL-OUT003-260109-0035,35,Dine In,T17,2026-01-09 18:45:00,2026-01-09 19:26:00,Tea,Masala Chai Latte - Regular,MENU0051,Beverage,Menu Item,195.0,1.0,195.0,5.13,Bill Discount,Synthetic promotion,189.87,9.49,0,0,0,0,199.36,,,,,
Delhi,ABNAH Cafe Saket Premium,,BILL-OUT003-260109-0036,36,Delivery/Takeaway,,2026-01-09 11:02:00,2026-01-09 11:13:00,Tea,Masala Chai Latte - Medium,MENU0052,Beverage,Menu Item,220.0,2.0,440.0,22.93,Bill Discount,Synthetic promotion,417.07,20.85,0,0,0,0,437.92,,,,,
Delhi,ABNAH Cafe Saket Premium,,BILL-OUT003-260109-0037,37,Dine In,T01,2026-01-09 10:42:00,2026-01-09 11:05:00,Tea,Himalayan Green Tea,MENU0054,Beverage,Menu Item,210.0,1.0,210.0,7.96,Bill Discount,Synthetic promotion,202.04,10.1,0,0,0,0,212.14,,,,,
Delhi,ABNAH Cafe Saket Premium,,BILL-OUT003-260109-0038,38,Delivery/Takeaway,,2026-01-09 19:20:00,2026-01-09 20:09:00,Tea,Japanese Matcha Latte - Regular,MENU0055,Beverage,Menu Item,265.0,1.0,265.0,10.66,Bill Discount,Synthetic promotion,254.34,12.72,0,0,0,0,267.06,,,,,
Delhi,ABNAH Cafe Saket Premium,,BILL-OUT003-260109-0039,39,Dine In,T06,2026-01-09 14:50:00,2026-01-09 15:10:00,Tea,Japanese Matcha Latte - Medium,MENU0056,Beverage,Menu Item,295.0,1.0,295.0,13.06,Bill Discount,Synthetic promotion,281.94,14.1,0,0,0,0,296.04,,,,,
Delhi,ABNAH Cafe Saket Premium,,BILL-OUT003-260109-0040,40,Dine In,T09,2026-01-09 10:00:00,2026-01-09 10:40:00,Iced Tea,Lemon Iced Tea - Medium,MENU0059,Beverage,Menu Item,232.31,2.0,464.62,0.0,,,464.62,23.23,0,0,0,0,487.85,,,,,
Delhi,ABNAH Cafe Saket Premium,,BILL-OUT003-260109-0041,41,Delivery/Takeaway,,2026-01-09 19:05:00,2026-01-09 19:18:00,Iced Tea,Hibiscus Lime Iced Tea - Medium,MENU0062,Beverage,Menu Item,250.0,1.0,250.0,9.03,Bill Discount,Synthetic promotion,240.97,12.05,0,0,0,0,253.02,,,,,
Delhi,ABNAH Cafe Saket Premium,,BILL-OUT003-260109-0042,42,Dine In,T01,2026-01-09 11:53:00,2026-01-09 12:01:00,Shake,Choco Chip Shake - Regular,MENU0068,Beverage,Menu Item,297.17,2.0,594.34,0.0,,,594.34,29.72,0,0,0,0,624.06,,,,,
Delhi,ABNAH Cafe Saket Premium,,BILL-OUT003-260109-0043,43,Dine In,T11,2026-01-09 15:35:00,2026-01-09 15:58:00,Shake,Choco Chip Shake - Large,MENU0070,Beverage,Menu Item,365.0,1.0,365.0,7.42,Bill Discount,Synthetic promotion,357.58,17.88,0,0,0,0,375.46,,,,,
Delhi,ABNAH Cafe Saket Premium,,BILL-OUT003-260109-0044,44,Delivery/Takeaway,,2026-01-09 12:32:00,2026-01-09 13:01:00,Shake,Mixed Berry Shake - Medium,MENU0072,Beverage,Menu Item,350.0,1.0,350.0,15.77,Bill Discount,Synthetic promotion,334.23,16.71,0,0,0,0,350.94,,,,,
Delhi,ABNAH Cafe Saket Premium,,BILL-OUT003-260109-0045,45,Delivery/Takeaway,,2026-01-09 13:24:00,2026-01-09 13:54:00,Shake,Mixed Berry Shake - Large,MENU0073,Beverage,Menu Item,389.45,1.0,389.45,0.0,,,389.45,19.47,0,0,0,0,408.92,,,,,
Delhi,ABNAH Cafe Saket Premium,,BILL-OUT003-260109-0046,46,Delivery/Takeaway,,2026-01-09 16:45:00,2026-01-09 17:30:00,Smoothie,Seasonal Smoothie - Regular,MENU0074,Beverage,Menu Item,306.2,1.0,306.2,0.0,,,306.2,15.31,0,0,0,0,321.51,,,,,
Delhi,ABNAH Cafe Saket Premium,,BILL-OUT003-260109-0047,47,Delivery/Takeaway,,2026-01-09 17:31:00,2026-01-09 18:07:00,Smoothie,Seasonal Smoothie - Medium,MENU0075,Beverage,Menu Item,340.0,1.0,340.0,14.85,Bill Discount,Synthetic promotion,325.15,16.26,0,0,0,0,341.41,,,,,
Delhi,ABNAH Cafe Saket Premium,,BILL-OUT003-260109-0048,48,Dine In,T07,2026-01-09 12:30:00,2026-01-09 12:46:00,Smoothie,Seasonal Smoothie - Large,MENU0076,Beverage,Menu Item,375.0,1.0,375.0,3.74,Bill Discount,Synthetic promotion,371.26,18.56,0,0,0,0,389.82,,,,,
Delhi,ABNAH Cafe Saket Premium,,BILL-OUT003-260109-0049,49,Dine In,T18,2026-01-09 17:14:00,2026-01-09 18:02:00,Wraps,Spicy Paneer Wrap,MENU0077,Food,Menu Item,275.0,1.0,275.0,0.71,Bill Discount,Synthetic promotion,274.29,13.71,0,0,0,0,288.0,,,,,
Delhi,ABNAH Cafe Saket Premium,,BILL-OUT003-260109-0050,50,Dine In,T08,2026-01-09 13:58:00,2026-01-09 14:38:00,Wraps,Shredded Chicken Wrap,MENU0078,Food,Menu Item,295.0,1.0,295.0,10.23,Bill Discount,Synthetic promotion,284.77,14.24,0,0,0,0,299.01,,,,,
Delhi,ABNAH Cafe Saket Premium,,BILL-OUT003-260109-0051,51,Delivery/Takeaway,,2026-01-09 13:00:00,2026-01-09 13:12:00,Sandwiches,Smoked Chipotle Paneer Sandwich,MENU0079,Food,Menu Item,295.0,1.0,295.0,1.03,Bill Discount,Synthetic promotion,293.97,14.7,0,0,0,0,308.67,,,,,
Delhi,ABNAH Cafe Saket Premium,,BILL-OUT003-260109-0052,52,Delivery/Takeaway,,2026-01-09 11:53:00,2026-01-09 12:35:00,Sandwiches,Tandoori Chicken Sandwich,MENU0082,Food,Menu Item,320.0,2.0,640.0,25.47,Bill Discount,Synthetic promotion,614.53,30.73,0,0,0,0,645.26,,,,,
Delhi,ABNAH Cafe Saket Premium,,BILL-OUT003-260109-0053,53,Dine In,T05,2026-01-09 12:18:00,2026-01-09 12:56:00,Platter,Hummus and Pita Platter,MENU0085,Food,Menu Item,310.0,1.0,310.0,16.87,Bill Discount,Synthetic promotion,293.13,14.66,0,0,0,0,307.79,,,,,
Delhi,ABNAH Cafe Saket Premium,,BILL-OUT003-260109-0054,54,Delivery/Takeaway,,2026-01-09 15:21:00,2026-01-09 15:35:00,Breakfast,Breakfast Pancakes,MENU0086,Food,Menu Item,285.0,1.0,285.0,12.21,Bill Discount,Synthetic promotion,272.79,13.64,0,0,0,0,286.43,,,,,
Delhi,ABNAH Cafe Saket Premium,,BILL-OUT003-260109-0055,55,Delivery/Takeaway,,2026-01-09 09:41:00,2026-01-09 10:05:00,Breakfast,Cream Cheese Bagel,MENU0087,Food,Menu Item,250.0,1.0,250.0,3.92,Bill Discount,Synthetic promotion,246.08,12.3,0,0,0,0,258.38,,,,,
Delhi,ABNAH Cafe Saket Premium,,BILL-OUT003-260109-0056,56,Dine In,T24,2026-01-09 19:38:00,2026-01-09 20:21:00,Baked Goods,Butter Croissant,MENU0094,Food,Menu Item,195.89,1.0,195.89,0.0,,,195.89,9.79,0,0,0,0,205.68,,,,,
Delhi,ABNAH Cafe Saket Premium,,BILL-OUT003-260109-0057,57,Dine In,T14,2026-01-09 18:45:00,2026-01-09 18:58:00,Baked Goods,Almond Croissant,MENU0095,Food,Menu Item,245.0,2.0,490.0,24.59,Bill Discount,Synthetic promotion,465.41,23.27,0,0,0,0,488.68,,,,,
Delhi,ABNAH Cafe Saket Premium,,BILL-OUT003-260109-0058,58,Dine In,T11,2026-01-09 16:09:00,2026-01-09 16:40:00,Baked Goods,Chocolate Croissant,MENU0096,Food,Menu Item,235.0,1.0,235.0,9.49,Bill Discount,Synthetic promotion,225.51,11.28,0,0,0,0,236.79,,,,,
Delhi,ABNAH Cafe Saket Premium,,BILL-OUT003-260109-0059,59,Delivery/Takeaway,,2026-01-09 17:40:00,2026-01-09 18:08:00,Baked Goods,Mushroom Cheese Croissant,MENU0097,Food,Menu Item,255.0,1.0,255.0,4.22,Bill Discount,Synthetic promotion,250.78,12.54,0,0,0,0,263.32,,,,,
Delhi,ABNAH Cafe Saket Premium,,BILL-OUT003-260109-0060,60,Delivery/Takeaway,,2026-01-09 10:04:00,2026-01-09 10:15:00,Baked Goods,Sriracha Chicken Croissant,MENU0098,Food,Menu Item,275.0,1.0,275.0,0.31,Bill Discount,Synthetic promotion,274.69,13.73,0,0,0,0,288.42,,,,,
Delhi,ABNAH Cafe Saket Premium,,BILL-OUT003-260109-0061,61,Dine In,T21,2026-01-09 19:48:00,2026-01-09 20:17:00,Baked Goods,Banana Walnut Tea Cake,MENU0100,Dessert,Menu Item,205.0,2.0,410.0,22.76,Bill Discount,Synthetic promotion,387.24,19.36,0,0,0,0,406.6,,,,,
Delhi,ABNAH Cafe Saket Premium,,BILL-OUT003-260109-0062,62,Dine In,T05,2026-01-09 15:25:00,2026-01-09 15:53:00,Desserts,Double Chocolate Truffle Cake,MENU0102,Dessert,Menu Item,295.0,1.0,295.0,1.34,Bill Discount,Synthetic promotion,293.66,14.68,0,0,0,0,308.34,,,,,
Delhi,ABNAH Cafe Saket Premium,,BILL-OUT003-260109-0063,63,Dine In,T13,2026-01-09 16:24:00,2026-01-09 17:10:00,Desserts,Soft-Centred Caramel Cookie,MENU0105,Dessert,Menu Item,180.0,2.0,360.0,15.14,Bill Discount,Synthetic promotion,344.86,17.24,0,0,0,0,362.1,,,,,
Delhi,ABNAH Cafe Saket Premium,,BILL-OUT003-260109-0064,64,Dine In,T14,2026-01-09 14:22:00,2026-01-09 15:04:00,Desserts,Death by Chocolate Cookie,MENU0106,Dessert,Menu Item,190.0,1.0,190.0,8.52,Bill Discount,Synthetic promotion,181.48,9.07,0,0,0,0,190.55,,,,,
Delhi,ABNAH Cafe Saket Premium,,BILL-OUT003-260109-0065,65,Dine In,T02,2026-01-09 09:53:00,2026-01-09 10:41:00,Desserts,Apple Pie,MENU0108,Dessert,Menu Item,270.0,1.0,270.0,4.66,Bill Discount,Synthetic promotion,265.34,13.27,0,0,0,0,278.61,,,,,
Delhi,ABNAH Cafe Saket Premium,,BILL-OUT003-260109-0066,66,Dine In,T10,2026-01-09 13:16:00,2026-01-09 13:52:00,Desserts,Basque Cheesecake,MENU0109,Dessert,Menu Item,310.0,1.0,310.0,15.06,Bill Discount,Synthetic promotion,294.94,14.75,0,0,0,0,309.69,,,,,
Delhi,ABNAH Cafe Saket Premium,,BILL-OUT003-260109-0067,67,Dine In,T09,2026-01-09 11:29:00,2026-01-09 11:45:00,Baked Goods,Multigrain Walnut Tea Cake,MENU0110,Dessert,Menu Item,229.37,2.0,458.74,0.01,Bill Discount,Synthetic promotion,458.73,22.94,0,0,0,0,481.67,,,,,
Delhi,ABNAH Cafe Saket Premium,,BILL-OUT003-260110-0001,1,Dine In,T23,2026-01-10 09:55:00,2026-01-10 10:03:00,Coffee Classics,Americano - Regular,MENU0003,Beverage,Menu Item,185.0,2.0,370.0,9.22,Bill Discount,Synthetic promotion,360.78,18.04,0,0,0,0,378.82,,,,,
Delhi,ABNAH Cafe Saket Premium,,BILL-OUT003-260110-0002,2,Delivery/Takeaway,,2026-01-10 16:33:00,2026-01-10 17:13:00,Coffee Classics,Americano - Medium,MENU0004,Beverage,Menu Item,210.0,1.0,210.0,5.32,Bill Discount,Synthetic promotion,204.68,10.23,0,0,0,0,214.91,,,,,
Delhi,ABNAH Cafe Saket Premium,,BILL-OUT003-260110-0003,3,Delivery/Takeaway,,2026-01-10 12:02:00,2026-01-10 12:39:00,Coffee Classics,Americano - Large,MENU0005,Beverage,Menu Item,235.0,1.0,235.0,4.33,Bill Discount,Synthetic promotion,230.67,11.53,0,0,0,0,242.2,,,,,
Delhi,ABNAH Cafe Saket Premium,,BILL-OUT003-260110-0004,4,Delivery/Takeaway,,2026-01-10 11:30:00,2026-01-10 11:53:00,Coffee Classics,Latte - Regular,MENU0006,Beverage,Menu Item,225.0,2.0,450.0,11.56,Bill Discount,Synthetic promotion,438.44,21.92,0,0,0,0,460.36,,,,,
Delhi,ABNAH Cafe Saket Premium,,BILL-OUT003-260110-0005,5,Delivery/Takeaway,,2026-01-10 12:32:00,2026-01-10 12:56:00,Coffee Classics,Latte - Large,MENU0008,Beverage,Menu Item,276.53,1.0,276.53,0.0,,,276.53,13.83,0,0,0,0,290.36,,,,,
Delhi,ABNAH Cafe Saket Premium,,BILL-OUT003-260110-0006,6,Dine In,T12,2026-01-10 14:11:00,2026-01-10 14:51:00,Coffee Classics,Cappuccino - Regular,MENU0009,Beverage,Menu Item,228.2,4.0,912.8,0.0,,,912.81,45.64,0,0,0,0,958.45,,,,,
Delhi,ABNAH Cafe Saket Premium,,BILL-OUT003-260110-0007,7,Delivery/Takeaway,,2026-01-10 09:44:00,2026-01-10 10:20:00,Coffee Classics,Cappuccino - Medium,MENU0010,Beverage,Menu Item,250.0,1.0,250.0,0.4,Bill Discount,Synthetic promotion,249.6,12.48,0,0,0,0,262.08,,,,,
Delhi,ABNAH Cafe Saket Premium,,BILL-OUT003-260110-0008,8,Delivery/Takeaway,,2026-01-10 19:52:00,2026-01-10 20:37:00,Coffee Classics,Cappuccino - Large,MENU0011,Beverage,Menu Item,275.0,1.0,275.0,1.41,Bill Discount,Synthetic promotion,273.59,13.68,0,0,0,0,287.27,,,,,
Delhi,ABNAH Cafe Saket Premium,,BILL-OUT003-260110-0009,9,Delivery/Takeaway,,2026-01-10 08:01:00,2026-01-10 08:41:00,Coffee Classics,Flat White - Regular,MENU0012,Beverage,Menu Item,235.0,3.0,705.0,8.59,Bill Discount,Synthetic promotion,696.41,34.82,0,0,0,0,731.23,,,,,
Delhi,ABNAH Cafe Saket Premium,,BILL-OUT003-260110-0010,10,Delivery/Takeaway,,2026-01-10 11:06:00,2026-01-10 11:20:00,Coffee Classics,Flat White - Medium,MENU0013,Beverage,Menu Item,265.13,3.0,795.39,0.01,Bill Discount,Synthetic promotion,795.38,39.77,0,0,0,0,835.15,,,,,
Delhi,ABNAH Cafe Saket Premium,,BILL-OUT003-260110-0011,11,Delivery/Takeaway,,2026-01-10 14:24:00,2026-01-10 14:35:00,Coffee Classics,Flat White - Large,MENU0014,Beverage,Menu Item,285.0,1.0,285.0,1.8,Bill Discount,Synthetic promotion,283.2,14.16,0,0,0,0,297.36,,,,,
Delhi,ABNAH Cafe Saket Premium,,BILL-OUT003-260110-0012,12,Delivery/Takeaway,,2026-01-10 14:07:00,2026-01-10 14:43:00,Coffee Classics,Mocha - Regular,MENU0015,Beverage,Menu Item,249.59,2.0,499.18,0.01,Bill Discount,Synthetic promotion,499.17,24.96,0,0,0,0,524.13,,,,,
Delhi,ABNAH Cafe Saket Premium,,BILL-OUT003-260110-0013,13,Delivery/Takeaway,,2026-01-10 16:16:00,2026-01-10 16:27:00,Coffee Classics,Mocha - Medium,MENU0016,Beverage,Menu Item,270.0,6.0,1620.0,9.94,Bill Discount,Synthetic promotion,1610.06,80.5,0,0,0,0,1690.56,,,,,
Delhi,ABNAH Cafe Saket Premium,,BILL-OUT003-260110-0014,14,Dine In,T17,2026-01-10 11:29:00,2026-01-10 11:46:00,Coffee Classics,Mocha - Large,MENU0017,Beverage,Menu Item,295.0,1.0,295.0,14.99,Bill Discount,Synthetic promotion,280.01,14.0,0,0,0,0,294.01,,,,,
Delhi,ABNAH Cafe Saket Premium,,BILL-OUT003-260110-0015,15,Delivery/Takeaway,,2026-01-10 18:26:00,2026-01-10 19:04:00,Signature Coffee,Sea Salt Mocha - Medium,MENU0019,Beverage,Menu Item,305.0,4.0,1220.0,59.71,Bill Discount,Synthetic promotion,1160.29,58.01,0,0,0,0,1218.3,,,,,
Delhi,ABNAH Cafe Saket Premium,,BILL-OUT003-260110-0016,16,Dine In,T05,2026-01-10 15:49:00,2026-01-10 16:20:00,Signature Coffee,Sea Salt Mocha - Large,MENU0020,Beverage,Menu Item,335.0,1.0,335.0,12.36,Bill Discount,Synthetic promotion,322.64,16.13,0,0,0,0,338.77,,,,,
Delhi,ABNAH Cafe Saket Premium,,BILL-OUT003-260110-0017,17,Delivery/Takeaway,,2026-01-10 12:02:00,2026-01-10 12:36:00,Signature Coffee,Orange Zest Mocha - Regular,MENU0021,Beverage,Menu Item,270.0,2.0,540.0,14.8,Bill Discount,Synthetic promotion,525.2,26.26,0,0,0,0,551.46,,,,,
Delhi,ABNAH Cafe Saket Premium,,BILL-OUT003-260110-0018,18,Delivery/Takeaway,,2026-01-10 13:52:00,2026-01-10 14:36:00,Signature Coffee,Orange Zest Mocha - Large,MENU0023,Beverage,Menu Item,330.0,3.0,990.0,44.64,Bill Discount,Synthetic promotion,945.36,47.27,0,0,0,0,992.63,,,,,
Delhi,ABNAH Cafe Saket Premium,,BILL-OUT003-260110-0019,19,Delivery/Takeaway,,2026-01-10 13:39:00,2026-01-10 14:22:00,Signature Coffee,Caramel Macchiato - Medium,MENU0025,Beverage,Menu Item,300.43,1.0,300.43,0.0,,,300.43,15.02,0,0,0,0,315.45,,,,,
Delhi,ABNAH Cafe Saket Premium,,BILL-OUT003-260110-0020,20,Delivery/Takeaway,,2026-01-10 18:49:00,2026-01-10 19:07:00,Signature Coffee,Caramel Macchiato - Large,MENU0026,Beverage,Menu Item,325.0,1.0,325.0,2.44,Bill Discount,Synthetic promotion,322.56,16.13,0,0,0,0,338.69,,,,,
Delhi,ABNAH Cafe Saket Premium,,BILL-OUT003-260110-0021,21,Dine In,T18,2026-01-10 16:20:00,2026-01-10 16:42:00,Signature Coffee,French Vanilla Latte - Regular,MENU0027,Beverage,Menu Item,265.0,3.0,795.0,42.31,Bill Discount,Synthetic promotion,752.69,37.63,0,0,0,0,790.32,,,,,
Delhi,ABNAH Cafe Saket Premium,,BILL-OUT003-260110-0022,22,Delivery/Takeaway,,2026-01-10 19:33:00,2026-01-10 20:19:00,Signature Coffee,French Vanilla Latte - Medium,MENU0028,Beverage,Menu Item,295.0,2.0,590.0,4.46,Bill Discount,Synthetic promotion,585.54,29.28,0,0,0,0,614.82,,,,,
Delhi,ABNAH Cafe Saket Premium,,BILL-OUT003-260110-0023,23,Dine In,T11,2026-01-10 19:46:00,2026-01-10 20:21:00,Signature Coffee,French Vanilla Latte - Large,MENU0029,Beverage,Menu Item,325.0,2.0,650.0,4.33,Bill Discount,Synthetic promotion,645.67,32.28,0,0,0,0,677.95,,,,,
Delhi,ABNAH Cafe Saket Premium,,BILL-OUT003-260110-0024,24,Delivery/Takeaway,,2026-01-10 09:34:00,2026-01-10 10:19:00,Signature Coffee,Vegan Iced Latte - Medium,MENU0031,Beverage,Menu Item,314.62,1.0,314.62,0.0,,,314.62,15.73,0,0,0,0,330.35,,,,,
Delhi,ABNAH Cafe Saket Premium,,BILL-OUT003-260110-0025,25,Dine In,T23,2026-01-10 15:15:00,2026-01-10 15:49:00,Cold Brew,Classic Cold Brew - Regular,MENU0033,Beverage,Menu Item,225.0,2.0,450.0,15.82,Bill Discount,Synthetic promotion,434.18,21.71,0,0,0,0,455.89,,,,,
Delhi,ABNAH Cafe Saket Premium,,BILL-OUT003-260110-0026,26,Delivery/Takeaway,,2026-01-10 10:17:00,2026-01-10 10:49:00,Cold Brew,Classic Cold Brew - Large,MENU0035,Beverage,Menu Item,275.0,1.0,275.0,16.17,Bill Discount,Synthetic promotion,258.83,12.94,0,0,0,0,271.77,,,,,
Delhi,ABNAH Cafe Saket Premium,,BILL-OUT003-260110-0027,27,Dine In,T07,2026-01-10 09:08:00,2026-01-10 09:57:00,Cold Brew,Vietnamese Shakerato - Regular,MENU0039,Beverage,Menu Item,255.0,2.0,510.0,5.98,Bill Discount,Synthetic promotion,504.02,25.2,0,0,0,0,529.22,,,,,
Delhi,ABNAH Cafe Saket Premium,,BILL-OUT003-260110-0028,28,Dine In,T09,2026-01-10 16:10:00,2026-01-10 16:59:00,Cold Brew,Vietnamese Shakerato - Medium,MENU0040,Beverage,Menu Item,280.0,1.0,280.0,2.7,Bill Discount,Synthetic promotion,277.3,13.87,0,0,0,0,291.17,,,,,
Delhi,ABNAH Cafe Saket Premium,,BILL-OUT003-260110-0029,29,Delivery/Takeaway,,2026-01-10 13:12:00,2026-01-10 13:37:00,Cold Coffee,Classic Cold Coffee - Regular,MENU0042,Beverage,Menu Item,255.39,3.0,766.17,0.0,,,766.18,38.31,0,0,0,0,804.49,,,,,
Delhi,ABNAH Cafe Saket Premium,,BILL-OUT003-260110-0030,30,Delivery/Takeaway,,2026-01-10 11:45:00,2026-01-10 12:25:00,Cold Coffee,Classic Cold Coffee - Medium,MENU0043,Beverage,Menu Item,290.0,2.0,580.0,13.22,Bill Discount,Synthetic promotion,566.78,28.34,0,0,0,0,595.12,,,,,
Delhi,ABNAH Cafe Saket Premium,,BILL-OUT003-260110-0031,31,Dine In,T10,2026-01-10 16:09:00,2026-01-10 16:17:00,Cold Coffee,Mocha Cold Coffee - Regular,MENU0045,Beverage,Menu Item,285.0,1.0,285.0,7.49,Bill Discount,Synthetic promotion,277.51,13.88,0,0,0,0,291.39,,,,,
Delhi,ABNAH Cafe Saket Premium,,BILL-OUT003-260110-0032,32,Delivery/Takeaway,,2026-01-10 12:31:00,2026-01-10 13:18:00,Cold Coffee,Mocha Cold Coffee - Medium,MENU0046,Beverage,Menu Item,325.73,2.0,651.46,0.0,,,651.46,32.57,0,0,0,0,684.03,,,,,
Delhi,ABNAH Cafe Saket Premium,,BILL-OUT003-260110-0033,33,Delivery/Takeaway,,2026-01-10 11:03:00,2026-01-10 11:42:00,Cold Coffee,Mocha Cold Coffee - Large,MENU0047,Beverage,Menu Item,355.0,1.0,355.0,19.07,Bill Discount,Synthetic promotion,335.93,16.8,0,0,0,0,352.73,,,,,
Delhi,ABNAH Cafe Saket Premium,,BILL-OUT003-260110-0034,34,Delivery/Takeaway,,2026-01-10 11:40:00,2026-01-10 12:00:00,Cold Coffee,Caramel Cold Coffee - Medium,MENU0049,Beverage,Menu Item,320.0,2.0,640.0,35.92,Bill Discount,Synthetic promotion,604.08,30.2,0,0,0,0,634.28,,,,,
Delhi,ABNAH Cafe Saket Premium,,BILL-OUT003-260110-0035,35,Delivery/Takeaway,,2026-01-10 10:02:00,2026-01-10 10:28:00,Tea,Masala Chai Latte - Medium,MENU0052,Beverage,Menu Item,223.53,1.0,223.53,0.0,,,223.53,11.18,0,0,0,0,234.71,,,,,
Delhi,ABNAH Cafe Saket Premium,,BILL-OUT003-260110-0036,36,Delivery/Takeaway,,2026-01-10 17:59:00,2026-01-10 18:42:00,Tea,Japanese Matcha Latte - Regular,MENU0055,Beverage,Menu Item,265.0,2.0,530.0,7.74,Bill Discount,Synthetic promotion,522.26,26.11,0,0,0,0,548.37,,,,,
Delhi,ABNAH Cafe Saket Premium,,BILL-OUT003-260110-0037,37,Dine In,T01,2026-01-10 10:21:00,2026-01-10 11:03:00,Tea,Japanese Matcha Latte - Large,MENU0057,Beverage,Menu Item,325.0,1.0,325.0,7.02,Bill Discount,Synthetic promotion,317.98,15.9,0,0,0,0,333.88,,,,,
Delhi,ABNAH Cafe Saket Premium,,BILL-OUT003-260110-0038,38,Delivery/Takeaway,,2026-01-10 14:03:00,2026-01-10 14:15:00,Iced Tea,Lemon Iced Tea - Regular,MENU0058,Beverage,Menu Item,205.0,2.0,410.0,2.74,Bill Discount,Synthetic promotion,407.26,20.36,0,0,0,0,427.62,,,,,
Delhi,ABNAH Cafe Saket Premium,,BILL-OUT003-260110-0039,39,Delivery/Takeaway,,2026-01-10 18:09:00,2026-01-10 18:22:00,Iced Tea,Hibiscus Lime Iced Tea - Medium,MENU0062,Beverage,Menu Item,250.0,1.0,250.0,12.85,Bill Discount,Synthetic promotion,237.15,11.86,0,0,0,0,249.01,,,,,
Delhi,ABNAH Cafe Saket Premium,,BILL-OUT003-260110-0040,40,Delivery/Takeaway,,2026-01-10 13:09:00,2026-01-10 13:34:00,Kids Beverage,Hot Chocolate - Medium,MENU0065,Beverage,Menu Item,245.0,1.0,245.0,13.69,Bill Discount,Synthetic promotion,231.31,11.57,0,0,0,0,242.88,,,,,
Delhi,ABNAH Cafe Saket Premium,,BILL-OUT003-260110-0041,41,Delivery/Takeaway,,2026-01-10 19:50:00,2026-01-10 20:14:00,Shake,Choco Chip Shake - Regular,MENU0068,Beverage,Menu Item,295.0,1.0,295.0,8.5,Bill Discount,Synthetic promotion,286.5,14.32,0,0,0,0,300.82,,,,,
Delhi,ABNAH Cafe Saket Premium,,BILL-OUT003-260110-0042,42,Delivery/Takeaway,,2026-01-10 08:05:00,2026-01-10 08:26:00,Shake,Choco Chip Shake - Large,MENU0070,Beverage,Menu Item,365.0,1.0,365.0,12.57,Bill Discount,Synthetic promotion,352.43,17.62,0,0,0,0,370.05,,,,,
Delhi,ABNAH Cafe Saket Premium,,BILL-OUT003-260110-0043,43,Dine In,T05,2026-01-10 11:12:00,2026-01-10 11:21:00,Smoothie,Seasonal Smoothie - Regular,MENU0074,Beverage,Menu Item,305.0,1.0,305.0,13.01,Bill Discount,Synthetic promotion,291.99,14.6,0,0,0,0,306.59,,,,,
Delhi,ABNAH Cafe Saket Premium,,BILL-OUT003-260110-0044,44,Delivery/Takeaway,,2026-01-10 17:03:00,2026-01-10 17:50:00,Smoothie,Seasonal Smoothie - Large,MENU0076,Beverage,Menu Item,375.0,1.0,375.0,12.69,Bill Discount,Synthetic promotion,362.31,18.12,0,0,0,0,380.43,,,,,
Delhi,ABNAH Cafe Saket Premium,,BILL-OUT003-260110-0045,45,Dine In,T04,2026-01-10 15:34:00,2026-01-10 15:59:00,Wraps,Spicy Paneer Wrap,MENU0077,Food,Menu Item,275.0,3.0,825.0,24.65,Bill Discount,Synthetic promotion,800.35,40.02,0,0,0,0,840.37,,,,,
Delhi,ABNAH Cafe Saket Premium,,BILL-OUT003-260110-0046,46,Delivery/Takeaway,,2026-01-10 11:40:00,2026-01-10 12:28:00,Wraps,Shredded Chicken Wrap,MENU0078,Food,Menu Item,295.0,1.0,295.0,17.6,Bill Discount,Synthetic promotion,277.4,13.87,0,0,0,0,291.27,,,,,
Delhi,ABNAH Cafe Saket Premium,,BILL-OUT003-260110-0047,47,Dine In,T21,2026-01-10 09:07:00,2026-01-10 09:53:00,Sandwiches,Smoked Chipotle Paneer Sandwich,MENU0079,Food,Menu Item,295.0,1.0,295.0,9.58,Bill Discount,Synthetic promotion,285.42,14.27,0,0,0,0,299.69,,,,,
Delhi,ABNAH Cafe Saket Premium,,BILL-OUT003-260110-0048,48,Delivery/Takeaway,,2026-01-10 13:19:00,2026-01-10 13:35:00,Sandwiches,Pesto Veg Sandwich,MENU0080,Food,Menu Item,283.57,1.0,283.57,0.0,,,283.57,14.18,0,0,0,0,297.75,,,,,
Delhi,ABNAH Cafe Saket Premium,,BILL-OUT003-260110-0049,49,Delivery/Takeaway,,2026-01-10 17:04:00,2026-01-10 17:48:00,Sandwiches,Pepper Chicken Sandwich,MENU0081,Food,Menu Item,315.0,1.0,315.0,10.7,Bill Discount,Synthetic promotion,304.3,15.21,0,0,0,0,319.51,,,,,
Delhi,ABNAH Cafe Saket Premium,,BILL-OUT003-260110-0050,50,Dine In,T22,2026-01-10 12:18:00,2026-01-10 12:36:00,Sandwiches,Tandoori Chicken Sandwich,MENU0082,Food,Menu Item,320.0,1.0,320.0,18.03,Bill Discount,Synthetic promotion,301.97,15.1,0,0,0,0,317.07,,,,,
Delhi,ABNAH Cafe Saket Premium,,BILL-OUT003-260110-0051,51,Dine In,T21,2026-01-10 11:01:00,2026-01-10 11:43:00,Toasts,Chicken Pepperoni Avocado Toast,MENU0084,Food,Menu Item,330.0,1.0,330.0,8.29,Bill Discount,Synthetic promotion,321.71,16.09,0,0,0,0,337.8,,,,,
Delhi,ABNAH Cafe Saket Premium,,BILL-OUT003-260110-0052,52,Dine In,T15,2026-01-10 14:09:00,2026-01-10 14:33:00,Breakfast,Scallion Pepper Cream Cheese Bagel,MENU0088,Food,Menu Item,265.0,1.0,265.0,2.24,Bill Discount,Synthetic promotion,262.76,13.14,0,0,0,0,275.9,,,,,
Delhi,ABNAH Cafe Saket Premium,,BILL-OUT003-260110-0053,53,Delivery/Takeaway,,2026-01-10 17:51:00,2026-01-10 18:32:00,Breakfast,Masala Egg Bun,MENU0089,Food,Menu Item,226.36,1.0,226.36,0.0,,,226.36,11.32,0,0,0,0,237.68,,,,,
Delhi,ABNAH Cafe Saket Premium,,BILL-OUT003-260110-0054,54,Delivery/Takeaway,,2026-01-10 16:55:00,2026-01-10 17:22:00,Snacks,Marinara Cheese Pin Wheels,MENU0090,Food,Menu Item,215.0,1.0,215.0,2.16,Bill Discount,Synthetic promotion,212.84,10.64,0,0,0,0,223.48,,,,,
Delhi,ABNAH Cafe Saket Premium,,BILL-OUT003-260110-0055,55,Dine In,T05,2026-01-10 10:34:00,2026-01-10 11:03:00,Snacks,Turnover with Brioche Dough Chicken,MENU0092,Food,Menu Item,255.0,1.0,255.0,4.25,Bill Discount,Synthetic promotion,250.75,12.54,0,0,0,0,263.29,,,,,
Delhi,ABNAH Cafe Saket Premium,,BILL-OUT003-260110-0056,56,Dine In,T04,2026-01-10 14:39:00,2026-01-10 15:09:00,Baked Goods,Butter Croissant,MENU0094,Food,Menu Item,195.0,2.0,390.0,11.42,Bill Discount,Synthetic promotion,378.58,18.93,0,0,0,0,397.51,,,,,
Delhi,ABNAH Cafe Saket Premium,,BILL-OUT003-260110-0057,57,Dine In,T13,2026-01-10 13:45:00,2026-01-10 14:10:00,Baked Goods,Almond Croissant,MENU0095,Food,Menu Item,245.0,1.0,245.0,14.42,Bill Discount,Synthetic promotion,230.58,11.53,0,0,0,0,242.11,,,,,
Delhi,ABNAH Cafe Saket Premium,,BILL-OUT003-260110-0058,58,Dine In,T06,2026-01-10 10:47:00,2026-01-10 11:22:00,Baked Goods,Sriracha Chicken Croissant,MENU0098,Food,Menu Item,275.0,2.0,550.0,10.07,Bill Discount,Synthetic promotion,539.93,27.0,0,0,0,0,566.93,,,,,
Delhi,ABNAH Cafe Saket Premium,,BILL-OUT003-260110-0059,59,Dine In,T02,2026-01-10 17:56:00,2026-01-10 18:23:00,Baked Goods,Banana Walnut Tea Cake,MENU0100,Dessert,Menu Item,205.0,1.0,205.0,4.19,Bill Discount,Synthetic promotion,200.81,10.04,0,0,0,0,210.85,,,,,
Delhi,ABNAH Cafe Saket Premium,,BILL-OUT003-260110-0060,60,Delivery/Takeaway,,2026-01-10 15:57:00,2026-01-10 16:19:00,Baked Goods,Lemon Raspberry Tea Cake,MENU0101,Dessert,Menu Item,215.0,2.0,430.0,15.68,Bill Discount,Synthetic promotion,414.32,20.72,0,0,0,0,435.04,,,,,
Delhi,ABNAH Cafe Saket Premium,,BILL-OUT003-260110-0061,61,Dine In,T06,2026-01-10 10:51:00,2026-01-10 11:23:00,Desserts,Double Chocolate Truffle Cake,MENU0102,Dessert,Menu Item,295.0,2.0,590.0,10.98,Bill Discount,Synthetic promotion,579.02,28.95,0,0,0,0,607.97,,,,,
Delhi,ABNAH Cafe Saket Premium,,BILL-OUT003-260110-0062,62,Delivery/Takeaway,,2026-01-10 15:34:00,2026-01-10 16:10:00,Desserts,Classic Chocolate Fudge Brownie,MENU0104,Dessert,Menu Item,195.0,2.0,390.0,13.09,Bill Discount,Synthetic promotion,376.91,18.85,0,0,0,0,395.76,,,,,
Delhi,ABNAH Cafe Saket Premium,,BILL-OUT003-260110-0063,63,Delivery/Takeaway,,2026-01-10 13:30:00,2026-01-10 14:16:00,Desserts,Soft-Centred Caramel Cookie,MENU0105,Dessert,Menu Item,183.44,2.0,366.88,0.0,,,366.89,18.34,0,0,0,0,385.23,,,,,
Delhi,ABNAH Cafe Saket Premium,,BILL-OUT003-260110-0064,64,Delivery/Takeaway,,2026-01-10 19:16:00,2026-01-10 19:48:00,Desserts,Death by Chocolate Cookie,MENU0106,Dessert,Menu Item,190.0,1.0,190.0,10.39,Bill Discount,Synthetic promotion,179.61,8.98,0,0,0,0,188.59,,,,,
Delhi,ABNAH Cafe Saket Premium,,BILL-OUT003-260110-0065,65,Dine In,T17,2026-01-10 15:22:00,2026-01-10 15:53:00,Desserts,Apple Pie,MENU0108,Dessert,Menu Item,270.0,1.0,270.0,5.78,Bill Discount,Synthetic promotion,264.22,13.21,0,0,0,0,277.43,,,,,
Delhi,ABNAH Cafe Saket Premium,,BILL-OUT003-260111-0001,1,Delivery/Takeaway,,2026-01-11 10:45:00,2026-01-11 11:14:00,Coffee Classics,Americano - Regular,MENU0003,Beverage,Menu Item,185.0,1.0,185.0,3.52,Bill Discount,Synthetic promotion,181.48,9.07,0,0,0,0,190.55,,,,,
Delhi,ABNAH Cafe Saket Premium,,BILL-OUT003-260111-0002,2,Delivery/Takeaway,,2026-01-11 15:48:00,2026-01-11 16:19:00,Coffee Classics,Americano - Medium,MENU0004,Beverage,Menu Item,210.0,3.0,630.0,35.26,Bill Discount,Synthetic promotion,594.74,29.74,0,0,0,0,624.48,,,,,
Delhi,ABNAH Cafe Saket Premium,,BILL-OUT003-260111-0003,3,Delivery/Takeaway,,2026-01-11 16:50:00,2026-01-11 17:30:00,Coffee Classics,Americano - Large,MENU0005,Beverage,Menu Item,235.0,1.0,235.0,11.97,Bill Discount,Synthetic promotion,223.03,11.15,0,0,0,0,234.18,,,,,
Delhi,ABNAH Cafe Saket Premium,,BILL-OUT003-260111-0004,4,Delivery/Takeaway,,2026-01-11 19:49:00,2026-01-11 20:16:00,Coffee Classics,Latte - Regular,MENU0006,Beverage,Menu Item,225.0,3.0,675.0,3.25,Bill Discount,Synthetic promotion,671.75,33.59,0,0,0,0,705.34,,,,,
Delhi,ABNAH Cafe Saket Premium,,BILL-OUT003-260111-0005,5,Dine In,T01,2026-01-11 09:27:00,2026-01-11 09:58:00,Coffee Classics,Latte - Medium,MENU0007,Beverage,Menu Item,253.53,2.0,507.06,0.0,,,507.06,25.35,0,0,0,0,532.41,,,,,
Delhi,ABNAH Cafe Saket Premium,,BILL-OUT003-260111-0006,6,Delivery/Takeaway,,2026-01-11 16:22:00,2026-01-11 17:04:00,Coffee Classics,Latte - Large,MENU0008,Beverage,Menu Item,275.0,1.0,275.0,11.24,Bill Discount,Synthetic promotion,263.76,13.19,0,0,0,0,276.95,,,,,
Delhi,ABNAH Cafe Saket Premium,,BILL-OUT003-260111-0007,7,Delivery/Takeaway,,2026-01-11 16:28:00,2026-01-11 17:07:00,Coffee Classics,Cappuccino - Regular,MENU0009,Beverage,Menu Item,225.0,2.0,450.0,2.5,Bill Discount,Synthetic promotion,447.5,22.38,0,0,0,0,469.88,,,,,
Delhi,ABNAH Cafe Saket Premium,,BILL-OUT003-260111-0008,8,Delivery/Takeaway,,2026-01-11 11:36:00,2026-01-11 11:45:00,Coffee Classics,Cappuccino - Medium,MENU0010,Beverage,Menu Item,252.91,2.0,505.82,0.01,Bill Discount,Synthetic promotion,505.81,25.29,0,0,0,0,531.1,,,,,
Delhi,ABNAH Cafe Saket Premium,,BILL-OUT003-260111-0009,9,Delivery/Takeaway,,2026-01-11 15:18:00,2026-01-11 16:03:00,Coffee Classics,Flat White - Regular,MENU0012,Beverage,Menu Item,235.77,4.0,943.08,0.0,,,943.09,47.15,0,0,0,0,990.24,,,,,
Delhi,ABNAH Cafe Saket Premium,,BILL-OUT003-260111-0010,10,Dine In,T17,2026-01-11 16:49:00,2026-01-11 17:24:00,Coffee Classics,Flat White - Medium,MENU0013,Beverage,Menu Item,260.0,1.0,260.0,1.57,Bill Discount,Synthetic promotion,258.43,12.92,0,0,0,0,271.35,,,,,
Delhi,ABNAH Cafe Saket Premium,,BILL-OUT003-260111-0011,11,Delivery/Takeaway,,2026-01-11 18:27:00,2026-01-11 18:44:00,Coffee Classics,Mocha - Regular,MENU0015,Beverage,Menu Item,245.0,8.0,1960.0,108.66,Bill Discount,Synthetic promotion,1851.34,92.57,0,0,0,0,1943.91,,,,,
Delhi,ABNAH Cafe Saket Premium,,BILL-OUT003-260111-0012,12,Dine In,T13,2026-01-11 08:59:00,2026-01-11 09:34:00,Coffee Classics,Mocha - Medium,MENU0016,Beverage,Menu Item,270.0,5.0,1350.0,39.43,Bill Discount,Synthetic promotion,1310.57,65.53,0,0,0,0,1376.1,,,,,
Delhi,ABNAH Cafe Saket Premium,,BILL-OUT003-260111-0013,13,Delivery/Takeaway,,2026-01-11 15:49:00,2026-01-11 16:01:00,Coffee Classics,Mocha - Large,MENU0017,Beverage,Menu Item,295.0,2.0,590.0,20.24,Bill Discount,Synthetic promotion,569.76,28.49,0,0,0,0,598.25,,,,,
Delhi,ABNAH Cafe Saket Premium,,BILL-OUT003-260111-0014,14,Dine In,T16,2026-01-11 18:21:00,2026-01-11 19:00:00,Signature Coffee,Sea Salt Mocha - Medium,MENU0019,Beverage,Menu Item,305.0,1.0,305.0,8.81,Bill Discount,Synthetic promotion,296.19,14.81,0,0,0,0,311.0,,,,,
Delhi,ABNAH Cafe Saket Premium,,BILL-OUT003-260111-0015,15,Delivery/Takeaway,,2026-01-11 14:30:00,2026-01-11 14:54:00,Signature Coffee,Orange Zest Mocha - Regular,MENU0021,Beverage,Menu Item,270.0,1.0,270.0,12.38,Bill Discount,Synthetic promotion,257.62,12.88,0,0,0,0,270.5,,,,,
Delhi,ABNAH Cafe Saket Premium,,BILL-OUT003-260111-0016,16,Dine In,T05,2026-01-11 13:56:00,2026-01-11 14:36:00,Signature Coffee,Orange Zest Mocha - Medium,MENU0022,Beverage,Menu Item,300.0,1.0,300.0,2.48,Bill Discount,Synthetic promotion,297.52,14.88,0,0,0,0,312.4,,,,,
Delhi,ABNAH Cafe Saket Premium,,BILL-OUT003-260111-0017,17,Dine In,T23,2026-01-11 16:58:00,2026-01-11 17:20:00,Signature Coffee,Orange Zest Mocha - Large,MENU0023,Beverage,Menu Item,336.08,1.0,336.08,0.0,,,336.08,16.8,0,0,0,0,352.88,,,,,
Delhi,ABNAH Cafe Saket Premium,,BILL-OUT003-260111-0018,18,Delivery/Takeaway,,2026-01-11 12:38:00,2026-01-11 12:54:00,Signature Coffee,Caramel Macchiato - Medium,MENU0025,Beverage,Menu Item,295.65,1.0,295.65,0.0,,,295.65,14.78,0,0,0,0,310.43,,,,,
Delhi,ABNAH Cafe Saket Premium,,BILL-OUT003-260111-0019,19,Dine In,T15,2026-01-11 12:01:00,2026-01-11 12:21:00,Signature Coffee,French Vanilla Latte - Regular,MENU0027,Beverage,Menu Item,265.0,3.0,795.0,45.71,Bill Discount,Synthetic promotion,749.29,37.46,0,0,0,0,786.75,,,,,
Delhi,ABNAH Cafe Saket Premium,,BILL-OUT003-260111-0020,20,Delivery/Takeaway,,2026-01-11 15:57:00,2026-01-11 16:37:00,Signature Coffee,French Vanilla Latte - Large,MENU0029,Beverage,Menu Item,325.0,1.0,325.0,12.3,Bill Discount,Synthetic promotion,312.7,15.63,0,0,0,0,328.33,,,,,
Delhi,ABNAH Cafe Saket Premium,,BILL-OUT003-260111-0021,21,Dine In,T02,2026-01-11 08:12:00,2026-01-11 08:34:00,Signature Coffee,Vegan Iced Latte - Large,MENU0032,Beverage,Menu Item,335.0,1.0,335.0,8.6,Bill Discount,Synthetic promotion,326.4,16.32,0,0,0,0,342.72,,,,,
Delhi,ABNAH Cafe Saket Premium,,BILL-OUT003-260111-0022,22,Delivery/Takeaway,,2026-01-11 10:15:00,2026-01-11 10:25:00,Cold Brew,Classic Cold Brew - Regular,MENU0033,Beverage,Menu Item,225.0,1.0,225.0,12.37,Bill Discount,Synthetic promotion,212.63,10.63,0,0,0,0,223.26,,,,,
Delhi,ABNAH Cafe Saket Premium,,BILL-OUT003-260111-0023,23,Dine In,T13,2026-01-11 12:16:00,2026-01-11 12:39:00,Cold Brew,Coffee Lemonade - Medium,MENU0037,Beverage,Menu Item,260.96,1.0,260.96,0.0,,,260.96,13.05,0,0,0,0,274.01,,,,,
Delhi,ABNAH Cafe Saket Premium,,BILL-OUT003-260111-0024,24,Dine In,T21,2026-01-11 13:55:00,2026-01-11 14:19:00,Cold Brew,Coffee Lemonade - Large,MENU0038,Beverage,Menu Item,285.0,1.0,285.0,4.15,Bill Discount,Synthetic promotion,280.85,14.04,0,0,0,0,294.89,,,,,
Delhi,ABNAH Cafe Saket Premium,,BILL-OUT003-260111-0025,25,Delivery/Takeaway,,2026-01-11 10:47:00,2026-01-11 11:21:00,Cold Brew,Vietnamese Shakerato - Regular,MENU0039,Beverage,Menu Item,255.0,1.0,255.0,6.23,Bill Discount,Synthetic promotion,248.77,12.44,0,0,0,0,261.21,,,,,
Delhi,ABNAH Cafe Saket Premium,,BILL-OUT003-260111-0026,26,Dine In,T22,2026-01-11 09:55:00,2026-01-11 10:17:00,Cold Brew,Vietnamese Shakerato - Medium,MENU0040,Beverage,Menu Item,280.0,2.0,560.0,9.32,Bill Discount,Synthetic promotion,550.68,27.53,0,0,0,0,578.21,,,,,
Delhi,ABNAH Cafe Saket Premium,,BILL-OUT003-260111-0027,27,Delivery/Takeaway,,2026-01-11 13:57:00,2026-01-11 14:09:00,Cold Brew,Vietnamese Shakerato - Large,MENU0041,Beverage,Menu Item,305.0,1.0,305.0,8.18,Bill Discount,Synthetic promotion,296.82,14.84,0,0,0,0,311.66,,,,,
Delhi,ABNAH Cafe Saket Premium,,BILL-OUT003-260111-0028,28,Dine In,T06,2026-01-11 09:59:00,2026-01-11 10:09:00,Cold Coffee,Classic Cold Coffee - Medium,MENU0043,Beverage,Menu Item,290.0,1.0,290.0,10.79,Bill Discount,Synthetic promotion,279.21,13.96,0,0,0,0,293.17,,,,,
Delhi,ABNAH Cafe Saket Premium,,BILL-OUT003-260111-0029,29,Delivery/Takeaway,,2026-01-11 13:48:00,2026-01-11 14:32:00,Cold Coffee,Classic Cold Coffee - Large,MENU0044,Beverage,Menu Item,329.33,2.0,658.66,0.0,,,658.67,32.93,0,0,0,0,691.6,,,,,
Delhi,ABNAH Cafe Saket Premium,,BILL-OUT003-260111-0030,30,Delivery/Takeaway,,2026-01-11 11:52:00,2026-01-11 12:05:00,Cold Coffee,Mocha Cold Coffee - Regular,MENU0045,Beverage,Menu Item,285.0,1.0,285.0,13.77,Bill Discount,Synthetic promotion,271.23,13.56,0,0,0,0,284.79,,,,,
Delhi,ABNAH Cafe Saket Premium,,BILL-OUT003-260111-0031,31,Delivery/Takeaway,,2026-01-11 11:30:00,2026-01-11 12:01:00,Cold Coffee,Caramel Cold Coffee - Medium,MENU0049,Beverage,Menu Item,320.0,3.0,960.0,42.21,Bill Discount,Synthetic promotion,917.79,45.89,0,0,0,0,963.68,,,,,
Delhi,ABNAH Cafe Saket Premium,,BILL-OUT003-260111-0032,32,Dine In,T20,2026-01-11 14:38:00,2026-01-11 15:27:00,Cold Coffee,Caramel Cold Coffee - Large,MENU0050,Beverage,Menu Item,361.56,1.0,361.56,0.0,,,361.56,18.08,0,0,0,0,379.64,,,,,
Delhi,ABNAH Cafe Saket Premium,,BILL-OUT003-260111-0033,33,Delivery/Takeaway,,2026-01-11 10:53:00,2026-01-11 11:24:00,Tea,Masala Chai Latte - Regular,MENU0051,Beverage,Menu Item,195.28,2.0,390.56,0.01,Bill Discount,Synthetic promotion,390.55,19.53,0,0,0,0,410.08,,,,,
Delhi,ABNAH Cafe Saket Premium,,BILL-OUT003-260111-0034,34,Dine In,T12,2026-01-11 13:42:00,2026-01-11 14:18:00,Tea,Japanese Matcha Latte - Regular,MENU0055,Beverage,Menu Item,265.0,1.0,265.0,14.92,Bill Discount,Synthetic promotion,250.08,12.5,0,0,0,0,262.58,,,,,
Delhi,ABNAH Cafe Saket Premium,,BILL-OUT003-260111-0035,35,Delivery/Takeaway,,2026-01-11 19:12:00,2026-01-11 19:28:00,Iced Tea,Lemon Iced Tea - Medium,MENU0059,Beverage,Menu Item,230.0,2.0,460.0,24.69,Bill Discount,Synthetic promotion,435.31,21.77,0,0,0,0,457.08,,,,,
Delhi,ABNAH Cafe Saket Premium,,BILL-OUT003-260111-0036,36,Delivery/Takeaway,,2026-01-11 19:59:00,2026-01-11 20:13:00,Iced Tea,Lemon Iced Tea - Large,MENU0060,Beverage,Menu Item,255.0,1.0,255.0,10.27,Bill Discount,Synthetic promotion,244.73,12.24,0,0,0,0,256.97,,,,,
Delhi,ABNAH Cafe Saket Premium,,BILL-OUT003-260111-0037,37,Delivery/Takeaway,,2026-01-11 12:57:00,2026-01-11 13:32:00,Kids Beverage,Babyccino - Regular,MENU0067,Beverage,Menu Item,165.0,2.0,330.0,0.5,Bill Discount,Synthetic promotion,329.5,16.48,0,0,0,0,345.98,,,,,
Delhi,ABNAH Cafe Saket Premium,,BILL-OUT003-260111-0038,38,Delivery/Takeaway,,2026-01-11 18:37:00,2026-01-11 19:13:00,Shake,Choco Chip Shake - Regular,MENU0068,Beverage,Menu Item,295.0,1.0,295.0,1.65,Bill Discount,Synthetic promotion,293.35,14.67,0,0,0,0,308.02,,,,,
Delhi,ABNAH Cafe Saket Premium,,BILL-OUT003-260111-0039,39,Delivery/Takeaway,,2026-01-11 17:57:00,2026-01-11 18:24:00,Shake,Choco Chip Shake - Medium,MENU0069,Beverage,Menu Item,330.0,1.0,330.0,8.8,Bill Discount,Synthetic promotion,321.2,16.06,0,0,0,0,337.26,,,,,
Delhi,ABNAH Cafe Saket Premium,,BILL-OUT003-260111-0040,40,Dine In,T07,2026-01-11 13:56:00,2026-01-11 14:35:00,Shake,Mixed Berry Shake - Regular,MENU0071,Beverage,Menu Item,317.04,1.0,317.04,0.0,,,317.04,15.85,0,0,0,0,332.89,,,,,
Delhi,ABNAH Cafe Saket Premium,,BILL-OUT003-260111-0041,41,Delivery/Takeaway,,2026-01-11 15:21:00,2026-01-11 15:44:00,Shake,Mixed Berry Shake - Medium,MENU0072,Beverage,Menu Item,350.0,1.0,350.0,14.17,Bill Discount,Synthetic promotion,335.83,16.79,0,0,0,0,352.62,,,,,
Delhi,ABNAH Cafe Saket Premium,,BILL-OUT003-260111-0042,42,Delivery/Takeaway,,2026-01-11 09:16:00,2026-01-11 09:33:00,Smoothie,Seasonal Smoothie - Regular,MENU0074,Beverage,Menu Item,305.0,1.0,305.0,0.88,Bill Discount,Synthetic promotion,304.12,15.21,0,0,0,0,319.33,,,,,
Delhi,ABNAH Cafe Saket Premium,,BILL-OUT003-260111-0043,43,Delivery/Takeaway,,2026-01-11 18:36:00,2026-01-11 18:55:00,Sandwiches,Smoked Chipotle Paneer Sandwich,MENU0079,Food,Menu Item,297.0,1.0,297.0,0.0,,,297.0,14.85,0,0,0,0,311.85,,,,,
Delhi,ABNAH Cafe Saket Premium,,BILL-OUT003-260111-0044,44,Delivery/Takeaway,,2026-01-11 14:27:00,2026-01-11 14:53:00,Sandwiches,Pepper Chicken Sandwich,MENU0081,Food,Menu Item,315.0,2.0,630.0,6.64,Bill Discount,Synthetic promotion,623.36,31.17,0,0,0,0,654.53,,,,,
Delhi,ABNAH Cafe Saket Premium,,BILL-OUT003-260111-0045,45,Dine In,T11,2026-01-11 10:57:00,2026-01-11 11:17:00,Breakfast,Masala Egg Bun,MENU0089,Food,Menu Item,225.0,1.0,225.0,8.56,Bill Discount,Synthetic promotion,216.44,10.82,0,0,0,0,227.26,,,,,
Delhi,ABNAH Cafe Saket Premium,,BILL-OUT003-260111-0046,46,Delivery/Takeaway,,2026-01-11 08:43:00,2026-01-11 09:15:00,Snacks,Marinara Cheese Pin Wheels,MENU0090,Food,Menu Item,215.0,2.0,430.0,17.16,Bill Discount,Synthetic promotion,412.84,20.64,0,0,0,0,433.48,,,,,
Delhi,ABNAH Cafe Saket Premium,,BILL-OUT003-260111-0047,47,Delivery/Takeaway,,2026-01-11 13:18:00,2026-01-11 13:54:00,Baked Goods,Banana Walnut Tea Cake,MENU0100,Dessert,Menu Item,205.0,1.0,205.0,11.03,Bill Discount,Synthetic promotion,193.97,9.7,0,0,0,0,203.67,,,,,
Delhi,ABNAH Cafe Saket Premium,,BILL-OUT003-260111-0048,48,Delivery/Takeaway,,2026-01-11 15:52:00,2026-01-11 16:00:00,Desserts,Banoffee Pie,MENU0103,Dessert,Menu Item,285.0,1.0,285.0,13.93,Bill Discount,Synthetic promotion,271.07,13.55,0,0,0,0,284.62,,,,,
Delhi,ABNAH Cafe Saket Premium,,BILL-OUT003-260111-0049,49,Delivery/Takeaway,,2026-01-11 11:10:00,2026-01-11 11:58:00,Desserts,Classic Chocolate Fudge Brownie,MENU0104,Dessert,Menu Item,195.0,3.0,585.0,3.43,Bill Discount,Synthetic promotion,581.57,29.08,0,0,0,0,610.65,,,,,
Delhi,ABNAH Cafe Saket Premium,,BILL-OUT003-260111-0050,50,Delivery/Takeaway,,2026-01-11 19:36:00,2026-01-11 20:13:00,Desserts,Soft-Centred Caramel Cookie,MENU0105,Dessert,Menu Item,180.0,2.0,360.0,16.04,Bill Discount,Synthetic promotion,343.96,17.2,0,0,0,0,361.16,,,,,
Delhi,ABNAH Cafe Saket Premium,,BILL-OUT003-260111-0051,51,Delivery/Takeaway,,2026-01-11 08:00:00,2026-01-11 08:19:00,Desserts,Jaggery Parmesan Cookie,MENU0107,Dessert,Menu Item,170.0,1.0,170.0,5.74,Bill Discount,Synthetic promotion,164.26,8.21,0,0,0,0,172.47,,,,,
Delhi,ABNAH Cafe Saket Premium,,BILL-OUT003-260111-0052,52,Delivery/Takeaway,,2026-01-11 17:18:00,2026-01-11 17:52:00,Desserts,Apple Pie,MENU0108,Dessert,Menu Item,270.0,1.0,270.0,12.18,Bill Discount,Synthetic promotion,257.82,12.89,0,0,0,0,270.71,,,,,
Delhi,ABNAH Cafe Saket Premium,,BILL-OUT003-260111-0053,53,Delivery/Takeaway,,2026-01-11 18:19:00,2026-01-11 18:59:00,Desserts,Basque Cheesecake,MENU0109,Dessert,Menu Item,310.0,1.0,310.0,4.83,Bill Discount,Synthetic promotion,305.17,15.26,0,0,0,0,320.43,,,,,
Delhi,ABNAH Cafe Saket Premium,,BILL-OUT003-260111-0054,54,Delivery/Takeaway,,2026-01-11 09:39:00,2026-01-11 10:02:00,Baked Goods,Multigrain Walnut Tea Cake,MENU0110,Dessert,Menu Item,225.0,1.0,225.0,3.33,Bill Discount,Synthetic promotion,221.67,11.08,0,0,0,0,232.75,,,,,
Delhi,ABNAH Cafe Saket Premium,,BILL-OUT003-260112-0001,1,Delivery/Takeaway,,2026-01-12 14:45:00,2026-01-12 15:01:00,Coffee Classics,Americano - Medium,MENU0004,Beverage,Menu Item,210.0,2.0,420.0,4.04,Bill Discount,Synthetic promotion,415.96,20.8,0,0,0,0,436.76,,,,,
Delhi,ABNAH Cafe Saket Premium,,BILL-OUT003-260112-0002,2,Dine In,T22,2026-01-12 17:52:00,2026-01-12 18:17:00,Coffee Classics,Americano - Large,MENU0005,Beverage,Menu Item,235.0,3.0,705.0,7.19,Bill Discount,Synthetic promotion,697.81,34.89,0,0,0,0,732.7,,,,,
Delhi,ABNAH Cafe Saket Premium,,BILL-OUT003-260112-0003,3,Delivery/Takeaway,,2026-01-12 12:56:00,2026-01-12 13:10:00,Coffee Classics,Latte - Regular,MENU0006,Beverage,Menu Item,225.26,2.0,450.52,0.0,,,450.52,22.53,0,0,0,0,473.05,,,,,
Delhi,ABNAH Cafe Saket Premium,,BILL-OUT003-260112-0004,4,Delivery/Takeaway,,2026-01-12 13:43:00,2026-01-12 14:05:00,Coffee Classics,Latte - Medium,MENU0007,Beverage,Menu Item,254.45,1.0,254.45,0.0,,,254.45,12.72,0,0,0,0,267.17,,,,,
Delhi,ABNAH Cafe Saket Premium,,BILL-OUT003-260112-0005,5,Delivery/Takeaway,,2026-01-12 13:13:00,2026-01-12 13:36:00,Coffee Classics,Latte - Large,MENU0008,Beverage,Menu Item,275.0,1.0,275.0,6.51,Bill Discount,Synthetic promotion,268.49,13.42,0,0,0,0,281.91,,,,,
Delhi,ABNAH Cafe Saket Premium,,BILL-OUT003-260112-0006,6,Delivery/Takeaway,,2026-01-12 09:44:00,2026-01-12 10:18:00,Coffee Classics,Cappuccino - Medium,MENU0010,Beverage,Menu Item,250.0,2.0,500.0,24.86,Bill Discount,Synthetic promotion,475.14,23.76,0,0,0,0,498.9,,,,,
Delhi,ABNAH Cafe Saket Premium,,BILL-OUT003-260112-0007,7,Delivery/Takeaway,,2026-01-12 17:46:00,2026-01-12 17:54:00,Coffee Classics,Cappuccino - Large,MENU0011,Beverage,Menu Item,279.94,1.0,279.94,0.0,,,279.94,14.0,0,0,0,0,293.94,,,,,
Delhi,ABNAH Cafe Saket Premium,,BILL-OUT003-260112-0008,8,Delivery/Takeaway,,2026-01-12 12:49:00,2026-01-12 13:21:00,Coffee Classics,Flat White - Large,MENU0014,Beverage,Menu Item,285.0,2.0,570.0,26.01,Bill Discount,Synthetic promotion,543.99,27.2,0,0,0,0,571.19,,,,,
Delhi,ABNAH Cafe Saket Premium,,BILL-OUT003-260112-0009,9,Delivery/Takeaway,,2026-01-12 09:52:00,2026-01-12 10:08:00,Coffee Classics,Mocha - Medium,MENU0016,Beverage,Menu Item,270.0,1.0,270.0,8.54,Bill Discount,Synthetic promotion,261.46,13.07,0,0,0,0,274.53,,,,,
Delhi,ABNAH Cafe Saket Premium,,BILL-OUT003-260112-0010,10,Delivery/Takeaway,,2026-01-12 09:02:00,2026-01-12 09:37:00,Signature Coffee,French Vanilla Latte - Regular,MENU0027,Beverage,Menu Item,265.0,1.0,265.0,6.8,Bill Discount,Synthetic promotion,258.2,12.91,0,0,0,0,271.11,,,,,
Delhi,ABNAH Cafe Saket Premium,,BILL-OUT003-260112-0011,11,Delivery/Takeaway,,2026-01-12 11:26:00,2026-01-12 12:15:00,Signature Coffee,French Vanilla Latte - Medium,MENU0028,Beverage,Menu Item,296.63,1.0,296.63,0.0,,,296.63,14.83,0,0,0,0,311.46,,,,,
Delhi,ABNAH Cafe Saket Premium,,BILL-OUT003-260112-0012,12,Delivery/Takeaway,,2026-01-12 19:53:00,2026-01-12 20:41:00,Signature Coffee,French Vanilla Latte - Large,MENU0029,Beverage,Menu Item,325.0,1.0,325.0,0.64,Bill Discount,Synthetic promotion,324.36,16.22,0,0,0,0,340.58,,,,,
Delhi,ABNAH Cafe Saket Premium,,BILL-OUT003-260112-0013,13,Dine In,T10,2026-01-12 19:26:00,2026-01-12 19:48:00,Signature Coffee,Vegan Iced Latte - Medium,MENU0031,Beverage,Menu Item,310.82,1.0,310.82,0.0,,,310.82,15.54,0,0,0,0,326.36,,,,,
Delhi,ABNAH Cafe Saket Premium,,BILL-OUT003-260112-0014,14,Delivery/Takeaway,,2026-01-12 13:28:00,2026-01-12 13:46:00,Signature Coffee,Vegan Iced Latte - Large,MENU0032,Beverage,Menu Item,340.4,1.0,340.4,0.0,,,340.4,17.02,0,0,0,0,357.42,,,,,
Delhi,ABNAH Cafe Saket Premium,,BILL-OUT003-260112-0015,15,Delivery/Takeaway,,2026-01-12 14:34:00,2026-01-12 14:57:00,Cold Brew,Classic Cold Brew - Medium,MENU0034,Beverage,Menu Item,250.0,1.0,250.0,12.75,Bill Discount,Synthetic promotion,237.25,11.86,0,0,0,0,249.11,,,,,
Delhi,ABNAH Cafe Saket Premium,,BILL-OUT003-260112-0016,16,Delivery/Takeaway,,2026-01-12 17:04:00,2026-01-12 17:36:00,Cold Brew,Coffee Lemonade - Regular,MENU0036,Beverage,Menu Item,235.06,1.0,235.06,0.0,,,235.06,11.75,0,0,0,0,246.81,,,,,
Delhi,ABNAH Cafe Saket Premium,,BILL-OUT003-260112-0017,17,Delivery/Takeaway,,2026-01-12 15:12:00,2026-01-12 15:28:00,Cold Brew,Vietnamese Shakerato - Regular,MENU0039,Beverage,Menu Item,255.0,2.0,510.0,3.23,Bill Discount,Synthetic promotion,506.77,25.34,0,0,0,0,532.11,,,,,
Delhi,ABNAH Cafe Saket Premium,,BILL-OUT003-260112-0018,18,Dine In,T23,2026-01-12 08:58:00,2026-01-12 09:14:00,Cold Brew,Vietnamese Shakerato - Large,MENU0041,Beverage,Menu Item,305.0,1.0,305.0,1.65,Bill Discount,Synthetic promotion,303.35,15.17,0,0,0,0,318.52,,,,,
Delhi,ABNAH Cafe Saket Premium,,BILL-OUT003-260112-0019,19,Dine In,T07,2026-01-12 08:40:00,2026-01-12 09:23:00,Cold Coffee,Classic Cold Coffee - Regular,MENU0042,Beverage,Menu Item,255.0,3.0,765.0,13.28,Bill Discount,Synthetic promotion,751.72,37.59,0,0,0,0,789.31,,,,,
Delhi,ABNAH Cafe Saket Premium,,BILL-OUT003-260112-0020,20,Dine In,T13,2026-01-12 13:20:00,2026-01-12 14:04:00,Cold Coffee,Classic Cold Coffee - Large,MENU0044,Beverage,Menu Item,331.4,1.0,331.4,0.0,,,331.4,16.57,0,0,0,0,347.97,,,,,
Delhi,ABNAH Cafe Saket Premium,,BILL-OUT003-260112-0021,21,Delivery/Takeaway,,2026-01-12 13:52:00,2026-01-12 14:05:00,Cold Coffee,Mocha Cold Coffee - Medium,MENU0046,Beverage,Menu Item,323.14,2.0,646.28,0.0,,,646.29,32.31,0,0,0,0,678.6,,,,,
Delhi,ABNAH Cafe Saket Premium,,BILL-OUT003-260112-0022,22,Delivery/Takeaway,,2026-01-12 10:08:00,2026-01-12 10:24:00,Cold Coffee,Mocha Cold Coffee - Large,MENU0047,Beverage,Menu Item,355.43,1.0,355.43,0.0,,,355.43,17.77,0,0,0,0,373.2,,,,,
Delhi,ABNAH Cafe Saket Premium,,BILL-OUT003-260112-0023,23,Dine In,T23,2026-01-12 19:15:00,2026-01-12 19:41:00,Cold Coffee,Caramel Cold Coffee - Medium,MENU0049,Beverage,Menu Item,320.51,1.0,320.51,0.0,,,320.51,16.03,0,0,0,0,336.54,,,,,
Delhi,ABNAH Cafe Saket Premium,,BILL-OUT003-260112-0024,24,Dine In,T12,2026-01-12 19:00:00,2026-01-12 19:32:00,Tea,Masala Chai Latte - Regular,MENU0051,Beverage,Menu Item,195.0,1.0,195.0,7.31,Bill Discount,Synthetic promotion,187.69,9.38,0,0,0,0,197.07,,,,,
Delhi,ABNAH Cafe Saket Premium,,BILL-OUT003-260112-0025,25,Delivery/Takeaway,,2026-01-12 18:19:00,2026-01-12 19:06:00,Tea,Masala Chai Latte - Medium,MENU0052,Beverage,Menu Item,220.0,2.0,440.0,23.31,Bill Discount,Synthetic promotion,416.69,20.83,0,0,0,0,437.52,,,,,
Delhi,ABNAH Cafe Saket Premium,,BILL-OUT003-260112-0026,26,Dine In,T04,2026-01-12 14:22:00,2026-01-12 14:43:00,Tea,Himalayan Green Tea,MENU0054,Beverage,Menu Item,210.0,1.0,210.0,2.45,Bill Discount,Synthetic promotion,207.55,10.38,0,0,0,0,217.93,,,,,
Delhi,ABNAH Cafe Saket Premium,,BILL-OUT003-260112-0027,27,Delivery/Takeaway,,2026-01-12 14:36:00,2026-01-12 14:55:00,Tea,Japanese Matcha Latte - Regular,MENU0055,Beverage,Menu Item,265.0,2.0,530.0,23.84,Bill Discount,Synthetic promotion,506.16,25.31,0,0,0,0,531.47,,,,,
Delhi,ABNAH Cafe Saket Premium,,BILL-OUT003-260112-0028,28,Delivery/Takeaway,,2026-01-12 16:19:00,2026-01-12 16:31:00,Kids Beverage,Hot Chocolate - Regular,MENU0064,Beverage,Menu Item,220.0,1.0,220.0,11.3,Bill Discount,Synthetic promotion,208.7,10.44,0,0,0,0,219.14,,,,,
Delhi,ABNAH Cafe Saket Premium,,BILL-OUT003-260112-0029,29,Dine In,T24,2026-01-12 15:44:00,2026-01-12 16:20:00,Shake,Choco Chip Shake - Regular,MENU0068,Beverage,Menu Item,295.0,1.0,295.0,16.4,Bill Discount,Synthetic promotion,278.6,13.93,0,0,0,0,292.53,,,,,
Delhi,ABNAH Cafe Saket Premium,,BILL-OUT003-260112-0030,30,Delivery/Takeaway,,2026-01-12 15:29:00,2026-01-12 16:04:00,Shake,Mixed Berry Shake - Regular,MENU0071,Beverage,Menu Item,315.0,1.0,315.0,17.43,Bill Discount,Synthetic promotion,297.57,14.88,0,0,0,0,312.45,,,,,
Delhi,ABNAH Cafe Saket Premium,,BILL-OUT003-260112-0031,31,Delivery/Takeaway,,2026-01-12 16:38:00,2026-01-12 16:51:00,Smoothie,Seasonal Smoothie - Regular,MENU0074,Beverage,Menu Item,305.0,1.0,305.0,5.18,Bill Discount,Synthetic promotion,299.82,14.99,0,0,0,0,314.81,,,,,
Delhi,ABNAH Cafe Saket Premium,,BILL-OUT003-260112-0032,32,Delivery/Takeaway,,2026-01-12 11:09:00,2026-01-12 11:21:00,Sandwiches,Smoked Chipotle Paneer Sandwich,MENU0079,Food,Menu Item,295.18,1.0,295.18,0.0,,,295.18,14.76,0,0,0,0,309.94,,,,,
Delhi,ABNAH Cafe Saket Premium,,BILL-OUT003-260112-0033,33,Dine In,T08,2026-01-12 11:53:00,2026-01-12 12:18:00,Platter,Hummus and Pita Platter,MENU0085,Food,Menu Item,310.0,1.0,310.0,4.53,Bill Discount,Synthetic promotion,305.47,15.27,0,0,0,0,320.74,,,,,
Delhi,ABNAH Cafe Saket Premium,,BILL-OUT003-260112-0034,34,Delivery/Takeaway,,2026-01-12 11:44:00,2026-01-12 12:00:00,Breakfast,Masala Egg Bun,MENU0089,Food,Menu Item,227.84,3.0,683.52,0.0,,,683.53,34.18,0,0,0,0,717.71,,,,,
Delhi,ABNAH Cafe Saket Premium,,BILL-OUT003-260112-0035,35,Delivery/Takeaway,,2026-01-12 17:29:00,2026-01-12 17:51:00,Snacks,Marinara Cheese Pin Wheels,MENU0090,Food,Menu Item,215.32,2.0,430.64,0.0,,,430.65,21.53,0,0,0,0,452.18,,,,,
Delhi,ABNAH Cafe Saket Premium,,BILL-OUT003-260112-0036,36,Delivery/Takeaway,,2026-01-12 14:43:00,2026-01-12 15:26:00,Baked Goods,Almond Croissant,MENU0095,Food,Menu Item,249.65,1.0,249.65,0.0,,,249.65,12.48,0,0,0,0,262.13,,,,,
Delhi,ABNAH Cafe Saket Premium,,BILL-OUT003-260112-0037,37,Dine In,T16,2026-01-12 13:49:00,2026-01-12 14:35:00,Baked Goods,Sriracha Chicken Croissant,MENU0098,Food,Menu Item,275.0,1.0,275.0,8.73,Bill Discount,Synthetic promotion,266.27,13.31,0,0,0,0,279.58,,,,,
Delhi,ABNAH Cafe Saket Premium,,BILL-OUT003-260112-0038,38,Dine In,T02,2026-01-12 10:49:00,2026-01-12 11:34:00,Baked Goods,Lemon Raspberry Tea Cake,MENU0101,Dessert,Menu Item,215.0,1.0,215.0,3.69,Bill Discount,Synthetic promotion,211.31,10.57,0,0,0,0,221.88,,,,,
Delhi,ABNAH Cafe Saket Premium,,BILL-OUT003-260112-0039,39,Dine In,T06,2026-01-12 17:14:00,2026-01-12 17:42:00,Desserts,Banoffee Pie,MENU0103,Dessert,Menu Item,285.0,2.0,570.0,7.31,Bill Discount,Synthetic promotion,562.69,28.13,0,0,0,0,590.82,,,,,
Delhi,ABNAH Cafe Saket Premium,,BILL-OUT003-260112-0040,40,Delivery/Takeaway,,2026-01-12 10:53:00,2026-01-12 11:37:00,Desserts,Classic Chocolate Fudge Brownie,MENU0104,Dessert,Menu Item,195.0,2.0,390.0,21.57,Bill Discount,Synthetic promotion,368.43,18.42,0,0,0,0,386.85,,,,,
Delhi,ABNAH Cafe Saket Premium,,BILL-OUT003-260112-0041,41,Delivery/Takeaway,,2026-01-12 13:26:00,2026-01-12 13:41:00,Desserts,Soft-Centred Caramel Cookie,MENU0105,Dessert,Menu Item,180.0,1.0,180.0,0.09,Bill Discount,Synthetic promotion,179.91,9.0,0,0,0,0,188.91,,,,,
Delhi,ABNAH Cafe Saket Premium,,BILL-OUT003-260112-0042,42,Dine In,T03,2026-01-12 16:32:00,2026-01-12 16:43:00,Desserts,Jaggery Parmesan Cookie,MENU0107,Dessert,Menu Item,173.17,1.0,173.17,0.0,,,173.17,8.66,0,0,0,0,181.83,,,,,
Delhi,ABNAH Cafe Saket Premium,,BILL-OUT003-260113-0001,1,Dine In,T05,2026-01-13 08:15:00,2026-01-13 08:24:00,Coffee Classics,Americano - Regular,MENU0003,Beverage,Menu Item,185.0,2.0,370.0,12.59,Bill Discount,Synthetic promotion,357.41,17.87,0,0,0,0,375.28,,,,,
Delhi,ABNAH Cafe Saket Premium,,BILL-OUT003-260113-0002,2,Delivery/Takeaway,,2026-01-13 18:02:00,2026-01-13 18:25:00,Coffee Classics,Americano - Medium,MENU0004,Beverage,Menu Item,210.0,3.0,630.0,16.22,Bill Discount,Synthetic promotion,613.78,30.69,0,0,0,0,644.47,,,,,
Delhi,ABNAH Cafe Saket Premium,,BILL-OUT003-260113-0003,3,Delivery/Takeaway,,2026-01-13 09:18:00,2026-01-13 10:04:00,Coffee Classics,Latte - Regular,MENU0006,Beverage,Menu Item,225.0,4.0,900.0,33.4,Bill Discount,Synthetic promotion,866.6,43.33,0,0,0,0,909.93,,,,,
Delhi,ABNAH Cafe Saket Premium,,BILL-OUT003-260113-0004,4,Delivery/Takeaway,,2026-01-13 11:31:00,2026-01-13 12:20:00,Coffee Classics,Latte - Medium,MENU0007,Beverage,Menu Item,254.59,3.0,763.77,0.0,,,763.77,38.19,0,0,0,0,801.96,,,,,
Delhi,ABNAH Cafe Saket Premium,,BILL-OUT003-260113-0005,5,Delivery/Takeaway,,2026-01-13 18:08:00,2026-01-13 18:32:00,Coffee Classics,Cappuccino - Regular,MENU0009,Beverage,Menu Item,225.0,4.0,900.0,19.96,Bill Discount,Synthetic promotion,880.04,44.0,0,0,0,0,924.04,,,,,
Delhi,ABNAH Cafe Saket Premium,,BILL-OUT003-260113-0006,6,Delivery/Takeaway,,2026-01-13 14:17:00,2026-01-13 14:32:00,Coffee Classics,Cappuccino - Large,MENU0011,Beverage,Menu Item,275.0,1.0,275.0,12.49,Bill Discount,Synthetic promotion,262.51,13.13,0,0,0,0,275.64,,,,,
Delhi,ABNAH Cafe Saket Premium,,BILL-OUT003-260113-0007,7,Delivery/Takeaway,,2026-01-13 19:11:00,2026-01-13 19:29:00,Coffee Classics,Flat White - Regular,MENU0012,Beverage,Menu Item,235.0,2.0,470.0,24.13,Bill Discount,Synthetic promotion,445.87,22.29,0,0,0,0,468.16,,,,,
Delhi,ABNAH Cafe Saket Premium,,BILL-OUT003-260113-0008,8,Delivery/Takeaway,,2026-01-13 16:34:00,2026-01-13 17:15:00,Coffee Classics,Flat White - Medium,MENU0013,Beverage,Menu Item,260.0,2.0,520.0,22.46,Bill Discount,Synthetic promotion,497.54,24.88,0,0,0,0,522.42,,,,,
Delhi,ABNAH Cafe Saket Premium,,BILL-OUT003-260113-0009,9,Delivery/Takeaway,,2026-01-13 13:08:00,2026-01-13 13:39:00,Coffee Classics,Flat White - Large,MENU0014,Beverage,Menu Item,285.0,2.0,570.0,15.54,Bill Discount,Synthetic promotion,554.46,27.72,0,0,0,0,582.18,,,,,
Delhi,ABNAH Cafe Saket Premium,,BILL-OUT003-260113-0010,10,Delivery/Takeaway,,2026-01-13 12:42:00,2026-01-13 12:51:00,Signature Coffee,Sea Salt Mocha - Regular,MENU0018,Beverage,Menu Item,275.0,2.0,550.0,20.94,Bill Discount,Synthetic promotion,529.06,26.45,0,0,0,0,555.51,,,,,
Delhi,ABNAH Cafe Saket Premium,,BILL-OUT003-260113-0011,11,Delivery/Takeaway,,2026-01-13 17:38:00,2026-01-13 18:07:00,Signature Coffee,Sea Salt Mocha - Medium,MENU0019,Beverage,Menu Item,305.0,1.0,305.0,10.14,Bill Discount,Synthetic promotion,294.86,14.74,0,0,0,0,309.6,,,,,
Delhi,ABNAH Cafe Saket Premium,,BILL-OUT003-260113-0012,12,Dine In,T24,2026-01-13 10:29:00,2026-01-13 11:14:00,Signature Coffee,Orange Zest Mocha - Medium,MENU0022,Beverage,Menu Item,300.0,2.0,600.0,29.02,Bill Discount,Synthetic promotion,570.98,28.55,0,0,0,0,599.53,,,,,
Delhi,ABNAH Cafe Saket Premium,,BILL-OUT003-260113-0013,13,Delivery/Takeaway,,2026-01-13 09:30:00,2026-01-13 09:54:00,Signature Coffee,Orange Zest Mocha - Large,MENU0023,Beverage,Menu Item,330.0,1.0,330.0,16.59,Bill Discount,Synthetic promotion,313.41,15.67,0,0,0,0,329.08,,,,,
Delhi,ABNAH Cafe Saket Premium,,BILL-OUT003-260113-0014,14,Dine In,T18,2026-01-13 15:52:00,2026-01-13 16:07:00,Signature Coffee,Caramel Macchiato - Regular,MENU0024,Beverage,Menu Item,265.86,3.0,797.58,0.0,,,797.59,39.88,0,0,0,0,837.47,,,,,
Delhi,ABNAH Cafe Saket Premium,,BILL-OUT003-260113-0015,15,Delivery/Takeaway,,2026-01-13 13:24:00,2026-01-13 13:34:00,Signature Coffee,Caramel Macchiato - Medium,MENU0025,Beverage,Menu Item,295.0,2.0,590.0,15.53,Bill Discount,Synthetic promotion,574.47,28.72,0,0,0,0,603.19,,,,,
Delhi,ABNAH Cafe Saket Premium,,BILL-OUT003-260113-0016,16,Delivery/Takeaway,,2026-01-13 19:40:00,2026-01-13 19:52:00,Signature Coffee,Caramel Macchiato - Large,MENU0026,Beverage,Menu Item,325.0,1.0,325.0,9.05,Bill Discount,Synthetic promotion,315.95,15.8,0,0,0,0,331.75,,,,,
Delhi,ABNAH Cafe Saket Premium,,BILL-OUT003-260113-0017,17,Dine In,T03,2026-01-13 13:22:00,2026-01-13 13:32:00,Signature Coffee,French Vanilla Latte - Regular,MENU0027,Beverage,Menu Item,265.0,1.0,265.0,2.61,Bill Discount,Synthetic promotion,262.39,13.12,0,0,0,0,275.51,,,,,
Delhi,ABNAH Cafe Saket Premium,,BILL-OUT003-260113-0018,18,Delivery/Takeaway,,2026-01-13 15:53:00,2026-01-13 16:03:00,Signature Coffee,French Vanilla Latte - Large,MENU0029,Beverage,Menu Item,325.0,1.0,325.0,6.35,Bill Discount,Synthetic promotion,318.65,15.93,0,0,0,0,334.58,,,,,
Delhi,ABNAH Cafe Saket Premium,,BILL-OUT003-260113-0019,19,Delivery/Takeaway,,2026-01-13 14:43:00,2026-01-13 15:08:00,Signature Coffee,Vegan Iced Latte - Regular,MENU0030,Beverage,Menu Item,285.04,1.0,285.04,0.0,,,285.04,14.25,0,0,0,0,299.29,,,,,
Delhi,ABNAH Cafe Saket Premium,,BILL-OUT003-260113-0020,20,Dine In,T18,2026-01-13 19:40:00,2026-01-13 20:20:00,Signature Coffee,Vegan Iced Latte - Medium,MENU0031,Beverage,Menu Item,310.0,2.0,620.0,33.77,Bill Discount,Synthetic promotion,586.23,29.31,0,0,0,0,615.54,,,,,
Delhi,ABNAH Cafe Saket Premium,,BILL-OUT003-260113-0021,21,Dine In,T04,2026-01-13 10:39:00,2026-01-13 11:04:00,Signature Coffee,Vegan Iced Latte - Large,MENU0032,Beverage,Menu Item,335.0,2.0,670.0,18.17,Bill Discount,Synthetic promotion,651.83,32.59,0,0,0,0,684.42,,,,,
Delhi,ABNAH Cafe Saket Premium,,BILL-OUT003-260113-0022,22,Delivery/Takeaway,,2026-01-13 19:34:00,2026-01-13 19:44:00,Cold Brew,Classic Cold Brew - Regular,MENU0033,Beverage,Menu Item,225.0,1.0,225.0,12.7,Bill Discount,Synthetic promotion,212.3,10.62,0,0,0,0,222.92,,,,,
Delhi,ABNAH Cafe Saket Premium,,BILL-OUT003-260113-0023,23,Delivery/Takeaway,,2026-01-13 13:11:00,2026-01-13 13:21:00,Cold Brew,Coffee Lemonade - Regular,MENU0036,Beverage,Menu Item,235.0,1.0,235.0,10.08,Bill Discount,Synthetic promotion,224.92,11.25,0,0,0,0,236.17,,,,,
Delhi,ABNAH Cafe Saket Premium,,BILL-OUT003-260113-0024,24,Delivery/Takeaway,,2026-01-13 10:04:00,2026-01-13 10:15:00,Cold Brew,Coffee Lemonade - Large,MENU0038,Beverage,Menu Item,285.0,3.0,855.0,37.32,Bill Discount,Synthetic promotion,817.68,40.88,0,0,0,0,858.56,,,,,
Delhi,ABNAH Cafe Saket Premium,,BILL-OUT003-260113-0025,25,Delivery/Takeaway,,2026-01-13 12:28:00,2026-01-13 13:16:00,Cold Brew,Vietnamese Shakerato - Medium,MENU0040,Beverage,Menu Item,283.28,1.0,283.28,0.0,,,283.28,14.16,0,0,0,0,297.44,,,,,
Delhi,ABNAH Cafe Saket Premium,,BILL-OUT003-260113-0026,26,Delivery/Takeaway,,2026-01-13 13:34:00,2026-01-13 13:58:00,Cold Brew,Vietnamese Shakerato - Large,MENU0041,Beverage,Menu Item,305.0,1.0,305.0,9.49,Bill Discount,Synthetic promotion,295.51,14.78,0,0,0,0,310.29,,,,,
Delhi,ABNAH Cafe Saket Premium,,BILL-OUT003-260113-0027,27,Delivery/Takeaway,,2026-01-13 13:55:00,2026-01-13 14:42:00,Cold Coffee,Classic Cold Coffee - Regular,MENU0042,Beverage,Menu Item,255.72,1.0,255.72,0.0,,,255.72,12.79,0,0,0,0,268.51,,,,,
Delhi,ABNAH Cafe Saket Premium,,BILL-OUT003-260113-0028,28,Delivery/Takeaway,,2026-01-13 08:02:00,2026-01-13 08:48:00,Cold Coffee,Classic Cold Coffee - Medium,MENU0043,Beverage,Menu Item,290.0,1.0,290.0,12.67,Bill Discount,Synthetic promotion,277.33,13.87,0,0,0,0,291.2,,,,,
Delhi,ABNAH Cafe Saket Premium,,BILL-OUT003-260113-0029,29,Delivery/Takeaway,,2026-01-13 11:22:00,2026-01-13 12:01:00,Cold Coffee,Classic Cold Coffee - Large,MENU0044,Beverage,Menu Item,331.35,2.0,662.7,0.0,,,662.7,33.13,0,0,0,0,695.83,,,,,
Delhi,ABNAH Cafe Saket Premium,,BILL-OUT003-260113-0030,30,Delivery/Takeaway,,2026-01-13 13:28:00,2026-01-13 14:15:00,Cold Coffee,Mocha Cold Coffee - Medium,MENU0046,Beverage,Menu Item,320.0,1.0,320.0,18.33,Bill Discount,Synthetic promotion,301.67,15.08,0,0,0,0,316.75,,,,,
Delhi,ABNAH Cafe Saket Premium,,BILL-OUT003-260113-0031,31,Delivery/Takeaway,,2026-01-13 14:18:00,2026-01-13 15:02:00,Cold Coffee,Mocha Cold Coffee - Large,MENU0047,Beverage,Menu Item,355.0,1.0,355.0,19.27,Bill Discount,Synthetic promotion,335.73,16.79,0,0,0,0,352.52,,,,,
Delhi,ABNAH Cafe Saket Premium,,BILL-OUT003-260113-0032,32,Delivery/Takeaway,,2026-01-13 17:24:00,2026-01-13 18:10:00,Cold Coffee,Caramel Cold Coffee - Medium,MENU0049,Beverage,Menu Item,320.0,1.0,320.0,1.19,Bill Discount,Synthetic promotion,318.81,15.94,0,0,0,0,334.75,,,,,
Delhi,ABNAH Cafe Saket Premium,,BILL-OUT003-260113-0033,33,Delivery/Takeaway,,2026-01-13 14:02:00,2026-01-13 14:37:00,Tea,Masala Chai Latte - Medium,MENU0052,Beverage,Menu Item,220.0,3.0,660.0,11.8,Bill Discount,Synthetic promotion,648.2,32.41,0,0,0,0,680.61,,,,,
Delhi,ABNAH Cafe Saket Premium,,BILL-OUT003-260113-0034,34,Delivery/Takeaway,,2026-01-13 12:57:00,2026-01-13 13:40:00,Tea,Japanese Matcha Latte - Large,MENU0057,Beverage,Menu Item,325.0,1.0,325.0,0.1,Bill Discount,Synthetic promotion,324.9,16.25,0,0,0,0,341.15,,,,,
Delhi,ABNAH Cafe Saket Premium,,BILL-OUT003-260113-0035,35,Delivery/Takeaway,,2026-01-13 15:36:00,2026-01-13 16:09:00,Iced Tea,Lemon Iced Tea - Large,MENU0060,Beverage,Menu Item,255.0,1.0,255.0,12.36,Bill Discount,Synthetic promotion,242.64,12.13,0,0,0,0,254.77,,,,,
Delhi,ABNAH Cafe Saket Premium,,BILL-OUT003-260113-0036,36,Delivery/Takeaway,,2026-01-13 08:40:00,2026-01-13 08:59:00,Iced Tea,Hibiscus Lime Iced Tea - Regular,MENU0061,Beverage,Menu Item,227.57,1.0,227.57,0.0,,,227.57,11.38,0,0,0,0,238.95,,,,,
Delhi,ABNAH Cafe Saket Premium,,BILL-OUT003-260113-0037,37,Delivery/Takeaway,,2026-01-13 15:16:00,2026-01-13 15:33:00,Kids Beverage,Hot Chocolate - Medium,MENU0065,Beverage,Menu Item,245.0,1.0,245.0,13.71,Bill Discount,Synthetic promotion,231.29,11.56,0,0,0,0,242.85,,,,,
Delhi,ABNAH Cafe Saket Premium,,BILL-OUT003-260113-0038,38,Delivery/Takeaway,,2026-01-13 08:12:00,2026-01-13 08:53:00,Smoothie,Seasonal Smoothie - Medium,MENU0075,Beverage,Menu Item,340.0,2.0,680.0,26.37,Bill Discount,Synthetic promotion,653.63,32.68,0,0,0,0,686.31,,,,,
Delhi,ABNAH Cafe Saket Premium,,BILL-OUT003-260113-0039,39,Delivery/Takeaway,,2026-01-13 18:04:00,2026-01-13 18:20:00,Sandwiches,Smoked Chipotle Paneer Sandwich,MENU0079,Food,Menu Item,295.0,2.0,590.0,10.44,Bill Discount,Synthetic promotion,579.56,28.98,0,0,0,0,608.54,,,,,
Delhi,ABNAH Cafe Saket Premium,,BILL-OUT003-260113-0040,40,Delivery/Takeaway,,2026-01-13 17:46:00,2026-01-13 18:03:00,Sandwiches,Pesto Veg Sandwich,MENU0080,Food,Menu Item,280.0,1.0,280.0,9.58,Bill Discount,Synthetic promotion,270.42,13.52,0,0,0,0,283.94,,,,,
Delhi,ABNAH Cafe Saket Premium,,BILL-OUT003-260113-0041,41,Delivery/Takeaway,,2026-01-13 18:39:00,2026-01-13 19:07:00,Toasts,Chilli Cheese Garlic Toast,MENU0083,Food,Menu Item,235.0,1.0,235.0,0.21,Bill Discount,Synthetic promotion,234.79,11.74,0,0,0,0,246.53,,,,,
Delhi,ABNAH Cafe Saket Premium,,BILL-OUT003-260113-0042,42,Delivery/Takeaway,,2026-01-13 10:40:00,2026-01-13 11:19:00,Baked Goods,Sriracha Chicken Croissant,MENU0098,Food,Menu Item,275.0,1.0,275.0,9.78,Bill Discount,Synthetic promotion,265.22,13.26,0,0,0,0,278.48,,,,,
Delhi,ABNAH Cafe Saket Premium,,BILL-OUT003-260113-0043,43,Delivery/Takeaway,,2026-01-13 19:51:00,2026-01-13 20:40:00,Baked Goods,Banana Walnut Tea Cake,MENU0100,Dessert,Menu Item,208.22,1.0,208.22,0.0,,,208.22,10.41,0,0,0,0,218.63,,,,,
Delhi,ABNAH Cafe Saket Premium,,BILL-OUT003-260113-0044,44,Dine In,T10,2026-01-13 11:25:00,2026-01-13 12:04:00,Baked Goods,Lemon Raspberry Tea Cake,MENU0101,Dessert,Menu Item,215.0,1.0,215.0,5.01,Bill Discount,Synthetic promotion,209.99,10.5,0,0,0,0,220.49,,,,,
Delhi,ABNAH Cafe Saket Premium,,BILL-OUT003-260113-0045,45,Delivery/Takeaway,,2026-01-13 09:12:00,2026-01-13 09:36:00,Desserts,Double Chocolate Truffle Cake,MENU0102,Dessert,Menu Item,295.0,1.0,295.0,13.23,Bill Discount,Synthetic promotion,281.77,14.09,0,0,0,0,295.86,,,,,
Delhi,ABNAH Cafe Saket Premium,,BILL-OUT003-260113-0046,46,Dine In,T07,2026-01-13 15:30:00,2026-01-13 16:11:00,Desserts,Classic Chocolate Fudge Brownie,MENU0104,Dessert,Menu Item,195.0,1.0,195.0,8.43,Bill Discount,Synthetic promotion,186.57,9.33,0,0,0,0,195.9,,,,,
Delhi,ABNAH Cafe Saket Premium,,BILL-OUT003-260113-0047,47,Delivery/Takeaway,,2026-01-13 13:11:00,2026-01-13 13:49:00,Desserts,Death by Chocolate Cookie,MENU0106,Dessert,Menu Item,190.0,1.0,190.0,7.92,Bill Discount,Synthetic promotion,182.08,9.1,0,0,0,0,191.18,,,,,
Delhi,ABNAH Cafe Saket Premium,,BILL-OUT003-260113-0048,48,Dine In,T23,2026-01-13 16:56:00,2026-01-13 17:11:00,Desserts,Apple Pie,MENU0108,Dessert,Menu Item,270.0,1.0,270.0,12.94,Bill Discount,Synthetic promotion,257.06,12.85,0,0,0,0,269.91,,,,,
Delhi,ABNAH Cafe Saket Premium,,BILL-OUT003-260113-0049,49,Delivery/Takeaway,,2026-01-13 19:00:00,2026-01-13 19:48:00,Desserts,Basque Cheesecake,MENU0109,Dessert,Menu Item,310.0,1.0,310.0,6.73,Bill Discount,Synthetic promotion,303.27,15.16,0,0,0,0,318.43,,,,,
Delhi,ABNAH Cafe Saket Premium,,BILL-OUT003-260114-0001,1,Dine In,T13,2026-01-14 10:08:00,2026-01-14 10:19:00,Espresso,Espresso Shot - Doppio,MENU0002,Beverage,Menu Item,185.13,1.0,185.13,0.0,,,185.13,9.26,0,0,0,0,194.39,,,,,
Delhi,ABNAH Cafe Saket Premium,,BILL-OUT003-260114-0002,2,Delivery/Takeaway,,2026-01-14 09:02:00,2026-01-14 09:47:00,Coffee Classics,Americano - Regular,MENU0003,Beverage,Menu Item,185.0,2.0,370.0,19.66,Bill Discount,Synthetic promotion,350.34,17.52,0,0,0,0,367.86,,,,,
Delhi,ABNAH Cafe Saket Premium,,BILL-OUT003-260114-0003,3,Dine In,T12,2026-01-14 09:36:00,2026-01-14 10:16:00,Coffee Classics,Latte - Regular,MENU0006,Beverage,Menu Item,228.97,2.0,457.94,0.0,,,457.94,22.9,0,0,0,0,480.84,,,,,
Delhi,ABNAH Cafe Saket Premium,,BILL-OUT003-260114-0004,4,Delivery/Takeaway,,2026-01-14 10:37:00,2026-01-14 11:10:00,Coffee Classics,Latte - Large,MENU0008,Beverage,Menu Item,275.0,1.0,275.0,2.61,Bill Discount,Synthetic promotion,272.39,13.62,0,0,0,0,286.01,,,,,
Delhi,ABNAH Cafe Saket Premium,,BILL-OUT003-260114-0005,5,Delivery/Takeaway,,2026-01-14 15:04:00,2026-01-14 15:13:00,Coffee Classics,Cappuccino - Regular,MENU0009,Beverage,Menu Item,225.0,1.0,225.0,10.49,Bill Discount,Synthetic promotion,214.51,10.73,0,0,0,0,225.24,,,,,
Delhi,ABNAH Cafe Saket Premium,,BILL-OUT003-260114-0006,6,Delivery/Takeaway,,2026-01-14 09:55:00,2026-01-14 10:37:00,Coffee Classics,Cappuccino - Medium,MENU0010,Beverage,Menu Item,252.64,1.0,252.64,0.0,,,252.64,12.63,0,0,0,0,265.27,,,,,
Delhi,ABNAH Cafe Saket Premium,,BILL-OUT003-260114-0007,7,Delivery/Takeaway,,2026-01-14 08:49:00,2026-01-14 09:24:00,Coffee Classics,Cappuccino - Large,MENU0011,Beverage,Menu Item,275.0,1.0,275.0,5.93,Bill Discount,Synthetic promotion,269.07,13.45,0,0,0,0,282.52,,,,,
Delhi,ABNAH Cafe Saket Premium,,BILL-OUT003-260114-0008,8,Delivery/Takeaway,,2026-01-14 18:32:00,2026-01-14 18:55:00,Coffee Classics,Flat White - Regular,MENU0012,Beverage,Menu Item,235.0,1.0,235.0,13.64,Bill Discount,Synthetic promotion,221.36,11.07,0,0,0,0,232.43,,,,,
Delhi,ABNAH Cafe Saket Premium,,BILL-OUT003-260114-0009,9,Dine In,T05,2026-01-14 13:19:00,2026-01-14 14:06:00,Coffee Classics,Flat White - Medium,MENU0013,Beverage,Menu Item,260.0,4.0,1040.0,7.15,Bill Discount,Synthetic promotion,1032.85,51.64,0,0,0,0,1084.49,,,,,
Delhi,ABNAH Cafe Saket Premium,,BILL-OUT003-260114-0010,10,Dine In,T24,2026-01-14 12:18:00,2026-01-14 13:04:00,Coffee Classics,Flat White - Large,MENU0014,Beverage,Menu Item,288.6,1.0,288.6,0.0,,,288.6,14.43,0,0,0,0,303.03,,,,,
Delhi,ABNAH Cafe Saket Premium,,BILL-OUT003-260114-0011,11,Delivery/Takeaway,,2026-01-14 09:55:00,2026-01-14 10:34:00,Coffee Classics,Mocha - Regular,MENU0015,Beverage,Menu Item,245.0,3.0,735.0,42.68,Bill Discount,Synthetic promotion,692.32,34.62,0,0,0,0,726.94,,,,,
Delhi,ABNAH Cafe Saket Premium,,BILL-OUT003-260114-0012,12,Delivery/Takeaway,,2026-01-14 08:34:00,2026-01-14 09:06:00,Coffee Classics,Mocha - Large,MENU0017,Beverage,Menu Item,295.0,3.0,885.0,5.66,Bill Discount,Synthetic promotion,879.34,43.97,0,0,0,0,923.31,,,,,
Delhi,ABNAH Cafe Saket Premium,,BILL-OUT003-260114-0013,13,Dine In,T03,2026-01-14 09:31:00,2026-01-14 10:10:00,Signature Coffee,Sea Salt Mocha - Regular,MENU0018,Beverage,Menu Item,275.0,3.0,825.0,45.1,Bill Discount,Synthetic promotion,779.9,38.99,0,0,0,0,818.89,,,,,
Delhi,ABNAH Cafe Saket Premium,,BILL-OUT003-260114-0014,14,Delivery/Takeaway,,2026-01-14 19:35:00,2026-01-14 20:09:00,Signature Coffee,Sea Salt Mocha - Large,MENU0020,Beverage,Menu Item,335.0,1.0,335.0,17.59,Bill Discount,Synthetic promotion,317.41,15.87,0,0,0,0,333.28,,,,,
Delhi,ABNAH Cafe Saket Premium,,BILL-OUT003-260114-0015,15,Dine In,T18,2026-01-14 13:16:00,2026-01-14 13:38:00,Signature Coffee,Orange Zest Mocha - Regular,MENU0021,Beverage,Menu Item,270.0,1.0,270.0,7.88,Bill Discount,Synthetic promotion,262.12,13.11,0,0,0,0,275.23,,,,,
Delhi,ABNAH Cafe Saket Premium,,BILL-OUT003-260114-0016,16,Delivery/Takeaway,,2026-01-14 10:46:00,2026-01-14 10:54:00,Signature Coffee,Caramel Macchiato - Regular,MENU0024,Beverage,Menu Item,265.0,1.0,265.0,13.2,Bill Discount,Synthetic promotion,251.8,12.59,0,0,0,0,264.39,,,,,
Delhi,ABNAH Cafe Saket Premium,,BILL-OUT003-260114-0017,17,Delivery/Takeaway,,2026-01-14 10:54:00,2026-01-14 11:36:00,Signature Coffee,Caramel Macchiato - Medium,MENU0025,Beverage,Menu Item,299.19,2.0,598.38,0.01,Bill Discount,Synthetic promotion,598.37,29.92,0,0,0,0,628.29,,,,,
Delhi,ABNAH Cafe Saket Premium,,BILL-OUT003-260114-0018,18,Dine In,T17,2026-01-14 15:28:00,2026-01-14 15:37:00,Signature Coffee,Caramel Macchiato - Large,MENU0026,Beverage,Menu Item,325.0,2.0,650.0,14.03,Bill Discount,Synthetic promotion,635.97,31.8,0,0,0,0,667.77,,,,,
Delhi,ABNAH Cafe Saket Premium,,BILL-OUT003-260114-0019,19,Delivery/Takeaway,,2026-01-14 19:00:00,2026-01-14 19:36:00,Signature Coffee,French Vanilla Latte - Medium,MENU0028,Beverage,Menu Item,295.0,2.0,590.0,16.9,Bill Discount,Synthetic promotion,573.1,28.66,0,0,0,0,601.76,,,,,
Delhi,ABNAH Cafe Saket Premium,,BILL-OUT003-260114-0020,20,Delivery/Takeaway,,2026-01-14 16:51:00,2026-01-14 17:04:00,Signature Coffee,Vegan Iced Latte - Regular,MENU0030,Beverage,Menu Item,285.59,1.0,285.59,0.0,,,285.59,14.28,0,0,0,0,299.87,,,,,
Delhi,ABNAH Cafe Saket Premium,,BILL-OUT003-260114-0021,21,Delivery/Takeaway,,2026-01-14 09:24:00,2026-01-14 09:52:00,Signature Coffee,Vegan Iced Latte - Medium,MENU0031,Beverage,Menu Item,310.0,2.0,620.0,19.73,Bill Discount,Synthetic promotion,600.27,30.01,0,0,0,0,630.28,,,,,
Delhi,ABNAH Cafe Saket Premium,,BILL-OUT003-260114-0022,22,Delivery/Takeaway,,2026-01-14 15:42:00,2026-01-14 15:53:00,Signature Coffee,Vegan Iced Latte - Large,MENU0032,Beverage,Menu Item,335.0,1.0,335.0,16.52,Bill Discount,Synthetic promotion,318.48,15.92,0,0,0,0,334.4,,,,,
Delhi,ABNAH Cafe Saket Premium,,BILL-OUT003-260114-0023,23,Dine In,T10,2026-01-14 13:07:00,2026-01-14 13:17:00,Cold Brew,Classic Cold Brew - Medium,MENU0034,Beverage,Menu Item,250.0,1.0,250.0,1.18,Bill Discount,Synthetic promotion,248.82,12.44,0,0,0,0,261.26,,,,,
Delhi,ABNAH Cafe Saket Premium,,BILL-OUT003-260114-0024,24,Delivery/Takeaway,,2026-01-14 09:45:00,2026-01-14 09:57:00,Cold Brew,Coffee Lemonade - Regular,MENU0036,Beverage,Menu Item,239.35,2.0,478.7,0.0,,,478.71,23.94,0,0,0,0,502.65,,,,,
Delhi,ABNAH Cafe Saket Premium,,BILL-OUT003-260114-0025,25,Dine In,T15,2026-01-14 09:08:00,2026-01-14 09:41:00,Cold Brew,Coffee Lemonade - Medium,MENU0037,Beverage,Menu Item,260.0,1.0,260.0,8.32,Bill Discount,Synthetic promotion,251.68,12.58,0,0,0,0,264.26,,,,,
Delhi,ABNAH Cafe Saket Premium,,BILL-OUT003-260114-0026,26,Delivery/Takeaway,,2026-01-14 15:48:00,2026-01-14 16:01:00,Cold Brew,Vietnamese Shakerato - Regular,MENU0039,Beverage,Menu Item,255.0,2.0,510.0,21.69,Bill Discount,Synthetic promotion,488.31,24.42,0,0,0,0,512.73,,,,,
Delhi,ABNAH Cafe Saket Premium,,BILL-OUT003-260114-0027,27,Delivery/Takeaway,,2026-01-14 17:22:00,2026-01-14 17:57:00,Cold Brew,Vietnamese Shakerato - Large,MENU0041,Beverage,Menu Item,305.0,1.0,305.0,9.37,Bill Discount,Synthetic promotion,295.63,14.78,0,0,0,0,310.41,,,,,
Delhi,ABNAH Cafe Saket Premium,,BILL-OUT003-260114-0028,28,Delivery/Takeaway,,2026-01-14 19:39:00,2026-01-14 20:20:00,Cold Coffee,Classic Cold Coffee - Regular,MENU0042,Beverage,Menu Item,255.0,4.0,1020.0,33.74,Bill Discount,Synthetic promotion,986.26,49.31,0,0,0,0,1035.57,,,,,
Delhi,ABNAH Cafe Saket Premium,,BILL-OUT003-260114-0029,29,Delivery/Takeaway,,2026-01-14 09:10:00,2026-01-14 09:23:00,Cold Coffee,Classic Cold Coffee - Medium,MENU0043,Beverage,Menu Item,291.24,1.0,291.24,0.0,,,291.24,14.56,0,0,0,0,305.8,,,,,
Delhi,ABNAH Cafe Saket Premium,,BILL-OUT003-260114-0030,30,Dine In,T24,2026-01-14 09:02:00,2026-01-14 09:20:00,Cold Coffee,Classic Cold Coffee - Large,MENU0044,Beverage,Menu Item,325.0,1.0,325.0,0.23,Bill Discount,Synthetic promotion,324.77,16.24,0,0,0,0,341.01,,,,,
Delhi,ABNAH Cafe Saket Premium,,BILL-OUT003-260114-0031,31,Dine In,T23,2026-01-14 18:53:00,2026-01-14 19:14:00,Cold Coffee,Mocha Cold Coffee - Medium,MENU0046,Beverage,Menu Item,320.0,2.0,640.0,17.49,Bill Discount,Synthetic promotion,622.51,31.13,0,0,0,0,653.64,,,,,
Delhi,ABNAH Cafe Saket Premium,,BILL-OUT003-260114-0032,32,Dine In,T14,2026-01-14 13:42:00,2026-01-14 14:11:00,Cold Coffee,Caramel Cold Coffee - Regular,MENU0048,Beverage,Menu Item,285.0,1.0,285.0,16.23,Bill Discount,Synthetic promotion,268.77,13.44,0,0,0,0,282.21,,,,,
Delhi,ABNAH Cafe Saket Premium,,BILL-OUT003-260114-0033,33,Delivery/Takeaway,,2026-01-14 18:25:00,2026-01-14 19:08:00,Cold Coffee,Caramel Cold Coffee - Medium,MENU0049,Beverage,Menu Item,320.0,2.0,640.0,22.69,Bill Discount,Synthetic promotion,617.31,30.87,0,0,0,0,648.18,,,,,
Delhi,ABNAH Cafe Saket Premium,,BILL-OUT003-260114-0034,34,Delivery/Takeaway,,2026-01-14 11:12:00,2026-01-14 11:33:00,Tea,Masala Chai Latte - Regular,MENU0051,Beverage,Menu Item,196.97,2.0,393.94,0.0,,,393.94,19.7,0,0,0,0,413.64,,,,,
Delhi,ABNAH Cafe Saket Premium,,BILL-OUT003-260114-0035,35,Delivery/Takeaway,,2026-01-14 09:23:00,2026-01-14 09:35:00,Tea,Masala Chai Latte - Medium,MENU0052,Beverage,Menu Item,223.8,1.0,223.8,0.0,,,223.8,11.19,0,0,0,0,234.99,,,,,
Delhi,ABNAH Cafe Saket Premium,,BILL-OUT003-260114-0036,36,Dine In,T02,2026-01-14 10:58:00,2026-01-14 11:18:00,Tea,Masala Chai Latte - Large,MENU0053,Beverage,Menu Item,245.0,2.0,490.0,3.36,Bill Discount,Synthetic promotion,486.64,24.33,0,0,0,0,510.97,,,,,
Delhi,ABNAH Cafe Saket Premium,,BILL-OUT003-260114-0037,37,Dine In,T19,2026-01-14 11:46:00,2026-01-14 12:02:00,Tea,Japanese Matcha Latte - Regular,MENU0055,Beverage,Menu Item,265.0,1.0,265.0,8.19,Bill Discount,Synthetic promotion,256.81,12.84,0,0,0,0,269.65,,,,,
Delhi,ABNAH Cafe Saket Premium,,BILL-OUT003-260114-0038,38,Delivery/Takeaway,,2026-01-14 11:37:00,2026-01-14 12:22:00,Tea,Japanese Matcha Latte - Medium,MENU0056,Beverage,Menu Item,295.0,1.0,295.0,2.18,Bill Discount,Synthetic promotion,292.82,14.64,0,0,0,0,307.46,,,,,
Delhi,ABNAH Cafe Saket Premium,,BILL-OUT003-260114-0039,39,Dine In,T02,2026-01-14 14:11:00,2026-01-14 14:46:00,Iced Tea,Lemon Iced Tea - Medium,MENU0059,Beverage,Menu Item,230.0,1.0,230.0,12.47,Bill Discount,Synthetic promotion,217.53,10.88,0,0,0,0,228.41,,,,,
Delhi,ABNAH Cafe Saket Premium,,BILL-OUT003-260114-0040,40,Delivery/Takeaway,,2026-01-14 08:11:00,2026-01-14 08:33:00,Iced Tea,Hibiscus Lime Iced Tea - Medium,MENU0062,Beverage,Menu Item,254.93,1.0,254.93,0.0,,,254.93,12.75,0,0,0,0,267.68,,,,,
Delhi,ABNAH Cafe Saket Premium,,BILL-OUT003-260114-0041,41,Dine In,T19,2026-01-14 09:08:00,2026-01-14 09:24:00,Kids Beverage,Hot Chocolate - Large,MENU0066,Beverage,Menu Item,271.87,1.0,271.87,0.0,,,271.87,13.59,0,0,0,0,285.46,,,,,
Delhi,ABNAH Cafe Saket Premium,,BILL-OUT003-260114-0042,42,Dine In,T02,2026-01-14 18:30:00,2026-01-14 18:46:00,Shake,Choco Chip Shake - Medium,MENU0069,Beverage,Menu Item,330.0,1.0,330.0,1.85,Bill Discount,Synthetic promotion,328.15,16.41,0,0,0,0,344.56,,,,,
Delhi,ABNAH Cafe Saket Premium,,BILL-OUT003-260114-0043,43,Delivery/Takeaway,,2026-01-14 19:27:00,2026-01-14 19:57:00,Shake,Mixed Berry Shake - Medium,MENU0072,Beverage,Menu Item,355.85,1.0,355.85,0.0,,,355.85,17.79,0,0,0,0,373.64,,,,,
Delhi,ABNAH Cafe Saket Premium,,BILL-OUT003-260114-0044,44,Delivery/Takeaway,,2026-01-14 17:23:00,2026-01-14 18:03:00,Shake,Mixed Berry Shake - Large,MENU0073,Beverage,Menu Item,385.0,1.0,385.0,12.21,Bill Discount,Synthetic promotion,372.79,18.64,0,0,0,0,391.43,,,,,
Delhi,ABNAH Cafe Saket Premium,,BILL-OUT003-260114-0045,45,Dine In,T06,2026-01-14 08:05:00,2026-01-14 08:21:00,Smoothie,Seasonal Smoothie - Large,MENU0076,Beverage,Menu Item,375.0,1.0,375.0,11.34,Bill Discount,Synthetic promotion,363.66,18.18,0,0,0,0,381.84,,,,,
Delhi,ABNAH Cafe Saket Premium,,BILL-OUT003-260114-0046,46,Delivery/Takeaway,,2026-01-14 19:55:00,2026-01-14 20:28:00,Wraps,Spicy Paneer Wrap,MENU0077,Food,Menu Item,275.0,1.0,275.0,6.39,Bill Discount,Synthetic promotion,268.61,13.43,0,0,0,0,282.04,,,,,
Delhi,ABNAH Cafe Saket Premium,,BILL-OUT003-260114-0047,47,Delivery/Takeaway,,2026-01-14 18:38:00,2026-01-14 19:19:00,Wraps,Shredded Chicken Wrap,MENU0078,Food,Menu Item,296.52,1.0,296.52,0.0,,,296.52,14.83,0,0,0,0,311.35,,,,,
Delhi,ABNAH Cafe Saket Premium,,BILL-OUT003-260114-0048,48,Dine In,T18,2026-01-14 12:07:00,2026-01-14 12:56:00,Sandwiches,Smoked Chipotle Paneer Sandwich,MENU0079,Food,Menu Item,295.0,1.0,295.0,9.34,Bill Discount,Synthetic promotion,285.66,14.28,0,0,0,0,299.94,,,,,
Delhi,ABNAH Cafe Saket Premium,,BILL-OUT003-260114-0049,49,Delivery/Takeaway,,2026-01-14 10:32:00,2026-01-14 11:00:00,Sandwiches,Pesto Veg Sandwich,MENU0080,Food,Menu Item,280.81,2.0,561.62,0.0,,,561.63,28.08,0,0,0,0,589.71,,,,,
Delhi,ABNAH Cafe Saket Premium,,BILL-OUT003-260114-0050,50,Delivery/Takeaway,,2026-01-14 12:03:00,2026-01-14 12:40:00,Sandwiches,Tandoori Chicken Sandwich,MENU0082,Food,Menu Item,320.0,1.0,320.0,1.48,Bill Discount,Synthetic promotion,318.52,15.93,0,0,0,0,334.45,,,,,
Delhi,ABNAH Cafe Saket Premium,,BILL-OUT003-260114-0051,51,Delivery/Takeaway,,2026-01-14 16:53:00,2026-01-14 17:26:00,Breakfast,Scallion Pepper Cream Cheese Bagel,MENU0088,Food,Menu Item,266.92,1.0,266.92,0.0,,,266.92,13.35,0,0,0,0,280.27,,,,,
Delhi,ABNAH Cafe Saket Premium,,BILL-OUT003-260114-0052,52,Delivery/Takeaway,,2026-01-14 12:01:00,2026-01-14 12:10:00,Baked Goods,Butter Croissant,MENU0094,Food,Menu Item,196.88,1.0,196.88,0.0,,,196.88,9.84,0,0,0,0,206.72,,,,,
Delhi,ABNAH Cafe Saket Premium,,BILL-OUT003-260114-0053,53,Delivery/Takeaway,,2026-01-14 15:21:00,2026-01-14 15:42:00,Baked Goods,Almond Croissant,MENU0095,Food,Menu Item,245.86,1.0,245.86,0.0,,,245.86,12.29,0,0,0,0,258.15,,,,,
Delhi,ABNAH Cafe Saket Premium,,BILL-OUT003-260114-0054,54,Delivery/Takeaway,,2026-01-14 09:20:00,2026-01-14 09:56:00,Baked Goods,Chocolate Croissant,MENU0096,Food,Menu Item,235.0,1.0,235.0,8.39,Bill Discount,Synthetic promotion,226.61,11.33,0,0,0,0,237.94,,,,,
Delhi,ABNAH Cafe Saket Premium,,BILL-OUT003-260114-0055,55,Delivery/Takeaway,,2026-01-14 10:29:00,2026-01-14 10:59:00,Baked Goods,Mushroom Cheese Croissant,MENU0097,Food,Menu Item,255.0,3.0,765.0,4.82,Bill Discount,Synthetic promotion,760.18,38.01,0,0,0,0,798.19,,,,,
Delhi,ABNAH Cafe Saket Premium,,BILL-OUT003-260114-0056,56,Delivery/Takeaway,,2026-01-14 13:48:00,2026-01-14 14:02:00,Baked Goods,Sriracha Chicken Croissant,MENU0098,Food,Menu Item,275.0,3.0,825.0,35.13,Bill Discount,Synthetic promotion,789.87,39.49,0,0,0,0,829.36,,,,,
Delhi,ABNAH Cafe Saket Premium,,BILL-OUT003-260114-0057,57,Delivery/Takeaway,,2026-01-14 13:21:00,2026-01-14 13:39:00,Baked Goods,Banana Walnut Tea Cake,MENU0100,Dessert,Menu Item,205.0,1.0,205.0,11.99,Bill Discount,Synthetic promotion,193.01,9.65,0,0,0,0,202.66,,,,,
Delhi,ABNAH Cafe Saket Premium,,BILL-OUT003-260114-0058,58,Delivery/Takeaway,,2026-01-14 15:36:00,2026-01-14 16:16:00,Desserts,Banoffee Pie,MENU0103,Dessert,Menu Item,285.0,1.0,285.0,7.83,Bill Discount,Synthetic promotion,277.17,13.86,0,0,0,0,291.03,,,,,
Delhi,ABNAH Cafe Saket Premium,,BILL-OUT003-260114-0059,59,Dine In,T21,2026-01-14 13:18:00,2026-01-14 14:05:00,Desserts,Soft-Centred Caramel Cookie,MENU0105,Dessert,Menu Item,180.0,1.0,180.0,8.03,Bill Discount,Synthetic promotion,171.97,8.6,0,0,0,0,180.57,,,,,
Delhi,ABNAH Cafe Saket Premium,,BILL-OUT003-260114-0060,60,Delivery/Takeaway,,2026-01-14 11:35:00,2026-01-14 11:50:00,Desserts,Jaggery Parmesan Cookie,MENU0107,Dessert,Menu Item,170.0,3.0,510.0,2.06,Bill Discount,Synthetic promotion,507.94,25.4,0,0,0,0,533.34,,,,,
Delhi,ABNAH Cafe Saket Premium,,BILL-OUT003-260114-0061,61,Delivery/Takeaway,,2026-01-14 16:00:00,2026-01-14 16:28:00,Desserts,Basque Cheesecake,MENU0109,Dessert,Menu Item,310.0,1.0,310.0,13.31,Bill Discount,Synthetic promotion,296.69,14.83,0,0,0,0,311.52,,,,,
Delhi,ABNAH Cafe Saket Premium,,BILL-OUT003-260114-0062,62,Dine In,T24,2026-01-14 13:46:00,2026-01-14 14:30:00,Baked Goods,Multigrain Walnut Tea Cake,MENU0110,Dessert,Menu Item,225.0,1.0,225.0,3.6,Bill Discount,Synthetic promotion,221.4,11.07,0,0,0,0,232.47,,,,,
Delhi,ABNAH Cafe Saket Premium,,BILL-OUT003-260115-0001,1,Delivery/Takeaway,,2026-01-15 13:16:00,2026-01-15 14:00:00,Coffee Classics,Americano - Regular,MENU0003,Beverage,Menu Item,185.0,4.0,740.0,14.07,Bill Discount,Synthetic promotion,725.93,36.3,0,0,0,0,762.23,,,,,
Delhi,ABNAH Cafe Saket Premium,,BILL-OUT003-260115-0002,2,Delivery/Takeaway,,2026-01-15 16:59:00,2026-01-15 17:38:00,Coffee Classics,Americano - Large,MENU0005,Beverage,Menu Item,235.0,1.0,235.0,8.73,Bill Discount,Synthetic promotion,226.27,11.31,0,0,0,0,237.58,,,,,
Delhi,ABNAH Cafe Saket Premium,,BILL-OUT003-260115-0003,3,Delivery/Takeaway,,2026-01-15 11:02:00,2026-01-15 11:15:00,Coffee Classics,Latte - Regular,MENU0006,Beverage,Menu Item,225.0,4.0,900.0,34.01,Bill Discount,Synthetic promotion,865.99,43.3,0,0,0,0,909.29,,,,,
Delhi,ABNAH Cafe Saket Premium,,BILL-OUT003-260115-0004,4,Delivery/Takeaway,,2026-01-15 14:10:00,2026-01-15 14:51:00,Coffee Classics,Latte - Medium,MENU0007,Beverage,Menu Item,250.0,2.0,500.0,20.38,Bill Discount,Synthetic promotion,479.62,23.98,0,0,0,0,503.6,,,,,
Delhi,ABNAH Cafe Saket Premium,,BILL-OUT003-260115-0005,5,Delivery/Takeaway,,2026-01-15 14:08:00,2026-01-15 14:44:00,Coffee Classics,Latte - Large,MENU0008,Beverage,Menu Item,280.2,1.0,280.2,0.0,,,280.2,14.01,0,0,0,0,294.21,,,,,
Delhi,ABNAH Cafe Saket Premium,,BILL-OUT003-260115-0006,6,Dine In,T10,2026-01-15 14:28:00,2026-01-15 15:04:00,Coffee Classics,Cappuccino - Regular,MENU0009,Beverage,Menu Item,225.0,3.0,675.0,19.61,Bill Discount,Synthetic promotion,655.39,32.77,0,0,0,0,688.16,,,,,
Delhi,ABNAH Cafe Saket Premium,,BILL-OUT003-260115-0007,7,Delivery/Takeaway,,2026-01-15 17:53:00,2026-01-15 18:36:00,Coffee Classics,Cappuccino - Medium,MENU0010,Beverage,Menu Item,250.0,2.0,500.0,20.14,Bill Discount,Synthetic promotion,479.86,23.99,0,0,0,0,503.85,,,,,
Delhi,ABNAH Cafe Saket Premium,,BILL-OUT003-260115-0008,8,Delivery/Takeaway,,2026-01-15 14:18:00,2026-01-15 14:28:00,Coffee Classics,Cappuccino - Large,MENU0011,Beverage,Menu Item,275.0,2.0,550.0,15.61,Bill Discount,Synthetic promotion,534.39,26.72,0,0,0,0,561.11,,,,,
Delhi,ABNAH Cafe Saket Premium,,BILL-OUT003-260115-0009,9,Delivery/Takeaway,,2026-01-15 16:33:00,2026-01-15 16:51:00,Coffee Classics,Flat White - Regular,MENU0012,Beverage,Menu Item,235.0,1.0,235.0,9.71,Bill Discount,Synthetic promotion,225.29,11.26,0,0,0,0,236.55,,,,,
Delhi,ABNAH Cafe Saket Premium,,BILL-OUT003-260115-0010,10,Dine In,T06,2026-01-15 15:20:00,2026-01-15 15:41:00,Coffee Classics,Flat White - Medium,MENU0013,Beverage,Menu Item,260.0,2.0,520.0,15.18,Bill Discount,Synthetic promotion,504.82,25.24,0,0,0,0,530.06,,,,,
Delhi,ABNAH Cafe Saket Premium,,BILL-OUT003-260115-0011,11,Delivery/Takeaway,,2026-01-15 13:33:00,2026-01-15 14:01:00,Coffee Classics,Mocha - Medium,MENU0016,Beverage,Menu Item,272.1,3.0,816.3,0.01,Bill Discount,Synthetic promotion,816.29,40.81,0,0,0,0,857.1,,,,,
Delhi,ABNAH Cafe Saket Premium,,BILL-OUT003-260115-0012,12,Delivery/Takeaway,,2026-01-15 16:02:00,2026-01-15 16:45:00,Coffee Classics,Mocha - Large,MENU0017,Beverage,Menu Item,295.0,1.0,295.0,9.49,Bill Discount,Synthetic promotion,285.51,14.28,0,0,0,0,299.79,,,,,
Delhi,ABNAH Cafe Saket Premium,,BILL-OUT003-260115-0013,13,Delivery/Takeaway,,2026-01-15 08:36:00,2026-01-15 08:51:00,Signature Coffee,Sea Salt Mocha - Regular,MENU0018,Beverage,Menu Item,275.0,1.0,275.0,5.81,Bill Discount,Synthetic promotion,269.19,13.46,0,0,0,0,282.65,,,,,
Delhi,ABNAH Cafe Saket Premium,,BILL-OUT003-260115-0014,14,Delivery/Takeaway,,2026-01-15 15:12:00,2026-01-15 16:01:00,Signature Coffee,Sea Salt Mocha - Medium,MENU0019,Beverage,Menu Item,305.0,1.0,305.0,4.01,Bill Discount,Synthetic promotion,300.99,15.05,0,0,0,0,316.04,,,,,
Delhi,ABNAH Cafe Saket Premium,,BILL-OUT003-260115-0015,15,Dine In,T16,2026-01-15 19:31:00,2026-01-15 19:41:00,Signature Coffee,Orange Zest Mocha - Regular,MENU0021,Beverage,Menu Item,270.0,1.0,270.0,3.33,Bill Discount,Synthetic promotion,266.67,13.33,0,0,0,0,280.0,,,,,
Delhi,ABNAH Cafe Saket Premium,,BILL-OUT003-260115-0016,16,Dine In,T09,2026-01-15 16:05:00,2026-01-15 16:20:00,Signature Coffee,Orange Zest Mocha - Medium,MENU0022,Beverage,Menu Item,300.0,1.0,300.0,4.17,Bill Discount,Synthetic promotion,295.83,14.79,0,0,0,0,310.62,,,,,
Delhi,ABNAH Cafe Saket Premium,,BILL-OUT003-260115-0017,17,Dine In,T01,2026-01-15 17:51:00,2026-01-15 18:19:00,Signature Coffee,Caramel Macchiato - Regular,MENU0024,Beverage,Menu Item,265.26,1.0,265.26,0.0,,,265.26,13.26,0,0,0,0,278.52,,,,,
Delhi,ABNAH Cafe Saket Premium,,BILL-OUT003-260115-0018,18,Dine In,T09,2026-01-15 09:14:00,2026-01-15 09:28:00,Signature Coffee,Caramel Macchiato - Medium,MENU0025,Beverage,Menu Item,299.83,2.0,599.66,0.0,,,599.67,29.98,0,0,0,0,629.65,,,,,
Delhi,ABNAH Cafe Saket Premium,,BILL-OUT003-260115-0019,19,Delivery/Takeaway,,2026-01-15 13:51:00,2026-01-15 14:00:00,Signature Coffee,Caramel Macchiato - Large,MENU0026,Beverage,Menu Item,325.0,1.0,325.0,18.78,Bill Discount,Synthetic promotion,306.22,15.31,0,0,0,0,321.53,,,,,
Delhi,ABNAH Cafe Saket Premium,,BILL-OUT003-260115-0020,20,Dine In,T17,2026-01-15 17:37:00,2026-01-15 17:49:00,Signature Coffee,French Vanilla Latte - Regular,MENU0027,Beverage,Menu Item,265.0,2.0,530.0,28.92,Bill Discount,Synthetic promotion,501.08,25.05,0,0,0,0,526.13,,,,,
Delhi,ABNAH Cafe Saket Premium,,BILL-OUT003-260115-0021,21,Dine In,T05,2026-01-15 10:53:00,2026-01-15 11:03:00,Signature Coffee,French Vanilla Latte - Medium,MENU0028,Beverage,Menu Item,295.0,2.0,590.0,11.48,Bill Discount,Synthetic promotion,578.52,28.93,0,0,0,0,607.45,,,,,
Delhi,ABNAH Cafe Saket Premium,,BILL-OUT003-260115-0022,22,Delivery/Takeaway,,2026-01-15 17:25:00,2026-01-15 17:43:00,Signature Coffee,Vegan Iced Latte - Regular,MENU0030,Beverage,Menu Item,285.0,1.0,285.0,3.86,Bill Discount,Synthetic promotion,281.14,14.06,0,0,0,0,295.2,,,,,
Delhi,ABNAH Cafe Saket Premium,,BILL-OUT003-260115-0023,23,Delivery/Takeaway,,2026-01-15 15:45:00,2026-01-15 15:59:00,Signature Coffee,Vegan Iced Latte - Large,MENU0032,Beverage,Menu Item,335.0,3.0,1005.0,52.36,Bill Discount,Synthetic promotion,952.64,47.63,0,0,0,0,1000.27,,,,,
Delhi,ABNAH Cafe Saket Premium,,BILL-OUT003-260115-0024,24,Delivery/Takeaway,,2026-01-15 16:22:00,2026-01-15 17:03:00,Cold Brew,Classic Cold Brew - Regular,MENU0033,Beverage,Menu Item,229.2,1.0,229.2,0.0,,,229.2,11.46,0,0,0,0,240.66,,,,,
Delhi,ABNAH Cafe Saket Premium,,BILL-OUT003-260115-0025,25,Delivery/Takeaway,,2026-01-15 12:23:00,2026-01-15 12:43:00,Cold Brew,Classic Cold Brew - Large,MENU0035,Beverage,Menu Item,275.92,1.0,275.92,0.0,,,275.92,13.8,0,0,0,0,289.72,,,,,
Delhi,ABNAH Cafe Saket Premium,,BILL-OUT003-260115-0026,26,Delivery/Takeaway,,2026-01-15 12:35:00,2026-01-15 13:08:00,Cold Brew,Vietnamese Shakerato - Regular,MENU0039,Beverage,Menu Item,255.21,1.0,255.21,0.0,,,255.21,12.76,0,0,0,0,267.97,,,,,
Delhi,ABNAH Cafe Saket Premium,,BILL-OUT003-260115-0027,27,Delivery/Takeaway,,2026-01-15 17:24:00,2026-01-15 17:50:00,Cold Brew,Vietnamese Shakerato - Medium,MENU0040,Beverage,Menu Item,280.0,1.0,280.0,14.05,Bill Discount,Synthetic promotion,265.95,13.3,0,0,0,0,279.25,,,,,
Delhi,ABNAH Cafe Saket Premium,,BILL-OUT003-260115-0028,28,Delivery/Takeaway,,2026-01-15 12:51:00,2026-01-15 13:37:00,Cold Brew,Vietnamese Shakerato - Large,MENU0041,Beverage,Menu Item,305.0,1.0,305.0,13.78,Bill Discount,Synthetic promotion,291.22,14.56,0,0,0,0,305.78,,,,,
Delhi,ABNAH Cafe Saket Premium,,BILL-OUT003-260115-0029,29,Dine In,T18,2026-01-15 18:28:00,2026-01-15 18:48:00,Cold Coffee,Classic Cold Coffee - Medium,MENU0043,Beverage,Menu Item,290.0,2.0,580.0,30.42,Bill Discount,Synthetic promotion,549.58,27.48,0,0,0,0,577.06,,,,,
Delhi,ABNAH Cafe Saket Premium,,BILL-OUT003-260115-0030,30,Dine In,T19,2026-01-15 15:15:00,2026-01-15 15:42:00,Cold Coffee,Mocha Cold Coffee - Medium,MENU0046,Beverage,Menu Item,320.0,1.0,320.0,14.6,Bill Discount,Synthetic promotion,305.4,15.27,0,0,0,0,320.67,,,,,
Delhi,ABNAH Cafe Saket Premium,,BILL-OUT003-260115-0031,31,Delivery/Takeaway,,2026-01-15 09:01:00,2026-01-15 09:48:00,Cold Coffee,Mocha Cold Coffee - Large,MENU0047,Beverage,Menu Item,355.0,1.0,355.0,21.11,Bill Discount,Synthetic promotion,333.89,16.69,0,0,0,0,350.58,,,,,
Delhi,ABNAH Cafe Saket Premium,,BILL-OUT003-260115-0032,32,Delivery/Takeaway,,2026-01-15 15:39:00,2026-01-15 16:01:00,Cold Coffee,Caramel Cold Coffee - Regular,MENU0048,Beverage,Menu Item,285.0,4.0,1140.0,23.09,Bill Discount,Synthetic promotion,1116.91,55.85,0,0,0,0,1172.76,,,,,
Delhi,ABNAH Cafe Saket Premium,,BILL-OUT003-260115-0033,33,Delivery/Takeaway,,2026-01-15 16:50:00,2026-01-15 17:32:00,Cold Coffee,Caramel Cold Coffee - Large,MENU0050,Beverage,Menu Item,355.0,1.0,355.0,18.66,Bill Discount,Synthetic promotion,336.34,16.82,0,0,0,0,353.16,,,,,
Delhi,ABNAH Cafe Saket Premium,,BILL-OUT003-260115-0034,34,Delivery/Takeaway,,2026-01-15 11:43:00,2026-01-15 12:17:00,Iced Tea,Hibiscus Lime Iced Tea - Medium,MENU0062,Beverage,Menu Item,250.0,1.0,250.0,2.31,Bill Discount,Synthetic promotion,247.69,12.38,0,0,0,0,260.07,,,,,
Delhi,ABNAH Cafe Saket Premium,,BILL-OUT003-260115-0035,35,Delivery/Takeaway,,2026-01-15 18:26:00,2026-01-15 18:57:00,Shake,Choco Chip Shake - Medium,MENU0069,Beverage,Menu Item,330.0,2.0,660.0,11.75,Bill Discount,Synthetic promotion,648.25,32.41,0,0,0,0,680.66,,,,,
Delhi,ABNAH Cafe Saket Premium,,BILL-OUT003-260115-0036,36,Delivery/Takeaway,,2026-01-15 12:04:00,2026-01-15 12:40:00,Shake,Mixed Berry Shake - Medium,MENU0072,Beverage,Menu Item,350.0,1.0,350.0,18.73,Bill Discount,Synthetic promotion,331.27,16.56,0,0,0,0,347.83,,,,,
Delhi,ABNAH Cafe Saket Premium,,BILL-OUT003-260115-0037,37,Delivery/Takeaway,,2026-01-15 13:16:00,2026-01-15 13:48:00,Wraps,Spicy Paneer Wrap,MENU0077,Food,Menu Item,275.0,2.0,550.0,21.47,Bill Discount,Synthetic promotion,528.53,26.43,0,0,0,0,554.96,,,,,
Delhi,ABNAH Cafe Saket Premium,,BILL-OUT003-260115-0038,38,Delivery/Takeaway,,2026-01-15 13:03:00,2026-01-15 13:31:00,Breakfast,Cream Cheese Bagel,MENU0087,Food,Menu Item,250.0,2.0,500.0,14.27,Bill Discount,Synthetic promotion,485.73,24.29,0,0,0,0,510.02,,,,,
Delhi,ABNAH Cafe Saket Premium,,BILL-OUT003-260115-0039,39,Delivery/Takeaway,,2026-01-15 10:30:00,2026-01-15 11:13:00,Breakfast,Scallion Pepper Cream Cheese Bagel,MENU0088,Food,Menu Item,265.0,1.0,265.0,7.94,Bill Discount,Synthetic promotion,257.06,12.85,0,0,0,0,269.91,,,,,
Delhi,ABNAH Cafe Saket Premium,,BILL-OUT003-260115-0040,40,Delivery/Takeaway,,2026-01-15 16:10:00,2026-01-15 16:23:00,Baked Goods,Butter Croissant,MENU0094,Food,Menu Item,198.68,1.0,198.68,0.0,,,198.68,9.93,0,0,0,0,208.61,,,,,
Delhi,ABNAH Cafe Saket Premium,,BILL-OUT003-260115-0041,41,Delivery/Takeaway,,2026-01-15 10:21:00,2026-01-15 11:09:00,Baked Goods,Almond Croissant,MENU0095,Food,Menu Item,245.0,1.0,245.0,0.35,Bill Discount,Synthetic promotion,244.65,12.23,0,0,0,0,256.88,,,,,
Delhi,ABNAH Cafe Saket Premium,,BILL-OUT003-260115-0042,42,Dine In,T04,2026-01-15 18:48:00,2026-01-15 19:20:00,Baked Goods,Chocolate Croissant,MENU0096,Food,Menu Item,237.5,1.0,237.5,0.0,,,237.5,11.88,0,0,0,0,249.38,,,,,
Delhi,ABNAH Cafe Saket Premium,,BILL-OUT003-260115-0043,43,Delivery/Takeaway,,2026-01-15 12:50:00,2026-01-15 13:29:00,Baked Goods,Mushroom Cheese Croissant,MENU0097,Food,Menu Item,255.0,2.0,510.0,20.9,Bill Discount,Synthetic promotion,489.1,24.45,0,0,0,0,513.55,,,,,
Delhi,ABNAH Cafe Saket Premium,,BILL-OUT003-260115-0044,44,Dine In,T24,2026-01-15 13:17:00,2026-01-15 13:51:00,Desserts,Double Chocolate Truffle Cake,MENU0102,Dessert,Menu Item,298.08,1.0,298.08,0.0,,,298.08,14.9,0,0,0,0,312.98,,,,,
Delhi,ABNAH Cafe Saket Premium,,BILL-OUT003-260115-0045,45,Delivery/Takeaway,,2026-01-15 17:48:00,2026-01-15 18:34:00,Desserts,Banoffee Pie,MENU0103,Dessert,Menu Item,286.16,1.0,286.16,0.0,,,286.16,14.31,0,0,0,0,300.47,,,,,
Delhi,ABNAH Cafe Saket Premium,,BILL-OUT003-260115-0046,46,Dine In,T09,2026-01-15 19:40:00,2026-01-15 20:27:00,Desserts,Jaggery Parmesan Cookie,MENU0107,Dessert,Menu Item,171.34,2.0,342.68,0.01,Bill Discount,Synthetic promotion,342.67,17.13,0,0,0,0,359.8,,,,,
Delhi,ABNAH Cafe Saket Premium,,BILL-OUT003-260115-0047,47,Delivery/Takeaway,,2026-01-15 17:09:00,2026-01-15 17:50:00,Desserts,Apple Pie,MENU0108,Dessert,Menu Item,270.0,1.0,270.0,7.7,Bill Discount,Synthetic promotion,262.3,13.12,0,0,0,0,275.42,,,,,
Delhi,ABNAH Cafe Saket Premium,,BILL-OUT003-260115-0048,48,Delivery/Takeaway,,2026-01-15 13:22:00,2026-01-15 13:39:00,Desserts,Basque Cheesecake,MENU0109,Dessert,Menu Item,310.0,1.0,310.0,9.97,Bill Discount,Synthetic promotion,300.03,15.0,0,0,0,0,315.03,,,,,
Delhi,ABNAH Cafe Saket Premium,,BILL-OUT003-260116-0001,1,Dine In,T12,2026-01-16 16:16:00,2026-01-16 16:40:00,Coffee Classics,Americano - Regular,MENU0003,Beverage,Menu Item,185.0,2.0,370.0,5.4,Bill Discount,Synthetic promotion,364.6,18.23,0,0,0,0,382.83,,,,,
Delhi,ABNAH Cafe Saket Premium,,BILL-OUT003-260116-0002,2,Dine In,T09,2026-01-16 19:48:00,2026-01-16 20:08:00,Coffee Classics,Americano - Medium,MENU0004,Beverage,Menu Item,210.0,1.0,210.0,3.76,Bill Discount,Synthetic promotion,206.24,10.31,0,0,0,0,216.55,,,,,
Delhi,ABNAH Cafe Saket Premium,,BILL-OUT003-260116-0003,3,Delivery/Takeaway,,2026-01-16 12:01:00,2026-01-16 12:38:00,Coffee Classics,Latte - Regular,MENU0006,Beverage,Menu Item,225.0,4.0,900.0,41.57,Bill Discount,Synthetic promotion,858.43,42.92,0,0,0,0,901.35,,,,,
Delhi,ABNAH Cafe Saket Premium,,BILL-OUT003-260116-0004,4,Delivery/Takeaway,,2026-01-16 17:01:00,2026-01-16 17:36:00,Coffee Classics,Latte - Medium,MENU0007,Beverage,Menu Item,250.0,3.0,750.0,4.74,Bill Discount,Synthetic promotion,745.26,37.26,0,0,0,0,782.52,,,,,
Delhi,ABNAH Cafe Saket Premium,,BILL-OUT003-260116-0005,5,Dine In,T15,2026-01-16 18:46:00,2026-01-16 19:24:00,Coffee Classics,Latte - Large,MENU0008,Beverage,Menu Item,275.0,1.0,275.0,15.58,Bill Discount,Synthetic promotion,259.42,12.97,0,0,0,0,272.39,,,,,
Delhi,ABNAH Cafe Saket Premium,,BILL-OUT003-260116-0006,6,Delivery/Takeaway,,2026-01-16 08:30:00,2026-01-16 09:09:00,Coffee Classics,Cappuccino - Regular,MENU0009,Beverage,Menu Item,225.0,1.0,225.0,12.82,Bill Discount,Synthetic promotion,212.18,10.61,0,0,0,0,222.79,,,,,
Delhi,ABNAH Cafe Saket Premium,,BILL-OUT003-260116-0007,7,Dine In,T15,2026-01-16 14:46:00,2026-01-16 14:56:00,Coffee Classics,Cappuccino - Medium,MENU0010,Beverage,Menu Item,250.0,4.0,1000.0,39.74,Bill Discount,Synthetic promotion,960.26,48.01,0,0,0,0,1008.27,,,,,
Delhi,ABNAH Cafe Saket Premium,,BILL-OUT003-260116-0008,8,Dine In,T05,2026-01-16 08:31:00,2026-01-16 09:16:00,Coffee Classics,Cappuccino - Large,MENU0011,Beverage,Menu Item,275.0,1.0,275.0,12.19,Bill Discount,Synthetic promotion,262.81,13.14,0,0,0,0,275.95,,,,,
Delhi,ABNAH Cafe Saket Premium,,BILL-OUT003-260116-0009,9,Delivery/Takeaway,,2026-01-16 15:12:00,2026-01-16 15:39:00,Coffee Classics,Flat White - Regular,MENU0012,Beverage,Menu Item,235.0,1.0,235.0,12.51,Bill Discount,Synthetic promotion,222.49,11.12,0,0,0,0,233.61,,,,,
Delhi,ABNAH Cafe Saket Premium,,BILL-OUT003-260116-0010,10,Delivery/Takeaway,,2026-01-16 08:07:00,2026-01-16 08:56:00,Coffee Classics,Flat White - Large,MENU0014,Beverage,Menu Item,285.0,3.0,855.0,34.16,Bill Discount,Synthetic promotion,820.84,41.04,0,0,0,0,861.88,,,,,
Delhi,ABNAH Cafe Saket Premium,,BILL-OUT003-260116-0011,11,Delivery/Takeaway,,2026-01-16 18:32:00,2026-01-16 18:51:00,Coffee Classics,Mocha - Regular,MENU0015,Beverage,Menu Item,245.0,3.0,735.0,28.35,Bill Discount,Synthetic promotion,706.65,35.33,0,0,0,0,741.98,,,,,
Delhi,ABNAH Cafe Saket Premium,,BILL-OUT003-260116-0012,12,Delivery/Takeaway,,2026-01-16 17:19:00,2026-01-16 17:45:00,Coffee Classics,Mocha - Medium,MENU0016,Beverage,Menu Item,270.0,4.0,1080.0,64.22,Bill Discount,Synthetic promotion,1015.78,50.79,0,0,0,0,1066.57,,,,,
Delhi,ABNAH Cafe Saket Premium,,BILL-OUT003-260116-0013,13,Dine In,T24,2026-01-16 15:45:00,2026-01-16 16:30:00,Coffee Classics,Mocha - Large,MENU0017,Beverage,Menu Item,295.0,2.0,590.0,32.31,Bill Discount,Synthetic promotion,557.69,27.88,0,0,0,0,585.57,,,,,
Delhi,ABNAH Cafe Saket Premium,,BILL-OUT003-260116-0014,14,Dine In,T24,2026-01-16 17:17:00,2026-01-16 17:37:00,Signature Coffee,Sea Salt Mocha - Medium,MENU0019,Beverage,Menu Item,305.0,1.0,305.0,3.27,Bill Discount,Synthetic promotion,301.73,15.09,0,0,0,0,316.82,,,,,
Delhi,ABNAH Cafe Saket Premium,,BILL-OUT003-260116-0015,15,Dine In,T21,2026-01-16 19:54:00,2026-01-16 20:19:00,Signature Coffee,Sea Salt Mocha - Large,MENU0020,Beverage,Menu Item,339.36,2.0,678.72,0.01,Bill Discount,Synthetic promotion,678.71,33.94,0,0,0,0,712.65,,,,,
Delhi,ABNAH Cafe Saket Premium,,BILL-OUT003-260116-0016,16,Delivery/Takeaway,,2026-01-16 16:17:00,2026-01-16 16:30:00,Signature Coffee,Orange Zest Mocha - Large,MENU0023,Beverage,Menu Item,330.0,1.0,330.0,6.66,Bill Discount,Synthetic promotion,323.34,16.17,0,0,0,0,339.51,,,,,
Delhi,ABNAH Cafe Saket Premium,,BILL-OUT003-260116-0017,17,Delivery/Takeaway,,2026-01-16 19:59:00,2026-01-16 20:25:00,Signature Coffee,Caramel Macchiato - Medium,MENU0025,Beverage,Menu Item,295.0,1.0,295.0,4.44,Bill Discount,Synthetic promotion,290.56,14.53,0,0,0,0,305.09,,,,,
Delhi,ABNAH Cafe Saket Premium,,BILL-OUT003-260116-0018,18,Delivery/Takeaway,,2026-01-16 10:32:00,2026-01-16 10:47:00,Signature Coffee,Caramel Macchiato - Large,MENU0026,Beverage,Menu Item,327.14,2.0,654.28,0.0,,,654.29,32.71,0,0,0,0,687.0,,,,,
Delhi,ABNAH Cafe Saket Premium,,BILL-OUT003-260116-0019,19,Delivery/Takeaway,,2026-01-16 12:50:00,2026-01-16 13:09:00,Signature Coffee,French Vanilla Latte - Regular,MENU0027,Beverage,Menu Item,266.94,2.0,533.88,0.0,,,533.88,26.69,0,0,0,0,560.57,,,,,
Delhi,ABNAH Cafe Saket Premium,,BILL-OUT003-260116-0020,20,Delivery/Takeaway,,2026-01-16 15:04:00,2026-01-16 15:37:00,Signature Coffee,French Vanilla Latte - Medium,MENU0028,Beverage,Menu Item,295.0,2.0,590.0,12.61,Bill Discount,Synthetic promotion,577.39,28.87,0,0,0,0,606.26,,,,,
Delhi,ABNAH Cafe Saket Premium,,BILL-OUT003-260116-0021,21,Dine In,T22,2026-01-16 08:53:00,2026-01-16 09:25:00,Signature Coffee,Vegan Iced Latte - Regular,MENU0030,Beverage,Menu Item,285.9,3.0,857.7,0.01,Bill Discount,Synthetic promotion,857.69,42.88,0,0,0,0,900.57,,,,,
Delhi,ABNAH Cafe Saket Premium,,BILL-OUT003-260116-0022,22,Dine In,T20,2026-01-16 09:16:00,2026-01-16 09:48:00,Signature Coffee,Vegan Iced Latte - Medium,MENU0031,Beverage,Menu Item,311.22,1.0,311.22,0.0,,,311.22,15.56,0,0,0,0,326.78,,,,,
Delhi,ABNAH Cafe Saket Premium,,BILL-OUT003-260116-0023,23,Delivery/Takeaway,,2026-01-16 14:49:00,2026-01-16 15:11:00,Signature Coffee,Vegan Iced Latte - Large,MENU0032,Beverage,Menu Item,335.0,1.0,335.0,6.87,Bill Discount,Synthetic promotion,328.13,16.41,0,0,0,0,344.54,,,,,
Delhi,ABNAH Cafe Saket Premium,,BILL-OUT003-260116-0024,24,Delivery/Takeaway,,2026-01-16 12:38:00,2026-01-16 13:07:00,Cold Brew,Classic Cold Brew - Regular,MENU0033,Beverage,Menu Item,225.0,2.0,450.0,10.9,Bill Discount,Synthetic promotion,439.1,21.95,0,0,0,0,461.05,,,,,
Delhi,ABNAH Cafe Saket Premium,,BILL-OUT003-260116-0025,25,Delivery/Takeaway,,2026-01-16 17:22:00,2026-01-16 17:56:00,Cold Brew,Classic Cold Brew - Medium,MENU0034,Beverage,Menu Item,250.0,2.0,500.0,0.53,Bill Discount,Synthetic promotion,499.47,24.97,0,0,0,0,524.44,,,,,
Delhi,ABNAH Cafe Saket Premium,,BILL-OUT003-260116-0026,26,Dine In,T04,2026-01-16 13:28:00,2026-01-16 13:46:00,Cold Brew,Coffee Lemonade - Regular,MENU0036,Beverage,Menu Item,235.0,1.0,235.0,2.95,Bill Discount,Synthetic promotion,232.05,11.6,0,0,0,0,243.65,,,,,
Delhi,ABNAH Cafe Saket Premium,,BILL-OUT003-260116-0027,27,Delivery/Takeaway,,2026-01-16 15:08:00,2026-01-16 15:35:00,Cold Brew,Vietnamese Shakerato - Medium,MENU0040,Beverage,Menu Item,280.0,1.0,280.0,3.66,Bill Discount,Synthetic promotion,276.34,13.82,0,0,0,0,290.16,,,,,
Delhi,ABNAH Cafe Saket Premium,,BILL-OUT003-260116-0028,28,Dine In,T02,2026-01-16 13:03:00,2026-01-16 13:44:00,Cold Coffee,Classic Cold Coffee - Regular,MENU0042,Beverage,Menu Item,255.0,2.0,510.0,12.93,Bill Discount,Synthetic promotion,497.07,24.85,0,0,0,0,521.92,,,,,
Delhi,ABNAH Cafe Saket Premium,,BILL-OUT003-260116-0029,29,Delivery/Takeaway,,2026-01-16 11:49:00,2026-01-16 12:17:00,Cold Coffee,Classic Cold Coffee - Medium,MENU0043,Beverage,Menu Item,290.0,2.0,580.0,29.22,Bill Discount,Synthetic promotion,550.78,27.54,0,0,0,0,578.32,,,,,
Delhi,ABNAH Cafe Saket Premium,,BILL-OUT003-260116-0030,30,Dine In,T12,2026-01-16 14:52:00,2026-01-16 15:02:00,Cold Coffee,Classic Cold Coffee - Large,MENU0044,Beverage,Menu Item,328.87,2.0,657.74,0.01,Bill Discount,Synthetic promotion,657.73,32.89,0,0,0,0,690.62,,,,,
Delhi,ABNAH Cafe Saket Premium,,BILL-OUT003-260116-0031,31,Delivery/Takeaway,,2026-01-16 19:28:00,2026-01-16 19:47:00,Cold Coffee,Mocha Cold Coffee - Regular,MENU0045,Beverage,Menu Item,288.61,2.0,577.22,0.01,Bill Discount,Synthetic promotion,577.21,28.86,0,0,0,0,606.07,,,,,
Delhi,ABNAH Cafe Saket Premium,,BILL-OUT003-260116-0032,32,Delivery/Takeaway,,2026-01-16 12:27:00,2026-01-16 12:49:00,Cold Coffee,Caramel Cold Coffee - Regular,MENU0048,Beverage,Menu Item,285.0,3.0,855.0,41.13,Bill Discount,Synthetic promotion,813.87,40.69,0,0,0,0,854.56,,,,,
Delhi,ABNAH Cafe Saket Premium,,BILL-OUT003-260116-0033,33,Delivery/Takeaway,,2026-01-16 14:21:00,2026-01-16 14:29:00,Cold Coffee,Caramel Cold Coffee - Medium,MENU0049,Beverage,Menu Item,320.0,1.0,320.0,14.12,Bill Discount,Synthetic promotion,305.88,15.29,0,0,0,0,321.17,,,,,
Delhi,ABNAH Cafe Saket Premium,,BILL-OUT003-260116-0034,34,Dine In,T03,2026-01-16 09:05:00,2026-01-16 09:49:00,Cold Coffee,Caramel Cold Coffee - Large,MENU0050,Beverage,Menu Item,360.72,1.0,360.72,0.0,,,360.72,18.04,0,0,0,0,378.76,,,,,
Delhi,ABNAH Cafe Saket Premium,,BILL-OUT003-260116-0035,35,Delivery/Takeaway,,2026-01-16 17:28:00,2026-01-16 18:08:00,Tea,Masala Chai Latte - Regular,MENU0051,Beverage,Menu Item,196.19,1.0,196.19,0.0,,,196.19,9.81,0,0,0,0,206.0,,,,,
Delhi,ABNAH Cafe Saket Premium,,BILL-OUT003-260116-0036,36,Dine In,T03,2026-01-16 12:47:00,2026-01-16 13:01:00,Tea,Japanese Matcha Latte - Regular,MENU0055,Beverage,Menu Item,265.0,1.0,265.0,4.24,Bill Discount,Synthetic promotion,260.76,13.04,0,0,0,0,273.8,,,,,
Delhi,ABNAH Cafe Saket Premium,,BILL-OUT003-260116-0037,37,Delivery/Takeaway,,2026-01-16 18:01:00,2026-01-16 18:21:00,Tea,Japanese Matcha Latte - Medium,MENU0056,Beverage,Menu Item,295.0,1.0,295.0,5.84,Bill Discount,Synthetic promotion,289.16,14.46,0,0,0,0,303.62,,,,,
Delhi,ABNAH Cafe Saket Premium,,BILL-OUT003-260116-0038,38,Dine In,T13,2026-01-16 10:23:00,2026-01-16 11:07:00,Iced Tea,Lemon Iced Tea - Regular,MENU0058,Beverage,Menu Item,205.38,1.0,205.38,0.0,,,205.38,10.27,0,0,0,0,215.65,,,,,
Delhi,ABNAH Cafe Saket Premium,,BILL-OUT003-260116-0039,39,Dine In,T13,2026-01-16 16:50:00,2026-01-16 17:17:00,Iced Tea,Lemon Iced Tea - Large,MENU0060,Beverage,Menu Item,255.0,1.0,255.0,12.2,Bill Discount,Synthetic promotion,242.8,12.14,0,0,0,0,254.94,,,,,
Delhi,ABNAH Cafe Saket Premium,,BILL-OUT003-260116-0040,40,Delivery/Takeaway,,2026-01-16 11:56:00,2026-01-16 12:34:00,Kids Beverage,Hot Chocolate - Medium,MENU0065,Beverage,Menu Item,245.0,1.0,245.0,9.35,Bill Discount,Synthetic promotion,235.65,11.78,0,0,0,0,247.43,,,,,
Delhi,ABNAH Cafe Saket Premium,,BILL-OUT003-260116-0041,41,Delivery/Takeaway,,2026-01-16 12:48:00,2026-01-16 13:21:00,Shake,Choco Chip Shake - Medium,MENU0069,Beverage,Menu Item,330.0,3.0,990.0,46.28,Bill Discount,Synthetic promotion,943.72,47.19,0,0,0,0,990.91,,,,,
Delhi,ABNAH Cafe Saket Premium,,BILL-OUT003-260116-0042,42,Dine In,T14,2026-01-16 16:24:00,2026-01-16 16:59:00,Shake,Mixed Berry Shake - Medium,MENU0072,Beverage,Menu Item,350.0,1.0,350.0,17.6,Bill Discount,Synthetic promotion,332.4,16.62,0,0,0,0,349.02,,,,,
Delhi,ABNAH Cafe Saket Premium,,BILL-OUT003-260116-0043,43,Delivery/Takeaway,,2026-01-16 13:52:00,2026-01-16 14:22:00,Wraps,Spicy Paneer Wrap,MENU0077,Food,Menu Item,276.1,1.0,276.1,0.0,,,276.1,13.8,0,0,0,0,289.9,,,,,
Delhi,ABNAH Cafe Saket Premium,,BILL-OUT003-260116-0044,44,Delivery/Takeaway,,2026-01-16 16:16:00,2026-01-16 16:51:00,Wraps,Shredded Chicken Wrap,MENU0078,Food,Menu Item,295.0,3.0,885.0,37.61,Bill Discount,Synthetic promotion,847.39,42.37,0,0,0,0,889.76,,,,,
Delhi,ABNAH Cafe Saket Premium,,BILL-OUT003-260116-0045,45,Delivery/Takeaway,,2026-01-16 11:05:00,2026-01-16 11:33:00,Sandwiches,Pesto Veg Sandwich,MENU0080,Food,Menu Item,280.0,1.0,280.0,2.47,Bill Discount,Synthetic promotion,277.53,13.88,0,0,0,0,291.41,,,,,
Delhi,ABNAH Cafe Saket Premium,,BILL-OUT003-260116-0046,46,Delivery/Takeaway,,2026-01-16 09:32:00,2026-01-16 10:07:00,Sandwiches,Tandoori Chicken Sandwich,MENU0082,Food,Menu Item,320.0,1.0,320.0,17.55,Bill Discount,Synthetic promotion,302.45,15.12,0,0,0,0,317.57,,,,,
Delhi,ABNAH Cafe Saket Premium,,BILL-OUT003-260116-0047,47,Delivery/Takeaway,,2026-01-16 10:17:00,2026-01-16 10:35:00,Breakfast,Breakfast Pancakes,MENU0086,Food,Menu Item,287.2,1.0,287.2,0.0,,,287.2,14.36,0,0,0,0,301.56,,,,,
Delhi,ABNAH Cafe Saket Premium,,BILL-OUT003-260116-0048,48,Delivery/Takeaway,,2026-01-16 09:21:00,2026-01-16 09:48:00,Breakfast,Masala Egg Bun,MENU0089,Food,Menu Item,229.44,1.0,229.44,0.0,,,229.44,11.47,0,0,0,0,240.91,,,,,
Delhi,ABNAH Cafe Saket Premium,,BILL-OUT003-260116-0049,49,Dine In,T07,2026-01-16 13:31:00,2026-01-16 14:15:00,Snacks,Turnover with Brioche Dough Chicken,MENU0092,Food,Menu Item,255.0,2.0,510.0,18.21,Bill Discount,Synthetic promotion,491.79,24.59,0,0,0,0,516.38,,,,,
Delhi,ABNAH Cafe Saket Premium,,BILL-OUT003-260116-0050,50,Dine In,T19,2026-01-16 19:02:00,2026-01-16 19:39:00,Baked Goods,Butter Croissant,MENU0094,Food,Menu Item,195.0,2.0,390.0,6.32,Bill Discount,Synthetic promotion,383.68,19.18,0,0,0,0,402.86,,,,,
Delhi,ABNAH Cafe Saket Premium,,BILL-OUT003-260116-0051,51,Dine In,T01,2026-01-16 19:28:00,2026-01-16 19:45:00,Baked Goods,Chocolate Croissant,MENU0096,Food,Menu Item,236.62,1.0,236.62,0.0,,,236.62,11.83,0,0,0,0,248.45,,,,,
Delhi,ABNAH Cafe Saket Premium,,BILL-OUT003-260116-0052,52,Delivery/Takeaway,,2026-01-16 15:10:00,2026-01-16 15:21:00,Baked Goods,Cinnamon Roll with Cream Cheese,MENU0099,Dessert,Menu Item,220.0,1.0,220.0,6.42,Bill Discount,Synthetic promotion,213.58,10.68,0,0,0,0,224.26,,,,,
Delhi,ABNAH Cafe Saket Premium,,BILL-OUT003-260116-0053,53,Delivery/Takeaway,,2026-01-16 08:09:00,2026-01-16 08:38:00,Baked Goods,Lemon Raspberry Tea Cake,MENU0101,Dessert,Menu Item,215.0,2.0,430.0,23.15,Bill Discount,Synthetic promotion,406.85,20.34,0,0,0,0,427.19,,,,,
Delhi,ABNAH Cafe Saket Premium,,BILL-OUT003-260116-0054,54,Delivery/Takeaway,,2026-01-16 14:02:00,2026-01-16 14:41:00,Desserts,Banoffee Pie,MENU0103,Dessert,Menu Item,285.0,1.0,285.0,11.23,Bill Discount,Synthetic promotion,273.77,13.69,0,0,0,0,287.46,,,,,
Delhi,ABNAH Cafe Saket Premium,,BILL-OUT003-260116-0055,55,Delivery/Takeaway,,2026-01-16 10:14:00,2026-01-16 10:49:00,Desserts,Classic Chocolate Fudge Brownie,MENU0104,Dessert,Menu Item,198.56,2.0,397.12,0.0,,,397.13,19.86,0,0,0,0,416.99,,,,,
Delhi,ABNAH Cafe Saket Premium,,BILL-OUT003-260116-0056,56,Delivery/Takeaway,,2026-01-16 19:16:00,2026-01-16 19:26:00,Desserts,Death by Chocolate Cookie,MENU0106,Dessert,Menu Item,190.0,1.0,190.0,8.7,Bill Discount,Synthetic promotion,181.3,9.06,0,0,0,0,190.36,,,,,
Delhi,ABNAH Cafe Saket Premium,,BILL-OUT003-260116-0057,57,Delivery/Takeaway,,2026-01-16 16:37:00,2026-01-16 16:57:00,Desserts,Basque Cheesecake,MENU0109,Dessert,Menu Item,315.63,1.0,315.63,0.0,,,315.63,15.78,0,0,0,0,331.41,,,,,
Delhi,ABNAH Cafe Saket Premium,,BILL-OUT003-260116-0058,58,Delivery/Takeaway,,2026-01-16 09:05:00,2026-01-16 09:16:00,Baked Goods,Multigrain Walnut Tea Cake,MENU0110,Dessert,Menu Item,225.0,1.0,225.0,5.78,Bill Discount,Synthetic promotion,219.22,10.96,0,0,0,0,230.18,,,,,
Delhi,ABNAH Cafe Saket Premium,,BILL-OUT003-260117-0001,1,Dine In,T23,2026-01-17 12:48:00,2026-01-17 13:10:00,Coffee Classics,Americano - Regular,MENU0003,Beverage,Menu Item,185.48,2.0,370.96,0.0,,,370.96,18.55,0,0,0,0,389.51,,,,,
Delhi,ABNAH Cafe Saket Premium,,BILL-OUT003-260117-0002,2,Delivery/Takeaway,,2026-01-17 11:51:00,2026-01-17 12:31:00,Coffee Classics,Americano - Medium,MENU0004,Beverage,Menu Item,212.12,1.0,212.12,0.0,,,212.12,10.61,0,0,0,0,222.73,,,,,
Delhi,ABNAH Cafe Saket Premium,,BILL-OUT003-260117-0003,3,Delivery/Takeaway,,2026-01-17 18:48:00,2026-01-17 19:10:00,Coffee Classics,Americano - Large,MENU0005,Beverage,Menu Item,235.0,4.0,940.0,35.96,Bill Discount,Synthetic promotion,904.04,45.2,0,0,0,0,949.24,,,,,
Delhi,ABNAH Cafe Saket Premium,,BILL-OUT003-260117-0004,4,Delivery/Takeaway,,2026-01-17 16:22:00,2026-01-17 16:39:00,Coffee Classics,Latte - Regular,MENU0006,Beverage,Menu Item,225.0,1.0,225.0,12.26,Bill Discount,Synthetic promotion,212.74,10.64,0,0,0,0,223.38,,,,,
Delhi,ABNAH Cafe Saket Premium,,BILL-OUT003-260117-0005,5,Dine In,T03,2026-01-17 10:15:00,2026-01-17 10:33:00,Coffee Classics,Latte - Large,MENU0008,Beverage,Menu Item,275.0,1.0,275.0,11.56,Bill Discount,Synthetic promotion,263.44,13.17,0,0,0,0,276.61,,,,,
Delhi,ABNAH Cafe Saket Premium,,BILL-OUT003-260117-0006,6,Delivery/Takeaway,,2026-01-17 10:58:00,2026-01-17 11:32:00,Coffee Classics,Cappuccino - Regular,MENU0009,Beverage,Menu Item,225.0,1.0,225.0,13.4,Bill Discount,Synthetic promotion,211.6,10.58,0,0,0,0,222.18,,,,,
Delhi,ABNAH Cafe Saket Premium,,BILL-OUT003-260117-0007,7,Delivery/Takeaway,,2026-01-17 14:02:00,2026-01-17 14:39:00,Coffee Classics,Cappuccino - Large,MENU0011,Beverage,Menu Item,275.0,5.0,1375.0,16.78,Bill Discount,Synthetic promotion,1358.22,67.91,0,0,0,0,1426.13,,,,,
Delhi,ABNAH Cafe Saket Premium,,BILL-OUT003-260117-0008,8,Dine In,T13,2026-01-17 16:16:00,2026-01-17 16:38:00,Coffee Classics,Flat White - Regular,MENU0012,Beverage,Menu Item,235.0,3.0,705.0,19.09,Bill Discount,Synthetic promotion,685.91,34.3,0,0,0,0,720.21,,,,,
Delhi,ABNAH Cafe Saket Premium,,BILL-OUT003-260117-0009,9,Dine In,T08,2026-01-17 09:27:00,2026-01-17 09:38:00,Coffee Classics,Flat White - Medium,MENU0013,Beverage,Menu Item,260.0,3.0,780.0,7.19,Bill Discount,Synthetic promotion,772.81,38.64,0,0,0,0,811.45,,,,,
Delhi,ABNAH Cafe Saket Premium,,BILL-OUT003-260117-0010,10,Delivery/Takeaway,,2026-01-17 11:18:00,2026-01-17 11:49:00,Coffee Classics,Flat White - Large,MENU0014,Beverage,Menu Item,285.0,1.0,285.0,11.32,Bill Discount,Synthetic promotion,273.68,13.68,0,0,0,0,287.36,,,,,
Delhi,ABNAH Cafe Saket Premium,,BILL-OUT003-260117-0011,11,Delivery/Takeaway,,2026-01-17 12:42:00,2026-01-17 13:20:00,Coffee Classics,Mocha - Regular,MENU0015,Beverage,Menu Item,245.0,1.0,245.0,1.36,Bill Discount,Synthetic promotion,243.64,12.18,0,0,0,0,255.82,,,,,
Delhi,ABNAH Cafe Saket Premium,,BILL-OUT003-260117-0012,12,Delivery/Takeaway,,2026-01-17 13:45:00,2026-01-17 14:14:00,Coffee Classics,Mocha - Medium,MENU0016,Beverage,Menu Item,270.0,2.0,540.0,22.3,Bill Discount,Synthetic promotion,517.7,25.89,0,0,0,0,543.59,,,,,
Delhi,ABNAH Cafe Saket Premium,,BILL-OUT003-260117-0013,13,Delivery/Takeaway,,2026-01-17 09:42:00,2026-01-17 10:14:00,Coffee Classics,Mocha - Large,MENU0017,Beverage,Menu Item,295.0,1.0,295.0,14.17,Bill Discount,Synthetic promotion,280.83,14.04,0,0,0,0,294.87,,,,,
Delhi,ABNAH Cafe Saket Premium,,BILL-OUT003-260117-0014,14,Delivery/Takeaway,,2026-01-17 19:09:00,2026-01-17 19:57:00,Signature Coffee,Sea Salt Mocha - Regular,MENU0018,Beverage,Menu Item,275.0,1.0,275.0,2.23,Bill Discount,Synthetic promotion,272.77,13.64,0,0,0,0,286.41,,,,,
Delhi,ABNAH Cafe Saket Premium,,BILL-OUT003-260117-0015,15,Dine In,T05,2026-01-17 14:58:00,2026-01-17 15:17:00,Signature Coffee,Sea Salt Mocha - Large,MENU0020,Beverage,Menu Item,335.0,1.0,335.0,17.69,Bill Discount,Synthetic promotion,317.31,15.87,0,0,0,0,333.18,,,,,
Delhi,ABNAH Cafe Saket Premium,,BILL-OUT003-260117-0016,16,Delivery/Takeaway,,2026-01-17 17:24:00,2026-01-17 17:52:00,Signature Coffee,Orange Zest Mocha - Regular,MENU0021,Beverage,Menu Item,270.0,3.0,810.0,39.36,Bill Discount,Synthetic promotion,770.64,38.53,0,0,0,0,809.17,,,,,
Delhi,ABNAH Cafe Saket Premium,,BILL-OUT003-260117-0017,17,Delivery/Takeaway,,2026-01-17 09:37:00,2026-01-17 09:59:00,Signature Coffee,Orange Zest Mocha - Large,MENU0023,Beverage,Menu Item,330.0,1.0,330.0,13.68,Bill Discount,Synthetic promotion,316.32,15.82,0,0,0,0,332.14,,,,,
Delhi,ABNAH Cafe Saket Premium,,BILL-OUT003-260117-0018,18,Delivery/Takeaway,,2026-01-17 15:50:00,2026-01-17 16:31:00,Signature Coffee,Caramel Macchiato - Regular,MENU0024,Beverage,Menu Item,265.0,3.0,795.0,9.21,Bill Discount,Synthetic promotion,785.79,39.29,0,0,0,0,825.08,,,,,
Delhi,ABNAH Cafe Saket Premium,,BILL-OUT003-260117-0019,19,Delivery/Takeaway,,2026-01-17 15:11:00,2026-01-17 15:37:00,Signature Coffee,Caramel Macchiato - Medium,MENU0025,Beverage,Menu Item,295.0,1.0,295.0,14.78,Bill Discount,Synthetic promotion,280.22,14.01,0,0,0,0,294.23,,,,,
Delhi,ABNAH Cafe Saket Premium,,BILL-OUT003-260117-0020,20,Dine In,T05,2026-01-17 13:28:00,2026-01-17 13:39:00,Signature Coffee,Caramel Macchiato - Large,MENU0026,Beverage,Menu Item,325.0,1.0,325.0,8.17,Bill Discount,Synthetic promotion,316.83,15.84,0,0,0,0,332.67,,,,,
Delhi,ABNAH Cafe Saket Premium,,BILL-OUT003-260117-0021,21,Dine In,T12,2026-01-17 15:12:00,2026-01-17 15:49:00,Signature Coffee,French Vanilla Latte - Regular,MENU0027,Beverage,Menu Item,265.51,2.0,531.02,0.0,,,531.02,26.55,0,0,0,0,557.57,,,,,
Delhi,ABNAH Cafe Saket Premium,,BILL-OUT003-260117-0022,22,Delivery/Takeaway,,2026-01-17 08:19:00,2026-01-17 08:49:00,Signature Coffee,French Vanilla Latte - Medium,MENU0028,Beverage,Menu Item,295.0,2.0,590.0,29.22,Bill Discount,Synthetic promotion,560.78,28.04,0,0,0,0,588.82,,,,,
Delhi,ABNAH Cafe Saket Premium,,BILL-OUT003-260117-0023,23,Delivery/Takeaway,,2026-01-17 17:53:00,2026-01-17 18:38:00,Signature Coffee,French Vanilla Latte - Large,MENU0029,Beverage,Menu Item,325.0,2.0,650.0,37.0,Bill Discount,Synthetic promotion,613.0,30.65,0,0,0,0,643.65,,,,,
Delhi,ABNAH Cafe Saket Premium,,BILL-OUT003-260117-0024,24,Delivery/Takeaway,,2026-01-17 16:26:00,2026-01-17 16:52:00,Signature Coffee,Vegan Iced Latte - Regular,MENU0030,Beverage,Menu Item,285.0,1.0,285.0,3.56,Bill Discount,Synthetic promotion,281.44,14.07,0,0,0,0,295.51,,,,,
Delhi,ABNAH Cafe Saket Premium,,BILL-OUT003-260117-0025,25,Delivery/Takeaway,,2026-01-17 19:11:00,2026-01-17 19:34:00,Signature Coffee,Vegan Iced Latte - Medium,MENU0031,Beverage,Menu Item,310.0,2.0,620.0,35.97,Bill Discount,Synthetic promotion,584.03,29.2,0,0,0,0,613.23,,,,,
Delhi,ABNAH Cafe Saket Premium,,BILL-OUT003-260117-0026,26,Delivery/Takeaway,,2026-01-17 08:51:00,2026-01-17 09:05:00,Signature Coffee,Vegan Iced Latte - Large,MENU0032,Beverage,Menu Item,335.0,1.0,335.0,12.8,Bill Discount,Synthetic promotion,322.2,16.11,0,0,0,0,338.31,,,,,
Delhi,ABNAH Cafe Saket Premium,,BILL-OUT003-260117-0027,27,Delivery/Takeaway,,2026-01-17 09:22:00,2026-01-17 09:56:00,Cold Brew,Classic Cold Brew - Regular,MENU0033,Beverage,Menu Item,225.0,2.0,450.0,22.26,Bill Discount,Synthetic promotion,427.74,21.39,0,0,0,0,449.13,,,,,
Delhi,ABNAH Cafe Saket Premium,,BILL-OUT003-260117-0028,28,Delivery/Takeaway,,2026-01-17 11:09:00,2026-01-17 11:44:00,Cold Brew,Classic Cold Brew - Medium,MENU0034,Beverage,Menu Item,251.42,2.0,502.84,0.0,,,502.84,25.14,0,0,0,0,527.98,,,,,
Delhi,ABNAH Cafe Saket Premium,,BILL-OUT003-260117-0029,29,Dine In,T14,2026-01-17 17:56:00,2026-01-17 18:12:00,Cold Brew,Coffee Lemonade - Regular,MENU0036,Beverage,Menu Item,235.0,1.0,235.0,2.62,Bill Discount,Synthetic promotion,232.38,11.62,0,0,0,0,244.0,,,,,
Delhi,ABNAH Cafe Saket Premium,,BILL-OUT003-260117-0030,30,Delivery/Takeaway,,2026-01-17 09:19:00,2026-01-17 09:35:00,Cold Brew,Vietnamese Shakerato - Medium,MENU0040,Beverage,Menu Item,280.0,1.0,280.0,12.51,Bill Discount,Synthetic promotion,267.49,13.37,0,0,0,0,280.86,,,,,
Delhi,ABNAH Cafe Saket Premium,,BILL-OUT003-260117-0031,31,Delivery/Takeaway,,2026-01-17 11:59:00,2026-01-17 12:11:00,Cold Brew,Vietnamese Shakerato - Large,MENU0041,Beverage,Menu Item,305.0,1.0,305.0,8.04,Bill Discount,Synthetic promotion,296.96,14.85,0,0,0,0,311.81,,,,,
Delhi,ABNAH Cafe Saket Premium,,BILL-OUT003-260117-0032,32,Delivery/Takeaway,,2026-01-17 13:23:00,2026-01-17 13:59:00,Cold Coffee,Classic Cold Coffee - Regular,MENU0042,Beverage,Menu Item,255.0,2.0,510.0,26.87,Bill Discount,Synthetic promotion,483.13,24.16,0,0,0,0,507.29,,,,,
Delhi,ABNAH Cafe Saket Premium,,BILL-OUT003-260117-0033,33,Delivery/Takeaway,,2026-01-17 14:31:00,2026-01-17 14:53:00,Cold Coffee,Classic Cold Coffee - Medium,MENU0043,Beverage,Menu Item,294.79,1.0,294.79,0.0,,,294.79,14.74,0,0,0,0,309.53,,,,,
Delhi,ABNAH Cafe Saket Premium,,BILL-OUT003-260117-0034,34,Delivery/Takeaway,,2026-01-17 08:30:00,2026-01-17 09:05:00,Cold Coffee,Classic Cold Coffee - Large,MENU0044,Beverage,Menu Item,325.0,4.0,1300.0,24.72,Bill Discount,Synthetic promotion,1275.28,63.76,0,0,0,0,1339.04,,,,,
Delhi,ABNAH Cafe Saket Premium,,BILL-OUT003-260117-0035,35,Delivery/Takeaway,,2026-01-17 11:10:00,2026-01-17 11:26:00,Cold Coffee,Mocha Cold Coffee - Regular,MENU0045,Beverage,Menu Item,288.77,2.0,577.54,0.0,,,577.55,28.88,0,0,0,0,606.43,,,,,
Delhi,ABNAH Cafe Saket Premium,,BILL-OUT003-260117-0036,36,Dine In,T02,2026-01-17 17:43:00,2026-01-17 17:52:00,Cold Coffee,Mocha Cold Coffee - Medium,MENU0046,Beverage,Menu Item,320.0,1.0,320.0,16.63,Bill Discount,Synthetic promotion,303.37,15.17,0,0,0,0,318.54,,,,,
Delhi,ABNAH Cafe Saket Premium,,BILL-OUT003-260117-0037,37,Delivery/Takeaway,,2026-01-17 18:50:00,2026-01-17 19:19:00,Cold Coffee,Mocha Cold Coffee - Large,MENU0047,Beverage,Menu Item,355.0,1.0,355.0,14.53,Bill Discount,Synthetic promotion,340.47,17.02,0,0,0,0,357.49,,,,,
Delhi,ABNAH Cafe Saket Premium,,BILL-OUT003-260117-0038,38,Dine In,T24,2026-01-17 15:21:00,2026-01-17 15:39:00,Cold Coffee,Caramel Cold Coffee - Regular,MENU0048,Beverage,Menu Item,285.0,1.0,285.0,9.03,Bill Discount,Synthetic promotion,275.97,13.8,0,0,0,0,289.77,,,,,
Delhi,ABNAH Cafe Saket Premium,,BILL-OUT003-260117-0039,39,Delivery/Takeaway,,2026-01-17 19:34:00,2026-01-17 20:11:00,Tea,Masala Chai Latte - Large,MENU0053,Beverage,Menu Item,246.07,2.0,492.14,0.0,,,492.14,24.61,0,0,0,0,516.75,,,,,
Delhi,ABNAH Cafe Saket Premium,,BILL-OUT003-260117-0040,40,Dine In,T18,2026-01-17 09:43:00,2026-01-17 10:32:00,Tea,Himalayan Green Tea,MENU0054,Beverage,Menu Item,210.0,1.0,210.0,1.33,Bill Discount,Synthetic promotion,208.67,10.43,0,0,0,0,219.1,,,,,
Delhi,ABNAH Cafe Saket Premium,,BILL-OUT003-260117-0041,41,Dine In,T04,2026-01-17 12:27:00,2026-01-17 12:35:00,Tea,Japanese Matcha Latte - Medium,MENU0056,Beverage,Menu Item,295.0,2.0,590.0,32.72,Bill Discount,Synthetic promotion,557.28,27.86,0,0,0,0,585.14,,,,,
Delhi,ABNAH Cafe Saket Premium,,BILL-OUT003-260117-0042,42,Dine In,T08,2026-01-17 13:32:00,2026-01-17 13:51:00,Tea,Japanese Matcha Latte - Large,MENU0057,Beverage,Menu Item,325.0,2.0,650.0,1.58,Bill Discount,Synthetic promotion,648.42,32.42,0,0,0,0,680.84,,,,,
Delhi,ABNAH Cafe Saket Premium,,BILL-OUT003-260117-0043,43,Delivery/Takeaway,,2026-01-17 11:25:00,2026-01-17 12:01:00,Iced Tea,Lemon Iced Tea - Regular,MENU0058,Beverage,Menu Item,205.0,2.0,410.0,14.29,Bill Discount,Synthetic promotion,395.71,19.79,0,0,0,0,415.5,,,,,
Delhi,ABNAH Cafe Saket Premium,,BILL-OUT003-260117-0044,44,Dine In,T06,2026-01-17 10:48:00,2026-01-17 11:12:00,Iced Tea,Lemon Iced Tea - Medium,MENU0059,Beverage,Menu Item,234.1,1.0,234.1,0.0,,,234.1,11.71,0,0,0,0,245.81,,,,,
Delhi,ABNAH Cafe Saket Premium,,BILL-OUT003-260117-0045,45,Delivery/Takeaway,,2026-01-17 10:17:00,2026-01-17 10:51:00,Iced Tea,Hibiscus Lime Iced Tea - Medium,MENU0062,Beverage,Menu Item,252.07,2.0,504.14,0.0,,,504.15,25.21,0,0,0,0,529.36,,,,,
Delhi,ABNAH Cafe Saket Premium,,BILL-OUT003-260117-0046,46,Delivery/Takeaway,,2026-01-17 14:20:00,2026-01-17 15:07:00,Kids Beverage,Babyccino - Regular,MENU0067,Beverage,Menu Item,166.97,1.0,166.97,0.0,,,166.97,8.35,0,0,0,0,175.32,,,,,
Delhi,ABNAH Cafe Saket Premium,,BILL-OUT003-260117-0047,47,Delivery/Takeaway,,2026-01-17 18:52:00,2026-01-17 19:21:00,Shake,Choco Chip Shake - Large,MENU0070,Beverage,Menu Item,365.81,2.0,731.62,0.01,Bill Discount,Synthetic promotion,731.61,36.58,0,0,0,0,768.19,,,,,
Delhi,ABNAH Cafe Saket Premium,,BILL-OUT003-260117-0048,48,Dine In,T22,2026-01-17 15:52:00,2026-01-17 16:01:00,Shake,Mixed Berry Shake - Medium,MENU0072,Beverage,Menu Item,350.0,2.0,700.0,7.61,Bill Discount,Synthetic promotion,692.39,34.62,0,0,0,0,727.01,,,,,
Delhi,ABNAH Cafe Saket Premium,,BILL-OUT003-260117-0049,49,Dine In,T19,2026-01-17 17:24:00,2026-01-17 18:12:00,Shake,Mixed Berry Shake - Large,MENU0073,Beverage,Menu Item,389.2,1.0,389.2,0.0,,,389.2,19.46,0,0,0,0,408.66,,,,,
Delhi,ABNAH Cafe Saket Premium,,BILL-OUT003-260117-0050,50,Delivery/Takeaway,,2026-01-17 17:03:00,2026-01-17 17:25:00,Smoothie,Seasonal Smoothie - Regular,MENU0074,Beverage,Menu Item,310.84,1.0,310.84,0.0,,,310.84,15.54,0,0,0,0,326.38,,,,,
Delhi,ABNAH Cafe Saket Premium,,BILL-OUT003-260117-0051,51,Dine In,T14,2026-01-17 16:33:00,2026-01-17 16:45:00,Smoothie,Seasonal Smoothie - Large,MENU0076,Beverage,Menu Item,375.0,1.0,375.0,0.88,Bill Discount,Synthetic promotion,374.12,18.71,0,0,0,0,392.83,,,,,
Delhi,ABNAH Cafe Saket Premium,,BILL-OUT003-260117-0052,52,Dine In,T01,2026-01-17 08:34:00,2026-01-17 09:13:00,Wraps,Spicy Paneer Wrap,MENU0077,Food,Menu Item,277.06,1.0,277.06,0.0,,,277.06,13.85,0,0,0,0,290.91,,,,,
Delhi,ABNAH Cafe Saket Premium,,BILL-OUT003-260117-0053,53,Delivery/Takeaway,,2026-01-17 16:50:00,2026-01-17 17:17:00,Wraps,Shredded Chicken Wrap,MENU0078,Food,Menu Item,295.0,2.0,590.0,28.09,Bill Discount,Synthetic promotion,561.91,28.1,0,0,0,0,590.01,,,,,
Delhi,ABNAH Cafe Saket Premium,,BILL-OUT003-260117-0054,54,Delivery/Takeaway,,2026-01-17 15:30:00,2026-01-17 16:09:00,Sandwiches,Pesto Veg Sandwich,MENU0080,Food,Menu Item,280.0,2.0,560.0,31.8,Bill Discount,Synthetic promotion,528.2,26.41,0,0,0,0,554.61,,,,,
Delhi,ABNAH Cafe Saket Premium,,BILL-OUT003-260117-0055,55,Delivery/Takeaway,,2026-01-17 13:47:00,2026-01-17 14:28:00,Sandwiches,Tandoori Chicken Sandwich,MENU0082,Food,Menu Item,320.0,1.0,320.0,8.63,Bill Discount,Synthetic promotion,311.37,15.57,0,0,0,0,326.94,,,,,
Delhi,ABNAH Cafe Saket Premium,,BILL-OUT003-260117-0056,56,Dine In,T19,2026-01-17 16:46:00,2026-01-17 17:22:00,Toasts,Chicken Pepperoni Avocado Toast,MENU0084,Food,Menu Item,333.37,1.0,333.37,0.0,,,333.37,16.67,0,0,0,0,350.04,,,,,
Delhi,ABNAH Cafe Saket Premium,,BILL-OUT003-260117-0057,57,Delivery/Takeaway,,2026-01-17 09:17:00,2026-01-17 10:02:00,Breakfast,Cream Cheese Bagel,MENU0087,Food,Menu Item,250.0,1.0,250.0,0.51,Bill Discount,Synthetic promotion,249.49,12.47,0,0,0,0,261.96,,,,,
Delhi,ABNAH Cafe Saket Premium,,BILL-OUT003-260117-0058,58,Delivery/Takeaway,,2026-01-17 19:29:00,2026-01-17 20:00:00,Breakfast,Masala Egg Bun,MENU0089,Food,Menu Item,225.0,1.0,225.0,11.06,Bill Discount,Synthetic promotion,213.94,10.7,0,0,0,0,224.64,,,,,
Delhi,ABNAH Cafe Saket Premium,,BILL-OUT003-260117-0059,59,Delivery/Takeaway,,2026-01-17 17:41:00,2026-01-17 18:03:00,Baked Goods,Almond Croissant,MENU0095,Food,Menu Item,245.0,1.0,245.0,10.16,Bill Discount,Synthetic promotion,234.84,11.74,0,0,0,0,246.58,,,,,
Delhi,ABNAH Cafe Saket Premium,,BILL-OUT003-260117-0060,60,Delivery/Takeaway,,2026-01-17 08:53:00,2026-01-17 09:19:00,Baked Goods,Cinnamon Roll with Cream Cheese,MENU0099,Dessert,Menu Item,220.0,1.0,220.0,5.39,Bill Discount,Synthetic promotion,214.61,10.73,0,0,0,0,225.34,,,,,
Delhi,ABNAH Cafe Saket Premium,,BILL-OUT003-260117-0061,61,Delivery/Takeaway,,2026-01-17 17:33:00,2026-01-17 17:56:00,Baked Goods,Banana Walnut Tea Cake,MENU0100,Dessert,Menu Item,205.0,1.0,205.0,5.28,Bill Discount,Synthetic promotion,199.72,9.99,0,0,0,0,209.71,,,,,
Delhi,ABNAH Cafe Saket Premium,,BILL-OUT003-260117-0062,62,Delivery/Takeaway,,2026-01-17 19:11:00,2026-01-17 19:55:00,Baked Goods,Lemon Raspberry Tea Cake,MENU0101,Dessert,Menu Item,215.0,3.0,645.0,4.8,Bill Discount,Synthetic promotion,640.2,32.01,0,0,0,0,672.21,,,,,
Delhi,ABNAH Cafe Saket Premium,,BILL-OUT003-260117-0063,63,Delivery/Takeaway,,2026-01-17 18:53:00,2026-01-17 19:22:00,Desserts,Double Chocolate Truffle Cake,MENU0102,Dessert,Menu Item,295.0,2.0,590.0,2.46,Bill Discount,Synthetic promotion,587.54,29.38,0,0,0,0,616.92,,,,,
Delhi,ABNAH Cafe Saket Premium,,BILL-OUT003-260117-0064,64,Delivery/Takeaway,,2026-01-17 13:04:00,2026-01-17 13:53:00,Desserts,Banoffee Pie,MENU0103,Dessert,Menu Item,285.0,1.0,285.0,13.89,Bill Discount,Synthetic promotion,271.11,13.56,0,0,0,0,284.67,,,,,
Delhi,ABNAH Cafe Saket Premium,,BILL-OUT003-260117-0065,65,Delivery/Takeaway,,2026-01-17 11:49:00,2026-01-17 12:27:00,Desserts,Classic Chocolate Fudge Brownie,MENU0104,Dessert,Menu Item,198.79,1.0,198.79,0.0,,,198.79,9.94,0,0,0,0,208.73,,,,,
Delhi,ABNAH Cafe Saket Premium,,BILL-OUT003-260117-0066,66,Delivery/Takeaway,,2026-01-17 10:06:00,2026-01-17 10:47:00,Desserts,Soft-Centred Caramel Cookie,MENU0105,Dessert,Menu Item,180.0,2.0,360.0,18.92,Bill Discount,Synthetic promotion,341.08,17.05,0,0,0,0,358.13,,,,,
Delhi,ABNAH Cafe Saket Premium,,BILL-OUT003-260117-0067,67,Delivery/Takeaway,,2026-01-17 17:55:00,2026-01-17 18:23:00,Desserts,Death by Chocolate Cookie,MENU0106,Dessert,Menu Item,190.0,2.0,380.0,14.03,Bill Discount,Synthetic promotion,365.97,18.3,0,0,0,0,384.27,,,,,
Delhi,ABNAH Cafe Saket Premium,,BILL-OUT003-260117-0068,68,Delivery/Takeaway,,2026-01-17 18:02:00,2026-01-17 18:34:00,Desserts,Jaggery Parmesan Cookie,MENU0107,Dessert,Menu Item,170.0,1.0,170.0,0.74,Bill Discount,Synthetic promotion,169.26,8.46,0,0,0,0,177.72,,,,,
Delhi,ABNAH Cafe Saket Premium,,BILL-OUT003-260117-0069,69,Delivery/Takeaway,,2026-01-17 15:02:00,2026-01-17 15:11:00,Desserts,Apple Pie,MENU0108,Dessert,Menu Item,270.0,1.0,270.0,0.59,Bill Discount,Synthetic promotion,269.41,13.47,0,0,0,0,282.88,,,,,
Delhi,ABNAH Cafe Saket Premium,,BILL-OUT003-260117-0070,70,Dine In,T06,2026-01-17 16:55:00,2026-01-17 17:43:00,Desserts,Basque Cheesecake,MENU0109,Dessert,Menu Item,310.0,1.0,310.0,9.58,Bill Discount,Synthetic promotion,300.42,15.02,0,0,0,0,315.44,,,,,
Delhi,ABNAH Cafe Saket Premium,,BILL-OUT003-260117-0071,71,Dine In,T22,2026-01-17 17:46:00,2026-01-17 18:30:00,Baked Goods,Multigrain Walnut Tea Cake,MENU0110,Dessert,Menu Item,225.3,1.0,225.3,0.0,,,225.3,11.27,0,0,0,0,236.57,,,,,
Delhi,ABNAH Cafe Saket Premium,,BILL-OUT003-260118-0001,1,Dine In,T18,2026-01-18 12:13:00,2026-01-18 12:41:00,Coffee Classics,Americano - Medium,MENU0004,Beverage,Menu Item,214.17,1.0,214.17,0.0,,,214.17,10.71,0,0,0,0,224.88,,,,,
Delhi,ABNAH Cafe Saket Premium,,BILL-OUT003-260118-0002,2,Dine In,T05,2026-01-18 12:46:00,2026-01-18 13:27:00,Coffee Classics,Americano - Large,MENU0005,Beverage,Menu Item,235.0,2.0,470.0,6.59,Bill Discount,Synthetic promotion,463.41,23.17,0,0,0,0,486.58,,,,,
Delhi,ABNAH Cafe Saket Premium,,BILL-OUT003-260118-0003,3,Dine In,T19,2026-01-18 12:59:00,2026-01-18 13:46:00,Coffee Classics,Latte - Regular,MENU0006,Beverage,Menu Item,225.44,2.0,450.88,0.0,,,450.89,22.54,0,0,0,0,473.43,,,,,
Delhi,ABNAH Cafe Saket Premium,,BILL-OUT003-260118-0004,4,Delivery/Takeaway,,2026-01-18 15:14:00,2026-01-18 15:30:00,Coffee Classics,Latte - Large,MENU0008,Beverage,Menu Item,277.58,1.0,277.58,0.0,,,277.58,13.88,0,0,0,0,291.46,,,,,
Delhi,ABNAH Cafe Saket Premium,,BILL-OUT003-260118-0005,5,Delivery/Takeaway,,2026-01-18 16:40:00,2026-01-18 17:27:00,Coffee Classics,Cappuccino - Regular,MENU0009,Beverage,Menu Item,225.0,3.0,675.0,31.71,Bill Discount,Synthetic promotion,643.29,32.16,0,0,0,0,675.45,,,,,
Delhi,ABNAH Cafe Saket Premium,,BILL-OUT003-260118-0006,6,Dine In,T04,2026-01-18 15:09:00,2026-01-18 15:41:00,Coffee Classics,Cappuccino - Medium,MENU0010,Beverage,Menu Item,250.0,4.0,1000.0,5.25,Bill Discount,Synthetic promotion,994.75,49.74,0,0,0,0,1044.49,,,,,
Delhi,ABNAH Cafe Saket Premium,,BILL-OUT003-260118-0007,7,Dine In,T20,2026-01-18 18:15:00,2026-01-18 18:44:00,Coffee Classics,Cappuccino - Large,MENU0011,Beverage,Menu Item,279.69,2.0,559.38,0.0,,,559.38,27.97,0,0,0,0,587.35,,,,,
Delhi,ABNAH Cafe Saket Premium,,BILL-OUT003-260118-0008,8,Dine In,T24,2026-01-18 12:20:00,2026-01-18 12:28:00,Coffee Classics,Flat White - Regular,MENU0012,Beverage,Menu Item,235.0,1.0,235.0,5.85,Bill Discount,Synthetic promotion,229.15,11.46,0,0,0,0,240.61,,,,,
Delhi,ABNAH Cafe Saket Premium,,BILL-OUT003-260118-0009,9,Delivery/Takeaway,,2026-01-18 09:38:00,2026-01-18 10:01:00,Coffee Classics,Flat White - Medium,MENU0013,Beverage,Menu Item,260.0,4.0,1040.0,52.88,Bill Discount,Synthetic promotion,987.12,49.36,0,0,0,0,1036.48,,,,,
Delhi,ABNAH Cafe Saket Premium,,BILL-OUT003-260118-0010,10,Dine In,T21,2026-01-18 17:55:00,2026-01-18 18:08:00,Coffee Classics,Flat White - Large,MENU0014,Beverage,Menu Item,285.0,1.0,285.0,14.46,Bill Discount,Synthetic promotion,270.54,13.53,0,0,0,0,284.07,,,,,
Delhi,ABNAH Cafe Saket Premium,,BILL-OUT003-260118-0011,11,Delivery/Takeaway,,2026-01-18 17:57:00,2026-01-18 18:37:00,Coffee Classics,Mocha - Regular,MENU0015,Beverage,Menu Item,245.0,1.0,245.0,1.16,Bill Discount,Synthetic promotion,243.84,12.19,0,0,0,0,256.03,,,,,
Delhi,ABNAH Cafe Saket Premium,,BILL-OUT003-260118-0012,12,Delivery/Takeaway,,2026-01-18 18:25:00,2026-01-18 18:34:00,Coffee Classics,Mocha - Large,MENU0017,Beverage,Menu Item,295.0,1.0,295.0,5.09,Bill Discount,Synthetic promotion,289.91,14.5,0,0,0,0,304.41,,,,,
Delhi,ABNAH Cafe Saket Premium,,BILL-OUT003-260118-0013,13,Delivery/Takeaway,,2026-01-18 15:13:00,2026-01-18 15:45:00,Signature Coffee,Sea Salt Mocha - Regular,MENU0018,Beverage,Menu Item,275.75,2.0,551.5,0.0,,,551.5,27.57,0,0,0,0,579.07,,,,,
Delhi,ABNAH Cafe Saket Premium,,BILL-OUT003-260118-0014,14,Dine In,T19,2026-01-18 17:47:00,2026-01-18 18:12:00,Signature Coffee,Sea Salt Mocha - Medium,MENU0019,Beverage,Menu Item,305.0,1.0,305.0,18.11,Bill Discount,Synthetic promotion,286.89,14.34,0,0,0,0,301.23,,,,,
Delhi,ABNAH Cafe Saket Premium,,BILL-OUT003-260118-0015,15,Dine In,T09,2026-01-18 16:20:00,2026-01-18 16:36:00,Signature Coffee,Orange Zest Mocha - Regular,MENU0021,Beverage,Menu Item,270.0,2.0,540.0,5.2,Bill Discount,Synthetic promotion,534.8,26.74,0,0,0,0,561.54,,,,,
Delhi,ABNAH Cafe Saket Premium,,BILL-OUT003-260118-0016,16,Delivery/Takeaway,,2026-01-18 17:54:00,2026-01-18 18:37:00,Signature Coffee,Orange Zest Mocha - Medium,MENU0022,Beverage,Menu Item,305.35,2.0,610.7,0.0,,,610.7,30.54,0,0,0,0,641.24,,,,,
Delhi,ABNAH Cafe Saket Premium,,BILL-OUT003-260118-0017,17,Delivery/Takeaway,,2026-01-18 09:24:00,2026-01-18 09:57:00,Signature Coffee,Orange Zest Mocha - Large,MENU0023,Beverage,Menu Item,334.39,2.0,668.78,0.0,,,668.78,33.44,0,0,0,0,702.22,,,,,
Delhi,ABNAH Cafe Saket Premium,,BILL-OUT003-260118-0018,18,Delivery/Takeaway,,2026-01-18 09:13:00,2026-01-18 09:33:00,Signature Coffee,Caramel Macchiato - Regular,MENU0024,Beverage,Menu Item,265.0,2.0,530.0,17.57,Bill Discount,Synthetic promotion,512.43,25.62,0,0,0,0,538.05,,,,,
Delhi,ABNAH Cafe Saket Premium,,BILL-OUT003-260118-0019,19,Delivery/Takeaway,,2026-01-18 09:22:00,2026-01-18 09:56:00,Signature Coffee,Caramel Macchiato - Large,MENU0026,Beverage,Menu Item,325.0,1.0,325.0,14.17,Bill Discount,Synthetic promotion,310.83,15.54,0,0,0,0,326.37,,,,,
Delhi,ABNAH Cafe Saket Premium,,BILL-OUT003-260118-0020,20,Dine In,T08,2026-01-18 19:22:00,2026-01-18 19:37:00,Signature Coffee,French Vanilla Latte - Medium,MENU0028,Beverage,Menu Item,295.0,2.0,590.0,4.65,Bill Discount,Synthetic promotion,585.35,29.27,0,0,0,0,614.62,,,,,
Delhi,ABNAH Cafe Saket Premium,,BILL-OUT003-260118-0021,21,Delivery/Takeaway,,2026-01-18 19:45:00,2026-01-18 20:14:00,Signature Coffee,French Vanilla Latte - Large,MENU0029,Beverage,Menu Item,325.0,2.0,650.0,2.29,Bill Discount,Synthetic promotion,647.71,32.39,0,0,0,0,680.1,,,,,
Delhi,ABNAH Cafe Saket Premium,,BILL-OUT003-260118-0022,22,Delivery/Takeaway,,2026-01-18 13:03:00,2026-01-18 13:52:00,Signature Coffee,Vegan Iced Latte - Regular,MENU0030,Beverage,Menu Item,285.0,1.0,285.0,0.96,Bill Discount,Synthetic promotion,284.04,14.2,0,0,0,0,298.24,,,,,
Delhi,ABNAH Cafe Saket Premium,,BILL-OUT003-260118-0023,23,Delivery/Takeaway,,2026-01-18 08:27:00,2026-01-18 08:46:00,Signature Coffee,Vegan Iced Latte - Medium,MENU0031,Beverage,Menu Item,312.1,3.0,936.3,0.0,,,936.3,46.81,0,0,0,0,983.11,,,,,
Delhi,ABNAH Cafe Saket Premium,,BILL-OUT003-260118-0024,24,Dine In,T22,2026-01-18 15:07:00,2026-01-18 15:38:00,Signature Coffee,Vegan Iced Latte - Large,MENU0032,Beverage,Menu Item,335.0,1.0,335.0,9.48,Bill Discount,Synthetic promotion,325.52,16.28,0,0,0,0,341.8,,,,,
Delhi,ABNAH Cafe Saket Premium,,BILL-OUT003-260118-0025,25,Delivery/Takeaway,,2026-01-18 13:41:00,2026-01-18 13:53:00,Cold Brew,Classic Cold Brew - Medium,MENU0034,Beverage,Menu Item,250.0,1.0,250.0,5.93,Bill Discount,Synthetic promotion,244.07,12.2,0,0,0,0,256.27,,,,,
Delhi,ABNAH Cafe Saket Premium,,BILL-OUT003-260118-0026,26,Dine In,T11,2026-01-18 14:44:00,2026-01-18 15:16:00,Cold Brew,Vietnamese Shakerato - Regular,MENU0039,Beverage,Menu Item,255.0,2.0,510.0,7.52,Bill Discount,Synthetic promotion,502.48,25.12,0,0,0,0,527.6,,,,,
Delhi,ABNAH Cafe Saket Premium,,BILL-OUT003-260118-0027,27,Dine In,T13,2026-01-18 14:43:00,2026-01-18 15:02:00,Cold Brew,Vietnamese Shakerato - Medium,MENU0040,Beverage,Menu Item,282.03,1.0,282.03,0.0,,,282.03,14.1,0,0,0,0,296.13,,,,,
Delhi,ABNAH Cafe Saket Premium,,BILL-OUT003-260118-0028,28,Delivery/Takeaway,,2026-01-18 19:11:00,2026-01-18 19:54:00,Cold Coffee,Classic Cold Coffee - Medium,MENU0043,Beverage,Menu Item,290.0,3.0,870.0,41.81,Bill Discount,Synthetic promotion,828.19,41.41,0,0,0,0,869.6,,,,,
Delhi,ABNAH Cafe Saket Premium,,BILL-OUT003-260118-0029,29,Delivery/Takeaway,,2026-01-18 17:00:00,2026-01-18 17:43:00,Cold Coffee,Classic Cold Coffee - Large,MENU0044,Beverage,Menu Item,329.47,2.0,658.94,0.0,,,658.94,32.95,0,0,0,0,691.89,,,,,
Delhi,ABNAH Cafe Saket Premium,,BILL-OUT003-260118-0030,30,Delivery/Takeaway,,2026-01-18 11:59:00,2026-01-18 12:18:00,Cold Coffee,Mocha Cold Coffee - Medium,MENU0046,Beverage,Menu Item,320.0,1.0,320.0,1.26,Bill Discount,Synthetic promotion,318.74,15.94,0,0,0,0,334.68,,,,,
Delhi,ABNAH Cafe Saket Premium,,BILL-OUT003-260118-0031,31,Dine In,T06,2026-01-18 18:44:00,2026-01-18 18:57:00,Cold Coffee,Mocha Cold Coffee - Large,MENU0047,Beverage,Menu Item,355.0,1.0,355.0,9.91,Bill Discount,Synthetic promotion,345.09,17.25,0,0,0,0,362.34,,,,,
Delhi,ABNAH Cafe Saket Premium,,BILL-OUT003-260118-0032,32,Delivery/Takeaway,,2026-01-18 11:42:00,2026-01-18 12:07:00,Cold Coffee,Caramel Cold Coffee - Medium,MENU0049,Beverage,Menu Item,324.28,1.0,324.28,0.0,,,324.28,16.21,0,0,0,0,340.49,,,,,
Delhi,ABNAH Cafe Saket Premium,,BILL-OUT003-260118-0033,33,Delivery/Takeaway,,2026-01-18 15:14:00,2026-01-18 16:03:00,Cold Coffee,Caramel Cold Coffee - Large,MENU0050,Beverage,Menu Item,359.16,1.0,359.16,0.0,,,359.16,17.96,0,0,0,0,377.12,,,,,
Delhi,ABNAH Cafe Saket Premium,,BILL-OUT003-260118-0034,34,Delivery/Takeaway,,2026-01-18 14:28:00,2026-01-18 14:53:00,Tea,Masala Chai Latte - Large,MENU0053,Beverage,Menu Item,245.0,1.0,245.0,9.4,Bill Discount,Synthetic promotion,235.6,11.78,0,0,0,0,247.38,,,,,
Delhi,ABNAH Cafe Saket Premium,,BILL-OUT003-260118-0035,35,Dine In,T24,2026-01-18 13:17:00,2026-01-18 13:53:00,Tea,Japanese Matcha Latte - Regular,MENU0055,Beverage,Menu Item,265.0,1.0,265.0,10.43,Bill Discount,Synthetic promotion,254.57,12.73,0,0,0,0,267.3,,,,,
Delhi,ABNAH Cafe Saket Premium,,BILL-OUT003-260118-0036,36,Delivery/Takeaway,,2026-01-18 16:15:00,2026-01-18 16:54:00,Tea,Japanese Matcha Latte - Medium,MENU0056,Beverage,Menu Item,295.0,1.0,295.0,10.96,Bill Discount,Synthetic promotion,284.04,14.2,0,0,0,0,298.24,,,,,
Delhi,ABNAH Cafe Saket Premium,,BILL-OUT003-260118-0037,37,Delivery/Takeaway,,2026-01-18 08:58:00,2026-01-18 09:33:00,Iced Tea,Lemon Iced Tea - Medium,MENU0059,Beverage,Menu Item,230.0,2.0,460.0,23.28,Bill Discount,Synthetic promotion,436.72,21.84,0,0,0,0,458.56,,,,,
Delhi,ABNAH Cafe Saket Premium,,BILL-OUT003-260118-0038,38,Dine In,T16,2026-01-18 15:34:00,2026-01-18 16:22:00,Iced Tea,Hibiscus Lime Iced Tea - Medium,MENU0062,Beverage,Menu Item,250.0,1.0,250.0,13.35,Bill Discount,Synthetic promotion,236.65,11.83,0,0,0,0,248.48,,,,,
Delhi,ABNAH Cafe Saket Premium,,BILL-OUT003-260118-0039,39,Dine In,T13,2026-01-18 08:14:00,2026-01-18 08:47:00,Iced Tea,Hibiscus Lime Iced Tea - Large,MENU0063,Beverage,Menu Item,275.0,1.0,275.0,12.09,Bill Discount,Synthetic promotion,262.91,13.15,0,0,0,0,276.06,,,,,
Delhi,ABNAH Cafe Saket Premium,,BILL-OUT003-260118-0040,40,Delivery/Takeaway,,2026-01-18 14:39:00,2026-01-18 15:22:00,Shake,Choco Chip Shake - Large,MENU0070,Beverage,Menu Item,365.0,2.0,730.0,14.22,Bill Discount,Synthetic promotion,715.78,35.79,0,0,0,0,751.57,,,,,
Delhi,ABNAH Cafe Saket Premium,,BILL-OUT003-260118-0041,41,Dine In,T23,2026-01-18 12:49:00,2026-01-18 13:28:00,Shake,Mixed Berry Shake - Regular,MENU0071,Beverage,Menu Item,315.0,1.0,315.0,0.16,Bill Discount,Synthetic promotion,314.84,15.74,0,0,0,0,330.58,,,,,
Delhi,ABNAH Cafe Saket Premium,,BILL-OUT003-260118-0042,42,Delivery/Takeaway,,2026-01-18 10:40:00,2026-01-18 11:21:00,Shake,Mixed Berry Shake - Medium,MENU0072,Beverage,Menu Item,350.0,2.0,700.0,23.16,Bill Discount,Synthetic promotion,676.84,33.84,0,0,0,0,710.68,,,,,
Delhi,ABNAH Cafe Saket Premium,,BILL-OUT003-260118-0043,43,Delivery/Takeaway,,2026-01-18 13:53:00,2026-01-18 14:38:00,Smoothie,Seasonal Smoothie - Regular,MENU0074,Beverage,Menu Item,305.0,1.0,305.0,3.28,Bill Discount,Synthetic promotion,301.72,15.09,0,0,0,0,316.81,,,,,
Delhi,ABNAH Cafe Saket Premium,,BILL-OUT003-260118-0044,44,Delivery/Takeaway,,2026-01-18 11:27:00,2026-01-18 12:01:00,Wraps,Spicy Paneer Wrap,MENU0077,Food,Menu Item,275.0,2.0,550.0,1.14,Bill Discount,Synthetic promotion,548.86,27.44,0,0,0,0,576.3,,,,,
Delhi,ABNAH Cafe Saket Premium,,BILL-OUT003-260118-0045,45,Dine In,T11,2026-01-18 08:29:00,2026-01-18 08:40:00,Wraps,Shredded Chicken Wrap,MENU0078,Food,Menu Item,295.0,1.0,295.0,2.95,Bill Discount,Synthetic promotion,292.05,14.6,0,0,0,0,306.65,,,,,
Delhi,ABNAH Cafe Saket Premium,,BILL-OUT003-260118-0046,46,Delivery/Takeaway,,2026-01-18 12:51:00,2026-01-18 13:25:00,Sandwiches,Smoked Chipotle Paneer Sandwich,MENU0079,Food,Menu Item,295.0,1.0,295.0,10.2,Bill Discount,Synthetic promotion,284.8,14.24,0,0,0,0,299.04,,,,,
Delhi,ABNAH Cafe Saket Premium,,BILL-OUT003-260118-0047,47,Dine In,T11,2026-01-18 16:59:00,2026-01-18 17:11:00,Sandwiches,Pepper Chicken Sandwich,MENU0081,Food,Menu Item,320.6,1.0,320.6,0.0,,,320.6,16.03,0,0,0,0,336.63,,,,,
Delhi,ABNAH Cafe Saket Premium,,BILL-OUT003-260118-0048,48,Dine In,T07,2026-01-18 13:46:00,2026-01-18 14:04:00,Sandwiches,Tandoori Chicken Sandwich,MENU0082,Food,Menu Item,320.0,2.0,640.0,26.89,Bill Discount,Synthetic promotion,613.11,30.66,0,0,0,0,643.77,,,,,
Delhi,ABNAH Cafe Saket Premium,,BILL-OUT003-260118-0049,49,Delivery/Takeaway,,2026-01-18 08:27:00,2026-01-18 09:00:00,Breakfast,Breakfast Pancakes,MENU0086,Food,Menu Item,285.0,3.0,855.0,2.14,Bill Discount,Synthetic promotion,852.86,42.64,0,0,0,0,895.5,,,,,
Delhi,ABNAH Cafe Saket Premium,,BILL-OUT003-260118-0050,50,Delivery/Takeaway,,2026-01-18 10:27:00,2026-01-18 11:10:00,Breakfast,Scallion Pepper Cream Cheese Bagel,MENU0088,Food,Menu Item,265.0,3.0,795.0,41.41,Bill Discount,Synthetic promotion,753.59,37.68,0,0,0,0,791.27,,,,,
Delhi,ABNAH Cafe Saket Premium,,BILL-OUT003-260118-0051,51,Delivery/Takeaway,,2026-01-18 15:11:00,2026-01-18 15:30:00,Snacks,Pesto Sundried Tomato Pin Wheel,MENU0091,Food,Menu Item,225.0,1.0,225.0,11.36,Bill Discount,Synthetic promotion,213.64,10.68,0,0,0,0,224.32,,,,,
Delhi,ABNAH Cafe Saket Premium,,BILL-OUT003-260118-0052,52,Dine In,T22,2026-01-18 12:13:00,2026-01-18 12:52:00,Snacks,Turnover with Brioche Dough Chicken,MENU0092,Food,Menu Item,255.0,1.0,255.0,5.21,Bill Discount,Synthetic promotion,249.79,12.49,0,0,0,0,262.28,,,,,
Delhi,ABNAH Cafe Saket Premium,,BILL-OUT003-260118-0053,53,Delivery/Takeaway,,2026-01-18 12:47:00,2026-01-18 13:24:00,Snacks,Turnover with Brioche Dough Veg,MENU0093,Food,Menu Item,235.0,1.0,235.0,3.14,Bill Discount,Synthetic promotion,231.86,11.59,0,0,0,0,243.45,,,,,
Delhi,ABNAH Cafe Saket Premium,,BILL-OUT003-260118-0054,54,Delivery/Takeaway,,2026-01-18 09:42:00,2026-01-18 10:13:00,Baked Goods,Butter Croissant,MENU0094,Food,Menu Item,197.59,2.0,395.18,0.0,,,395.18,19.76,0,0,0,0,414.94,,,,,
Delhi,ABNAH Cafe Saket Premium,,BILL-OUT003-260118-0055,55,Delivery/Takeaway,,2026-01-18 14:47:00,2026-01-18 15:00:00,Baked Goods,Chocolate Croissant,MENU0096,Food,Menu Item,236.4,3.0,709.2,0.01,Bill Discount,Synthetic promotion,709.19,35.46,0,0,0,0,744.65,,,,,
Delhi,ABNAH Cafe Saket Premium,,BILL-OUT003-260118-0056,56,Dine In,T02,2026-01-18 18:38:00,2026-01-18 18:49:00,Baked Goods,Banana Walnut Tea Cake,MENU0100,Dessert,Menu Item,205.99,3.0,617.97,0.0,,,617.97,30.9,0,0,0,0,648.87,,,,,
Delhi,ABNAH Cafe Saket Premium,,BILL-OUT003-260118-0057,57,Delivery/Takeaway,,2026-01-18 11:48:00,2026-01-18 12:31:00,Baked Goods,Lemon Raspberry Tea Cake,MENU0101,Dessert,Menu Item,215.0,3.0,645.0,8.95,Bill Discount,Synthetic promotion,636.05,31.8,0,0,0,0,667.85,,,,,
Delhi,ABNAH Cafe Saket Premium,,BILL-OUT003-260118-0058,58,Delivery/Takeaway,,2026-01-18 10:18:00,2026-01-18 10:47:00,Desserts,Double Chocolate Truffle Cake,MENU0102,Dessert,Menu Item,295.0,4.0,1180.0,40.54,Bill Discount,Synthetic promotion,1139.46,56.97,0,0,0,0,1196.43,,,,,
Delhi,ABNAH Cafe Saket Premium,,BILL-OUT003-260118-0059,59,Delivery/Takeaway,,2026-01-18 09:30:00,2026-01-18 09:46:00,Desserts,Banoffee Pie,MENU0103,Dessert,Menu Item,285.0,1.0,285.0,5.42,Bill Discount,Synthetic promotion,279.58,13.98,0,0,0,0,293.56,,,,,
Delhi,ABNAH Cafe Saket Premium,,BILL-OUT003-260118-0060,60,Delivery/Takeaway,,2026-01-18 12:44:00,2026-01-18 12:55:00,Desserts,Soft-Centred Caramel Cookie,MENU0105,Dessert,Menu Item,180.0,1.0,180.0,4.26,Bill Discount,Synthetic promotion,175.74,8.79,0,0,0,0,184.53,,,,,
Delhi,ABNAH Cafe Saket Premium,,BILL-OUT003-260118-0061,61,Delivery/Takeaway,,2026-01-18 19:19:00,2026-01-18 19:58:00,Desserts,Death by Chocolate Cookie,MENU0106,Dessert,Menu Item,190.0,1.0,190.0,10.72,Bill Discount,Synthetic promotion,179.28,8.96,0,0,0,0,188.24,,,,,
Delhi,ABNAH Cafe Saket Premium,,BILL-OUT003-260118-0062,62,Delivery/Takeaway,,2026-01-18 18:37:00,2026-01-18 19:16:00,Desserts,Jaggery Parmesan Cookie,MENU0107,Dessert,Menu Item,170.0,2.0,340.0,5.02,Bill Discount,Synthetic promotion,334.98,16.75,0,0,0,0,351.73,,,,,
Delhi,ABNAH Cafe Saket Premium,,BILL-OUT003-260118-0063,63,Delivery/Takeaway,,2026-01-18 09:39:00,2026-01-18 10:02:00,Desserts,Apple Pie,MENU0108,Dessert,Menu Item,270.0,1.0,270.0,4.56,Bill Discount,Synthetic promotion,265.44,13.27,0,0,0,0,278.71,,,,,
Delhi,ABNAH Cafe Saket Premium,,BILL-OUT003-260118-0064,64,Delivery/Takeaway,,2026-01-18 11:24:00,2026-01-18 12:03:00,Desserts,Basque Cheesecake,MENU0109,Dessert,Menu Item,310.0,2.0,620.0,33.47,Bill Discount,Synthetic promotion,586.53,29.33,0,0,0,0,615.86,,,,,
Delhi,ABNAH Cafe Saket Premium,,BILL-OUT003-260118-0065,65,Delivery/Takeaway,,2026-01-18 15:40:00,2026-01-18 15:54:00,Baked Goods,Multigrain Walnut Tea Cake,MENU0110,Dessert,Menu Item,225.0,2.0,450.0,2.25,Bill Discount,Synthetic promotion,447.75,22.39,0,0,0,0,470.14,,,,,
Delhi,ABNAH Cafe Saket Premium,,BILL-OUT003-260119-0001,1,Delivery/Takeaway,,2026-01-19 15:05:00,2026-01-19 15:18:00,Coffee Classics,Americano - Regular,MENU0003,Beverage,Menu Item,185.0,4.0,740.0,22.85,Bill Discount,Synthetic promotion,717.15,35.86,0,0,0,0,753.01,,,,,
Delhi,ABNAH Cafe Saket Premium,,BILL-OUT003-260119-0002,2,Dine In,T23,2026-01-19 17:43:00,2026-01-19 17:56:00,Coffee Classics,Americano - Large,MENU0005,Beverage,Menu Item,239.13,1.0,239.13,0.0,,,239.13,11.96,0,0,0,0,251.09,,,,,
Delhi,ABNAH Cafe Saket Premium,,BILL-OUT003-260119-0003,3,Delivery/Takeaway,,2026-01-19 16:48:00,2026-01-19 16:57:00,Coffee Classics,Latte - Regular,MENU0006,Beverage,Menu Item,225.49,4.0,901.96,0.0,,,901.97,45.1,0,0,0,0,947.07,,,,,
Delhi,ABNAH Cafe Saket Premium,,BILL-OUT003-260119-0004,4,Delivery/Takeaway,,2026-01-19 11:10:00,2026-01-19 11:48:00,Coffee Classics,Latte - Medium,MENU0007,Beverage,Menu Item,250.0,1.0,250.0,13.24,Bill Discount,Synthetic promotion,236.76,11.84,0,0,0,0,248.6,,,,,
Delhi,ABNAH Cafe Saket Premium,,BILL-OUT003-260119-0005,5,Dine In,T14,2026-01-19 14:41:00,2026-01-19 14:52:00,Coffee Classics,Cappuccino - Medium,MENU0010,Beverage,Menu Item,250.0,1.0,250.0,4.06,Bill Discount,Synthetic promotion,245.94,12.3,0,0,0,0,258.24,,,,,
Delhi,ABNAH Cafe Saket Premium,,BILL-OUT003-260119-0006,6,Delivery/Takeaway,,2026-01-19 10:33:00,2026-01-19 10:51:00,Coffee Classics,Cappuccino - Large,MENU0011,Beverage,Menu Item,275.0,1.0,275.0,6.63,Bill Discount,Synthetic promotion,268.37,13.42,0,0,0,0,281.79,,,,,
Delhi,ABNAH Cafe Saket Premium,,BILL-OUT003-260119-0007,7,Delivery/Takeaway,,2026-01-19 12:54:00,2026-01-19 13:41:00,Coffee Classics,Flat White - Regular,MENU0012,Beverage,Menu Item,239.58,3.0,718.74,0.0,,,718.75,35.94,0,0,0,0,754.69,,,,,
Delhi,ABNAH Cafe Saket Premium,,BILL-OUT003-260119-0008,8,Dine In,T16,2026-01-19 10:09:00,2026-01-19 10:32:00,Coffee Classics,Flat White - Medium,MENU0013,Beverage,Menu Item,260.0,1.0,260.0,4.96,Bill Discount,Synthetic promotion,255.04,12.75,0,0,0,0,267.79,,,,,
Delhi,ABNAH Cafe Saket Premium,,BILL-OUT003-260119-0009,9,Delivery/Takeaway,,2026-01-19 17:07:00,2026-01-19 17:18:00,Coffee Classics,Mocha - Medium,MENU0016,Beverage,Menu Item,275.29,1.0,275.29,0.0,,,275.29,13.76,0,0,0,0,289.05,,,,,
Delhi,ABNAH Cafe Saket Premium,,BILL-OUT003-260119-0010,10,Delivery/Takeaway,,2026-01-19 09:52:00,2026-01-19 10:30:00,Signature Coffee,Sea Salt Mocha - Medium,MENU0019,Beverage,Menu Item,305.0,1.0,305.0,4.56,Bill Discount,Synthetic promotion,300.44,15.02,0,0,0,0,315.46,,,,,
Delhi,ABNAH Cafe Saket Premium,,BILL-OUT003-260119-0011,11,Delivery/Takeaway,,2026-01-19 14:52:00,2026-01-19 15:31:00,Signature Coffee,Sea Salt Mocha - Large,MENU0020,Beverage,Menu Item,335.0,1.0,335.0,1.01,Bill Discount,Synthetic promotion,333.99,16.7,0,0,0,0,350.69,,,,,
Delhi,ABNAH Cafe Saket Premium,,BILL-OUT003-260119-0012,12,Delivery/Takeaway,,2026-01-19 15:09:00,2026-01-19 15:44:00,Signature Coffee,Orange Zest Mocha - Large,MENU0023,Beverage,Menu Item,330.0,1.0,330.0,4.55,Bill Discount,Synthetic promotion,325.45,16.27,0,0,0,0,341.72,,,,,
Delhi,ABNAH Cafe Saket Premium,,BILL-OUT003-260119-0013,13,Delivery/Takeaway,,2026-01-19 15:53:00,2026-01-19 16:20:00,Signature Coffee,Caramel Macchiato - Medium,MENU0025,Beverage,Menu Item,295.0,2.0,590.0,22.35,Bill Discount,Synthetic promotion,567.65,28.38,0,0,0,0,596.03,,,,,
Delhi,ABNAH Cafe Saket Premium,,BILL-OUT003-260119-0014,14,Delivery/Takeaway,,2026-01-19 18:50:00,2026-01-19 19:26:00,Signature Coffee,French Vanilla Latte - Regular,MENU0027,Beverage,Menu Item,265.0,2.0,530.0,11.66,Bill Discount,Synthetic promotion,518.34,25.92,0,0,0,0,544.26,,,,,
Delhi,ABNAH Cafe Saket Premium,,BILL-OUT003-260119-0015,15,Dine In,T13,2026-01-19 08:49:00,2026-01-19 09:30:00,Signature Coffee,French Vanilla Latte - Large,MENU0029,Beverage,Menu Item,326.86,1.0,326.86,0.0,,,326.86,16.34,0,0,0,0,343.2,,,,,
Delhi,ABNAH Cafe Saket Premium,,BILL-OUT003-260119-0016,16,Delivery/Takeaway,,2026-01-19 14:55:00,2026-01-19 15:10:00,Signature Coffee,Vegan Iced Latte - Large,MENU0032,Beverage,Menu Item,337.56,1.0,337.56,0.0,,,337.56,16.88,0,0,0,0,354.44,,,,,
Delhi,ABNAH Cafe Saket Premium,,BILL-OUT003-260119-0017,17,Delivery/Takeaway,,2026-01-19 16:32:00,2026-01-19 17:16:00,Cold Brew,Classic Cold Brew - Regular,MENU0033,Beverage,Menu Item,225.0,1.0,225.0,1.23,Bill Discount,Synthetic promotion,223.77,11.19,0,0,0,0,234.96,,,,,
Delhi,ABNAH Cafe Saket Premium,,BILL-OUT003-260119-0018,18,Delivery/Takeaway,,2026-01-19 12:06:00,2026-01-19 12:51:00,Cold Brew,Classic Cold Brew - Medium,MENU0034,Beverage,Menu Item,250.0,2.0,500.0,20.8,Bill Discount,Synthetic promotion,479.2,23.96,0,0,0,0,503.16,,,,,
Delhi,ABNAH Cafe Saket Premium,,BILL-OUT003-260119-0019,19,Delivery/Takeaway,,2026-01-19 13:23:00,2026-01-19 14:11:00,Cold Brew,Vietnamese Shakerato - Regular,MENU0039,Beverage,Menu Item,255.0,1.0,255.0,15.07,Bill Discount,Synthetic promotion,239.93,12.0,0,0,0,0,251.93,,,,,
Delhi,ABNAH Cafe Saket Premium,,BILL-OUT003-260119-0020,20,Dine In,T08,2026-01-19 08:00:00,2026-01-19 08:31:00,Cold Brew,Vietnamese Shakerato - Medium,MENU0040,Beverage,Menu Item,280.0,1.0,280.0,3.59,Bill Discount,Synthetic promotion,276.41,13.82,0,0,0,0,290.23,,,,,
Delhi,ABNAH Cafe Saket Premium,,BILL-OUT003-260119-0021,21,Delivery/Takeaway,,2026-01-19 12:18:00,2026-01-19 12:56:00,Cold Coffee,Classic Cold Coffee - Regular,MENU0042,Beverage,Menu Item,255.0,2.0,510.0,29.05,Bill Discount,Synthetic promotion,480.95,24.05,0,0,0,0,505.0,,,,,
Delhi,ABNAH Cafe Saket Premium,,BILL-OUT003-260119-0022,22,Delivery/Takeaway,,2026-01-19 12:44:00,2026-01-19 13:06:00,Cold Coffee,Classic Cold Coffee - Medium,MENU0043,Beverage,Menu Item,290.0,2.0,580.0,11.9,Bill Discount,Synthetic promotion,568.1,28.41,0,0,0,0,596.51,,,,,
Delhi,ABNAH Cafe Saket Premium,,BILL-OUT003-260119-0023,23,Delivery/Takeaway,,2026-01-19 18:07:00,2026-01-19 18:20:00,Cold Coffee,Classic Cold Coffee - Large,MENU0044,Beverage,Menu Item,325.0,1.0,325.0,4.33,Bill Discount,Synthetic promotion,320.67,16.03,0,0,0,0,336.7,,,,,
Delhi,ABNAH Cafe Saket Premium,,BILL-OUT003-260119-0024,24,Delivery/Takeaway,,2026-01-19 13:35:00,2026-01-19 13:44:00,Cold Coffee,Mocha Cold Coffee - Regular,MENU0045,Beverage,Menu Item,285.0,2.0,570.0,12.88,Bill Discount,Synthetic promotion,557.12,27.86,0,0,0,0,584.98,,,,,
Delhi,ABNAH Cafe Saket Premium,,BILL-OUT003-260119-0025,25,Dine In,T17,2026-01-19 17:49:00,2026-01-19 17:57:00,Cold Coffee,Caramel Cold Coffee - Regular,MENU0048,Beverage,Menu Item,285.0,2.0,570.0,14.13,Bill Discount,Synthetic promotion,555.87,27.79,0,0,0,0,583.66,,,,,
Delhi,ABNAH Cafe Saket Premium,,BILL-OUT003-260119-0026,26,Delivery/Takeaway,,2026-01-19 12:02:00,2026-01-19 12:41:00,Tea,Masala Chai Latte - Regular,MENU0051,Beverage,Menu Item,198.73,1.0,198.73,0.0,,,198.73,9.94,0,0,0,0,208.67,,,,,
Delhi,ABNAH Cafe Saket Premium,,BILL-OUT003-260119-0027,27,Dine In,T09,2026-01-19 14:59:00,2026-01-19 15:30:00,Tea,Masala Chai Latte - Large,MENU0053,Beverage,Menu Item,245.0,2.0,490.0,23.21,Bill Discount,Synthetic promotion,466.79,23.34,0,0,0,0,490.13,,,,,
Delhi,ABNAH Cafe Saket Premium,,BILL-OUT003-260119-0028,28,Delivery/Takeaway,,2026-01-19 17:40:00,2026-01-19 18:02:00,Tea,Himalayan Green Tea,MENU0054,Beverage,Menu Item,211.98,1.0,211.98,0.0,,,211.98,10.6,0,0,0,0,222.58,,,,,
Delhi,ABNAH Cafe Saket Premium,,BILL-OUT003-260119-0029,29,Dine In,T01,2026-01-19 18:12:00,2026-01-19 18:51:00,Tea,Japanese Matcha Latte - Regular,MENU0055,Beverage,Menu Item,266.27,1.0,266.27,0.0,,,266.27,13.31,0,0,0,0,279.58,,,,,
Delhi,ABNAH Cafe Saket Premium,,BILL-OUT003-260119-0030,30,Dine In,T15,2026-01-19 17:56:00,2026-01-19 18:40:00,Tea,Japanese Matcha Latte - Large,MENU0057,Beverage,Menu Item,325.0,2.0,650.0,34.91,Bill Discount,Synthetic promotion,615.09,30.75,0,0,0,0,645.84,,,,,
Delhi,ABNAH Cafe Saket Premium,,BILL-OUT003-260119-0031,31,Dine In,T04,2026-01-19 14:39:00,2026-01-19 15:15:00,Iced Tea,Hibiscus Lime Iced Tea - Regular,MENU0061,Beverage,Menu Item,225.0,1.0,225.0,10.74,Bill Discount,Synthetic promotion,214.26,10.71,0,0,0,0,224.97,,,,,
Delhi,ABNAH Cafe Saket Premium,,BILL-OUT003-260119-0032,32,Dine In,T02,2026-01-19 13:06:00,2026-01-19 13:16:00,Shake,Choco Chip Shake - Large,MENU0070,Beverage,Menu Item,370.99,1.0,370.99,0.0,,,370.99,18.55,0,0,0,0,389.54,,,,,
Delhi,ABNAH Cafe Saket Premium,,BILL-OUT003-260119-0033,33,Delivery/Takeaway,,2026-01-19 16:20:00,2026-01-19 17:07:00,Smoothie,Seasonal Smoothie - Regular,MENU0074,Beverage,Menu Item,305.0,2.0,610.0,6.25,Bill Discount,Synthetic promotion,603.75,30.19,0,0,0,0,633.94,,,,,
Delhi,ABNAH Cafe Saket Premium,,BILL-OUT003-260119-0034,34,Delivery/Takeaway,,2026-01-19 16:27:00,2026-01-19 17:05:00,Smoothie,Seasonal Smoothie - Large,MENU0076,Beverage,Menu Item,375.0,2.0,750.0,1.34,Bill Discount,Synthetic promotion,748.66,37.43,0,0,0,0,786.09,,,,,
Delhi,ABNAH Cafe Saket Premium,,BILL-OUT003-260119-0035,35,Dine In,T13,2026-01-19 19:18:00,2026-01-19 19:49:00,Wraps,Spicy Paneer Wrap,MENU0077,Food,Menu Item,275.0,1.0,275.0,6.65,Bill Discount,Synthetic promotion,268.35,13.42,0,0,0,0,281.77,,,,,
Delhi,ABNAH Cafe Saket Premium,,BILL-OUT003-260119-0036,36,Delivery/Takeaway,,2026-01-19 14:30:00,2026-01-19 14:52:00,Wraps,Shredded Chicken Wrap,MENU0078,Food,Menu Item,295.0,2.0,590.0,2.33,Bill Discount,Synthetic promotion,587.67,29.38,0,0,0,0,617.05,,,,,
Delhi,ABNAH Cafe Saket Premium,,BILL-OUT003-260119-0037,37,Dine In,T01,2026-01-19 17:59:00,2026-01-19 18:21:00,Sandwiches,Pepper Chicken Sandwich,MENU0081,Food,Menu Item,315.0,1.0,315.0,13.28,Bill Discount,Synthetic promotion,301.72,15.09,0,0,0,0,316.81,,,,,
Delhi,ABNAH Cafe Saket Premium,,BILL-OUT003-260119-0038,38,Delivery/Takeaway,,2026-01-19 17:47:00,2026-01-19 18:03:00,Breakfast,Scallion Pepper Cream Cheese Bagel,MENU0088,Food,Menu Item,265.0,2.0,530.0,17.29,Bill Discount,Synthetic promotion,512.71,25.64,0,0,0,0,538.35,,,,,
Delhi,ABNAH Cafe Saket Premium,,BILL-OUT003-260119-0039,39,Delivery/Takeaway,,2026-01-19 09:08:00,2026-01-19 09:26:00,Breakfast,Masala Egg Bun,MENU0089,Food,Menu Item,225.0,1.0,225.0,7.84,Bill Discount,Synthetic promotion,217.16,10.86,0,0,0,0,228.02,,,,,
Delhi,ABNAH Cafe Saket Premium,,BILL-OUT003-260119-0040,40,Dine In,T19,2026-01-19 10:02:00,2026-01-19 10:47:00,Baked Goods,Cinnamon Roll with Cream Cheese,MENU0099,Dessert,Menu Item,220.0,1.0,220.0,9.66,Bill Discount,Synthetic promotion,210.34,10.52,0,0,0,0,220.86,,,,,
Delhi,ABNAH Cafe Saket Premium,,BILL-OUT003-260119-0041,41,Delivery/Takeaway,,2026-01-19 15:45:00,2026-01-19 16:02:00,Desserts,Soft-Centred Caramel Cookie,MENU0105,Dessert,Menu Item,183.26,1.0,183.26,0.0,,,183.26,9.16,0,0,0,0,192.42,,,,,
Delhi,ABNAH Cafe Saket Premium,,BILL-OUT003-260119-0042,42,Dine In,T16,2026-01-19 15:07:00,2026-01-19 15:27:00,Desserts,Death by Chocolate Cookie,MENU0106,Dessert,Menu Item,190.0,3.0,570.0,9.04,Bill Discount,Synthetic promotion,560.96,28.05,0,0,0,0,589.01,,,,,
Delhi,ABNAH Cafe Saket Premium,,BILL-OUT003-260119-0043,43,Delivery/Takeaway,,2026-01-19 12:47:00,2026-01-19 13:06:00,Desserts,Apple Pie,MENU0108,Dessert,Menu Item,271.68,2.0,543.36,0.0,,,543.36,27.17,0,0,0,0,570.53,,,,,
Delhi,ABNAH Cafe Saket Premium,,BILL-OUT003-260119-0044,44,Delivery/Takeaway,,2026-01-19 11:46:00,2026-01-19 12:27:00,Baked Goods,Multigrain Walnut Tea Cake,MENU0110,Dessert,Menu Item,229.01,1.0,229.01,0.0,,,229.01,11.45,0,0,0,0,240.46,,,,,
Delhi,ABNAH Cafe Saket Premium,,BILL-OUT003-260120-0001,1,Delivery/Takeaway,,2026-01-20 19:41:00,2026-01-20 19:50:00,Coffee Classics,Americano - Regular,MENU0003,Beverage,Menu Item,185.0,1.0,185.0,2.82,Bill Discount,Synthetic promotion,182.18,9.11,0,0,0,0,191.29,,,,,
Delhi,ABNAH Cafe Saket Premium,,BILL-OUT003-260120-0002,2,Delivery/Takeaway,,2026-01-20 10:39:00,2026-01-20 10:49:00,Coffee Classics,Americano - Medium,MENU0004,Beverage,Menu Item,210.53,2.0,421.06,0.0,,,421.06,21.05,0,0,0,0,442.11,,,,,
Delhi,ABNAH Cafe Saket Premium,,BILL-OUT003-260120-0003,3,Delivery/Takeaway,,2026-01-20 14:47:00,2026-01-20 15:25:00,Coffee Classics,Latte - Regular,MENU0006,Beverage,Menu Item,229.45,1.0,229.45,0.0,,,229.45,11.47,0,0,0,0,240.92,,,,,
Delhi,ABNAH Cafe Saket Premium,,BILL-OUT003-260120-0004,4,Dine In,T14,2026-01-20 16:08:00,2026-01-20 16:52:00,Coffee Classics,Latte - Medium,MENU0007,Beverage,Menu Item,250.0,1.0,250.0,10.63,Bill Discount,Synthetic promotion,239.37,11.97,0,0,0,0,251.34,,,,,
Delhi,ABNAH Cafe Saket Premium,,BILL-OUT003-260120-0005,5,Delivery/Takeaway,,2026-01-20 09:02:00,2026-01-20 09:49:00,Coffee Classics,Latte - Large,MENU0008,Beverage,Menu Item,279.18,2.0,558.36,0.0,,,558.36,27.92,0,0,0,0,586.28,,,,,
Delhi,ABNAH Cafe Saket Premium,,BILL-OUT003-260120-0006,6,Delivery/Takeaway,,2026-01-20 12:34:00,2026-01-20 13:05:00,Coffee Classics,Cappuccino - Regular,MENU0009,Beverage,Menu Item,225.0,1.0,225.0,12.83,Bill Discount,Synthetic promotion,212.17,10.61,0,0,0,0,222.78,,,,,
Delhi,ABNAH Cafe Saket Premium,,BILL-OUT003-260120-0007,7,Dine In,T18,2026-01-20 18:40:00,2026-01-20 19:09:00,Coffee Classics,Cappuccino - Medium,MENU0010,Beverage,Menu Item,250.72,1.0,250.72,0.0,,,250.72,12.54,0,0,0,0,263.26,,,,,
Delhi,ABNAH Cafe Saket Premium,,BILL-OUT003-260120-0008,8,Delivery/Takeaway,,2026-01-20 13:40:00,2026-01-20 13:58:00,Coffee Classics,Flat White - Regular,MENU0012,Beverage,Menu Item,235.0,2.0,470.0,9.44,Bill Discount,Synthetic promotion,460.56,23.03,0,0,0,0,483.59,,,,,
Delhi,ABNAH Cafe Saket Premium,,BILL-OUT003-260120-0009,9,Delivery/Takeaway,,2026-01-20 12:28:00,2026-01-20 12:49:00,Coffee Classics,Flat White - Large,MENU0014,Beverage,Menu Item,286.08,2.0,572.16,0.0,,,572.17,28.61,0,0,0,0,600.78,,,,,
Delhi,ABNAH Cafe Saket Premium,,BILL-OUT003-260120-0010,10,Delivery/Takeaway,,2026-01-20 17:15:00,2026-01-20 17:24:00,Coffee Classics,Mocha - Medium,MENU0016,Beverage,Menu Item,270.0,3.0,810.0,3.56,Bill Discount,Synthetic promotion,806.44,40.32,0,0,0,0,846.76,,,,,
Delhi,ABNAH Cafe Saket Premium,,BILL-OUT003-260120-0011,11,Delivery/Takeaway,,2026-01-20 13:12:00,2026-01-20 13:48:00,Signature Coffee,Sea Salt Mocha - Large,MENU0020,Beverage,Menu Item,335.0,1.0,335.0,11.56,Bill Discount,Synthetic promotion,323.44,16.17,0,0,0,0,339.61,,,,,
Delhi,ABNAH Cafe Saket Premium,,BILL-OUT003-260120-0012,12,Dine In,T01,2026-01-20 17:46:00,2026-01-20 18:23:00,Signature Coffee,Orange Zest Mocha - Regular,MENU0021,Beverage,Menu Item,271.94,1.0,271.94,0.0,,,271.94,13.6,0,0,0,0,285.54,,,,,
Delhi,ABNAH Cafe Saket Premium,,BILL-OUT003-260120-0013,13,Dine In,T13,2026-01-20 14:27:00,2026-01-20 14:36:00,Signature Coffee,Orange Zest Mocha - Medium,MENU0022,Beverage,Menu Item,300.0,1.0,300.0,8.43,Bill Discount,Synthetic promotion,291.57,14.58,0,0,0,0,306.15,,,,,
Delhi,ABNAH Cafe Saket Premium,,BILL-OUT003-260120-0014,14,Delivery/Takeaway,,2026-01-20 13:53:00,2026-01-20 14:14:00,Signature Coffee,Caramel Macchiato - Medium,MENU0025,Beverage,Menu Item,295.0,1.0,295.0,16.8,Bill Discount,Synthetic promotion,278.2,13.91,0,0,0,0,292.11,,,,,
Delhi,ABNAH Cafe Saket Premium,,BILL-OUT003-260120-0015,15,Dine In,T08,2026-01-20 18:17:00,2026-01-20 18:30:00,Signature Coffee,French Vanilla Latte - Regular,MENU0027,Beverage,Menu Item,265.0,1.0,265.0,9.72,Bill Discount,Synthetic promotion,255.28,12.76,0,0,0,0,268.04,,,,,
Delhi,ABNAH Cafe Saket Premium,,BILL-OUT003-260120-0016,16,Dine In,T20,2026-01-20 11:39:00,2026-01-20 12:11:00,Signature Coffee,Vegan Iced Latte - Regular,MENU0030,Beverage,Menu Item,285.0,3.0,855.0,10.79,Bill Discount,Synthetic promotion,844.21,42.21,0,0,0,0,886.42,,,,,
Delhi,ABNAH Cafe Saket Premium,,BILL-OUT003-260120-0017,17,Delivery/Takeaway,,2026-01-20 09:05:00,2026-01-20 09:28:00,Signature Coffee,Vegan Iced Latte - Medium,MENU0031,Beverage,Menu Item,310.0,1.0,310.0,11.25,Bill Discount,Synthetic promotion,298.75,14.94,0,0,0,0,313.69,,,,,
Delhi,ABNAH Cafe Saket Premium,,BILL-OUT003-260120-0018,18,Dine In,T20,2026-01-20 13:19:00,2026-01-20 13:48:00,Signature Coffee,Vegan Iced Latte - Large,MENU0032,Beverage,Menu Item,341.1,2.0,682.2,0.01,Bill Discount,Synthetic promotion,682.19,34.11,0,0,0,0,716.3,,,,,
Delhi,ABNAH Cafe Saket Premium,,BILL-OUT003-260120-0019,19,Dine In,T17,2026-01-20 09:13:00,2026-01-20 09:43:00,Cold Brew,Classic Cold Brew - Regular,MENU0033,Beverage,Menu Item,225.0,1.0,225.0,7.58,Bill Discount,Synthetic promotion,217.42,10.87,0,0,0,0,228.29,,,,,
Delhi,ABNAH Cafe Saket Premium,,BILL-OUT003-260120-0020,20,Dine In,T24,2026-01-20 14:30:00,2026-01-20 14:52:00,Cold Brew,Classic Cold Brew - Large,MENU0035,Beverage,Menu Item,275.55,1.0,275.55,0.0,,,275.55,13.78,0,0,0,0,289.33,,,,,
Delhi,ABNAH Cafe Saket Premium,,BILL-OUT003-260120-0021,21,Delivery/Takeaway,,2026-01-20 13:07:00,2026-01-20 13:19:00,Cold Brew,Coffee Lemonade - Large,MENU0038,Beverage,Menu Item,285.0,1.0,285.0,13.47,Bill Discount,Synthetic promotion,271.53,13.58,0,0,0,0,285.11,,,,,
Delhi,ABNAH Cafe Saket Premium,,BILL-OUT003-260120-0022,22,Delivery/Takeaway,,2026-01-20 19:32:00,2026-01-20 20:04:00,Cold Coffee,Classic Cold Coffee - Regular,MENU0042,Beverage,Menu Item,255.0,1.0,255.0,2.48,Bill Discount,Synthetic promotion,252.52,12.63,0,0,0,0,265.15,,,,,
Delhi,ABNAH Cafe Saket Premium,,BILL-OUT003-260120-0023,23,Delivery/Takeaway,,2026-01-20 18:48:00,2026-01-20 19:19:00,Cold Coffee,Classic Cold Coffee - Large,MENU0044,Beverage,Menu Item,325.0,1.0,325.0,14.32,Bill Discount,Synthetic promotion,310.68,15.53,0,0,0,0,326.21,,,,,
Delhi,ABNAH Cafe Saket Premium,,BILL-OUT003-260120-0024,24,Delivery/Takeaway,,2026-01-20 15:38:00,2026-01-20 16:02:00,Cold Coffee,Mocha Cold Coffee - Medium,MENU0046,Beverage,Menu Item,320.0,1.0,320.0,17.1,Bill Discount,Synthetic promotion,302.9,15.14,0,0,0,0,318.04,,,,,
Delhi,ABNAH Cafe Saket Premium,,BILL-OUT003-260120-0025,25,Delivery/Takeaway,,2026-01-20 08:24:00,2026-01-20 08:45:00,Cold Coffee,Caramel Cold Coffee - Regular,MENU0048,Beverage,Menu Item,285.0,1.0,285.0,12.73,Bill Discount,Synthetic promotion,272.27,13.61,0,0,0,0,285.88,,,,,
Delhi,ABNAH Cafe Saket Premium,,BILL-OUT003-260120-0026,26,Delivery/Takeaway,,2026-01-20 13:47:00,2026-01-20 14:25:00,Cold Coffee,Caramel Cold Coffee - Medium,MENU0049,Beverage,Menu Item,320.0,2.0,640.0,25.49,Bill Discount,Synthetic promotion,614.51,30.73,0,0,0,0,645.24,,,,,
Delhi,ABNAH Cafe Saket Premium,,BILL-OUT003-260120-0027,27,Dine In,T06,2026-01-20 15:44:00,2026-01-20 16:32:00,Cold Coffee,Caramel Cold Coffee - Large,MENU0050,Beverage,Menu Item,355.0,1.0,355.0,6.22,Bill Discount,Synthetic promotion,348.78,17.44,0,0,0,0,366.22,,,,,
Delhi,ABNAH Cafe Saket Premium,,BILL-OUT003-260120-0028,28,Delivery/Takeaway,,2026-01-20 09:39:00,2026-01-20 10:04:00,Tea,Masala Chai Latte - Large,MENU0053,Beverage,Menu Item,245.0,1.0,245.0,12.81,Bill Discount,Synthetic promotion,232.19,11.61,0,0,0,0,243.8,,,,,
Delhi,ABNAH Cafe Saket Premium,,BILL-OUT003-260120-0029,29,Delivery/Takeaway,,2026-01-20 12:43:00,2026-01-20 12:56:00,Tea,Himalayan Green Tea,MENU0054,Beverage,Menu Item,210.0,1.0,210.0,9.73,Bill Discount,Synthetic promotion,200.27,10.01,0,0,0,0,210.28,,,,,
Delhi,ABNAH Cafe Saket Premium,,BILL-OUT003-260120-0030,30,Dine In,T22,2026-01-20 16:26:00,2026-01-20 17:00:00,Tea,Japanese Matcha Latte - Medium,MENU0056,Beverage,Menu Item,295.0,1.0,295.0,5.1,Bill Discount,Synthetic promotion,289.9,14.49,0,0,0,0,304.39,,,,,
Delhi,ABNAH Cafe Saket Premium,,BILL-OUT003-260120-0031,31,Delivery/Takeaway,,2026-01-20 17:03:00,2026-01-20 17:13:00,Iced Tea,Lemon Iced Tea - Medium,MENU0059,Beverage,Menu Item,230.05,1.0,230.05,0.0,,,230.05,11.5,0,0,0,0,241.55,,,,,
Delhi,ABNAH Cafe Saket Premium,,BILL-OUT003-260120-0032,32,Dine In,T16,2026-01-20 18:13:00,2026-01-20 18:58:00,Iced Tea,Hibiscus Lime Iced Tea - Large,MENU0063,Beverage,Menu Item,275.0,1.0,275.0,13.03,Bill Discount,Synthetic promotion,261.97,13.1,0,0,0,0,275.07,,,,,
Delhi,ABNAH Cafe Saket Premium,,BILL-OUT003-260120-0033,33,Delivery/Takeaway,,2026-01-20 10:06:00,2026-01-20 10:47:00,Kids Beverage,Hot Chocolate - Regular,MENU0064,Beverage,Menu Item,220.0,1.0,220.0,13.09,Bill Discount,Synthetic promotion,206.91,10.35,0,0,0,0,217.26,,,,,
Delhi,ABNAH Cafe Saket Premium,,BILL-OUT003-260120-0034,34,Delivery/Takeaway,,2026-01-20 09:36:00,2026-01-20 09:58:00,Shake,Choco Chip Shake - Medium,MENU0069,Beverage,Menu Item,330.0,1.0,330.0,16.48,Bill Discount,Synthetic promotion,313.52,15.68,0,0,0,0,329.2,,,,,
Delhi,ABNAH Cafe Saket Premium,,BILL-OUT003-260120-0035,35,Delivery/Takeaway,,2026-01-20 15:49:00,2026-01-20 16:17:00,Smoothie,Seasonal Smoothie - Regular,MENU0074,Beverage,Menu Item,305.0,1.0,305.0,3.99,Bill Discount,Synthetic promotion,301.01,15.05,0,0,0,0,316.06,,,,,
Delhi,ABNAH Cafe Saket Premium,,BILL-OUT003-260120-0036,36,Delivery/Takeaway,,2026-01-20 09:26:00,2026-01-20 10:12:00,Smoothie,Seasonal Smoothie - Medium,MENU0075,Beverage,Menu Item,340.0,1.0,340.0,0.8,Bill Discount,Synthetic promotion,339.2,16.96,0,0,0,0,356.16,,,,,
Delhi,ABNAH Cafe Saket Premium,,BILL-OUT003-260120-0037,37,Delivery/Takeaway,,2026-01-20 08:52:00,2026-01-20 09:39:00,Wraps,Spicy Paneer Wrap,MENU0077,Food,Menu Item,275.0,1.0,275.0,7.43,Bill Discount,Synthetic promotion,267.57,13.38,0,0,0,0,280.95,,,,,
Delhi,ABNAH Cafe Saket Premium,,BILL-OUT003-260120-0038,38,Dine In,T18,2026-01-20 17:40:00,2026-01-20 18:23:00,Wraps,Shredded Chicken Wrap,MENU0078,Food,Menu Item,295.0,1.0,295.0,13.46,Bill Discount,Synthetic promotion,281.54,14.08,0,0,0,0,295.62,,,,,
Delhi,ABNAH Cafe Saket Premium,,BILL-OUT003-260120-0039,39,Dine In,T08,2026-01-20 16:00:00,2026-01-20 16:30:00,Sandwiches,Smoked Chipotle Paneer Sandwich,MENU0079,Food,Menu Item,295.0,1.0,295.0,3.07,Bill Discount,Synthetic promotion,291.93,14.6,0,0,0,0,306.53,,,,,
Delhi,ABNAH Cafe Saket Premium,,BILL-OUT003-260120-0040,40,Delivery/Takeaway,,2026-01-20 18:22:00,2026-01-20 19:02:00,Sandwiches,Pepper Chicken Sandwich,MENU0081,Food,Menu Item,315.0,1.0,315.0,4.96,Bill Discount,Synthetic promotion,310.04,15.5,0,0,0,0,325.54,,,,,
Delhi,ABNAH Cafe Saket Premium,,BILL-OUT003-260120-0041,41,Delivery/Takeaway,,2026-01-20 11:36:00,2026-01-20 12:21:00,Breakfast,Breakfast Pancakes,MENU0086,Food,Menu Item,285.0,1.0,285.0,15.1,Bill Discount,Synthetic promotion,269.9,13.49,0,0,0,0,283.39,,,,,
Delhi,ABNAH Cafe Saket Premium,,BILL-OUT003-260120-0042,42,Delivery/Takeaway,,2026-01-20 19:01:00,2026-01-20 19:09:00,Breakfast,Masala Egg Bun,MENU0089,Food,Menu Item,225.0,1.0,225.0,3.53,Bill Discount,Synthetic promotion,221.47,11.07,0,0,0,0,232.54,,,,,
Delhi,ABNAH Cafe Saket Premium,,BILL-OUT003-260120-0043,43,Delivery/Takeaway,,2026-01-20 18:19:00,2026-01-20 19:06:00,Snacks,Turnover with Brioche Dough Veg,MENU0093,Food,Menu Item,238.57,1.0,238.57,0.0,,,238.57,11.93,0,0,0,0,250.5,,,,,
Delhi,ABNAH Cafe Saket Premium,,BILL-OUT003-260120-0044,44,Dine In,T03,2026-01-20 18:43:00,2026-01-20 18:55:00,Baked Goods,Butter Croissant,MENU0094,Food,Menu Item,195.29,1.0,195.29,0.0,,,195.29,9.76,0,0,0,0,205.05,,,,,
Delhi,ABNAH Cafe Saket Premium,,BILL-OUT003-260120-0045,45,Dine In,T02,2026-01-20 14:40:00,2026-01-20 14:56:00,Baked Goods,Almond Croissant,MENU0095,Food,Menu Item,245.0,1.0,245.0,10.04,Bill Discount,Synthetic promotion,234.96,11.75,0,0,0,0,246.71,,,,,
Delhi,ABNAH Cafe Saket Premium,,BILL-OUT003-260120-0046,46,Delivery/Takeaway,,2026-01-20 16:59:00,2026-01-20 17:17:00,Baked Goods,Mushroom Cheese Croissant,MENU0097,Food,Menu Item,255.0,1.0,255.0,2.05,Bill Discount,Synthetic promotion,252.95,12.65,0,0,0,0,265.6,,,,,
Delhi,ABNAH Cafe Saket Premium,,BILL-OUT003-260120-0047,47,Delivery/Takeaway,,2026-01-20 19:04:00,2026-01-20 19:41:00,Baked Goods,Cinnamon Roll with Cream Cheese,MENU0099,Dessert,Menu Item,220.0,1.0,220.0,7.71,Bill Discount,Synthetic promotion,212.29,10.61,0,0,0,0,222.9,,,,,
Delhi,ABNAH Cafe Saket Premium,,BILL-OUT003-260120-0048,48,Delivery/Takeaway,,2026-01-20 14:48:00,2026-01-20 14:59:00,Baked Goods,Banana Walnut Tea Cake,MENU0100,Dessert,Menu Item,205.0,1.0,205.0,9.01,Bill Discount,Synthetic promotion,195.99,9.8,0,0,0,0,205.79,,,,,
Delhi,ABNAH Cafe Saket Premium,,BILL-OUT003-260120-0049,49,Delivery/Takeaway,,2026-01-20 09:01:00,2026-01-20 09:28:00,Desserts,Double Chocolate Truffle Cake,MENU0102,Dessert,Menu Item,295.0,1.0,295.0,11.29,Bill Discount,Synthetic promotion,283.71,14.19,0,0,0,0,297.9,,,,,
Delhi,ABNAH Cafe Saket Premium,,BILL-OUT003-260120-0050,50,Dine In,T23,2026-01-20 08:41:00,2026-01-20 09:06:00,Desserts,Banoffee Pie,MENU0103,Dessert,Menu Item,285.0,3.0,855.0,41.2,Bill Discount,Synthetic promotion,813.8,40.69,0,0,0,0,854.49,,,,,
Delhi,ABNAH Cafe Saket Premium,,BILL-OUT003-260120-0051,51,Delivery/Takeaway,,2026-01-20 16:05:00,2026-01-20 16:14:00,Desserts,Apple Pie,MENU0108,Dessert,Menu Item,270.0,1.0,270.0,6.68,Bill Discount,Synthetic promotion,263.32,13.17,0,0,0,0,276.49,,,,,
Delhi,ABNAH Cafe Saket Premium,,BILL-OUT003-260120-0052,52,Delivery/Takeaway,,2026-01-20 15:38:00,2026-01-20 16:26:00,Desserts,Basque Cheesecake,MENU0109,Dessert,Menu Item,313.54,1.0,313.54,0.0,,,313.54,15.68,0,0,0,0,329.22,,,,,
Delhi,ABNAH Cafe Saket Premium,,BILL-OUT003-260120-0053,53,Delivery/Takeaway,,2026-01-20 12:15:00,2026-01-20 12:52:00,Baked Goods,Multigrain Walnut Tea Cake,MENU0110,Dessert,Menu Item,225.84,3.0,677.52,0.01,Bill Discount,Synthetic promotion,677.51,33.88,0,0,0,0,711.39,,,,,
Delhi,ABNAH Cafe Saket Premium,,BILL-OUT003-260121-0001,1,Delivery/Takeaway,,2026-01-21 18:38:00,2026-01-21 18:54:00,Coffee Classics,Americano - Regular,MENU0003,Beverage,Menu Item,185.07,1.0,185.07,0.0,,,185.07,9.25,0,0,0,0,194.32,,,,,
Delhi,ABNAH Cafe Saket Premium,,BILL-OUT003-260121-0002,2,Delivery/Takeaway,,2026-01-21 16:33:00,2026-01-21 17:20:00,Coffee Classics,Americano - Medium,MENU0004,Beverage,Menu Item,212.48,3.0,637.44,0.0,,,637.45,31.87,0,0,0,0,669.32,,,,,
Delhi,ABNAH Cafe Saket Premium,,BILL-OUT003-260121-0003,3,Delivery/Takeaway,,2026-01-21 10:45:00,2026-01-21 11:08:00,Coffee Classics,Latte - Regular,MENU0006,Beverage,Menu Item,225.0,2.0,450.0,17.21,Bill Discount,Synthetic promotion,432.79,21.64,0,0,0,0,454.43,,,,,
Delhi,ABNAH Cafe Saket Premium,,BILL-OUT003-260121-0004,4,Delivery/Takeaway,,2026-01-21 18:17:00,2026-01-21 18:41:00,Coffee Classics,Latte - Medium,MENU0007,Beverage,Menu Item,252.29,2.0,504.58,0.0,,,504.58,25.23,0,0,0,0,529.81,,,,,
Delhi,ABNAH Cafe Saket Premium,,BILL-OUT003-260121-0005,5,Dine In,T18,2026-01-21 11:14:00,2026-01-21 11:34:00,Coffee Classics,Latte - Large,MENU0008,Beverage,Menu Item,277.41,1.0,277.41,0.0,,,277.41,13.87,0,0,0,0,291.28,,,,,
Delhi,ABNAH Cafe Saket Premium,,BILL-OUT003-260121-0006,6,Delivery/Takeaway,,2026-01-21 16:07:00,2026-01-21 16:28:00,Coffee Classics,Cappuccino - Regular,MENU0009,Beverage,Menu Item,225.0,1.0,225.0,5.23,Bill Discount,Synthetic promotion,219.77,10.99,0,0,0,0,230.76,,,,,
Delhi,ABNAH Cafe Saket Premium,,BILL-OUT003-260121-0007,7,Delivery/Takeaway,,2026-01-21 12:52:00,2026-01-21 13:15:00,Coffee Classics,Cappuccino - Medium,MENU0010,Beverage,Menu Item,251.83,1.0,251.83,0.0,,,251.83,12.59,0,0,0,0,264.42,,,,,
Delhi,ABNAH Cafe Saket Premium,,BILL-OUT003-260121-0008,8,Dine In,T13,2026-01-21 13:28:00,2026-01-21 13:59:00,Coffee Classics,Cappuccino - Large,MENU0011,Beverage,Menu Item,275.0,2.0,550.0,11.86,Bill Discount,Synthetic promotion,538.14,26.91,0,0,0,0,565.05,,,,,
Delhi,ABNAH Cafe Saket Premium,,BILL-OUT003-260121-0009,9,Delivery/Takeaway,,2026-01-21 10:14:00,2026-01-21 11:01:00,Coffee Classics,Flat White - Medium,MENU0013,Beverage,Menu Item,260.0,1.0,260.0,13.77,Bill Discount,Synthetic promotion,246.23,12.31,0,0,0,0,258.54,,,,,
Delhi,ABNAH Cafe Saket Premium,,BILL-OUT003-260121-0010,10,Delivery/Takeaway,,2026-01-21 15:29:00,2026-01-21 15:44:00,Coffee Classics,Mocha - Regular,MENU0015,Beverage,Menu Item,245.0,1.0,245.0,4.03,Bill Discount,Synthetic promotion,240.97,12.05,0,0,0,0,253.02,,,,,
Delhi,ABNAH Cafe Saket Premium,,BILL-OUT003-260121-0011,11,Dine In,T17,2026-01-21 10:50:00,2026-01-21 11:20:00,Coffee Classics,Mocha - Medium,MENU0016,Beverage,Menu Item,270.0,2.0,540.0,11.92,Bill Discount,Synthetic promotion,528.08,26.4,0,0,0,0,554.48,,,,,
Delhi,ABNAH Cafe Saket Premium,,BILL-OUT003-260121-0012,12,Dine In,T06,2026-01-21 16:13:00,2026-01-21 16:50:00,Coffee Classics,Mocha - Large,MENU0017,Beverage,Menu Item,295.0,1.0,295.0,14.65,Bill Discount,Synthetic promotion,280.35,14.02,0,0,0,0,294.37,,,,,
Delhi,ABNAH Cafe Saket Premium,,BILL-OUT003-260121-0013,13,Delivery/Takeaway,,2026-01-21 09:27:00,2026-01-21 09:57:00,Signature Coffee,Sea Salt Mocha - Regular,MENU0018,Beverage,Menu Item,275.0,1.0,275.0,8.58,Bill Discount,Synthetic promotion,266.42,13.32,0,0,0,0,279.74,,,,,
Delhi,ABNAH Cafe Saket Premium,,BILL-OUT003-260121-0014,14,Delivery/Takeaway,,2026-01-21 11:00:00,2026-01-21 11:26:00,Signature Coffee,Orange Zest Mocha - Regular,MENU0021,Beverage,Menu Item,270.0,1.0,270.0,5.25,Bill Discount,Synthetic promotion,264.75,13.24,0,0,0,0,277.99,,,,,
Delhi,ABNAH Cafe Saket Premium,,BILL-OUT003-260121-0015,15,Delivery/Takeaway,,2026-01-21 18:51:00,2026-01-21 19:27:00,Signature Coffee,Orange Zest Mocha - Medium,MENU0022,Beverage,Menu Item,300.3,2.0,600.6,0.0,,,600.6,30.03,0,0,0,0,630.63,,,,,
Delhi,ABNAH Cafe Saket Premium,,BILL-OUT003-260121-0016,16,Delivery/Takeaway,,2026-01-21 16:02:00,2026-01-21 16:50:00,Signature Coffee,Orange Zest Mocha - Large,MENU0023,Beverage,Menu Item,330.0,1.0,330.0,11.91,Bill Discount,Synthetic promotion,318.09,15.9,0,0,0,0,333.99,,,,,
Delhi,ABNAH Cafe Saket Premium,,BILL-OUT003-260121-0017,17,Delivery/Takeaway,,2026-01-21 11:38:00,2026-01-21 12:12:00,Signature Coffee,Caramel Macchiato - Medium,MENU0025,Beverage,Menu Item,295.0,2.0,590.0,9.08,Bill Discount,Synthetic promotion,580.92,29.05,0,0,0,0,609.97,,,,,
Delhi,ABNAH Cafe Saket Premium,,BILL-OUT003-260121-0018,18,Delivery/Takeaway,,2026-01-21 16:46:00,2026-01-21 17:32:00,Signature Coffee,French Vanilla Latte - Regular,MENU0027,Beverage,Menu Item,265.0,1.0,265.0,8.42,Bill Discount,Synthetic promotion,256.58,12.83,0,0,0,0,269.41,,,,,
Delhi,ABNAH Cafe Saket Premium,,BILL-OUT003-260121-0019,19,Dine In,T11,2026-01-21 14:55:00,2026-01-21 15:20:00,Signature Coffee,French Vanilla Latte - Large,MENU0029,Beverage,Menu Item,330.86,1.0,330.86,0.0,,,330.86,16.54,0,0,0,0,347.4,,,,,
Delhi,ABNAH Cafe Saket Premium,,BILL-OUT003-260121-0020,20,Delivery/Takeaway,,2026-01-21 14:32:00,2026-01-21 14:59:00,Signature Coffee,Vegan Iced Latte - Medium,MENU0031,Beverage,Menu Item,310.0,3.0,930.0,11.17,Bill Discount,Synthetic promotion,918.83,45.94,0,0,0,0,964.77,,,,,
Delhi,ABNAH Cafe Saket Premium,,BILL-OUT003-260121-0021,21,Delivery/Takeaway,,2026-01-21 14:53:00,2026-01-21 15:20:00,Cold Brew,Vietnamese Shakerato - Regular,MENU0039,Beverage,Menu Item,259.78,1.0,259.78,0.0,,,259.78,12.99,0,0,0,0,272.77,,,,,
Delhi,ABNAH Cafe Saket Premium,,BILL-OUT003-260121-0022,22,Dine In,T15,2026-01-21 11:24:00,2026-01-21 12:04:00,Cold Coffee,Classic Cold Coffee - Regular,MENU0042,Beverage,Menu Item,259.99,1.0,259.99,0.0,,,259.99,13.0,0,0,0,0,272.99,,,,,
Delhi,ABNAH Cafe Saket Premium,,BILL-OUT003-260121-0023,23,Delivery/Takeaway,,2026-01-21 13:00:00,2026-01-21 13:11:00,Cold Coffee,Classic Cold Coffee - Large,MENU0044,Beverage,Menu Item,325.0,2.0,650.0,30.48,Bill Discount,Synthetic promotion,619.52,30.98,0,0,0,0,650.5,,,,,
Delhi,ABNAH Cafe Saket Premium,,BILL-OUT003-260121-0024,24,Delivery/Takeaway,,2026-01-21 11:40:00,2026-01-21 11:59:00,Cold Coffee,Mocha Cold Coffee - Medium,MENU0046,Beverage,Menu Item,320.0,1.0,320.0,2.13,Bill Discount,Synthetic promotion,317.87,15.89,0,0,0,0,333.76,,,,,
Delhi,ABNAH Cafe Saket Premium,,BILL-OUT003-260121-0025,25,Delivery/Takeaway,,2026-01-21 08:20:00,2026-01-21 08:54:00,Cold Coffee,Caramel Cold Coffee - Medium,MENU0049,Beverage,Menu Item,320.0,1.0,320.0,0.82,Bill Discount,Synthetic promotion,319.18,15.96,0,0,0,0,335.14,,,,,
Delhi,ABNAH Cafe Saket Premium,,BILL-OUT003-260121-0026,26,Delivery/Takeaway,,2026-01-21 12:04:00,2026-01-21 12:38:00,Tea,Masala Chai Latte - Medium,MENU0052,Beverage,Menu Item,220.0,1.0,220.0,9.81,Bill Discount,Synthetic promotion,210.19,10.51,0,0,0,0,220.7,,,,,
Delhi,ABNAH Cafe Saket Premium,,BILL-OUT003-260121-0027,27,Delivery/Takeaway,,2026-01-21 14:06:00,2026-01-21 14:37:00,Tea,Masala Chai Latte - Large,MENU0053,Beverage,Menu Item,245.0,1.0,245.0,2.05,Bill Discount,Synthetic promotion,242.95,12.15,0,0,0,0,255.1,,,,,
Delhi,ABNAH Cafe Saket Premium,,BILL-OUT003-260121-0028,28,Dine In,T21,2026-01-21 09:01:00,2026-01-21 09:35:00,Tea,Himalayan Green Tea,MENU0054,Beverage,Menu Item,210.0,1.0,210.0,2.02,Bill Discount,Synthetic promotion,207.98,10.4,0,0,0,0,218.38,,,,,
Delhi,ABNAH Cafe Saket Premium,,BILL-OUT003-260121-0029,29,Delivery/Takeaway,,2026-01-21 08:20:00,2026-01-21 09:03:00,Tea,Japanese Matcha Latte - Regular,MENU0055,Beverage,Menu Item,266.78,1.0,266.78,0.0,,,266.78,13.34,0,0,0,0,280.12,,,,,
Delhi,ABNAH Cafe Saket Premium,,BILL-OUT003-260121-0030,30,Delivery/Takeaway,,2026-01-21 15:30:00,2026-01-21 16:04:00,Tea,Japanese Matcha Latte - Large,MENU0057,Beverage,Menu Item,331.04,2.0,662.08,0.01,Bill Discount,Synthetic promotion,662.07,33.1,0,0,0,0,695.17,,,,,
Delhi,ABNAH Cafe Saket Premium,,BILL-OUT003-260121-0031,31,Dine In,T20,2026-01-21 14:52:00,2026-01-21 15:11:00,Iced Tea,Lemon Iced Tea - Regular,MENU0058,Beverage,Menu Item,205.0,2.0,410.0,15.29,Bill Discount,Synthetic promotion,394.71,19.74,0,0,0,0,414.45,,,,,
Delhi,ABNAH Cafe Saket Premium,,BILL-OUT003-260121-0032,32,Delivery/Takeaway,,2026-01-21 17:42:00,2026-01-21 17:55:00,Iced Tea,Lemon Iced Tea - Large,MENU0060,Beverage,Menu Item,255.0,1.0,255.0,10.97,Bill Discount,Synthetic promotion,244.03,12.2,0,0,0,0,256.23,,,,,
Delhi,ABNAH Cafe Saket Premium,,BILL-OUT003-260121-0033,33,Delivery/Takeaway,,2026-01-21 09:17:00,2026-01-21 09:38:00,Iced Tea,Hibiscus Lime Iced Tea - Large,MENU0063,Beverage,Menu Item,276.79,1.0,276.79,0.0,,,276.79,13.84,0,0,0,0,290.63,,,,,
Delhi,ABNAH Cafe Saket Premium,,BILL-OUT003-260121-0034,34,Dine In,T08,2026-01-21 18:05:00,2026-01-21 18:36:00,Shake,Mixed Berry Shake - Regular,MENU0071,Beverage,Menu Item,315.0,1.0,315.0,17.26,Bill Discount,Synthetic promotion,297.74,14.89,0,0,0,0,312.63,,,,,
Delhi,ABNAH Cafe Saket Premium,,BILL-OUT003-260121-0035,35,Dine In,T20,2026-01-21 09:00:00,2026-01-21 09:17:00,Smoothie,Seasonal Smoothie - Regular,MENU0074,Beverage,Menu Item,305.0,1.0,305.0,11.04,Bill Discount,Synthetic promotion,293.96,14.7,0,0,0,0,308.66,,,,,
Delhi,ABNAH Cafe Saket Premium,,BILL-OUT003-260121-0036,36,Dine In,T13,2026-01-21 16:01:00,2026-01-21 16:21:00,Sandwiches,Smoked Chipotle Paneer Sandwich,MENU0079,Food,Menu Item,297.35,1.0,297.35,0.0,,,297.35,14.87,0,0,0,0,312.22,,,,,
Delhi,ABNAH Cafe Saket Premium,,BILL-OUT003-260121-0037,37,Delivery/Takeaway,,2026-01-21 08:52:00,2026-01-21 09:18:00,Sandwiches,Pesto Veg Sandwich,MENU0080,Food,Menu Item,280.0,1.0,280.0,8.62,Bill Discount,Synthetic promotion,271.38,13.57,0,0,0,0,284.95,,,,,
Delhi,ABNAH Cafe Saket Premium,,BILL-OUT003-260121-0038,38,Delivery/Takeaway,,2026-01-21 12:13:00,2026-01-21 12:35:00,Sandwiches,Pepper Chicken Sandwich,MENU0081,Food,Menu Item,315.0,2.0,630.0,3.21,Bill Discount,Synthetic promotion,626.79,31.34,0,0,0,0,658.13,,,,,
Delhi,ABNAH Cafe Saket Premium,,BILL-OUT003-260121-0039,39,Delivery/Takeaway,,2026-01-21 12:27:00,2026-01-21 12:57:00,Toasts,Chicken Pepperoni Avocado Toast,MENU0084,Food,Menu Item,330.0,1.0,330.0,3.28,Bill Discount,Synthetic promotion,326.72,16.34,0,0,0,0,343.06,,,,,
Delhi,ABNAH Cafe Saket Premium,,BILL-OUT003-260121-0040,40,Delivery/Takeaway,,2026-01-21 12:51:00,2026-01-21 13:27:00,Breakfast,Cream Cheese Bagel,MENU0087,Food,Menu Item,250.0,2.0,500.0,7.45,Bill Discount,Synthetic promotion,492.55,24.63,0,0,0,0,517.18,,,,,
Delhi,ABNAH Cafe Saket Premium,,BILL-OUT003-260121-0041,41,Dine In,T06,2026-01-21 13:37:00,2026-01-21 14:18:00,Breakfast,Masala Egg Bun,MENU0089,Food,Menu Item,225.0,1.0,225.0,9.65,Bill Discount,Synthetic promotion,215.35,10.77,0,0,0,0,226.12,,,,,
Delhi,ABNAH Cafe Saket Premium,,BILL-OUT003-260121-0042,42,Delivery/Takeaway,,2026-01-21 09:45:00,2026-01-21 09:59:00,Snacks,Turnover with Brioche Dough Veg,MENU0093,Food,Menu Item,238.23,1.0,238.23,0.0,,,238.23,11.91,0,0,0,0,250.14,,,,,
Delhi,ABNAH Cafe Saket Premium,,BILL-OUT003-260121-0043,43,Delivery/Takeaway,,2026-01-21 18:48:00,2026-01-21 19:28:00,Baked Goods,Almond Croissant,MENU0095,Food,Menu Item,249.4,1.0,249.4,0.0,,,249.4,12.47,0,0,0,0,261.87,,,,,
Delhi,ABNAH Cafe Saket Premium,,BILL-OUT003-260121-0044,44,Delivery/Takeaway,,2026-01-21 17:46:00,2026-01-21 18:19:00,Baked Goods,Chocolate Croissant,MENU0096,Food,Menu Item,235.0,2.0,470.0,2.46,Bill Discount,Synthetic promotion,467.54,23.38,0,0,0,0,490.92,,,,,
Delhi,ABNAH Cafe Saket Premium,,BILL-OUT003-260121-0045,45,Dine In,T11,2026-01-21 10:09:00,2026-01-21 10:28:00,Baked Goods,Mushroom Cheese Croissant,MENU0097,Food,Menu Item,255.0,2.0,510.0,27.22,Bill Discount,Synthetic promotion,482.78,24.14,0,0,0,0,506.92,,,,,
Delhi,ABNAH Cafe Saket Premium,,BILL-OUT003-260121-0046,46,Delivery/Takeaway,,2026-01-21 11:59:00,2026-01-21 12:29:00,Baked Goods,Sriracha Chicken Croissant,MENU0098,Food,Menu Item,277.09,1.0,277.09,0.0,,,277.09,13.85,0,0,0,0,290.94,,,,,
Delhi,ABNAH Cafe Saket Premium,,BILL-OUT003-260121-0047,47,Delivery/Takeaway,,2026-01-21 13:27:00,2026-01-21 13:53:00,Baked Goods,Banana Walnut Tea Cake,MENU0100,Dessert,Menu Item,205.72,1.0,205.72,0.0,,,205.72,10.29,0,0,0,0,216.01,,,,,
Delhi,ABNAH Cafe Saket Premium,,BILL-OUT003-260121-0048,48,Dine In,T12,2026-01-21 10:52:00,2026-01-21 11:17:00,Baked Goods,Lemon Raspberry Tea Cake,MENU0101,Dessert,Menu Item,215.0,1.0,215.0,6.46,Bill Discount,Synthetic promotion,208.54,10.43,0,0,0,0,218.97,,,,,
Delhi,ABNAH Cafe Saket Premium,,BILL-OUT003-260121-0049,49,Delivery/Takeaway,,2026-01-21 12:25:00,2026-01-21 12:48:00,Desserts,Double Chocolate Truffle Cake,MENU0102,Dessert,Menu Item,298.28,1.0,298.28,0.0,,,298.28,14.91,0,0,0,0,313.19,,,,,
Delhi,ABNAH Cafe Saket Premium,,BILL-OUT003-260121-0050,50,Delivery/Takeaway,,2026-01-21 16:44:00,2026-01-21 17:24:00,Desserts,Banoffee Pie,MENU0103,Dessert,Menu Item,285.0,1.0,285.0,1.45,Bill Discount,Synthetic promotion,283.55,14.18,0,0,0,0,297.73,,,,,
Delhi,ABNAH Cafe Saket Premium,,BILL-OUT003-260121-0051,51,Delivery/Takeaway,,2026-01-21 14:40:00,2026-01-21 15:00:00,Desserts,Classic Chocolate Fudge Brownie,MENU0104,Dessert,Menu Item,195.0,1.0,195.0,9.29,Bill Discount,Synthetic promotion,185.71,9.29,0,0,0,0,195.0,,,,,
Delhi,ABNAH Cafe Saket Premium,,BILL-OUT003-260121-0052,52,Delivery/Takeaway,,2026-01-21 08:32:00,2026-01-21 08:44:00,Desserts,Soft-Centred Caramel Cookie,MENU0105,Dessert,Menu Item,180.0,1.0,180.0,3.68,Bill Discount,Synthetic promotion,176.32,8.82,0,0,0,0,185.14,,,,,
Delhi,ABNAH Cafe Saket Premium,,BILL-OUT003-260121-0053,53,Delivery/Takeaway,,2026-01-21 17:44:00,2026-01-21 18:33:00,Desserts,Apple Pie,MENU0108,Dessert,Menu Item,274.2,1.0,274.2,0.0,,,274.2,13.71,0,0,0,0,287.91,,,,,
Delhi,ABNAH Cafe Saket Premium,,BILL-OUT003-260121-0054,54,Delivery/Takeaway,,2026-01-21 08:22:00,2026-01-21 08:47:00,Baked Goods,Multigrain Walnut Tea Cake,MENU0110,Dessert,Menu Item,225.0,1.0,225.0,0.14,Bill Discount,Synthetic promotion,224.86,11.24,0,0,0,0,236.1,,,,,
Delhi,ABNAH Cafe Saket Premium,,BILL-OUT003-260122-0001,1,Delivery/Takeaway,,2026-01-22 18:21:00,2026-01-22 18:38:00,Coffee Classics,Americano - Large,MENU0005,Beverage,Menu Item,235.0,3.0,705.0,17.34,Bill Discount,Synthetic promotion,687.66,34.38,0,0,0,0,722.04,,,,,
Delhi,ABNAH Cafe Saket Premium,,BILL-OUT003-260122-0002,2,Dine In,T23,2026-01-22 16:21:00,2026-01-22 17:00:00,Coffee Classics,Latte - Regular,MENU0006,Beverage,Menu Item,225.0,1.0,225.0,9.84,Bill Discount,Synthetic promotion,215.16,10.76,0,0,0,0,225.92,,,,,
Delhi,ABNAH Cafe Saket Premium,,BILL-OUT003-260122-0003,3,Dine In,T21,2026-01-22 15:54:00,2026-01-22 16:28:00,Coffee Classics,Latte - Medium,MENU0007,Beverage,Menu Item,250.0,1.0,250.0,10.2,Bill Discount,Synthetic promotion,239.8,11.99,0,0,0,0,251.79,,,,,
Delhi,ABNAH Cafe Saket Premium,,BILL-OUT003-260122-0004,4,Dine In,T18,2026-01-22 15:40:00,2026-01-22 16:08:00,Coffee Classics,Latte - Large,MENU0008,Beverage,Menu Item,277.29,3.0,831.87,0.0,,,831.88,41.59,0,0,0,0,873.47,,,,,
Delhi,ABNAH Cafe Saket Premium,,BILL-OUT003-260122-0005,5,Delivery/Takeaway,,2026-01-22 13:18:00,2026-01-22 13:30:00,Coffee Classics,Cappuccino - Medium,MENU0010,Beverage,Menu Item,250.0,2.0,500.0,6.57,Bill Discount,Synthetic promotion,493.43,24.67,0,0,0,0,518.1,,,,,
Delhi,ABNAH Cafe Saket Premium,,BILL-OUT003-260122-0006,6,Dine In,T20,2026-01-22 12:03:00,2026-01-22 12:23:00,Coffee Classics,Cappuccino - Large,MENU0011,Beverage,Menu Item,275.0,3.0,825.0,19.42,Bill Discount,Synthetic promotion,805.58,40.28,0,0,0,0,845.86,,,,,
Delhi,ABNAH Cafe Saket Premium,,BILL-OUT003-260122-0007,7,Delivery/Takeaway,,2026-01-22 17:12:00,2026-01-22 17:59:00,Coffee Classics,Flat White - Regular,MENU0012,Beverage,Menu Item,235.89,3.0,707.67,0.0,,,707.67,35.38,0,0,0,0,743.05,,,,,
Delhi,ABNAH Cafe Saket Premium,,BILL-OUT003-260122-0008,8,Dine In,T20,2026-01-22 12:28:00,2026-01-22 12:54:00,Coffee Classics,Flat White - Medium,MENU0013,Beverage,Menu Item,260.0,1.0,260.0,5.3,Bill Discount,Synthetic promotion,254.7,12.73,0,0,0,0,267.43,,,,,
Delhi,ABNAH Cafe Saket Premium,,BILL-OUT003-260122-0009,9,Delivery/Takeaway,,2026-01-22 10:16:00,2026-01-22 10:31:00,Coffee Classics,Flat White - Large,MENU0014,Beverage,Menu Item,287.22,1.0,287.22,0.0,,,287.22,14.36,0,0,0,0,301.58,,,,,
Delhi,ABNAH Cafe Saket Premium,,BILL-OUT003-260122-0010,10,Delivery/Takeaway,,2026-01-22 16:26:00,2026-01-22 16:45:00,Coffee Classics,Mocha - Medium,MENU0016,Beverage,Menu Item,270.0,1.0,270.0,11.45,Bill Discount,Synthetic promotion,258.55,12.93,0,0,0,0,271.48,,,,,
Delhi,ABNAH Cafe Saket Premium,,BILL-OUT003-260122-0011,11,Delivery/Takeaway,,2026-01-22 18:43:00,2026-01-22 19:11:00,Signature Coffee,Sea Salt Mocha - Regular,MENU0018,Beverage,Menu Item,279.85,2.0,559.7,0.01,Bill Discount,Synthetic promotion,559.69,27.98,0,0,0,0,587.67,,,,,
Delhi,ABNAH Cafe Saket Premium,,BILL-OUT003-260122-0012,12,Delivery/Takeaway,,2026-01-22 15:48:00,2026-01-22 16:01:00,Signature Coffee,Sea Salt Mocha - Large,MENU0020,Beverage,Menu Item,335.0,1.0,335.0,7.35,Bill Discount,Synthetic promotion,327.65,16.38,0,0,0,0,344.03,,,,,
Delhi,ABNAH Cafe Saket Premium,,BILL-OUT003-260122-0013,13,Delivery/Takeaway,,2026-01-22 19:31:00,2026-01-22 19:39:00,Signature Coffee,Orange Zest Mocha - Regular,MENU0021,Beverage,Menu Item,270.0,2.0,540.0,6.33,Bill Discount,Synthetic promotion,533.67,26.68,0,0,0,0,560.35,,,,,
Delhi,ABNAH Cafe Saket Premium,,BILL-OUT003-260122-0014,14,Dine In,T21,2026-01-22 10:55:00,2026-01-22 11:12:00,Signature Coffee,Orange Zest Mocha - Large,MENU0023,Beverage,Menu Item,330.0,2.0,660.0,4.04,Bill Discount,Synthetic promotion,655.96,32.8,0,0,0,0,688.76,,,,,
Delhi,ABNAH Cafe Saket Premium,,BILL-OUT003-260122-0015,15,Delivery/Takeaway,,2026-01-22 12:41:00,2026-01-22 13:22:00,Signature Coffee,Caramel Macchiato - Large,MENU0026,Beverage,Menu Item,325.0,1.0,325.0,13.41,Bill Discount,Synthetic promotion,311.59,15.58,0,0,0,0,327.17,,,,,
Delhi,ABNAH Cafe Saket Premium,,BILL-OUT003-260122-0016,16,Delivery/Takeaway,,2026-01-22 13:31:00,2026-01-22 14:00:00,Signature Coffee,French Vanilla Latte - Regular,MENU0027,Beverage,Menu Item,265.0,2.0,530.0,3.02,Bill Discount,Synthetic promotion,526.98,26.35,0,0,0,0,553.33,,,,,
Delhi,ABNAH Cafe Saket Premium,,BILL-OUT003-260122-0017,17,Dine In,T14,2026-01-22 16:38:00,2026-01-22 17:22:00,Signature Coffee,French Vanilla Latte - Medium,MENU0028,Beverage,Menu Item,295.0,1.0,295.0,17.3,Bill Discount,Synthetic promotion,277.7,13.88,0,0,0,0,291.58,,,,,
Delhi,ABNAH Cafe Saket Premium,,BILL-OUT003-260122-0018,18,Dine In,T14,2026-01-22 10:25:00,2026-01-22 11:10:00,Signature Coffee,Vegan Iced Latte - Regular,MENU0030,Beverage,Menu Item,285.0,2.0,570.0,0.89,Bill Discount,Synthetic promotion,569.11,28.46,0,0,0,0,597.57,,,,,
Delhi,ABNAH Cafe Saket Premium,,BILL-OUT003-260122-0019,19,Delivery/Takeaway,,2026-01-22 09:48:00,2026-01-22 10:26:00,Signature Coffee,Vegan Iced Latte - Medium,MENU0031,Beverage,Menu Item,313.77,2.0,627.54,0.0,,,627.54,31.38,0,0,0,0,658.92,,,,,
Delhi,ABNAH Cafe Saket Premium,,BILL-OUT003-260122-0020,20,Delivery/Takeaway,,2026-01-22 11:10:00,2026-01-22 11:19:00,Cold Brew,Classic Cold Brew - Large,MENU0035,Beverage,Menu Item,275.0,1.0,275.0,5.45,Bill Discount,Synthetic promotion,269.55,13.48,0,0,0,0,283.03,,,,,
Delhi,ABNAH Cafe Saket Premium,,BILL-OUT003-260122-0021,21,Delivery/Takeaway,,2026-01-22 13:50:00,2026-01-22 14:22:00,Cold Coffee,Classic Cold Coffee - Large,MENU0044,Beverage,Menu Item,325.0,2.0,650.0,28.08,Bill Discount,Synthetic promotion,621.92,31.1,0,0,0,0,653.02,,,,,
Delhi,ABNAH Cafe Saket Premium,,BILL-OUT003-260122-0022,22,Delivery/Takeaway,,2026-01-22 14:56:00,2026-01-22 15:21:00,Cold Coffee,Mocha Cold Coffee - Regular,MENU0045,Beverage,Menu Item,285.0,1.0,285.0,8.45,Bill Discount,Synthetic promotion,276.55,13.83,0,0,0,0,290.38,,,,,
Delhi,ABNAH Cafe Saket Premium,,BILL-OUT003-260122-0023,23,Dine In,T06,2026-01-22 09:13:00,2026-01-22 09:48:00,Cold Coffee,Mocha Cold Coffee - Medium,MENU0046,Beverage,Menu Item,320.0,1.0,320.0,16.11,Bill Discount,Synthetic promotion,303.89,15.19,0,0,0,0,319.08,,,,,
Delhi,ABNAH Cafe Saket Premium,,BILL-OUT003-260122-0024,24,Delivery/Takeaway,,2026-01-22 13:18:00,2026-01-22 14:04:00,Cold Coffee,Mocha Cold Coffee - Large,MENU0047,Beverage,Menu Item,359.4,1.0,359.4,0.0,,,359.4,17.97,0,0,0,0,377.37,,,,,
Delhi,ABNAH Cafe Saket Premium,,BILL-OUT003-260122-0025,25,Dine In,T13,2026-01-22 16:06:00,2026-01-22 16:23:00,Cold Coffee,Caramel Cold Coffee - Regular,MENU0048,Beverage,Menu Item,285.0,2.0,570.0,29.55,Bill Discount,Synthetic promotion,540.45,27.02,0,0,0,0,567.47,,,,,
Delhi,ABNAH Cafe Saket Premium,,BILL-OUT003-260122-0026,26,Dine In,T22,2026-01-22 12:35:00,2026-01-22 12:58:00,Cold Coffee,Caramel Cold Coffee - Medium,MENU0049,Beverage,Menu Item,324.44,1.0,324.44,0.0,,,324.44,16.22,0,0,0,0,340.66,,,,,
Delhi,ABNAH Cafe Saket Premium,,BILL-OUT003-260122-0027,27,Delivery/Takeaway,,2026-01-22 14:22:00,2026-01-22 14:36:00,Cold Coffee,Caramel Cold Coffee - Large,MENU0050,Beverage,Menu Item,355.0,1.0,355.0,9.71,Bill Discount,Synthetic promotion,345.29,17.26,0,0,0,0,362.55,,,,,
Delhi,ABNAH Cafe Saket Premium,,BILL-OUT003-260122-0028,28,Dine In,T13,2026-01-22 17:36:00,2026-01-22 18:13:00,Tea,Masala Chai Latte - Regular,MENU0051,Beverage,Menu Item,195.0,1.0,195.0,11.36,Bill Discount,Synthetic promotion,183.64,9.18,0,0,0,0,192.82,,,,,
Delhi,ABNAH Cafe Saket Premium,,BILL-OUT003-260122-0029,29,Delivery/Takeaway,,2026-01-22 08:58:00,2026-01-22 09:24:00,Tea,Japanese Matcha Latte - Regular,MENU0055,Beverage,Menu Item,265.0,1.0,265.0,4.62,Bill Discount,Synthetic promotion,260.38,13.02,0,0,0,0,273.4,,,,,
Delhi,ABNAH Cafe Saket Premium,,BILL-OUT003-260122-0030,30,Delivery/Takeaway,,2026-01-22 17:04:00,2026-01-22 17:46:00,Iced Tea,Hibiscus Lime Iced Tea - Large,MENU0063,Beverage,Menu Item,275.0,1.0,275.0,3.29,Bill Discount,Synthetic promotion,271.71,13.59,0,0,0,0,285.3,,,,,
Delhi,ABNAH Cafe Saket Premium,,BILL-OUT003-260122-0031,31,Delivery/Takeaway,,2026-01-22 09:08:00,2026-01-22 09:48:00,Kids Beverage,Babyccino - Regular,MENU0067,Beverage,Menu Item,165.0,1.0,165.0,5.05,Bill Discount,Synthetic promotion,159.95,8.0,0,0,0,0,167.95,,,,,
Delhi,ABNAH Cafe Saket Premium,,BILL-OUT003-260122-0032,32,Dine In,T16,2026-01-22 10:40:00,2026-01-22 11:24:00,Shake,Mixed Berry Shake - Large,MENU0073,Beverage,Menu Item,385.0,1.0,385.0,15.61,Bill Discount,Synthetic promotion,369.39,18.47,0,0,0,0,387.86,,,,,
Delhi,ABNAH Cafe Saket Premium,,BILL-OUT003-260122-0033,33,Dine In,T08,2026-01-22 16:05:00,2026-01-22 16:26:00,Smoothie,Seasonal Smoothie - Regular,MENU0074,Beverage,Menu Item,305.0,1.0,305.0,5.3,Bill Discount,Synthetic promotion,299.7,14.98,0,0,0,0,314.68,,,,,
Delhi,ABNAH Cafe Saket Premium,,BILL-OUT003-260122-0034,34,Delivery/Takeaway,,2026-01-22 08:14:00,2026-01-22 08:53:00,Smoothie,Seasonal Smoothie - Medium,MENU0075,Beverage,Menu Item,340.0,1.0,340.0,3.21,Bill Discount,Synthetic promotion,336.79,16.84,0,0,0,0,353.63,,,,,
Delhi,ABNAH Cafe Saket Premium,,BILL-OUT003-260122-0035,35,Delivery/Takeaway,,2026-01-22 18:23:00,2026-01-22 18:56:00,Smoothie,Seasonal Smoothie - Large,MENU0076,Beverage,Menu Item,375.0,1.0,375.0,15.07,Bill Discount,Synthetic promotion,359.93,18.0,0,0,0,0,377.93,,,,,
Delhi,ABNAH Cafe Saket Premium,,BILL-OUT003-260122-0036,36,Delivery/Takeaway,,2026-01-22 12:18:00,2026-01-22 13:00:00,Wraps,Spicy Paneer Wrap,MENU0077,Food,Menu Item,275.0,2.0,550.0,20.42,Bill Discount,Synthetic promotion,529.58,26.48,0,0,0,0,556.06,,,,,
Delhi,ABNAH Cafe Saket Premium,,BILL-OUT003-260122-0037,37,Delivery/Takeaway,,2026-01-22 11:31:00,2026-01-22 12:07:00,Wraps,Shredded Chicken Wrap,MENU0078,Food,Menu Item,295.0,2.0,590.0,32.32,Bill Discount,Synthetic promotion,557.68,27.88,0,0,0,0,585.56,,,,,
Delhi,ABNAH Cafe Saket Premium,,BILL-OUT003-260122-0038,38,Delivery/Takeaway,,2026-01-22 08:37:00,2026-01-22 09:18:00,Sandwiches,Tandoori Chicken Sandwich,MENU0082,Food,Menu Item,320.0,1.0,320.0,6.36,Bill Discount,Synthetic promotion,313.64,15.68,0,0,0,0,329.32,,,,,
Delhi,ABNAH Cafe Saket Premium,,BILL-OUT003-260122-0039,39,Delivery/Takeaway,,2026-01-22 11:34:00,2026-01-22 11:59:00,Breakfast,Cream Cheese Bagel,MENU0087,Food,Menu Item,250.0,1.0,250.0,12.97,Bill Discount,Synthetic promotion,237.03,11.85,0,0,0,0,248.88,,,,,
Delhi,ABNAH Cafe Saket Premium,,BILL-OUT003-260122-0040,40,Dine In,T20,2026-01-22 17:21:00,2026-01-22 17:31:00,Baked Goods,Butter Croissant,MENU0094,Food,Menu Item,195.0,2.0,390.0,2.11,Bill Discount,Synthetic promotion,387.89,19.39,0,0,0,0,407.28,,,,,
Delhi,ABNAH Cafe Saket Premium,,BILL-OUT003-260122-0041,41,Delivery/Takeaway,,2026-01-22 14:44:00,2026-01-22 15:26:00,Baked Goods,Almond Croissant,MENU0095,Food,Menu Item,245.0,2.0,490.0,11.72,Bill Discount,Synthetic promotion,478.28,23.91,0,0,0,0,502.19,,,,,
Delhi,ABNAH Cafe Saket Premium,,BILL-OUT003-260122-0042,42,Dine In,T21,2026-01-22 14:03:00,2026-01-22 14:23:00,Baked Goods,Chocolate Croissant,MENU0096,Food,Menu Item,235.0,1.0,235.0,1.39,Bill Discount,Synthetic promotion,233.61,11.68,0,0,0,0,245.29,,,,,
Delhi,ABNAH Cafe Saket Premium,,BILL-OUT003-260122-0043,43,Delivery/Takeaway,,2026-01-22 16:16:00,2026-01-22 17:02:00,Baked Goods,Cinnamon Roll with Cream Cheese,MENU0099,Dessert,Menu Item,221.79,1.0,221.79,0.0,,,221.79,11.09,0,0,0,0,232.88,,,,,
Delhi,ABNAH Cafe Saket Premium,,BILL-OUT003-260122-0044,44,Delivery/Takeaway,,2026-01-22 17:24:00,2026-01-22 17:54:00,Baked Goods,Banana Walnut Tea Cake,MENU0100,Dessert,Menu Item,205.0,1.0,205.0,0.2,Bill Discount,Synthetic promotion,204.8,10.24,0,0,0,0,215.04,,,,,
Delhi,ABNAH Cafe Saket Premium,,BILL-OUT003-260122-0045,45,Dine In,T21,2026-01-22 08:48:00,2026-01-22 09:20:00,Baked Goods,Lemon Raspberry Tea Cake,MENU0101,Dessert,Menu Item,216.6,1.0,216.6,0.0,,,216.6,10.83,0,0,0,0,227.43,,,,,
Delhi,ABNAH Cafe Saket Premium,,BILL-OUT003-260122-0046,46,Delivery/Takeaway,,2026-01-22 18:05:00,2026-01-22 18:31:00,Desserts,Death by Chocolate Cookie,MENU0106,Dessert,Menu Item,190.51,1.0,190.51,0.0,,,190.51,9.53,0,0,0,0,200.04,,,,,
Delhi,ABNAH Cafe Saket Premium,,BILL-OUT003-260122-0047,47,Delivery/Takeaway,,2026-01-22 11:10:00,2026-01-22 11:52:00,Desserts,Basque Cheesecake,MENU0109,Dessert,Menu Item,310.0,4.0,1240.0,53.7,Bill Discount,Synthetic promotion,1186.3,59.31,0,0,0,0,1245.61,,,,,
Delhi,ABNAH Cafe Saket Premium,,BILL-OUT003-260122-0048,48,Delivery/Takeaway,,2026-01-22 09:19:00,2026-01-22 09:59:00,Baked Goods,Multigrain Walnut Tea Cake,MENU0110,Dessert,Menu Item,225.0,1.0,225.0,10.84,Bill Discount,Synthetic promotion,214.16,10.71,0,0,0,0,224.87,,,,,
Delhi,ABNAH Cafe Saket Premium,,BILL-OUT003-260123-0001,1,Dine In,T09,2026-01-23 18:38:00,2026-01-23 18:58:00,Coffee Classics,Americano - Regular,MENU0003,Beverage,Menu Item,185.0,2.0,370.0,11.73,Bill Discount,Synthetic promotion,358.27,17.91,0,0,0,0,376.18,,,,,
Delhi,ABNAH Cafe Saket Premium,,BILL-OUT003-260123-0002,2,Delivery/Takeaway,,2026-01-23 14:30:00,2026-01-23 15:17:00,Coffee Classics,Americano - Medium,MENU0004,Beverage,Menu Item,210.0,3.0,630.0,28.96,Bill Discount,Synthetic promotion,601.04,30.05,0,0,0,0,631.09,,,,,
Delhi,ABNAH Cafe Saket Premium,,BILL-OUT003-260123-0003,3,Delivery/Takeaway,,2026-01-23 13:05:00,2026-01-23 13:50:00,Coffee Classics,Latte - Regular,MENU0006,Beverage,Menu Item,225.0,1.0,225.0,6.71,Bill Discount,Synthetic promotion,218.29,10.91,0,0,0,0,229.2,,,,,
Delhi,ABNAH Cafe Saket Premium,,BILL-OUT003-260123-0004,4,Dine In,T03,2026-01-23 08:33:00,2026-01-23 08:52:00,Coffee Classics,Latte - Medium,MENU0007,Beverage,Menu Item,251.9,5.0,1259.5,0.02,Bill Discount,Synthetic promotion,1259.48,62.97,0,0,0,0,1322.45,,,,,
Delhi,ABNAH Cafe Saket Premium,,BILL-OUT003-260123-0005,5,Dine In,T18,2026-01-23 15:45:00,2026-01-23 16:29:00,Coffee Classics,Latte - Large,MENU0008,Beverage,Menu Item,275.0,1.0,275.0,9.71,Bill Discount,Synthetic promotion,265.29,13.26,0,0,0,0,278.55,,,,,
Delhi,ABNAH Cafe Saket Premium,,BILL-OUT003-260123-0006,6,Dine In,T03,2026-01-23 11:44:00,2026-01-23 12:23:00,Coffee Classics,Cappuccino - Medium,MENU0010,Beverage,Menu Item,250.0,1.0,250.0,2.74,Bill Discount,Synthetic promotion,247.26,12.36,0,0,0,0,259.62,,,,,
Delhi,ABNAH Cafe Saket Premium,,BILL-OUT003-260123-0007,7,Delivery/Takeaway,,2026-01-23 16:55:00,2026-01-23 17:42:00,Coffee Classics,Flat White - Regular,MENU0012,Beverage,Menu Item,235.0,2.0,470.0,21.89,Bill Discount,Synthetic promotion,448.11,22.41,0,0,0,0,470.52,,,,,
Delhi,ABNAH Cafe Saket Premium,,BILL-OUT003-260123-0008,8,Delivery/Takeaway,,2026-01-23 14:42:00,2026-01-23 15:14:00,Coffee Classics,Flat White - Medium,MENU0013,Beverage,Menu Item,260.0,2.0,520.0,24.93,Bill Discount,Synthetic promotion,495.07,24.75,0,0,0,0,519.82,,,,,
Delhi,ABNAH Cafe Saket Premium,,BILL-OUT003-260123-0009,9,Delivery/Takeaway,,2026-01-23 16:11:00,2026-01-23 16:22:00,Coffee Classics,Mocha - Regular,MENU0015,Beverage,Menu Item,245.0,1.0,245.0,4.99,Bill Discount,Synthetic promotion,240.01,12.0,0,0,0,0,252.01,,,,,
Delhi,ABNAH Cafe Saket Premium,,BILL-OUT003-260123-0010,10,Delivery/Takeaway,,2026-01-23 11:54:00,2026-01-23 12:19:00,Coffee Classics,Mocha - Medium,MENU0016,Beverage,Menu Item,270.0,3.0,810.0,16.45,Bill Discount,Synthetic promotion,793.55,39.68,0,0,0,0,833.23,,,,,
Delhi,ABNAH Cafe Saket Premium,,BILL-OUT003-260123-0011,11,Delivery/Takeaway,,2026-01-23 10:45:00,2026-01-23 11:29:00,Coffee Classics,Mocha - Large,MENU0017,Beverage,Menu Item,295.0,1.0,295.0,9.83,Bill Discount,Synthetic promotion,285.17,14.26,0,0,0,0,299.43,,,,,
Delhi,ABNAH Cafe Saket Premium,,BILL-OUT003-260123-0012,12,Delivery/Takeaway,,2026-01-23 09:42:00,2026-01-23 09:56:00,Signature Coffee,Sea Salt Mocha - Regular,MENU0018,Beverage,Menu Item,275.0,2.0,550.0,24.01,Bill Discount,Synthetic promotion,525.99,26.3,0,0,0,0,552.29,,,,,
Delhi,ABNAH Cafe Saket Premium,,BILL-OUT003-260123-0013,13,Delivery/Takeaway,,2026-01-23 14:43:00,2026-01-23 14:51:00,Signature Coffee,Sea Salt Mocha - Medium,MENU0019,Beverage,Menu Item,305.0,4.0,1220.0,1.4,Bill Discount,Synthetic promotion,1218.6,60.93,0,0,0,0,1279.53,,,,,
Delhi,ABNAH Cafe Saket Premium,,BILL-OUT003-260123-0014,14,Delivery/Takeaway,,2026-01-23 15:51:00,2026-01-23 16:15:00,Signature Coffee,Sea Salt Mocha - Large,MENU0020,Beverage,Menu Item,338.75,1.0,338.75,0.0,,,338.75,16.94,0,0,0,0,355.69,,,,,
Delhi,ABNAH Cafe Saket Premium,,BILL-OUT003-260123-0015,15,Delivery/Takeaway,,2026-01-23 13:56:00,2026-01-23 14:45:00,Signature Coffee,Caramel Macchiato - Regular,MENU0024,Beverage,Menu Item,265.0,1.0,265.0,10.17,Bill Discount,Synthetic promotion,254.83,12.74,0,0,0,0,267.57,,,,,
Delhi,ABNAH Cafe Saket Premium,,BILL-OUT003-260123-0016,16,Dine In,T08,2026-01-23 16:08:00,2026-01-23 16:49:00,Signature Coffee,Caramel Macchiato - Medium,MENU0025,Beverage,Menu Item,295.0,2.0,590.0,31.81,Bill Discount,Synthetic promotion,558.19,27.91,0,0,0,0,586.1,,,,,
Delhi,ABNAH Cafe Saket Premium,,BILL-OUT003-260123-0017,17,Delivery/Takeaway,,2026-01-23 15:49:00,2026-01-23 16:31:00,Signature Coffee,Caramel Macchiato - Large,MENU0026,Beverage,Menu Item,325.0,1.0,325.0,8.07,Bill Discount,Synthetic promotion,316.93,15.85,0,0,0,0,332.78,,,,,
Delhi,ABNAH Cafe Saket Premium,,BILL-OUT003-260123-0018,18,Delivery/Takeaway,,2026-01-23 18:27:00,2026-01-23 18:35:00,Signature Coffee,French Vanilla Latte - Medium,MENU0028,Beverage,Menu Item,295.0,2.0,590.0,26.26,Bill Discount,Synthetic promotion,563.74,28.19,0,0,0,0,591.93,,,,,
Delhi,ABNAH Cafe Saket Premium,,BILL-OUT003-260123-0019,19,Delivery/Takeaway,,2026-01-23 16:37:00,2026-01-23 17:10:00,Signature Coffee,French Vanilla Latte - Large,MENU0029,Beverage,Menu Item,325.0,1.0,325.0,9.41,Bill Discount,Synthetic promotion,315.59,15.78,0,0,0,0,331.37,,,,,
Delhi,ABNAH Cafe Saket Premium,,BILL-OUT003-260123-0020,20,Dine In,T16,2026-01-23 15:06:00,2026-01-23 15:14:00,Signature Coffee,Vegan Iced Latte - Regular,MENU0030,Beverage,Menu Item,285.0,3.0,855.0,19.58,Bill Discount,Synthetic promotion,835.42,41.77,0,0,0,0,877.19,,,,,
Delhi,ABNAH Cafe Saket Premium,,BILL-OUT003-260123-0021,21,Dine In,T12,2026-01-23 13:44:00,2026-01-23 14:21:00,Signature Coffee,Vegan Iced Latte - Medium,MENU0031,Beverage,Menu Item,312.46,1.0,312.46,0.0,,,312.46,15.62,0,0,0,0,328.08,,,,,
Delhi,ABNAH Cafe Saket Premium,,BILL-OUT003-260123-0022,22,Delivery/Takeaway,,2026-01-23 11:48:00,2026-01-23 12:22:00,Signature Coffee,Vegan Iced Latte - Large,MENU0032,Beverage,Menu Item,335.0,1.0,335.0,16.91,Bill Discount,Synthetic promotion,318.09,15.9,0,0,0,0,333.99,,,,,
Delhi,ABNAH Cafe Saket Premium,,BILL-OUT003-260123-0023,23,Delivery/Takeaway,,2026-01-23 12:30:00,2026-01-23 12:48:00,Cold Brew,Classic Cold Brew - Regular,MENU0033,Beverage,Menu Item,225.0,1.0,225.0,4.27,Bill Discount,Synthetic promotion,220.73,11.04,0,0,0,0,231.77,,,,,
Delhi,ABNAH Cafe Saket Premium,,BILL-OUT003-260123-0024,24,Delivery/Takeaway,,2026-01-23 18:23:00,2026-01-23 18:36:00,Cold Brew,Classic Cold Brew - Large,MENU0035,Beverage,Menu Item,280.0,1.0,280.0,0.0,,,280.0,14.0,0,0,0,0,294.0,,,,,
Delhi,ABNAH Cafe Saket Premium,,BILL-OUT003-260123-0025,25,Dine In,T22,2026-01-23 12:50:00,2026-01-23 13:27:00,Cold Brew,Coffee Lemonade - Regular,MENU0036,Beverage,Menu Item,235.0,1.0,235.0,10.86,Bill Discount,Synthetic promotion,224.14,11.21,0,0,0,0,235.35,,,,,
Delhi,ABNAH Cafe Saket Premium,,BILL-OUT003-260123-0026,26,Dine In,T05,2026-01-23 17:43:00,2026-01-23 18:30:00,Cold Brew,Coffee Lemonade - Medium,MENU0037,Beverage,Menu Item,260.0,1.0,260.0,14.44,Bill Discount,Synthetic promotion,245.56,12.28,0,0,0,0,257.84,,,,,
Delhi,ABNAH Cafe Saket Premium,,BILL-OUT003-260123-0027,27,Delivery/Takeaway,,2026-01-23 12:37:00,2026-01-23 12:56:00,Cold Brew,Vietnamese Shakerato - Medium,MENU0040,Beverage,Menu Item,280.0,2.0,560.0,26.96,Bill Discount,Synthetic promotion,533.04,26.65,0,0,0,0,559.69,,,,,
Delhi,ABNAH Cafe Saket Premium,,BILL-OUT003-260123-0028,28,Dine In,T17,2026-01-23 18:17:00,2026-01-23 19:04:00,Cold Coffee,Classic Cold Coffee - Medium,MENU0043,Beverage,Menu Item,290.0,1.0,290.0,6.91,Bill Discount,Synthetic promotion,283.09,14.15,0,0,0,0,297.24,,,,,
Delhi,ABNAH Cafe Saket Premium,,BILL-OUT003-260123-0029,29,Delivery/Takeaway,,2026-01-23 16:25:00,2026-01-23 16:47:00,Cold Coffee,Classic Cold Coffee - Large,MENU0044,Beverage,Menu Item,325.0,1.0,325.0,18.75,Bill Discount,Synthetic promotion,306.25,15.31,0,0,0,0,321.56,,,,,
Delhi,ABNAH Cafe Saket Premium,,BILL-OUT003-260123-0030,30,Delivery/Takeaway,,2026-01-23 15:32:00,2026-01-23 16:20:00,Cold Coffee,Mocha Cold Coffee - Medium,MENU0046,Beverage,Menu Item,320.0,1.0,320.0,17.82,Bill Discount,Synthetic promotion,302.18,15.11,0,0,0,0,317.29,,,,,
Delhi,ABNAH Cafe Saket Premium,,BILL-OUT003-260123-0031,31,Dine In,T07,2026-01-23 11:33:00,2026-01-23 11:49:00,Cold Coffee,Caramel Cold Coffee - Regular,MENU0048,Beverage,Menu Item,285.0,1.0,285.0,5.54,Bill Discount,Synthetic promotion,279.46,13.97,0,0,0,0,293.43,,,,,
Delhi,ABNAH Cafe Saket Premium,,BILL-OUT003-260123-0032,32,Delivery/Takeaway,,2026-01-23 08:30:00,2026-01-23 09:08:00,Cold Coffee,Caramel Cold Coffee - Medium,MENU0049,Beverage,Menu Item,322.69,1.0,322.69,0.0,,,322.69,16.13,0,0,0,0,338.82,,,,,
Delhi,ABNAH Cafe Saket Premium,,BILL-OUT003-260123-0033,33,Delivery/Takeaway,,2026-01-23 11:46:00,2026-01-23 12:14:00,Cold Coffee,Caramel Cold Coffee - Large,MENU0050,Beverage,Menu Item,359.88,2.0,719.76,0.0,,,719.76,35.99,0,0,0,0,755.75,,,,,
Delhi,ABNAH Cafe Saket Premium,,BILL-OUT003-260123-0034,34,Delivery/Takeaway,,2026-01-23 15:37:00,2026-01-23 16:18:00,Tea,Masala Chai Latte - Regular,MENU0051,Beverage,Menu Item,195.0,1.0,195.0,1.83,Bill Discount,Synthetic promotion,193.17,9.66,0,0,0,0,202.83,,,,,
Delhi,ABNAH Cafe Saket Premium,,BILL-OUT003-260123-0035,35,Dine In,T06,2026-01-23 10:54:00,2026-01-23 11:22:00,Tea,Masala Chai Latte - Medium,MENU0052,Beverage,Menu Item,220.0,1.0,220.0,0.49,Bill Discount,Synthetic promotion,219.51,10.98,0,0,0,0,230.49,,,,,
Delhi,ABNAH Cafe Saket Premium,,BILL-OUT003-260123-0036,36,Delivery/Takeaway,,2026-01-23 11:30:00,2026-01-23 11:58:00,Tea,Masala Chai Latte - Large,MENU0053,Beverage,Menu Item,245.0,2.0,490.0,8.19,Bill Discount,Synthetic promotion,481.81,24.09,0,0,0,0,505.9,,,,,
Delhi,ABNAH Cafe Saket Premium,,BILL-OUT003-260123-0037,37,Delivery/Takeaway,,2026-01-23 16:36:00,2026-01-23 17:07:00,Tea,Himalayan Green Tea,MENU0054,Beverage,Menu Item,210.0,1.0,210.0,8.48,Bill Discount,Synthetic promotion,201.52,10.08,0,0,0,0,211.6,,,,,
Delhi,ABNAH Cafe Saket Premium,,BILL-OUT003-260123-0038,38,Delivery/Takeaway,,2026-01-23 12:35:00,2026-01-23 12:52:00,Tea,Japanese Matcha Latte - Medium,MENU0056,Beverage,Menu Item,295.0,2.0,590.0,20.23,Bill Discount,Synthetic promotion,569.77,28.49,0,0,0,0,598.26,,,,,
Delhi,ABNAH Cafe Saket Premium,,BILL-OUT003-260123-0039,39,Dine In,T05,2026-01-23 14:30:00,2026-01-23 14:41:00,Iced Tea,Lemon Iced Tea - Regular,MENU0058,Beverage,Menu Item,208.24,2.0,416.48,0.0,,,416.48,20.82,0,0,0,0,437.3,,,,,
Delhi,ABNAH Cafe Saket Premium,,BILL-OUT003-260123-0040,40,Delivery/Takeaway,,2026-01-23 17:13:00,2026-01-23 17:25:00,Iced Tea,Hibiscus Lime Iced Tea - Medium,MENU0062,Beverage,Menu Item,250.0,2.0,500.0,0.32,Bill Discount,Synthetic promotion,499.68,24.98,0,0,0,0,524.66,,,,,
Delhi,ABNAH Cafe Saket Premium,,BILL-OUT003-260123-0041,41,Delivery/Takeaway,,2026-01-23 17:04:00,2026-01-23 17:36:00,Shake,Choco Chip Shake - Regular,MENU0068,Beverage,Menu Item,295.0,2.0,590.0,10.65,Bill Discount,Synthetic promotion,579.35,28.97,0,0,0,0,608.32,,,,,
Delhi,ABNAH Cafe Saket Premium,,BILL-OUT003-260123-0042,42,Delivery/Takeaway,,2026-01-23 19:02:00,2026-01-23 19:47:00,Shake,Mixed Berry Shake - Medium,MENU0072,Beverage,Menu Item,350.0,2.0,700.0,25.91,Bill Discount,Synthetic promotion,674.09,33.7,0,0,0,0,707.79,,,,,
Delhi,ABNAH Cafe Saket Premium,,BILL-OUT003-260123-0043,43,Delivery/Takeaway,,2026-01-23 16:19:00,2026-01-23 16:56:00,Shake,Mixed Berry Shake - Large,MENU0073,Beverage,Menu Item,387.14,1.0,387.14,0.0,,,387.14,19.36,0,0,0,0,406.5,,,,,
Delhi,ABNAH Cafe Saket Premium,,BILL-OUT003-260123-0044,44,Delivery/Takeaway,,2026-01-23 08:16:00,2026-01-23 08:35:00,Smoothie,Seasonal Smoothie - Medium,MENU0075,Beverage,Menu Item,340.0,2.0,680.0,2.88,Bill Discount,Synthetic promotion,677.12,33.86,0,0,0,0,710.98,,,,,
Delhi,ABNAH Cafe Saket Premium,,BILL-OUT003-260123-0045,45,Delivery/Takeaway,,2026-01-23 19:58:00,2026-01-23 20:37:00,Sandwiches,Smoked Chipotle Paneer Sandwich,MENU0079,Food,Menu Item,295.0,1.0,295.0,8.05,Bill Discount,Synthetic promotion,286.95,14.35,0,0,0,0,301.3,,,,,
Delhi,ABNAH Cafe Saket Premium,,BILL-OUT003-260123-0046,46,Delivery/Takeaway,,2026-01-23 18:59:00,2026-01-23 19:22:00,Sandwiches,Pesto Veg Sandwich,MENU0080,Food,Menu Item,280.0,2.0,560.0,18.78,Bill Discount,Synthetic promotion,541.22,27.06,0,0,0,0,568.28,,,,,
Delhi,ABNAH Cafe Saket Premium,,BILL-OUT003-260123-0047,47,Dine In,T22,2026-01-23 13:58:00,2026-01-23 14:42:00,Sandwiches,Tandoori Chicken Sandwich,MENU0082,Food,Menu Item,320.0,1.0,320.0,1.67,Bill Discount,Synthetic promotion,318.33,15.92,0,0,0,0,334.25,,,,,
Delhi,ABNAH Cafe Saket Premium,,BILL-OUT003-260123-0048,48,Delivery/Takeaway,,2026-01-23 08:44:00,2026-01-23 09:03:00,Snacks,Pesto Sundried Tomato Pin Wheel,MENU0091,Food,Menu Item,225.0,2.0,450.0,25.74,Bill Discount,Synthetic promotion,424.26,21.21,0,0,0,0,445.47,,,,,
Delhi,ABNAH Cafe Saket Premium,,BILL-OUT003-260123-0049,49,Delivery/Takeaway,,2026-01-23 11:49:00,2026-01-23 12:24:00,Snacks,Turnover with Brioche Dough Veg,MENU0093,Food,Menu Item,239.26,2.0,478.52,0.0,,,478.52,23.93,0,0,0,0,502.45,,,,,
Delhi,ABNAH Cafe Saket Premium,,BILL-OUT003-260123-0050,50,Delivery/Takeaway,,2026-01-23 16:46:00,2026-01-23 17:04:00,Baked Goods,Butter Croissant,MENU0094,Food,Menu Item,195.0,3.0,585.0,26.8,Bill Discount,Synthetic promotion,558.2,27.91,0,0,0,0,586.11,,,,,
Delhi,ABNAH Cafe Saket Premium,,BILL-OUT003-260123-0051,51,Dine In,T18,2026-01-23 10:50:00,2026-01-23 11:23:00,Baked Goods,Almond Croissant,MENU0095,Food,Menu Item,245.0,1.0,245.0,0.14,Bill Discount,Synthetic promotion,244.86,12.24,0,0,0,0,257.1,,,,,
Delhi,ABNAH Cafe Saket Premium,,BILL-OUT003-260123-0052,52,Delivery/Takeaway,,2026-01-23 16:07:00,2026-01-23 16:25:00,Desserts,Double Chocolate Truffle Cake,MENU0102,Dessert,Menu Item,295.0,1.0,295.0,9.3,Bill Discount,Synthetic promotion,285.7,14.29,0,0,0,0,299.99,,,,,
Delhi,ABNAH Cafe Saket Premium,,BILL-OUT003-260123-0053,53,Dine In,T07,2026-01-23 11:50:00,2026-01-23 12:21:00,Desserts,Soft-Centred Caramel Cookie,MENU0105,Dessert,Menu Item,180.0,1.0,180.0,5.58,Bill Discount,Synthetic promotion,174.42,8.72,0,0,0,0,183.14,,,,,
Delhi,ABNAH Cafe Saket Premium,,BILL-OUT003-260123-0054,54,Dine In,T18,2026-01-23 17:05:00,2026-01-23 17:29:00,Desserts,Death by Chocolate Cookie,MENU0106,Dessert,Menu Item,190.0,1.0,190.0,6.88,Bill Discount,Synthetic promotion,183.12,9.16,0,0,0,0,192.28,,,,,
Delhi,ABNAH Cafe Saket Premium,,BILL-OUT003-260123-0055,55,Delivery/Takeaway,,2026-01-23 13:38:00,2026-01-23 14:15:00,Desserts,Apple Pie,MENU0108,Dessert,Menu Item,274.18,1.0,274.18,0.0,,,274.18,13.71,0,0,0,0,287.89,,,,,
Delhi,ABNAH Cafe Saket Premium,,BILL-OUT003-260123-0056,56,Dine In,T03,2026-01-23 15:36:00,2026-01-23 16:20:00,Desserts,Basque Cheesecake,MENU0109,Dessert,Menu Item,310.0,1.0,310.0,3.3,Bill Discount,Synthetic promotion,306.7,15.34,0,0,0,0,322.04,,,,,
Delhi,ABNAH Cafe Saket Premium,,BILL-OUT003-260123-0057,57,Delivery/Takeaway,,2026-01-23 14:48:00,2026-01-23 15:16:00,Baked Goods,Multigrain Walnut Tea Cake,MENU0110,Dessert,Menu Item,225.0,2.0,450.0,21.43,Bill Discount,Synthetic promotion,428.57,21.43,0,0,0,0,450.0,,,,,
Delhi,ABNAH Cafe Saket Premium,,BILL-OUT003-260124-0001,1,Dine In,T23,2026-01-24 08:48:00,2026-01-24 09:35:00,Coffee Classics,Americano - Regular,MENU0003,Beverage,Menu Item,188.4,1.0,188.4,0.0,,,188.4,9.42,0,0,0,0,197.82,,,,,
Delhi,ABNAH Cafe Saket Premium,,BILL-OUT003-260124-0002,2,Delivery/Takeaway,,2026-01-24 14:52:00,2026-01-24 15:13:00,Coffee Classics,Americano - Medium,MENU0004,Beverage,Menu Item,211.02,5.0,1055.1,0.0,,,1055.11,52.76,0,0,0,0,1107.87,,,,,
Delhi,ABNAH Cafe Saket Premium,,BILL-OUT003-260124-0003,3,Dine In,T23,2026-01-24 16:32:00,2026-01-24 16:50:00,Coffee Classics,Americano - Large,MENU0005,Beverage,Menu Item,235.0,1.0,235.0,2.53,Bill Discount,Synthetic promotion,232.47,11.62,0,0,0,0,244.09,,,,,
Delhi,ABNAH Cafe Saket Premium,,BILL-OUT003-260124-0004,4,Dine In,T18,2026-01-24 17:28:00,2026-01-24 17:39:00,Coffee Classics,Latte - Regular,MENU0006,Beverage,Menu Item,225.0,3.0,675.0,4.85,Bill Discount,Synthetic promotion,670.15,33.51,0,0,0,0,703.66,,,,,
Delhi,ABNAH Cafe Saket Premium,,BILL-OUT003-260124-0005,5,Dine In,T08,2026-01-24 15:36:00,2026-01-24 15:46:00,Coffee Classics,Latte - Medium,MENU0007,Beverage,Menu Item,250.0,1.0,250.0,3.15,Bill Discount,Synthetic promotion,246.85,12.34,0,0,0,0,259.19,,,,,
Delhi,ABNAH Cafe Saket Premium,,BILL-OUT003-260124-0006,6,Delivery/Takeaway,,2026-01-24 18:16:00,2026-01-24 19:01:00,Coffee Classics,Cappuccino - Regular,MENU0009,Beverage,Menu Item,226.07,1.0,226.07,0.0,,,226.07,11.3,0,0,0,0,237.37,,,,,
Delhi,ABNAH Cafe Saket Premium,,BILL-OUT003-260124-0007,7,Dine In,T21,2026-01-24 14:49:00,2026-01-24 15:26:00,Coffee Classics,Cappuccino - Medium,MENU0010,Beverage,Menu Item,250.0,1.0,250.0,14.72,Bill Discount,Synthetic promotion,235.28,11.76,0,0,0,0,247.04,,,,,
Delhi,ABNAH Cafe Saket Premium,,BILL-OUT003-260124-0008,8,Dine In,T23,2026-01-24 18:58:00,2026-01-24 19:39:00,Coffee Classics,Flat White - Regular,MENU0012,Beverage,Menu Item,238.28,1.0,238.28,0.0,,,238.28,11.91,0,0,0,0,250.19,,,,,
Delhi,ABNAH Cafe Saket Premium,,BILL-OUT003-260124-0009,9,Delivery/Takeaway,,2026-01-24 19:53:00,2026-01-24 20:39:00,Coffee Classics,Flat White - Medium,MENU0013,Beverage,Menu Item,260.0,5.0,1300.0,2.9,Bill Discount,Synthetic promotion,1297.1,64.86,0,0,0,0,1361.96,,,,,
Delhi,ABNAH Cafe Saket Premium,,BILL-OUT003-260124-0010,10,Dine In,T13,2026-01-24 13:28:00,2026-01-24 13:45:00,Coffee Classics,Mocha - Regular,MENU0015,Beverage,Menu Item,245.0,2.0,490.0,4.25,Bill Discount,Synthetic promotion,485.75,24.29,0,0,0,0,510.04,,,,,
Delhi,ABNAH Cafe Saket Premium,,BILL-OUT003-260124-0011,11,Dine In,T05,2026-01-24 12:43:00,2026-01-24 12:59:00,Coffee Classics,Mocha - Medium,MENU0016,Beverage,Menu Item,270.0,2.0,540.0,4.64,Bill Discount,Synthetic promotion,535.36,26.77,0,0,0,0,562.13,,,,,
Delhi,ABNAH Cafe Saket Premium,,BILL-OUT003-260124-0012,12,Dine In,T09,2026-01-24 19:27:00,2026-01-24 19:50:00,Coffee Classics,Mocha - Large,MENU0017,Beverage,Menu Item,300.7,2.0,601.4,0.0,,,601.41,30.07,0,0,0,0,631.48,,,,,
Delhi,ABNAH Cafe Saket Premium,,BILL-OUT003-260124-0013,13,Delivery/Takeaway,,2026-01-24 18:13:00,2026-01-24 18:36:00,Signature Coffee,Sea Salt Mocha - Regular,MENU0018,Beverage,Menu Item,276.94,1.0,276.94,0.0,,,276.94,13.85,0,0,0,0,290.79,,,,,
Delhi,ABNAH Cafe Saket Premium,,BILL-OUT003-260124-0014,14,Delivery/Takeaway,,2026-01-24 17:03:00,2026-01-24 17:25:00,Signature Coffee,Sea Salt Mocha - Medium,MENU0019,Beverage,Menu Item,305.0,2.0,610.0,7.86,Bill Discount,Synthetic promotion,602.14,30.11,0,0,0,0,632.25,,,,,
Delhi,ABNAH Cafe Saket Premium,,BILL-OUT003-260124-0015,15,Dine In,T09,2026-01-24 14:06:00,2026-01-24 14:34:00,Signature Coffee,Sea Salt Mocha - Large,MENU0020,Beverage,Menu Item,335.0,2.0,670.0,24.59,Bill Discount,Synthetic promotion,645.41,32.27,0,0,0,0,677.68,,,,,
Delhi,ABNAH Cafe Saket Premium,,BILL-OUT003-260124-0016,16,Dine In,T06,2026-01-24 17:45:00,2026-01-24 18:21:00,Signature Coffee,Orange Zest Mocha - Regular,MENU0021,Beverage,Menu Item,270.0,1.0,270.0,12.86,Bill Discount,Synthetic promotion,257.14,12.86,0,0,0,0,270.0,,,,,
Delhi,ABNAH Cafe Saket Premium,,BILL-OUT003-260124-0017,17,Dine In,T23,2026-01-24 11:03:00,2026-01-24 11:37:00,Signature Coffee,Orange Zest Mocha - Medium,MENU0022,Beverage,Menu Item,300.0,1.0,300.0,5.91,Bill Discount,Synthetic promotion,294.09,14.7,0,0,0,0,308.79,,,,,
Delhi,ABNAH Cafe Saket Premium,,BILL-OUT003-260124-0018,18,Dine In,T02,2026-01-24 13:44:00,2026-01-24 14:00:00,Signature Coffee,Orange Zest Mocha - Large,MENU0023,Beverage,Menu Item,330.0,1.0,330.0,6.93,Bill Discount,Synthetic promotion,323.07,16.15,0,0,0,0,339.22,,,,,
Delhi,ABNAH Cafe Saket Premium,,BILL-OUT003-260124-0019,19,Delivery/Takeaway,,2026-01-24 08:25:00,2026-01-24 08:40:00,Signature Coffee,Caramel Macchiato - Regular,MENU0024,Beverage,Menu Item,265.0,2.0,530.0,6.62,Bill Discount,Synthetic promotion,523.38,26.17,0,0,0,0,549.55,,,,,
Delhi,ABNAH Cafe Saket Premium,,BILL-OUT003-260124-0020,20,Delivery/Takeaway,,2026-01-24 09:55:00,2026-01-24 10:39:00,Signature Coffee,Caramel Macchiato - Medium,MENU0025,Beverage,Menu Item,295.0,1.0,295.0,16.81,Bill Discount,Synthetic promotion,278.19,13.91,0,0,0,0,292.1,,,,,
Delhi,ABNAH Cafe Saket Premium,,BILL-OUT003-260124-0021,21,Dine In,T06,2026-01-24 13:29:00,2026-01-24 14:11:00,Signature Coffee,Caramel Macchiato - Large,MENU0026,Beverage,Menu Item,325.0,1.0,325.0,17.61,Bill Discount,Synthetic promotion,307.39,15.37,0,0,0,0,322.76,,,,,
Delhi,ABNAH Cafe Saket Premium,,BILL-OUT003-260124-0022,22,Dine In,T02,2026-01-24 09:39:00,2026-01-24 09:53:00,Signature Coffee,French Vanilla Latte - Medium,MENU0028,Beverage,Menu Item,295.0,3.0,885.0,38.38,Bill Discount,Synthetic promotion,846.62,42.33,0,0,0,0,888.95,,,,,
Delhi,ABNAH Cafe Saket Premium,,BILL-OUT003-260124-0023,23,Delivery/Takeaway,,2026-01-24 14:09:00,2026-01-24 14:47:00,Signature Coffee,Vegan Iced Latte - Regular,MENU0030,Beverage,Menu Item,285.0,1.0,285.0,4.56,Bill Discount,Synthetic promotion,280.44,14.02,0,0,0,0,294.46,,,,,
Delhi,ABNAH Cafe Saket Premium,,BILL-OUT003-260124-0024,24,Dine In,T02,2026-01-24 15:59:00,2026-01-24 16:09:00,Signature Coffee,Vegan Iced Latte - Large,MENU0032,Beverage,Menu Item,335.0,2.0,670.0,26.64,Bill Discount,Synthetic promotion,643.36,32.17,0,0,0,0,675.53,,,,,
Delhi,ABNAH Cafe Saket Premium,,BILL-OUT003-260124-0025,25,Dine In,T05,2026-01-24 19:59:00,2026-01-24 20:35:00,Cold Brew,Classic Cold Brew - Regular,MENU0033,Beverage,Menu Item,225.0,2.0,450.0,26.09,Bill Discount,Synthetic promotion,423.91,21.2,0,0,0,0,445.11,,,,,
Delhi,ABNAH Cafe Saket Premium,,BILL-OUT003-260124-0026,26,Dine In,T03,2026-01-24 19:27:00,2026-01-24 19:57:00,Cold Brew,Classic Cold Brew - Large,MENU0035,Beverage,Menu Item,275.0,1.0,275.0,3.64,Bill Discount,Synthetic promotion,271.36,13.57,0,0,0,0,284.93,,,,,
Delhi,ABNAH Cafe Saket Premium,,BILL-OUT003-260124-0027,27,Delivery/Takeaway,,2026-01-24 16:57:00,2026-01-24 17:12:00,Cold Brew,Coffee Lemonade - Medium,MENU0037,Beverage,Menu Item,260.0,2.0,520.0,15.05,Bill Discount,Synthetic promotion,504.95,25.25,0,0,0,0,530.2,,,,,
Delhi,ABNAH Cafe Saket Premium,,BILL-OUT003-260124-0028,28,Delivery/Takeaway,,2026-01-24 09:11:00,2026-01-24 09:46:00,Cold Brew,Coffee Lemonade - Large,MENU0038,Beverage,Menu Item,285.0,1.0,285.0,8.93,Bill Discount,Synthetic promotion,276.07,13.8,0,0,0,0,289.87,,,,,
Delhi,ABNAH Cafe Saket Premium,,BILL-OUT003-260124-0029,29,Delivery/Takeaway,,2026-01-24 11:31:00,2026-01-24 12:18:00,Cold Brew,Vietnamese Shakerato - Regular,MENU0039,Beverage,Menu Item,258.22,1.0,258.22,0.0,,,258.22,12.91,0,0,0,0,271.13,,,,,
Delhi,ABNAH Cafe Saket Premium,,BILL-OUT003-260124-0030,30,Delivery/Takeaway,,2026-01-24 13:24:00,2026-01-24 13:51:00,Cold Brew,Vietnamese Shakerato - Large,MENU0041,Beverage,Menu Item,308.8,2.0,617.6,0.01,Bill Discount,Synthetic promotion,617.59,30.88,0,0,0,0,648.47,,,,,
Delhi,ABNAH Cafe Saket Premium,,BILL-OUT003-260124-0031,31,Dine In,T11,2026-01-24 15:27:00,2026-01-24 16:04:00,Cold Coffee,Classic Cold Coffee - Regular,MENU0042,Beverage,Menu Item,255.0,1.0,255.0,1.66,Bill Discount,Synthetic promotion,253.34,12.67,0,0,0,0,266.01,,,,,
Delhi,ABNAH Cafe Saket Premium,,BILL-OUT003-260124-0032,32,Delivery/Takeaway,,2026-01-24 16:26:00,2026-01-24 16:56:00,Cold Coffee,Classic Cold Coffee - Medium,MENU0043,Beverage,Menu Item,290.0,2.0,580.0,3.71,Bill Discount,Synthetic promotion,576.29,28.81,0,0,0,0,605.1,,,,,
Delhi,ABNAH Cafe Saket Premium,,BILL-OUT003-260124-0033,33,Dine In,T08,2026-01-24 18:33:00,2026-01-24 19:21:00,Cold Coffee,Classic Cold Coffee - Large,MENU0044,Beverage,Menu Item,325.0,1.0,325.0,8.81,Bill Discount,Synthetic promotion,316.19,15.81,0,0,0,0,332.0,,,,,
Delhi,ABNAH Cafe Saket Premium,,BILL-OUT003-260124-0034,34,Dine In,T14,2026-01-24 12:37:00,2026-01-24 13:15:00,Cold Coffee,Mocha Cold Coffee - Regular,MENU0045,Beverage,Menu Item,285.0,1.0,285.0,1.68,Bill Discount,Synthetic promotion,283.32,14.17,0,0,0,0,297.49,,,,,
Delhi,ABNAH Cafe Saket Premium,,BILL-OUT003-260124-0035,35,Delivery/Takeaway,,2026-01-24 11:18:00,2026-01-24 11:50:00,Cold Coffee,Mocha Cold Coffee - Medium,MENU0046,Beverage,Menu Item,320.0,4.0,1280.0,9.7,Bill Discount,Synthetic promotion,1270.3,63.52,0,0,0,0,1333.82,,,,,
Delhi,ABNAH Cafe Saket Premium,,BILL-OUT003-260124-0036,36,Dine In,T03,2026-01-24 17:35:00,2026-01-24 18:16:00,Cold Coffee,Caramel Cold Coffee - Regular,MENU0048,Beverage,Menu Item,285.0,1.0,285.0,12.11,Bill Discount,Synthetic promotion,272.89,13.64,0,0,0,0,286.53,,,,,
Delhi,ABNAH Cafe Saket Premium,,BILL-OUT003-260124-0037,37,Delivery/Takeaway,,2026-01-24 15:56:00,2026-01-24 16:08:00,Cold Coffee,Caramel Cold Coffee - Medium,MENU0049,Beverage,Menu Item,320.0,3.0,960.0,8.04,Bill Discount,Synthetic promotion,951.96,47.6,0,0,0,0,999.56,,,,,
Delhi,ABNAH Cafe Saket Premium,,BILL-OUT003-260124-0038,38,Delivery/Takeaway,,2026-01-24 16:10:00,2026-01-24 16:28:00,Tea,Masala Chai Latte - Medium,MENU0052,Beverage,Menu Item,224.28,2.0,448.56,0.01,Bill Discount,Synthetic promotion,448.55,22.43,0,0,0,0,470.98,,,,,
Delhi,ABNAH Cafe Saket Premium,,BILL-OUT003-260124-0039,39,Delivery/Takeaway,,2026-01-24 15:38:00,2026-01-24 16:12:00,Tea,Himalayan Green Tea,MENU0054,Beverage,Menu Item,210.0,1.0,210.0,4.98,Bill Discount,Synthetic promotion,205.02,10.25,0,0,0,0,215.27,,,,,
Delhi,ABNAH Cafe Saket Premium,,BILL-OUT003-260124-0040,40,Delivery/Takeaway,,2026-01-24 08:08:00,2026-01-24 08:31:00,Iced Tea,Lemon Iced Tea - Regular,MENU0058,Beverage,Menu Item,205.0,1.0,205.0,9.03,Bill Discount,Synthetic promotion,195.97,9.8,0,0,0,0,205.77,,,,,
Delhi,ABNAH Cafe Saket Premium,,BILL-OUT003-260124-0041,41,Dine In,T05,2026-01-24 18:08:00,2026-01-24 18:46:00,Iced Tea,Lemon Iced Tea - Large,MENU0060,Beverage,Menu Item,257.76,2.0,515.52,0.0,,,515.53,25.78,0,0,0,0,541.31,,,,,
Delhi,ABNAH Cafe Saket Premium,,BILL-OUT003-260124-0042,42,Delivery/Takeaway,,2026-01-24 11:10:00,2026-01-24 11:44:00,Iced Tea,Hibiscus Lime Iced Tea - Medium,MENU0062,Beverage,Menu Item,250.0,1.0,250.0,7.87,Bill Discount,Synthetic promotion,242.13,12.11,0,0,0,0,254.24,,,,,
Delhi,ABNAH Cafe Saket Premium,,BILL-OUT003-260124-0043,43,Delivery/Takeaway,,2026-01-24 08:28:00,2026-01-24 08:51:00,Iced Tea,Hibiscus Lime Iced Tea - Large,MENU0063,Beverage,Menu Item,275.0,1.0,275.0,11.47,Bill Discount,Synthetic promotion,263.53,13.18,0,0,0,0,276.71,,,,,
Delhi,ABNAH Cafe Saket Premium,,BILL-OUT003-260124-0044,44,Dine In,T06,2026-01-24 17:30:00,2026-01-24 18:11:00,Kids Beverage,Hot Chocolate - Medium,MENU0065,Beverage,Menu Item,245.0,1.0,245.0,9.1,Bill Discount,Synthetic promotion,235.9,11.79,0,0,0,0,247.69,,,,,
Delhi,ABNAH Cafe Saket Premium,,BILL-OUT003-260124-0045,45,Delivery/Takeaway,,2026-01-24 17:30:00,2026-01-24 17:38:00,Shake,Choco Chip Shake - Regular,MENU0068,Beverage,Menu Item,295.0,1.0,295.0,9.81,Bill Discount,Synthetic promotion,285.19,14.26,0,0,0,0,299.45,,,,,
Delhi,ABNAH Cafe Saket Premium,,BILL-OUT003-260124-0046,46,Delivery/Takeaway,,2026-01-24 16:08:00,2026-01-24 16:32:00,Shake,Choco Chip Shake - Medium,MENU0069,Beverage,Menu Item,330.0,2.0,660.0,1.05,Bill Discount,Synthetic promotion,658.95,32.95,0,0,0,0,691.9,,,,,
Delhi,ABNAH Cafe Saket Premium,,BILL-OUT003-260124-0047,47,Delivery/Takeaway,,2026-01-24 13:18:00,2026-01-24 13:36:00,Shake,Mixed Berry Shake - Medium,MENU0072,Beverage,Menu Item,350.0,2.0,700.0,5.9,Bill Discount,Synthetic promotion,694.1,34.7,0,0,0,0,728.8,,,,,
Delhi,ABNAH Cafe Saket Premium,,BILL-OUT003-260124-0048,48,Delivery/Takeaway,,2026-01-24 08:31:00,2026-01-24 08:53:00,Smoothie,Seasonal Smoothie - Medium,MENU0075,Beverage,Menu Item,340.0,2.0,680.0,36.67,Bill Discount,Synthetic promotion,643.33,32.17,0,0,0,0,675.5,,,,,
Delhi,ABNAH Cafe Saket Premium,,BILL-OUT003-260124-0049,49,Delivery/Takeaway,,2026-01-24 09:50:00,2026-01-24 10:21:00,Wraps,Spicy Paneer Wrap,MENU0077,Food,Menu Item,275.0,1.0,275.0,14.59,Bill Discount,Synthetic promotion,260.41,13.02,0,0,0,0,273.43,,,,,
Delhi,ABNAH Cafe Saket Premium,,BILL-OUT003-260124-0050,50,Delivery/Takeaway,,2026-01-24 08:33:00,2026-01-24 08:47:00,Wraps,Shredded Chicken Wrap,MENU0078,Food,Menu Item,295.0,3.0,885.0,10.94,Bill Discount,Synthetic promotion,874.06,43.7,0,0,0,0,917.76,,,,,
Delhi,ABNAH Cafe Saket Premium,,BILL-OUT003-260124-0051,51,Delivery/Takeaway,,2026-01-24 14:53:00,2026-01-24 15:08:00,Sandwiches,Smoked Chipotle Paneer Sandwich,MENU0079,Food,Menu Item,295.79,2.0,591.58,0.0,,,591.58,29.58,0,0,0,0,621.16,,,,,
Delhi,ABNAH Cafe Saket Premium,,BILL-OUT003-260124-0052,52,Delivery/Takeaway,,2026-01-24 15:39:00,2026-01-24 15:47:00,Sandwiches,Pesto Veg Sandwich,MENU0080,Food,Menu Item,280.0,3.0,840.0,41.56,Bill Discount,Synthetic promotion,798.44,39.92,0,0,0,0,838.36,,,,,
Delhi,ABNAH Cafe Saket Premium,,BILL-OUT003-260124-0053,53,Delivery/Takeaway,,2026-01-24 12:23:00,2026-01-24 12:45:00,Sandwiches,Pepper Chicken Sandwich,MENU0081,Food,Menu Item,317.36,1.0,317.36,0.0,,,317.36,15.87,0,0,0,0,333.23,,,,,
Delhi,ABNAH Cafe Saket Premium,,BILL-OUT003-260124-0054,54,Dine In,T04,2026-01-24 12:57:00,2026-01-24 13:37:00,Sandwiches,Tandoori Chicken Sandwich,MENU0082,Food,Menu Item,320.0,2.0,640.0,11.96,Bill Discount,Synthetic promotion,628.04,31.4,0,0,0,0,659.44,,,,,
Delhi,ABNAH Cafe Saket Premium,,BILL-OUT003-260124-0055,55,Delivery/Takeaway,,2026-01-24 17:28:00,2026-01-24 18:09:00,Breakfast,Breakfast Pancakes,MENU0086,Food,Menu Item,285.0,2.0,570.0,10.34,Bill Discount,Synthetic promotion,559.66,27.98,0,0,0,0,587.64,,,,,
Delhi,ABNAH Cafe Saket Premium,,BILL-OUT003-260124-0056,56,Delivery/Takeaway,,2026-01-24 11:50:00,2026-01-24 12:19:00,Breakfast,Cream Cheese Bagel,MENU0087,Food,Menu Item,251.01,2.0,502.02,0.0,,,502.02,25.1,0,0,0,0,527.12,,,,,
Delhi,ABNAH Cafe Saket Premium,,BILL-OUT003-260124-0057,57,Delivery/Takeaway,,2026-01-24 19:38:00,2026-01-24 20:17:00,Breakfast,Scallion Pepper Cream Cheese Bagel,MENU0088,Food,Menu Item,270.17,1.0,270.17,0.0,,,270.17,13.51,0,0,0,0,283.68,,,,,
Delhi,ABNAH Cafe Saket Premium,,BILL-OUT003-260124-0058,58,Dine In,T11,2026-01-24 10:27:00,2026-01-24 11:12:00,Snacks,Pesto Sundried Tomato Pin Wheel,MENU0091,Food,Menu Item,225.0,2.0,450.0,14.35,Bill Discount,Synthetic promotion,435.65,21.78,0,0,0,0,457.43,,,,,
Delhi,ABNAH Cafe Saket Premium,,BILL-OUT003-260124-0059,59,Dine In,T15,2026-01-24 11:36:00,2026-01-24 11:54:00,Baked Goods,Butter Croissant,MENU0094,Food,Menu Item,195.0,1.0,195.0,3.02,Bill Discount,Synthetic promotion,191.98,9.6,0,0,0,0,201.58,,,,,
Delhi,ABNAH Cafe Saket Premium,,BILL-OUT003-260124-0060,60,Delivery/Takeaway,,2026-01-24 17:13:00,2026-01-24 17:52:00,Baked Goods,Almond Croissant,MENU0095,Food,Menu Item,245.1,1.0,245.1,0.0,,,245.1,12.26,0,0,0,0,257.36,,,,,
Delhi,ABNAH Cafe Saket Premium,,BILL-OUT003-260124-0061,61,Delivery/Takeaway,,2026-01-24 11:30:00,2026-01-24 12:19:00,Baked Goods,Chocolate Croissant,MENU0096,Food,Menu Item,235.0,2.0,470.0,14.66,Bill Discount,Synthetic promotion,455.34,22.77,0,0,0,0,478.11,,,,,
Delhi,ABNAH Cafe Saket Premium,,BILL-OUT003-260124-0062,62,Delivery/Takeaway,,2026-01-24 17:28:00,2026-01-24 18:02:00,Baked Goods,Mushroom Cheese Croissant,MENU0097,Food,Menu Item,255.0,1.0,255.0,15.04,Bill Discount,Synthetic promotion,239.96,12.0,0,0,0,0,251.96,,,,,
Delhi,ABNAH Cafe Saket Premium,,BILL-OUT003-260124-0063,63,Dine In,T11,2026-01-24 10:33:00,2026-01-24 10:52:00,Baked Goods,Sriracha Chicken Croissant,MENU0098,Food,Menu Item,275.0,2.0,550.0,15.75,Bill Discount,Synthetic promotion,534.25,26.71,0,0,0,0,560.96,,,,,
Delhi,ABNAH Cafe Saket Premium,,BILL-OUT003-260124-0064,64,Dine In,T05,2026-01-24 18:57:00,2026-01-24 19:13:00,Baked Goods,Cinnamon Roll with Cream Cheese,MENU0099,Dessert,Menu Item,220.0,1.0,220.0,6.07,Bill Discount,Synthetic promotion,213.93,10.7,0,0,0,0,224.63,,,,,
Delhi,ABNAH Cafe Saket Premium,,BILL-OUT003-260124-0065,65,Dine In,T17,2026-01-24 19:28:00,2026-01-24 20:02:00,Baked Goods,Banana Walnut Tea Cake,MENU0100,Dessert,Menu Item,208.15,1.0,208.15,0.0,,,208.15,10.41,0,0,0,0,218.56,,,,,
Delhi,ABNAH Cafe Saket Premium,,BILL-OUT003-260124-0066,66,Delivery/Takeaway,,2026-01-24 15:32:00,2026-01-24 15:51:00,Desserts,Double Chocolate Truffle Cake,MENU0102,Dessert,Menu Item,300.74,3.0,902.22,0.0,,,902.23,45.11,0,0,0,0,947.34,,,,,
Delhi,ABNAH Cafe Saket Premium,,BILL-OUT003-260124-0067,67,Delivery/Takeaway,,2026-01-24 09:27:00,2026-01-24 10:03:00,Desserts,Classic Chocolate Fudge Brownie,MENU0104,Dessert,Menu Item,195.0,4.0,780.0,45.73,Bill Discount,Synthetic promotion,734.27,36.71,0,0,0,0,770.98,,,,,
Delhi,ABNAH Cafe Saket Premium,,BILL-OUT003-260124-0068,68,Delivery/Takeaway,,2026-01-24 15:38:00,2026-01-24 16:03:00,Desserts,Death by Chocolate Cookie,MENU0106,Dessert,Menu Item,190.0,2.0,380.0,20.99,Bill Discount,Synthetic promotion,359.01,17.95,0,0,0,0,376.96,,,,,
Delhi,ABNAH Cafe Saket Premium,,BILL-OUT003-260124-0069,69,Delivery/Takeaway,,2026-01-24 17:49:00,2026-01-24 18:00:00,Desserts,Apple Pie,MENU0108,Dessert,Menu Item,270.0,1.0,270.0,7.47,Bill Discount,Synthetic promotion,262.53,13.13,0,0,0,0,275.66,,,,,
Delhi,ABNAH Cafe Saket Premium,,BILL-OUT003-260124-0070,70,Delivery/Takeaway,,2026-01-24 14:19:00,2026-01-24 14:29:00,Desserts,Basque Cheesecake,MENU0109,Dessert,Menu Item,310.0,4.0,1240.0,18.5,Bill Discount,Synthetic promotion,1221.5,61.08,0,0,0,0,1282.58,,,,,
Delhi,ABNAH Cafe Saket Premium,,BILL-OUT003-260125-0001,1,Delivery/Takeaway,,2026-01-25 10:03:00,2026-01-25 10:49:00,Coffee Classics,Americano - Regular,MENU0003,Beverage,Menu Item,185.0,2.0,370.0,3.7,Bill Discount,Synthetic promotion,366.3,18.32,0,0,0,0,384.62,,,,,
Delhi,ABNAH Cafe Saket Premium,,BILL-OUT003-260125-0002,2,Delivery/Takeaway,,2026-01-25 18:42:00,2026-01-25 19:02:00,Coffee Classics,Americano - Medium,MENU0004,Beverage,Menu Item,210.0,2.0,420.0,3.25,Bill Discount,Synthetic promotion,416.75,20.84,0,0,0,0,437.59,,,,,
Delhi,ABNAH Cafe Saket Premium,,BILL-OUT003-260125-0003,3,Delivery/Takeaway,,2026-01-25 14:32:00,2026-01-25 14:51:00,Coffee Classics,Americano - Large,MENU0005,Beverage,Menu Item,235.0,2.0,470.0,24.78,Bill Discount,Synthetic promotion,445.22,22.26,0,0,0,0,467.48,,,,,
Delhi,ABNAH Cafe Saket Premium,,BILL-OUT003-260125-0004,4,Delivery/Takeaway,,2026-01-25 11:46:00,2026-01-25 12:12:00,Coffee Classics,Latte - Medium,MENU0007,Beverage,Menu Item,250.0,2.0,500.0,18.64,Bill Discount,Synthetic promotion,481.36,24.07,0,0,0,0,505.43,,,,,
Delhi,ABNAH Cafe Saket Premium,,BILL-OUT003-260125-0005,5,Delivery/Takeaway,,2026-01-25 15:55:00,2026-01-25 16:05:00,Coffee Classics,Cappuccino - Regular,MENU0009,Beverage,Menu Item,225.0,4.0,900.0,4.41,Bill Discount,Synthetic promotion,895.59,44.78,0,0,0,0,940.37,,,,,
Delhi,ABNAH Cafe Saket Premium,,BILL-OUT003-260125-0006,6,Delivery/Takeaway,,2026-01-25 14:50:00,2026-01-25 15:11:00,Coffee Classics,Cappuccino - Medium,MENU0010,Beverage,Menu Item,253.25,1.0,253.25,0.0,,,253.25,12.66,0,0,0,0,265.91,,,,,
Delhi,ABNAH Cafe Saket Premium,,BILL-OUT003-260125-0007,7,Delivery/Takeaway,,2026-01-25 10:53:00,2026-01-25 11:06:00,Coffee Classics,Flat White - Regular,MENU0012,Beverage,Menu Item,235.0,2.0,470.0,5.14,Bill Discount,Synthetic promotion,464.86,23.24,0,0,0,0,488.1,,,,,
Delhi,ABNAH Cafe Saket Premium,,BILL-OUT003-260125-0008,8,Delivery/Takeaway,,2026-01-25 11:56:00,2026-01-25 12:21:00,Coffee Classics,Mocha - Regular,MENU0015,Beverage,Menu Item,249.06,2.0,498.12,0.0,,,498.13,24.91,0,0,0,0,523.04,,,,,
Delhi,ABNAH Cafe Saket Premium,,BILL-OUT003-260125-0009,9,Dine In,T16,2026-01-25 08:12:00,2026-01-25 08:55:00,Coffee Classics,Mocha - Medium,MENU0016,Beverage,Menu Item,270.0,2.0,540.0,19.68,Bill Discount,Synthetic promotion,520.32,26.02,0,0,0,0,546.34,,,,,
Delhi,ABNAH Cafe Saket Premium,,BILL-OUT003-260125-0010,10,Dine In,T23,2026-01-25 11:50:00,2026-01-25 12:07:00,Signature Coffee,Sea Salt Mocha - Medium,MENU0019,Beverage,Menu Item,305.0,3.0,915.0,12.44,Bill Discount,Synthetic promotion,902.56,45.13,0,0,0,0,947.69,,,,,
Delhi,ABNAH Cafe Saket Premium,,BILL-OUT003-260125-0011,11,Delivery/Takeaway,,2026-01-25 18:14:00,2026-01-25 19:02:00,Signature Coffee,Sea Salt Mocha - Large,MENU0020,Beverage,Menu Item,335.0,2.0,670.0,25.08,Bill Discount,Synthetic promotion,644.92,32.25,0,0,0,0,677.17,,,,,
Delhi,ABNAH Cafe Saket Premium,,BILL-OUT003-260125-0012,12,Delivery/Takeaway,,2026-01-25 18:32:00,2026-01-25 19:00:00,Signature Coffee,Orange Zest Mocha - Medium,MENU0022,Beverage,Menu Item,300.0,2.0,600.0,23.54,Bill Discount,Synthetic promotion,576.46,28.82,0,0,0,0,605.28,,,,,
Delhi,ABNAH Cafe Saket Premium,,BILL-OUT003-260125-0013,13,Delivery/Takeaway,,2026-01-25 18:59:00,2026-01-25 19:32:00,Signature Coffee,Orange Zest Mocha - Large,MENU0023,Beverage,Menu Item,330.0,1.0,330.0,12.7,Bill Discount,Synthetic promotion,317.3,15.87,0,0,0,0,333.17,,,,,
Delhi,ABNAH Cafe Saket Premium,,BILL-OUT003-260125-0014,14,Delivery/Takeaway,,2026-01-25 15:37:00,2026-01-25 16:04:00,Signature Coffee,Caramel Macchiato - Regular,MENU0024,Beverage,Menu Item,265.0,1.0,265.0,2.13,Bill Discount,Synthetic promotion,262.87,13.14,0,0,0,0,276.01,,,,,
Delhi,ABNAH Cafe Saket Premium,,BILL-OUT003-260125-0015,15,Delivery/Takeaway,,2026-01-25 11:06:00,2026-01-25 11:51:00,Signature Coffee,French Vanilla Latte - Medium,MENU0028,Beverage,Menu Item,295.0,2.0,590.0,27.91,Bill Discount,Synthetic promotion,562.09,28.1,0,0,0,0,590.19,,,,,
Delhi,ABNAH Cafe Saket Premium,,BILL-OUT003-260125-0016,16,Delivery/Takeaway,,2026-01-25 08:10:00,2026-01-25 08:38:00,Signature Coffee,French Vanilla Latte - Large,MENU0029,Beverage,Menu Item,326.17,1.0,326.17,0.0,,,326.17,16.31,0,0,0,0,342.48,,,,,
Delhi,ABNAH Cafe Saket Premium,,BILL-OUT003-260125-0017,17,Delivery/Takeaway,,2026-01-25 10:35:00,2026-01-25 11:18:00,Signature Coffee,Vegan Iced Latte - Regular,MENU0030,Beverage,Menu Item,285.0,3.0,855.0,39.44,Bill Discount,Synthetic promotion,815.56,40.78,0,0,0,0,856.34,,,,,
Delhi,ABNAH Cafe Saket Premium,,BILL-OUT003-260125-0018,18,Delivery/Takeaway,,2026-01-25 08:08:00,2026-01-25 08:33:00,Signature Coffee,Vegan Iced Latte - Medium,MENU0031,Beverage,Menu Item,310.0,5.0,1550.0,86.22,Bill Discount,Synthetic promotion,1463.78,73.19,0,0,0,0,1536.97,,,,,
Delhi,ABNAH Cafe Saket Premium,,BILL-OUT003-260125-0019,19,Delivery/Takeaway,,2026-01-25 09:20:00,2026-01-25 09:46:00,Cold Brew,Classic Cold Brew - Medium,MENU0034,Beverage,Menu Item,250.0,2.0,500.0,6.54,Bill Discount,Synthetic promotion,493.46,24.67,0,0,0,0,518.13,,,,,
Delhi,ABNAH Cafe Saket Premium,,BILL-OUT003-260125-0020,20,Delivery/Takeaway,,2026-01-25 13:32:00,2026-01-25 13:42:00,Cold Brew,Coffee Lemonade - Regular,MENU0036,Beverage,Menu Item,235.0,3.0,705.0,37.32,Bill Discount,Synthetic promotion,667.68,33.38,0,0,0,0,701.06,,,,,
Delhi,ABNAH Cafe Saket Premium,,BILL-OUT003-260125-0021,21,Dine In,T20,2026-01-25 17:12:00,2026-01-25 17:21:00,Cold Brew,Vietnamese Shakerato - Medium,MENU0040,Beverage,Menu Item,280.0,4.0,1120.0,50.77,Bill Discount,Synthetic promotion,1069.23,53.46,0,0,0,0,1122.69,,,,,
Delhi,ABNAH Cafe Saket Premium,,BILL-OUT003-260125-0022,22,Delivery/Takeaway,,2026-01-25 13:46:00,2026-01-25 14:28:00,Cold Coffee,Classic Cold Coffee - Medium,MENU0043,Beverage,Menu Item,292.86,2.0,585.72,0.0,,,585.72,29.29,0,0,0,0,615.01,,,,,
Delhi,ABNAH Cafe Saket Premium,,BILL-OUT003-260125-0023,23,Delivery/Takeaway,,2026-01-25 11:39:00,2026-01-25 12:20:00,Cold Coffee,Classic Cold Coffee - Large,MENU0044,Beverage,Menu Item,325.0,1.0,325.0,16.49,Bill Discount,Synthetic promotion,308.51,15.43,0,0,0,0,323.94,,,,,
Delhi,ABNAH Cafe Saket Premium,,BILL-OUT003-260125-0024,24,Delivery/Takeaway,,2026-01-25 18:45:00,2026-01-25 19:12:00,Cold Coffee,Mocha Cold Coffee - Regular,MENU0045,Beverage,Menu Item,285.0,2.0,570.0,25.62,Bill Discount,Synthetic promotion,544.38,27.22,0,0,0,0,571.6,,,,,
Delhi,ABNAH Cafe Saket Premium,,BILL-OUT003-260125-0025,25,Delivery/Takeaway,,2026-01-25 14:40:00,2026-01-25 15:00:00,Cold Coffee,Mocha Cold Coffee - Medium,MENU0046,Beverage,Menu Item,320.0,1.0,320.0,9.55,Bill Discount,Synthetic promotion,310.45,15.52,0,0,0,0,325.97,,,,,
Delhi,ABNAH Cafe Saket Premium,,BILL-OUT003-260125-0026,26,Delivery/Takeaway,,2026-01-25 14:53:00,2026-01-25 15:29:00,Cold Coffee,Mocha Cold Coffee - Large,MENU0047,Beverage,Menu Item,355.0,1.0,355.0,12.3,Bill Discount,Synthetic promotion,342.7,17.14,0,0,0,0,359.84,,,,,
Delhi,ABNAH Cafe Saket Premium,,BILL-OUT003-260125-0027,27,Dine In,T20,2026-01-25 13:31:00,2026-01-25 13:50:00,Cold Coffee,Caramel Cold Coffee - Regular,MENU0048,Beverage,Menu Item,285.0,3.0,855.0,13.27,Bill Discount,Synthetic promotion,841.73,42.09,0,0,0,0,883.82,,,,,
Delhi,ABNAH Cafe Saket Premium,,BILL-OUT003-260125-0028,28,Delivery/Takeaway,,2026-01-25 17:21:00,2026-01-25 18:08:00,Cold Coffee,Caramel Cold Coffee - Medium,MENU0049,Beverage,Menu Item,320.0,3.0,960.0,16.19,Bill Discount,Synthetic promotion,943.81,47.19,0,0,0,0,991.0,,,,,
Delhi,ABNAH Cafe Saket Premium,,BILL-OUT003-260125-0029,29,Delivery/Takeaway,,2026-01-25 16:21:00,2026-01-25 16:56:00,Tea,Masala Chai Latte - Regular,MENU0051,Beverage,Menu Item,195.0,2.0,390.0,20.06,Bill Discount,Synthetic promotion,369.94,18.5,0,0,0,0,388.44,,,,,
Delhi,ABNAH Cafe Saket Premium,,BILL-OUT003-260125-0030,30,Delivery/Takeaway,,2026-01-25 16:49:00,2026-01-25 17:18:00,Tea,Masala Chai Latte - Medium,MENU0052,Beverage,Menu Item,220.0,3.0,660.0,20.63,Bill Discount,Synthetic promotion,639.37,31.97,0,0,0,0,671.34,,,,,
Delhi,ABNAH Cafe Saket Premium,,BILL-OUT003-260125-0031,31,Dine In,T09,2026-01-25 19:53:00,2026-01-25 20:26:00,Tea,Masala Chai Latte - Large,MENU0053,Beverage,Menu Item,245.0,1.0,245.0,12.19,Bill Discount,Synthetic promotion,232.81,11.64,0,0,0,0,244.45,,,,,
Delhi,ABNAH Cafe Saket Premium,,BILL-OUT003-260125-0032,32,Delivery/Takeaway,,2026-01-25 18:34:00,2026-01-25 19:06:00,Tea,Japanese Matcha Latte - Medium,MENU0056,Beverage,Menu Item,296.65,1.0,296.65,0.0,,,296.65,14.83,0,0,0,0,311.48,,,,,
Delhi,ABNAH Cafe Saket Premium,,BILL-OUT003-260125-0033,33,Dine In,T16,2026-01-25 10:29:00,2026-01-25 10:46:00,Iced Tea,Lemon Iced Tea - Regular,MENU0058,Beverage,Menu Item,205.0,2.0,410.0,4.4,Bill Discount,Synthetic promotion,405.6,20.28,0,0,0,0,425.88,,,,,
Delhi,ABNAH Cafe Saket Premium,,BILL-OUT003-260125-0034,34,Delivery/Takeaway,,2026-01-25 15:12:00,2026-01-25 15:43:00,Iced Tea,Lemon Iced Tea - Medium,MENU0059,Beverage,Menu Item,230.0,2.0,460.0,13.21,Bill Discount,Synthetic promotion,446.79,22.34,0,0,0,0,469.13,,,,,
Delhi,ABNAH Cafe Saket Premium,,BILL-OUT003-260125-0035,35,Delivery/Takeaway,,2026-01-25 14:23:00,2026-01-25 14:45:00,Iced Tea,Lemon Iced Tea - Large,MENU0060,Beverage,Menu Item,255.0,2.0,510.0,22.51,Bill Discount,Synthetic promotion,487.49,24.37,0,0,0,0,511.86,,,,,
Delhi,ABNAH Cafe Saket Premium,,BILL-OUT003-260125-0036,36,Delivery/Takeaway,,2026-01-25 08:47:00,2026-01-25 09:26:00,Iced Tea,Hibiscus Lime Iced Tea - Medium,MENU0062,Beverage,Menu Item,250.0,1.0,250.0,0.4,Bill Discount,Synthetic promotion,249.6,12.48,0,0,0,0,262.08,,,,,
Delhi,ABNAH Cafe Saket Premium,,BILL-OUT003-260125-0037,37,Dine In,T12,2026-01-25 17:35:00,2026-01-25 18:00:00,Shake,Choco Chip Shake - Medium,MENU0069,Beverage,Menu Item,330.0,3.0,990.0,44.82,Bill Discount,Synthetic promotion,945.18,47.26,0,0,0,0,992.44,,,,,
Delhi,ABNAH Cafe Saket Premium,,BILL-OUT003-260125-0038,38,Delivery/Takeaway,,2026-01-25 18:07:00,2026-01-25 18:49:00,Shake,Choco Chip Shake - Large,MENU0070,Beverage,Menu Item,369.21,2.0,738.42,0.0,,,738.43,36.92,0,0,0,0,775.35,,,,,
Delhi,ABNAH Cafe Saket Premium,,BILL-OUT003-260125-0039,39,Delivery/Takeaway,,2026-01-25 13:27:00,2026-01-25 13:46:00,Smoothie,Seasonal Smoothie - Large,MENU0076,Beverage,Menu Item,376.3,1.0,376.3,0.0,,,376.3,18.82,0,0,0,0,395.12,,,,,
Delhi,ABNAH Cafe Saket Premium,,BILL-OUT003-260125-0040,40,Delivery/Takeaway,,2026-01-25 10:24:00,2026-01-25 10:38:00,Wraps,Spicy Paneer Wrap,MENU0077,Food,Menu Item,277.92,1.0,277.92,0.0,,,277.92,13.9,0,0,0,0,291.82,,,,,
Delhi,ABNAH Cafe Saket Premium,,BILL-OUT003-260125-0041,41,Delivery/Takeaway,,2026-01-25 10:21:00,2026-01-25 10:57:00,Wraps,Shredded Chicken Wrap,MENU0078,Food,Menu Item,295.0,1.0,295.0,8.48,Bill Discount,Synthetic promotion,286.52,14.33,0,0,0,0,300.85,,,,,
Delhi,ABNAH Cafe Saket Premium,,BILL-OUT003-260125-0042,42,Delivery/Takeaway,,2026-01-25 16:47:00,2026-01-25 17:01:00,Sandwiches,Smoked Chipotle Paneer Sandwich,MENU0079,Food,Menu Item,295.0,1.0,295.0,6.25,Bill Discount,Synthetic promotion,288.75,14.44,0,0,0,0,303.19,,,,,
Delhi,ABNAH Cafe Saket Premium,,BILL-OUT003-260125-0043,43,Dine In,T12,2026-01-25 16:06:00,2026-01-25 16:34:00,Sandwiches,Pesto Veg Sandwich,MENU0080,Food,Menu Item,280.0,1.0,280.0,12.17,Bill Discount,Synthetic promotion,267.83,13.39,0,0,0,0,281.22,,,,,
Delhi,ABNAH Cafe Saket Premium,,BILL-OUT003-260125-0044,44,Delivery/Takeaway,,2026-01-25 19:54:00,2026-01-25 20:04:00,Sandwiches,Pepper Chicken Sandwich,MENU0081,Food,Menu Item,315.0,1.0,315.0,11.93,Bill Discount,Synthetic promotion,303.07,15.15,0,0,0,0,318.22,,,,,
Delhi,ABNAH Cafe Saket Premium,,BILL-OUT003-260125-0045,45,Delivery/Takeaway,,2026-01-25 16:30:00,2026-01-25 16:55:00,Toasts,Chicken Pepperoni Avocado Toast,MENU0084,Food,Menu Item,334.71,1.0,334.71,0.0,,,334.71,16.74,0,0,0,0,351.45,,,,,
Delhi,ABNAH Cafe Saket Premium,,BILL-OUT003-260125-0046,46,Delivery/Takeaway,,2026-01-25 11:54:00,2026-01-25 12:23:00,Snacks,Pesto Sundried Tomato Pin Wheel,MENU0091,Food,Menu Item,225.0,1.0,225.0,11.74,Bill Discount,Synthetic promotion,213.26,10.66,0,0,0,0,223.92,,,,,
Delhi,ABNAH Cafe Saket Premium,,BILL-OUT003-260125-0047,47,Dine In,T22,2026-01-25 14:20:00,2026-01-25 14:53:00,Snacks,Turnover with Brioche Dough Chicken,MENU0092,Food,Menu Item,255.0,2.0,510.0,15.89,Bill Discount,Synthetic promotion,494.11,24.71,0,0,0,0,518.82,,,,,
Delhi,ABNAH Cafe Saket Premium,,BILL-OUT003-260125-0048,48,Delivery/Takeaway,,2026-01-25 13:43:00,2026-01-25 14:26:00,Snacks,Turnover with Brioche Dough Veg,MENU0093,Food,Menu Item,239.33,1.0,239.33,0.0,,,239.33,11.97,0,0,0,0,251.3,,,,,
Delhi,ABNAH Cafe Saket Premium,,BILL-OUT003-260125-0049,49,Delivery/Takeaway,,2026-01-25 17:24:00,2026-01-25 17:47:00,Baked Goods,Mushroom Cheese Croissant,MENU0097,Food,Menu Item,255.0,1.0,255.0,13.96,Bill Discount,Synthetic promotion,241.04,12.05,0,0,0,0,253.09,,,,,
Delhi,ABNAH Cafe Saket Premium,,BILL-OUT003-260125-0050,50,Delivery/Takeaway,,2026-01-25 14:42:00,2026-01-25 15:02:00,Baked Goods,Sriracha Chicken Croissant,MENU0098,Food,Menu Item,279.26,1.0,279.26,0.0,,,279.26,13.96,0,0,0,0,293.22,,,,,
Delhi,ABNAH Cafe Saket Premium,,BILL-OUT003-260125-0051,51,Delivery/Takeaway,,2026-01-25 16:43:00,2026-01-25 17:15:00,Baked Goods,Cinnamon Roll with Cream Cheese,MENU0099,Dessert,Menu Item,221.6,2.0,443.2,0.0,,,443.2,22.16,0,0,0,0,465.36,,,,,
Delhi,ABNAH Cafe Saket Premium,,BILL-OUT003-260125-0052,52,Delivery/Takeaway,,2026-01-25 13:46:00,2026-01-25 14:32:00,Baked Goods,Banana Walnut Tea Cake,MENU0100,Dessert,Menu Item,205.0,1.0,205.0,2.88,Bill Discount,Synthetic promotion,202.12,10.11,0,0,0,0,212.23,,,,,
Delhi,ABNAH Cafe Saket Premium,,BILL-OUT003-260125-0053,53,Delivery/Takeaway,,2026-01-25 13:15:00,2026-01-25 13:42:00,Baked Goods,Lemon Raspberry Tea Cake,MENU0101,Dessert,Menu Item,215.0,1.0,215.0,6.82,Bill Discount,Synthetic promotion,208.18,10.41,0,0,0,0,218.59,,,,,
Delhi,ABNAH Cafe Saket Premium,,BILL-OUT003-260125-0054,54,Delivery/Takeaway,,2026-01-25 15:36:00,2026-01-25 15:54:00,Desserts,Double Chocolate Truffle Cake,MENU0102,Dessert,Menu Item,295.0,1.0,295.0,10.98,Bill Discount,Synthetic promotion,284.02,14.2,0,0,0,0,298.22,,,,,
Delhi,ABNAH Cafe Saket Premium,,BILL-OUT003-260125-0055,55,Delivery/Takeaway,,2026-01-25 18:31:00,2026-01-25 19:06:00,Desserts,Classic Chocolate Fudge Brownie,MENU0104,Dessert,Menu Item,197.21,2.0,394.42,0.01,Bill Discount,Synthetic promotion,394.41,19.72,0,0,0,0,414.13,,,,,
Delhi,ABNAH Cafe Saket Premium,,BILL-OUT003-260125-0056,56,Delivery/Takeaway,,2026-01-25 12:12:00,2026-01-25 12:45:00,Desserts,Death by Chocolate Cookie,MENU0106,Dessert,Menu Item,190.0,3.0,570.0,26.69,Bill Discount,Synthetic promotion,543.31,27.17,0,0,0,0,570.48,,,,,
Delhi,ABNAH Cafe Saket Premium,,BILL-OUT003-260125-0057,57,Delivery/Takeaway,,2026-01-25 09:47:00,2026-01-25 10:32:00,Desserts,Jaggery Parmesan Cookie,MENU0107,Dessert,Menu Item,170.0,2.0,340.0,6.97,Bill Discount,Synthetic promotion,333.03,16.65,0,0,0,0,349.68,,,,,
Delhi,ABNAH Cafe Saket Premium,,BILL-OUT003-260125-0058,58,Dine In,T08,2026-01-25 08:25:00,2026-01-25 09:13:00,Desserts,Apple Pie,MENU0108,Dessert,Menu Item,270.5,2.0,541.0,0.0,,,541.0,27.05,0,0,0,0,568.05,,,,,
Delhi,ABNAH Cafe Saket Premium,,BILL-OUT003-260125-0059,59,Dine In,T01,2026-01-25 10:39:00,2026-01-25 11:06:00,Desserts,Basque Cheesecake,MENU0109,Dessert,Menu Item,310.0,2.0,620.0,36.62,Bill Discount,Synthetic promotion,583.38,29.17,0,0,0,0,612.55,,,,,
Delhi,ABNAH Cafe Saket Premium,,BILL-OUT003-260126-0001,1,Dine In,T05,2026-01-26 13:37:00,2026-01-26 14:12:00,Coffee Classics,Americano - Regular,MENU0003,Beverage,Menu Item,185.0,5.0,925.0,42.65,Bill Discount,Synthetic promotion,882.35,44.12,0,0,0,0,926.47,,,,,
Delhi,ABNAH Cafe Saket Premium,,BILL-OUT003-260126-0002,2,Dine In,T18,2026-01-26 15:59:00,2026-01-26 16:18:00,Coffee Classics,Americano - Medium,MENU0004,Beverage,Menu Item,210.0,3.0,630.0,23.94,Bill Discount,Synthetic promotion,606.06,30.3,0,0,0,0,636.36,,,,,
Delhi,ABNAH Cafe Saket Premium,,BILL-OUT003-260126-0003,3,Dine In,T05,2026-01-26 11:36:00,2026-01-26 12:12:00,Coffee Classics,Latte - Regular,MENU0006,Beverage,Menu Item,225.0,1.0,225.0,10.12,Bill Discount,Synthetic promotion,214.88,10.74,0,0,0,0,225.62,,,,,
Delhi,ABNAH Cafe Saket Premium,,BILL-OUT003-260126-0004,4,Dine In,T16,2026-01-26 19:18:00,2026-01-26 20:03:00,Coffee Classics,Latte - Large,MENU0008,Beverage,Menu Item,275.0,1.0,275.0,3.08,Bill Discount,Synthetic promotion,271.92,13.6,0,0,0,0,285.52,,,,,
Delhi,ABNAH Cafe Saket Premium,,BILL-OUT003-260126-0005,5,Dine In,T05,2026-01-26 16:12:00,2026-01-26 16:42:00,Coffee Classics,Cappuccino - Regular,MENU0009,Beverage,Menu Item,225.46,1.0,225.46,0.0,,,225.46,11.27,0,0,0,0,236.73,,,,,
Delhi,ABNAH Cafe Saket Premium,,BILL-OUT003-260126-0006,6,Delivery/Takeaway,,2026-01-26 09:06:00,2026-01-26 09:50:00,Coffee Classics,Cappuccino - Large,MENU0011,Beverage,Menu Item,275.0,3.0,825.0,37.19,Bill Discount,Synthetic promotion,787.81,39.39,0,0,0,0,827.2,,,,,
Delhi,ABNAH Cafe Saket Premium,,BILL-OUT003-260126-0007,7,Dine In,T12,2026-01-26 15:20:00,2026-01-26 16:01:00,Coffee Classics,Flat White - Regular,MENU0012,Beverage,Menu Item,235.0,2.0,470.0,6.58,Bill Discount,Synthetic promotion,463.42,23.17,0,0,0,0,486.59,,,,,
Delhi,ABNAH Cafe Saket Premium,,BILL-OUT003-260126-0008,8,Dine In,T23,2026-01-26 18:48:00,2026-01-26 19:17:00,Coffee Classics,Mocha - Regular,MENU0015,Beverage,Menu Item,246.02,3.0,738.06,0.0,,,738.06,36.9,0,0,0,0,774.96,,,,,
Delhi,ABNAH Cafe Saket Premium,,BILL-OUT003-260126-0009,9,Delivery/Takeaway,,2026-01-26 09:41:00,2026-01-26 10:07:00,Coffee Classics,Mocha - Medium,MENU0016,Beverage,Menu Item,270.0,2.0,540.0,21.45,Bill Discount,Synthetic promotion,518.55,25.93,0,0,0,0,544.48,,,,,
Delhi,ABNAH Cafe Saket Premium,,BILL-OUT003-260126-0010,10,Dine In,T01,2026-01-26 18:23:00,2026-01-26 18:43:00,Coffee Classics,Mocha - Large,MENU0017,Beverage,Menu Item,296.98,2.0,593.96,0.01,Bill Discount,Synthetic promotion,593.95,29.7,0,0,0,0,623.65,,,,,
Delhi,ABNAH Cafe Saket Premium,,BILL-OUT003-260126-0011,11,Delivery/Takeaway,,2026-01-26 10:09:00,2026-01-26 10:19:00,Signature Coffee,Sea Salt Mocha - Medium,MENU0019,Beverage,Menu Item,305.0,2.0,610.0,13.49,Bill Discount,Synthetic promotion,596.51,29.83,0,0,0,0,626.34,,,,,
Delhi,ABNAH Cafe Saket Premium,,BILL-OUT003-260126-0012,12,Delivery/Takeaway,,2026-01-26 17:00:00,2026-01-26 17:13:00,Signature Coffee,Sea Salt Mocha - Large,MENU0020,Beverage,Menu Item,335.0,1.0,335.0,13.07,Bill Discount,Synthetic promotion,321.93,16.1,0,0,0,0,338.03,,,,,
Delhi,ABNAH Cafe Saket Premium,,BILL-OUT003-260126-0013,13,Delivery/Takeaway,,2026-01-26 10:15:00,2026-01-26 10:29:00,Signature Coffee,Orange Zest Mocha - Regular,MENU0021,Beverage,Menu Item,270.0,2.0,540.0,30.7,Bill Discount,Synthetic promotion,509.3,25.46,0,0,0,0,534.76,,,,,
Delhi,ABNAH Cafe Saket Premium,,BILL-OUT003-260126-0014,14,Delivery/Takeaway,,2026-01-26 16:06:00,2026-01-26 16:33:00,Signature Coffee,Orange Zest Mocha - Medium,MENU0022,Beverage,Menu Item,300.61,1.0,300.61,0.0,,,300.61,15.03,0,0,0,0,315.64,,,,,
Delhi,ABNAH Cafe Saket Premium,,BILL-OUT003-260126-0015,15,Dine In,T23,2026-01-26 13:38:00,2026-01-26 13:57:00,Signature Coffee,Orange Zest Mocha - Large,MENU0023,Beverage,Menu Item,330.0,2.0,660.0,5.36,Bill Discount,Synthetic promotion,654.64,32.73,0,0,0,0,687.37,,,,,
Delhi,ABNAH Cafe Saket Premium,,BILL-OUT003-260126-0016,16,Delivery/Takeaway,,2026-01-26 16:57:00,2026-01-26 17:42:00,Signature Coffee,French Vanilla Latte - Large,MENU0029,Beverage,Menu Item,325.0,1.0,325.0,12.74,Bill Discount,Synthetic promotion,312.26,15.61,0,0,0,0,327.87,,,,,
Delhi,ABNAH Cafe Saket Premium,,BILL-OUT003-260126-0017,17,Dine In,T23,2026-01-26 12:43:00,2026-01-26 13:12:00,Signature Coffee,Vegan Iced Latte - Regular,MENU0030,Beverage,Menu Item,289.12,4.0,1156.48,0.0,,,1156.48,57.82,0,0,0,0,1214.3,,,,,
Delhi,ABNAH Cafe Saket Premium,,BILL-OUT003-260126-0018,18,Delivery/Takeaway,,2026-01-26 10:30:00,2026-01-26 11:04:00,Cold Brew,Classic Cold Brew - Medium,MENU0034,Beverage,Menu Item,250.0,1.0,250.0,10.7,Bill Discount,Synthetic promotion,239.3,11.96,0,0,0,0,251.26,,,,,
Delhi,ABNAH Cafe Saket Premium,,BILL-OUT003-260126-0019,19,Dine In,T06,2026-01-26 08:49:00,2026-01-26 09:19:00,Cold Brew,Coffee Lemonade - Regular,MENU0036,Beverage,Menu Item,238.59,1.0,238.59,0.0,,,238.59,11.93,0,0,0,0,250.52,,,,,
Delhi,ABNAH Cafe Saket Premium,,BILL-OUT003-260126-0020,20,Delivery/Takeaway,,2026-01-26 18:32:00,2026-01-26 18:40:00,Cold Brew,Vietnamese Shakerato - Regular,MENU0039,Beverage,Menu Item,255.77,1.0,255.77,0.0,,,255.77,12.79,0,0,0,0,268.56,,,,,
Delhi,ABNAH Cafe Saket Premium,,BILL-OUT003-260126-0021,21,Delivery/Takeaway,,2026-01-26 17:48:00,2026-01-26 18:04:00,Cold Coffee,Classic Cold Coffee - Regular,MENU0042,Beverage,Menu Item,255.0,2.0,510.0,27.15,Bill Discount,Synthetic promotion,482.85,24.14,0,0,0,0,506.99,,,,,
Delhi,ABNAH Cafe Saket Premium,,BILL-OUT003-260126-0022,22,Dine In,T24,2026-01-26 10:28:00,2026-01-26 10:41:00,Cold Coffee,Mocha Cold Coffee - Regular,MENU0045,Beverage,Menu Item,287.52,1.0,287.52,0.0,,,287.52,14.38,0,0,0,0,301.9,,,,,
Delhi,ABNAH Cafe Saket Premium,,BILL-OUT003-260126-0023,23,Delivery/Takeaway,,2026-01-26 08:15:00,2026-01-26 08:49:00,Cold Coffee,Mocha Cold Coffee - Medium,MENU0046,Beverage,Menu Item,320.0,2.0,640.0,25.73,Bill Discount,Synthetic promotion,614.27,30.71,0,0,0,0,644.98,,,,,
Delhi,ABNAH Cafe Saket Premium,,BILL-OUT003-260126-0024,24,Delivery/Takeaway,,2026-01-26 11:06:00,2026-01-26 11:37:00,Cold Coffee,Mocha Cold Coffee - Large,MENU0047,Beverage,Menu Item,360.77,2.0,721.54,0.0,,,721.54,36.08,0,0,0,0,757.62,,,,,
Delhi,ABNAH Cafe Saket Premium,,BILL-OUT003-260126-0025,25,Delivery/Takeaway,,2026-01-26 10:59:00,2026-01-26 11:11:00,Cold Coffee,Caramel Cold Coffee - Regular,MENU0048,Beverage,Menu Item,285.0,2.0,570.0,32.93,Bill Discount,Synthetic promotion,537.07,26.85,0,0,0,0,563.92,,,,,
Delhi,ABNAH Cafe Saket Premium,,BILL-OUT003-260126-0026,26,Delivery/Takeaway,,2026-01-26 17:04:00,2026-01-26 17:18:00,Cold Coffee,Caramel Cold Coffee - Medium,MENU0049,Beverage,Menu Item,322.22,1.0,322.22,0.0,,,322.22,16.11,0,0,0,0,338.33,,,,,
Delhi,ABNAH Cafe Saket Premium,,BILL-OUT003-260126-0027,27,Dine In,T08,2026-01-26 12:53:00,2026-01-26 13:04:00,Tea,Japanese Matcha Latte - Medium,MENU0056,Beverage,Menu Item,295.0,1.0,295.0,8.84,Bill Discount,Synthetic promotion,286.16,14.31,0,0,0,0,300.47,,,,,
Delhi,ABNAH Cafe Saket Premium,,BILL-OUT003-260126-0028,28,Delivery/Takeaway,,2026-01-26 15:01:00,2026-01-26 15:16:00,Iced Tea,Lemon Iced Tea - Regular,MENU0058,Beverage,Menu Item,205.0,5.0,1025.0,24.86,Bill Discount,Synthetic promotion,1000.14,50.01,0,0,0,0,1050.15,,,,,
Delhi,ABNAH Cafe Saket Premium,,BILL-OUT003-260126-0029,29,Delivery/Takeaway,,2026-01-26 18:47:00,2026-01-26 18:59:00,Iced Tea,Lemon Iced Tea - Medium,MENU0059,Beverage,Menu Item,230.0,1.0,230.0,9.53,Bill Discount,Synthetic promotion,220.47,11.02,0,0,0,0,231.49,,,,,
Delhi,ABNAH Cafe Saket Premium,,BILL-OUT003-260126-0030,30,Dine In,T01,2026-01-26 11:59:00,2026-01-26 12:46:00,Iced Tea,Hibiscus Lime Iced Tea - Regular,MENU0061,Beverage,Menu Item,225.0,1.0,225.0,1.11,Bill Discount,Synthetic promotion,223.89,11.19,0,0,0,0,235.08,,,,,
Delhi,ABNAH Cafe Saket Premium,,BILL-OUT003-260126-0031,31,Delivery/Takeaway,,2026-01-26 18:34:00,2026-01-26 19:12:00,Iced Tea,Hibiscus Lime Iced Tea - Medium,MENU0062,Beverage,Menu Item,252.29,1.0,252.29,0.0,,,252.29,12.61,0,0,0,0,264.9,,,,,
Delhi,ABNAH Cafe Saket Premium,,BILL-OUT003-260126-0032,32,Dine In,T22,2026-01-26 18:02:00,2026-01-26 18:28:00,Kids Beverage,Hot Chocolate - Medium,MENU0065,Beverage,Menu Item,245.0,1.0,245.0,11.82,Bill Discount,Synthetic promotion,233.18,11.66,0,0,0,0,244.84,,,,,
Delhi,ABNAH Cafe Saket Premium,,BILL-OUT003-260126-0033,33,Dine In,T13,2026-01-26 12:02:00,2026-01-26 12:10:00,Shake,Mixed Berry Shake - Regular,MENU0071,Beverage,Menu Item,315.0,2.0,630.0,7.08,Bill Discount,Synthetic promotion,622.92,31.15,0,0,0,0,654.07,,,,,
Delhi,ABNAH Cafe Saket Premium,,BILL-OUT003-260126-0034,34,Delivery/Takeaway,,2026-01-26 12:34:00,2026-01-26 12:58:00,Shake,Mixed Berry Shake - Medium,MENU0072,Beverage,Menu Item,356.25,1.0,356.25,0.0,,,356.25,17.81,0,0,0,0,374.06,,,,,
Delhi,ABNAH Cafe Saket Premium,,BILL-OUT003-260126-0035,35,Delivery/Takeaway,,2026-01-26 19:23:00,2026-01-26 20:03:00,Wraps,Spicy Paneer Wrap,MENU0077,Food,Menu Item,275.0,2.0,550.0,12.97,Bill Discount,Synthetic promotion,537.03,26.85,0,0,0,0,563.88,,,,,
Delhi,ABNAH Cafe Saket Premium,,BILL-OUT003-260126-0036,36,Dine In,T19,2026-01-26 14:36:00,2026-01-26 15:24:00,Wraps,Shredded Chicken Wrap,MENU0078,Food,Menu Item,295.0,1.0,295.0,1.66,Bill Discount,Synthetic promotion,293.34,14.67,0,0,0,0,308.01,,,,,
Delhi,ABNAH Cafe Saket Premium,,BILL-OUT003-260126-0037,37,Delivery/Takeaway,,2026-01-26 08:26:00,2026-01-26 08:36:00,Sandwiches,Smoked Chipotle Paneer Sandwich,MENU0079,Food,Menu Item,295.0,2.0,590.0,32.99,Bill Discount,Synthetic promotion,557.01,27.85,0,0,0,0,584.86,,,,,
Delhi,ABNAH Cafe Saket Premium,,BILL-OUT003-260126-0038,38,Delivery/Takeaway,,2026-01-26 17:15:00,2026-01-26 17:34:00,Sandwiches,Pesto Veg Sandwich,MENU0080,Food,Menu Item,282.82,1.0,282.82,0.0,,,282.82,14.14,0,0,0,0,296.96,,,,,
Delhi,ABNAH Cafe Saket Premium,,BILL-OUT003-260126-0039,39,Delivery/Takeaway,,2026-01-26 09:13:00,2026-01-26 09:54:00,Sandwiches,Pepper Chicken Sandwich,MENU0081,Food,Menu Item,315.0,3.0,945.0,43.62,Bill Discount,Synthetic promotion,901.38,45.07,0,0,0,0,946.45,,,,,
Delhi,ABNAH Cafe Saket Premium,,BILL-OUT003-260126-0040,40,Delivery/Takeaway,,2026-01-26 09:15:00,2026-01-26 09:56:00,Platter,Hummus and Pita Platter,MENU0085,Food,Menu Item,310.0,1.0,310.0,8.4,Bill Discount,Synthetic promotion,301.6,15.08,0,0,0,0,316.68,,,,,
Delhi,ABNAH Cafe Saket Premium,,BILL-OUT003-260126-0041,41,Delivery/Takeaway,,2026-01-26 11:56:00,2026-01-26 12:23:00,Breakfast,Breakfast Pancakes,MENU0086,Food,Menu Item,288.13,2.0,576.26,0.0,,,576.26,28.81,0,0,0,0,605.07,,,,,
Delhi,ABNAH Cafe Saket Premium,,BILL-OUT003-260126-0042,42,Dine In,T15,2026-01-26 11:22:00,2026-01-26 11:55:00,Snacks,Marinara Cheese Pin Wheels,MENU0090,Food,Menu Item,215.0,1.0,215.0,12.75,Bill Discount,Synthetic promotion,202.25,10.11,0,0,0,0,212.36,,,,,
Delhi,ABNAH Cafe Saket Premium,,BILL-OUT003-260126-0043,43,Delivery/Takeaway,,2026-01-26 12:16:00,2026-01-26 12:40:00,Baked Goods,Butter Croissant,MENU0094,Food,Menu Item,195.0,2.0,390.0,11.97,Bill Discount,Synthetic promotion,378.03,18.9,0,0,0,0,396.93,,,,,
Delhi,ABNAH Cafe Saket Premium,,BILL-OUT003-260126-0044,44,Dine In,T14,2026-01-26 18:03:00,2026-01-26 18:51:00,Baked Goods,Almond Croissant,MENU0095,Food,Menu Item,245.0,2.0,490.0,7.94,Bill Discount,Synthetic promotion,482.06,24.1,0,0,0,0,506.16,,,,,
Delhi,ABNAH Cafe Saket Premium,,BILL-OUT003-260126-0045,45,Delivery/Takeaway,,2026-01-26 11:07:00,2026-01-26 11:38:00,Baked Goods,Chocolate Croissant,MENU0096,Food,Menu Item,237.78,1.0,237.78,0.0,,,237.78,11.89,0,0,0,0,249.67,,,,,
Delhi,ABNAH Cafe Saket Premium,,BILL-OUT003-260126-0046,46,Delivery/Takeaway,,2026-01-26 19:54:00,2026-01-26 20:37:00,Baked Goods,Mushroom Cheese Croissant,MENU0097,Food,Menu Item,258.73,1.0,258.73,0.0,,,258.73,12.94,0,0,0,0,271.67,,,,,
Delhi,ABNAH Cafe Saket Premium,,BILL-OUT003-260126-0047,47,Dine In,T19,2026-01-26 11:59:00,2026-01-26 12:10:00,Baked Goods,Sriracha Chicken Croissant,MENU0098,Food,Menu Item,275.0,2.0,550.0,21.77,Bill Discount,Synthetic promotion,528.23,26.41,0,0,0,0,554.64,,,,,
Delhi,ABNAH Cafe Saket Premium,,BILL-OUT003-260126-0048,48,Delivery/Takeaway,,2026-01-26 09:39:00,2026-01-26 10:22:00,Baked Goods,Cinnamon Roll with Cream Cheese,MENU0099,Dessert,Menu Item,220.0,1.0,220.0,11.96,Bill Discount,Synthetic promotion,208.04,10.4,0,0,0,0,218.44,,,,,
Delhi,ABNAH Cafe Saket Premium,,BILL-OUT003-260126-0049,49,Dine In,T04,2026-01-26 14:30:00,2026-01-26 15:15:00,Baked Goods,Banana Walnut Tea Cake,MENU0100,Dessert,Menu Item,205.0,2.0,410.0,19.94,Bill Discount,Synthetic promotion,390.06,19.5,0,0,0,0,409.56,,,,,
Delhi,ABNAH Cafe Saket Premium,,BILL-OUT003-260126-0050,50,Dine In,T19,2026-01-26 14:43:00,2026-01-26 15:07:00,Baked Goods,Lemon Raspberry Tea Cake,MENU0101,Dessert,Menu Item,215.0,2.0,430.0,14.49,Bill Discount,Synthetic promotion,415.51,20.78,0,0,0,0,436.29,,,,,
Delhi,ABNAH Cafe Saket Premium,,BILL-OUT003-260126-0051,51,Delivery/Takeaway,,2026-01-26 12:59:00,2026-01-26 13:15:00,Desserts,Double Chocolate Truffle Cake,MENU0102,Dessert,Menu Item,296.45,1.0,296.45,0.0,,,296.45,14.82,0,0,0,0,311.27,,,,,
Delhi,ABNAH Cafe Saket Premium,,BILL-OUT003-260126-0052,52,Delivery/Takeaway,,2026-01-26 10:54:00,2026-01-26 11:16:00,Desserts,Classic Chocolate Fudge Brownie,MENU0104,Dessert,Menu Item,195.0,1.0,195.0,6.3,Bill Discount,Synthetic promotion,188.7,9.44,0,0,0,0,198.14,,,,,
Delhi,ABNAH Cafe Saket Premium,,BILL-OUT003-260126-0053,53,Dine In,T22,2026-01-26 19:27:00,2026-01-26 20:16:00,Desserts,Death by Chocolate Cookie,MENU0106,Dessert,Menu Item,192.45,2.0,384.9,0.0,,,384.9,19.25,0,0,0,0,404.15,,,,,
Delhi,ABNAH Cafe Saket Premium,,BILL-OUT003-260126-0054,54,Dine In,T01,2026-01-26 18:18:00,2026-01-26 18:54:00,Desserts,Apple Pie,MENU0108,Dessert,Menu Item,270.0,3.0,810.0,33.19,Bill Discount,Synthetic promotion,776.81,38.84,0,0,0,0,815.65,,,,,
Delhi,ABNAH Cafe Saket Premium,,BILL-OUT003-260126-0055,55,Delivery/Takeaway,,2026-01-26 09:05:00,2026-01-26 09:27:00,Desserts,Basque Cheesecake,MENU0109,Dessert,Menu Item,310.0,3.0,930.0,5.3,Bill Discount,Synthetic promotion,924.7,46.23,0,0,0,0,970.93,,,,,
Delhi,ABNAH Cafe Saket Premium,,BILL-OUT003-260126-0056,56,Dine In,T08,2026-01-26 13:38:00,2026-01-26 14:26:00,Baked Goods,Multigrain Walnut Tea Cake,MENU0110,Dessert,Menu Item,225.0,1.0,225.0,1.74,Bill Discount,Synthetic promotion,223.26,11.16,0,0,0,0,234.42,,,,,
Delhi,ABNAH Cafe Saket Premium,,BILL-OUT003-260127-0001,1,Dine In,T19,2026-01-27 19:35:00,2026-01-27 20:12:00,Coffee Classics,Americano - Regular,MENU0003,Beverage,Menu Item,185.0,1.0,185.0,9.18,Bill Discount,Synthetic promotion,175.82,8.79,0,0,0,0,184.61,,,,,
Delhi,ABNAH Cafe Saket Premium,,BILL-OUT003-260127-0002,2,Delivery/Takeaway,,2026-01-27 16:05:00,2026-01-27 16:34:00,Coffee Classics,Americano - Large,MENU0005,Beverage,Menu Item,237.21,2.0,474.42,0.0,,,474.42,23.72,0,0,0,0,498.14,,,,,
Delhi,ABNAH Cafe Saket Premium,,BILL-OUT003-260127-0003,3,Dine In,T11,2026-01-27 10:41:00,2026-01-27 11:25:00,Coffee Classics,Latte - Regular,MENU0006,Beverage,Menu Item,225.0,2.0,450.0,12.64,Bill Discount,Synthetic promotion,437.36,21.87,0,0,0,0,459.23,,,,,
Delhi,ABNAH Cafe Saket Premium,,BILL-OUT003-260127-0004,4,Delivery/Takeaway,,2026-01-27 10:26:00,2026-01-27 10:51:00,Coffee Classics,Latte - Medium,MENU0007,Beverage,Menu Item,254.47,2.0,508.94,0.0,,,508.95,25.45,0,0,0,0,534.4,,,,,
Delhi,ABNAH Cafe Saket Premium,,BILL-OUT003-260127-0005,5,Delivery/Takeaway,,2026-01-27 15:08:00,2026-01-27 15:22:00,Coffee Classics,Cappuccino - Regular,MENU0009,Beverage,Menu Item,229.25,2.0,458.5,0.01,Bill Discount,Synthetic promotion,458.49,22.92,0,0,0,0,481.41,,,,,
Delhi,ABNAH Cafe Saket Premium,,BILL-OUT003-260127-0006,6,Delivery/Takeaway,,2026-01-27 14:15:00,2026-01-27 14:29:00,Coffee Classics,Flat White - Medium,MENU0013,Beverage,Menu Item,260.0,2.0,520.0,15.36,Bill Discount,Synthetic promotion,504.64,25.23,0,0,0,0,529.87,,,,,
Delhi,ABNAH Cafe Saket Premium,,BILL-OUT003-260127-0007,7,Delivery/Takeaway,,2026-01-27 10:35:00,2026-01-27 11:18:00,Coffee Classics,Flat White - Large,MENU0014,Beverage,Menu Item,288.96,1.0,288.96,0.0,,,288.96,14.45,0,0,0,0,303.41,,,,,
Delhi,ABNAH Cafe Saket Premium,,BILL-OUT003-260127-0008,8,Dine In,T09,2026-01-27 12:47:00,2026-01-27 13:29:00,Coffee Classics,Mocha - Medium,MENU0016,Beverage,Menu Item,270.0,3.0,810.0,42.06,Bill Discount,Synthetic promotion,767.94,38.4,0,0,0,0,806.34,,,,,
Delhi,ABNAH Cafe Saket Premium,,BILL-OUT003-260127-0009,9,Dine In,T23,2026-01-27 16:08:00,2026-01-27 16:37:00,Coffee Classics,Mocha - Large,MENU0017,Beverage,Menu Item,295.0,1.0,295.0,5.05,Bill Discount,Synthetic promotion,289.95,14.5,0,0,0,0,304.45,,,,,
Delhi,ABNAH Cafe Saket Premium,,BILL-OUT003-260127-0010,10,Delivery/Takeaway,,2026-01-27 19:36:00,2026-01-27 19:54:00,Signature Coffee,Sea Salt Mocha - Medium,MENU0019,Beverage,Menu Item,305.54,2.0,611.08,0.01,Bill Discount,Synthetic promotion,611.07,30.55,0,0,0,0,641.62,,,,,
Delhi,ABNAH Cafe Saket Premium,,BILL-OUT003-260127-0011,11,Delivery/Takeaway,,2026-01-27 18:37:00,2026-01-27 19:11:00,Signature Coffee,Orange Zest Mocha - Regular,MENU0021,Beverage,Menu Item,270.0,2.0,540.0,19.19,Bill Discount,Synthetic promotion,520.81,26.04,0,0,0,0,546.85,,,,,
Delhi,ABNAH Cafe Saket Premium,,BILL-OUT003-260127-0012,12,Delivery/Takeaway,,2026-01-27 09:25:00,2026-01-27 09:34:00,Signature Coffee,Caramel Macchiato - Medium,MENU0025,Beverage,Menu Item,295.0,1.0,295.0,17.1,Bill Discount,Synthetic promotion,277.9,13.89,0,0,0,0,291.79,,,,,
Delhi,ABNAH Cafe Saket Premium,,BILL-OUT003-260127-0013,13,Delivery/Takeaway,,2026-01-27 15:38:00,2026-01-27 15:52:00,Signature Coffee,French Vanilla Latte - Regular,MENU0027,Beverage,Menu Item,265.0,1.0,265.0,5.58,Bill Discount,Synthetic promotion,259.42,12.97,0,0,0,0,272.39,,,,,
Delhi,ABNAH Cafe Saket Premium,,BILL-OUT003-260127-0014,14,Dine In,T02,2026-01-27 17:51:00,2026-01-27 18:35:00,Signature Coffee,Vegan Iced Latte - Regular,MENU0030,Beverage,Menu Item,286.32,1.0,286.32,0.0,,,286.32,14.32,0,0,0,0,300.64,,,,,
Delhi,ABNAH Cafe Saket Premium,,BILL-OUT003-260127-0015,15,Dine In,T02,2026-01-27 14:54:00,2026-01-27 15:43:00,Signature Coffee,Vegan Iced Latte - Large,MENU0032,Beverage,Menu Item,337.44,2.0,674.88,0.01,Bill Discount,Synthetic promotion,674.87,33.74,0,0,0,0,708.61,,,,,
Delhi,ABNAH Cafe Saket Premium,,BILL-OUT003-260127-0016,16,Dine In,T12,2026-01-27 16:44:00,2026-01-27 17:28:00,Cold Brew,Coffee Lemonade - Regular,MENU0036,Beverage,Menu Item,235.0,1.0,235.0,6.76,Bill Discount,Synthetic promotion,228.24,11.41,0,0,0,0,239.65,,,,,
Delhi,ABNAH Cafe Saket Premium,,BILL-OUT003-260127-0017,17,Delivery/Takeaway,,2026-01-27 10:09:00,2026-01-27 10:29:00,Cold Brew,Coffee Lemonade - Large,MENU0038,Beverage,Menu Item,285.0,1.0,285.0,5.75,Bill Discount,Synthetic promotion,279.25,13.96,0,0,0,0,293.21,,,,,
Delhi,ABNAH Cafe Saket Premium,,BILL-OUT003-260127-0018,18,Delivery/Takeaway,,2026-01-27 11:23:00,2026-01-27 11:31:00,Cold Coffee,Classic Cold Coffee - Regular,MENU0042,Beverage,Menu Item,255.0,4.0,1020.0,39.71,Bill Discount,Synthetic promotion,980.29,49.01,0,0,0,0,1029.3,,,,,
Delhi,ABNAH Cafe Saket Premium,,BILL-OUT003-260127-0019,19,Dine In,T05,2026-01-27 17:22:00,2026-01-27 18:10:00,Cold Coffee,Classic Cold Coffee - Medium,MENU0043,Beverage,Menu Item,292.45,1.0,292.45,0.0,,,292.45,14.62,0,0,0,0,307.07,,,,,
Delhi,ABNAH Cafe Saket Premium,,BILL-OUT003-260127-0020,20,Dine In,T04,2026-01-27 08:00:00,2026-01-27 08:44:00,Cold Coffee,Mocha Cold Coffee - Large,MENU0047,Beverage,Menu Item,355.0,1.0,355.0,6.91,Bill Discount,Synthetic promotion,348.09,17.4,0,0,0,0,365.49,,,,,
Delhi,ABNAH Cafe Saket Premium,,BILL-OUT003-260127-0021,21,Delivery/Takeaway,,2026-01-27 18:06:00,2026-01-27 18:20:00,Cold Coffee,Caramel Cold Coffee - Medium,MENU0049,Beverage,Menu Item,320.0,1.0,320.0,11.75,Bill Discount,Synthetic promotion,308.25,15.41,0,0,0,0,323.66,,,,,
Delhi,ABNAH Cafe Saket Premium,,BILL-OUT003-260127-0022,22,Dine In,T19,2026-01-27 11:48:00,2026-01-27 12:04:00,Tea,Masala Chai Latte - Regular,MENU0051,Beverage,Menu Item,195.0,1.0,195.0,0.25,Bill Discount,Synthetic promotion,194.75,9.74,0,0,0,0,204.49,,,,,
Delhi,ABNAH Cafe Saket Premium,,BILL-OUT003-260127-0023,23,Dine In,T10,2026-01-27 14:15:00,2026-01-27 14:45:00,Tea,Masala Chai Latte - Medium,MENU0052,Beverage,Menu Item,220.0,2.0,440.0,4.98,Bill Discount,Synthetic promotion,435.02,21.75,0,0,0,0,456.77,,,,,
Delhi,ABNAH Cafe Saket Premium,,BILL-OUT003-260127-0024,24,Delivery/Takeaway,,2026-01-27 16:16:00,2026-01-27 16:40:00,Tea,Masala Chai Latte - Large,MENU0053,Beverage,Menu Item,245.0,1.0,245.0,5.98,Bill Discount,Synthetic promotion,239.02,11.95,0,0,0,0,250.97,,,,,
Delhi,ABNAH Cafe Saket Premium,,BILL-OUT003-260127-0025,25,Delivery/Takeaway,,2026-01-27 10:34:00,2026-01-27 10:54:00,Tea,Japanese Matcha Latte - Regular,MENU0055,Beverage,Menu Item,265.0,1.0,265.0,13.51,Bill Discount,Synthetic promotion,251.49,12.57,0,0,0,0,264.06,,,,,
Delhi,ABNAH Cafe Saket Premium,,BILL-OUT003-260127-0026,26,Dine In,T03,2026-01-27 09:44:00,2026-01-27 10:07:00,Tea,Japanese Matcha Latte - Medium,MENU0056,Beverage,Menu Item,295.0,1.0,295.0,0.47,Bill Discount,Synthetic promotion,294.53,14.73,0,0,0,0,309.26,,,,,
Delhi,ABNAH Cafe Saket Premium,,BILL-OUT003-260127-0027,27,Delivery/Takeaway,,2026-01-27 10:01:00,2026-01-27 10:38:00,Iced Tea,Hibiscus Lime Iced Tea - Large,MENU0063,Beverage,Menu Item,276.44,1.0,276.44,0.0,,,276.44,13.82,0,0,0,0,290.26,,,,,
Delhi,ABNAH Cafe Saket Premium,,BILL-OUT003-260127-0028,28,Dine In,T16,2026-01-27 10:42:00,2026-01-27 11:07:00,Shake,Choco Chip Shake - Regular,MENU0068,Beverage,Menu Item,295.0,2.0,590.0,11.09,Bill Discount,Synthetic promotion,578.91,28.95,0,0,0,0,607.86,,,,,
Delhi,ABNAH Cafe Saket Premium,,BILL-OUT003-260127-0029,29,Delivery/Takeaway,,2026-01-27 09:06:00,2026-01-27 09:44:00,Shake,Choco Chip Shake - Medium,MENU0069,Beverage,Menu Item,330.0,3.0,990.0,36.74,Bill Discount,Synthetic promotion,953.26,47.66,0,0,0,0,1000.92,,,,,
Delhi,ABNAH Cafe Saket Premium,,BILL-OUT003-260127-0030,30,Delivery/Takeaway,,2026-01-27 17:37:00,2026-01-27 17:50:00,Shake,Mixed Berry Shake - Regular,MENU0071,Beverage,Menu Item,320.13,1.0,320.13,0.0,,,320.13,16.01,0,0,0,0,336.14,,,,,
Delhi,ABNAH Cafe Saket Premium,,BILL-OUT003-260127-0031,31,Delivery/Takeaway,,2026-01-27 17:01:00,2026-01-27 17:37:00,Shake,Mixed Berry Shake - Medium,MENU0072,Beverage,Menu Item,350.0,1.0,350.0,15.22,Bill Discount,Synthetic promotion,334.78,16.74,0,0,0,0,351.52,,,,,
Delhi,ABNAH Cafe Saket Premium,,BILL-OUT003-260127-0032,32,Dine In,T11,2026-01-27 16:51:00,2026-01-27 17:10:00,Smoothie,Seasonal Smoothie - Medium,MENU0075,Beverage,Menu Item,340.0,2.0,680.0,38.69,Bill Discount,Synthetic promotion,641.31,32.07,0,0,0,0,673.38,,,,,
Delhi,ABNAH Cafe Saket Premium,,BILL-OUT003-260127-0033,33,Delivery/Takeaway,,2026-01-27 19:04:00,2026-01-27 19:48:00,Smoothie,Seasonal Smoothie - Large,MENU0076,Beverage,Menu Item,375.0,1.0,375.0,6.88,Bill Discount,Synthetic promotion,368.12,18.41,0,0,0,0,386.53,,,,,
Delhi,ABNAH Cafe Saket Premium,,BILL-OUT003-260127-0034,34,Dine In,T04,2026-01-27 12:38:00,2026-01-27 13:13:00,Wraps,Shredded Chicken Wrap,MENU0078,Food,Menu Item,295.0,1.0,295.0,7.28,Bill Discount,Synthetic promotion,287.72,14.39,0,0,0,0,302.11,,,,,
Delhi,ABNAH Cafe Saket Premium,,BILL-OUT003-260127-0035,35,Delivery/Takeaway,,2026-01-27 16:21:00,2026-01-27 16:33:00,Sandwiches,Smoked Chipotle Paneer Sandwich,MENU0079,Food,Menu Item,299.11,1.0,299.11,0.0,,,299.11,14.96,0,0,0,0,314.07,,,,,
Delhi,ABNAH Cafe Saket Premium,,BILL-OUT003-260127-0036,36,Delivery/Takeaway,,2026-01-27 14:37:00,2026-01-27 15:00:00,Sandwiches,Pesto Veg Sandwich,MENU0080,Food,Menu Item,280.0,1.0,280.0,8.8,Bill Discount,Synthetic promotion,271.2,13.56,0,0,0,0,284.76,,,,,
Delhi,ABNAH Cafe Saket Premium,,BILL-OUT003-260127-0037,37,Delivery/Takeaway,,2026-01-27 15:49:00,2026-01-27 16:38:00,Toasts,Chicken Pepperoni Avocado Toast,MENU0084,Food,Menu Item,333.28,1.0,333.28,0.0,,,333.28,16.66,0,0,0,0,349.94,,,,,
Delhi,ABNAH Cafe Saket Premium,,BILL-OUT003-260127-0038,38,Delivery/Takeaway,,2026-01-27 16:54:00,2026-01-27 17:36:00,Breakfast,Breakfast Pancakes,MENU0086,Food,Menu Item,285.0,1.0,285.0,5.03,Bill Discount,Synthetic promotion,279.97,14.0,0,0,0,0,293.97,,,,,
Delhi,ABNAH Cafe Saket Premium,,BILL-OUT003-260127-0039,39,Delivery/Takeaway,,2026-01-27 13:12:00,2026-01-27 13:51:00,Breakfast,Scallion Pepper Cream Cheese Bagel,MENU0088,Food,Menu Item,265.0,1.0,265.0,9.05,Bill Discount,Synthetic promotion,255.95,12.8,0,0,0,0,268.75,,,,,
Delhi,ABNAH Cafe Saket Premium,,BILL-OUT003-260127-0040,40,Dine In,T10,2026-01-27 19:25:00,2026-01-27 19:47:00,Breakfast,Masala Egg Bun,MENU0089,Food,Menu Item,228.69,1.0,228.69,0.0,,,228.69,11.43,0,0,0,0,240.12,,,,,
Delhi,ABNAH Cafe Saket Premium,,BILL-OUT003-260127-0041,41,Dine In,T01,2026-01-27 12:56:00,2026-01-27 13:25:00,Snacks,Pesto Sundried Tomato Pin Wheel,MENU0091,Food,Menu Item,225.0,1.0,225.0,9.87,Bill Discount,Synthetic promotion,215.13,10.76,0,0,0,0,225.89,,,,,
Delhi,ABNAH Cafe Saket Premium,,BILL-OUT003-260127-0042,42,Dine In,T22,2026-01-27 11:02:00,2026-01-27 11:26:00,Snacks,Turnover with Brioche Dough Chicken,MENU0092,Food,Menu Item,256.9,1.0,256.9,0.0,,,256.9,12.85,0,0,0,0,269.75,,,,,
Delhi,ABNAH Cafe Saket Premium,,BILL-OUT003-260127-0043,43,Delivery/Takeaway,,2026-01-27 16:12:00,2026-01-27 16:27:00,Baked Goods,Butter Croissant,MENU0094,Food,Menu Item,195.91,1.0,195.91,0.0,,,195.91,9.8,0,0,0,0,205.71,,,,,
Delhi,ABNAH Cafe Saket Premium,,BILL-OUT003-260127-0044,44,Delivery/Takeaway,,2026-01-27 13:00:00,2026-01-27 13:09:00,Baked Goods,Mushroom Cheese Croissant,MENU0097,Food,Menu Item,255.0,2.0,510.0,1.05,Bill Discount,Synthetic promotion,508.95,25.45,0,0,0,0,534.4,,,,,
Delhi,ABNAH Cafe Saket Premium,,BILL-OUT003-260127-0045,45,Dine In,T24,2026-01-27 11:44:00,2026-01-27 12:23:00,Baked Goods,Sriracha Chicken Croissant,MENU0098,Food,Menu Item,275.0,1.0,275.0,13.3,Bill Discount,Synthetic promotion,261.7,13.09,0,0,0,0,274.79,,,,,
Delhi,ABNAH Cafe Saket Premium,,BILL-OUT003-260127-0046,46,Delivery/Takeaway,,2026-01-27 19:46:00,2026-01-27 19:57:00,Baked Goods,Banana Walnut Tea Cake,MENU0100,Dessert,Menu Item,205.0,1.0,205.0,2.01,Bill Discount,Synthetic promotion,202.99,10.15,0,0,0,0,213.14,,,,,
Delhi,ABNAH Cafe Saket Premium,,BILL-OUT003-260127-0047,47,Delivery/Takeaway,,2026-01-27 19:27:00,2026-01-27 20:06:00,Baked Goods,Lemon Raspberry Tea Cake,MENU0101,Dessert,Menu Item,215.0,1.0,215.0,10.37,Bill Discount,Synthetic promotion,204.63,10.23,0,0,0,0,214.86,,,,,
Delhi,ABNAH Cafe Saket Premium,,BILL-OUT003-260127-0048,48,Delivery/Takeaway,,2026-01-27 17:05:00,2026-01-27 17:36:00,Desserts,Classic Chocolate Fudge Brownie,MENU0104,Dessert,Menu Item,195.0,1.0,195.0,8.52,Bill Discount,Synthetic promotion,186.48,9.32,0,0,0,0,195.8,,,,,
Delhi,ABNAH Cafe Saket Premium,,BILL-OUT003-260127-0049,49,Delivery/Takeaway,,2026-01-27 09:41:00,2026-01-27 10:24:00,Desserts,Soft-Centred Caramel Cookie,MENU0105,Dessert,Menu Item,180.0,1.0,180.0,0.11,Bill Discount,Synthetic promotion,179.89,8.99,0,0,0,0,188.88,,,,,
Delhi,ABNAH Cafe Saket Premium,,BILL-OUT003-260127-0050,50,Delivery/Takeaway,,2026-01-27 17:22:00,2026-01-27 17:37:00,Desserts,Apple Pie,MENU0108,Dessert,Menu Item,274.16,1.0,274.16,0.0,,,274.16,13.71,0,0,0,0,287.87,,,,,
Delhi,ABNAH Cafe Saket Premium,,BILL-OUT003-260127-0051,51,Delivery/Takeaway,,2026-01-27 18:47:00,2026-01-27 18:57:00,Desserts,Basque Cheesecake,MENU0109,Dessert,Menu Item,310.0,2.0,620.0,29.23,Bill Discount,Synthetic promotion,590.77,29.54,0,0,0,0,620.31,,,,,
Delhi,ABNAH Cafe Saket Premium,,BILL-OUT003-260128-0001,1,Delivery/Takeaway,,2026-01-28 16:21:00,2026-01-28 17:05:00,Coffee Classics,Americano - Regular,MENU0003,Beverage,Menu Item,185.0,1.0,185.0,2.35,Bill Discount,Synthetic promotion,182.65,9.13,0,0,0,0,191.78,,,,,
Delhi,ABNAH Cafe Saket Premium,,BILL-OUT003-260128-0002,2,Delivery/Takeaway,,2026-01-28 17:38:00,2026-01-28 17:50:00,Coffee Classics,Latte - Regular,MENU0006,Beverage,Menu Item,225.0,2.0,450.0,10.31,Bill Discount,Synthetic promotion,439.69,21.98,0,0,0,0,461.67,,,,,
Delhi,ABNAH Cafe Saket Premium,,BILL-OUT003-260128-0003,3,Delivery/Takeaway,,2026-01-28 12:37:00,2026-01-28 13:26:00,Coffee Classics,Latte - Large,MENU0008,Beverage,Menu Item,275.0,2.0,550.0,14.26,Bill Discount,Synthetic promotion,535.74,26.79,0,0,0,0,562.53,,,,,
Delhi,ABNAH Cafe Saket Premium,,BILL-OUT003-260128-0004,4,Delivery/Takeaway,,2026-01-28 10:12:00,2026-01-28 10:55:00,Coffee Classics,Cappuccino - Regular,MENU0009,Beverage,Menu Item,229.26,1.0,229.26,0.0,,,229.26,11.46,0,0,0,0,240.72,,,,,
Delhi,ABNAH Cafe Saket Premium,,BILL-OUT003-260128-0005,5,Dine In,T19,2026-01-28 09:17:00,2026-01-28 09:51:00,Coffee Classics,Cappuccino - Medium,MENU0010,Beverage,Menu Item,250.0,1.0,250.0,8.7,Bill Discount,Synthetic promotion,241.3,12.06,0,0,0,0,253.36,,,,,
Delhi,ABNAH Cafe Saket Premium,,BILL-OUT003-260128-0006,6,Delivery/Takeaway,,2026-01-28 19:59:00,2026-01-28 20:47:00,Coffee Classics,Cappuccino - Large,MENU0011,Beverage,Menu Item,275.0,1.0,275.0,6.95,Bill Discount,Synthetic promotion,268.05,13.4,0,0,0,0,281.45,,,,,
Delhi,ABNAH Cafe Saket Premium,,BILL-OUT003-260128-0007,7,Delivery/Takeaway,,2026-01-28 09:56:00,2026-01-28 10:09:00,Coffee Classics,Flat White - Regular,MENU0012,Beverage,Menu Item,235.0,2.0,470.0,25.71,Bill Discount,Synthetic promotion,444.29,22.21,0,0,0,0,466.5,,,,,
Delhi,ABNAH Cafe Saket Premium,,BILL-OUT003-260128-0008,8,Delivery/Takeaway,,2026-01-28 17:22:00,2026-01-28 17:33:00,Coffee Classics,Flat White - Medium,MENU0013,Beverage,Menu Item,265.11,1.0,265.11,0.0,,,265.11,13.26,0,0,0,0,278.37,,,,,
Delhi,ABNAH Cafe Saket Premium,,BILL-OUT003-260128-0009,9,Delivery/Takeaway,,2026-01-28 18:54:00,2026-01-28 19:28:00,Coffee Classics,Flat White - Large,MENU0014,Beverage,Menu Item,285.0,1.0,285.0,10.44,Bill Discount,Synthetic promotion,274.56,13.73,0,0,0,0,288.29,,,,,
Delhi,ABNAH Cafe Saket Premium,,BILL-OUT003-260128-0010,10,Delivery/Takeaway,,2026-01-28 15:08:00,2026-01-28 15:42:00,Coffee Classics,Mocha - Regular,MENU0015,Beverage,Menu Item,245.0,1.0,245.0,0.75,Bill Discount,Synthetic promotion,244.25,12.21,0,0,0,0,256.46,,,,,
Delhi,ABNAH Cafe Saket Premium,,BILL-OUT003-260128-0011,11,Delivery/Takeaway,,2026-01-28 10:43:00,2026-01-28 11:12:00,Signature Coffee,Sea Salt Mocha - Large,MENU0020,Beverage,Menu Item,335.0,1.0,335.0,2.25,Bill Discount,Synthetic promotion,332.75,16.64,0,0,0,0,349.39,,,,,
Delhi,ABNAH Cafe Saket Premium,,BILL-OUT003-260128-0012,12,Dine In,T15,2026-01-28 10:19:00,2026-01-28 10:40:00,Signature Coffee,Caramel Macchiato - Medium,MENU0025,Beverage,Menu Item,295.0,2.0,590.0,24.39,Bill Discount,Synthetic promotion,565.61,28.28,0,0,0,0,593.89,,,,,
Delhi,ABNAH Cafe Saket Premium,,BILL-OUT003-260128-0013,13,Dine In,T18,2026-01-28 18:36:00,2026-01-28 18:59:00,Signature Coffee,Caramel Macchiato - Large,MENU0026,Beverage,Menu Item,325.0,2.0,650.0,14.36,Bill Discount,Synthetic promotion,635.64,31.78,0,0,0,0,667.42,,,,,
Delhi,ABNAH Cafe Saket Premium,,BILL-OUT003-260128-0014,14,Delivery/Takeaway,,2026-01-28 15:50:00,2026-01-28 16:13:00,Signature Coffee,French Vanilla Latte - Regular,MENU0027,Beverage,Menu Item,265.31,1.0,265.31,0.0,,,265.31,13.27,0,0,0,0,278.58,,,,,
Delhi,ABNAH Cafe Saket Premium,,BILL-OUT003-260128-0015,15,Delivery/Takeaway,,2026-01-28 17:08:00,2026-01-28 17:55:00,Signature Coffee,French Vanilla Latte - Medium,MENU0028,Beverage,Menu Item,297.12,2.0,594.24,0.0,,,594.25,29.71,0,0,0,0,623.96,,,,,
Delhi,ABNAH Cafe Saket Premium,,BILL-OUT003-260128-0016,16,Delivery/Takeaway,,2026-01-28 11:32:00,2026-01-28 12:20:00,Signature Coffee,Vegan Iced Latte - Regular,MENU0030,Beverage,Menu Item,285.0,1.0,285.0,4.6,Bill Discount,Synthetic promotion,280.4,14.02,0,0,0,0,294.42,,,,,
Delhi,ABNAH Cafe Saket Premium,,BILL-OUT003-260128-0017,17,Dine In,T23,2026-01-28 10:51:00,2026-01-28 11:01:00,Signature Coffee,Vegan Iced Latte - Medium,MENU0031,Beverage,Menu Item,310.0,1.0,310.0,17.5,Bill Discount,Synthetic promotion,292.5,14.62,0,0,0,0,307.12,,,,,
Delhi,ABNAH Cafe Saket Premium,,BILL-OUT003-260128-0018,18,Dine In,T22,2026-01-28 09:04:00,2026-01-28 09:33:00,Signature Coffee,Vegan Iced Latte - Large,MENU0032,Beverage,Menu Item,335.0,1.0,335.0,5.79,Bill Discount,Synthetic promotion,329.21,16.46,0,0,0,0,345.67,,,,,
Delhi,ABNAH Cafe Saket Premium,,BILL-OUT003-260128-0019,19,Delivery/Takeaway,,2026-01-28 16:56:00,2026-01-28 17:12:00,Cold Brew,Classic Cold Brew - Medium,MENU0034,Beverage,Menu Item,250.0,1.0,250.0,11.14,Bill Discount,Synthetic promotion,238.86,11.94,0,0,0,0,250.8,,,,,
Delhi,ABNAH Cafe Saket Premium,,BILL-OUT003-260128-0020,20,Delivery/Takeaway,,2026-01-28 17:57:00,2026-01-28 18:43:00,Cold Brew,Classic Cold Brew - Large,MENU0035,Beverage,Menu Item,277.05,2.0,554.1,0.0,,,554.1,27.7,0,0,0,0,581.8,,,,,
Delhi,ABNAH Cafe Saket Premium,,BILL-OUT003-260128-0021,21,Delivery/Takeaway,,2026-01-28 14:44:00,2026-01-28 15:01:00,Cold Brew,Vietnamese Shakerato - Regular,MENU0039,Beverage,Menu Item,258.64,1.0,258.64,0.0,,,258.64,12.93,0,0,0,0,271.57,,,,,
Delhi,ABNAH Cafe Saket Premium,,BILL-OUT003-260128-0022,22,Dine In,T04,2026-01-28 13:04:00,2026-01-28 13:51:00,Cold Coffee,Classic Cold Coffee - Regular,MENU0042,Beverage,Menu Item,255.0,2.0,510.0,28.32,Bill Discount,Synthetic promotion,481.68,24.08,0,0,0,0,505.76,,,,,
Delhi,ABNAH Cafe Saket Premium,,BILL-OUT003-260128-0023,23,Delivery/Takeaway,,2026-01-28 11:17:00,2026-01-28 12:06:00,Cold Coffee,Classic Cold Coffee - Medium,MENU0043,Beverage,Menu Item,294.16,1.0,294.16,0.0,,,294.16,14.71,0,0,0,0,308.87,,,,,
Delhi,ABNAH Cafe Saket Premium,,BILL-OUT003-260128-0024,24,Delivery/Takeaway,,2026-01-28 14:51:00,2026-01-28 15:27:00,Cold Coffee,Caramel Cold Coffee - Regular,MENU0048,Beverage,Menu Item,285.0,1.0,285.0,3.45,Bill Discount,Synthetic promotion,281.55,14.08,0,0,0,0,295.63,,,,,
Delhi,ABNAH Cafe Saket Premium,,BILL-OUT003-260128-0025,25,Dine In,T08,2026-01-28 16:53:00,2026-01-28 17:37:00,Cold Coffee,Caramel Cold Coffee - Large,MENU0050,Beverage,Menu Item,357.78,1.0,357.78,0.0,,,357.78,17.89,0,0,0,0,375.67,,,,,
Delhi,ABNAH Cafe Saket Premium,,BILL-OUT003-260128-0026,26,Delivery/Takeaway,,2026-01-28 10:36:00,2026-01-28 11:12:00,Tea,Masala Chai Latte - Regular,MENU0051,Beverage,Menu Item,196.74,1.0,196.74,0.0,,,196.74,9.84,0,0,0,0,206.58,,,,,
Delhi,ABNAH Cafe Saket Premium,,BILL-OUT003-260128-0027,27,Delivery/Takeaway,,2026-01-28 08:33:00,2026-01-28 08:48:00,Tea,Japanese Matcha Latte - Regular,MENU0055,Beverage,Menu Item,265.0,2.0,530.0,0.47,Bill Discount,Synthetic promotion,529.53,26.48,0,0,0,0,556.01,,,,,
Delhi,ABNAH Cafe Saket Premium,,BILL-OUT003-260128-0028,28,Delivery/Takeaway,,2026-01-28 17:26:00,2026-01-28 18:06:00,Shake,Choco Chip Shake - Medium,MENU0069,Beverage,Menu Item,335.08,2.0,670.16,0.0,,,670.17,33.51,0,0,0,0,703.68,,,,,
Delhi,ABNAH Cafe Saket Premium,,BILL-OUT003-260128-0029,29,Dine In,T04,2026-01-28 09:37:00,2026-01-28 10:25:00,Shake,Mixed Berry Shake - Regular,MENU0071,Beverage,Menu Item,315.0,1.0,315.0,9.2,Bill Discount,Synthetic promotion,305.8,15.29,0,0,0,0,321.09,,,,,
Delhi,ABNAH Cafe Saket Premium,,BILL-OUT003-260128-0030,30,Delivery/Takeaway,,2026-01-28 11:12:00,2026-01-28 11:37:00,Shake,Mixed Berry Shake - Medium,MENU0072,Beverage,Menu Item,350.0,2.0,700.0,37.53,Bill Discount,Synthetic promotion,662.47,33.12,0,0,0,0,695.59,,,,,
Delhi,ABNAH Cafe Saket Premium,,BILL-OUT003-260128-0031,31,Delivery/Takeaway,,2026-01-28 17:45:00,2026-01-28 18:20:00,Shake,Mixed Berry Shake - Large,MENU0073,Beverage,Menu Item,385.0,1.0,385.0,7.29,Bill Discount,Synthetic promotion,377.71,18.89,0,0,0,0,396.6,,,,,
Delhi,ABNAH Cafe Saket Premium,,BILL-OUT003-260128-0032,32,Dine In,T19,2026-01-28 12:05:00,2026-01-28 12:28:00,Wraps,Shredded Chicken Wrap,MENU0078,Food,Menu Item,295.0,1.0,295.0,13.88,Bill Discount,Synthetic promotion,281.12,14.06,0,0,0,0,295.18,,,,,
Delhi,ABNAH Cafe Saket Premium,,BILL-OUT003-260128-0033,33,Dine In,T15,2026-01-28 17:24:00,2026-01-28 17:51:00,Sandwiches,Tandoori Chicken Sandwich,MENU0082,Food,Menu Item,320.0,1.0,320.0,16.86,Bill Discount,Synthetic promotion,303.14,15.16,0,0,0,0,318.3,,,,,
Delhi,ABNAH Cafe Saket Premium,,BILL-OUT003-260128-0034,34,Delivery/Takeaway,,2026-01-28 12:48:00,2026-01-28 13:14:00,Breakfast,Masala Egg Bun,MENU0089,Food,Menu Item,225.0,1.0,225.0,0.23,Bill Discount,Synthetic promotion,224.77,11.24,0,0,0,0,236.01,,,,,
Delhi,ABNAH Cafe Saket Premium,,BILL-OUT003-260128-0035,35,Delivery/Takeaway,,2026-01-28 13:47:00,2026-01-28 14:34:00,Snacks,Marinara Cheese Pin Wheels,MENU0090,Food,Menu Item,215.85,1.0,215.85,0.0,,,215.85,10.79,0,0,0,0,226.64,,,,,
Delhi,ABNAH Cafe Saket Premium,,BILL-OUT003-260128-0036,36,Delivery/Takeaway,,2026-01-28 13:23:00,2026-01-28 13:35:00,Snacks,Pesto Sundried Tomato Pin Wheel,MENU0091,Food,Menu Item,225.0,1.0,225.0,3.13,Bill Discount,Synthetic promotion,221.87,11.09,0,0,0,0,232.96,,,,,
Delhi,ABNAH Cafe Saket Premium,,BILL-OUT003-260128-0037,37,Delivery/Takeaway,,2026-01-28 10:27:00,2026-01-28 11:02:00,Baked Goods,Butter Croissant,MENU0094,Food,Menu Item,197.44,1.0,197.44,0.0,,,197.44,9.87,0,0,0,0,207.31,,,,,
Delhi,ABNAH Cafe Saket Premium,,BILL-OUT003-260128-0038,38,Delivery/Takeaway,,2026-01-28 13:57:00,2026-01-28 14:34:00,Baked Goods,Almond Croissant,MENU0095,Food,Menu Item,245.0,1.0,245.0,6.36,Bill Discount,Synthetic promotion,238.64,11.93,0,0,0,0,250.57,,,,,
Delhi,ABNAH Cafe Saket Premium,,BILL-OUT003-260128-0039,39,Delivery/Takeaway,,2026-01-28 13:56:00,2026-01-28 14:16:00,Baked Goods,Chocolate Croissant,MENU0096,Food,Menu Item,235.0,2.0,470.0,13.07,Bill Discount,Synthetic promotion,456.93,22.85,0,0,0,0,479.78,,,,,
Delhi,ABNAH Cafe Saket Premium,,BILL-OUT003-260128-0040,40,Delivery/Takeaway,,2026-01-28 09:21:00,2026-01-28 09:31:00,Baked Goods,Banana Walnut Tea Cake,MENU0100,Dessert,Menu Item,205.0,1.0,205.0,8.78,Bill Discount,Synthetic promotion,196.22,9.81,0,0,0,0,206.03,,,,,
Delhi,ABNAH Cafe Saket Premium,,BILL-OUT003-260128-0041,41,Delivery/Takeaway,,2026-01-28 11:44:00,2026-01-28 11:54:00,Desserts,Double Chocolate Truffle Cake,MENU0102,Dessert,Menu Item,300.11,1.0,300.11,0.0,,,300.11,15.01,0,0,0,0,315.12,,,,,
Delhi,ABNAH Cafe Saket Premium,,BILL-OUT003-260128-0042,42,Dine In,T04,2026-01-28 09:10:00,2026-01-28 09:41:00,Desserts,Banoffee Pie,MENU0103,Dessert,Menu Item,285.0,1.0,285.0,15.49,Bill Discount,Synthetic promotion,269.51,13.48,0,0,0,0,282.99,,,,,
Delhi,ABNAH Cafe Saket Premium,,BILL-OUT003-260128-0043,43,Delivery/Takeaway,,2026-01-28 10:21:00,2026-01-28 10:38:00,Desserts,Classic Chocolate Fudge Brownie,MENU0104,Dessert,Menu Item,195.0,1.0,195.0,2.68,Bill Discount,Synthetic promotion,192.32,9.62,0,0,0,0,201.94,,,,,
Delhi,ABNAH Cafe Saket Premium,,BILL-OUT003-260128-0044,44,Delivery/Takeaway,,2026-01-28 12:55:00,2026-01-28 13:31:00,Desserts,Soft-Centred Caramel Cookie,MENU0105,Dessert,Menu Item,181.49,1.0,181.49,0.0,,,181.49,9.07,0,0,0,0,190.56,,,,,
Delhi,ABNAH Cafe Saket Premium,,BILL-OUT003-260129-0001,1,Dine In,T17,2026-01-29 13:43:00,2026-01-29 14:30:00,Coffee Classics,Americano - Regular,MENU0003,Beverage,Menu Item,185.0,1.0,185.0,3.53,Bill Discount,Synthetic promotion,181.47,9.07,0,0,0,0,190.54,,,,,
Delhi,ABNAH Cafe Saket Premium,,BILL-OUT003-260129-0002,2,Delivery/Takeaway,,2026-01-29 14:42:00,2026-01-29 14:52:00,Coffee Classics,Americano - Medium,MENU0004,Beverage,Menu Item,210.0,3.0,630.0,20.81,Bill Discount,Synthetic promotion,609.19,30.46,0,0,0,0,639.65,,,,,
Delhi,ABNAH Cafe Saket Premium,,BILL-OUT003-260129-0003,3,Delivery/Takeaway,,2026-01-29 14:01:00,2026-01-29 14:31:00,Coffee Classics,Latte - Regular,MENU0006,Beverage,Menu Item,225.0,3.0,675.0,9.78,Bill Discount,Synthetic promotion,665.22,33.26,0,0,0,0,698.48,,,,,
Delhi,ABNAH Cafe Saket Premium,,BILL-OUT003-260129-0004,4,Delivery/Takeaway,,2026-01-29 11:07:00,2026-01-29 11:34:00,Coffee Classics,Latte - Medium,MENU0007,Beverage,Menu Item,250.0,2.0,500.0,23.38,Bill Discount,Synthetic promotion,476.62,23.83,0,0,0,0,500.45,,,,,
Delhi,ABNAH Cafe Saket Premium,,BILL-OUT003-260129-0005,5,Dine In,T07,2026-01-29 09:15:00,2026-01-29 10:03:00,Coffee Classics,Latte - Large,MENU0008,Beverage,Menu Item,275.0,3.0,825.0,37.76,Bill Discount,Synthetic promotion,787.24,39.36,0,0,0,0,826.6,,,,,
Delhi,ABNAH Cafe Saket Premium,,BILL-OUT003-260129-0006,6,Delivery/Takeaway,,2026-01-29 14:42:00,2026-01-29 14:53:00,Coffee Classics,Cappuccino - Medium,MENU0010,Beverage,Menu Item,250.0,3.0,750.0,38.08,Bill Discount,Synthetic promotion,711.92,35.6,0,0,0,0,747.52,,,,,
Delhi,ABNAH Cafe Saket Premium,,BILL-OUT003-260129-0007,7,Delivery/Takeaway,,2026-01-29 16:23:00,2026-01-29 16:32:00,Coffee Classics,Cappuccino - Large,MENU0011,Beverage,Menu Item,275.0,4.0,1100.0,27.22,Bill Discount,Synthetic promotion,1072.78,53.64,0,0,0,0,1126.42,,,,,
Delhi,ABNAH Cafe Saket Premium,,BILL-OUT003-260129-0008,8,Delivery/Takeaway,,2026-01-29 08:40:00,2026-01-29 09:09:00,Coffee Classics,Flat White - Regular,MENU0012,Beverage,Menu Item,235.0,1.0,235.0,9.01,Bill Discount,Synthetic promotion,225.99,11.3,0,0,0,0,237.29,,,,,
Delhi,ABNAH Cafe Saket Premium,,BILL-OUT003-260129-0009,9,Delivery/Takeaway,,2026-01-29 11:16:00,2026-01-29 11:55:00,Coffee Classics,Flat White - Large,MENU0014,Beverage,Menu Item,285.0,2.0,570.0,27.57,Bill Discount,Synthetic promotion,542.43,27.12,0,0,0,0,569.55,,,,,
Delhi,ABNAH Cafe Saket Premium,,BILL-OUT003-260129-0010,10,Dine In,T15,2026-01-29 13:01:00,2026-01-29 13:23:00,Coffee Classics,Mocha - Medium,MENU0016,Beverage,Menu Item,270.0,2.0,540.0,7.97,Bill Discount,Synthetic promotion,532.03,26.6,0,0,0,0,558.63,,,,,
Delhi,ABNAH Cafe Saket Premium,,BILL-OUT003-260129-0011,11,Delivery/Takeaway,,2026-01-29 16:06:00,2026-01-29 16:14:00,Signature Coffee,Sea Salt Mocha - Large,MENU0020,Beverage,Menu Item,340.06,1.0,340.06,0.0,,,340.06,17.0,0,0,0,0,357.06,,,,,
Delhi,ABNAH Cafe Saket Premium,,BILL-OUT003-260129-0012,12,Delivery/Takeaway,,2026-01-29 18:56:00,2026-01-29 19:09:00,Signature Coffee,Orange Zest Mocha - Regular,MENU0021,Beverage,Menu Item,270.0,1.0,270.0,4.6,Bill Discount,Synthetic promotion,265.4,13.27,0,0,0,0,278.67,,,,,
Delhi,ABNAH Cafe Saket Premium,,BILL-OUT003-260129-0013,13,Dine In,T14,2026-01-29 18:02:00,2026-01-29 18:46:00,Signature Coffee,Orange Zest Mocha - Large,MENU0023,Beverage,Menu Item,330.0,1.0,330.0,8.7,Bill Discount,Synthetic promotion,321.3,16.07,0,0,0,0,337.37,,,,,
Delhi,ABNAH Cafe Saket Premium,,BILL-OUT003-260129-0014,14,Delivery/Takeaway,,2026-01-29 16:09:00,2026-01-29 16:24:00,Signature Coffee,Caramel Macchiato - Large,MENU0026,Beverage,Menu Item,328.99,2.0,657.98,0.0,,,657.98,32.9,0,0,0,0,690.88,,,,,
Delhi,ABNAH Cafe Saket Premium,,BILL-OUT003-260129-0015,15,Dine In,T22,2026-01-29 18:39:00,2026-01-29 18:47:00,Signature Coffee,French Vanilla Latte - Regular,MENU0027,Beverage,Menu Item,265.45,2.0,530.9,0.0,,,530.9,26.55,0,0,0,0,557.45,,,,,
Delhi,ABNAH Cafe Saket Premium,,BILL-OUT003-260129-0016,16,Delivery/Takeaway,,2026-01-29 11:06:00,2026-01-29 11:36:00,Signature Coffee,French Vanilla Latte - Medium,MENU0028,Beverage,Menu Item,300.12,1.0,300.12,0.0,,,300.12,15.01,0,0,0,0,315.13,,,,,
Delhi,ABNAH Cafe Saket Premium,,BILL-OUT003-260129-0017,17,Delivery/Takeaway,,2026-01-29 08:51:00,2026-01-29 09:13:00,Signature Coffee,Vegan Iced Latte - Regular,MENU0030,Beverage,Menu Item,285.0,2.0,570.0,24.24,Bill Discount,Synthetic promotion,545.76,27.29,0,0,0,0,573.05,,,,,
Delhi,ABNAH Cafe Saket Premium,,BILL-OUT003-260129-0018,18,Delivery/Takeaway,,2026-01-29 16:19:00,2026-01-29 16:35:00,Cold Brew,Classic Cold Brew - Regular,MENU0033,Beverage,Menu Item,225.0,1.0,225.0,12.81,Bill Discount,Synthetic promotion,212.19,10.61,0,0,0,0,222.8,,,,,
Delhi,ABNAH Cafe Saket Premium,,BILL-OUT003-260129-0019,19,Delivery/Takeaway,,2026-01-29 17:56:00,2026-01-29 18:25:00,Cold Brew,Vietnamese Shakerato - Regular,MENU0039,Beverage,Menu Item,255.0,1.0,255.0,10.75,Bill Discount,Synthetic promotion,244.25,12.21,0,0,0,0,256.46,,,,,
Delhi,ABNAH Cafe Saket Premium,,BILL-OUT003-260129-0020,20,Delivery/Takeaway,,2026-01-29 09:45:00,2026-01-29 10:19:00,Cold Brew,Vietnamese Shakerato - Medium,MENU0040,Beverage,Menu Item,280.0,1.0,280.0,13.54,Bill Discount,Synthetic promotion,266.46,13.32,0,0,0,0,279.78,,,,,
Delhi,ABNAH Cafe Saket Premium,,BILL-OUT003-260129-0021,21,Dine In,T13,2026-01-29 13:58:00,2026-01-29 14:24:00,Cold Coffee,Mocha Cold Coffee - Medium,MENU0046,Beverage,Menu Item,320.0,4.0,1280.0,51.4,Bill Discount,Synthetic promotion,1228.6,61.43,0,0,0,0,1290.03,,,,,
Delhi,ABNAH Cafe Saket Premium,,BILL-OUT003-260129-0022,22,Delivery/Takeaway,,2026-01-29 15:46:00,2026-01-29 16:09:00,Cold Coffee,Caramel Cold Coffee - Regular,MENU0048,Beverage,Menu Item,285.0,1.0,285.0,12.14,Bill Discount,Synthetic promotion,272.86,13.64,0,0,0,0,286.5,,,,,
Delhi,ABNAH Cafe Saket Premium,,BILL-OUT003-260129-0023,23,Delivery/Takeaway,,2026-01-29 17:25:00,2026-01-29 17:49:00,Cold Coffee,Caramel Cold Coffee - Medium,MENU0049,Beverage,Menu Item,325.0,2.0,650.0,0.0,,,650.01,32.5,0,0,0,0,682.51,,,,,
Delhi,ABNAH Cafe Saket Premium,,BILL-OUT003-260129-0024,24,Delivery/Takeaway,,2026-01-29 09:18:00,2026-01-29 10:06:00,Tea,Masala Chai Latte - Regular,MENU0051,Beverage,Menu Item,198.4,1.0,198.4,0.0,,,198.4,9.92,0,0,0,0,208.32,,,,,
Delhi,ABNAH Cafe Saket Premium,,BILL-OUT003-260129-0025,25,Delivery/Takeaway,,2026-01-29 18:18:00,2026-01-29 18:59:00,Tea,Masala Chai Latte - Large,MENU0053,Beverage,Menu Item,245.0,1.0,245.0,9.51,Bill Discount,Synthetic promotion,235.49,11.77,0,0,0,0,247.26,,,,,
Delhi,ABNAH Cafe Saket Premium,,BILL-OUT003-260129-0026,26,Dine In,T03,2026-01-29 10:53:00,2026-01-29 11:32:00,Tea,Japanese Matcha Latte - Medium,MENU0056,Beverage,Menu Item,295.0,1.0,295.0,17.35,Bill Discount,Synthetic promotion,277.65,13.88,0,0,0,0,291.53,,,,,
Delhi,ABNAH Cafe Saket Premium,,BILL-OUT003-260129-0027,27,Dine In,T24,2026-01-29 13:46:00,2026-01-29 14:08:00,Shake,Mixed Berry Shake - Regular,MENU0071,Beverage,Menu Item,315.0,1.0,315.0,14.58,Bill Discount,Synthetic promotion,300.42,15.02,0,0,0,0,315.44,,,,,
Delhi,ABNAH Cafe Saket Premium,,BILL-OUT003-260129-0028,28,Delivery/Takeaway,,2026-01-29 17:16:00,2026-01-29 17:51:00,Shake,Mixed Berry Shake - Medium,MENU0072,Beverage,Menu Item,350.0,1.0,350.0,15.33,Bill Discount,Synthetic promotion,334.67,16.73,0,0,0,0,351.4,,,,,
Delhi,ABNAH Cafe Saket Premium,,BILL-OUT003-260129-0029,29,Delivery/Takeaway,,2026-01-29 09:20:00,2026-01-29 09:33:00,Wraps,Spicy Paneer Wrap,MENU0077,Food,Menu Item,275.0,1.0,275.0,1.52,Bill Discount,Synthetic promotion,273.48,13.67,0,0,0,0,287.15,,,,,
Delhi,ABNAH Cafe Saket Premium,,BILL-OUT003-260129-0030,30,Delivery/Takeaway,,2026-01-29 12:39:00,2026-01-29 13:00:00,Sandwiches,Pepper Chicken Sandwich,MENU0081,Food,Menu Item,315.0,1.0,315.0,16.11,Bill Discount,Synthetic promotion,298.89,14.94,0,0,0,0,313.83,,,,,
Delhi,ABNAH Cafe Saket Premium,,BILL-OUT003-260129-0031,31,Dine In,T12,2026-01-29 13:39:00,2026-01-29 14:16:00,Baked Goods,Butter Croissant,MENU0094,Food,Menu Item,197.37,1.0,197.37,0.0,,,197.37,9.87,0,0,0,0,207.24,,,,,
Delhi,ABNAH Cafe Saket Premium,,BILL-OUT003-260129-0032,32,Delivery/Takeaway,,2026-01-29 12:43:00,2026-01-29 13:20:00,Baked Goods,Almond Croissant,MENU0095,Food,Menu Item,245.0,1.0,245.0,13.73,Bill Discount,Synthetic promotion,231.27,11.56,0,0,0,0,242.83,,,,,
Delhi,ABNAH Cafe Saket Premium,,BILL-OUT003-260129-0033,33,Dine In,T05,2026-01-29 09:17:00,2026-01-29 09:33:00,Baked Goods,Sriracha Chicken Croissant,MENU0098,Food,Menu Item,275.0,2.0,550.0,11.77,Bill Discount,Synthetic promotion,538.23,26.91,0,0,0,0,565.14,,,,,
Delhi,ABNAH Cafe Saket Premium,,BILL-OUT003-260129-0034,34,Delivery/Takeaway,,2026-01-29 17:00:00,2026-01-29 17:21:00,Baked Goods,Cinnamon Roll with Cream Cheese,MENU0099,Dessert,Menu Item,220.0,1.0,220.0,0.09,Bill Discount,Synthetic promotion,219.91,11.0,0,0,0,0,230.91,,,,,
Delhi,ABNAH Cafe Saket Premium,,BILL-OUT003-260129-0035,35,Dine In,T15,2026-01-29 15:02:00,2026-01-29 15:21:00,Desserts,Double Chocolate Truffle Cake,MENU0102,Dessert,Menu Item,300.17,2.0,600.34,0.0,,,600.34,30.02,0,0,0,0,630.36,,,,,
Delhi,ABNAH Cafe Saket Premium,,BILL-OUT003-260129-0036,36,Delivery/Takeaway,,2026-01-29 11:20:00,2026-01-29 12:05:00,Desserts,Banoffee Pie,MENU0103,Dessert,Menu Item,285.0,1.0,285.0,8.27,Bill Discount,Synthetic promotion,276.73,13.84,0,0,0,0,290.57,,,,,
Delhi,ABNAH Cafe Saket Premium,,BILL-OUT003-260129-0037,37,Delivery/Takeaway,,2026-01-29 10:41:00,2026-01-29 11:11:00,Desserts,Classic Chocolate Fudge Brownie,MENU0104,Dessert,Menu Item,195.0,1.0,195.0,3.23,Bill Discount,Synthetic promotion,191.77,9.59,0,0,0,0,201.36,,,,,
Delhi,ABNAH Cafe Saket Premium,,BILL-OUT003-260129-0038,38,Delivery/Takeaway,,2026-01-29 16:16:00,2026-01-29 17:03:00,Desserts,Death by Chocolate Cookie,MENU0106,Dessert,Menu Item,190.0,1.0,190.0,1.73,Bill Discount,Synthetic promotion,188.27,9.41,0,0,0,0,197.68,,,,,
Delhi,ABNAH Cafe Saket Premium,,BILL-OUT003-260129-0039,39,Dine In,T07,2026-01-29 14:22:00,2026-01-29 14:41:00,Desserts,Jaggery Parmesan Cookie,MENU0107,Dessert,Menu Item,170.0,2.0,340.0,4.65,Bill Discount,Synthetic promotion,335.35,16.77,0,0,0,0,352.12,,,,,
Delhi,ABNAH Cafe Saket Premium,,BILL-OUT003-260129-0040,40,Delivery/Takeaway,,2026-01-29 17:47:00,2026-01-29 18:29:00,Desserts,Apple Pie,MENU0108,Dessert,Menu Item,270.0,1.0,270.0,4.69,Bill Discount,Synthetic promotion,265.31,13.27,0,0,0,0,278.58,,,,,
Delhi,ABNAH Cafe Saket Premium,,BILL-OUT003-260130-0001,1,Dine In,T15,2026-01-30 16:04:00,2026-01-30 16:31:00,Espresso,Espresso Shot - Doppio,MENU0002,Beverage,Menu Item,185.0,1.0,185.0,7.09,Bill Discount,Synthetic promotion,177.91,8.9,0,0,0,0,186.81,,,,,
Delhi,ABNAH Cafe Saket Premium,,BILL-OUT003-260130-0002,2,Dine In,T13,2026-01-30 13:07:00,2026-01-30 13:48:00,Coffee Classics,Americano - Regular,MENU0003,Beverage,Menu Item,185.0,1.0,185.0,3.64,Bill Discount,Synthetic promotion,181.36,9.07,0,0,0,0,190.43,,,,,
Delhi,ABNAH Cafe Saket Premium,,BILL-OUT003-260130-0003,3,Delivery/Takeaway,,2026-01-30 09:17:00,2026-01-30 09:42:00,Coffee Classics,Americano - Medium,MENU0004,Beverage,Menu Item,210.0,1.0,210.0,10.84,Bill Discount,Synthetic promotion,199.16,9.96,0,0,0,0,209.12,,,,,
Delhi,ABNAH Cafe Saket Premium,,BILL-OUT003-260130-0004,4,Delivery/Takeaway,,2026-01-30 14:52:00,2026-01-30 15:34:00,Coffee Classics,Americano - Large,MENU0005,Beverage,Menu Item,235.0,2.0,470.0,15.08,Bill Discount,Synthetic promotion,454.92,22.75,0,0,0,0,477.67,,,,,
Delhi,ABNAH Cafe Saket Premium,,BILL-OUT003-260130-0005,5,Dine In,T20,2026-01-30 16:25:00,2026-01-30 16:54:00,Coffee Classics,Latte - Regular,MENU0006,Beverage,Menu Item,225.0,2.0,450.0,7.63,Bill Discount,Synthetic promotion,442.37,22.12,0,0,0,0,464.49,,,,,
Delhi,ABNAH Cafe Saket Premium,,BILL-OUT003-260130-0006,6,Dine In,T16,2026-01-30 12:16:00,2026-01-30 12:33:00,Coffee Classics,Latte - Medium,MENU0007,Beverage,Menu Item,250.0,2.0,500.0,13.48,Bill Discount,Synthetic promotion,486.52,24.33,0,0,0,0,510.85,,,,,
Delhi,ABNAH Cafe Saket Premium,,BILL-OUT003-260130-0007,7,Delivery/Takeaway,,2026-01-30 12:53:00,2026-01-30 13:32:00,Coffee Classics,Latte - Large,MENU0008,Beverage,Menu Item,275.0,2.0,550.0,29.61,Bill Discount,Synthetic promotion,520.39,26.02,0,0,0,0,546.41,,,,,
Delhi,ABNAH Cafe Saket Premium,,BILL-OUT003-260130-0008,8,Delivery/Takeaway,,2026-01-30 15:37:00,2026-01-30 16:20:00,Coffee Classics,Cappuccino - Medium,MENU0010,Beverage,Menu Item,250.0,2.0,500.0,27.36,Bill Discount,Synthetic promotion,472.64,23.63,0,0,0,0,496.27,,,,,
Delhi,ABNAH Cafe Saket Premium,,BILL-OUT003-260130-0009,9,Delivery/Takeaway,,2026-01-30 09:32:00,2026-01-30 09:43:00,Coffee Classics,Flat White - Regular,MENU0012,Beverage,Menu Item,235.0,6.0,1410.0,81.34,Bill Discount,Synthetic promotion,1328.66,66.43,0,0,0,0,1395.09,,,,,
Delhi,ABNAH Cafe Saket Premium,,BILL-OUT003-260130-0010,10,Dine In,T10,2026-01-30 15:08:00,2026-01-30 15:24:00,Coffee Classics,Flat White - Medium,MENU0013,Beverage,Menu Item,260.0,1.0,260.0,9.79,Bill Discount,Synthetic promotion,250.21,12.51,0,0,0,0,262.72,,,,,
Delhi,ABNAH Cafe Saket Premium,,BILL-OUT003-260130-0011,11,Dine In,T23,2026-01-30 10:54:00,2026-01-30 11:05:00,Coffee Classics,Flat White - Large,MENU0014,Beverage,Menu Item,285.0,1.0,285.0,11.59,Bill Discount,Synthetic promotion,273.41,13.67,0,0,0,0,287.08,,,,,
Delhi,ABNAH Cafe Saket Premium,,BILL-OUT003-260130-0012,12,Delivery/Takeaway,,2026-01-30 19:53:00,2026-01-30 20:27:00,Coffee Classics,Mocha - Regular,MENU0015,Beverage,Menu Item,245.0,1.0,245.0,2.09,Bill Discount,Synthetic promotion,242.91,12.15,0,0,0,0,255.06,,,,,
Delhi,ABNAH Cafe Saket Premium,,BILL-OUT003-260130-0013,13,Dine In,T05,2026-01-30 17:10:00,2026-01-30 17:43:00,Coffee Classics,Mocha - Medium,MENU0016,Beverage,Menu Item,270.0,2.0,540.0,2.14,Bill Discount,Synthetic promotion,537.86,26.89,0,0,0,0,564.75,,,,,
Delhi,ABNAH Cafe Saket Premium,,BILL-OUT003-260130-0014,14,Dine In,T17,2026-01-30 15:14:00,2026-01-30 15:58:00,Coffee Classics,Mocha - Large,MENU0017,Beverage,Menu Item,295.0,2.0,590.0,31.78,Bill Discount,Synthetic promotion,558.22,27.91,0,0,0,0,586.13,,,,,
Delhi,ABNAH Cafe Saket Premium,,BILL-OUT003-260130-0015,15,Dine In,T22,2026-01-30 18:42:00,2026-01-30 18:56:00,Signature Coffee,Sea Salt Mocha - Regular,MENU0018,Beverage,Menu Item,275.0,1.0,275.0,14.19,Bill Discount,Synthetic promotion,260.81,13.04,0,0,0,0,273.85,,,,,
Delhi,ABNAH Cafe Saket Premium,,BILL-OUT003-260130-0016,16,Delivery/Takeaway,,2026-01-30 13:21:00,2026-01-30 13:53:00,Signature Coffee,Sea Salt Mocha - Medium,MENU0019,Beverage,Menu Item,305.0,3.0,915.0,32.24,Bill Discount,Synthetic promotion,882.76,44.14,0,0,0,0,926.9,,,,,
Delhi,ABNAH Cafe Saket Premium,,BILL-OUT003-260130-0017,17,Delivery/Takeaway,,2026-01-30 19:45:00,2026-01-30 20:30:00,Signature Coffee,Orange Zest Mocha - Medium,MENU0022,Beverage,Menu Item,300.0,3.0,900.0,40.3,Bill Discount,Synthetic promotion,859.7,42.98,0,0,0,0,902.68,,,,,
Delhi,ABNAH Cafe Saket Premium,,BILL-OUT003-260130-0018,18,Delivery/Takeaway,,2026-01-30 11:06:00,2026-01-30 11:46:00,Signature Coffee,Caramel Macchiato - Regular,MENU0024,Beverage,Menu Item,265.0,1.0,265.0,5.44,Bill Discount,Synthetic promotion,259.56,12.98,0,0,0,0,272.54,,,,,
Delhi,ABNAH Cafe Saket Premium,,BILL-OUT003-260130-0019,19,Dine In,T10,2026-01-30 16:15:00,2026-01-30 16:56:00,Signature Coffee,Caramel Macchiato - Large,MENU0026,Beverage,Menu Item,325.0,1.0,325.0,2.7,Bill Discount,Synthetic promotion,322.3,16.11,0,0,0,0,338.41,,,,,
Delhi,ABNAH Cafe Saket Premium,,BILL-OUT003-260130-0020,20,Delivery/Takeaway,,2026-01-30 10:20:00,2026-01-30 10:59:00,Signature Coffee,French Vanilla Latte - Regular,MENU0027,Beverage,Menu Item,265.0,2.0,530.0,1.28,Bill Discount,Synthetic promotion,528.72,26.44,0,0,0,0,555.16,,,,,
Delhi,ABNAH Cafe Saket Premium,,BILL-OUT003-260130-0021,21,Delivery/Takeaway,,2026-01-30 16:48:00,2026-01-30 17:15:00,Signature Coffee,French Vanilla Latte - Medium,MENU0028,Beverage,Menu Item,295.0,2.0,590.0,16.95,Bill Discount,Synthetic promotion,573.05,28.65,0,0,0,0,601.7,,,,,
Delhi,ABNAH Cafe Saket Premium,,BILL-OUT003-260130-0022,22,Dine In,T20,2026-01-30 08:04:00,2026-01-30 08:14:00,Signature Coffee,Vegan Iced Latte - Regular,MENU0030,Beverage,Menu Item,285.0,2.0,570.0,14.13,Bill Discount,Synthetic promotion,555.87,27.79,0,0,0,0,583.66,,,,,
Delhi,ABNAH Cafe Saket Premium,,BILL-OUT003-260130-0023,23,Delivery/Takeaway,,2026-01-30 17:07:00,2026-01-30 17:54:00,Signature Coffee,Vegan Iced Latte - Large,MENU0032,Beverage,Menu Item,335.0,5.0,1675.0,61.65,Bill Discount,Synthetic promotion,1613.35,80.67,0,0,0,0,1694.02,,,,,
Delhi,ABNAH Cafe Saket Premium,,BILL-OUT003-260130-0024,24,Delivery/Takeaway,,2026-01-30 13:09:00,2026-01-30 13:30:00,Cold Brew,Coffee Lemonade - Regular,MENU0036,Beverage,Menu Item,235.0,1.0,235.0,1.66,Bill Discount,Synthetic promotion,233.34,11.67,0,0,0,0,245.01,,,,,
Delhi,ABNAH Cafe Saket Premium,,BILL-OUT003-260130-0025,25,Delivery/Takeaway,,2026-01-30 19:16:00,2026-01-30 19:55:00,Cold Brew,Coffee Lemonade - Medium,MENU0037,Beverage,Menu Item,260.0,1.0,260.0,3.47,Bill Discount,Synthetic promotion,256.53,12.83,0,0,0,0,269.36,,,,,
Delhi,ABNAH Cafe Saket Premium,,BILL-OUT003-260130-0026,26,Dine In,T06,2026-01-30 17:26:00,2026-01-30 17:37:00,Cold Brew,Coffee Lemonade - Large,MENU0038,Beverage,Menu Item,290.17,1.0,290.17,0.0,,,290.17,14.51,0,0,0,0,304.68,,,,,
Delhi,ABNAH Cafe Saket Premium,,BILL-OUT003-260130-0027,27,Delivery/Takeaway,,2026-01-30 12:41:00,2026-01-30 13:11:00,Cold Coffee,Classic Cold Coffee - Regular,MENU0042,Beverage,Menu Item,260.06,1.0,260.06,0.0,,,260.06,13.0,0,0,0,0,273.06,,,,,
Delhi,ABNAH Cafe Saket Premium,,BILL-OUT003-260130-0028,28,Dine In,T11,2026-01-30 15:12:00,2026-01-30 15:46:00,Cold Coffee,Classic Cold Coffee - Medium,MENU0043,Beverage,Menu Item,290.0,2.0,580.0,5.74,Bill Discount,Synthetic promotion,574.26,28.71,0,0,0,0,602.97,,,,,
Delhi,ABNAH Cafe Saket Premium,,BILL-OUT003-260130-0029,29,Delivery/Takeaway,,2026-01-30 15:51:00,2026-01-30 16:02:00,Cold Coffee,Classic Cold Coffee - Large,MENU0044,Beverage,Menu Item,325.0,1.0,325.0,6.73,Bill Discount,Synthetic promotion,318.27,15.91,0,0,0,0,334.18,,,,,
Delhi,ABNAH Cafe Saket Premium,,BILL-OUT003-260130-0030,30,Delivery/Takeaway,,2026-01-30 16:56:00,2026-01-30 17:23:00,Cold Coffee,Mocha Cold Coffee - Regular,MENU0045,Beverage,Menu Item,285.0,3.0,855.0,38.48,Bill Discount,Synthetic promotion,816.52,40.83,0,0,0,0,857.35,,,,,
Delhi,ABNAH Cafe Saket Premium,,BILL-OUT003-260130-0031,31,Delivery/Takeaway,,2026-01-30 19:13:00,2026-01-30 20:01:00,Cold Coffee,Mocha Cold Coffee - Medium,MENU0046,Beverage,Menu Item,320.0,2.0,640.0,27.58,Bill Discount,Synthetic promotion,612.42,30.62,0,0,0,0,643.04,,,,,
Delhi,ABNAH Cafe Saket Premium,,BILL-OUT003-260130-0032,32,Delivery/Takeaway,,2026-01-30 17:23:00,2026-01-30 17:39:00,Cold Coffee,Mocha Cold Coffee - Large,MENU0047,Beverage,Menu Item,355.0,1.0,355.0,17.1,Bill Discount,Synthetic promotion,337.9,16.89,0,0,0,0,354.79,,,,,
Delhi,ABNAH Cafe Saket Premium,,BILL-OUT003-260130-0033,33,Dine In,T02,2026-01-30 08:49:00,2026-01-30 09:37:00,Cold Coffee,Caramel Cold Coffee - Regular,MENU0048,Beverage,Menu Item,290.2,1.0,290.2,0.0,,,290.2,14.51,0,0,0,0,304.71,,,,,
Delhi,ABNAH Cafe Saket Premium,,BILL-OUT003-260130-0034,34,Delivery/Takeaway,,2026-01-30 09:14:00,2026-01-30 09:49:00,Cold Coffee,Caramel Cold Coffee - Medium,MENU0049,Beverage,Menu Item,320.0,1.0,320.0,0.74,Bill Discount,Synthetic promotion,319.26,15.96,0,0,0,0,335.22,,,,,
Delhi,ABNAH Cafe Saket Premium,,BILL-OUT003-260130-0035,35,Delivery/Takeaway,,2026-01-30 13:56:00,2026-01-30 14:35:00,Cold Coffee,Caramel Cold Coffee - Large,MENU0050,Beverage,Menu Item,361.3,1.0,361.3,0.0,,,361.3,18.07,0,0,0,0,379.37,,,,,
Delhi,ABNAH Cafe Saket Premium,,BILL-OUT003-260130-0036,36,Dine In,T23,2026-01-30 11:21:00,2026-01-30 11:32:00,Tea,Masala Chai Latte - Regular,MENU0051,Beverage,Menu Item,195.0,2.0,390.0,13.15,Bill Discount,Synthetic promotion,376.85,18.84,0,0,0,0,395.69,,,,,
Delhi,ABNAH Cafe Saket Premium,,BILL-OUT003-260130-0037,37,Dine In,T10,2026-01-30 09:30:00,2026-01-30 09:50:00,Iced Tea,Lemon Iced Tea - Regular,MENU0058,Beverage,Menu Item,205.0,1.0,205.0,6.64,Bill Discount,Synthetic promotion,198.36,9.92,0,0,0,0,208.28,,,,,
Delhi,ABNAH Cafe Saket Premium,,BILL-OUT003-260130-0038,38,Delivery/Takeaway,,2026-01-30 18:36:00,2026-01-30 19:11:00,Iced Tea,Lemon Iced Tea - Medium,MENU0059,Beverage,Menu Item,230.0,1.0,230.0,7.98,Bill Discount,Synthetic promotion,222.02,11.1,0,0,0,0,233.12,,,,,
Delhi,ABNAH Cafe Saket Premium,,BILL-OUT003-260130-0039,39,Delivery/Takeaway,,2026-01-30 17:14:00,2026-01-30 17:28:00,Iced Tea,Hibiscus Lime Iced Tea - Medium,MENU0062,Beverage,Menu Item,250.0,1.0,250.0,2.6,Bill Discount,Synthetic promotion,247.4,12.37,0,0,0,0,259.77,,,,,
Delhi,ABNAH Cafe Saket Premium,,BILL-OUT003-260130-0040,40,Dine In,T22,2026-01-30 14:14:00,2026-01-30 14:32:00,Shake,Choco Chip Shake - Medium,MENU0069,Beverage,Menu Item,332.74,1.0,332.74,0.0,,,332.74,16.64,0,0,0,0,349.38,,,,,
Delhi,ABNAH Cafe Saket Premium,,BILL-OUT003-260130-0041,41,Delivery/Takeaway,,2026-01-30 12:54:00,2026-01-30 13:40:00,Shake,Choco Chip Shake - Large,MENU0070,Beverage,Menu Item,365.0,1.0,365.0,16.18,Bill Discount,Synthetic promotion,348.82,17.44,0,0,0,0,366.26,,,,,
Delhi,ABNAH Cafe Saket Premium,,BILL-OUT003-260130-0042,42,Delivery/Takeaway,,2026-01-30 17:32:00,2026-01-30 18:15:00,Shake,Mixed Berry Shake - Regular,MENU0071,Beverage,Menu Item,320.02,1.0,320.02,0.0,,,320.02,16.0,0,0,0,0,336.02,,,,,
Delhi,ABNAH Cafe Saket Premium,,BILL-OUT003-260130-0043,43,Delivery/Takeaway,,2026-01-30 18:45:00,2026-01-30 19:24:00,Shake,Mixed Berry Shake - Medium,MENU0072,Beverage,Menu Item,350.0,1.0,350.0,6.62,Bill Discount,Synthetic promotion,343.38,17.17,0,0,0,0,360.55,,,,,
Delhi,ABNAH Cafe Saket Premium,,BILL-OUT003-260130-0044,44,Delivery/Takeaway,,2026-01-30 09:56:00,2026-01-30 10:18:00,Wraps,Spicy Paneer Wrap,MENU0077,Food,Menu Item,275.0,1.0,275.0,15.31,Bill Discount,Synthetic promotion,259.69,12.98,0,0,0,0,272.67,,,,,
Delhi,ABNAH Cafe Saket Premium,,BILL-OUT003-260130-0045,45,Delivery/Takeaway,,2026-01-30 15:46:00,2026-01-30 16:28:00,Wraps,Shredded Chicken Wrap,MENU0078,Food,Menu Item,295.0,1.0,295.0,7.08,Bill Discount,Synthetic promotion,287.92,14.4,0,0,0,0,302.32,,,,,
Delhi,ABNAH Cafe Saket Premium,,BILL-OUT003-260130-0046,46,Delivery/Takeaway,,2026-01-30 18:29:00,2026-01-30 19:04:00,Toasts,Chilli Cheese Garlic Toast,MENU0083,Food,Menu Item,235.25,2.0,470.5,0.0,,,470.51,23.53,0,0,0,0,494.04,,,,,
Delhi,ABNAH Cafe Saket Premium,,BILL-OUT003-260130-0047,47,Dine In,T12,2026-01-30 10:43:00,2026-01-30 11:13:00,Breakfast,Breakfast Pancakes,MENU0086,Food,Menu Item,285.0,1.0,285.0,5.98,Bill Discount,Synthetic promotion,279.02,13.95,0,0,0,0,292.97,,,,,
Delhi,ABNAH Cafe Saket Premium,,BILL-OUT003-260130-0048,48,Dine In,T01,2026-01-30 15:18:00,2026-01-30 15:39:00,Breakfast,Cream Cheese Bagel,MENU0087,Food,Menu Item,250.0,1.0,250.0,9.8,Bill Discount,Synthetic promotion,240.2,12.01,0,0,0,0,252.21,,,,,
Delhi,ABNAH Cafe Saket Premium,,BILL-OUT003-260130-0049,49,Delivery/Takeaway,,2026-01-30 13:05:00,2026-01-30 13:39:00,Breakfast,Masala Egg Bun,MENU0089,Food,Menu Item,225.0,1.0,225.0,6.7,Bill Discount,Synthetic promotion,218.3,10.91,0,0,0,0,229.21,,,,,
Delhi,ABNAH Cafe Saket Premium,,BILL-OUT003-260130-0050,50,Delivery/Takeaway,,2026-01-30 10:43:00,2026-01-30 10:56:00,Snacks,Turnover with Brioche Dough Chicken,MENU0092,Food,Menu Item,258.99,1.0,258.99,0.0,,,258.99,12.95,0,0,0,0,271.94,,,,,
Delhi,ABNAH Cafe Saket Premium,,BILL-OUT003-260130-0051,51,Delivery/Takeaway,,2026-01-30 15:22:00,2026-01-30 16:11:00,Baked Goods,Butter Croissant,MENU0094,Food,Menu Item,195.0,1.0,195.0,5.41,Bill Discount,Synthetic promotion,189.59,9.48,0,0,0,0,199.07,,,,,
Delhi,ABNAH Cafe Saket Premium,,BILL-OUT003-260130-0052,52,Delivery/Takeaway,,2026-01-30 14:35:00,2026-01-30 15:05:00,Baked Goods,Chocolate Croissant,MENU0096,Food,Menu Item,235.0,1.0,235.0,0.29,Bill Discount,Synthetic promotion,234.71,11.74,0,0,0,0,246.45,,,,,
Delhi,ABNAH Cafe Saket Premium,,BILL-OUT003-260130-0053,53,Delivery/Takeaway,,2026-01-30 08:05:00,2026-01-30 08:49:00,Baked Goods,Sriracha Chicken Croissant,MENU0098,Food,Menu Item,277.89,1.0,277.89,0.0,,,277.89,13.89,0,0,0,0,291.78,,,,,
Delhi,ABNAH Cafe Saket Premium,,BILL-OUT003-260130-0054,54,Delivery/Takeaway,,2026-01-30 11:02:00,2026-01-30 11:36:00,Baked Goods,Cinnamon Roll with Cream Cheese,MENU0099,Dessert,Menu Item,220.0,2.0,440.0,17.1,Bill Discount,Synthetic promotion,422.9,21.14,0,0,0,0,444.04,,,,,
Delhi,ABNAH Cafe Saket Premium,,BILL-OUT003-260130-0055,55,Delivery/Takeaway,,2026-01-30 09:32:00,2026-01-30 10:13:00,Baked Goods,Lemon Raspberry Tea Cake,MENU0101,Dessert,Menu Item,215.0,3.0,645.0,3.7,Bill Discount,Synthetic promotion,641.3,32.06,0,0,0,0,673.36,,,,,
Delhi,ABNAH Cafe Saket Premium,,BILL-OUT003-260130-0056,56,Delivery/Takeaway,,2026-01-30 15:18:00,2026-01-30 15:54:00,Desserts,Double Chocolate Truffle Cake,MENU0102,Dessert,Menu Item,295.0,1.0,295.0,6.35,Bill Discount,Synthetic promotion,288.65,14.43,0,0,0,0,303.08,,,,,
Delhi,ABNAH Cafe Saket Premium,,BILL-OUT003-260130-0057,57,Delivery/Takeaway,,2026-01-30 08:27:00,2026-01-30 08:45:00,Desserts,Banoffee Pie,MENU0103,Dessert,Menu Item,285.0,1.0,285.0,14.16,Bill Discount,Synthetic promotion,270.84,13.54,0,0,0,0,284.38,,,,,
Delhi,ABNAH Cafe Saket Premium,,BILL-OUT003-260130-0058,58,Dine In,T21,2026-01-30 15:02:00,2026-01-30 15:28:00,Desserts,Classic Chocolate Fudge Brownie,MENU0104,Dessert,Menu Item,195.0,1.0,195.0,11.25,Bill Discount,Synthetic promotion,183.75,9.19,0,0,0,0,192.94,,,,,
Delhi,ABNAH Cafe Saket Premium,,BILL-OUT003-260130-0059,59,Delivery/Takeaway,,2026-01-30 11:46:00,2026-01-30 12:03:00,Desserts,Apple Pie,MENU0108,Dessert,Menu Item,274.13,1.0,274.13,0.0,,,274.13,13.71,0,0,0,0,287.84,,,,,
Delhi,ABNAH Cafe Saket Premium,,BILL-OUT003-260130-0060,60,Delivery/Takeaway,,2026-01-30 11:16:00,2026-01-30 12:02:00,Baked Goods,Multigrain Walnut Tea Cake,MENU0110,Dessert,Menu Item,225.0,2.0,450.0,11.73,Bill Discount,Synthetic promotion,438.27,21.91,0,0,0,0,460.18,,,,,
Delhi,ABNAH Cafe Saket Premium,,BILL-OUT003-260131-0001,1,Dine In,T05,2026-01-31 19:11:00,2026-01-31 19:41:00,Coffee Classics,Americano - Regular,MENU0003,Beverage,Menu Item,185.0,2.0,370.0,6.49,Bill Discount,Synthetic promotion,363.51,18.18,0,0,0,0,381.69,,,,,
Delhi,ABNAH Cafe Saket Premium,,BILL-OUT003-260131-0002,2,Delivery/Takeaway,,2026-01-31 12:46:00,2026-01-31 13:33:00,Coffee Classics,Americano - Medium,MENU0004,Beverage,Menu Item,210.0,3.0,630.0,0.34,Bill Discount,Synthetic promotion,629.66,31.48,0,0,0,0,661.14,,,,,
Delhi,ABNAH Cafe Saket Premium,,BILL-OUT003-260131-0003,3,Dine In,T01,2026-01-31 17:58:00,2026-01-31 18:47:00,Coffee Classics,Americano - Large,MENU0005,Beverage,Menu Item,238.62,4.0,954.48,0.0,,,954.48,47.72,0,0,0,0,1002.2,,,,,
Delhi,ABNAH Cafe Saket Premium,,BILL-OUT003-260131-0004,4,Delivery/Takeaway,,2026-01-31 11:50:00,2026-01-31 12:33:00,Coffee Classics,Latte - Regular,MENU0006,Beverage,Menu Item,225.0,1.0,225.0,6.37,Bill Discount,Synthetic promotion,218.63,10.93,0,0,0,0,229.56,,,,,
Delhi,ABNAH Cafe Saket Premium,,BILL-OUT003-260131-0005,5,Delivery/Takeaway,,2026-01-31 13:13:00,2026-01-31 13:54:00,Coffee Classics,Latte - Medium,MENU0007,Beverage,Menu Item,250.0,6.0,1500.0,38.69,Bill Discount,Synthetic promotion,1461.31,73.07,0,0,0,0,1534.38,,,,,
Delhi,ABNAH Cafe Saket Premium,,BILL-OUT003-260131-0006,6,Dine In,T09,2026-01-31 12:20:00,2026-01-31 12:58:00,Coffee Classics,Latte - Large,MENU0008,Beverage,Menu Item,275.0,1.0,275.0,0.25,Bill Discount,Synthetic promotion,274.75,13.74,0,0,0,0,288.49,,,,,
Delhi,ABNAH Cafe Saket Premium,,BILL-OUT003-260131-0007,7,Dine In,T02,2026-01-31 10:34:00,2026-01-31 11:16:00,Coffee Classics,Cappuccino - Large,MENU0011,Beverage,Menu Item,275.79,2.0,551.58,0.0,,,551.58,27.58,0,0,0,0,579.16,,,,,
Delhi,ABNAH Cafe Saket Premium,,BILL-OUT003-260131-0008,8,Dine In,T07,2026-01-31 10:53:00,2026-01-31 11:37:00,Coffee Classics,Flat White - Regular,MENU0012,Beverage,Menu Item,239.31,2.0,478.62,0.0,,,478.62,23.93,0,0,0,0,502.55,,,,,
Delhi,ABNAH Cafe Saket Premium,,BILL-OUT003-260131-0009,9,Delivery/Takeaway,,2026-01-31 16:16:00,2026-01-31 16:42:00,Coffee Classics,Flat White - Medium,MENU0013,Beverage,Menu Item,265.17,2.0,530.34,0.0,,,530.34,26.52,0,0,0,0,556.86,,,,,
Delhi,ABNAH Cafe Saket Premium,,BILL-OUT003-260131-0010,10,Dine In,T12,2026-01-31 12:36:00,2026-01-31 12:49:00,Coffee Classics,Mocha - Regular,MENU0015,Beverage,Menu Item,245.0,3.0,735.0,10.84,Bill Discount,Synthetic promotion,724.16,36.21,0,0,0,0,760.37,,,,,
Delhi,ABNAH Cafe Saket Premium,,BILL-OUT003-260131-0011,11,Delivery/Takeaway,,2026-01-31 13:06:00,2026-01-31 13:55:00,Coffee Classics,Mocha - Medium,MENU0016,Beverage,Menu Item,270.0,3.0,810.0,43.39,Bill Discount,Synthetic promotion,766.61,38.33,0,0,0,0,804.94,,,,,
Delhi,ABNAH Cafe Saket Premium,,BILL-OUT003-260131-0012,12,Dine In,T01,2026-01-31 19:01:00,2026-01-31 19:35:00,Signature Coffee,Sea Salt Mocha - Regular,MENU0018,Beverage,Menu Item,278.8,1.0,278.8,0.0,,,278.8,13.94,0,0,0,0,292.74,,,,,
Delhi,ABNAH Cafe Saket Premium,,BILL-OUT003-260131-0013,13,Delivery/Takeaway,,2026-01-31 17:02:00,2026-01-31 17:17:00,Signature Coffee,Sea Salt Mocha - Medium,MENU0019,Beverage,Menu Item,305.0,1.0,305.0,9.93,Bill Discount,Synthetic promotion,295.07,14.75,0,0,0,0,309.82,,,,,
Delhi,ABNAH Cafe Saket Premium,,BILL-OUT003-260131-0014,14,Delivery/Takeaway,,2026-01-31 13:56:00,2026-01-31 14:22:00,Signature Coffee,Sea Salt Mocha - Large,MENU0020,Beverage,Menu Item,335.0,1.0,335.0,6.49,Bill Discount,Synthetic promotion,328.51,16.43,0,0,0,0,344.94,,,,,
Delhi,ABNAH Cafe Saket Premium,,BILL-OUT003-260131-0015,15,Delivery/Takeaway,,2026-01-31 12:40:00,2026-01-31 13:20:00,Signature Coffee,Orange Zest Mocha - Regular,MENU0021,Beverage,Menu Item,270.0,1.0,270.0,5.13,Bill Discount,Synthetic promotion,264.87,13.24,0,0,0,0,278.11,,,,,
Delhi,ABNAH Cafe Saket Premium,,BILL-OUT003-260131-0016,16,Dine In,T06,2026-01-31 10:36:00,2026-01-31 10:56:00,Signature Coffee,Orange Zest Mocha - Large,MENU0023,Beverage,Menu Item,330.0,2.0,660.0,10.25,Bill Discount,Synthetic promotion,649.75,32.49,0,0,0,0,682.24,,,,,
Delhi,ABNAH Cafe Saket Premium,,BILL-OUT003-260131-0017,17,Delivery/Takeaway,,2026-01-31 15:58:00,2026-01-31 16:43:00,Signature Coffee,Caramel Macchiato - Regular,MENU0024,Beverage,Menu Item,265.0,2.0,530.0,29.06,Bill Discount,Synthetic promotion,500.94,25.05,0,0,0,0,525.99,,,,,
Delhi,ABNAH Cafe Saket Premium,,BILL-OUT003-260131-0018,18,Delivery/Takeaway,,2026-01-31 12:21:00,2026-01-31 13:08:00,Signature Coffee,Caramel Macchiato - Medium,MENU0025,Beverage,Menu Item,296.9,2.0,593.8,0.0,,,593.81,29.69,0,0,0,0,623.5,,,,,
Delhi,ABNAH Cafe Saket Premium,,BILL-OUT003-260131-0019,19,Dine In,T02,2026-01-31 18:53:00,2026-01-31 19:13:00,Signature Coffee,French Vanilla Latte - Regular,MENU0027,Beverage,Menu Item,269.2,1.0,269.2,0.0,,,269.2,13.46,0,0,0,0,282.66,,,,,
Delhi,ABNAH Cafe Saket Premium,,BILL-OUT003-260131-0020,20,Dine In,T02,2026-01-31 11:56:00,2026-01-31 12:27:00,Signature Coffee,French Vanilla Latte - Medium,MENU0028,Beverage,Menu Item,295.0,1.0,295.0,13.78,Bill Discount,Synthetic promotion,281.22,14.06,0,0,0,0,295.28,,,,,
Delhi,ABNAH Cafe Saket Premium,,BILL-OUT003-260131-0021,21,Delivery/Takeaway,,2026-01-31 19:13:00,2026-01-31 19:22:00,Signature Coffee,French Vanilla Latte - Large,MENU0029,Beverage,Menu Item,329.12,1.0,329.12,0.0,,,329.12,16.46,0,0,0,0,345.58,,,,,
Delhi,ABNAH Cafe Saket Premium,,BILL-OUT003-260131-0022,22,Delivery/Takeaway,,2026-01-31 15:53:00,2026-01-31 16:01:00,Signature Coffee,Vegan Iced Latte - Regular,MENU0030,Beverage,Menu Item,286.93,5.0,1434.65,0.0,,,1434.66,71.73,0,0,0,0,1506.39,,,,,
Delhi,ABNAH Cafe Saket Premium,,BILL-OUT003-260131-0023,23,Delivery/Takeaway,,2026-01-31 16:40:00,2026-01-31 16:55:00,Cold Brew,Classic Cold Brew - Regular,MENU0033,Beverage,Menu Item,228.91,1.0,228.91,0.0,,,228.91,11.45,0,0,0,0,240.36,,,,,
Delhi,ABNAH Cafe Saket Premium,,BILL-OUT003-260131-0024,24,Delivery/Takeaway,,2026-01-31 13:38:00,2026-01-31 13:54:00,Cold Brew,Classic Cold Brew - Medium,MENU0034,Beverage,Menu Item,250.0,1.0,250.0,1.68,Bill Discount,Synthetic promotion,248.32,12.42,0,0,0,0,260.74,,,,,
Delhi,ABNAH Cafe Saket Premium,,BILL-OUT003-260131-0025,25,Delivery/Takeaway,,2026-01-31 15:41:00,2026-01-31 16:02:00,Cold Brew,Classic Cold Brew - Large,MENU0035,Beverage,Menu Item,278.0,1.0,278.0,0.0,,,278.0,13.9,0,0,0,0,291.9,,,,,
Delhi,ABNAH Cafe Saket Premium,,BILL-OUT003-260131-0026,26,Delivery/Takeaway,,2026-01-31 11:25:00,2026-01-31 11:55:00,Cold Brew,Coffee Lemonade - Regular,MENU0036,Beverage,Menu Item,237.04,1.0,237.04,0.0,,,237.04,11.85,0,0,0,0,248.89,,,,,
Delhi,ABNAH Cafe Saket Premium,,BILL-OUT003-260131-0027,27,Delivery/Takeaway,,2026-01-31 17:06:00,2026-01-31 17:44:00,Cold Brew,Vietnamese Shakerato - Medium,MENU0040,Beverage,Menu Item,280.0,2.0,560.0,17.98,Bill Discount,Synthetic promotion,542.02,27.1,0,0,0,0,569.12,,,,,
Delhi,ABNAH Cafe Saket Premium,,BILL-OUT003-260131-0028,28,Delivery/Takeaway,,2026-01-31 13:11:00,2026-01-31 13:37:00,Cold Coffee,Classic Cold Coffee - Medium,MENU0043,Beverage,Menu Item,290.0,2.0,580.0,20.95,Bill Discount,Synthetic promotion,559.05,27.95,0,0,0,0,587.0,,,,,
Delhi,ABNAH Cafe Saket Premium,,BILL-OUT003-260131-0029,29,Dine In,T19,2026-01-31 11:03:00,2026-01-31 11:15:00,Cold Coffee,Classic Cold Coffee - Large,MENU0044,Beverage,Menu Item,328.39,1.0,328.39,0.0,,,328.39,16.42,0,0,0,0,344.81,,,,,
Delhi,ABNAH Cafe Saket Premium,,BILL-OUT003-260131-0030,30,Dine In,T14,2026-01-31 19:57:00,2026-01-31 20:14:00,Cold Coffee,Mocha Cold Coffee - Medium,MENU0046,Beverage,Menu Item,320.0,1.0,320.0,13.24,Bill Discount,Synthetic promotion,306.76,15.34,0,0,0,0,322.1,,,,,
Delhi,ABNAH Cafe Saket Premium,,BILL-OUT003-260131-0031,31,Delivery/Takeaway,,2026-01-31 19:39:00,2026-01-31 20:00:00,Cold Coffee,Mocha Cold Coffee - Large,MENU0047,Beverage,Menu Item,355.0,1.0,355.0,20.03,Bill Discount,Synthetic promotion,334.97,16.75,0,0,0,0,351.72,,,,,
Delhi,ABNAH Cafe Saket Premium,,BILL-OUT003-260131-0032,32,Dine In,T08,2026-01-31 13:04:00,2026-01-31 13:40:00,Cold Coffee,Caramel Cold Coffee - Regular,MENU0048,Beverage,Menu Item,288.86,1.0,288.86,0.0,,,288.86,14.44,0,0,0,0,303.3,,,,,
Delhi,ABNAH Cafe Saket Premium,,BILL-OUT003-260131-0033,33,Delivery/Takeaway,,2026-01-31 18:05:00,2026-01-31 18:45:00,Cold Coffee,Caramel Cold Coffee - Medium,MENU0049,Beverage,Menu Item,320.0,2.0,640.0,32.48,Bill Discount,Synthetic promotion,607.52,30.38,0,0,0,0,637.9,,,,,
Delhi,ABNAH Cafe Saket Premium,,BILL-OUT003-260131-0034,34,Delivery/Takeaway,,2026-01-31 09:53:00,2026-01-31 10:27:00,Tea,Masala Chai Latte - Regular,MENU0051,Beverage,Menu Item,195.0,1.0,195.0,4.58,Bill Discount,Synthetic promotion,190.42,9.52,0,0,0,0,199.94,,,,,
Delhi,ABNAH Cafe Saket Premium,,BILL-OUT003-260131-0035,35,Delivery/Takeaway,,2026-01-31 14:11:00,2026-01-31 14:44:00,Tea,Masala Chai Latte - Medium,MENU0052,Beverage,Menu Item,220.0,2.0,440.0,19.58,Bill Discount,Synthetic promotion,420.42,21.02,0,0,0,0,441.44,,,,,
Delhi,ABNAH Cafe Saket Premium,,BILL-OUT003-260131-0036,36,Delivery/Takeaway,,2026-01-31 18:10:00,2026-01-31 18:54:00,Tea,Japanese Matcha Latte - Medium,MENU0056,Beverage,Menu Item,295.0,1.0,295.0,5.09,Bill Discount,Synthetic promotion,289.91,14.5,0,0,0,0,304.41,,,,,
Delhi,ABNAH Cafe Saket Premium,,BILL-OUT003-260131-0037,37,Delivery/Takeaway,,2026-01-31 18:05:00,2026-01-31 18:32:00,Tea,Japanese Matcha Latte - Large,MENU0057,Beverage,Menu Item,329.03,1.0,329.03,0.0,,,329.03,16.45,0,0,0,0,345.48,,,,,
Delhi,ABNAH Cafe Saket Premium,,BILL-OUT003-260131-0038,38,Delivery/Takeaway,,2026-01-31 08:03:00,2026-01-31 08:31:00,Iced Tea,Lemon Iced Tea - Regular,MENU0058,Beverage,Menu Item,205.7,1.0,205.7,0.0,,,205.7,10.29,0,0,0,0,215.99,,,,,
Delhi,ABNAH Cafe Saket Premium,,BILL-OUT003-260131-0039,39,Dine In,T12,2026-01-31 17:23:00,2026-01-31 17:55:00,Iced Tea,Lemon Iced Tea - Medium,MENU0059,Beverage,Menu Item,230.0,1.0,230.0,8.83,Bill Discount,Synthetic promotion,221.17,11.06,0,0,0,0,232.23,,,,,
Delhi,ABNAH Cafe Saket Premium,,BILL-OUT003-260131-0040,40,Delivery/Takeaway,,2026-01-31 16:37:00,2026-01-31 17:23:00,Iced Tea,Lemon Iced Tea - Large,MENU0060,Beverage,Menu Item,256.41,1.0,256.41,0.0,,,256.41,12.82,0,0,0,0,269.23,,,,,
Delhi,ABNAH Cafe Saket Premium,,BILL-OUT003-260131-0041,41,Delivery/Takeaway,,2026-01-31 12:55:00,2026-01-31 13:41:00,Kids Beverage,Babyccino - Regular,MENU0067,Beverage,Menu Item,168.06,1.0,168.06,0.0,,,168.06,8.4,0,0,0,0,176.46,,,,,
Delhi,ABNAH Cafe Saket Premium,,BILL-OUT003-260131-0042,42,Delivery/Takeaway,,2026-01-31 19:10:00,2026-01-31 19:18:00,Shake,Mixed Berry Shake - Regular,MENU0071,Beverage,Menu Item,315.0,1.0,315.0,1.86,Bill Discount,Synthetic promotion,313.14,15.66,0,0,0,0,328.8,,,,,
Delhi,ABNAH Cafe Saket Premium,,BILL-OUT003-260131-0043,43,Delivery/Takeaway,,2026-01-31 14:02:00,2026-01-31 14:45:00,Shake,Mixed Berry Shake - Medium,MENU0072,Beverage,Menu Item,356.2,1.0,356.2,0.0,,,356.2,17.81,0,0,0,0,374.01,,,,,
Delhi,ABNAH Cafe Saket Premium,,BILL-OUT003-260131-0044,44,Dine In,T16,2026-01-31 09:06:00,2026-01-31 09:55:00,Shake,Mixed Berry Shake - Large,MENU0073,Beverage,Menu Item,385.0,1.0,385.0,12.19,Bill Discount,Synthetic promotion,372.81,18.64,0,0,0,0,391.45,,,,,
Delhi,ABNAH Cafe Saket Premium,,BILL-OUT003-260131-0045,45,Delivery/Takeaway,,2026-01-31 18:03:00,2026-01-31 18:11:00,Smoothie,Seasonal Smoothie - Large,MENU0076,Beverage,Menu Item,375.26,1.0,375.26,0.0,,,375.26,18.76,0,0,0,0,394.02,,,,,
Delhi,ABNAH Cafe Saket Premium,,BILL-OUT003-260131-0046,46,Dine In,T12,2026-01-31 17:00:00,2026-01-31 17:19:00,Wraps,Spicy Paneer Wrap,MENU0077,Food,Menu Item,278.74,1.0,278.74,0.0,,,278.74,13.94,0,0,0,0,292.68,,,,,
Delhi,ABNAH Cafe Saket Premium,,BILL-OUT003-260131-0047,47,Dine In,T04,2026-01-31 19:46:00,2026-01-31 20:04:00,Sandwiches,Pesto Veg Sandwich,MENU0080,Food,Menu Item,280.0,1.0,280.0,11.54,Bill Discount,Synthetic promotion,268.46,13.42,0,0,0,0,281.88,,,,,
Delhi,ABNAH Cafe Saket Premium,,BILL-OUT003-260131-0048,48,Dine In,T02,2026-01-31 10:29:00,2026-01-31 10:49:00,Sandwiches,Pepper Chicken Sandwich,MENU0081,Food,Menu Item,316.78,1.0,316.78,0.0,,,316.78,15.84,0,0,0,0,332.62,,,,,
Delhi,ABNAH Cafe Saket Premium,,BILL-OUT003-260131-0049,49,Delivery/Takeaway,,2026-01-31 15:39:00,2026-01-31 16:16:00,Sandwiches,Tandoori Chicken Sandwich,MENU0082,Food,Menu Item,323.01,2.0,646.02,0.0,,,646.03,32.3,0,0,0,0,678.33,,,,,
Delhi,ABNAH Cafe Saket Premium,,BILL-OUT003-260131-0050,50,Delivery/Takeaway,,2026-01-31 12:50:00,2026-01-31 13:19:00,Breakfast,Breakfast Pancakes,MENU0086,Food,Menu Item,285.0,1.0,285.0,6.15,Bill Discount,Synthetic promotion,278.85,13.94,0,0,0,0,292.79,,,,,
Delhi,ABNAH Cafe Saket Premium,,BILL-OUT003-260131-0051,51,Dine In,T16,2026-01-31 17:14:00,2026-01-31 17:31:00,Breakfast,Scallion Pepper Cream Cheese Bagel,MENU0088,Food,Menu Item,265.44,1.0,265.44,0.0,,,265.44,13.27,0,0,0,0,278.71,,,,,
Delhi,ABNAH Cafe Saket Premium,,BILL-OUT003-260131-0052,52,Dine In,T17,2026-01-31 10:26:00,2026-01-31 11:04:00,Breakfast,Masala Egg Bun,MENU0089,Food,Menu Item,225.0,1.0,225.0,10.39,Bill Discount,Synthetic promotion,214.61,10.73,0,0,0,0,225.34,,,,,
Delhi,ABNAH Cafe Saket Premium,,BILL-OUT003-260131-0053,53,Delivery/Takeaway,,2026-01-31 08:17:00,2026-01-31 08:36:00,Snacks,Turnover with Brioche Dough Chicken,MENU0092,Food,Menu Item,255.0,2.0,510.0,1.36,Bill Discount,Synthetic promotion,508.64,25.43,0,0,0,0,534.07,,,,,
Delhi,ABNAH Cafe Saket Premium,,BILL-OUT003-260131-0054,54,Dine In,T15,2026-01-31 09:43:00,2026-01-31 10:04:00,Snacks,Turnover with Brioche Dough Veg,MENU0093,Food,Menu Item,235.0,1.0,235.0,1.9,Bill Discount,Synthetic promotion,233.1,11.65,0,0,0,0,244.75,,,,,
Delhi,ABNAH Cafe Saket Premium,,BILL-OUT003-260131-0055,55,Delivery/Takeaway,,2026-01-31 18:10:00,2026-01-31 18:52:00,Baked Goods,Sriracha Chicken Croissant,MENU0098,Food,Menu Item,275.0,2.0,550.0,19.96,Bill Discount,Synthetic promotion,530.04,26.5,0,0,0,0,556.54,,,,,
Delhi,ABNAH Cafe Saket Premium,,BILL-OUT003-260131-0056,56,Delivery/Takeaway,,2026-01-31 12:51:00,2026-01-31 13:35:00,Baked Goods,Banana Walnut Tea Cake,MENU0100,Dessert,Menu Item,205.0,1.0,205.0,5.68,Bill Discount,Synthetic promotion,199.32,9.97,0,0,0,0,209.29,,,,,
Delhi,ABNAH Cafe Saket Premium,,BILL-OUT003-260131-0057,57,Delivery/Takeaway,,2026-01-31 12:40:00,2026-01-31 12:50:00,Baked Goods,Lemon Raspberry Tea Cake,MENU0101,Dessert,Menu Item,215.0,3.0,645.0,28.51,Bill Discount,Synthetic promotion,616.49,30.82,0,0,0,0,647.31,,,,,
Delhi,ABNAH Cafe Saket Premium,,BILL-OUT003-260131-0058,58,Dine In,T02,2026-01-31 17:30:00,2026-01-31 17:50:00,Desserts,Double Chocolate Truffle Cake,MENU0102,Dessert,Menu Item,295.0,2.0,590.0,27.73,Bill Discount,Synthetic promotion,562.27,28.11,0,0,0,0,590.38,,,,,
Delhi,ABNAH Cafe Saket Premium,,BILL-OUT003-260131-0059,59,Delivery/Takeaway,,2026-01-31 11:36:00,2026-01-31 12:20:00,Desserts,Classic Chocolate Fudge Brownie,MENU0104,Dessert,Menu Item,195.0,1.0,195.0,10.73,Bill Discount,Synthetic promotion,184.27,9.21,0,0,0,0,193.48,,,,,
Delhi,ABNAH Cafe Saket Premium,,BILL-OUT003-260131-0060,60,Dine In,T08,2026-01-31 09:17:00,2026-01-31 10:01:00,Desserts,Soft-Centred Caramel Cookie,MENU0105,Dessert,Menu Item,180.0,1.0,180.0,9.67,Bill Discount,Synthetic promotion,170.33,8.52,0,0,0,0,178.85,,,,,
Delhi,ABNAH Cafe Saket Premium,,BILL-OUT003-260131-0061,61,Delivery/Takeaway,,2026-01-31 16:48:00,2026-01-31 17:32:00,Desserts,Death by Chocolate Cookie,MENU0106,Dessert,Menu Item,190.0,1.0,190.0,4.73,Bill Discount,Synthetic promotion,185.27,9.26,0,0,0,0,194.53,,,,,
Delhi,ABNAH Cafe Saket Premium,,BILL-OUT003-260131-0062,62,Dine In,T23,2026-01-31 15:38:00,2026-01-31 15:55:00,Desserts,Jaggery Parmesan Cookie,MENU0107,Dessert,Menu Item,171.29,3.0,513.87,0.0,,,513.87,25.69,0,0,0,0,539.56,,,,,
Delhi,ABNAH Cafe Saket Premium,,BILL-OUT003-260131-0063,63,Dine In,T03,2026-01-31 08:00:00,2026-01-31 08:25:00,Desserts,Basque Cheesecake,MENU0109,Dessert,Menu Item,310.0,2.0,620.0,18.87,Bill Discount,Synthetic promotion,601.13,30.06,0,0,0,0,631.19,,,,,
Delhi,ABNAH Cafe Saket Premium,,BILL-OUT003-260131-0064,64,Delivery/Takeaway,,2026-01-31 19:35:00,2026-01-31 20:24:00,Baked Goods,Multigrain Walnut Tea Cake,MENU0110,Dessert,Menu Item,225.0,1.0,225.0,9.76,Bill Discount,Synthetic promotion,215.24,10.76,0,0,0,0,226.0,,,,,
